pair_style lj/cut 4.0
pair_modify shift yes

read_restart prod.restart1
Reading restart file ...
  restart file = 23 Jun 2022, LAMMPS = 23 Jun 2022
  restoring atom style bond from restart
  orthogonal box = (-30 -30 -35) to (30 30 35)
  1 by 1 by 1 MPI processor grid
  restoring pair style lj/cut from restart
  restoring bond style fene from restart
  16250 atoms
  15600 bonds
Finding 1-2 1-3 1-4 neighbors ...
  special bond factors lj:    0        1        1       
  special bond factors coul:  0        1        1       
     2 = max # of 1-2 neighbors
     6 = max # of special neighbors
  special bonds CPU = 0.002 seconds
  read_restart CPU = 0.033 seconds
bond_style fene
special_bonds fene

bond_coeff 1 10.0 2.0 1.0 1.0
group polymer type 1
16250 atoms in group polymer

pair_coeff	1 1 0.5 1.0 2.5
pair_coeff 	1 2 50.0 1.0 4.0
pair_coeff	2 2 1.0 1.0 1.1225


neighbor       0.5 bin

region upper_box block -30 30 -30 30 32.2 34.8
create_atoms 2 random 50 998273 upper_box
Created 50 atoms
  using lattice units in orthogonal box = (-30 -30 -35) to (30 30 35)
  create_atoms CPU = 0.000 seconds


group ligand type 2
50 atoms in group ligand

fix 1 polymer wall/lj126 zlo -32 1.0 1.0 1.1225 zhi 32 1.0 1.0 1.1225
fix 2 ligand wall/lj126 zlo 32 1.0 1.0 1.1225 zhi 35 1.0 1.0 1.1225

#minimize 1.0e-4 1.0e-6 100 1000

fix 3 all nve/limit 0.01
run 10000
Generated 0 of 1 mixed pair_coeff terms from geometric mixing rule
Neighbor list info ...
  update every 1 steps, delay 10 steps, check yes
  max neighbors/atom: 2000, page size: 100000
  master list distance cutoff = 4.5
  ghost atom cutoff = 4.5
  binsize = 2.25, bins = 27 27 32
  1 neighbor lists, perpetual/occasional/extra = 1 0 0
  (1) pair lj/cut, perpetual
      attributes: half, newton on
      pair build: half/bin/newton
      stencil: half/bin/3d
      bin: standard
Per MPI rank memory allocation (min/avg/max) = 13.17 | 13.17 | 13.17 Mbytes
   Step          Temp          E_pair         E_mol          TotEng         Press     
    100000   0.99432842     3.3629956      7.432486       12.286883      2.8742009    
    110000   0.23978784    -2.393008       6.4503666      4.4170183      0.00063375859
Loop time of 216.176 on 1 procs for 10000 steps with 16300 atoms

Performance: 19983.721 tau/day, 46.259 timesteps/s
56.7% CPU use with 1 MPI tasks x 1 OpenMP threads

MPI task timing breakdown:
Section |  min time  |  avg time  |  max time  |%varavg| %total
---------------------------------------------------------------
Pair    | 167.15     | 167.15     | 167.15     |   0.0 | 77.32
Bond    | 6.9085     | 6.9085     | 6.9085     |   0.0 |  3.20
Neigh   | 35.305     | 35.305     | 35.305     |   0.0 | 16.33
Comm    | 0.82292    | 0.82292    | 0.82292    |   0.0 |  0.38
Output  | 0.00010375 | 0.00010375 | 0.00010375 |   0.0 |  0.00
Modify  | 4.7562     | 4.7562     | 4.7562     |   0.0 |  2.20
Other   |            | 1.234      |            |       |  0.57

Nlocal:          16300 ave       16300 max       16300 min
Histogram: 1 0 0 0 0 0 0 0 0 0
Nghost:           3084 ave        3084 max        3084 min
Histogram: 1 0 0 0 0 0 0 0 0 0
Neighs:         742617 ave      742617 max      742617 min
Histogram: 1 0 0 0 0 0 0 0 0 0

Total # of neighbors = 742617
Ave neighs/atom = 45.559325
Ave special neighs/atom = 1.9141104
Neighbor list builds = 384
Dangerous builds = 0
unfix 3

fix 3 all nve
fix		4 all langevin 1 1 100.0 90428

thermo_style	custom step temp pe ke ebond
thermo_modify flush yes
thermo          10000

timestep	0.005

dump 1 all custom 50000 file_trajectory.bin id type x y z xu yu zu vx vy vz

restart 100000  prod.restart2 prod.restart3

run 20000000
Generated 0 of 1 mixed pair_coeff terms from geometric mixing rule
Per MPI rank memory allocation (min/avg/max) = 13.48 | 13.48 | 13.48 Mbytes
   Step          Temp          PotEng         KinEng         E_bond    
    110000   0.23978784     4.0573586      0.3596597      6.4503666         120000   0.4786536      4.6414201      0.71793636     6.5768893         130000   0.64286691     5.0299101      0.9642412      6.6694344         140000   0.75858437     5.3033924      1.1378067      6.7343242         150000   0.82303249     5.4949677      1.234473       6.7962286         160000   0.8813013      5.6079299      1.3218709      6.8251362         170000   0.92480144     5.6947198      1.3871171      6.8460391         180000   0.94516561     5.7443603      1.4176614      6.846699          190000   0.95265183     5.8022081      1.4288901      6.8671129         200000   0.98060998     5.8400216      1.4708247      6.8850027         210000   0.98408269     5.8627404      1.4760335      6.8947788         220000   0.98033914     5.8993413      1.4704185      6.8987905         230000   0.97798144     5.9207489      1.4668822      6.9022461         240000   0.99808161     5.9364386      1.4970306      6.8985935         250000   1.0102576      5.9440432      1.5152935      6.9066166         260000   1.0077139      5.946818       1.5114782      6.9003239         270000   0.99437681     5.9418539      1.4914737      6.9003913         280000   0.99169074     5.9576515      1.4874449      6.9092927         290000   0.99198307     5.9528273      1.4878833      6.894708          300000   0.99562101     5.9576324      1.4933399      6.9107795         310000   0.98924891     5.9549916      1.4837823      6.9076032         320000   0.99669266     5.9538279      1.4949473      6.8976223         330000   0.99981939     5.9623141      1.4996371      6.9012819         340000   1.0070759      5.9595198      1.5105211      6.9051863         350000   0.9942901      5.9611118      1.4913437      6.9118969         360000   0.98730356     5.9736972      1.4808645      6.9081965         370000   0.99975365     5.9729152      1.4995385      6.9019408         380000   0.99802218     5.9701896      1.4969414      6.9029949         390000   1.0058555      5.9829033      1.5086907      6.9119359         400000   1.0011098      5.975568       1.5015725      6.9021256         410000   1.0019539      5.9719994      1.5028386      6.9016096         420000   1.0128563      5.9554495      1.5191912      6.9005554         430000   1.0026704      5.9617061      1.5039134      6.9057419         440000   1.000864       5.9720409      1.5012039      6.9067906         450000   0.99948094     5.9803193      1.4991294      6.9050543         460000   1.003382       5.9529506      1.5049806      6.9048628         470000   0.99660361     5.9554341      1.4948137      6.9094179         480000   0.99192741     5.956236       1.4877998      6.9057519         490000   0.99404917     5.9429937      1.4909823      6.9084573         500000   0.98781777     5.9618799      1.4816358      6.9065356         510000   1.0004499      5.9621802      1.5005828      6.8974946         520000   0.9835779      5.9683752      1.4752763      6.9121007         530000   0.99629796     5.9549651      1.4943553      6.8962877         540000   0.99402374     5.9497257      1.4909441      6.8956013         550000   0.9931215      5.9644987      1.4895909      6.905346          560000   0.99152652     5.9663303      1.4871985      6.9055948         570000   0.99781752     5.9792366      1.4966345      6.9107925         580000   0.99971843     5.9626138      1.4994856      6.9093895         590000   1.0028729      5.9591053      1.504217       6.9079228         600000   0.99845906     5.9594038      1.4975967      6.9015551         610000   1.0026376      5.9645687      1.5038642      6.9039495         620000   0.99695864     5.9633633      1.4953462      6.9091796         630000   0.9978672      5.9581708      1.496709       6.9051975         640000   0.98955804     5.9649616      1.484246       6.9052027         650000   0.99577263     5.9713753      1.4935673      6.9041976         660000   0.98972648     5.9712943      1.4844986      6.9044646         670000   0.98977989     5.9564211      1.4845788      6.8970476         680000   0.99428691     5.9623256      1.4913389      6.9071707         690000   1.0043621      5.9512592      1.5064508      6.896643          700000   1.0056483      5.9709769      1.5083799      6.9142284         710000   1.0026175      5.9869797      1.5038339      6.919093          720000   1.0006348      5.9806451      1.5008601      6.9009037         730000   0.99190776     5.970834       1.4877704      6.9185699         740000   1.0063676      5.953429       1.5094588      6.9038513         750000   1.0068228      5.9429936      1.5101416      6.9027494         760000   1.0053962      5.9579557      1.5080018      6.910725          770000   1.0028597      5.9611503      1.5041972      6.8962046         780000   1.0040748      5.9675659      1.5060199      6.9150523         790000   0.99993405     5.9735357      1.4998091      6.9164293         800000   0.99722254     5.9703042      1.495742       6.909976          810000   1.0015303      5.9696648      1.5022033      6.9117776         820000   1.0018271      5.968739       1.5026484      6.906412          830000   0.99934043     5.9719881      1.4989187      6.905894          840000   1.0046501      5.9646744      1.5068827      6.9069578         850000   1.0063392      5.9615123      1.5094162      6.9090657         860000   0.99391625     5.9827752      1.4907829      6.901912          870000   0.99682068     5.9801891      1.4951393      6.9088772         880000   0.99644172     5.9629352      1.4945709      6.9108123         890000   1.0007547      5.9715413      1.50104        6.9045497         900000   0.99870207     5.9751343      1.4979612      6.9094804         910000   1.0124054      5.955916       1.5185149      6.8954368         920000   1.0073957      5.9722974      1.5110009      6.9021769         930000   0.99545753     5.9794083      1.4930947      6.9122019         940000   0.9993635      5.9644803      1.4989533      6.9124873         950000   1.0055004      5.9567083      1.5081581      6.8937443         960000   1.0012595      5.9668971      1.5017971      6.9136576         970000   0.99959357     5.9722924      1.4992984      6.904232          980000   1.0095468      5.9524209      1.5142273      6.9091923         990000   1.0080654      5.9651432      1.5120054      6.9116657        1000000   1.014816       5.9667262      1.5221306      6.9060775        1010000   1.0049124      5.9703974      1.5072762      6.917928         1020000   1.0061601      5.9777561      1.5091476      6.9050861        1030000   0.99127879     5.9728876      1.486827       6.9049685        1040000   1.00515        5.9555632      1.5076324      6.9022744        1050000   1.0007245      5.9643437      1.5009947      6.8981673        1060000   0.99716164     5.9760849      1.4956507      6.9083577        1070000   0.99500421     5.9639692      1.4924147      6.908018         1080000   0.99136229     5.9809314      1.4869522      6.9170991        1090000   0.99165996     5.9757209      1.4873987      6.908784         1100000   0.9939998      5.9771594      1.4909082      6.9076891        1110000   0.98972196     5.9654638      1.4844919      6.8983489        1120000   1.0111167      5.9558994      1.5165821      6.8980991        1130000   1.0029327      5.973482       1.5043068      6.8975657        1140000   1.0154859      5.9430061      1.5231353      6.9111725        1150000   0.99483017     5.9669881      1.4921537      6.9105813        1160000   1.0010844      5.9697483      1.5015345      6.9049102        1170000   0.99176731     5.9736847      1.4875597      6.9074804        1180000   0.99766819     5.9523879      1.4964105      6.90385          1190000   0.98745366     5.972073       1.4810896      6.9049909        1200000   1.0012778      5.9571327      1.5018245      6.9033008        1210000   1.0055855      5.9712925      1.5082857      6.9042899        1220000   1.0022661      5.9713509      1.5033068      6.9053028        1230000   1.008063       5.971049       1.5120017      6.8968581        1240000   1.0016204      5.9649806      1.5023385      6.8947748        1250000   1.007976       5.961795       1.5118713      6.9004161        1260000   1.0021718      5.9625952      1.5031655      6.9003624        1270000   1.0044485      5.9634665      1.5065803      6.9024354        1280000   0.99696668     5.9668559      1.4953583      6.8998939        1290000   0.99400042     5.9617602      1.4909092      6.9006147        1300000   0.98432447     5.9600599      1.4763961      6.9054317        1310000   0.9969111      5.9557905      1.4952749      6.9009793        1320000   0.99910931     5.9694278      1.498572       6.903318         1330000   1.008285       5.9593636      1.5123347      6.9047696        1340000   0.99376355     5.9775409      1.4905539      6.8945093        1350000   0.99904828     5.9637893      1.4984805      6.9057595        1360000   0.99316879     5.9583175      1.4896618      6.9013431        1370000   1.0032946      5.9419591      1.5048495      6.8938774        1380000   0.99263087     5.9643834      1.488855       6.9026283        1390000   1.0089599      5.9470933      1.513347       6.8909864        1400000   0.99815331     5.9682168      1.4971381      6.9117617        1410000   0.99985751     5.9744199      1.4996943      6.9136317        1420000   0.99728815     5.9700021      1.4958405      6.905134         1430000   1.009401       5.9613792      1.5140086      6.9060081        1440000   0.99581833     5.9693463      1.4936359      6.908672         1450000   0.99345399     5.9748734      1.4900896      6.9066851        1460000   0.99294443     5.9695362      1.4893253      6.9186501        1470000   0.99482337     5.9572368      1.4921435      6.9047638        1480000   0.99313279     5.9711753      1.4896078      6.8963911        1490000   1.000154       5.9627349      1.5001389      6.9042447        1500000   0.99244935     5.9498185      1.4885827      6.8979639        1510000   0.98759678     5.9760462      1.4813043      6.9061247        1520000   1.0011501      5.9667515      1.5016331      6.9082385        1530000   1.0031164      5.9587642      1.5045823      6.9081774        1540000   0.99973727     5.9651539      1.4995139      6.9044936        1550000   1.00017        5.9751041      1.500163       6.9032942        1560000   0.99444503     5.9833137      1.491576       6.8964993        1570000   1.0067337      5.9679879      1.510008       6.9064159        1580000   1.004553       5.9596369      1.5067371      6.9017108        1590000   1.0027087      5.9777846      1.5039707      6.9098501        1600000   0.99291656     5.9827809      1.4892835      6.8979172        1610000   0.99684162     5.9759761      1.4951707      6.9020262        1620000   0.9893386      5.9725262      1.4839169      6.9104296        1630000   1.0057984      5.9699664      1.508605       6.9064866        1640000   1.0095358      5.9738268      1.5142108      6.9119642        1650000   1.0034784      5.9785088      1.5051253      6.9044082        1660000   1.0064585      5.9615421      1.5095952      6.9093098        1670000   1.0074701      5.9696902      1.5111124      6.9124727        1680000   1.001711       5.9862902      1.5024743      6.9226087        1690000   0.99845488     5.9993239      1.4975904      6.9103732        1700000   0.99658832     6.0010289      1.4947908      6.9071157        1710000   1.0147273      5.9677125      1.5219976      6.9027286        1720000   0.99685494     5.9762536      1.4951907      6.9161895        1730000   0.98843748     5.9778002      1.4825653      6.8832595        1740000   0.99735931     5.9597074      1.4959472      6.8998852        1750000   1.0094603      5.9679189      1.5140975      6.9032226        1760000   1.0001447      5.970833       1.5001251      6.9014847        1770000   0.99470047     5.972074       1.4919592      6.9061259        1780000   1.0040765      5.9635184      1.5060224      6.9090593        1790000   1.0029114      5.9741098      1.5042748      6.9188208        1800000   0.99146552     5.9573412      1.487107       6.9086846        1810000   1.004941       5.9437009      1.5073191      6.8967956        1820000   0.99605629     5.9587166      1.4939928      6.9097593        1830000   0.9965987      5.972173       1.4948063      6.9076398        1840000   1.0009555      5.9523156      1.5013411      6.9131873        1850000   0.99471371     5.9454246      1.491979       6.8947631        1860000   0.99761922     5.9569143      1.496337       6.8896523        1870000   1.0059283      5.950784       1.5087999      6.898594         1880000   1.0027003      5.9592242      1.5039582      6.9040403        1890000   1.0076476      5.9596456      1.5113786      6.9019146        1900000   1.0085392      5.9597441      1.512716       6.9003351        1910000   1.0025195      5.965387       1.5036869      6.9041307        1920000   0.99713929     5.9607474      1.4956172      6.9079728        1930000   1.0082173      5.9503386      1.5122331      6.8966985        1940000   1.0029488      5.9560055      1.5043309      6.9042035        1950000   1.008352       5.9671495      1.5124352      6.9032864        1960000   1.0073565      5.9596882      1.5109421      6.9056526        1970000   1.001898       5.9778086      1.5027547      6.9052283        1980000   1.0073292      5.965027       1.5109011      6.8952545        1990000   1.0008856      5.9618873      1.5012363      6.8989726        2000000   1.0020946      5.9544029      1.5030497      6.9039843        2010000   0.99263117     5.9787482      1.4888554      6.9004375        2020000   0.98987178     5.973439       1.4847166      6.9162878        2030000   1.0073696      5.9589451      1.5109618      6.9036321        2040000   1.0075136      5.9707298      1.5111777      6.9072734        2050000   0.99851177     5.987225       1.4976758      6.9066007        2060000   0.9986931      5.9867017      1.4979478      6.9044357        2070000   1.0028905      5.9636577      1.5042435      6.8930469        2080000   0.99374065     5.9881738      1.4905195      6.9063301        2090000   0.99592773     5.9675348      1.4937999      6.9036914        2100000   0.99858418     5.9578408      1.4977844      6.9021891        2110000   0.99390745     5.9487287      1.4907697      6.8978044        2120000   1.003667       5.9483574      1.5054081      6.8960712        2130000   1.0094389      5.9616272      1.5140655      6.89753          2140000   0.99183155     5.9664622      1.4876561      6.9094471        2150000   1.0039487      5.973254       1.5058306      6.9084474        2160000   0.99543752     5.9725996      1.4930647      6.9086988        2170000   1.0075252      5.9604654      1.5111951      6.9055777        2180000   1.0037169      5.9592334      1.505483       6.9031148        2190000   0.99260667     5.9730794      1.4888187      6.8991467        2200000   1.0011398      5.9403548      1.5016176      6.9059387        2210000   0.9966188      5.9531338      1.4948365      6.8971506        2220000   1.0033828      5.952092       1.5049819      6.9033707        2230000   1.0013779      5.9569405      1.5019746      6.9076657        2240000   1.0041224      5.9482318      1.5060912      6.8992861        2250000   0.99331732     5.9757798      1.4898846      6.9128248        2260000   1.0069336      5.9521469      1.5103077      6.9025343        2270000   0.99550917     5.9620432      1.4931721      6.9041069        2280000   0.99813196     5.9463449      1.4971061      6.8983062        2290000   0.99668956     5.9457093      1.4949426      6.9043989        2300000   0.99283572     5.9675671      1.4891622      6.9048928        2310000   0.99477889     5.9704412      1.4920768      6.904805         2320000   0.99966827     5.9545126      1.4994104      6.9005011        2330000   0.99709655     5.9726789      1.4955531      6.9045732        2340000   0.99670137     5.9917468      1.4949603      6.9061464        2350000   1.0024833      5.9641053      1.5036327      6.9026844        2360000   1.0055648      5.9693946      1.5082546      6.9080036        2370000   1.0185975      5.9766568      1.5278025      6.9047693        2380000   1.0150269      5.9628883      1.522447       6.9037735        2390000   1.0030837      5.9655544      1.5045333      6.9080893        2400000   0.99329798     5.9554443      1.4898556      6.8953049        2410000   0.99247242     5.9459182      1.4886173      6.9071979        2420000   0.99106983     5.9542694      1.4865135      6.9025865        2430000   1.0051113      5.9429853      1.5075744      6.8943596        2440000   0.99997727     5.9558694      1.4998739      6.903048         2450000   0.99851082     5.9691606      1.4976743      6.9046757        2460000   1.0018504      5.959103       1.5026835      6.9076693        2470000   1.0087532      5.9584085      1.513037       6.905706         2480000   1.0153847      5.9498922      1.5229837      6.9126275        2490000   1.0050537      5.9788333      1.507488       6.9077323        2500000   1.0005058      5.9709384      1.5006666      6.9073295        2510000   1.0058915      5.9496984      1.5087447      6.9040924        2520000   1.0001004      5.9527936      1.5000586      6.8993541        2530000   0.99406013     5.9528345      1.4909987      6.9036989        2540000   0.98553799     5.9560291      1.4782163      6.9182414        2550000   0.99641183     5.9536193      1.4945261      6.9042462        2560000   0.99644693     5.960008       1.4945787      6.9123022        2570000   0.99246167     5.9543963      1.4886012      6.9109763        2580000   1.0054082      5.9356473      1.5080198      6.9056078        2590000   1.0069742      5.9242641      1.5103686      6.889209         2600000   1.0042661      5.9439754      1.5063067      6.9123199        2610000   1.0013367      5.9418089      1.501913       6.9018485        2620000   1.0018281      5.9305619      1.5026499      6.8957179        2630000   1.0050527      5.9154065      1.5074866      6.8953066        2640000   0.99391474     5.9515132      1.4907806      6.9037694        2650000   0.99386074     5.9615195      1.4906996      6.8937547        2660000   0.98883552     5.9664923      1.4831623      6.9054257        2670000   0.99466051     5.9639298      1.4918992      6.9037132        2680000   1.0059329      5.959191       1.5088067      6.9059109        2690000   1.0059793      5.9625872      1.5088763      6.9049824        2700000   0.99707624     5.9604995      1.4955226      6.9040355        2710000   1.0016034      5.9514956      1.5023129      6.907233         2720000   1.0018004      5.9507966      1.5026083      6.9014421        2730000   1.0092014      5.9592919      1.5137092      6.9124651        2740000   0.99883246     5.9633008      1.4981568      6.9133542    
   2750000   1.0033801      5.9506428      1.5049779      6.9029316        2760000   1.0040912      5.9572452      1.5060444      6.9008234    
   2770000   0.99384131     5.9611916      1.4906705      6.8860533    
   2780000   0.99932118     5.9351612      1.4988898      6.9003771    
   2790000   1.0015267      5.942359       1.5021979      6.9026289    
   2800000   0.99921194     5.9671562      1.498726       6.9157383    
   2810000   1.0111013      5.9567         1.5165589      6.894917     
   2820000   1.0051482      5.9633299      1.5076298      6.9071803    
   2830000   0.99603244     5.9952754      1.493957       6.9216648        2840000   1.0102795      5.961737       1.5153262      6.9002876        2850000   0.99731414     5.9795621      1.4958794      6.9032349        2860000   1.0002806      5.9508229      1.5003289      6.8965251        2870000   0.99312373     5.9773468      1.4895942      6.9036356        2880000   1.0004157      5.9689424      1.5005316      6.9079005        2890000   0.99868824     5.9516101      1.4979405      6.894739         2900000   0.9919416      5.9575713      1.4878211      6.9025345        2910000   1.0074614      5.9607487      1.5110993      6.9057069        2920000   1.002438       5.9729738      1.5035648      6.905501         2930000   1.0106153      5.9643366      1.51583        6.9107324        2940000   1.0063183      5.9767643      1.5093848      6.9034991        2950000   0.99529252     5.9741356      1.4928472      6.9028954        2960000   1.0115394      5.9729472      1.5172161      6.9063489    
   2970000   1.0019114      5.9867457      1.5027749      6.9071197    
   2980000   1.0137132      5.9726604      1.5204765      6.9084718        2990000   1.0019206      5.9703585      1.5027887      6.8942431        3000000   1.0001884      5.9648739      1.5001905      6.913197         3010000   1.0059261      5.9628782      1.5087966      6.9081985        3020000   0.99625259     5.9617203      1.4942872      6.9003044        3030000   0.99862718     5.9407378      1.4978489      6.8991149        3040000   0.997499       5.9437079      1.4961567      6.9012516        3050000   0.99156542     5.9576658      1.4872569      6.9001964        3060000   1.0010235      5.9422667      1.5014431      6.9012072        3070000   0.9950695      5.9558313      1.4925127      6.9117674        3080000   0.99989826     5.9548706      1.4997554      6.9175862        3090000   0.99989254     5.9470837      1.4997468      6.8987751        3100000   0.99406602     5.9353502      1.4910075      6.8995188        3110000   0.98832932     5.9492322      1.482403       6.9045292    
   3120000   0.98934698     5.9556364      1.4839294      6.9032163        3130000   0.98803461     5.9449524      1.481961       6.9077306        3140000   0.9953698      5.9398092      1.4929631      6.8997509        3150000   0.9905948      5.9406226      1.485801       6.8986857        3160000   0.98301329     5.9396984      1.4744295      6.9044716        3170000   0.99722329     5.9362059      1.4957432      6.8978436    
   3180000   0.99437776     5.943977       1.4914751      6.8975417    
   3190000   1.0004286      5.9523631      1.5005508      6.9026569        3200000   0.99911709     5.9463397      1.4985837      6.8901779    
   3210000   0.99144527     5.9641554      1.4870767      6.9123475        3220000   0.99385915     5.9704381      1.4906973      6.9082066    
   3230000   1.0026385      5.9681807      1.5038654      6.9103708    
   3240000   1.0090147      5.9607159      1.5134292      6.9007005    
   3250000   1.001618       5.9645231      1.5023349      6.9048951    
   3260000   1.0044515      5.9535591      1.5065848      6.8974797    
   3270000   1.000838       5.9375009      1.5011648      6.9071088    
   3280000   1.0036562      5.9476274      1.5053919      6.9035175    
   3290000   1.000036       5.9678624      1.499962       6.9108066    
   3300000   1.0120528      5.9448857      1.5179861      6.9050879    
   3310000   0.99862423     5.9875389      1.4978444      6.9139875    
   3320000   1.0044688      5.9848162      1.5066108      6.9147135    
   3330000   0.99907054     5.9694552      1.4985139      6.9067487    
   3340000   0.98935947     5.9633516      1.4839482      6.8984696    
   3350000   0.99661285     5.9699949      1.4948276      6.9135316    
   3360000   1.0047044      5.9687441      1.5069642      6.9082398    
   3370000   1.0037417      5.9526258      1.5055202      6.9096299    
   3380000   0.99549258     5.9603819      1.4931473      6.90333      
   3390000   1.0015559      5.9617389      1.5022417      6.9090896    
   3400000   0.9955599      5.9445231      1.4932482      6.9005339    
   3410000   0.99879328     5.9353605      1.498098       6.9022448    
   3420000   1.0038226      5.9227213      1.5056415      6.8942593    
   3430000   1.0026668      5.9489287      1.5039079      6.9088182    
   3440000   0.98366115     5.9657509      1.4754012      6.89782      
   3450000   0.98894105     5.954239       1.4833206      6.9016981    
   3460000   0.99505707     5.9459567      1.492494       6.9018393    
   3470000   1.0023341      5.9526389      1.5034089      6.8963147    
   3480000   0.98925184     5.9683346      1.4837867      6.9029848    
   3490000   0.99502077     5.9428923      1.4924396      6.9027828    
   3500000   0.98889658     5.9608423      1.4832539      6.9030275    
   3510000   1.0071112      5.9424794      1.5105741      6.9054804    
   3520000   0.99902097     5.9707099      1.4984395      6.9107526    
   3530000   0.99680759     5.9477993      1.4951197      6.9047344    
   3540000   0.99571155     5.9563118      1.4934757      6.9096644    
   3550000   1.0040562      5.9434483      1.5059918      6.8950681    
   3560000   0.98903499     5.9655869      1.4834615      6.9107462    
   3570000   0.9992842      5.9542634      1.4988343      6.9121965    
   3580000   0.9993144      5.9509952      1.4988796      6.896799     
   3590000   0.99905054     5.9315744      1.4984839      6.9019971    
   3600000   0.99682037     5.9365377      1.4951388      6.8961783    
   3610000   0.99322271     5.9586718      1.4897427      6.9159906    
   3620000   1.0043139      5.9448359      1.5063784      6.9047838    
   3630000   1.0039269      5.9600993      1.5057979      6.9086472    
   3640000   0.99288515     5.9854961      1.4892364      6.9092443    
   3650000   1.0080029      5.9486646      1.5119115      6.9075439    
   3660000   0.9994569      5.9673515      1.4990934      6.9034679        3670000   1.0072764      5.9632718      1.5108219      6.9098814        3680000   1.0055927      5.9597164      1.5082965      6.9052582    
   3690000   1.0089856      5.9524023      1.5133855      6.9116683    
   3700000   0.99972972     5.9411966      1.4995026      6.903615     
   3710000   0.99682101     5.949138       1.4951398      6.8996185        3720000   1.003117       5.9424469      1.5045832      6.9080925        3730000   1.0032634      5.9456789      1.5048028      6.9036172        3740000   0.99412021     5.9534122      1.4910888      6.9072214    
   3750000   1.0009951      5.9397522      1.5014006      6.8943612    
   3760000   1.0026444      5.9578853      1.5038743      6.9214734    
   3770000   1.0013569      5.9634155      1.5019432      6.9050008    
   3780000   0.99917938     5.976707       1.4986771      6.9141942    
   3790000   0.99882507     5.9434233      1.4981457      6.8982585    
   3800000   1.002679       5.9531224      1.5039263      6.9005878    
   3810000   0.99998559     5.9367694      1.4998864      6.8967895    
   3820000   1.0050604      5.944306       1.5074981      6.9004786    
   3830000   0.99852212     5.946921       1.4976913      6.8994099    
   3840000   1.0017733      5.9323251      1.5025678      6.9051419    
   3850000   1.0001882      5.9413798      1.5001903      6.9011791    
   3860000   1.0072302      5.9277938      1.5107526      6.8920666    
   3870000   0.99082672     5.9512673      1.4861489      6.8986061    
   3880000   1.0025979      5.9303212      1.5038046      6.888268     
   3890000   0.99290024     5.9574579      1.489259       6.9007955    
   3900000   1.0098269      5.9459672      1.5146474      6.8967095    
   3910000   1.0045912      5.957757       1.5067944      6.9044969    
   3920000   1.0028462      5.9555812      1.504177       6.9005326    
   3930000   1.0049179      5.965707       1.5072843      6.9052037    
   3940000   0.99476143     5.9705411      1.4920506      6.9087425    
   3950000   1.0036791      5.9669023      1.5054263      6.9050786    
   3960000   1.0037475      5.9737981      1.5055288      6.9039162    
   3970000   1.0010762      5.9806921      1.5015222      6.9117711    
   3980000   1.005251       5.9899476      1.507784       6.9148093    
   3990000   1.0071909      5.988164       1.5106937      6.9101163    
   4000000   1.0054565      5.977646       1.5080923      6.9025609    
   4010000   0.99824417     5.9867628      1.4972744      6.9023831    
   4020000   1.0000026      5.9938927      1.4999119      6.9194408    
   4030000   0.99264622     5.9677476      1.488878       6.8984674    
   4040000   0.99378788     5.9669585      1.4905904      6.9096106    
   4050000   1.0005993      5.9506423      1.5008069      6.8985733    
   4060000   1.0013201      5.9762207      1.5018879      6.9048092    
   4070000   1.0137347      5.9707518      1.5205088      6.8999596    
   4080000   0.9918274      5.9872994      1.4876498      6.9149768    
   4090000   0.99436233     5.9770932      1.491452       6.9079523    
   4100000   0.98844682     5.9664458      1.4825793      6.908615     
   4110000   0.99659117     5.9668269      1.494795       6.8947503    
   4120000   1.0051433      5.9633815      1.5076225      6.9029369    
   4130000   1.0054243      5.9612592      1.5080439      6.9043467    
   4140000   1.0097705      5.9537717      1.5145628      6.899304     
   4150000   0.99112837     5.9654388      1.4866014      6.9083659    
   4160000   1.0034957      5.9653007      1.5051512      6.9138929    
   4170000   1.0045603      5.9730691      1.506748       6.9007052    
   4180000   1.0069016      5.9771293      1.5102598      6.9165233    
   4190000   1.0102573      5.9664219      1.515293       6.9175832    
   4200000   1.0146938      5.9671186      1.5219474      6.9007858    
   4210000   0.99992283     5.9910393      1.4997922      6.9074487    
   4220000   1.0082845      5.9706802      1.512334       6.907989     
   4230000   0.99766535     5.9592931      1.4964062      6.9070554    
   4240000   1.001334       5.9645701      1.5019089      6.9078749    
   4250000   1.0014267      5.9673315      1.5020479      6.8992261    
   4260000   1.0029768      5.9672651      1.5043729      6.9119412    
   4270000   1.0069498      5.9765723      1.5103321      6.9035723    
   4280000   0.99990433     5.9799814      1.4997645      6.9069842    
   4290000   1.0008401      5.9610068      1.5011681      6.9027447    
   4300000   0.98843986     5.9644466      1.4825688      6.9001237    
   4310000   1.0020609      5.9593412      1.5029991      6.9051692    
   4320000   1.0043187      5.9697378      1.5063856      6.9114505    
   4330000   0.99546859     5.9688965      1.4931113      6.9090451    
   4340000   1.0096011      5.9541548      1.5143087      6.9078827    
   4350000   0.99166334     5.9756595      1.4874038      6.9138403    
   4360000   1.0015503      5.9903837      1.5022333      6.9095858    
   4370000   1.0016437      5.9947379      1.5023733      6.9049242    
   4380000   0.99645636     5.9863414      1.4945928      6.9111407    
   4390000   0.99686034     5.9699652      1.4951988      6.9050597    
   4400000   0.99484825     5.9650539      1.4921808      6.907115     
   4410000   1.0037617      5.9408374      1.5055502      6.9034363    
   4420000   0.99468016     5.9383485      1.4919287      6.9007923    
   4430000   0.98615641     5.9320134      1.4791439      6.8991949    
   4440000   0.98279416     5.9435063      1.4741008      6.901752     
   4450000   0.98694637     5.9446723      1.4803287      6.9040811    
   4460000   0.99174073     5.9473196      1.4875198      6.9045314    
   4470000   0.99777335     5.9436534      1.4965682      6.9066416    
   4480000   0.99113845     5.9500938      1.4866165      6.9092828    
   4490000   0.99379536     5.9490168      1.4906016      6.90601      
   4500000   0.99411038     5.9508739      1.4910741      6.9021818    
   4510000   1.0008599      5.9547925      1.5011977      6.8995603    
   4520000   1.0047242      5.9485732      1.5069938      6.8885057    
   4530000   0.99723854     5.9625646      1.495766       6.9108926    
   4540000   0.99663971     5.9604979      1.4948679      6.8988024    
   4550000   0.9917035      5.974972       1.487464       6.9098286    
   4560000   1.0071245      5.9715464      1.5105941      6.9161592    
   4570000   1.0005147      5.980494       1.50068        6.9170083    
   4580000   1.0011328      5.9672868      1.5016071      6.9160639    
   4590000   0.99807877     5.9706308      1.4970263      6.9015109    
   4600000   0.99502946     5.9506306      1.4924526      6.887314     
   4610000   1.0023576      5.9462829      1.5034441      6.909074     
   4620000   0.99326547     5.972346       1.4898068      6.9124208    
   4630000   0.99418404     5.9728548      1.4911846      6.9192866    
   4640000   1.0065495      5.9562353      1.5097317      6.9063838    
   4650000   0.99760497     5.9626758      1.4963157      6.90703      
   4660000   1.0071874      5.9514199      1.5106885      6.9085013    
   4670000   0.99866889     5.9533821      1.4979114      6.8989096    
   4680000   1.0000544      5.9465107      1.4999896      6.9028403    
   4690000   0.99232921     5.9510388      1.4884025      6.9006967    
   4700000   0.99700847     5.939408       1.495421       6.8886287    
   4710000   0.99942834     5.9502706      1.4990505      6.9023791    
   4720000   1.0025188      5.9498033      1.503686       6.9149009    
   4730000   1.0079621      5.9366737      1.5118504      6.9015795    
   4740000   0.99659625     5.9495905      1.4948027      6.8955637    
   4750000   0.9978823      5.9395268      1.4967316      6.896352     
   4760000   0.99904435     5.9417525      1.4984746      6.9028755    
   4770000   0.98908692     5.9517666      1.4835394      6.9119741    
   4780000   1.0052444      5.9291315      1.5077741      6.8995087    
   4790000   1.0020326      5.9404414      1.5029567      6.9023456    
   4800000   0.99649034     5.9542709      1.4946438      6.9150069    
   4810000   0.99158687     5.9510918      1.4872891      6.9043761    
   4820000   0.99479459     5.9459519      1.4921003      6.9039114    
   4830000   0.99461362     5.9432288      1.4918289      6.9038237    
   4840000   0.99666159     5.9373826      1.4949007      6.9019078    
   4850000   0.99244679     5.9471517      1.4885789      6.9003623    
   4860000   1.0068649      5.9460677      1.5102048      6.907373     
   4870000   0.99645691     5.9604192      1.4945937      6.9120698    
   4880000   1.0014686      5.944359       1.5021108      6.9085672    
   4890000   0.99467118     5.968121       1.4919152      6.9063523    
   4900000   1.0105284      5.9515404      1.5156997      6.8938573    
   4910000   1.010788       5.9611048      1.516089       6.9058424    
   4920000   0.99998104     5.9710629      1.4998795      6.9059826    
   4930000   1.0076049      5.9451793      1.5113147      6.8965425    
   4940000   0.99614676     5.9470036      1.4941285      6.9035042    
   4950000   1.0028688      5.9127542      1.504211       6.9041423    
   4960000   0.9923314      5.9395402      1.4884058      6.8956152    
   4970000   0.99837485     5.9140926      1.4974704      6.8899225    
   4980000   0.99087068     5.9473317      1.4862148      6.8948691    
   4990000   0.99799864     5.9249435      1.4969061      6.889771     
   5000000   0.9997989      5.9551691      1.4996063      6.9032854    
   5010000   0.98830245     5.9574662      1.4823627      6.8975356    
   5020000   0.9862107      5.9632699      1.4792253      6.9046781    
   5030000   0.99776432     5.9568812      1.4965547      6.90579      
   5040000   0.99995154     5.9541484      1.4998353      6.9006238    
   5050000   0.99958623     5.9661851      1.4992874      6.9058543    
   5060000   0.9995133      5.9569525      1.499178       6.8966882    
   5070000   0.99992216     5.9466521      1.4997912      6.9046302    
   5080000   0.99281412     5.954415       1.4891298      6.908992     
   5090000   0.98840099     5.9359437      1.4825105      6.8963091    
   5100000   0.99991967     5.9380083      1.4997875      6.910165     
   5110000   1.0014812      5.9441206      1.5021297      6.9003784    
   5120000   1.0033021      5.9513777      1.5048609      6.9006085    
   5130000   0.98695917     5.967033       1.4803479      6.9147861    
   5140000   0.99619919     5.9677572      1.4942071      6.9012561    
   5150000   0.99974314     5.9666613      1.4995227      6.9044469    
   5160000   0.99548115     5.9534413      1.4931301      6.9024644    
   5170000   0.99325131     5.9604734      1.4897856      6.9096972    
   5180000   0.98834054     5.9689227      1.4824199      6.9066104    
   5190000   0.99966703     5.9650877      1.4994086      6.8973397    
   5200000   0.99188994     5.9533614      1.4877436      6.902162     
   5210000   1.0035324      5.9497929      1.5052062      6.9009708    
   5220000   1.0034137      5.9621439      1.5050282      6.9002846    
   5230000   1.0075182      5.953645       1.5111845      6.899505     
   5240000   0.9973974      5.970587       1.4960043      6.9136576    
   5250000   1.0014907      5.9665634      1.5021439      6.9021381    
   5260000   0.99847854     5.9730705      1.4976259      6.9044168    
   5270000   0.99758748     5.9755024      1.4962894      6.9134418    
   5280000   0.99635874     5.9518638      1.4944464      6.9117128    
   5290000   1.0034044      5.9517384      1.5050142      6.8939767    
   5300000   1.0078349      5.9450121      1.5116596      6.8937235    
   5310000   0.99870203     5.9502402      1.4979611      6.9042349    
   5320000   0.99137742     5.9470949      1.4869749      6.8954558    
   5330000   0.99120608     5.9681533      1.4867179      6.9088722    
   5340000   1.0054823      5.9448501      1.508131       6.9010854    
   5350000   1.0110551      5.943116       1.5164897      6.8934792    
   5360000   1.0030166      5.9377016      1.5044326      6.9032752    
   5370000   0.99242493     5.9539158      1.4885461      6.9006824    
   5380000   0.99398423     5.957603       1.4908849      6.9056747    
   5390000   0.99823769     5.9565143      1.4972647      6.9111098    
   5400000   0.9795421      5.9747573      1.469223       6.9092575    
   5410000   1.0000533      5.9513695      1.499988       6.8962421    
   5420000   0.98186268     5.9733851      1.4727037      6.9118067    
   5430000   1.0061781      5.9564915      1.5091745      6.9024411    
   5440000   1.002393       5.9611077      1.5034972      6.9033912    
   5450000   1.0018887      5.9500758      1.5027408      6.9015296    
   5460000   0.9942222      5.9674862      1.4912418      6.9100483    
   5470000   0.99840717     5.9729888      1.4975189      6.9168573    
   5480000   1.0032008      5.954835       1.5047088      6.8993684    
   5490000   1.0012006      5.9580716      1.5017087      6.9111772    
   5500000   0.99296751     5.9529377      1.4893599      6.9033865    
   5510000   0.99722381     5.9427654      1.4957439      6.9067004    
   5520000   1.0013748      5.9505049      1.5019701      6.9084407    
   5530000   0.99636452     5.9657411      1.4944551      6.9149438    
   5540000   0.99345689     5.9737969      1.4900939      6.9114914    
   5550000   0.99915486     5.9625095      1.4986403      6.9112842    
   5560000   1.0021198      5.9672546      1.5030874      6.9151944    
   5570000   1.0008243      5.9839913      1.5011444      6.9071663    
   5580000   1.0024556      5.9632414      1.5035911      6.8959801    
   5590000   0.99846897     5.9587097      1.4976116      6.9035902    
   5600000   1.0022701      5.9691508      1.503313       6.9078346    
   5610000   0.99580883     5.9772753      1.4936216      6.9132394    
   5620000   1.0109306      5.949672       1.5163028      6.8975766    
   5630000   1.0046178      5.9588065      1.5068343      6.9107758    
   5640000   1.0089143      5.9752257      1.5132786      6.9015079    
   5650000   0.99921826     5.9566242      1.4987354      6.9050616    
   5660000   0.99956038     5.9366352      1.4992486      6.9031726    
   5670000   1.0010159      5.9449553      1.5014318      6.9077175    
   5680000   1.002486       5.9362282      1.5036368      6.8991193    
   5690000   1.0025477      5.959348       1.5037294      6.9033837    
   5700000   1.004725       5.9387223      1.5069951      6.9052814    
   5710000   0.98994061     5.951706       1.4848198      6.8981426    
   5720000   0.97917689     5.9451041      1.4686752      6.908113     
   5730000   0.99252739     5.9433983      1.4886998      6.9040042    
   5740000   1.0013991      5.9372295      1.5020064      6.8852256    
   5750000   1.001264       5.9547554      1.5018039      6.9161671    
   5760000   1.0065183      5.9555919      1.5096849      6.9118735    
   5770000   1.0046746      5.9729671      1.5069194      6.9041614    
   5780000   1.0066536      5.9878009      1.5098878      6.9149023    
   5790000   1.0021984      5.9753593      1.5032054      6.9165865    
   5800000   1.0014592      5.9656063      1.5020967      6.9068947    
   5810000   1.0162719      5.9314009      1.5243143      6.9043546    
   5820000   1.0006694      5.9555092      1.500912       6.9062229    
   5830000   1.0059615      5.9509951      1.5088497      6.9055126    
   5840000   0.99811985     5.9555379      1.4970879      6.9105615    
   5850000   0.98977745     5.9532813      1.4845751      6.9052376    
   5860000   1.0017243      5.9497523      1.5024943      6.9178078    
   5870000   1.001884       5.9368233      1.5027338      6.9016801    
   5880000   1.0011307      5.9314522      1.5016039      6.9000956    
   5890000   0.99935666     5.9289528      1.498943       6.9017497    
   5900000   0.99109944     5.9268126      1.486558       6.9010986    
   5910000   0.99062169     5.9352555      1.4858414      6.895985     
   5920000   1.0006761      5.9433586      1.500922       6.9008039    
   5930000   0.98566794     5.9580861      1.4784112      6.9027151    
   5940000   0.99596731     5.9659879      1.4938593      6.9090635    
   5950000   0.9994628      5.9360583      1.4991022      6.8954065    
   5960000   0.99748319     5.9475624      1.496133       6.9029301    
   5970000   1.0006547      5.9436871      1.50089        6.9005182    
   5980000   0.99831542     5.9463859      1.4973813      6.9035688    
   5990000   1.0048876      5.961651       1.507239       6.9055388    
   6000000   1.0063895      5.9593129      1.5094917      6.902301     
   6010000   1.0069304      5.9509062      1.5103029      6.9075274    
   6020000   1.0081363      5.9473489      1.5121117      6.9039764    
   6030000   1.0020594      5.9382712      1.5029968      6.902422     
   6040000   0.99068921     5.9520961      1.4859426      6.9017389    
   6050000   0.99238929     5.9594554      1.4884926      6.9006764    
   6060000   1.0016099      5.9620968      1.5023226      6.9075778    
   6070000   1.0013375      5.9657653      1.5019141      6.9037128    
   6080000   1.0058691      5.9497803      1.5087111      6.91034      
   6090000   1.0056271      5.9595378      1.5083481      6.8979108    
   6100000   0.99457145     5.967605       1.4917656      6.8955195    
   6110000   1.0058261      5.9423251      1.5086466      6.8995542    
   6120000   1.0027522      5.9584538      1.5040361      6.8995937    
   6130000   1.0082109      5.9564705      1.5122235      6.9049645    
   6140000   1.0094715      5.9413943      1.5141143      6.905156     
   6150000   1.0045293      5.9603507      1.5067014      6.9025601    
   6160000   1.0046294      5.960373       1.5068517      6.9092341    
   6170000   0.99683872     5.952469       1.4951663      6.9123071    
   6180000   1.0076568      5.9320602      1.5113924      6.9009702    
   6190000   1.0027212      5.9473214      1.5039895      6.9041846    
   6200000   0.99169881     5.9638037      1.487457       6.9013375    
   6210000   1.0053643      5.9389231      1.5079539      6.906726     
   6220000   0.9968058      5.9487225      1.495117       6.8919178    
   6230000   0.99830174     5.961696       1.4973607      6.900953     
   6240000   1.0076961      5.937706       1.5114514      6.902221     
   6250000   0.98955661     5.971613       1.4842439      6.9078324    
   6260000   1.0073776      5.957701       1.5109738      6.9005521    
   6270000   1.0045199      5.9661235      1.5066875      6.8978114    
   6280000   0.99912787     5.9673157      1.4985999      6.9054588    
   6290000   1.0044612      5.957212       1.5065994      6.9063983    
   6300000   0.99370954     5.9652336      1.4904729      6.9001365    
   6310000   0.99581215     5.9548476      1.4936266      6.9129354    
   6320000   0.99948196     5.9523225      1.499131       6.9057428    
   6330000   1.0000959      5.9441296      1.5000518      6.9049794    
   6340000   1.0013766      5.9495977      1.5019727      6.9093223    
   6350000   1.0082424      5.9529463      1.5122708      6.9010517    
   6360000   0.99812244     5.9555221      1.4970918      6.8985028    
   6370000   1.0021132      5.9638162      1.5030776      6.9131074    
   6380000   1.0105229      5.9654455      1.5156913      6.9081535    
   6390000   1.0082469      5.9652021      1.5122776      6.9167844    
   6400000   1.0048734      5.9636506      1.5072176      6.9062022    
   6410000   0.99794737     5.969575       1.4968292      6.9085077    
   6420000   1.0080419      5.9559179      1.5119701      6.9031995    
   6430000   1.0082909      5.9624145      1.5123435      6.9057994    
   6440000   1.001171       5.9526065      1.5016644      6.9034838    
   6450000   0.99988905     5.9538755      1.4997416      6.9049965    
   6460000   1.0024605      5.9240802      1.5035986      6.897587     
   6470000   0.99774788     5.9322192      1.49653        6.8973765    
   6480000   0.99473799     5.9737353      1.4920154      6.9088025    
   6490000   1.0002106      5.9561174      1.5002238      6.9009935    
   6500000   0.99551962     5.9326717      1.4931878      6.8938754    
   6510000   0.9881206      5.9623816      1.48209        6.9115139    
   6520000   1.0096588      5.9371358      1.5143953      6.895009     
   6530000   1.0010748      5.9523823      1.50152        6.8964605    
   6540000   1.0004207      5.9492012      1.500539       6.9005095    
   6550000   1.0034617      5.9463595      1.5051002      6.8963788    
   6560000   0.99418358     5.9817718      1.4911839      6.9079395    
   6570000   1.006034       5.9681935      1.5089585      6.9075956    
   6580000   1.0102361      5.9579948      1.5152612      6.9021328    
   6590000   0.99339648     5.97462        1.4900033      6.9022331    
   6600000   1.0001029      5.9527558      1.5000623      6.9083834    
   6610000   0.98842715     5.9500436      1.4825498      6.9018139    
   6620000   0.99060923     5.953239       1.4858227      6.8998589    
   6630000   0.99954422     5.9372178      1.4992244      6.908168     
   6640000   0.99271547     5.9431994      1.4889818      6.8989464    
   6650000   0.98869423     5.9439711      1.4829504      6.8958495    
   6660000   0.98718853     5.944154       1.4806919      6.9084631    
   6670000   1.0041193      5.935735       1.5060866      6.8977544    
   6680000   1.0003721      5.95275        1.5004661      6.9028741    
   6690000   0.9896831      5.9545076      1.4844336      6.8965933    
   6700000   0.98887129     5.9529659      1.4832159      6.8969932    
   6710000   0.9902512      5.9604542      1.4852857      6.9005666    
   6720000   0.99593886     5.9563957      1.4938166      6.9080732    
   6730000   1.0033876      5.9516042      1.5049891      6.8998961    
   6740000   1.00694        5.9418186      1.5103174      6.9009091    
   6750000   1.0033328      5.9534312      1.5049068      6.8998145    
   6760000   0.99666328     5.9685038      1.4949032      6.9039584    
   6770000   0.99360217     5.9741514      1.4903118      6.907499     
   6780000   1.0017389      5.9591653      1.5025162      6.900761     
   6790000   1.0014399      5.9484371      1.5020677      6.9023915    
   6800000   1.004396       5.9487856      1.5065016      6.9099936    
   6810000   0.99800373     5.9428246      1.4969138      6.9074137    
   6820000   1.0003801      5.9524386      1.5004781      6.9009597    
   6830000   0.99935083     5.9512749      1.4989343      6.9046038    
   6840000   1.0025694      5.9403887      1.5037618      6.8956068    
   6850000   1.0004311      5.9588912      1.5005546      6.9013468    
   6860000   0.99493751     5.9752637      1.4923147      6.9137963    
   6870000   1.0060747      5.9681067      1.5090195      6.9062747    
   6880000   1.0160059      5.9694162      1.5239154      6.9037753    
   6890000   1.0040133      5.9914186      1.5059276      6.9129409    
   6900000   1.0012196      5.977412       1.5017373      6.8994631    
   6910000   1.0014121      6.0029135      1.502026       6.9074497    
   6920000   1.020234       5.9664839      1.5302572      6.899178     
   6930000   0.99756765     5.9728277      1.4962597      6.9099949    
   6940000   0.99225873     5.9679561      1.4882968      6.8989585    
   6950000   0.99202046     5.9732198      1.4879394      6.9080338    
   6960000   0.99550282     5.9819311      1.4931626      6.8997575    
   6970000   1.0001835      5.9781812      1.5001831      6.9044458    
   6980000   0.99857868     5.9525286      1.4977761      6.8992374    
   6990000   0.99277764     5.9641678      1.4890751      6.9138704    
   7000000   0.9974777      5.9606174      1.4961248      6.8899872    
   7010000   1.0136266      5.9571039      1.5203466      6.9032069    
   7020000   0.9964562      5.9809935      1.4945926      6.9038283    
   7030000   1.0045225      5.947167       1.5066913      6.8933671    
   7040000   0.99324902     5.9807936      1.4897821      6.8995445    
   7050000   0.99387106     5.967987       1.4907151      6.9093686    
   7060000   1.00022        5.9604432      1.5002379      6.8977545    
   7070000   0.99234081     5.9599941      1.4884199      6.900641     
   7080000   1.0018755      5.9579189      1.502721       6.907811     
   7090000   1.0107769      5.9486249      1.5160724      6.9153765    
   7100000   0.99738321     5.9864256      1.495983       6.9110039    
   7110000   1.0068101      5.9606973      1.5101224      6.9076786    
   7120000   0.99418201     5.9661793      1.4911815      6.909141     
   7130000   1.0031598      5.9650478      1.5046473      6.9110231    
   7140000   1.0013608      5.9557883      1.5019491      6.9005897    
   7150000   0.99794957     5.9576219      1.4968325      6.9009131    
   7160000   0.99526582     5.9659181      1.4928071      6.906595     
   7170000   0.98753303     5.943565       1.4812087      6.8917942    
   7180000   0.99424881     5.9379538      1.4912817      6.9119347    
   7190000   0.99245385     5.9469778      1.4885895      6.9013113    
   7200000   1.0050733      5.9466763      1.5075174      6.905633     
   7210000   0.99657272     5.9497333      1.4947674      6.9055156    
   7220000   1.0077804      5.9514008      1.5115779      6.899867     
   7230000   1.0053628      5.9481618      1.5079517      6.8964888    
   7240000   1.0023734      5.9551512      1.5034679      6.9018693    
   7250000   1.0006251      5.9385495      1.5008456      6.9068533    
   7260000   0.98669099     5.9592626      1.4799457      6.9027425    
   7270000   0.99322935     5.9458328      1.4897526      6.9093901    
   7280000   1.000447       5.9404425      1.5005784      6.9009206    
   7290000   0.99582736     5.9353071      1.4936494      6.9056991    
   7300000   0.99137142     5.9532437      1.4869659      6.903864     
   7310000   1.0046461      5.9570848      1.5068767      6.9062986    
   7320000   1.0048525      5.9652954      1.5071862      6.9102818    
   7330000   1.0044291      5.9791336      1.5065512      6.9122763    
   7340000   1.0132015      5.948835       1.519709       6.8918102    
   7350000   1.0021592      5.9614777      1.5031466      6.9111285    
   7360000   0.99900857     5.9441115      1.4984209      6.8979032    
   7370000   1.0040236      5.9279277      1.505943       6.8969743    
   7380000   0.9966038      5.9482538      1.494814       6.9018143    
   7390000   0.99173358     5.9529315      1.4875091      6.8936924    
   7400000   0.99806947     5.964127       1.4970124      6.9054167    
   7410000   0.99637312     5.9738711      1.494468       6.9037021    
   7420000   1.0041198      5.9863252      1.5060873      6.9037457    
   7430000   1.0109505      5.9637291      1.5163327      6.9013657    
   7440000   0.99530177     5.9675436      1.4928611      6.9052557    
   7450000   1.0065461      5.9502274      1.5097266      6.89997      
   7460000   0.993482       5.9583591      1.4901316      6.9069414    
   7470000   1.0037345      5.9688646      1.5055094      6.9136342    
   7480000   0.99422935     5.9534162      1.4912525      6.9197133    
   7490000   0.99962776     5.954816       1.4993496      6.917996     
   7500000   0.99550914     5.9493051      1.4931721      6.9050436    
   7510000   0.99604785     5.9508992      1.4939801      6.9137021    
   7520000   0.99886376     5.9497755      1.4982037      6.9063383    
   7530000   0.99483996     5.9560557      1.4921684      6.9100688    
   7540000   1.0005562      5.9629493      1.5007422      6.9046982    
   7550000   1.0035337      5.9591624      1.5052082      6.9146008    
   7560000   1.009506       5.9647946      1.5141661      6.9053545    
   7570000   1.0125193      5.9640464      1.5186858      6.9042877    
   7580000   1.0051992      5.9769565      1.5077063      6.9111298    
   7590000   1.0034904      5.9741794      1.5051433      6.9091454    
   7600000   1.0028814      5.9691137      1.5042298      6.9025841    
   7610000   1.0041427      5.9826727      1.5061216      6.9064313    
   7620000   1.0028645      5.9743633      1.5042045      6.8987715    
   7630000   0.99594831     5.9811432      1.4938308      6.9189572    
   7640000   1.0015458      5.9504145      1.5022265      6.9037789    
   7650000   1.0069038      5.9445784      1.5102631      6.9017053    
   7660000   1.0122361      5.9499722      1.518261       6.9063437    
   7670000   0.99875403     5.9659036      1.4980391      6.9073502    
   7680000   0.99984453     5.965402       1.4996748      6.9110409    
   7690000   0.99286367     5.9645431      1.4892041      6.9004991    
   7700000   0.99533557     5.9750337      1.4929118      6.9047704    
   7710000   1.0028299      5.9687653      1.5041526      6.9125269    
   7720000   1.0041603      5.9619791      1.506148       6.9122985    
   7730000   1.0099633      5.9491943      1.514852       6.9004928    
   7740000   1.0062433      5.9421149      1.5092724      6.8945129    
   7750000   0.99900693     5.9339422      1.4984185      6.8920396    
   7760000   1.004788       5.9381672      1.5070896      6.9011828    
   7770000   0.99636944     5.9390929      1.4944625      6.9037652    
   7780000   1.0000143      5.9482847      1.4999294      6.9052654    
   7790000   0.99255683     5.9570381      1.4887439      6.9054783    
   7800000   0.99734673     5.9697624      1.4959283      6.9107957    
   7810000   0.99693874     5.9779964      1.4953164      6.911198     
   7820000   1.0003499      5.9609665      1.5004328      6.9047143    
   7830000   1.0008697      5.9769315      1.5012125      6.9096118    
   7840000   1.0036623      5.9820444      1.505401       6.9009912    
   7850000   1.0053412      6.0012222      1.5079193      6.9189473    
   7860000   1.013707       5.9666438      1.5204673      6.8997153    
   7870000   1.0032132      5.9593019      1.5047275      6.9026655    
   7880000   1.0099883      5.9527114      1.5148895      6.9011398    
   7890000   1.0001265      5.9550608      1.5000977      6.9048747    
   7900000   1.0026798      5.9426402      1.5039274      6.8904293    
   7910000   0.99190882     5.9556496      1.487772       6.9056233    
   7920000   0.99298235     5.9492115      1.4893821      6.902588     
   7930000   0.99604283     5.9473476      1.4939726      6.9030731    
   7940000   1.0011896      5.9392459      1.5016923      6.9041917    
   7950000   0.99524928     5.9234016      1.4927823      6.8891825    
   7960000   1.0005524      5.9303505      1.5007366      6.8945718    
   7970000   0.99254464     5.9529301      1.4887256      6.9053416    
   7980000   0.99425286     5.9751134      1.4912878      6.9060265    
   7990000   1.0040123      5.9489111      1.5059261      6.9051162    
   8000000   0.99177381     5.9653556      1.4875694      6.9089708    
   8010000   0.99765022     5.9594146      1.4963835      6.9177321    
   8020000   1.000279       5.9561359      1.5003265      6.9133204    
   8030000   1.0006305      5.9381209      1.5008537      6.9014325    
   8040000   1.0009701      5.9436         1.501363       6.8985949    
   8050000   1.0013784      5.9716751      1.5019755      6.8973107    
   8060000   1.0073967      5.9616679      1.5110023      6.8933215    
   8070000   0.99888859     5.961157       1.498241       6.9050563    
   8080000   0.98291583     5.9807442      1.4742833      6.9089028    
   8090000   1.0061492      5.962432       1.5091313      6.8991581    
   8100000   1.0017285      5.9723762      1.5025006      6.9126082    
   8110000   0.99661298     5.9736521      1.4948278      6.9129817    
   8120000   1.0080374      5.9834055      1.5119633      6.9122316    
   8130000   1.0145129      5.9639232      1.521676       6.8997852    
   8140000   1.000515       5.9800394      1.5006804      6.9076546    
   8150000   1.007658       5.9893813      1.5113942      6.9016754    
   8160000   1.0103094      6.0001072      1.5153712      6.9166025    
   8170000   1.0020278      5.9965434      1.5029495      6.9189332    
   8180000   1.0049577      5.9917759      1.507344       6.9116029    
   8190000   0.99779831     5.9766447      1.4966056      6.9068722    
   8200000   0.99852702     5.9662321      1.4976986      6.9063868    
   8210000   0.99526234     5.971293       1.4928019      6.919531     
   8220000   0.98967038     5.9741853      1.4844145      6.9087609    
   8230000   1.0012518      5.981088       1.5017856      6.9161001    
   8240000   1.008243       5.9783464      1.5122717      6.902671     
   8250000   0.99980343     5.9778512      1.4996131      6.9130332    
   8260000   1.0093566      5.965406       1.5139421      6.9009997    
   8270000   1.0102026      5.9790641      1.5152109      6.9056778    
   8280000   1.0068267      5.9798545      1.5101474      6.912916     
   8290000   1.007723       5.9704593      1.5114918      6.902783     
   8300000   0.99123966     5.9846287      1.4867683      6.912345     
   8310000   0.98620793     5.9881723      1.4792211      6.9070922    
   8320000   0.99417662     5.9658643      1.4911734      6.9062086    
   8330000   1.0023536      5.9626211      1.5034382      6.9092031    
   8340000   1.0044453      5.9641538      1.5065756      6.9148181    
   8350000   0.99735439     5.9599371      1.4959398      6.9075129    
   8360000   1.006268       5.9494791      1.5093093      6.9120163    
   8370000   1.0062323      5.957951       1.5092559      6.891862     
   8380000   1.0100594      5.9549276      1.5149962      6.9021193    
   8390000   1.0035244      5.9648012      1.5051943      6.9029225    
   8400000   1.0084247      5.9719435      1.5125443      6.9108108    
   8410000   1.0022432      5.9778825      1.5032726      6.9174237    
   8420000   1.0105658      5.9583721      1.5157556      6.9077252    
   8430000   1.0009536      5.990688       1.5013382      6.9150936    
   8440000   1.0129451      5.9632652      1.5193245      6.9106281    
   8450000   1.0034955      5.9824503      1.5051508      6.9011317    
   8460000   1.0052558      5.9690157      1.5077912      6.9054938    
   8470000   0.98837352     5.9889752      1.4824693      6.9121603    
   8480000   1.0064459      5.9699386      1.5095762      6.9053421    
   8490000   1.0052229      5.963783       1.5077419      6.911486     
   8500000   1.004818       5.9577691      1.5071346      6.9049089    
   8510000   1.0070881      5.9463997      1.5105395      6.9120797    
   8520000   0.99688675     5.9522405      1.4952384      6.9112727    
   8530000   1.0019262      5.9390334      1.5027971      6.8964825    
   8540000   0.99598892     5.9372966      1.4938917      6.9073768    
   8550000   0.9971113      5.9435502      1.4955752      6.9034093    
   8560000   0.99364293     5.9484321      1.490373       6.908145     
   8570000   1.0045873      5.940933       1.5067885      6.8980877    
   8580000   1.011527       5.9476629      1.5171974      6.9085768    
   8590000   0.98797782     5.9635608      1.4818758      6.9064716    
   8600000   1.0002446      5.9322648      1.5002748      6.905604     
   8610000   0.9826051      5.9593094      1.4738172      6.9047891    
   8620000   0.99289066     5.9590998      1.4892446      6.9103031    
   8630000   1.0057953      5.9525036      1.5086003      6.9077375    
   8640000   0.99702643     5.9525541      1.4954479      6.8938022    
   8650000   0.99868116     5.9577896      1.4979298      6.9071235    
   8660000   1.0049343      5.951697       1.507309       6.9022244    
   8670000   0.99288037     5.9620465      1.4892292      6.9057793    
   8680000   0.993737       5.9443863      1.4905141      6.9080317    
   8690000   1.0028276      5.9355497      1.5041491      6.8922684    
   8700000   1.0055538      5.9355608      1.5082382      6.8985799    
   8710000   0.99364444     5.9720875      1.4903752      6.9047239    
   8720000   0.98563304     5.9730284      1.4783589      6.913225     
   8730000   0.9885369      5.9602858      1.4827144      6.9105274    
   8740000   0.99199242     5.9596526      1.4878973      6.8957539    
   8750000   1.0043305      5.9424084      1.5064033      6.9046926    
   8760000   0.99561151     5.9606395      1.4933256      6.9085889    
   8770000   0.99348783     5.9716933      1.4901403      6.9049226    
   8780000   1.0080991      5.9568334      1.5120558      6.9065184    
   8790000   1.0039751      5.9662392      1.5058702      6.9099447    
   8800000   1.0010085      5.9657377      1.5014207      6.9107476    
   8810000   1.001861       5.971192       1.5026993      6.9064322    
   8820000   1.005891       5.9792666      1.5087439      6.908926     
   8830000   1.0046952      5.9572808      1.5069503      6.9128426    
   8840000   1.0002999      5.9456106      1.5003578      6.9063492    
   8850000   0.99317467     5.9372803      1.4896706      6.8968934    
   8860000   0.99625096     5.9394183      1.4942848      6.9026554    
   8870000   0.99670587     5.955221       1.4949671      6.911703     
   8880000   0.99430066     5.9565777      1.4913595      6.8943743    
   8890000   0.98505838     5.9657574      1.4774969      6.9026416    
   8900000   0.98932172     5.9457219      1.4838915      6.8975598    
   8910000   0.9999835      5.9328418      1.4998832      6.8997835    
   8920000   1.0060838      5.9190172      1.5090331      6.8990163    
   8930000   0.99480857     5.9459382      1.4921213      6.9055887    
   8940000   1.004694       5.9566747      1.5069486      6.9135913    
   8950000   1.0014111      5.9525186      1.5020245      6.9162146    
   8960000   1.009967       5.9512605      1.5148576      6.9036256    
   8970000   1.004765       5.9533259      1.507055       6.9079714    
   8980000   1.0082036      5.9374206      1.5122126      6.9010985    
   8990000   0.9983805      5.955961       1.4974789      6.9069485    
   9000000   1.0086272      5.9458655      1.5128479      6.8974302    
   9010000   1.004889       5.9285383      1.5072411      6.8945206    
   9020000   0.99411013     5.9628705      1.4910737      6.9098511    
   9030000   0.99781958     5.96279        1.4966375      6.9071795    
   9040000   1.0064632      5.9512235      1.5096021      6.9070567    
   9050000   1.0082773      5.9402468      1.5123232      6.8961712    
   9060000   1.0089074      5.9518199      1.5132683      6.9032953    
   9070000   0.99990087     5.9560971      1.4997593      6.9063174    
   9080000   0.99386108     5.9421576      1.4907002      6.9041025    
   9090000   0.99558658     5.9499556      1.4932883      6.9113826    
   9100000   0.99951286     5.9503913      1.4991773      6.9053277    
   9110000   0.99439333     5.9613043      1.4914985      6.9069641    
   9120000   1.0077511      5.9374285      1.511534       6.9061077    
   9130000   1.0070693      5.9554333      1.5105113      6.9025389    
   9140000   1.0040208      5.9450532      1.5059388      6.9048779    
   9150000   1.0014618      5.9433729      1.5021005      6.9031903    
   9160000   1.0051621      5.9410613      1.5076507      6.9049971    
   9170000   0.99377573     5.933594       1.4905721      6.8977417    
   9180000   0.99924865     5.9355569      1.498781       6.9096328    
   9190000   0.99874628     5.9309199      1.4980275      6.8968536    
   9200000   1.0058443      5.9307292      1.5086739      6.8877816    
   9210000   0.99350948     5.9516453      1.4901728      6.8929448    
   9220000   0.99940084     5.9406239      1.4990093      6.9048311    
   9230000   0.99421161     5.9440522      1.4912259      6.9057198    
   9240000   1.0135773      5.9231871      1.5202727      6.8937653    
   9250000   0.99432191     5.9378012      1.4913914      6.9127479    
   9260000   1.0096127      5.9425565      1.5143262      6.8994857    
   9270000   0.99567411     5.944789       1.4934195      6.9016163    
   9280000   1.0112644      5.9306106      1.5168036      6.8936469    
   9290000   0.9896699      5.981856       1.4844138      6.9095059    
   9300000   1.0102649      5.9388856      1.5153043      6.8955786    
   9310000   1.0033225      5.9511922      1.5048914      6.9015322    
   9320000   0.99904458     5.9388164      1.4984749      6.9027826    
   9330000   0.99169139     5.940194       1.4874458      6.911824     
   9340000   0.98757257     5.9367948      1.481268       6.8940274    
   9350000   1.000678       5.9277715      1.5009249      6.8970829    
   9360000   0.98747969     5.9440475      1.4811287      6.898582     
   9370000   0.99951722     5.9518788      1.4991838      6.9048477    
   9380000   1.0014316      5.9461294      1.5020552      6.9032808    
   9390000   0.99558463     5.9501579      1.4932853      6.901074     
   9400000   0.98962729     5.9725472      1.4843499      6.912915     
   9410000   0.98917641     5.9664691      1.4836736      6.9048241    
   9420000   0.99742466     5.952087       1.4960452      6.9059203    
   9430000   0.99651211     5.9448661      1.4946765      6.8905174    
   9440000   0.99335878     5.9638059      1.4899468      6.9109505    
   9450000   0.99578026     5.9663481      1.4935787      6.9085254    
   9460000   1.0018152      5.9647299      1.5026306      6.8978304    
   9470000   1.0022709      5.9697432      1.5033141      6.9050228    
   9480000   0.99530993     5.9688875      1.4928733      6.9015153    
   9490000   0.99800527     5.969054       1.4969161      6.9097326    
   9500000   1.0014433      5.9737376      1.5020729      6.9071992    
   9510000   1.0038971      5.9615936      1.5057532      6.8997333    
   9520000   1.0021326      5.9696279      1.5031067      6.9022924    
   9530000   0.99630737     5.9751894      1.4943694      6.9170336    
   9540000   1.0076044      5.9635745      1.5113139      6.9053532    
   9550000   0.99953082     5.9671021      1.4992042      6.9026216    
   9560000   1.0011335      5.9774943      1.5016081      6.9106998    
   9570000   1.0021703      5.9682238      1.5031632      6.9010044    
   9580000   1.0016714      5.959884       1.5024149      6.8984443    
   9590000   1.0050393      5.9483301      1.5074664      6.8987765    
   9600000   0.99795161     5.9509299      1.4968356      6.9148972    
   9610000   1.0074883      5.9702091      1.5111397      6.9051394    
   9620000   1.0035969      5.9702816      1.505303       6.8974956    
   9630000   1.0053689      5.9661696      1.5079609      6.9019433    
   9640000   1.0014583      5.9808293      1.5020952      6.9134394    
   9650000   1.0042714      5.958772       1.5063146      6.9094582    
   9660000   1.0018844      5.9613061      1.5027344      6.9010528    
   9670000   1.0157934      5.9478659      1.5235966      6.9040638    
   9680000   0.99829906     5.9714648      1.4973567      6.9039229    
   9690000   0.99291519     5.978933       1.4892814      6.9137435    
   9700000   1.0005608      5.9611828      1.5007491      6.8918938    
   9710000   0.99536877     5.9783328      1.4929616      6.9182963    
   9720000   1.0082753      5.958696       1.5123201      6.9029509    
   9730000   0.99696358     5.9695685      1.4953536      6.9094955    
   9740000   1.0050482      5.9522064      1.5074799      6.9060532    
   9750000   0.9994246      5.9592951      1.4990449      6.909401     
   9760000   1.0023456      5.9429048      1.5034262      6.8967651    
   9770000   0.99131718     5.9615289      1.4868846      6.9054244    
   9780000   0.99776132     5.9346701      1.4965502      6.9101896    
   9790000   0.99018131     5.9588949      1.4851808      6.8997164    
   9800000   0.99394902     5.9536616      1.4908321      6.9099331    
   9810000   0.99919232     5.948997       1.4986965      6.9121203    
   9820000   1.0004623      5.9582231      1.5006015      6.9063469    
   9830000   0.99807677     5.9562952      1.4970233      6.9016453    
   9840000   0.9986152      5.9537862      1.4978309      6.9044451    
   9850000   1.0058277      5.9350124      1.508649       6.9042979    
   9860000   0.9983006      5.9503894      1.497359       6.8989925    
   9870000   0.99291124     5.9665701      1.4892755      6.9027617    
   9880000   1.0015851      5.9467823      1.5022855      6.9012232    
   9890000   1.001861       5.9242238      1.5026993      6.8836069    
   9900000   0.99714747     5.9481746      1.4956294      6.8998233    
   9910000   0.99753578     5.9586948      1.4962119      6.9078228    
   9920000   0.99720512     5.9557212      1.4957159      6.9107778    
   9930000   1.0022467      5.9669866      1.5032779      6.9103059    
   9940000   0.9935105      5.9509753      1.4901743      6.9038397    
   9950000   0.99422088     5.9536129      1.4912398      6.9044052    
   9960000   1.0004957      5.9435789      1.5006514      6.8991736    
   9970000   0.9969323      5.9567847      1.4953067      6.906848     
   9980000   1.0040998      5.9514276      1.5060573      6.9125267    
   9990000   1.0089114      5.9559184      1.5132743      6.9041945    
  10000000   1.0039742      5.9748814      1.5058689      6.9070187    
  10010000   1.0049716      5.9897458      1.5073649      6.9185013    
  10020000   1.0038486      5.9690018      1.5056806      6.8932076    
  10030000   1.0007019      5.9595174      1.5009608      6.8902556    
  10040000   0.9972794      5.977009       1.4958273      6.9018021    
  10050000   0.99922293     5.9957985      1.4987424      6.9016998    
  10060000   1.0061237      5.9835352      1.509093       6.9126532    
  10070000   1.0043376      5.9680381      1.5064139      6.903348     
  10080000   1.0031426      5.9663705      1.5046215      6.8986803    
  10090000   0.99380953     5.9860803      1.4906228      6.9148546    
  10100000   1.0041149      5.9801966      1.50608        6.9064351    
  10110000   0.9985095      5.9713755      1.4976724      6.9058651    
  10120000   1.0002398      5.9897793      1.5002677      6.9088601    
  10130000   1.0000261      5.9906815      1.4999471      6.9003951    
  10140000   1.0061605      5.9772057      1.5091482      6.9075938    
  10150000   1.0028667      5.9848769      1.5042077      6.911541     
  10160000   1.0089799      5.9570091      1.5133771      6.9105709    
  10170000   0.99813214     5.9578965      1.4971064      6.8973073    
  10180000   0.99866939     5.9743825      1.4979122      6.9111841    
  10190000   1.0083852      5.9664002      1.512485       6.8980902    
  10200000   0.99915715     5.9812414      1.4986438      6.911932     
  10210000   0.99994049     5.9863433      1.4998187      6.9114032    
  10220000   1.007362       5.9599724      1.5109502      6.9033648    
  10230000   1.0164303      5.9687434      1.5245519      6.9137031    
  10240000   0.99352658     6.0033572      1.4901984      6.9143232    
  10250000   1.0058587      5.9922565      1.5086955      6.9064668    
  10260000   0.99895621     5.9978912      1.4983424      6.915606     
  10270000   1.0076874      6.0077026      1.5114384      6.9090029    
  10280000   1.0193372      5.9918004      1.5289119      6.9092764    
  10290000   1.0031468      5.9967543      1.5046279      6.9163545    
  10300000   1.0077644      5.9852062      1.5115538      6.9065517    
  10310000   1.0100431      5.9558272      1.5149716      6.9085847    
  10320000   1.0049721      5.9591067      1.5073656      6.9015571    
  10330000   0.99769404     5.9637943      1.4964492      6.9098212    
  10340000   0.99598071     5.9815789      1.4938794      6.9172818    
  10350000   1.009185       5.9699475      1.5136846      6.9069924    
  10360000   1.005772       5.9640657      1.5085655      6.9068003    
  10370000   1.000427       5.9621035      1.5005484      6.9022256    
  10380000   0.9973667      5.9864354      1.4959583      6.909192     
  10390000   1.001655       5.9813983      1.5023903      6.9005706    
  10400000   1.0007643      5.9672138      1.5010544      6.9059479    
  10410000   1.0104324      5.9454269      1.5155556      6.9030807    
  10420000   0.9939017      5.9644971      1.4907611      6.9056646    
  10430000   0.99124012     5.9874099      1.486769       6.9078898    
  10440000   1.0075975      5.9670598      1.5113035      6.904381     
  10450000   1.0099839      5.9511869      1.5148829      6.9040226    
  10460000   0.99321576     5.9610382      1.4897322      6.8970117    
  10470000   1.012646       5.9573974      1.5188758      6.9130036    
  10480000   1.0055294      5.9565199      1.5082015      6.903756     
  10490000   0.99817745     5.9769606      1.4971743      6.9199121    
  10500000   0.99564032     5.9799895      1.4933689      6.9032781    
  10510000   0.9946127      5.9854518      1.4918275      6.9094643    
  10520000   0.99468179     5.9847574      1.4919311      6.9053955    
  10530000   0.99844042     5.9686958      1.4975688      6.904795     
  10540000   0.99819193     5.9792257      1.497196       6.9087264    
  10550000   1.0046414      5.9602627      1.5068696      6.900102     
  10560000   0.99473551     5.9638194      1.4920117      6.9058708    
  10570000   0.99928038     5.9494716      1.4988286      6.8937789    
  10580000   0.99327943     5.9776802      1.4898277      6.9141797    
  10590000   1.0018761      5.9639664      1.5027219      6.9077921    
  10600000   1.0032754      5.9526149      1.5048208      6.9016029    
  10610000   0.99769952     5.9684673      1.4964575      6.8972926    
  10620000   0.9985822      5.9569526      1.4977814      6.9200436    
  10630000   1.0004067      5.9720333      1.500518       6.9021288    
  10640000   0.99756708     5.9823959      1.4962588      6.9105905    
  10650000   1.0082635      5.9666934      1.5123025      6.9128426    
  10660000   1.0062471      5.9570402      1.5092781      6.9031983    
  10670000   1.0040756      5.9435013      1.506021       6.8991997    
  10680000   0.99705877     5.9620589      1.4954964      6.9039483    
  10690000   1.001502       5.9385913      1.5021608      6.8931159    
  10700000   0.98556408     5.9441252      1.4782554      6.8978351    
  10710000   1.0031184      5.9378525      1.5045852      6.9079899    
  10720000   0.99448211     5.9422372      1.4916316      6.8988549    
  10730000   0.99079664     5.9402999      1.4861038      6.8935628    
  10740000   1.0024895      5.9517004      1.503642       6.9137649    
  10750000   0.99964458     5.9481458      1.4993749      6.9063072    
  10760000   0.99240212     5.9555941      1.4885119      6.8973201    
  10770000   1.0002229      5.9534413      1.5002423      6.8993995    
  10780000   0.99325552     5.9700068      1.4897919      6.902544     
  10790000   1.0080485      5.9473555      1.5119799      6.9037018    
  10800000   1.0000542      5.9574292      1.4999892      6.9029414    
  10810000   0.99454185     5.9583978      1.4917212      6.8951773    
  10820000   0.99720976     5.9478347      1.4957229      6.8966943    
  10830000   0.98789673     5.9519154      1.4817542      6.9049499    
  10840000   0.99076416     5.940318       1.4860551      6.8966915    
  10850000   0.99724197     5.9384204      1.4957712      6.9070012    
  10860000   0.99673223     5.9419197      1.4950066      6.8999008    
  10870000   0.99359552     5.9503102      1.4903018      6.8992112    
  10880000   0.9956518      5.9378435      1.4933861      6.9086345    
  10890000   1.0095067      5.9442471      1.5141671      6.9016293    
  10900000   0.99770015     5.9481785      1.4964584      6.9042876    
  10910000   1.0033943      5.9388723      1.5049991      6.8966074    
  10920000   1.0007611      5.9454562      1.5010495      6.8955287    
  10930000   1.0022638      5.9534642      1.5033034      6.9029285    
  10940000   1.0006595      5.9622475      1.5008971      6.9116822    
  10950000   1.0016402      5.955413       1.5023682      6.9068879    
  10960000   0.99385975     5.954358       1.4906982      6.9000945    
  10970000   0.99847986     5.9647661      1.4976279      6.8960821    
  10980000   0.99420394     5.9572822      1.4912144      6.9063714    
  10990000   0.98928953     5.9643703      1.4838433      6.9047768    
  11000000   0.99954379     5.9654791      1.4992237      6.9002651    
  11010000   0.99693607     5.9548741      1.4953124      6.9109346    
  11020000   1.0011768      5.9565458      1.5016731      6.9029913    
  11030000   1.0020991      5.9407842      1.5030565      6.8980696    
  11040000   1.0004737      5.9584166      1.5006185      6.9067875    
  11050000   1.0028583      5.9491098      1.5041952      6.9033618    
  11060000   0.99445282     5.9711919      1.4915877      6.9148174    
  11070000   1.0014491      5.9704727      1.5020815      6.8980447    
  11080000   1.0055344      5.9552723      1.5082091      6.9030681    
  11090000   1.0048533      5.9522064      1.5071874      6.8964925    
  11100000   0.99241163     5.9571887      1.4885261      6.9079326    
  11110000   0.99541907     5.9364483      1.493037       6.9012408    
  11120000   1.0000802      5.9327573      1.5000283      6.8925547    
  11130000   0.99601021     5.9525073      1.4939237      6.8968387    
  11140000   0.98541503     5.9387825      1.4780319      6.8946898    
  11150000   1.0058647      5.9266124      1.5087045      6.8991419    
  11160000   0.99649335     5.9491278      1.4946483      6.9062269    
  11170000   1.0003291      5.9605362      1.5004015      6.9066981    
  11180000   0.998625       5.9294854      1.4978456      6.8984922    
  11190000   0.9950692      5.9454891      1.4925122      6.8982792    
  11200000   1.0034695      5.9375865      1.505112       6.8993681    
  11210000   1.0036455      5.9597978      1.5053759      6.906929     
  11220000   1.0033782      5.9732767      1.504975       6.8980946    
  11230000   1.0021635      5.9843111      1.5031531      6.9111128    
  11240000   1.0018722      5.9929467      1.5027161      6.9116106    
  11250000   1.0066084      5.9894582      1.5098199      6.9063605    
  11260000   1.0178792      5.962789       1.5267251      6.8994265    
  11270000   1.0045671      5.9794715      1.5067582      6.9055871    
  11280000   1.0030634      5.9531812      1.5045028      6.9084474    
  11290000   1.0025403      5.9631431      1.5037182      6.8977826    
  11300000   0.9929719      5.9831502      1.4893665      6.9080714    
  11310000   0.99816995     5.9697425      1.4971631      6.9097214    
  11320000   0.99747529     5.9759639      1.4961211      6.9108304    
  11330000   0.99144639     5.9897065      1.4870783      6.908047     
  11340000   0.99114242     5.9648974      1.4866224      6.8933833    
  11350000   0.98598483     5.9460367      1.4788865      6.9011909    
  11360000   0.99029538     5.9600455      1.4853519      6.8996601    
  11370000   0.99985268     5.9445561      1.499687       6.8917476    
  11380000   0.99855337     5.944238       1.4977382      6.8991969    
  11390000   0.99248196     5.9556064      1.4886316      6.8968057    
  11400000   0.99185351     5.9647256      1.487689       6.8973012    
  11410000   0.99888006     5.949636       1.4982282      6.9033478    
  11420000   1.0005582      5.957026       1.5007452      6.9170298    
  11430000   1.0077872      5.9526378      1.511588       6.8974148    
  11440000   0.99789284     5.9793022      1.4967474      6.9093413    
  11450000   1.0070942      5.9732077      1.5105486      6.9064714    
  11460000   1.0047891      5.9642083      1.5070912      6.900627     
  11470000   1.0047965      5.9394998      1.5071023      6.893438     
  11480000   0.99062555     5.9563842      1.4858472      6.8991133    
  11490000   0.99758298     5.9572593      1.4962827      6.910778     
  11500000   1.0018595      5.9399024      1.5026971      6.9044799    
  11510000   1.0001673      5.9457776      1.5001589      6.915415     
  11520000   1.00393        5.9594905      1.5058026      6.9114533    
  11530000   1.0001487      5.9621698      1.500131       6.9078541    
  11540000   1.0090138      5.9604306      1.5134278      6.9094085    
  11550000   1.0051053      5.9630982      1.5075654      6.9068518    
  11560000   0.99948136     5.9553198      1.4991301      6.9086388    
  11570000   1.0050803      5.9623528      1.507528       6.9073036    
  11580000   1.0006454      5.9520195      1.500876       6.9067737    
  11590000   1.0062462      5.9561803      1.5092766      6.9131141    
  11600000   1.008873       5.9562531      1.5132167      6.9113584    
  11610000   1.0079249      5.9504065      1.5117945      6.8973098    
  11620000   1.0022178      5.9573895      1.5032345      6.9091887    
  11630000   0.99651701     5.9614713      1.4946838      6.9128808    
  11640000   0.9958942      5.9541543      1.4937497      6.9048204    
  11650000   1.0089122      5.9680504      1.5132755      6.9051886    
  11660000   1.002064       5.9802343      1.5030037      6.9180907    
  11670000   0.99573377     5.9727907      1.493509       6.9127395    
  11680000   0.99145187     5.9665685      1.4870866      6.9060469    
  11690000   0.99761729     5.9562401      1.4963341      6.8984486    
  11700000   0.9861094      5.9734771      1.4790734      6.8973147    
  11710000   1.0074823      5.9613141      1.5111308      6.9160301    
  11720000   1.0099731      5.9566909      1.5148668      6.9063318    
  11730000   1.0116983      5.9571014      1.5174543      6.9073403    
  11740000   0.99897362     5.9764887      1.4983685      6.9083685    
  11750000   0.99488098     5.9733132      1.4922299      6.9067969    
  11760000   0.99811179     5.9716848      1.4970758      6.9121133    
  11770000   0.99884936     5.9608005      1.4981821      6.9089083    
  11780000   1.0006806      5.9582063      1.5009288      6.9010456    
  11790000   0.98904402     5.9810429      1.483475       6.8911204    
  11800000   0.99102697     5.9908156      1.4864493      6.916321     
  11810000   0.99514932     5.9926631      1.4926324      6.9069541    
  11820000   0.99874308     5.9737974      1.4980227      6.9081562    
  11830000   1.0034966      5.9672323      1.5051525      6.9090911    
  11840000   1.001684       5.9756129      1.5024338      6.9052329    
  11850000   0.99785973     5.9783331      1.4966978      6.9117809    
  11860000   1.009855       5.966355       1.5146895      6.9135904    
  11870000   0.99640292     5.9659908      1.4945127      6.916279     
  11880000   0.99161271     5.9463373      1.4873278      6.9108995    
  11890000   1.0028582      5.9353137      1.504195       6.9025165    
  11900000   0.99291049     5.9343564      1.4892744      6.9023389    
  11910000   0.99206975     5.9551923      1.4880133      6.9034539    
  11920000   0.9972086      5.9502813      1.4957211      6.8989036    
  11930000   0.98885734     5.9458824      1.483195       6.9092354    
  11940000   0.9970439      5.9498817      1.4954741      6.908071     
  11950000   1.0019008      5.9351502      1.502759       6.9052187    
  11960000   1.0009292      5.951298       1.5013016      6.8983345    
  11970000   1.0009586      5.9540909      1.5013458      6.9033088    
  11980000   1.0062435      5.9439859      1.5092727      6.9038225    
  11990000   0.99515687     5.9500756      1.4926437      6.901106     
  12000000   1.0007323      5.9715486      1.5010063      6.9039062    
  12010000   0.99859634     5.962755       1.4978026      6.9069407    
  12020000   1.0028249      5.9699127      1.504145       6.8999651    
  12030000   0.99732568     5.9741713      1.4958967      6.9208781    
  12040000   1.0028162      5.9764814      1.5041321      6.9129799    
  12050000   0.98990985     6.0027817      1.4847737      6.9166911    
  12060000   1.0001624      5.9692719      1.5001515      6.9031123    
  12070000   1.0047277      5.9760241      1.5069991      6.9048294    
  12080000   0.99643115     5.9807084      1.494555       6.9085543    
  12090000   0.99942108     5.9624348      1.4990396      6.9085547    
  12100000   1.0027458      5.9572517      1.5040264      6.905266     
  12110000   1.014865       5.9566368      1.5222041      6.8952365    
  12120000   1.0034805      5.9832264      1.5051284      6.909974     
  12130000   0.99586403     5.9776065      1.4937044      6.9149375    
  12140000   1.0025615      5.9675293      1.50375        6.9002466    
  12150000   1.0090255      5.9661656      1.5134454      6.9087235    
  12160000   0.99083079     5.9659676      1.486155       6.9065699    
  12170000   0.99838664     5.9777184      1.4974881      6.9035491    
  12180000   0.99814551     5.9880754      1.4971264      6.9225773    
  12190000   1.0047085      5.9686795      1.5069703      6.9077996    
  12200000   1.0042694      5.9663454      1.5063116      6.9107944    
  12210000   1.0100986      5.9696112      1.5150549      6.9047874    
  12220000   1.008355       5.9987595      1.5124397      6.9091072    
  12230000   0.99942671     5.9894784      1.4990481      6.9104288    
  12240000   0.99029444     5.9883206      1.4853505      6.9034299    
  12250000   0.99550442     5.9756249      1.493165       6.9043214    
  12260000   1.0034379      5.9621666      1.5050645      6.913327     
  12270000   1.0035629      5.9805452      1.5052519      6.9132742    
  12280000   1.0088121      5.9630516      1.5131253      6.9067783    
  12290000   0.99521345     5.9642892      1.4927286      6.9034395    
  12300000   0.9873145      5.9674281      1.4808809      6.9105418    
  12310000   0.99912166     5.9670992      1.4985905      6.9083742    
  12320000   1.0054143      5.9677802      1.5080289      6.9140506    
  12330000   1.0060929      5.9665325      1.5090468      6.9048653    
  12340000   1.0015066      5.9551404      1.5021678      6.9001479    
  12350000   0.9971936      5.9567224      1.4956986      6.8961491    
  12360000   0.9907975      5.9569651      1.4861051      6.9002705    
  12370000   0.99444453     5.9565419      1.4915753      6.9018721    
  12380000   0.99982997     5.9516609      1.4996529      6.9106       
  12390000   0.99907368     5.9611401      1.4985186      6.8946824    
  12400000   0.99617162     5.9655772      1.4941658      6.8974528    
  12410000   1.003124       5.9643827      1.5045937      6.8875154    
  12420000   0.99785364     5.9648366      1.4966886      6.9065745    
  12430000   0.99303739     5.9635745      1.4894647      6.8956915    
  12440000   0.98990395     5.9435233      1.4847648      6.895384     
  12450000   0.99049498     5.9534569      1.4856513      6.9011445    
  12460000   1.0037768      5.9470024      1.5055729      6.8981389    
  12470000   1.005516       5.9633477      1.5081815      6.907175     
  12480000   1.0055181      5.9441472      1.5081846      6.8960363    
  12490000   0.98797913     5.9909318      1.4818778      6.9036709    
  12500000   0.99844795     5.9736788      1.49758        6.9134691    
  12510000   0.99868452     5.9661818      1.4979349      6.9019609    
  12520000   1.0085355      5.9685649      1.5127105      6.8962062    
  12530000   1.0105754      5.9660315      1.51577        6.9049284    
  12540000   0.99490103     5.9870866      1.49226        6.9148397    
  12550000   1.0010471      5.9506933      1.5014785      6.9068431    
  12560000   1.0025052      5.942448       1.5036655      6.896644     
  12570000   0.9970045      5.9555924      1.495415       6.9032597    
  12580000   1.0008182      5.9550526      1.5011353      6.9004609    
  12590000   0.99555237     5.9703899      1.4932369      6.9052404    
  12600000   1.0114484      5.945221       1.5170795      6.8987055    
  12610000   0.99796041     5.9605683      1.4968488      6.9137946    
  12620000   1.0049522      5.9642443      1.5073359      6.9019466    
  12630000   0.99424039     5.983859       1.4912691      6.8999162    
  12640000   1.0100045      5.9583345      1.5149138      6.9041385    
  12650000   1.0052327      5.9781375      1.5077565      6.9027325    
  12660000   0.99601742     5.9815619      1.4939345      6.9181262    
  12670000   1.0046629      5.9700169      1.5069019      6.9046399    
  12680000   1.0093205      5.9666944      1.5138879      6.9065788    
  12690000   1.0067169      5.9676526      1.5099828      6.9103846    
  12700000   0.99498998     5.9807031      1.4923934      6.905827     
  12710000   0.99560671     5.9724561      1.4933184      6.9036739    
  12720000   0.99325761     5.9678317      1.489795       6.8998372    
  12730000   0.9998446      5.9652334      1.4996749      6.9164747    
  12740000   1.0001899      5.974075       1.5001928      6.9041647    
  12750000   0.99616909     5.9635488      1.494162       6.9057394    
  12760000   0.99060629     5.9507353      1.4858183      6.900565     
  12770000   0.99436943     5.9674273      1.4914626      6.9133752    
  12780000   1.0034229      5.9436133      1.505042       6.905021     
  12790000   0.99836099     5.9630185      1.4974496      6.9053409    
  12800000   1.0012827      5.957748       1.5018319      6.9050343    
  12810000   1.0055395      5.9650894      1.5082168      6.9034179    
  12820000   0.9960587      5.9750098      1.4939964      6.9082634    
  12830000   0.9983129      5.9726467      1.4973775      6.9070898    
  12840000   1.0069988      5.9643349      1.5104055      6.9140336    
  12850000   1.0063015      5.936146       1.5093596      6.9052827    
  12860000   1.0081777      5.9297584      1.5121738      6.9048155    
  12870000   0.99691216     5.9503749      1.4952765      6.902373     
  12880000   0.99488921     5.9799376      1.4922423      6.916198     
  12890000   1.0144872      5.9414433      1.5216374      6.8934075    
  12900000   0.99098579     5.9764575      1.4863875      6.9053917    
  12910000   1.0011465      5.9399811      1.5016276      6.9010846    
  12920000   0.99948466     5.946599       1.499135       6.8989641    
  12930000   1.0077309      5.9321904      1.5115037      6.8980366    
  12940000   1.0061251      5.9400583      1.509095       6.9046366    
  12950000   0.99720288     5.9572         1.4957126      6.9096913    
  12960000   1.0058409      5.9594887      1.5086688      6.8950396    
  12970000   1.0084294      5.9553163      1.5125512      6.8970645    
  12980000   1.0033007      5.9527646      1.5048588      6.9072916    
  12990000   0.99689943     5.9520841      1.4952574      6.9092895    
  13000000   0.99842562     5.9504616      1.4975466      6.9001351    
  13010000   1.0082026      5.9422375      1.5122111      6.8966926    
  13020000   1.0023441      5.9492151      1.5034239      6.9037908    
  13030000   0.99431477     5.9638321      1.4913807      6.9029926    
  13040000   1.007625       5.9616754      1.5113447      6.9097314    
  13050000   1.0031139      5.9671922      1.5045786      6.9084979    
  13060000   1.0017129      5.9681554      1.5024771      6.9131851    
  13070000   1.0028006      5.9637383      1.5041086      6.9039599    
  13080000   0.99683401     5.9569186      1.4951593      6.9023046    
  13090000   0.994958       5.9474698      1.4923454      6.901058     
  13100000   0.9967634      5.9455976      1.4950534      6.8939156    
  13110000   0.99427157     5.954662       1.4913159      6.9020055    
  13120000   0.98918387     5.9508677      1.4836848      6.9059643    
  13130000   1.0010332      5.9479981      1.5014576      6.8971443    
  13140000   1.004336       5.9416402      1.5064115      6.9057466    
  13150000   0.98998997     5.9274817      1.4848939      6.8959133    
  13160000   0.99976565     5.9172943      1.4995565      6.8920364    
  13170000   0.99531319     5.9232127      1.4928782      6.9032798    
  13180000   0.99622818     5.9202679      1.4942506      6.9048128    
  13190000   0.9848944      5.9322109      1.477251       6.9020108    
  13200000   0.9992165      5.9366292      1.4987328      6.9001042    
  13210000   1.0044176      5.9429354      1.506534       6.8968488    
  13220000   1.0082707      5.9555708      1.5123132      6.9054105    
  13230000   1.0058616      5.9447832      1.5086998      6.9010241    
  13240000   0.9959883      5.9541537      1.4938908      6.904366     
  13250000   1.0137099      5.9348186      1.5204716      6.8891609    
  13260000   1.0034466      5.9531282      1.5050775      6.9003876    
  13270000   1.0029961      5.9812753      1.5044018      6.909077     
  13280000   1.005665       5.9785534      1.5084049      6.9102505    
  13290000   1.0097929      5.9577748      1.5145964      6.9010373    
  13300000   1.0013018      5.9493453      1.5018605      6.8981122    
  13310000   1.0004616      5.9552786      1.5006003      6.895178     
  13320000   0.99379864     5.9582521      1.4906065      6.9045403    
  13330000   0.99935373     5.9383341      1.4989386      6.8995714    
  13340000   0.99913001     5.9381908      1.4986031      6.8964152    
  13350000   0.99562829     5.9371748      1.4933508      6.8987916    
  13360000   0.99683122     5.9270041      1.4951551      6.9019316    
  13370000   0.999397       5.9345875      1.4990035      6.9021325    
  13380000   0.99373541     5.9262727      1.4905117      6.9025207    
  13390000   0.99894386     5.9263314      1.4983239      6.8965398    
  13400000   0.99044987     5.9509535      1.4855837      6.9006958    
  13410000   0.99993185     5.9334388      1.4998058      6.8931252    
  13420000   0.99929018     5.9523673      1.4988433      6.9027436    
  13430000   0.98883422     5.9541392      1.4831603      6.9039899    
  13440000   0.98916363     5.9411812      1.4836544      6.9055515    
  13450000   1.0026059      5.9507813      1.5038166      6.9102298    
  13460000   1.0073738      5.9510831      1.510968       6.9020305    
  13470000   0.99007269     5.9554836      1.4850179      6.9017879    
  13480000   0.99520048     5.9598103      1.4927091      6.9092318    
  13490000   1.0039658      5.9404366      1.5058563      6.8972947    
  13500000   0.98705731     5.9569646      1.4804951      6.9002793    
  13510000   0.98491069     5.9444464      1.4772754      6.907835     
  13520000   0.99802121     5.9544328      1.49694        6.9156474    
  13530000   1.0056066      5.9305494      1.5083174      6.8934661    
  13540000   1.001074       5.9466182      1.5015189      6.906216     
  13550000   1.0003429      5.9422477      1.5004223      6.8965904    
  13560000   1.000949       5.9424314      1.5013314      6.9018994    
  13570000   1.0053087      5.9260923      1.5078705      6.9012674    
  13580000   1.0015782      5.9443015      1.5022751      6.903639     
  13590000   0.99905147     5.9501695      1.4984853      6.897989     
  13600000   1.0024251      5.9629718      1.5035454      6.900192     
  13610000   1.0006662      5.9596354      1.5009072      6.9125564    
  13620000   1.0060063      5.962096       1.5089168      6.9100235    
  13630000   1.0088668      5.9764829      1.5132074      6.9104547    
  13640000   1.0038141      5.9605474      1.5056288      6.924221     
  13650000   1.0083815      5.9414294      1.5124794      6.90239      
  13660000   0.99671599     5.9476841      1.4949823      6.9116558    
  13670000   1.0084836      5.9358624      1.5126326      6.8984267    
  13680000   0.99867942     5.9515753      1.4979272      6.9081582    
  13690000   1.0039018      5.9686039      1.5057603      6.9134895    
  13700000   1.0104881      5.9761421      1.5156391      6.9173953    
  13710000   1.0124245      5.9468475      1.5185436      6.9116997    
  13720000   0.99919781     5.957874       1.4987048      6.9037992    
  13730000   1.0071469      5.9427016      1.5106276      6.9073571    
  13740000   1.0020389      5.9505055      1.5029662      6.909245     
  13750000   0.99695478     5.9492791      1.4953404      6.9102197    
  13760000   0.98988981     5.9584944      1.4847436      6.9146492    
  13770000   1.0124651      5.9327795      1.5186045      6.9017143    
  13780000   1.0002414      5.9554495      1.5002701      6.911098     
  13790000   1.0010067      5.9534011      1.5014179      6.8990237    
  13800000   1.0046112      5.9493849      1.5068243      6.904378     
  13810000   1.0052529      5.9421821      1.5077868      6.8933633    
  13820000   1.0012447      5.9275027      1.5017749      6.8957223    
  13830000   1.000198       5.9253221      1.500205       6.9059592    
  13840000   0.99940214     5.9167649      1.4990112      6.8928072    
  13850000   0.99583933     5.9511818      1.4936673      6.9049887    
  13860000   0.99161608     5.9424936      1.4873329      6.9050293    
  13870000   1.010267       5.9671406      1.5153076      6.8963945    
  13880000   0.9973682      5.9739066      1.4959605      6.9067285    
  13890000   0.99493122     5.9744118      1.4923053      6.9047535    
  13900000   1.0008249      5.9631599      1.5011452      6.9076298    
  13910000   0.99888366     5.957274       1.4982336      6.9026049    
  13920000   0.99217931     5.9487759      1.4881777      6.8993641    
  13930000   0.99927677     5.947475       1.4988232      6.8937859    
  13940000   0.99883093     5.972579       1.4981545      6.9118137    
  13950000   0.99881935     5.9747528      1.4981371      6.9027085    
  13960000   1.0077492      5.9648104      1.511531       6.9035595    
  13970000   1.0092993      5.962008       1.513856       6.8953858    
  13980000   1.0011527      5.9618511      1.5016369      6.9104405    
  13990000   0.99385572     5.9672857      1.4906921      6.9107549    
  14000000   0.99288253     5.9578907      1.4892324      6.9013414    
  14010000   0.99734978     5.9628009      1.4959329      6.9006722    
  14020000   1.0088795      5.9470279      1.5132264      6.8976508    
  14030000   1.0100144      5.9469305      1.5149287      6.9133921    
  14040000   0.99015897     5.9502106      1.4851473      6.9072497    
  14050000   0.99203547     5.9416259      1.4879619      6.8980487    
  14060000   1.0032434      5.950957       1.5047728      6.8991586    
  14070000   1.0042815      5.952394       1.5063298      6.9007007    
  14080000   0.99229962     5.9675985      1.4883581      6.9023522    
  14090000   0.99852372     5.9500494      1.4976937      6.9028898    
  14100000   0.99910671     5.9497646      1.4985681      6.8975329    
  14110000   1.0005063      5.9457525      1.5006674      6.9009195    
  14120000   0.9898138      5.9681786      1.4846296      6.9067084    
  14130000   0.99427668     5.9412649      1.4913235      6.8987794    
  14140000   0.98973089     5.9660207      1.4845053      6.8986603    
  14150000   0.99215853     5.9600296      1.4881465      6.9113739    
  14160000   1.0084656      5.9331511      1.5126056      6.8951537    
  14170000   1.0025078      5.9371485      1.5036694      6.8934882    
  14180000   1.0024337      5.9466226      1.5035583      6.9044181    
  14190000   0.9890245      5.9458068      1.4834457      6.9108413    
  14200000   0.990173       5.952086       1.4851684      6.9064344    
  14210000   0.99434903     5.9387628      1.491432       6.9056239    
  14220000   1.0012607      5.9366287      1.5017989      6.8985413    
  14230000   0.99196941     5.9587537      1.4878628      6.9137272    
  14240000   0.99900211     5.9626058      1.4984112      6.9112279    
  14250000   1.0084919      5.9586817      1.512645       6.9052746    
  14260000   1.0075226      5.9420182      1.5111911      6.8997716    
  14270000   0.99858913     5.9470455      1.4977918      6.9000508    
  14280000   0.99759202     5.9624547      1.4962962      6.911824     
  14290000   0.9981099      5.959412       1.497073       6.9065406    
  14300000   1.0091549      5.9575279      1.5136395      6.9035548    
  14310000   0.99715489     5.9551319      1.4956406      6.9008172    
  14320000   1.0002577      5.9664177      1.5002945      6.9067471    
  14330000   0.9972265      5.9532304      1.495748       6.9036517    
  14340000   1.0170817      5.959392       1.525529       6.8932614    
  14350000   1.0008886      5.9776304      1.5012408      6.9132135    
  14360000   1.0119595      5.9618533      1.5178461      6.8986068    
  14370000   1.0091521      5.9689352      1.5136353      6.917437     
  14380000   1.0029624      5.9569226      1.5043513      6.9162599    
  14390000   0.99563869     5.9608677      1.4933664      6.9028566    
  14400000   1.0048438      5.9530714      1.5071732      6.9012856    
  14410000   0.99731434     5.954484       1.4958797      6.904561     
  14420000   1.0000736      5.9514529      1.5000183      6.9047324    
  14430000   1.0064182      5.9294411      1.5095347      6.9052678    
  14440000   0.99838583     5.9447559      1.4974869      6.905576     
  14450000   1.0136593      5.9467552      1.5203957      6.903389     
  14460000   1.0031032      5.9651538      1.5045625      6.9094346    
  14470000   1.0071042      5.9636877      1.5105636      6.9018514    
  14480000   1.0048941      5.9816089      1.5072486      6.9109734    
  14490000   0.99623891     5.9777602      1.4942667      6.9040708    
  14500000   0.9905569      5.978953       1.4857442      6.9087591    
  14510000   0.9981056      5.9607073      1.4970666      6.9000672    
  14520000   0.99988711     5.9746503      1.4997386      6.9046745    
  14530000   1.0067379      5.9778136      1.5100142      6.9094905    
  14540000   1.0069799      5.9891704      1.5103772      6.9082801    
  14550000   0.99854956     5.9800855      1.4977325      6.9109811    
  14560000   1.000793       5.9722572      1.5010974      6.9101973    
  14570000   1.0075424      5.9558544      1.5112209      6.9031735    
  14580000   1.0043631      5.9611418      1.5064522      6.903747     
  14590000   0.99778589     5.9718235      1.496587       6.9110707    
  14600000   0.99845714     5.9632103      1.4975938      6.9051136    
  14610000   0.98884423     5.9596187      1.4831754      6.9020267    
  14620000   0.98700221     5.9627345      1.4804125      6.8984484    
  14630000   0.99013704     5.9550123      1.4851144      6.8969772    
  14640000   0.99776768     5.9542033      1.4965597      6.8929166    
  14650000   1.0105336      5.9554518      1.5157073      6.9063949    
  14660000   0.99676936     5.9675176      1.4950623      6.9100121    
  14670000   0.99669248     5.9630989      1.494947       6.9113209    
  14680000   0.99867264     5.9480154      1.4979171      6.9060991    
  14690000   1.0010412      5.9381629      1.5014697      6.8975848    
  14700000   0.99642477     5.9621488      1.4945455      6.9047641    
  14710000   1.0072641      5.9483695      1.5108034      6.9014148    
  14720000   0.99937761     5.9419481      1.4989745      6.8984395    
  14730000   0.98567409     5.9598732      1.4784204      6.9008156    
  14740000   1.0003828      5.9536574      1.5004821      6.8926011    
  14750000   0.99876017     5.9507524      1.4980483      6.9024863    
  14760000   0.99697527     5.9612441      1.4953712      6.9040849    
  14770000   0.98830149     5.9619333      1.4823613      6.9087682    
  14780000   0.9865019      5.9657974      1.4796621      6.91354      
  14790000   0.99956598     5.9516294      1.499257       6.907578     
  14800000   0.99898568     5.9484488      1.4983866      6.8998878    
  14810000   1.0075909      5.9344789      1.5112936      6.895432     
  14820000   0.99562508     5.9526271      1.493346       6.9005328    
  14830000   1.0006011      5.9655397      1.5008096      6.9016835    
  14840000   1.0033918      5.9521559      1.5049954      6.8914665    
  14850000   0.99749062     5.9775906      1.4961441      6.9043207    
  14860000   0.99892956     5.9583673      1.4983024      6.8968979    
  14870000   1.0017239      5.9612789      1.5024936      6.8990334    
  14880000   0.99839847     5.9806756      1.4975058      6.9138302    
  14890000   0.99302997     5.962323       1.4894536      6.9079428    
  14900000   0.99857002     5.9714159      1.4977631      6.9122301    
  14910000   0.98897085     5.9615375      1.4833653      6.9036802    
  14920000   0.99297699     5.9421485      1.4893741      6.903629     
  14930000   0.99300403     5.9570211      1.4894147      6.9065572    
  14940000   0.99337606     5.9624773      1.4899727      6.9037302    
  14950000   0.99635919     5.9523805      1.4944471      6.9043357    
  14960000   0.98478705     5.9779072      1.47709        6.909096     
  14970000   0.99244949     5.9562697      1.4885829      6.9090943    
  14980000   0.9974004      5.9344304      1.4960088      6.894513     
  14990000   0.99445006     5.959044       1.4915836      6.9015747    
  15000000   0.99506012     5.9686762      1.4924986      6.9056881    
  15010000   1.0032969      5.952994       1.504853       6.896686     
  15020000   0.99379645     5.953978       1.4906032      6.8861275    
  15030000   0.99837154     5.9368007      1.4974654      6.8929068    
  15040000   0.9857389      5.9598266      1.4785176      6.8962084    
  15050000   1.0051515      5.9425839      1.5076347      6.8980912    
  15060000   0.99753625     5.9456291      1.4962126      6.9081901    
  15070000   0.99794128     5.9602427      1.4968201      6.9030792    
  15080000   0.99576209     5.9517983      1.4935515      6.9054484    
  15090000   0.98666792     5.9618385      1.4799111      6.9104511    
  15100000   0.9935482      5.9368526      1.4902309      6.8955498    
  15110000   0.99510323     5.9553788      1.4925633      6.9060485    
  15120000   1.0038275      5.9393246      1.5056489      6.8985139    
  15130000   0.99158279     5.9559936      1.4872829      6.8999816    
  15140000   1.0083594      5.9380365      1.5124463      6.9087684    
  15150000   0.99729332     5.9436575      1.4958482      6.9000453    
  15160000   0.99289155     5.9579473      1.4892459      6.8993156    
  15170000   0.99689196     5.9553491      1.4952462      6.9087311    
  15180000   1.0033598      5.9407988      1.5049474      6.8960848    
  15190000   0.99517698     5.9492806      1.4926739      6.894685     
  15200000   1.0027157      5.944876       1.5039812      6.9028881    
  15210000   0.99391289     5.9566688      1.4907779      6.9037638    
  15220000   0.99914348     5.9496452      1.4986233      6.8912805    
  15230000   1.0022613      5.9432172      1.5032997      6.907903     
  15240000   0.99470225     5.9429462      1.4919618      6.9044769    
  15250000   1.0036136      5.9366787      1.505328       6.8986223    
  15260000   0.99629566     5.9370278      1.4943518      6.8877846    
  15270000   0.99014029     5.9488285      1.4851193      6.897602     
  15280000   0.99652765     5.9419611      1.4946998      6.8975638    
  15290000   0.99837167     5.9425831      1.4974656      6.9032683    
  15300000   0.99772232     5.9257279      1.4964917      6.8950327    
  15310000   0.99111612     5.9499635      1.486583       6.906173     
  15320000   0.99281083     5.9554518      1.4891249      6.9045693    
  15330000   0.99785982     5.9405314      1.4966979      6.9056775    
  15340000   0.99716005     5.9399375      1.4956483      6.8993303    
  15350000   1.0033427      5.9374967      1.5049217      6.9039116    
  15360000   0.98635652     5.9488399      1.479444       6.894759     
  15370000   0.98922393     5.9473166      1.4837449      6.9024097    
  15380000   0.98777593     5.951673       1.481573       6.900879     
  15390000   0.99993243     5.9461685      1.4998066      6.8994912    
  15400000   1.002125       5.948728       1.5030953      6.9030605    
  15410000   0.9948422      5.9672248      1.4921717      6.9087989    
  15420000   0.99043986     5.9699961      1.4855686      6.9077944    
  15430000   0.99903755     5.9506833      1.4984644      6.8938227    
  15440000   1.0041783      5.946358       1.506175       6.9088713    
  15450000   0.99804886     5.9678969      1.4969814      6.9081813    
  15460000   1.0056377      5.9667476      1.508364       6.9037812    
  15470000   0.99679792     5.9785849      1.4951052      6.9096668    
  15480000   0.99677381     5.9513971      1.495069       6.910038     
  15490000   0.99642316     5.9627946      1.494543       6.9037379    
  15500000   0.99837944     5.9443178      1.4974773      6.8971027    
  15510000   1.0004824      5.9638952      1.5006316      6.9057599    
  15520000   1.0094338      5.9500444      1.5140578      6.9104007    
  15530000   0.99349366     5.9603207      1.4901491      6.9051964    
  15540000   1.0078029      5.9450693      1.5116116      6.9049151    
  15550000   1.0003256      5.9541035      1.5003963      6.9053325    
  15560000   1.0014722      5.9541305      1.5021162      6.906546     
  15570000   0.99734347     5.9773733      1.4959234      6.9114891    
  15580000   0.98977093     5.9743107      1.4845653      6.9115084    
  15590000   1.0061521      5.9585117      1.5091355      6.9048287    
  15600000   0.99753123     5.9600314      1.496205       6.9009297    
  15610000   1.0074836      5.9646582      1.5111326      6.8997007    
  15620000   0.99992007     5.9657234      1.4997881      6.904371     
  15630000   1.0003829      5.9700814      1.5004823      6.911336     
  15640000   1.0051635      5.9721687      1.5076527      6.9121646    
  15650000   1.0034555      5.9724041      1.5050909      6.9106815    
  15660000   1.0069235      5.9485076      1.5102926      6.8967888    
  15670000   1.0025099      5.9486633      1.5036725      6.9006393    
  15680000   0.99517622     5.9380769      1.4926727      6.8820272    
  15690000   1.0014435      5.9395028      1.502073       6.8903541    
  15700000   0.9976099      5.9709806      1.496323       6.9074591    
  15710000   1.0038764      5.9776101      1.5057222      6.9092792    
  15720000   0.99791121     5.9746197      1.496775       6.9052574    
  15730000   1.0021695      5.9581404      1.5031621      6.9047905    
  15740000   0.99534957     5.9716917      1.4929328      6.9053432    
  15750000   0.99730675     5.9616712      1.4958683      6.8957703    
  15760000   1.0022786      5.9781048      1.5033256      6.9031146    
  15770000   1.0016922      5.9786782      1.5024461      6.9030197    
  15780000   1.004353       5.9836179      1.5064371      6.8950928    
  15790000   1.0075959      5.9888704      1.5113012      6.9177235    
  15800000   1.0058369      5.9959247      1.5086628      6.9144344    
  15810000   1.0146829      5.9835674      1.521931       6.9034443    
  15820000   1.0076272      5.9725655      1.5113481      6.903811     
  15830000   1.0019533      5.9809603      1.5028378      6.9086062    
  15840000   0.99938279     5.99131        1.4989822      6.9064371    
  15850000   0.99448714     5.9804388      1.4916392      6.9040825    
  15860000   0.99780835     5.9680394      1.4966207      6.9000362    
  15870000   1.0092606      5.9605472      1.513798       6.9025557    
  15880000   0.99645416     5.9895663      1.4945895      6.9091059    
  15890000   0.99198576     5.9811659      1.4878874      6.9151076    
  15900000   1.0029498      5.9685195      1.5043324      6.9067788    
  15910000   1.0007581      5.9597137      1.5010451      6.8983622    
  15920000   0.99859567     5.9656124      1.4978016      6.9056615    
  15930000   1.0037637      5.9528853      1.5055532      6.9063828    
  15940000   0.9888242      5.965225       1.4831453      6.9022687    
  15950000   1.002277       5.9493023      1.5033232      6.8982476    
  15960000   1.0007187      5.9555981      1.500986       6.8915018    
  15970000   0.99958679     5.9735654      1.4992882      6.9043595    
  15980000   0.99800052     5.9803053      1.4969089      6.9106944    
  15990000   1.0037313      5.9630815      1.5055046      6.8930155    
  16000000   0.99032328     5.9711907      1.4853938      6.9088789    
  16010000   0.99057306     5.963269       1.4857684      6.9117244    
  16020000   1.0006071      5.9417643      1.5008185      6.8900773    
  16030000   1.0009459      5.9531098      1.5013268      6.9073004    
  16040000   0.99526391     5.9521341      1.4928043      6.8955463    
  16050000   1.004414       5.9455223      1.5065286      6.8991114    
  16060000   1.0012407      5.9429695      1.5017689      6.8878304    
  16070000   0.99781092     5.9430728      1.4966246      6.8921477    
  16080000   0.99545547     5.9544266      1.4930916      6.9016745    
  16090000   0.99408513     5.964311       1.4910362      6.9052336    
  16100000   0.99947978     5.9485066      1.4991277      6.9005492    
  16110000   0.99434981     5.9519947      1.4914332      6.8984213    
  16120000   0.99540987     5.9566844      1.4930232      6.9090107    
  16130000   0.99696205     5.9454455      1.4953513      6.9025246    
  16140000   1.0066138      5.9453839      1.5098281      6.9003982    
  16150000   1.0022461      5.9474192      1.5032769      6.8999327    
  16160000   0.9983859      5.9654715      1.497487       6.903607     
  16170000   0.99764503     5.9573639      1.4963757      6.9091628    
  16180000   0.99198286     5.9572543      1.487883       6.8961923    
  16190000   1.001277       5.940469       1.5018233      6.9137195    
  16200000   1.0009569      5.9382984      1.5013433      6.89301      
  16210000   1.002229       5.9210226      1.5032512      6.8891956    
  16220000   0.99551966     5.941035       1.4931879      6.9012077    
  16230000   0.99651729     5.9372975      1.4946842      6.8908026    
  16240000   0.99055841     5.9640852      1.4857465      6.9070647    
  16250000   0.99779258     5.971711       1.4965971      6.9161261    
  16260000   1.0076504      5.9700176      1.5113828      6.912377     
  16270000   1.0025205      5.959175       1.5036885      6.9052173    
  16280000   1.0056308      5.9789362      1.5083537      6.9051936    
  16290000   1.0017671      5.9922136      1.5025584      6.9144788    
  16300000   1.0009985      5.9798345      1.5014057      6.9075549    
  16310000   1.0002278      5.9718863      1.5002496      6.8987555    
  16320000   1.008661       5.9764377      1.5128987      6.9148561    
  16330000   1.005728       5.9441027      1.5084995      6.9029136    
  16340000   1.0088138      5.9358282      1.5131278      6.8964637    
  16350000   0.99879697     5.946811       1.4981035      6.9099555    
  16360000   0.99661758     5.9539005      1.4948347      6.9048928    
  16370000   1.005163       5.9411047      1.507652       6.8966851    
  16380000   0.99615326     5.9407783      1.4941382      6.9016396    
  16390000   1.0007723      5.9559384      1.5010664      6.9075765    
  16400000   1.000165       5.950725       1.5001555      6.9009046    
  16410000   0.9971852      5.9406367      1.495686       6.9049794    
  16420000   1.0059972      5.929571       1.5089033      6.8956063    
  16430000   1.0060452      5.9439903      1.5089752      6.9069696    
  16440000   0.99475857     5.9515274      1.4920463      6.9080835    
  16450000   0.99190179     5.9658179      1.4877614      6.9183657    
  16460000   0.98411343     5.9696685      1.4760796      6.9112422    
  16470000   0.99760016     5.9429427      1.4963084      6.9046599    
  16480000   0.99765174     5.9412195      1.4963858      6.8938899    
  16490000   0.9971816      5.9469801      1.4956806      6.9055057    
  16500000   1.000063       5.9427668      1.5000024      6.9004814    
  16510000   0.99522162     5.9705119      1.4927408      6.9086938    
  16520000   1.0085221      5.945489       1.5126903      6.902558     
  16530000   1.0028752      5.9516596      1.5042205      6.8935159    
  16540000   1.0034589      5.9554056      1.5050961      6.8993631    
  16550000   0.993518       5.9888987      1.4901856      6.915515     
  16560000   1.0001766      5.9733223      1.5001729      6.9074296    
  16570000   1.0121112      5.9673927      1.5180736      6.9059723    
  16580000   1.0082714      5.9518609      1.5123143      6.8990129    
  16590000   0.9920426      5.9652165      1.4879726      6.9082779    
  16600000   0.99713722     5.9843175      1.4956141      6.9208272    
  16610000   0.99353347     5.9682653      1.4902088      6.9052452    
  16620000   1.0025411      5.9438688      1.5037194      6.9122101    
  16630000   1.0037217      5.9591581      1.5054901      6.9013339    
  16640000   1.0112962      5.9326535      1.5168513      6.9009727    
  16650000   0.98386501     5.976286       1.475707       6.9059624    
  16660000   0.99518995     5.9681848      1.4926933      6.9043418    
  16670000   1.0171028      5.9575842      1.5255607      6.9037064    
  16680000   0.99825165     5.9709763      1.4972856      6.9011996    
  16690000   1.0045668      5.9905897      1.5067578      6.9163564    
  16700000   1.0013162      5.983995       1.5018821      6.9191679    
  16710000   1.0082461      5.9446593      1.5122764      6.8995569    
  16720000   0.99979692     5.9510284      1.4996034      6.8998736    
  16730000   1.0016189      5.9581295      1.5023361      6.8997773    
  16740000   1.0061396      5.9546834      1.5091169      6.9125166    
  16750000   1.0038831      5.9510657      1.5057322      6.8896571    
  16760000   0.99670905     5.9503638      1.4949718      6.9020097    
  16770000   0.99301232     5.9715552      1.4894271      6.9112462    
  16780000   0.99269825     5.9611317      1.488956       6.9120715    
  16790000   0.99147622     5.9593488      1.4871231      6.9040123    
  16800000   1.0044555      5.9464753      1.5065908      6.8959373    
  16810000   0.99871802     5.9598593      1.4979851      6.8987933    
  16820000   0.99057554     5.959972       1.4857722      6.9046315    
  16830000   1.0096311      5.97477        1.5143537      6.9117196    
  16840000   1.0094145      5.9799306      1.5140289      6.9156961    
  16850000   1.0061118      5.9505839      1.5090751      6.9072075    
  16860000   1.0054122      5.9528907      1.5080257      6.9174142    
  16870000   0.99742761     5.9612182      1.4960496      6.9155102    
  16880000   1.001217       5.9676825      1.5017334      6.9020484    
  16890000   1.002358       5.9610391      1.5034447      6.8985769    
  16900000   1.0029142      5.9395121      1.504279       6.9073686    
  16910000   0.99503971     5.9387945      1.492468       6.9012829    
  16920000   0.99853343     5.9431483      1.4977082      6.9003274    
  16930000   1.0101903      5.9512105      1.5151925      6.8961671    
  16940000   1.0063072      5.9531882      1.5093682      6.9054629    
  16950000   0.99569316     5.9689668      1.4934481      6.9133923    
  16960000   1.0032495      5.9613656      1.5047819      6.8994161    
  16970000   1.0033941      5.9620445      1.5049988      6.9126939    
  16980000   0.99723745     5.9672995      1.4957644      6.9125191    
  16990000   1.0016881      5.9601506      1.50244        6.8939548    
  17000000   0.99888502     5.9535303      1.4982356      6.9058429    
  17010000   1.0016192      5.9566069      1.5023366      6.8916581    
  17020000   1.0052759      5.9520464      1.5078214      6.9077379    
  17030000   1.0063114      5.9633282      1.5093745      6.9069524    
  17040000   1.0039894      5.9584043      1.5058917      6.9039684    
  17050000   0.99609905     5.9710597      1.4940569      6.9042864    
  17060000   1.0036465      5.9761626      1.5053773      6.9203698    
  17070000   1.0032363      5.9715113      1.5047621      6.9034279    
  17080000   1.0041266      5.9742877      1.5060975      6.9129891    
  17090000   0.99463392     5.9565392      1.4918594      6.9035265    
  17100000   0.99407658     5.9568473      1.4910234      6.8991596    
  17110000   0.99077443     5.9584881      1.4860705      6.8968469    
  17120000   1.0003772      5.9472491      1.5004737      6.8985466    
  17130000   0.99419743     5.9589577      1.4912047      6.9032477    
  17140000   0.99895175     5.9695192      1.4983357      6.9053849    
  17150000   1.01109        5.9605476      1.516542       6.8963574    
  17160000   1.0077569      5.9667701      1.5115426      6.9032354    
  17170000   1.0008151      5.9712016      1.5011305      6.9061277    
  17180000   1.0147126      5.9565047      1.5219756      6.9097939    
  17190000   1.0015607      5.9582692      1.5022489      6.894501     
  17200000   1.0070979      5.9511573      1.5105542      6.9029382    
  17210000   0.99772607     5.9584879      1.4964973      6.907824     
  17220000   0.99608209     5.9723643      1.4940315      6.9092186    
  17230000   0.99866372     5.9700725      1.4979037      6.9045711    
  17240000   1.0026645      5.9767895      1.5039045      6.9067541    
  17250000   1.0058774      5.970842       1.5087236      6.9033167    
  17260000   1.0089723      5.9705817      1.5133657      6.9162181    
  17270000   1.0054893      5.9697706      1.5081414      6.9149618    
  17280000   1.0018843      5.9690832      1.5027343      6.9085436    
  17290000   1.008218       5.9707927      1.5122342      6.902082     
  17300000   1.0026004      5.977765       1.5038084      6.9018604    
  17310000   1.0081782      5.9580328      1.5121745      6.9072468    
  17320000   1.0050593      5.974735       1.5074964      6.900457     
  17330000   1.0102878      5.9793601      1.5153387      6.9096752    
  17340000   0.99350639     6.0027646      1.4901682      6.9044121    
  17350000   1.0186188      5.9462344      1.5278344      6.8928249    
  17360000   0.99635771     5.9772962      1.4944449      6.9099746    
  17370000   1.0034809      5.9579158      1.5051289      6.9004564    
  17380000   1.0043252      5.9716449      1.5063954      6.9089349    
  17390000   1.0011696      5.967296       1.5016622      6.905579     
  17400000   0.99977447     5.9694321      1.4995697      6.9007985    
  17410000   1.0010652      5.9559579      1.5015057      6.8956981    
  17420000   1.003036       5.9760299      1.5044617      6.9069237    
  17430000   1.0014132      5.9950219      1.5020276      6.9118013    
  17440000   1.0104         5.9997199      1.5155071      6.9118772    
  17450000   0.99905701     6.0080051      1.4984936      6.910761     
  17460000   1.0153737      6.0059831      1.5229671      6.9178449    
  17470000   1.0074905      6.0031639      1.511143       6.9053781    
  17480000   1.0127527      5.9947037      1.5190358      6.8986919    
  17490000   1.0031708      5.9900827      1.5046639      6.9069525    
  17500000   0.99869834     5.9984304      1.4979556      6.9084443    
  17510000   1.0097074      5.9954938      1.5144682      6.9111011    
  17520000   1.0001544      5.9869451      1.5001396      6.8986458    
  17530000   1.0045266      6.0000988      1.5066975      6.9121862    
  17540000   1.0076354      5.9897788      1.5113603      6.9071779    
  17550000   1.0059688      5.9955794      1.5088606      6.9073415    
  17560000   1.0090701      5.9657987      1.5135122      6.9153917    
  17570000   1.0097619      5.9718091      1.51455        6.9145798    
  17580000   0.99030663     5.9861133      1.4853688      6.9136014    
  17590000   1.007756       5.9683563      1.5115412      6.9061092    
  17600000   1.0056812      5.9688682      1.5084293      6.8985192    
  17610000   0.99687721     5.9471373      1.4952241      6.9034204    
  17620000   0.99741413     5.9576551      1.4960294      6.8980551    
  17630000   0.99478917     5.9624301      1.4920922      6.8996636    
  17640000   0.99758968     5.9614645      1.4962927      6.8992027    
  17650000   1.0050532      5.9658233      1.5074873      6.9019624    
  17660000   1.0037636      5.9636704      1.5055531      6.902625     
  17670000   1.0091919      5.9815445      1.513695       6.9124071    
  17680000   1.0115778      5.9731231      1.5172736      6.9072964    
  17690000   0.99854656     5.938127       1.497728       6.9118943    
  17700000   0.99482729     5.9543371      1.4921494      6.9048832    
  17710000   1.0031002      5.9637613      1.5045579      6.901101     
  17720000   0.99889185     5.9824631      1.4982458      6.9164651    
  17730000   1.0126631      5.9634213      1.5189014      6.9018899    
  17740000   1.0155804      5.9638358      1.5232772      6.899437     
  17750000   1.0081718      5.9554921      1.5121649      6.9058239    
  17760000   0.99755141     5.9687916      1.4962353      6.9014762    
  17770000   1.0121664      5.9625732      1.5181564      6.9113032    
  17780000   1.0007973      5.9429457      1.5011039      6.905897     
  17790000   0.99883514     5.9550869      1.4981608      6.9061594    
  17800000   0.99948042     5.9467981      1.4991287      6.9020279    
  17810000   0.99284597     5.9691326      1.4891776      6.9027733    
  17820000   0.99219568     5.9640326      1.4882022      6.8967943    
  17830000   1.0014157      5.9457038      1.5020313      6.905434     
  17840000   1.0049506      5.9508328      1.5073334      6.8995716    
  17850000   0.99903979     5.9513412      1.4984678      6.9013291    
  17860000   1.0050815      5.9556137      1.5075298      6.9054278    
  17870000   1.0053941      5.9592798      1.5079987      6.9052736    
  17880000   1.0004519      5.9618637      1.5005858      6.9027881    
  17890000   0.99173787     5.96028        1.4875155      6.9151619    
  17900000   0.9892863      5.9594704      1.4838384      6.9228802    
  17910000   0.99477644     5.939369       1.4920731      6.8979706    
  17920000   1.0013755      5.9415939      1.5019711      6.8918013    
  17930000   0.99740886     5.9311051      1.4960215      6.8878625    
  17940000   0.99082259     5.9656431      1.4861427      6.9072932    
  17950000   0.9906874      5.9465132      1.4859399      6.8982726    
  17960000   0.99691572     5.9429207      1.4952818      6.8984338    
  17970000   0.99406317     5.9544919      1.4910033      6.9126229    
  17980000   1.0126116      5.9215419      1.5188242      6.9020382    
  17990000   1.0026382      5.9535238      1.503865       6.91035      
  18000000   1.013597       5.9480535      1.5203022      6.9049614    
  18010000   0.99443526     5.9372518      1.4915614      6.9104094    
  18020000   0.9919021      5.9608163      1.4877619      6.9118109    
  18030000   0.99655988     5.93705        1.4947481      6.9112328    
  18040000   1.0039504      5.9387583      1.5058332      6.9026732    
  18050000   1.000018       5.9505827      1.499935       6.9030116    
  18060000   1.0097946      5.9240306      1.5145989      6.8950402    
  18070000   0.9987768      5.9349607      1.4980733      6.8930952    
  18080000   1.0003762      5.9334158      1.5004723      6.8953516    
  18090000   0.99900171     5.9488577      1.4984106      6.8935814    
  18100000   0.99161155     5.9638545      1.4873261      6.9049739    
  18110000   0.99229774     5.98462        1.4883553      6.9127769    
  18120000   1.0066113      5.9653458      1.5098244      6.8875308    
  18130000   1.0013297      5.9775839      1.5019024      6.9011288    
  18140000   1.0128968      5.9794807      1.519252       6.9137998    
  18150000   1.0001119      5.9887966      1.5000759      6.9036338    
  18160000   1.010066       5.9749737      1.515006       6.9067558    
  18170000   1.0048326      5.9872005      1.5071565      6.9223787    
  18180000   0.99409573     5.9829008      1.4910521      6.9029548    
  18190000   1.0061174      5.9823551      1.5090835      6.9134292    
  18200000   0.99758123     5.974878       1.49628        6.9067346    
  18210000   1.0026893      5.9671569      1.5039417      6.8953996    
  18220000   1.0115669      5.9672508      1.5172573      6.8937927    
  18230000   1.0065903      5.9714586      1.5097928      6.9017402    
  18240000   1.0057128      5.9645673      1.5084767      6.9079153    
  18250000   1.0000086      5.9478161      1.4999208      6.8983653    
  18260000   0.99106379     5.9701485      1.4865045      6.9075016    
  18270000   0.99928227     5.9650248      1.4988314      6.8987372    
  18280000   0.99812867     5.9548424      1.4971012      6.9108956    
  18290000   0.99067644     5.9719694      1.4859235      6.9221247    
  18300000   1.008138       5.9593154      1.5121142      6.9120608    
  18310000   1.0039526      5.9565544      1.5058365      6.9071678    
  18320000   0.99428586     5.978166       1.4913373      6.9127215    
  18330000   1.007463       5.9666264      1.5111018      6.9097774    
  18340000   1.0042195      5.9550584      1.5062368      6.8889644    
  18350000   0.99990052     5.9667731      1.4997588      6.9064351    
  18360000   1.0048579      5.9464609      1.5071944      6.8964222    
  18370000   1.001121       5.9520419      1.5015893      6.9044064    
  18380000   1.0017911      5.9485588      1.5025945      6.8996694    
  18390000   0.9978666      5.9385609      1.4967081      6.9012054    
  18400000   0.99479959     5.9590823      1.4921078      6.9049739    
  18410000   1.0047908      5.9462637      1.5070938      6.9008751    
  18420000   1.0074159      5.9675441      1.5110311      6.9048093    
  18430000   1.0066987      5.9825148      1.5099554      6.9055997    
  18440000   1.0053573      5.9838445      1.5079434      6.9029065    
  18450000   1.0090168      5.9690895      1.5134323      6.9090118    
  18460000   1.0022592      5.9907701      1.5032965      6.9146618    
  18470000   0.99359277     5.9762217      1.4902977      6.9053304    
  18480000   0.99818633     5.9496822      1.4971876      6.9084854    
  18490000   1.0021219      5.9586161      1.5030906      6.9026982    
  18500000   1.0053344      5.9618028      1.5079091      6.8980955    
  18510000   1.0005284      5.9743256      1.5007005      6.9133458    
  18520000   1.0065363      5.9653905      1.5097118      6.9056245    
  18530000   0.99410113     5.9968138      1.4910602      6.9093789    
  18540000   0.99196335     5.9881085      1.4878537      6.9072674    
  18550000   1.0012233      5.9818665      1.5017428      6.9183842    
  18560000   0.99890604     5.9790384      1.4982671      6.9063852    
  18570000   0.99791258     5.9647106      1.496777       6.906254     
  18580000   1.0006371      5.9527333      1.5008636      6.9065832    
  18590000   1.0026668      5.9478121      1.503908       6.8999492    
  18600000   1.0096744      5.9406761      1.5144187      6.8957486    
  18610000   1.0006666      5.9504219      1.5009079      6.9044109    
  18620000   0.9882561      5.9437032      1.4822932      6.9134447    
  18630000   0.99595107     5.9421789      1.493835       6.893682     
  18640000   1.0083571      5.9424993      1.5124429      6.8996193    
  18650000   1.0019359      5.9435661      1.5028116      6.9017419    
  18660000   1.0002713      5.9484695      1.5003149      6.9018128    
  18670000   1.0060979      5.9485598      1.5090542      6.9003731    
  18680000   0.99359308     5.9420116      1.4902982      6.8913832    
  18690000   1.0014119      5.9349518      1.5020258      6.8924219    
  18700000   0.99201288     5.9305835      1.487928       6.8974412    
  18710000   0.99169652     5.9329016      1.4874535      6.8993988    
  18720000   0.9943755      5.9437111      1.4914717      6.8995616    
  18730000   1.0007176      5.9267179      1.5009843      6.9046628    
  18740000   1.0048307      5.9347299      1.5071536      6.8936353    
  18750000   0.99323319     5.9489389      1.4897584      6.9046395    
  18760000   0.99390901     5.9230201      1.490772       6.9021749    
  18770000   0.98800258     5.9378519      1.4819129      6.9010262    
  18780000   1.001873       5.9107472      1.5027172      6.8915264    
  18790000   0.99411014     5.9417682      1.4910737      6.8975321    
  18800000   1.0006358      5.9345514      1.5008616      6.9033935    
  18810000   0.99306238     5.9479542      1.4895022      6.9023338    
  18820000   1.0018267      5.9514954      1.5026478      6.9081105    
  18830000   1.0057747      5.9351797      1.5085696      6.9005686    
  18840000   0.99398178     5.9445314      1.4908812      6.8942456    
  18850000   0.99394294     5.9419271      1.4908229      6.8994517    
  18860000   1.0025732      5.9347959      1.5037676      6.9021413    
  18870000   1.0084391      5.9346269      1.5125658      6.9072011    
  18880000   1.0019639      5.951264       1.5028537      6.9046874    
  18890000   1.0075297      5.9418266      1.5112018      6.8953576    
  18900000   0.99547974     5.9577879      1.493128       6.9102152    
  18910000   1.0013599      5.978058       1.5019477      6.9122769    
  18920000   0.99661941     5.9799624      1.4948374      6.9008563    
  18930000   1.0022139      5.9499353      1.5032286      6.9026742    
  18940000   1.0068413      5.951823       1.5101693      6.894262     
  18950000   0.99388809     5.9461802      1.4907407      6.8980202    
  18960000   0.99224433     5.9810184      1.4882752      6.9149928    
  18970000   0.99630932     5.9510093      1.4943723      6.9054031    
  18980000   1.017894       5.9470087      1.5267473      6.9009289    
  18990000   1.0007395      5.952052       1.5010172      6.9006893    
  19000000   0.99458108     5.9462086      1.4917801      6.9024414    
  19010000   1.0013195      5.9562043      1.5018871      6.9123053    
  19020000   0.99943733     5.9337464      1.499064       6.8973655    
  19030000   0.99272264     5.9198537      1.4889926      6.8977582    
  19040000   0.99398317     5.9376608      1.4908833      6.9027441    
  19050000   0.99805023     5.9289765      1.4969835      6.9018737    
  19060000   0.99165133     5.9388165      1.4873857      6.9009553    
  19070000   0.99519204     5.9181481      1.4926965      6.9000326    
  19080000   0.9816492      5.9282038      1.4723835      6.8913769    
  19090000   0.98285131     5.9266943      1.4741865      6.9008766    
  19100000   0.98874922     5.9181324      1.4830328      6.8953881    
  19110000   0.98451573     5.9282483      1.476683       6.900735     
  19120000   0.99820984     5.9303488      1.4972229      6.9022209    
  19130000   0.99454814     5.9541954      1.4917307      6.9014831    
  19140000   1.0001122      5.9662944      1.5000763      6.9159525    
  19150000   1.0054428      5.9572852      1.5080717      6.9062561    
  19160000   1.0065722      5.9488512      1.5097656      6.9127243    
  19170000   0.99899851     5.9749753      1.4984058      6.9092758    
  19180000   0.99950336     5.9594385      1.4991631      6.9068868    
  19190000   0.9838888      5.9725689      1.4757427      6.9050023    
  19200000   1.0064346      5.9477571      1.5095593      6.9025113    
  19210000   1.0051901      5.9375208      1.5076926      6.899907     
  19220000   1.001035       5.9434349      1.5014605      6.905294     
  19230000   0.99625581     5.94877        1.494292       6.9019843    
  19240000   0.98903953     5.947572       1.4834683      6.8982826    
  19250000   1.0053912      5.9375252      1.5079942      6.9027658    
  19260000   0.99267582     5.9586353      1.4889224      6.8960257    
  19270000   1.0017454      5.96403        1.502526       6.9027285    
  19280000   1.0002103      5.9600392      1.5002233      6.9030815    
  19290000   1.0052866      5.9512945      1.5078373      6.8990839    
  19300000   0.99747236     5.9584855      1.4961168      6.9009494    
  19310000   1.0005975      5.9379242      1.5008041      6.9013554    
  19320000   0.98440183     5.9608822      1.4765122      6.9046818    
  19330000   1.0030177      5.9547894      1.5044343      6.9046843    
  19340000   1.0078986      5.9568888      1.5117551      6.9119031    
  19350000   1.0025166      5.9741804      1.5036826      6.9136301    
  19360000   1.0054009      5.9617198      1.5080088      6.9026122    
  19370000   1.005117       5.9572308      1.507583       6.9037008    
  19380000   0.99745202     5.9761524      1.4960862      6.907531     
  19390000   0.99911521     5.9643407      1.4985809      6.9059823    
  19400000   0.99710127     5.9551641      1.4955601      6.9029366    
  19410000   1.0101784      5.9548447      1.5151747      6.9012578    
  19420000   0.99460492     5.9723552      1.4918159      6.9063745    
  19430000   1.0132458      5.9517167      1.5197754      6.9062468    
  19440000   0.9996212      5.962964       1.4993398      6.9157875    
  19450000   1.0018468      5.9549016      1.502678       6.902962     
  19460000   1.008105       5.9448262      1.5120647      6.9118715    
  19470000   1.0062296      5.946728       1.5092518      6.8944487    
  19480000   1.0052553      5.9403298      1.5077904      6.913285     
  19490000   0.9976057      5.9497338      1.4963167      6.9051928    
  19500000   0.99418926     5.9612559      1.4911924      6.9106624    
  19510000   1.0020313      5.9615247      1.5029547      6.9068377    
  19520000   0.99702067     5.9757653      1.4954392      6.9174035    
  19530000   0.99900455     5.9646083      1.4984149      6.9014427    
  19540000   1.002529       5.9578388      1.5037012      6.9210728    
  19550000   1.0049455      5.9555012      1.5073257      6.9150102    
  19560000   1.0000184      5.9491094      1.4999356      6.9031042    
  19570000   1.0062803      5.9512939      1.5093278      6.9034121    
  19580000   0.99432305     5.9505254      1.4913931      6.8996317    
  19590000   1.0046838      5.9332091      1.5069332      6.9050701    
  19600000   1.000008       5.9438644      1.49992        6.8991837    
  19610000   1.0066041      5.9481599      1.5098135      6.8942347    
  19620000   0.99980004     5.9511679      1.4996081      6.9065724    
  19630000   1.0000024      5.9424593      1.4999116      6.8938876    
  19640000   0.99992302     5.9401864      1.4997925      6.9035294    
  19650000   0.98149182     5.9432668      1.4721474      6.8958331    
  19660000   0.99773909     5.9310065      1.4965168      6.9086055    
  19670000   1.0055115      5.9368472      1.5081747      6.9030531    
  19680000   1.0045817      5.9404024      1.5067801      6.9049985    
  19690000   0.99389945     5.9503624      1.4907577      6.8918467    
  19700000   0.99039331     5.9555766      1.4854988      6.9118931    
  19710000   0.99892527     5.9590938      1.498296       6.9060287    
  19720000   1.0036203      5.952349       1.505338       6.9071036    
  19730000   0.98844639     5.9706657      1.4825786      6.9136026    
  19740000   1.0043161      5.9399411      1.5063817      6.9048749    
  19750000   0.99736342     5.9226883      1.4959533      6.8977299    
  19760000   0.99823476     5.9413807      1.4972603      6.9004175    
  19770000   1.0017468      5.9410342      1.502528       6.9022995    
  19780000   0.9935135      5.9558602      1.4901788      6.9053078    
  19790000   1.0089441      5.9498878      1.5133234      6.903164     
  19800000   0.99812915     5.9563769      1.4971019      6.9013558    
  19810000   0.99995666     5.9541403      1.499843       6.9019938    
  19820000   1.002794       5.9430296      1.5040987      6.9015193    
  19830000   0.99592941     5.9498168      1.4938025      6.9162781    
  19840000   0.99330766     5.9419078      1.4898701      6.8958623    
  19850000   0.98640962     5.9489753      1.4795237      6.9064324    
  19860000   0.99729113     5.9522181      1.4958449      6.9023978    
  19870000   0.99183586     5.955769       1.4876625      6.9041005    
  19880000   1.0065815      5.9410812      1.5097796      6.9107701    
  19890000   1.0021323      5.944701       1.5031063      6.8974139    
  19900000   0.99807454     5.9465509      1.49702        6.9042091    
  19910000   0.99823688     5.9257228      1.4972635      6.9078359    
  19920000   0.98795605     5.9230436      1.4818432      6.8959455    
  19930000   0.98895454     5.9459087      1.4833408      6.9027535    
  19940000   0.99037136     5.9582224      1.4854659      6.9075818    
  19950000   1.0021539      5.9523701      1.5031386      6.9001478    
  19960000   1.0084638      5.9536326      1.5126029      6.9024077    
  19970000   0.9994169      5.9778994      1.4990334      6.900962     
  19980000   1.0092358      5.967843       1.5137608      6.8987468    
  19990000   1.0141847      5.9627986      1.5211838      6.9106678    
  20000000   0.99945991     5.9725322      1.4990979      6.9027723    
  20010000   0.99605061     5.982669       1.4939843      6.9098083    
  20020000   0.99979191     5.9755621      1.4995959      6.9140177    
  20030000   1.0101001      5.9730342      1.5150571      6.9070215    
  20040000   0.99804971     5.957925       1.4969827      6.9086716    
  20050000   0.99758241     5.9504376      1.4962818      6.9035686    
  20060000   0.99278183     5.9628781      1.4890814      6.9050655    
  20070000   0.99887605     5.9586564      1.4982221      6.9138699    
  20080000   1.0027998      5.9787237      1.5041074      6.9167839    
  20090000   1.0014563      5.9641601      1.5020924      6.8995393    
  20100000   0.99918321     5.9792668      1.4986829      6.9083691    
  20110000   1.0037762      5.9723512      1.5055719      6.8962615    
Loop time of 356179 on 1 procs for 20000000 steps with 16300 atoms

Performance: 24257.479 tau/day, 56.152 timesteps/s
58.1% CPU use with 1 MPI tasks x 1 OpenMP threads

MPI task timing breakdown:
Section |  min time  |  avg time  |  max time  |%varavg| %total
---------------------------------------------------------------
Pair    | 1.8478e+05 | 1.8478e+05 | 1.8478e+05 |   0.0 | 51.88
Bond    | 13088      | 13088      | 13088      |   0.0 |  3.67
Neigh   | 1.2152e+05 | 1.2152e+05 | 1.2152e+05 |   0.0 | 34.12
Comm    | 2141.2     | 2141.2     | 2141.2     |   0.0 |  0.60
Output  | 51.674     | 51.674     | 51.674     |   0.0 |  0.01
Modify  | 33029      | 33029      | 33029      |   0.0 |  9.27
Other   |            | 1567       |            |       |  0.44

Nlocal:          16300 ave       16300 max       16300 min
Histogram: 1 0 0 0 0 0 0 0 0 0
Nghost:           4040 ave        4040 max        4040 min
Histogram: 1 0 0 0 0 0 0 0 0 0
Neighs:         354906 ave      354906 max      354906 min
Histogram: 1 0 0 0 0 0 0 0 0 0

Total # of neighbors = 354906
Ave neighs/atom = 21.773374
Ave special neighs/atom = 1.9141104
Neighbor list builds = 1795088
Dangerous builds = 268644


write_data data*.xyz
System init for write_data ...
Generated 0 of 1 mixed pair_coeff terms from geometric mixing rule
WARNING: Not all mixed pair coeffs generated from mixing. Use write_data with 'pair ij' option to store all pair coeffs. (src/write_data.cpp:309)
write_restart 	restart.polymer_ring
System init for write_restart ...
Generated 0 of 1 mixed pair_coeff terms from geometric mixing rule

print "ALL done"
ALL done
Total wall time: 98:59:39
