pair_style lj/cut 4.0
pair_modify shift yes

read_restart prod.restart1
Reading restart file ...
  restart file = 23 Jun 2022, LAMMPS = 23 Jun 2022
  restoring atom style bond from restart
  orthogonal box = (-30 -30 -35) to (30 30 35)
  1 by 1 by 1 MPI processor grid
  restoring pair style lj/cut from restart
  restoring bond style fene from restart
  16250 atoms
  15600 bonds
Finding 1-2 1-3 1-4 neighbors ...
  special bond factors lj:    0        1        1       
  special bond factors coul:  0        1        1       
     2 = max # of 1-2 neighbors
     6 = max # of special neighbors
  special bonds CPU = 0.002 seconds
  read_restart CPU = 0.028 seconds
bond_style fene
special_bonds fene

bond_coeff 1 10.0 2.0 1.0 1.0
group polymer type 1
16250 atoms in group polymer

pair_coeff	1 1 0.5 1.0 1.225
pair_coeff 	1 2 50.0 1.0 4.0
pair_coeff	2 2 1.0 1.0 1.1225


neighbor       0.5 bin

region upper_box block -30 30 -30 30 32.2 34.8
create_atoms 2 random 100 998273 upper_box
Created 100 atoms
  using lattice units in orthogonal box = (-30 -30 -35) to (30 30 35)
  create_atoms CPU = 0.000 seconds


group ligand type 2
100 atoms in group ligand

fix 1 polymer wall/lj126 zlo -32 1.0 1.0 1.1225 zhi 32 1.0 1.0 1.1225
fix 2 ligand wall/lj126 zlo 32 1.0 1.0 1.1225 zhi 35 1.0 1.0 1.1225

#minimize 1.0e-4 1.0e-6 100 1000

fix 3 all nve/limit 0.01
run 10000
Generated 0 of 1 mixed pair_coeff terms from geometric mixing rule
Neighbor list info ...
  update every 1 steps, delay 10 steps, check yes
  max neighbors/atom: 2000, page size: 100000
  master list distance cutoff = 4.5
  ghost atom cutoff = 4.5
  binsize = 2.25, bins = 27 27 32
  1 neighbor lists, perpetual/occasional/extra = 1 0 0
  (1) pair lj/cut, perpetual
      attributes: half, newton on
      pair build: half/bin/newton
      stencil: half/bin/3d
      bin: standard
Per MPI rank memory allocation (min/avg/max) = 9.359 | 9.359 | 9.359 Mbytes
   Step          Temp          E_pair         E_mol          TotEng         Press     
    100000   0.99128747     7.255982       7.4097566      16.152579      3.1805659    
    110000   0.25580482    -0.10035825     6.422196       6.7055215     -0.0033752732 
Loop time of 29.2324 on 1 procs for 10000 steps with 16350 atoms

Performance: 147780.982 tau/day, 342.086 timesteps/s
75.6% CPU use with 1 MPI tasks x 1 OpenMP threads

MPI task timing breakdown:
Section |  min time  |  avg time  |  max time  |%varavg| %total
---------------------------------------------------------------
Pair    | 7.9939     | 7.9939     | 7.9939     |   0.0 | 27.35
Bond    | 4.364      | 4.364      | 4.364      |   0.0 | 14.93
Neigh   | 11.985     | 11.985     | 11.985     |   0.0 | 41.00
Comm    | 0.62607    | 0.62607    | 0.62607    |   0.0 |  2.14
Output  | 0.00010999 | 0.00010999 | 0.00010999 |   0.0 |  0.00
Modify  | 3.5057     | 3.5057     | 3.5057     |   0.0 | 11.99
Other   |            | 0.7572     |            |       |  2.59

Nlocal:          16350 ave       16350 max       16350 min
Histogram: 1 0 0 0 0 0 0 0 0 0
Nghost:           4101 ave        4101 max        4101 min
Histogram: 1 0 0 0 0 0 0 0 0 0
Neighs:          29647 ave       29647 max       29647 min
Histogram: 1 0 0 0 0 0 0 0 0 0

Total # of neighbors = 29647
Ave neighs/atom = 1.8132722
Ave special neighs/atom = 1.9082569
Neighbor list builds = 385
Dangerous builds = 0
unfix 3

fix 3 all nve
fix		4 all langevin 1 1 100.0 90428

thermo_style	custom step temp pe ke ebond
thermo_modify flush yes
thermo          10000

timestep	0.005

dump 1 all custom 50000 file_trajectory.bin id type x y z xu yu zu vx vy vz

restart 100000  prod.restart2 prod.restart3

run 20000000
Generated 0 of 1 mixed pair_coeff terms from geometric mixing rule
Per MPI rank memory allocation (min/avg/max) = 9.564 | 9.564 | 9.564 Mbytes
   Step          Temp          PotEng         KinEng         E_bond    
    110000   0.25580482     6.3218378      0.38368376     6.422196          120000   0.61912358     6.5746775      0.92862856     6.6465348         130000   0.80015208     6.7154656      1.2001547      6.7696034         140000   0.90139735     6.7908182      1.3520133      6.8373588         150000   0.94781183     6.8381232      1.4216308      6.878157          160000   0.96998203     6.8729099      1.4548841      6.9037489         170000   0.97676173     6.8820052      1.465053       6.9070242         180000   0.98440819     6.882853       1.476522       6.9045454         190000   0.97999905     6.910065       1.4699087      6.9186621         200000   0.99589751     6.8945273      1.4937549      6.906357        210000   0.99477415     6.902705       1.49207        6.9136896    
    220000   0.9972494      6.8975124      1.4957826      6.9106681    
    230000   0.98899027     6.9056831      1.4833947      6.9170906    
    240000   0.99252912     6.9003266      1.4887026      6.9123357    
    250000   1.0024684      6.9057509      1.5036107      6.9210009    
    260000   0.99511538     6.9206736      1.4925818      6.9316105    
    270000   1.0070158      6.9055551      1.5104313      6.9203158    
      280000   1.0043582      6.9029752      1.5064452      6.9161859         290000   1.0003591      6.9086201      1.5004469      6.919961          300000   1.000548       6.9040965      1.5007302      6.9172747         310000   1.0055341      6.912575       1.5082088      6.9278383         320000   0.99125287     6.9171305      1.4867884      6.9314192         330000   0.99530085     6.9220678      1.49286        6.9252576         340000   1.0047034      6.9024658      1.5069629      6.9132557       350000   0.99983713     6.895585       1.499664       6.9093015    
    360000   0.99109869     6.9039649      1.4865571      6.9141257    
      370000   0.9985998      6.910942       1.4978081      6.9214833         380000   1.0039926      6.9151472      1.5058967      6.9267234         390000   1.0078882      6.9159034      1.5117398      6.919984          400000   1.0007273      6.9071989      1.5009991      6.9130822         410000   0.99048548     6.9142836      1.4856374      6.9181832       420000   0.99135638     6.9114253      1.4869436      6.918333     
      430000   0.99592346     6.9153692      1.4937938      6.9234081         440000   0.99785355     6.9118209      1.4966888      6.9180055         450000   0.9963083      6.9106079      1.494371       6.9133965         460000   0.99075676     6.9012697      1.4860443      6.9063228         470000   1.0000252      6.9097019      1.4999461      6.9155877         480000   1.0058008      6.903394       1.5086089      6.9109238         490000   1.003388       6.904817       1.50499        6.9169544         500000   0.99727678     6.9014061      1.4958237      6.9076873         510000   0.99106926     6.9172563      1.486513       6.9245002         520000   0.99551554     6.9100719      1.493182       6.9189064         530000   0.99961405     6.913108       1.4993294      6.9233671         540000   1.0104184      6.9160673      1.5155349      6.9262912         550000   1.0128519      6.8957103      1.5191849      6.9075628       560000   1.0054568      6.9094398      1.5080929      6.9187692    
    570000   0.99318634     6.9012456      1.4896884      6.9124245    
    580000   1.0095839      6.8870012      1.5142832      6.9047071    
    590000   1.0109433      6.8970183      1.5163222      6.9075902    
    600000   1.0123426      6.9049734      1.518421       6.9171555    
    610000   1.0033702      6.912212       1.5049632      6.9199539    
    620000   1.0154349      6.9042036      1.5230592      6.9168473    
      630000   0.99439358     6.9163697      1.4914991      6.9267992         640000   1.0077221      6.9063584      1.5114906      6.9216121         650000   1.0032458      6.9161736      1.5047767      6.9271157         660000   1.0048108      6.9084547      1.507124       6.9196673         670000   1.0060611      6.9127301      1.5089994      6.9311706         680000   1.0087965      6.9095252      1.5131023      6.9206525         690000   0.99088596     6.9081019      1.486238       6.9215238         700000   0.99318118     6.9012642      1.4896806      6.9140295         710000   0.99378638     6.9092344      1.4905884      6.9225639         720000   0.99454526     6.9062096      1.4917266      6.9157127         730000   1.0008053      6.8896974      1.5011162      6.9025908         740000   1.0054024      6.9083607      1.5080114      6.917093          750000   1.0042484      6.9006959      1.5062805      6.914219        760000   1.0095952      6.9058275      1.5143002      6.9155261    
      770000   1.0005713      6.9141999      1.5007651      6.9235801         780000   0.99979767     6.9104418      1.4996048      6.9185303         790000   0.99894026     6.9223584      1.4983187      6.9243599         800000   0.99806158     6.9165325      1.4970008      6.9214433         810000   0.98864785     6.9119574      1.4828811      6.9152584         820000   0.9860615      6.9106274      1.4790018      6.9134869         830000   1.0049487      6.8976754      1.5073308      6.9034832         840000   0.99919775     6.9055031      1.498705       6.9110657         850000   0.99741218     6.9158296      1.4960268      6.9227147         860000   0.99698876     6.9041918      1.4953917      6.909886          870000   1.0007965      6.9166188      1.501103       6.9213411         880000   1.0119095      6.9030275      1.5177714      6.9062099         890000   0.99474532     6.9087097      1.4920267      6.9120388         900000   1.0080379      6.9224406      1.5119644      6.9245905         910000   0.99871847     6.9069407      1.4979861      6.9112197         920000   0.9915536      6.9202972      1.4872394      6.9203015         930000   0.99244111     6.9146435      1.4885706      6.9115109         940000   0.98871606     6.911467       1.4829834      6.9104146         950000   0.99092714     6.9282398      1.4862998      6.9230111         960000   1.0071748      6.9195357      1.5106698      6.9170669         970000   1.003119       6.9193489      1.5045864      6.9194712         980000   1.0029989      6.9333064      1.5044063      6.9350079         990000   1.0076349      6.9289027      1.51136        6.9237992        1000000   1.0151594      6.9220799      1.522646       6.9176682        1010000   1.0041612      6.9300112      1.5061497      6.9237244        1020000   1.0012497      6.9180685      1.5017827      6.9113823        1030000   0.99651212     6.9219824      1.4946767      6.9124141        1040000   1.0117659      6.9203151      1.517556       6.9109692        1050000   1.0032969      6.9260895      1.5048532      6.913596         1060000   1.0022054      6.9295325      1.5032162      6.919368         1070000   0.99484628     6.9190032      1.4921782      6.9091907        1080000   0.99852722     6.9267349      1.4976992      6.9163089        1090000   0.99640246     6.9327319      1.4945123      6.9196137        1100000   0.99389867     6.930323       1.4907568      6.9143346        1110000   1.0012714      6.9292118      1.5018152      6.9171114        1120000   0.99010813     6.9395905      1.4850714      6.9265087        1130000   0.99973903     6.9174898      1.4995168      6.9043213        1140000   1.003348       6.9153876      1.5049299      6.9031466        1150000   0.9991559      6.9306176      1.4986422      6.9179493        1160000   0.9943844      6.951165       1.4914854      6.9371025        1170000   1.0005633      6.9227154      1.5007532      6.9098898        1180000   1.0027103      6.9336011      1.5039734      6.9209123        1190000   1.0024861      6.923287       1.5036372      6.9132739        1200000   1.0011741      6.9363928      1.5016693      6.9226406        1210000   1.0018722      6.9303191      1.5027164      6.9155147        1220000   0.99726963     6.9217107      1.4958129      6.9102591        1230000   0.99450759     6.9330702      1.4916701      6.9212191        1240000   1.004233       6.91411        1.5062574      6.9018645        1250000   1.0035989      6.9299904      1.5053063      6.9186777        1260000   0.9939464      6.9502765      1.4908284      6.9379338        1270000   1.0035163      6.9459907      1.5051824      6.9293986        1280000   1.0016778      6.9352467      1.5024248      6.9225075        1290000   0.99848342     6.9364841      1.4976335      6.9233364        1300000   1.00018        6.9306581      1.5001782      6.9179189        1310000   1.0004332      6.9259914      1.500558       6.9127086        1320000   0.99159385     6.9244288      1.4872998      6.9107388        1330000   0.9909552      6.9326076      1.4863419      6.9211108        1340000   0.9931633      6.9299237      1.4896538      6.9173187        1350000   1.0015259      6.9295126      1.5021969      6.9191826        1360000   0.9978029      6.9306415      1.4966128      6.9165313        1370000   0.99484111     6.9353986      1.4921704      6.9214426        1380000   0.98447007     6.9361761      1.4766148      6.9238499        1390000   0.99966647     6.9288447      1.499408       6.9145454        1400000   1.0039744      6.9306254      1.5058695      6.9172922        1410000   1.0000212      6.9366827      1.4999401      6.9238301        1420000   1.0029822      6.9342387      1.5043813      6.9222237        1430000   1.0073647      6.9231409      1.5109546      6.9107286        1440000   1.0083336      6.9367462      1.512408       6.9260613        1450000   1.0066595      6.9345449      1.5098969      6.9211871        1460000   1.0070379      6.9313446      1.5104645      6.9194303        1470000   0.99998609     6.9125709      1.4998874      6.9017155        1480000   0.99735068     6.944074       1.4959345      6.9335556        1490000   1.0051419      6.9332053      1.5076207      6.9179308      1500000   1.0119062      6.9460489      1.5177664      6.9344466    
     1510000   1.0072481      6.9336145      1.5107798      6.9215538        1520000   1.0044159      6.9272395      1.5065317      6.9140324        1530000   0.99622804     6.9258358      1.4942507      6.9124168        1540000   1.0012442      6.931793       1.5017745      6.9174232        1550000   1.0154652      6.9303992      1.5231047      6.9184435        1560000   1.0025911      6.924633       1.5037946      6.91118          1570000   1.0031379      6.9283482      1.5046148      6.9167315        1580000   0.99736517     6.9277533      1.4959563      6.9130213        1590000   0.99946555     6.919032       1.4991066      6.9055411        1600000   0.9945982      6.9427884      1.4918061      6.9293894        1610000   1.012237       6.9332755      1.5182626      6.9189811        1620000   1.0017715      6.9398574      1.5025654      6.9265216        1630000   0.98618437     6.9282969      1.4791861      6.9165474        1640000   0.98644357     6.934545       1.4795749      6.9213524        1650000   1.0064212      6.9251239      1.5095395      6.9155785       1660000   0.99293614     6.9287328      1.4893131      6.9180754        1670000   1.012537       6.9250005      1.5187127      6.9108028        1680000   1.0075512      6.9347778      1.5112343      6.9251964        1690000   1.0000647      6.928144       1.5000054      6.9136183        1700000   1.0050237      6.9346115      1.5074434      6.9201318        1710000   1.0121068      6.9264651      1.5180673      6.9149902        1720000   0.99976093     6.9161678      1.4995497      6.9043503        1730000   0.99019833     6.9297236      1.4852066      6.9166535        1740000   1.000833       6.9310017      1.5011577      6.918807          1750000   0.99757192     6.9420362      1.4962664      6.9297616        1760000   1.003941       6.9371569      1.5058194      6.9243839        1770000   1.0023737      6.9377924      1.5034686      6.9245963       1780000   1.0104419      6.9257739      1.5155701      6.914459         1790000   1.0011516      6.9352143      1.5016356      6.9219112        1800000   0.99923906     6.9220853      1.4987669      6.9107344        1810000   1.0064558      6.9342653      1.5095913      6.9234533        1820000   0.99909512     6.9361072      1.498551       6.9222891        1830000   0.9949888      6.9315385      1.4923919      6.9188346        1840000   1.0037322      6.9295051      1.5055063      6.9181355        1850000   0.99728775     6.9307355      1.4958401      6.9167832        1860000   0.99557232     6.9268231      1.4932671      6.9144452        1870000   0.99974377     6.9176543      1.4995239      6.9045541        1880000   0.99230703     6.9307923      1.4883695      6.9171394        1890000   0.99483806     6.9260602      1.4921658      6.9141949        1900000   1.0041         6.9274532      1.5060579      6.9129325        1910000   0.99847733     6.9136375      1.4976244      6.9008723        1920000   0.99782678     6.9209819      1.4966486      6.9091068    
   1930000   0.99385575     6.9276463      1.4906924      6.9151924    
    1940000   0.99241049     6.9336514      1.4885247      6.9192858        1950000   0.99735559     6.9240744      1.4959419      6.9112169       1960000   0.99941214     6.9306826      1.4990265      6.9196393         1970000   1.0033148      6.9227835      1.5048801      6.9109439        1980000   1.0015222      6.9347112      1.5021915      6.9218295       1990000   0.99693403     6.9329034      1.4953096      6.9210092         2000000   1.005264       6.9279866      1.5078038      6.9177095        2010000   1.0047405      6.9423071      1.5070185      6.9306901        2020000   1.0033272      6.946897       1.5048987      6.9347467        2030000   1.0147023      6.9313097      1.5219603      6.9220127        2040000   1.0040623      6.9306989      1.5060013      6.9193201        2050000   1.0012642      6.9317772      1.5018045      6.9177753        2060000   0.99820022     6.9298909      1.4972087      6.9183179        2070000   1.0016573      6.9280304      1.5023941      6.9148552        2080000   0.99562216     6.9331807      1.4933419      6.920575         2090000   0.99821939     6.9388075      1.4972375      6.9258245        2100000   1.0044752      6.929211       1.5066207      6.9177456        2110000   0.98972032     6.9339175      1.4844897      6.920466         2120000   0.99637594     6.9213326      1.4944725      6.9090447        2130000   0.99775403     6.9226443      1.4965395      6.9098912        2140000   0.99888896     6.9309763      1.4982418      6.9197314        2150000   0.99803424     6.9350796      1.4969598      6.9236088        2160000   0.99933805     6.9330296      1.4989154      6.9189621        2170000   1.0004959      6.9280524      1.5006521      6.9163802        2180000   1.0099098      6.9360673      1.514772       6.9234804        2190000   1.0112417      6.9243817      1.5167697      6.9131226        2200000   1.0019814      6.9386884      1.5028801      6.9245756        2210000   1.0120833      6.9222648      1.5180321      6.9102117        2220000   1.00559        6.9356127      1.5082927      6.9216209        2230000   0.99656574     6.9295886      1.4947572      6.9174238        2240000   1.0014766      6.930622       1.5021231      6.9176547        2250000   0.99627534     6.9326365      1.4943216      6.9222288        2260000   0.99519676     6.9436551      1.4927038      6.9295493        2270000   0.99657997     6.9236548      1.4947785      6.9118292        2280000   1.0095415      6.9324205      1.5142196      6.9198065        2290000   1.0054634      6.9355296      1.5081029      6.9226648        2300000   1.0017225      6.9344377      1.5024918      6.9245861        2310000   1.0075194      6.9345264      1.5111867      6.9206688        2320000   1.002397       6.9381605      1.5035035      6.925336         2330000   1.0003046      6.9290884      1.5003652      6.9187693        2340000   1.0008368      6.9250376      1.5011633      6.9110196        2350000   1.0063474      6.9266194      1.5094287      6.9154622        2360000   1.0002906      6.927856       1.5003441      6.9176489        2370000   1.0035392      6.9323421      1.5052167      6.9171654        2380000   1.0000694      6.9414347      1.5000123      6.9282786        2390000   0.9957098      6.9323814      1.4934733      6.9193251        2400000   0.99619655     6.932024       1.4942034      6.9190779        2410000   0.99889978     6.921883       1.498258       6.908429         2420000   1.0002465      6.9225206      1.5002779      6.9098596        2430000   0.99864738     6.9123344      1.4978794      6.9005669        2440000   0.99368505     6.9159583      1.4904364      6.9031121        2450000   0.99682901     6.9165306      1.4951521      6.9026986        2460000   1.0094355      6.9186142      1.5140606      6.9070806        2470000   1.0007113      6.932195       1.5009751      6.9189925        2480000   1.0107457      6.9386021      1.5160258      6.9268446        2490000   1.0041968      6.9447488      1.506203       6.9296623        2500000   1.0056095      6.9419027      1.5083221      6.9309008        2510000   1.0064458      6.9348873      1.5095764      6.9235196        2520000   1.0142086      6.9264848      1.5212198      6.9151363        2530000   1.0082181      6.9346857      1.5122347      6.9207058        2540000   1.0050743      6.9354552      1.5075192      6.9240506        2550000   1.0103612      6.9261859      1.5154491      6.9149567        2560000   0.99886738     6.9294865      1.4982094      6.914096         2570000   0.99588813     6.9267194      1.4937408      6.9128442        2580000   0.99515866     6.9351521      1.4926467      6.9214357        2590000   0.99210411     6.9426021      1.4880651      6.9281993        2600000   1.0079177      6.940282       1.511784       6.9262431        2610000   1.0205732      6.9375568      1.5307662      6.9268644        2620000   1.0049438      6.9295383      1.5073235      6.9153042        2630000   0.98970715     6.9323024      1.4844699      6.9189883        2640000   0.99890521     6.9341054      1.4982662      6.9221509        2650000   1.0069326      6.9315059      1.5103066      6.9185211        2660000   1.0035538      6.9289877      1.5052387      6.9178397        2670000   1.0167323      6.9363589      1.5250052      6.9217593        2680000   1.0036202      6.9418766      1.5053382      6.9292801        2690000   1.0162984      6.9279804      1.5243544      6.9126066        2700000   1.009761       6.9416605      1.5145489      6.9285256        2710000   1.0100402      6.9314263      1.5149676      6.9196576        2720000   1.0083339      6.9436244      1.5124083      6.9315224        2730000   1.0191693      6.9477526      1.5286604      6.9345977        2740000   1.0105416      6.9356665      1.5157197      6.9201782        2750000   1.0097128      6.930842       1.5144766      6.9188198        2760000   1.0026384      6.9316985      1.5038656      6.9183454        2770000   1.0010993      6.9299594      1.501557       6.9178955        2780000   0.99520596     6.9365146      1.4927176      6.9247932        2790000   0.99818355     6.9177497      1.4971837      6.9066862        2800000   1.0027801      6.9277034      1.5040781      6.9150663      2810000   1.0080934      6.9370534      1.5120476      6.9236596    
     2820000   0.99985786     6.9493967      1.4996951      6.9356105        2830000   1.001378       6.9287814      1.5019752      6.918422         2840000   1.0026342      6.9259155      1.5038593      6.9108922      2850000   0.99743854     6.9264506      1.4960663      6.9137459    
   2860000   1.0054892      6.9211905      1.5081416      6.9086821    
   2870000   1.0027855      6.9223461      1.5040863      6.9085821    
   2880000   0.99825697     6.9377692      1.4972939      6.9270381    
   2890000   1.0057618      6.9286254      1.5085504      6.9169193    
   2900000   1.0132378      6.9284425      1.5197637      6.9149666    
   2910000   1.0035436      6.9264137      1.5052234      6.9126224    
   2920000   1.0035769      6.9191492      1.5052732      6.907622     
     2930000   1.0061555      6.9353943      1.509141       6.9221643        2940000   1.0093352      6.9365203      1.5139101      6.9250979        2950000   1.0037789      6.9355624      1.5055762      6.922244       2960000   0.99828213     6.9370281      1.4973316      6.9248845    
     2970000   0.99970178     6.927912       1.499461       6.9135312      2980000   1.0034106      6.9374423      1.5050239      6.9255765    
     2990000   1.0064727      6.9282359      1.5096167      6.916898         3000000   0.99201334     6.930953       1.487929       6.918573         3010000   0.99814309     6.927462       1.4971231      6.9182419        3020000   0.99754237     6.9260153      1.496222       6.9124493        3030000   0.99682883     6.9287143      1.4951518      6.9176628        3040000   0.99095001     6.9248491      1.4863341      6.9116653        3050000   0.99599259     6.9260825      1.4938975      6.9154274        3060000   0.99577121     6.9422817      1.4935655      6.9299219        3070000   0.99715973     6.9384759      1.4956481      6.9242003        3080000   1.0077335      6.92296        1.5115078      6.9105849        3090000   1.0009567      6.9286793      1.5013433      6.9197746        3100000   1.0024325      6.9172238      1.5035569      6.9097093        3110000   0.99380295     6.9254822      1.4906132      6.9146361        3120000   0.99618288     6.9250118      1.4941829      6.9143572        3130000   0.99563314     6.9301706      1.4933584      6.9184642        3140000   0.9960477      6.9170538      1.4939802      6.9054323        3150000   0.9902687      6.9266812      1.4853122      6.9144991        3160000   0.99915309     6.9286033      1.498638       6.9147664        3170000   0.99525878     6.9288171      1.4927969      6.916085         3180000   1.0101895      6.9285098      1.5151916      6.9164298        3190000   1.0045968      6.9451128      1.506803       6.9308448        3200000   1.0158941      6.9412563      1.523748       6.9290967        3210000   1.0097853      6.9396347      1.5145854      6.9264392        3220000   1.0066308      6.9321754      1.5098539      6.9204759        3230000   0.99091341     6.9331183      1.4862792      6.921152         3240000   0.99529429     6.9331215      1.4928501      6.9191473        3250000   0.99541199     6.9413698      1.4930267      6.9279951        3260000   0.99216472     6.933282       1.4881561      6.9228859        3270000   0.99671612     6.9281115      1.4949827      6.9174445        3280000   1.0001459      6.9264427      1.5001271      6.9125033        3290000   1.002666       6.9201471      1.503907       6.9094863        3300000   1.0021935      6.9324192      1.5031983      6.9176761        3310000   1.0021746      6.9300265      1.50317        6.9171054        3320000   1.0066769      6.9396232      1.5099229      6.9263757        3330000   1.003802       6.9364795      1.5056109      6.9212334        3340000   1.0045245      6.932833       1.5066945      6.9198754        3350000   1.011627       6.9287063      1.5173477      6.9146849        3360000   1.0076241      6.9302025      1.5113438      6.9173288        3370000   1.0056211      6.9276907      1.5083394      6.915834         3380000   1.0058157      6.9327479      1.5086312      6.9179147        3390000   1.0050284      6.9160504      1.5074504      6.9002147        3400000   0.99605135     6.9247082      1.4939856      6.9108934        3410000   1.0005237      6.9150996      1.5006938      6.9027225        3420000   0.9960043      6.9275724      1.4939151      6.9141952        3430000   1.0057767      6.9273695      1.5085728      6.9161101        3440000   1.0077507      6.931999       1.5115336      6.9184687        3450000   1.0097996      6.9319338      1.5146068      6.9193816        3460000   1.0082107      6.9373753      1.5122236      6.926212         3470000   1.0120892      6.9313272      1.5180409      6.918067         3480000   0.99327145     6.9398371      1.4898161      6.9279064        3490000   1.0034636      6.9319743      1.5051034      6.9210281        3500000   1.0066484      6.9270897      1.5098803      6.9167115      3510000   1.0068334      6.9297246      1.5101577      6.9171311    
     3520000   0.99884664     6.9359723      1.4981783      6.9233219        3530000   1.01022        6.9263408      1.5152374      6.9141086        3540000   1.0110132      6.9266749      1.5164271      6.9139645        3550000   1.0004134      6.9287928      1.5005284      6.9140875        3560000   1.005203       6.9254496      1.5077123      6.9114728      3570000   1.0137002      6.9238776      1.5204573      6.9120164    
   3580000   1.0078696      6.9318223      1.511712       6.9172495    
   3590000   1.0031002      6.9278185      1.5045582      6.9135386    
   3600000   1.0075086      6.9337882      1.5111704      6.9178918    
   3610000   1.0069143      6.93185        1.510279       6.9186452    
   3620000   1.003086       6.933824       1.504537       6.9214038    
   3630000   0.99825177     6.938091       1.4972861      6.9217298    
   3640000   1.004467       6.9315815      1.5066083      6.9163205    
   3650000   1.0057791      6.9323923      1.5085764      6.9183009    
   3660000   0.99686624     6.9367669      1.4952079      6.9237402    
     3670000   1.0003935      6.9382317      1.5004985      6.925607         3680000   1.0120904      6.919257       1.5180427      6.9063117        3690000   1.0151622      6.9248544      1.5226502      6.9120912      3700000   1.0060598      6.9199355      1.5089973      6.9086387    
   3710000   0.99724094     6.9307873      1.4957699      6.9182678    
   3720000   1.0037757      6.9329623      1.5055715      6.9197359    
   3730000   1.0116511      6.9200383      1.5173839      6.9064569    
   3740000   0.99617939     6.9294948      1.4941777      6.918522     
   3750000   0.99887906     6.9281225      1.498227       6.9146499    
   3760000   1.0098726      6.9384244      1.5147163      6.9237511    
   3770000   1.0131348      6.9443425      1.5196092      6.928525     
   3780000   1.0068566      6.9403338      1.5101925      6.9282334    
   3790000   1.0033352      6.9248259      1.5049108      6.9137984    
   3800000   1.0005828      6.9228948      1.5007824      6.9096616    
   3810000   1.0012009      6.9177758      1.5017095      6.90366      
   3820000   0.99725556     6.9285165      1.4957918      6.9153595    
   3830000   0.99389061     6.9192837      1.4907447      6.9061865    
   3840000   0.9947056      6.9214099      1.4919671      6.9104691    
   3850000   0.99642404     6.9317319      1.4945446      6.9213816    
   3860000   0.99175871     6.928461       1.4875471      6.9167855    
   3870000   0.99800654     6.9245134      1.4969182      6.9139049    
   3880000   1.0044034      6.9256816      1.506513       6.9138757    
   3890000   1.0081588      6.9267327      1.5121458      6.9148065    
   3900000   1.0070608      6.921686       1.5104988      6.909695     
   3910000   1.0017111      6.9333384      1.5024747      6.9217825    
     3920000   1.0001422      6.9362534      1.5001215      6.922669         3930000   1.0037113      6.9357028      1.5054749      6.9229292        3940000   0.99753043     6.9320459      1.4962041      6.919            3950000   1.0061451      6.9351808      1.5091253      6.9225639        3960000   1.0036192      6.9301173      1.5053367      6.9149683        3970000   1.0110716      6.9185512      1.5165147      6.9058104        3980000   0.99682315     6.9309292      1.4951433      6.9208167        3990000   0.98596054     6.9225394      1.4788504      6.910639         4000000   0.99393837     6.9247771      1.4908164      6.912637       4010000   0.98540418     6.9248902      1.4780159      6.913056     
   4020000   0.99548449     6.913014       1.4931354      6.9005951    
   4030000   0.98989651     6.9202956      1.4847539      6.9091408    
   4040000   0.98974227     6.9269016      1.4845226      6.9122459    
   4050000   0.99335952     6.9352829      1.4899482      6.9224625    
   4060000   0.99991374     6.9344239      1.4997789      6.9205345    
   4070000   1.0086507      6.9305758      1.5128836      6.9188094    
   4080000   1.004367       6.9398481      1.5064583      6.9255474    
   4090000   1.0098724      6.9348984      1.5147159      6.9225497    
   4100000   0.99458731     6.9356428      1.4917897      6.9248919    
   4110000   1.0058504      6.9237946      1.5086833      6.9093867    
   4120000   1.0027165      6.9378003      1.5039827      6.9273633    
   4130000   1.0095265      6.9315348      1.5141971      6.9212123    
   4140000   1.010105       6.9290004      1.5150648      6.9178669    
   4150000   1.0066787      6.9446832      1.5099257      6.9317023    
   4160000   0.99777695     6.9271516      1.4965739      6.9164336    
   4170000   0.99558615     6.9157164      1.4932879      6.9076632    
   4180000   1.0040533      6.9261486      1.5059878      6.9161383    
   4190000   0.99251647     6.936042       1.4886837      6.9223994    
   4200000   1.0037274      6.9220673      1.505499       6.9110534    
   4210000   0.98821958     6.9386452      1.4822387      6.924023     
   4220000   1.0003285      6.9208228      1.500401       6.9091014    
   4230000   0.99865316     6.9156779      1.4978881      6.9034306    
   4240000   0.9992414      6.9325127      1.4987704      6.9203974    
   4250000   1.0105546      6.9303047      1.5157392      6.9178054    
   4260000   1.0024154      6.9321043      1.5035312      6.9184448    
   4270000   1.0045586      6.9322552      1.5067457      6.9180715    
   4280000   0.99662574     6.9400278      1.4948472      6.9280425    
   4290000   1.009207       6.9364913      1.5137179      6.921197     
   4300000   1.0034347      6.9365771      1.50506        6.922152     
   4310000   1.0119463      6.9254924      1.5178266      6.9116333    
   4320000   1.0097027      6.9281724      1.5144614      6.9137481    
   4330000   1.0064685      6.9426499      1.5096103      6.9278113    
   4340000   1.0022829      6.9340214      1.5033324      6.9177119    
   4350000   0.99853748     6.9343568      1.4977146      6.9216361    
   4360000   0.99580462     6.928392       1.4936156      6.9155594    
   4370000   0.99995119     6.9289923      1.4998351      6.9191644    
   4380000   0.99581541     6.929055       1.4936318      6.9155728    
   4390000   0.99579319     6.9369143      1.4935984      6.923611     
   4400000   0.99399232     6.9376183      1.4908973      6.9238321    
   4410000   1.0130806      6.9214464      1.519528       6.9079028    
   4420000   1.0078844      6.936677       1.5117341      6.9235846    
   4430000   1.0080014      6.9313517      1.5119096      6.9199104    
   4440000   1.0075232      6.9304358      1.5111924      6.9183724    
   4450000   1.0023068      6.9353742      1.5033683      6.9229202    
   4460000   0.99744019     6.9428187      1.4960688      6.9308728    
   4470000   1.0117608      6.9332432      1.5175484      6.9194019    
   4480000   1.0087105      6.9343187      1.5129733      6.9212192    
   4490000   1.0141027      6.9318902      1.521061       6.9193448    
   4500000   1.0030393      6.9317427      1.504467       6.9201558    
   4510000   0.99741251     6.9293298      1.4960273      6.9152755    
   4520000   1.001854       6.9223452      1.5026891      6.9081383    
   4530000   1.0054025      6.9241195      1.5080115      6.9136615    
   4540000   1.0025194      6.9315115      1.5036871      6.9205199    
   4550000   1.0015943      6.9283237      1.5022996      6.9155307    
   4560000   1.0033183      6.9299177      1.5048854      6.9179209    
   4570000   1.0034779      6.9257435      1.5051247      6.912133     
   4580000   0.99953239     6.9251414      1.4992069      6.9115718    
   4590000   0.99103244     6.9292123      1.4864577      6.9148962    
   4600000   0.99812315     6.923481       1.4970932      6.9120821    
   4610000   0.99625606     6.9263052      1.4942927      6.9160936    
   4620000   0.99335088     6.9290684      1.4899352      6.9151708    
   4630000   1.0049645      6.9325048      1.5073546      6.9205025    
   4640000   1.0025001      6.9265522      1.5036581      6.9160102    
   4650000   0.99174004     6.9223677      1.4875191      6.9115451    
   4660000   0.98777827     6.9233851      1.4815768      6.9111872    
   4670000   0.99366739     6.9263488      1.4904099      6.9135604    
   4680000   1.002813       6.9286304      1.5041274      6.9154696    
   4690000   1.0039759      6.9358606      1.5058718      6.9248691    
   4700000   1.007529       6.9310747      1.5112011      6.9169543    
   4710000   1.0112549      6.9253987      1.5167896      6.9124123    
   4720000   0.98598083     6.9418674      1.4788808      6.9287294    
   4730000   0.99129511     6.9254841      1.4868517      6.9119474    
   4740000   1.000551       6.9277209      1.5007347      6.9131688    
   4750000   0.99008959     6.938329       1.4850435      6.9263834    
   4760000   0.99096726     6.92562        1.48636        6.912306     
   4770000   0.99256771     6.9301322      1.4887605      6.9172536    
   4780000   0.99232919     6.9269642      1.4884027      6.91174      
   4790000   0.98559918     6.9393413      1.4783084      6.9267053    
   4800000   0.99393034     6.9288473      1.4908043      6.9141489    
   4810000   0.99241702     6.9271134      1.4885345      6.9139615    
   4820000   0.99323098     6.9192232      1.4897554      6.9074205    
   4830000   0.99660089     6.9263033      1.4948099      6.9157369    
   4840000   0.98574405     6.9399046      1.4785256      6.9284029    
   4850000   1.0012077      6.9407234      1.5017198      6.9279163    
   4860000   1.0022333      6.9325637      1.5032579      6.918753     
   4870000   1.0090849      6.9226217      1.5135348      6.9100879    
   4880000   0.99417079     6.9314947      1.491165       6.9192418    
   4890000   0.99472051     6.9200788      1.4919895      6.9074419    
   4900000   0.99021688     6.9323952      1.4852345      6.9211712    
   4910000   0.99830924     6.9291539      1.4973723      6.9161672    
   4920000   0.99483114     6.9371689      1.4921554      6.9249024    
   4930000   1.0041598      6.9404508      1.5061476      6.9253975    
   4940000   1.0057388      6.9306623      1.5085159      6.9194313    
   4950000   1.0055412      6.935818       1.5082196      6.9219008    
   4960000   0.99979802     6.9429225      1.4996053      6.9317668    
   4970000   1.0018111      6.9147857      1.5026247      6.9026496    
   4980000   0.99581241     6.9323501      1.4936273      6.9198366    
   4990000   0.99207868     6.9344173      1.488027       6.9204748    
   5000000   1.0009745      6.9291805      1.5013699      6.9172799    
   5010000   1.0041214      6.9235386      1.50609        6.9095989    
   5020000   0.99905921     6.9231959      1.4984972      6.9120018    
   5030000   0.99413745     6.9303947      1.491115       6.9169813    
   5040000   1.0015721      6.923518       1.5022663      6.9111238    
   5050000   1.0008628      6.9261648      1.5012025      6.912619     
   5060000   1.0106457      6.913643       1.5158758      6.9000372    
   5070000   1.0133728      6.9208755      1.5199662      6.908514     
   5080000   1.0041752      6.9467481      1.5061706      6.9343052    
   5090000   1.0060575      6.9320749      1.5089939      6.9188171    
   5100000   1.0060598      6.9368357      1.5089974      6.9235109    
   5110000   1.0087064      6.9304258      1.5129671      6.9190615    
   5120000   0.99421038     6.9233464      1.4912244      6.9093423    
   5130000   0.99526548     6.9350087      1.4928069      6.9237059    
   5140000   1.0003893      6.9369478      1.5004921      6.9226709    
   5150000   1.0062756      6.9336427      1.5093211      6.9203528    
   5160000   0.99596256     6.9351403      1.4938525      6.9218688    
   5170000   1.003749       6.9327371      1.5055314      6.9205029    
   5180000   0.99796806     6.942004       1.4968605      6.9283306    
   5190000   1.0011644      6.9360673      1.5016548      6.9246745    
   5200000   1.0006061      6.9248246      1.5008173      6.912072     
   5210000   0.98961005     6.9285244      1.4843243      6.9132771    
   5220000   0.98309537     6.9189285      1.4745529      6.9054354    
   5230000   0.99164788     6.9212741      1.4873808      6.9093674    
   5240000   0.98665728     6.9216779      1.4798954      6.9126074    
   5250000   0.99270328     6.9255013      1.4889638      6.9131788    
   5260000   1.0003608      6.923592       1.5004495      6.9103277    
   5270000   1.0028673      6.9197827      1.5042089      6.9086646    
   5280000   0.99847285     6.9395552      1.4976177      6.9253984    
   5290000   1.0032396      6.9288116      1.5047674      6.9179099    
   5300000   1.0000443      6.9202118      1.4999748      6.9058369    
   5310000   1.0028832      6.9425006      1.5042328      6.9273854    
   5320000   1.007264       6.9425676      1.5108036      6.9297953    
   5330000   1.007374       6.9342733      1.5109686      6.9221311    
   5340000   0.99749668     6.9332694      1.4961535      6.9208285    
   5350000   1.0063608      6.9341479      1.5094489      6.9187275    
   5360000   1.0090521      6.9295518      1.5134856      6.9179297    
   5370000   1.0075121      6.9347865      1.5111757      6.9222004    
   5380000   1.0075552      6.9491636      1.5112404      6.9377001    
   5390000   0.99967526     6.9341603      1.4994212      6.9230333    
   5400000   1.0005012      6.9285765      1.50066        6.9162094    
   5410000   0.99195741     6.9307592      1.4878451      6.9171905    
   5420000   0.99445371     6.9319087      1.4915893      6.9180226    
   5430000   1.0010223      6.9301244      1.5014416      6.917235     
   5440000   0.99568229     6.9327951      1.4934321      6.9202786    
   5450000   0.99358435     6.9344273      1.4902854      6.9204742    
   5460000   0.99600733     6.9296353      1.4939196      6.9176069    
   5470000   0.99957319     6.9308457      1.4992681      6.919422     
   5480000   0.99763706     6.9317858      1.4963641      6.9183545    
   5490000   1.002337       6.9431805      1.5034135      6.9324487    
   5500000   1.0021928      6.9395436      1.5031973      6.9259595    
   5510000   1.0153488      6.9340024      1.52293        6.9212913    
   5520000   1.0077816      6.9326137      1.5115799      6.9200816    
   5530000   1.0002612      6.9342909      1.5003         6.9202596    
   5540000   0.9947135      6.930083       1.491979       6.9147296    
   5550000   1.0007962      6.9221601      1.5011025      6.9080524    
   5560000   0.99900527     6.9294449      1.4984162      6.9149324    
   5570000   1.0005472      6.932213       1.5007289      6.9198312    
   5580000   0.99241392     6.9368113      1.4885298      6.9257433    
   5590000   0.99914963     6.9269693      1.4986328      6.9146368    
   5600000   1.0020249      6.9262629      1.5029454      6.9139192    
   5610000   0.99790025     6.9359342      1.4967588      6.9227036    
   5620000   1.0060449      6.9212174      1.5089751      6.908116     
   5630000   0.99362571     6.9213443      1.4903474      6.9078008    
   5640000   0.99367598     6.9369299      1.4904228      6.9230404    
   5650000   0.99276596     6.9293472      1.4890579      6.9160453    
   5660000   0.99077317     6.9245775      1.4860689      6.9129554    
   5670000   0.98875929     6.936191       1.4830482      6.9214793    
   5680000   0.9992269      6.9275426      1.4987487      6.9155336    
   5690000   0.99840384     6.9313645      1.4975142      6.9181506    
   5700000   1.0007142      6.9455955      1.5009795      6.931493     
   5710000   1.0065         6.9326113      1.5096577      6.9230646    
   5720000   0.99540368     6.933389       1.4930142      6.9209805    
   5730000   0.9975048      6.9263911      1.4961657      6.9123834    
   5740000   0.99316788     6.9363637      1.4896607      6.9220709    
   5750000   1.0024662      6.935009       1.5036073      6.9220617    
   5760000   1.0043989      6.9242302      1.5065062      6.9112294    
   5770000   1.004742       6.9265044      1.5070208      6.9119255    
   5780000   1.0031152      6.9348408      1.5045807      6.9218445    
   5790000   0.99687118     6.928586       1.4952153      6.9179645    
   5800000   0.99407937     6.9396414      1.4910279      6.9276209    
   5810000   1.001609       6.9329747      1.5023217      6.9205331    
   5820000   0.99642424     6.9306898      1.4945449      6.9179863    
   5830000   0.99713134     6.924433       1.4956055      6.9137999    
   5840000   0.99497053     6.9184238      1.4923645      6.9071441    
   5850000   1.000955       6.9239022      1.5013407      6.9136717    
   5860000   1.0105594      6.937671       1.5157463      6.9250019    
   5870000   0.99629954     6.9440879      1.4943579      6.9312756    
   5880000   1.0113408      6.9313597      1.5169184      6.9199773    
   5890000   1.0111933      6.9353913      1.5166971      6.9229477    
   5900000   1.0215643      6.9348967      1.5322527      6.9217852    
   5910000   1.0154527      6.9410139      1.5230859      6.9253905    
   5920000   1.0025461      6.9319161      1.5037272      6.9174276    
   5930000   1.0038448      6.9293846      1.5056751      6.9166472    
   5940000   0.99314476     6.9350953      1.489626       6.920689     
   5950000   0.9963123      6.9344879      1.494377       6.91929      
   5960000   0.99759027     6.9384449      1.4962939      6.9234043    
   5970000   1.0122832      6.9270011      1.518332       6.9156581    
   5980000   1.0029205      6.9196002      1.5042887      6.9089266    
   5990000   1.001535       6.936602       1.5022106      6.9245689    
   6000000   1.0032054      6.9352806      1.5047161      6.9228438    
   6010000   0.99819991     6.9280542      1.4972083      6.9152587    
   6020000   0.99797527     6.9382893      1.4968713      6.9251247    
   6030000   0.99851496     6.9318781      1.4976808      6.9197478    
   6040000   1.0021798      6.929244       1.5031778      6.9157014    
   6050000   1.0059656      6.9267383      1.5088561      6.9164517    
   6060000   1.0015953      6.9391651      1.502301       6.92647      
   6070000   0.99710799     6.9319193      1.4955705      6.9204406    
   6080000   1.003742       6.9284027      1.5055209      6.9118943    
   6090000   0.99658026     6.9332638      1.494779       6.9216205    
   6100000   0.99622595     6.9339237      1.4942475      6.9243115    
   6110000   1.0020772      6.927334       1.5030239      6.9128572    
   6120000   0.99538841     6.9325235      1.4929913      6.91996      
   6130000   0.99369872     6.9283681      1.4904569      6.9162961    
   6140000   0.9956522      6.9278595      1.493387       6.915261     
   6150000   0.99724431     6.936759       1.495775       6.9234213    
   6160000   0.99539346     6.9375393      1.4929989      6.9239914    
   6170000   1.0019641      6.9240127      1.5028542      6.9102725    
   6180000   1.0057958      6.9303632      1.5086015      6.9178982    
   6190000   0.9939359      6.9344893      1.4908127      6.9228423    
   6200000   0.99773245     6.9161115      1.4965071      6.9068752    
   6210000   0.99209463     6.9370217      1.4880509      6.9234326    
   6220000   1.0005856      6.9207752      1.5007866      6.9068517    
   6230000   1.003415       6.9300088      1.5050304      6.9163096    
   6240000   0.99983963     6.9389074      1.4996677      6.9256012    
   6250000   1.0032596      6.9227686      1.5047974      6.9110767    
   6260000   0.99905588     6.9360827      1.4984922      6.9224991    
   6270000   0.99666296     6.9354079      1.494903       6.9227173    
   6280000   1.0000275      6.9325934      1.4999494      6.9179111    
   6290000   0.99853977     6.9352127      1.497718       6.9192421    
   6300000   0.99780571     6.9378117      1.496617       6.9248186    
   6310000   0.99624411     6.9320782      1.4942748      6.920682     
   6320000   1.0034604      6.9378123      1.5050986      6.9252581    
   6330000   1.004812       6.9427706      1.5071258      6.9274953    
   6340000   1.0007556      6.9311018      1.5010416      6.918804     
   6350000   0.99660868     6.9388227      1.4948216      6.926212     
   6360000   0.99815169     6.936248       1.497136       6.9218062    
   6370000   1.0168661      6.9283144      1.5252059      6.9154369    
   6380000   0.99972353     6.9386549      1.4994936      6.9269041    
   6390000   1.0084895      6.9280002      1.5126417      6.915987     
   6400000   1.0056967      6.9254398      1.5084528      6.9138811    
   6410000   1.0005813      6.9372378      1.5007802      6.9234062    
   6420000   1.012122       6.9200163      1.5180901      6.9059316    
   6430000   1.0041122      6.930424       1.5060762      6.9169005    
   6440000   1.001758       6.9213546      1.5025451      6.9072647    
   6450000   0.99563339     6.932313       1.4933587      6.9202048    
   6460000   1.0103524      6.9231326      1.5154359      6.9100784    
   6470000   1.0023199      6.9349369      1.503388       6.9240065    
   6480000   1.0091314      6.9348854      1.5136046      6.9222274    
   6490000   0.99731664     6.9301815      1.4958835      6.9166447    
   6500000   0.99566831     6.9297992      1.4934111      6.9166658    
   6510000   0.99911701     6.9218962      1.4985839      6.9102423    
   6520000   1.0062955      6.9294224      1.5093509      6.9178485    
   6530000   1.0062546      6.9260708      1.5092896      6.9128039    
   6540000   0.99131674     6.928972       1.4868842      6.917439     
   6550000   0.98719414     6.9402646      1.4807006      6.9272614    
   6560000   0.99133498     6.9257455      1.4869115      6.9142113    
   6570000   1.0012003      6.9247594      1.5017087      6.9137306    
   6580000   0.99081319     6.9297487      1.4861289      6.9168805    
   6590000   0.99455065     6.9296444      1.4917347      6.9168529    
   6600000   1.0007164      6.9215044      1.5009828      6.908156     
   6610000   1.0038151      6.9264778      1.5056306      6.9126311    
   6620000   1.0048362      6.9347537      1.5071622      6.9240381    
   6630000   1.0081291      6.9234702      1.5121012      6.9104281    
   6640000   1.0139373      6.9171404      1.5208129      6.9046861    
   6650000   1.0045897      6.9348938      1.5067925      6.9197057    
   6660000   1.0166686      6.943172       1.5249097      6.9326467    
   6670000   1.0150352      6.9273634      1.5224597      6.9143476    
   6680000   1.0016597      6.9317586      1.5023977      6.9188432    
   6690000   1.0218848      6.9215795      1.5327334      6.9090336    
   6700000   1.013769       6.9309095      1.5205604      6.9178889    
   6710000   1.0013867      6.9438936      1.5019882      6.9315054    
   6720000   1.0019718      6.9312467      1.5028658      6.9172458    
   6730000   1.0075724      6.9357469      1.5112662      6.9213422    
   6740000   1.0148872      6.9403741      1.5222377      6.928618     
   6750000   1.0104879      6.9262656      1.5156391      6.9146685    
   6760000   1.0063234      6.9208312      1.5093927      6.907734     
   6770000   0.99772734     6.9286199      1.4964995      6.9139231    
   6780000   1.0012663      6.919224       1.5018076      6.9060997    
   6790000   1.0030358      6.9259383      1.5044617      6.913729     
   6800000   1.002863       6.9234839      1.5042025      6.9094078    
   6810000   1.0068688      6.9316636      1.5102108      6.9197141    
   6820000   0.99659725     6.9386208      1.4948044      6.9250117    
   6830000   0.99644285     6.9332236      1.4945729      6.9225875    
   6840000   0.99924327     6.9324091      1.4987732      6.9202588    
   6850000   0.99596197     6.9364648      1.4938516      6.9242637    
   6860000   0.99910088     6.9350832      1.4985597      6.9232919    
   6870000   1.0051989      6.939378       1.5077061      6.9270223    
   6880000   1.0152233      6.9335033      1.5227418      6.9178966    
   6890000   1.0085402      6.9219182      1.5127178      6.9098567    
   6900000   1.0101071      6.9460872      1.515068       6.9317874    
   6910000   1.0106734      6.9289737      1.5159174      6.9142573    
   6920000   1.0106169      6.9319703      1.5158326      6.9214069    
   6930000   1.0244501      6.928756       1.5365812      6.9164109    
   6940000   1.0016499      6.9269014      1.5023829      6.9143046    
   6950000   1.0027955      6.9160784      1.5041013      6.9043386    
   6960000   1.0013823      6.9267261      1.5019816      6.9138104    
   6970000   0.99743551     6.9276537      1.4960618      6.9151426    
   6980000   1.0015743      6.9319925      1.5022695      6.9195999    
   6990000   1.0040281      6.9204142      1.50595        6.9075225    
   7000000   1.0006502      6.9240192      1.5008835      6.9110382    
   7010000   0.99638085     6.9333808      1.4944799      6.9225371    
   7020000   1.0049798      6.9350995      1.5073775      6.9225577    
   7030000   1.0055546      6.9230218      1.5082397      6.9081348    
   7040000   0.99902309     6.9407619      1.498443       6.9261365    
   7050000   0.99611379     6.9268037      1.4940793      6.9170719    
   7060000   0.99162924     6.9391755      1.4873529      6.9252972    
   7070000   0.99540932     6.9268474      1.4930227      6.914069     
   7080000   1.0045422      6.9317343      1.5067212      6.9181698    
   7090000   1.0118431      6.9313585      1.5176719      6.9196392    
   7100000   1.0005918      6.9317435      1.500796       6.9188934    
   7110000   1.0022735      6.941099       1.5033183      6.9302745    
   7120000   1.0106116      6.9351706      1.5158247      6.9229094    
   7130000   1.0111937      6.9191521      1.5166978      6.9090348    
   7140000   0.99741872     6.9428454      1.4960366      6.9277961    
   7150000   1.0069269      6.939145       1.5102979      6.9243051    
   7160000   1.0048727      6.924262       1.5072168      6.9132656    
   7170000   0.99367936     6.9345746      1.4904279      6.9185248    
   7180000   0.99399276     6.9423136      1.4908979      6.9312459    
   7190000   1.0045896      6.929181       1.5067923      6.9145892    
   7200000   1.0054371      6.9394379      1.5080634      6.92336      
   7210000   1.0153922      6.9367218      1.5229951      6.9245606    
   7220000   1.0031714      6.9313965      1.504665       6.9174281    
   7230000   1.0068406      6.9300728      1.5101685      6.9189656    
   7240000   0.99648856     6.9425805      1.4946414      6.9292416    
   7250000   1.0007351      6.9361114      1.5010108      6.9209951    
   7260000   1.0067401      6.9397963      1.5100178      6.9251994    
   7270000   1.0046137      6.9285393      1.5068284      6.9179341    
   7280000   1.0054978      6.9212199      1.5081544      6.9115154    
   7290000   0.99515179     6.9333072      1.4926364      6.9208239    
   7300000   1.0091907      6.9270178      1.5136935      6.91582      
   7310000   1.0106382      6.9244783      1.5158645      6.9122864    
   7320000   1.0089209      6.9293282      1.5132887      6.9143246    
   7330000   1.0046505      6.9392793      1.5068836      6.9264655    
   7340000   0.98983932     6.9372913      1.4846682      6.9242243    
   7350000   0.98865711     6.9226883      1.482895       6.9111253    
   7360000   0.99877151     6.9193541      1.4980656      6.9069674    
   7370000   0.98875255     6.9171718      1.4830381      6.9044226    
   7380000   0.98690762     6.9184741      1.4802709      6.9075784    
   7390000   0.98342753     6.930787       1.4750511      6.9188801    
   7400000   0.99323811     6.9187377      1.489766       6.9074569    
   7410000   0.98381199     6.9347027      1.4756277      6.9221612    
   7420000   0.99349097     6.9180887      1.4901453      6.9042768    
   7430000   0.98278903     6.9299728      1.4740934      6.917656     
   7440000   0.99400832     6.9258891      1.4909213      6.9117168    
   7450000   0.99823626     6.9266921      1.4972628      6.9127234    
   7460000   1.0038095      6.9415926      1.5056222      6.9306496    
   7470000   0.99366202     6.9471371      1.4904019      6.935784     
   7480000   1.0049611      6.9226314      1.5073495      6.9104263    
   7490000   0.99584438     6.9247253      1.4936752      6.9093814    
   7500000   0.99675251     6.9367623      1.4950373      6.9241415    
   7510000   1.0051214      6.9233886      1.5075899      6.9074759    
   7520000   1.0076924      6.933213       1.5114461      6.9215528    
   7530000   1.001779       6.9433432      1.5025765      6.9303283    
   7540000   1.0169919      6.9282131      1.5253946      6.9146363    
   7550000   1.0065979      6.9426101      1.5098045      6.9310525    
   7560000   1.0078697      6.9366739      1.511712       6.9247985    
   7570000   1.0073654      6.9381009      1.5109557      6.9282102    
   7580000   1.0001364      6.9252375      1.5001128      6.9156432    
   7590000   1.0024178      6.922034       1.5035347      6.9088913    
   7600000   0.99409547     6.9241247      1.491052       6.9106958    
   7610000   0.99653759     6.9347164      1.494715       6.9206686    
   7620000   1.006342       6.9293993      1.5094207      6.9169591    
   7630000   1.0149663      6.9301592      1.5223564      6.916669     
   7640000   0.99680279     6.927324       1.4951127      6.9164466    
   7650000   1.0098567      6.9303106      1.5146925      6.9175915    
   7660000   1.0116091      6.9234604      1.5173209      6.9116368    
   7670000   1.0016813      6.9376619      1.50243        6.9268644    
   7680000   1.0030008      6.9303814      1.5044092      6.9194564    
   7690000   0.99706431     6.9404443      1.495505       6.9253863    
   7700000   1.0098174      6.925173       1.5146335      6.9145173    
   7710000   0.99454138     6.9324         1.4917208      6.9189693    
   7720000   0.99946374     6.9242584      1.4991039      6.9113316    
   7730000   1.0053283      6.9247934      1.5079002      6.9113319    
   7740000   0.99535804     6.9272173      1.4929457      6.9123745    
   7750000   0.9865729      6.9261813      1.4797688      6.9143552    
   7760000   0.99646227     6.9304179      1.494602       6.9181181    
   7770000   0.99940882     6.9262761      1.4990215      6.915779     
   7780000   0.99350849     6.9279244      1.4901716      6.9181615    
   7790000   0.99668171     6.9277168      1.4949311      6.9156014    
   7800000   1.0010111      6.9310445      1.5014248      6.9172022    
   7810000   1.0010644      6.9293765      1.5015048      6.915218     
   7820000   0.99714018     6.9248449      1.4956188      6.9108395    
   7830000   0.99493913     6.934215       1.4923174      6.9192286    
   7840000   1.0096641      6.9213173      1.5144035      6.9092043    
   7850000   1.0024176      6.9243843      1.5035344      6.9122762    
   7860000   0.99813843     6.9329474      1.4971161      6.9224171    
   7870000   1.0064307      6.9272243      1.5095537      6.9163044    
   7880000   0.99780652     6.9339132      1.4966182      6.9200375    
   7890000   0.99838945     6.9335563      1.4974926      6.9200657    
   7900000   0.98989473     6.931993       1.4847513      6.9190914    
   7910000   0.99333246     6.9298722      1.4899076      6.9172541    
   7920000   1.0080317      6.9221647      1.5119551      6.9107766    
   7930000   0.99959434     6.9358792      1.4992998      6.9228432    
   7940000   1.0081405      6.9408116      1.5121182      6.927073     
   7950000   1.0074728      6.9366789      1.5111168      6.9224433    
   7960000   1.0027452      6.9283712      1.5040258      6.9167383    
   7970000   0.99805052     6.9426336      1.4969842      6.9294491    
   7980000   1.0020752      6.936581       1.5030209      6.9237488    
   7990000   1.0012126      6.9225831      1.501727       6.9107253    
   8000000   0.99117015     6.9355494      1.4866643      6.9213377    
   8010000   1.0000983      6.9282966      1.5000557      6.913687     
   8020000   0.99401226     6.9258838      1.4909272      6.9134347    
   8030000   0.99545892     6.929169       1.493097       6.9152836    
   8040000   0.99424053     6.9278541      1.4912696      6.9150273    
   8050000   1.0070261      6.9276162      1.5104468      6.9162288    
   8060000   0.99973264     6.9263311      1.4995072      6.915195     
   8070000   0.99884487     6.9323497      1.4981757      6.9185872    
   8080000   0.99906458     6.9369894      1.4985052      6.9238617    
   8090000   0.99934162     6.926012       1.4989208      6.9136304    
   8100000   0.99992386     6.9408706      1.4997941      6.9285279    
   8110000   1.0036183      6.922538       1.5053353      6.9094181    
   8120000   1.0013098      6.9333179      1.5018728      6.9222477    
   8130000   1.0005327      6.9248234      1.5007073      6.9143425    
   8140000   0.99952809     6.9288587      1.4992004      6.9183431    
   8150000   0.99228397     6.9256108      1.4883349      6.9128397    
   8160000   1.0020717      6.9258973      1.5030157      6.9150907    
   8170000   0.98881807     6.9369808      1.4831364      6.9269767    
   8180000   1.000041       6.9369531      1.4999697      6.9235045    
   8190000   0.99004985     6.9326846      1.4849839      6.9198818    
   8200000   1.0097827      6.9261099      1.5145815      6.9136302    
   8210000   0.99839846     6.9314283      1.4975061      6.918489     
   8220000   1.0016672      6.943591       1.5024089      6.9307474    
   8230000   1.0072794      6.9346378      1.5108267      6.9243907    
   8240000   1.012003       6.9328101      1.5179117      6.9210451    
   8250000   1.0049681      6.9191718      1.50736        6.9090275    
   8260000   0.99724452     6.9404745      1.4957753      6.9317478    
   8270000   0.9998624      6.9265162      1.4997019      6.9114899    
   8280000   0.9967844      6.9263555      1.4950852      6.9127344    
   8290000   1.0003719      6.9302113      1.500466       6.9158254    
   8300000   0.9996371      6.9294474      1.4993639      6.9172706    
   8310000   0.99207164     6.932917       1.4880164      6.9217421    
   8320000   1.0032068      6.9345371      1.5047182      6.9226098    
   8330000   0.9986138      6.9370166      1.4978291      6.9238625    
   8340000   0.98988065     6.9368848      1.4847302      6.924304     
   8350000   0.9976825      6.9370818      1.4964322      6.9242575    
   8360000   1.0152131      6.9280877      1.5227265      6.9169047    
   8370000   0.99937658     6.9400209      1.4989732      6.9279606    
   8380000   0.99816121     6.9323035      1.4971502      6.9178288    
   8390000   1.004085       6.9203659      1.5060354      6.9102353    
   8400000   0.99089574     6.920341       1.4862527      6.9071646    
   8410000   0.99857693     6.9284119      1.4977738      6.9174863    
   8420000   0.99119529     6.9291346      1.486702       6.9160642    
   8430000   0.99944192     6.9238401      1.4990712      6.911106     
   8440000   0.99737746     6.9324806      1.4959747      6.922098     
   8450000   1.0004167      6.9177105      1.5005332      6.9058931    
   8460000   0.99461474     6.9316845      1.4918309      6.9218404    
   8470000   0.99334657     6.9372949      1.4899287      6.9228748    
   8480000   0.9932691      6.926924       1.4898125      6.9159136    
   8490000   0.99451124     6.91997        1.4916756      6.9087226    
   8500000   0.99889919     6.9349479      1.4982571      6.9234067    
   8510000   1.0014779      6.9390788      1.502125       6.9269277    
   8520000   0.99437038     6.9362024      1.4914643      6.9237217    
   8530000   0.99797653     6.9224248      1.4968732      6.9097415    
   8540000   0.98984608     6.927116       1.4846783      6.9184036    
   8550000   0.98756886     6.9345599      1.4812627      6.9216094    
   8560000   1.0045216      6.923735       1.5066903      6.9110988    
   8570000   1.0005175      6.9215638      1.5006844      6.9094104    
   8580000   0.99884067     6.9331867      1.4981694      6.9184708    
   8590000   0.99379118     6.9311234      1.4905956      6.9184467    
   8600000   1.0088788      6.9289147      1.5132256      6.9164877    
   8610000   1.0037998      6.9442398      1.5056076      6.9320026    
   8620000   1.0096672      6.9288375      1.5144081      6.9169307    
   8630000   1.0028109      6.9394932      1.5041244      6.9261091    
   8640000   0.99437582     6.9303422      1.4914725      6.9151514    
   8650000   0.98665887     6.9243781      1.4798978      6.9140757    
   8660000   1.0047997      6.929489       1.5071073      6.9181304    
   8670000   1.0018536      6.9302635      1.5026884      6.9150461    
   8680000   1.0053853      6.9335688      1.5079856      6.9230885    
   8690000   0.99962383     6.9216903      1.499344       6.9092382    
   8700000   0.99914903     6.9240951      1.4986319      6.9110482    
   8710000   0.99859041     6.9307269      1.497794       6.9176796    
   8720000   1.0044246      6.931195       1.5065448      6.9203466    
   8730000   0.99959024     6.9390992      1.4992937      6.9269679    
   8740000   0.99534465     6.9314001      1.4929257      6.9186256    
   8750000   0.99292123     6.9338579      1.4892907      6.9212958    
   8760000   0.99577946     6.9343994      1.4935778      6.9211782    
   8770000   1.0000487      6.9295158      1.4999812      6.9179581    
   8780000   1.0060396      6.9430064      1.5089671      6.9311315    
   8790000   0.99974044     6.9243988      1.4995189      6.9131885    
   8800000   0.99606206     6.9311276      1.4940017      6.9196267    
   8810000   0.99803511     6.9186575      1.4969611      6.904169     
   8820000   0.98480039     6.9209865      1.4771102      6.9093152    
   8830000   0.99988528     6.9151057      1.4997362      6.9054319    
   8840000   0.99857483     6.9199743      1.4977706      6.9070567    
   8850000   0.99754484     6.9305195      1.4962257      6.9170074    
   8860000   0.99345338     6.9210265      1.4900889      6.9084543    
   8870000   0.99481184     6.9266885      1.4921265      6.91246      
   8880000   0.99322803     6.9272603      1.4897509      6.914218     
   8890000   1.0056882      6.924246       1.50844        6.9130044    
   8900000   1.0016007      6.9374743      1.5023091      6.9247911    
   8910000   1.0043382      6.9374136      1.5064152      6.9229295    
   8920000   1.0035673      6.9411175      1.505259       6.9295316    
   8930000   0.99713295     6.9413908      1.4956079      6.9288375    
   8940000   1.0103817      6.9280471      1.5154798      6.9153654    
   8950000   1.0044036      6.9225925      1.5065133      6.9116972    
   8960000   0.99309889     6.9383557      1.4895572      6.9246256    
   8970000   1.0001116      6.9321925      1.5000756      6.9209339    
   8980000   0.99774585     6.9231162      1.4965272      6.9108091    
   8990000   0.98835584     6.9330276      1.4824431      6.9185735    
   9000000   0.99950933     6.9301145      1.4991723      6.9183448    
   9010000   0.98996264     6.9266623      1.4848531      6.9142701    
   9020000   0.99041959     6.9159485      1.4855385      6.9023754    
   9030000   0.99162824     6.9261761      1.4873514      6.9141591    
   9040000   0.9871529      6.9216171      1.4806388      6.9106859    
   9050000   0.98549768     6.930234       1.4781561      6.9180627    
   9060000   0.99220983     6.9292753      1.4882237      6.9175243    
   9070000   0.99822567     6.9257086      1.4972469      6.9142236    
   9080000   0.99602101     6.9304224      1.4939401      6.9170343    
   9090000   1.009079       6.9260767      1.5135259      6.9120175    
   9100000   1.0084929      6.926254       1.5126469      6.9142533    
   9110000   0.99433462     6.923222       1.4914107      6.9095434    
   9120000   0.99332934     6.9183459      1.4899029      6.9062496    
   9130000   0.99655613     6.9260179      1.4947428      6.9139332    
   9140000   0.99739978     6.91876        1.4960082      6.907603     
   9150000   1.0015788      6.9287906      1.5022763      6.9135319    
   9160000   1.0102632      6.9295426      1.5153021      6.9167767    
   9170000   1.0135191      6.9194961      1.5201857      6.907757     
   9180000   0.99623641     6.9393994      1.4942632      6.9257031    
   9190000   1.0186598      6.9329629      1.5278963      6.9213074    
   9200000   1.0135277      6.912688       1.5201985      6.8999893    
   9210000   0.98810815     6.927859       1.4820716      6.914928     
   9220000   0.99632458     6.9272194      1.4943955      6.9160119    
   9230000   0.99340638     6.9260045      1.4900184      6.9149949    
   9240000   1.0087423      6.9169832      1.5130209      6.9048023    
   9250000   1.0068604      6.9289965      1.5101982      6.91554      
   9260000   0.99519112     6.9262936      1.4926954      6.9150604    
   9270000   0.99758213     6.9242331      1.4962817      6.9126646    
   9280000   1.007268       6.9258754      1.5108096      6.9125357    
   9290000   1.0038251      6.9359943      1.5056456      6.9240619    
   9300000   0.99459928     6.9296854      1.4918077      6.9159109    
   9310000   1.0047221      6.9234295      1.506991       6.9099438    
   9320000   1.0120918      6.9172738      1.5180449      6.9071852    
   9330000   0.99148946     6.9349348      1.4871432      6.9221281    
   9340000   1.0146702      6.9305605      1.5219122      6.9170094    
   9350000   1.0044987      6.9245572      1.5066559      6.9148031    
   9360000   1.0146665      6.921369       1.5219066      6.9109733    
   9370000   0.99886676     6.9386481      1.4982085      6.9246783    
   9380000   1.0053834      6.9268071      1.5079829      6.9156717    
   9390000   1.008331       6.9331418      1.512404       6.9192138    
   9400000   1.0055741      6.929108       1.5082689      6.9172932    
   9410000   0.99361363     6.9309744      1.4903293      6.9185406    
   9420000   0.99278956     6.937343       1.4890933      6.9270098    
   9430000   0.99956821     6.9231383      1.4992606      6.9121358    
   9440000   0.99799749     6.9321844      1.4969047      6.9211365    
   9450000   1.0022321      6.9273748      1.5032562      6.913457     
   9460000   0.99977794     6.9329836      1.4995752      6.9212171    
   9470000   0.99904761     6.9347707      1.4984798      6.9210607    
   9480000   1.0106342      6.9314225      1.5158586      6.9193046    
   9490000   0.99687204     6.9321948      1.4952166      6.9180159    
   9500000   0.99991879     6.917747       1.4997864      6.9058386    
   9510000   1.0007313      6.9277147      1.5010052      6.9133647    
   9520000   1.0038102      6.9288718      1.5056232      6.9158634    
   9530000   0.9920869      6.9269336      1.4880393      6.9130698    
   9540000   1.0025875      6.9283693      1.5037893      6.9162294    
   9550000   0.99519683     6.9322029      1.4927039      6.9194907    
   9560000   0.99430221     6.9237829      1.4913621      6.9106171    
   9570000   0.99580697     6.930283       1.4936191      6.9172881    
   9580000   1.0007913      6.9222677      1.5010952      6.9100776    
   9590000   0.99526619     6.9217617      1.492808       6.9083265    
   9600000   0.98686316     6.9337246      1.4802042      6.918262     
   9610000   0.99338444     6.9331975      1.4899855      6.9200207    
   9620000   0.9967079      6.9243899      1.4949704      6.9129852    
   9630000   0.99767716     6.922879       1.4964242      6.9109888    
   9640000   0.99521974     6.9346422      1.4927383      6.923088     
   9650000   0.99525741     6.9324135      1.4927948      6.9204941    
   9660000   1.0073712      6.9299046      1.5109643      6.9207621    
   9670000   1.001709       6.9269932      1.5024716      6.9132182    
   9680000   0.99748572     6.9312072      1.4961371      6.9176169    
   9690000   0.9917428      6.9384886      1.4875232      6.9262378    
   9700000   0.99289261     6.9315065      1.4892478      6.9188512    
   9710000   1.0025528      6.9266962      1.5037372      6.9157426    
   9720000   1.0003248      6.9339422      1.5003955      6.9219435    
   9730000   0.99657029     6.9339379      1.494764       6.9200711    
   9740000   1.0037055      6.9309511      1.5054661      6.9177609    
   9750000   0.9978642      6.9405434      1.4967047      6.9299721    
   9760000   1.0001403      6.9401622      1.5001187      6.9257811    
   9770000   1.0016407      6.9369117      1.5023691      6.9263844    
   9780000   1.0056375      6.929601       1.508364       6.9170441    
   9790000   0.99947647     6.92771        1.499123       6.9137343    
   9800000   1.0001878      6.927948       1.5001899      6.9166871    
   9810000   1.0068531      6.9218761      1.5101873      6.909967     
   9820000   1.0017293      6.9216565      1.5025021      6.9095665    
   9830000   1.0002274      6.9284267      1.5002493      6.9159791    
   9840000   0.99847295     6.9222325      1.4976178      6.9099955    
   9850000   1.0039785      6.9283539      1.5058756      6.9146202    
   9860000   1.0009781      6.9409655      1.5013754      6.9283605    
   9870000   0.99074865     6.9399125      1.4860321      6.9265815    
   9880000   1.0082172      6.93075        1.5122333      6.9198677    
   9890000   1.0097946      6.932882       1.5145993      6.9194839    
   9900000   1.0030267      6.9499299      1.504448       6.93663      
   9910000   0.99891086     6.9366427      1.4982746      6.9251812    
   9920000   0.99756886     6.9286096      1.4962618      6.9154737    
   9930000   0.99443334     6.9376354      1.4915588      6.9264491    
   9940000   0.99855768     6.9352415      1.4977449      6.9210284    
   9950000   1.0074308      6.93648        1.5110538      6.9232473    
   9960000   1.0010078      6.9264246      1.5014198      6.9139634    
   9970000   1.009337       6.9285685      1.513913       6.9150031    
   9980000   1.0109621      6.9351491      1.5163505      6.920658     
   9990000   0.99519504     6.9405517      1.4927013      6.9255439    
  10000000   0.99250445     6.9397018      1.4886656      6.9274725    
  10010000   1.0001671      6.92351        1.5001589      6.9113688    
  10020000   0.99352873     6.9294872      1.490202       6.9172191    
  10030000   0.9874926      6.9435094      1.4811483      6.930273     
  10040000   0.99901556     6.9269627      1.4984317      6.9134029    
  10050000   1.0015059      6.9297773      1.502167       6.914975     
  10060000   0.99237109     6.9368842      1.4884656      6.9250124    
  10070000   0.99058017     6.9345307      1.4857794      6.9224328    
  10080000   1.0009255      6.9212012      1.5012964      6.9098866    
  10090000   1.0051406      6.9412175      1.5076186      6.9280127    
  10100000   1.00078        6.9385799      1.5010782      6.9247387    
  10110000   1.0063613      6.9368599      1.5094496      6.9237115    
  10120000   1.0081425      6.9320899      1.5121212      6.9175656    
  10130000   1.0003667      6.9235436      1.5004583      6.9124979    
  10140000   1.0066866      6.9188465      1.5099375      6.9059584    
  10150000   1.0031288      6.9228336      1.5046012      6.91139      
  10160000   1.0044131      6.9322091      1.5065275      6.918279     
  10170000   1.0047362      6.9343572      1.5070121      6.9209489    
  10180000   0.99835998     6.9299546      1.4974484      6.9202383    
  10190000   0.99621174     6.9318437      1.4942262      6.9202815    
  10200000   0.99009563     6.9276514      1.4850526      6.9152121    
  10210000   0.99617688     6.9262468      1.4941739      6.9125141    
  10220000   0.99801336     6.9285686      1.4969285      6.9150706    
  10230000   1.0023702      6.94139        1.5034634      6.9268268    
  10240000   1.0041416      6.9263136      1.5061203      6.9143972    
  10250000   0.99875281     6.9387186      1.4980376      6.9256924    
  10260000   1.0049369      6.9368009      1.5073132      6.9262542    
  10270000   1.0067921      6.9298347      1.5100957      6.9148453    
  10280000   1.0021316      6.9355715      1.5031055      6.9251663    
  10290000   1.0023763      6.9308933      1.5034725      6.9178419    
  10300000   0.99608735     6.9435572      1.4940396      6.9297927    
  10310000   1.0055832      6.9195111      1.5082826      6.9075644    
  10320000   0.99814685     6.9387421      1.4971287      6.9263738    
  10330000   1.002619       6.9268423      1.5038365      6.9154424    
  10340000   0.99901869     6.9348557      1.4984364      6.9234775    
  10350000   1.0012211      6.9294985      1.5017398      6.9170546    
  10360000   0.99800193     6.9400835      1.4969113      6.9275976    
  10370000   1.0031352      6.9351889      1.5046108      6.9238155    
  10380000   1.0070234      6.9410042      1.5104427      6.9273745    
  10390000   1.0061275      6.9368404      1.509099       6.925286     
  10400000   1.007372       6.9433261      1.5109656      6.9311529    
  10410000   1.0117576      6.946145       1.5175436      6.9330929    
  10420000   1.0095736      6.9405984      1.5142678      6.9256928    
  10430000   1.0031302      6.9304469      1.5046033      6.9160463    
  10440000   0.99390239     6.9406648      1.4907624      6.9287557    
  10450000   1.0091049      6.9178801      1.5135647      6.9071547    
  10460000   1.0060235      6.924431       1.5089429      6.910716     
  10470000   1.0081752      6.9321784      1.5121703      6.9188604    
  10480000   1.0086105      6.9272937      1.5128233      6.9163717    
  10490000   0.99410926     6.9347587      1.4910727      6.9217752    
  10500000   1.0021191      6.927165       1.5030867      6.9139025    
  10510000   0.99932487     6.9304646      1.4988956      6.9194025    
  10520000   0.99814576     6.9133795      1.4971271      6.9017785    
  10530000   0.99802075     6.9322989      1.4969396      6.9181545    
  10540000   0.99904442     6.9399195      1.498475       6.9284999    
  10550000   1.0083756      6.9296766      1.5124708      6.9192108    
  10560000   1.0074579      6.9277412      1.5110944      6.9162747    
  10570000   1.0038426      6.9310083      1.5056718      6.9171271    
  10580000   1.0026389      6.9203729      1.5038664      6.908685     
  10590000   0.99966191     6.9284291      1.4994011      6.9138349    
  10600000   0.98981293     6.9257737      1.4846286      6.913042     
  10610000   0.9969629      6.9289261      1.4953529      6.9165482    
  10620000   1.0007316      6.9257624      1.5010056      6.9157045    
  10630000   1.0042456      6.9198531      1.5062763      6.906277     
  10640000   0.99444145     6.9367664      1.4915709      6.9236764    
  10650000   0.99583472     6.9316244      1.4936607      6.9207862    
  10660000   0.99877997     6.9339807      1.4980783      6.920381     
  10670000   1.0089936      6.9349378      1.5133978      6.9209335    
  10680000   1.0112145      6.9416266      1.516729       6.9274497    
  10690000   1.0109761      6.9219123      1.5163714      6.9087594    
  10700000   1.0024669      6.9331843      1.5036083      6.9220377    
  10710000   0.99338132     6.9364726      1.4899808      6.9244107    
  10720000   1.0060632      6.9348215      1.5090026      6.9238314    
  10730000   1.0060759      6.9225289      1.5090216      6.9088715    
  10740000   0.9997378      6.9309653      1.499515       6.9185207    
  10750000   0.99784701     6.9256369      1.496679       6.9154531    
  10760000   0.99635279     6.9180714      1.4944378      6.9064114    
  10770000   0.9992536      6.9202241      1.4987887      6.9123609    
  10780000   1.0006722      6.9232572      1.5009165      6.9133783    
  10790000   1.0003584      6.928583       1.5004458      6.9159654    
  10800000   0.99179365     6.9334485      1.4875995      6.9193493    
  10810000   1.0003942      6.9340766      1.5004995      6.9207329    
  10820000   0.99853821     6.9209488      1.4977157      6.9084635    
  10830000   1.0121855      6.92096        1.5181854      6.9091266    
  10840000   1.005103       6.9299182      1.5075622      6.917871     
  10850000   1.0029094      6.919428       1.5042721      6.907264     
  10860000   1.0066015      6.9199965      1.50981        6.9078371    
  10870000   1.0085974      6.9259894      1.5128036      6.9133289    
  10880000   0.99213847     6.9388457      1.4881167      6.9285863    
  10890000   0.98862725     6.9378769      1.4828502      6.9237902    
  10900000   1.0004402      6.9315043      1.5005685      6.9170313    
  10910000   0.99899481     6.9309171      1.4984006      6.9189211    
  10920000   1.0101517      6.9281626      1.5151349      6.9167024    
  10930000   1.0004684      6.9315103      1.5006108      6.9160663    
  10940000   0.99682094     6.9362477      1.49514        6.9238774    
  10950000   1.004195       6.9313032      1.5062004      6.918298     
  10960000   1.0094717      6.9215639      1.514115       6.9109288    
  10970000   0.99758574     6.9179643      1.4962871      6.905435     
  10980000   0.9865319      6.9146477      1.4797073      6.9007826    
  10990000   1.0000809      6.9277855      1.5000295      6.9152454    
  11000000   0.99852419     6.935567       1.4976947      6.9235881    
  11010000   1.0011565      6.9347936      1.501643       6.9224945    
  11020000   1.002348       6.9282195      1.5034301      6.9149875    
  11030000   1.0105009      6.9263018      1.5156586      6.9156844    
  11040000   0.99864309     6.9345532      1.497873       6.9197642    
  11050000   0.99967879     6.9281649      1.4994265      6.9161447    
  11060000   0.9951507      6.9278117      1.4926347      6.9143071    
  11070000   0.99230276     6.9297612      1.4883631      6.9180439    
  11080000   0.99970289     6.9281096      1.4994626      6.9139587    
  11090000   0.99298315     6.9271811      1.4893836      6.9138974    
  11100000   1.0044798      6.9169212      1.5066275      6.9022949    
  11110000   1.0011356      6.9180999      1.5016115      6.9049185    
  11120000   0.99996833     6.926916       1.4998608      6.9132262    
  11130000   1.0017944      6.932336       1.5025997      6.921671     
  11140000   1.0049607      6.9343114      1.5073489      6.921779     
  11150000   1.0003542      6.9199788      1.5004396      6.9092013    
  11160000   0.99719774     6.9326482      1.4957051      6.9193416    
  11170000   0.99289436     6.9279908      1.4892504      6.913767     
  11180000   0.99587856     6.9304482      1.4937265      6.9185889    
  11190000   0.99507108     6.9383382      1.4925153      6.9246133    
  11200000   1.0003462      6.9114673      1.5004275      6.8999932    
  11210000   1.008104       6.9230633      1.5120635      6.9122338    
  11220000   0.99972878     6.9339135      1.4995015      6.9211326    
  11230000   0.99357103     6.9381359      1.4902654      6.9250969    
  11240000   0.99101056     6.9300669      1.4864249      6.9193994    
  11250000   0.99442456     6.931636       1.4915456      6.9189604    
  11260000   1.0093846      6.9211687      1.5139843      6.9096249    
  11270000   1.0032548      6.9328531      1.5047902      6.9191588    
  11280000   0.9993076      6.9285633      1.4988697      6.9142723    
  11290000   0.99978631     6.9269788      1.4995877      6.9168272    
  11300000   0.98773672     6.9354332      1.4815145      6.9241306    
  11310000   1.0020049      6.9227503      1.5029154      6.9101146    
  11320000   0.99753321     6.9454204      1.4962083      6.9326098    
  11330000   1.0013952      6.931848       1.502001       6.9203397    
  11340000   1.0024824      6.9269872      1.5036317      6.9134401    
  11350000   1.0020839      6.9256188      1.5030339      6.9128223    
  11360000   0.98983173     6.9325758      1.4846568      6.9193914    
  11370000   0.99450142     6.9453614      1.4916609      6.9332185    
  11380000   1.016785       6.9306744      1.5250842      6.9173486    
  11390000   1.0034518      6.9412002      1.5050857      6.9271444    
  11400000   1.0008754      6.9340339      1.5012212      6.9208052    
  11410000   1.0127653      6.9381343      1.519055       6.9278851    
  11420000   0.99632741     6.9352432      1.4943997      6.9212787    
  11430000   0.9896848      6.9338782      1.4844364      6.9214948    
  11440000   0.99743835     6.9142014      1.496066       6.9027504    
  11450000   0.98877596     6.9326467      1.4830732      6.9206107    
  11460000   0.98515636     6.9345066      1.4776442      6.9259518    
  11470000   0.99145433     6.9158109      1.4870905      6.9054358    
  11480000   0.99633552     6.9166671      1.4944119      6.9060178    
  11490000   0.98530627     6.9214298      1.477869       6.9074225    
  11500000   0.9925635      6.9258112      1.4887542      6.9129759    
  11510000   0.99223399     6.9265099      1.48826        6.9158233    
  11520000   0.99674565     6.9129837      1.495027       6.9018352    
  11530000   0.99194867     6.9201882      1.487832       6.9089014    
  11540000   0.99672587     6.9288128      1.4949974      6.9153005    
  11550000   1.0011532      6.9195456      1.5016379      6.9078058    
  11560000   0.9962621      6.9404103      1.4943017      6.9252241    
  11570000   1.0019236      6.9433045      1.5027934      6.9310116    
  11580000   1.0119873      6.9372829      1.517888       6.9239609    
  11590000   1.0048796      6.9285004      1.5072272      6.9147283    
  11600000   1.0010556      6.9287034      1.5014915      6.916011     
  11610000   1.0008678      6.9324978      1.5012099      6.9159691    
  11620000   1.0082692      6.9283672      1.5123113      6.9163207    
  11630000   1.0056501      6.939643       1.5083828      6.9264592    
  11640000   1.0126619      6.9340383      1.5188999      6.9209409    
  11650000   1.0098481      6.9437368      1.5146795      6.9307237    
  11660000   1.0078801      6.9338226      1.5117277      6.9197123    
  11670000   1.0022146      6.926605       1.5032299      6.9136263    
  11680000   1.0062178      6.9341528      1.5092344      6.9216681    
  11690000   1.0042597      6.9334034      1.5062975      6.9198061    
  11700000   0.9932117      6.9254706      1.4897264      6.9126468    
  11710000   1.0012641      6.9249632      1.5018042      6.910418     
  11720000   1.0080823      6.9259162      1.512031       6.9116458    
  11730000   0.9987838      6.9249141      1.4980841      6.9145506    
  11740000   0.99647078     6.9224082      1.4946148      6.909878     
  11750000   1.0037481      6.9240769      1.5055301      6.9097378    
  11760000   0.99606316     6.9410333      1.4940034      6.927625     
  11770000   0.99775274     6.9258237      1.4965376      6.9147628    
  11780000   0.99337106     6.9304252      1.4899654      6.9157489    
  11790000   0.99914675     6.9284189      1.4986285      6.9159638    
  11800000   0.9949049      6.9288686      1.4922661      6.9172826    
  11810000   1.0002741      6.9206707      1.5003194      6.9067317    
  11820000   0.99251912     6.9302802      1.4886876      6.9168742    
  11830000   0.99982092     6.9283919      1.4996396      6.9162222    
  11840000   0.99289133     6.9401018      1.4892459      6.925902     
  11850000   0.99464067     6.9271846      1.4918697      6.9143405    
  11860000   0.9994249      6.9287039      1.4990457      6.9171729    
  11870000   1.0011002      6.9243408      1.5015585      6.9098152    
  11880000   1.0065743      6.9200232      1.5097691      6.906694     
  11890000   0.99489212     6.9407885      1.4922469      6.9280613    
  11900000   0.99849407     6.9432327      1.4976495      6.9311365    
  11910000   0.9881605      6.9415757      1.4821501      6.9303701    
  11920000   1.0044392      6.9309986      1.5065667      6.9213227    
  11930000   0.99758885     6.9390249      1.4962917      6.9274576    
  11940000   0.99034757     6.9353391      1.4854305      6.9231893    
  11950000   0.98627318     6.9280394      1.4793193      6.91424      
  11960000   0.99102192     6.9320576      1.486442       6.9209203    
  11970000   1.0003021      6.9291795      1.5003614      6.9165556    
  11980000   0.98829965     6.9290739      1.4823588      6.9158994    
  11990000   0.99464256     6.9305355      1.4918726      6.9187805    
  12000000   0.99297095     6.9352596      1.4893653      6.9207943    
  12010000   1.0008589      6.9232013      1.5011965      6.909179     
  12020000   0.99825313     6.9319347      1.4972881      6.9209868    
  12030000   0.9990906      6.93732        1.4985442      6.9252655    
  12040000   0.9939261      6.9297484      1.490798       6.9151943    
  12050000   0.99739896     6.9210468      1.4960069      6.9097307    
  12060000   0.99439237     6.9219402      1.4914973      6.9086124    
  12070000   0.98505367     6.9304369      1.4774901      6.9167446    
  12080000   0.98407898     6.927882       1.4760282      6.9152653    
  12090000   0.99599626     6.9271059      1.493903       6.9146255    
  12100000   0.99791903     6.9249504      1.496787       6.9141038    
  12110000   1.0000871      6.938523       1.5000389      6.9257739    
  12120000   0.99643873     6.9241462      1.4945667      6.9103315    
  12130000   0.9964957      6.9277231      1.4946521      6.9179635    
  12140000   0.99765802     6.9258797      1.4963955      6.9149061    
  12150000   0.99615249     6.9222581      1.4941373      6.912225     
  12160000   1.0031837      6.9319213      1.5046835      6.9199826    
  12170000   1.0050713      6.9262757      1.5075148      6.9139453    
  12180000   0.99958088     6.9234389      1.4992796      6.911543     
  12190000   0.99243621     6.9370419      1.4885633      6.9233724    
  12200000   0.99569319     6.9288324      1.4934484      6.9158509    
  12210000   0.98607402     6.9302445      1.4790206      6.9180801    
  12220000   1.0027314      6.9244431      1.5040051      6.9120016    
  12230000   1.0058088      6.932344       1.508621       6.9206723    
  12240000   1.0006907      6.9387161      1.5009442      6.923564     
  12250000   1.0035367      6.9245599      1.5052129      6.9103299    
  12260000   0.99393741     6.9230547      1.4908149      6.9122152    
  12270000   0.99906024     6.9242234      1.4984987      6.9140849    
  12280000   0.99721702     6.9369824      1.495734       6.9230058    
  12290000   1.0057125      6.931237       1.5084765      6.9211968    
  12300000   0.99105749     6.9344077      1.4864953      6.9228513    
  12310000   1.004061       6.9244         1.5059994      6.9126069    
  12320000   1.0010256      6.9277529      1.5014466      6.9186466    
  12330000   1.0033815      6.9186859      1.5049802      6.9067292    
  12340000   0.9970496      6.9339128      1.4954829      6.9211962    
  12350000   0.99657021     6.9313971      1.4947639      6.9186165    
  12360000   1.0009472      6.9350172      1.501329       6.9232495    
  12370000   0.99664332     6.9172528      1.4948735      6.9074232    
  12380000   1.0037328      6.9250858      1.5055072      6.9134842    
  12390000   1.009438       6.9216308      1.5140644      6.9087705    
  12400000   0.99769943     6.9429647      1.4964576      6.9306072    
  12410000   1.0045827      6.9239473      1.5067819      6.9112307    
  12420000   1.0036113      6.92919        1.5053249      6.9156738    
  12430000   1.0056708      6.9356959      1.5084139      6.9219827    
  12440000   1.0104059      6.9380582      1.5155161      6.9236807    
  12450000   1.0142378      6.9371493      1.5212636      6.9233967    
  12460000   0.99719227     6.936897       1.4956969      6.9235767    
  12470000   1.0074692      6.9324815      1.5111114      6.9211626    
  12480000   1.004574       6.9247631      1.5067688      6.9135098    
  12490000   0.99797103     6.9294345      1.496865       6.9188896    
  12500000   0.99786087     6.9252446      1.4966998      6.9145284    
  12510000   0.9918547      6.9252705      1.487691       6.9145377    
  12520000   0.99611264     6.93632        1.4940776      6.9211275    
  12530000   1.0042557      6.9314127      1.5062914      6.9178497    
  12540000   1.0003479      6.9287374      1.50043        6.9164942    
  12550000   0.99596351     6.9160642      1.4938539      6.9043296    
  12560000   0.99144294     6.932597       1.4870735      6.9212082    
  12570000   0.99195425     6.9285817      1.4878404      6.9162817    
  12580000   1.0014488      6.9213697      1.5020814      6.9080592    
  12590000   1.0034797      6.9341677      1.5051275      6.9178956    
  12600000   1.0129069      6.9237798      1.5192675      6.9131765    
  12610000   1.0053292      6.9360475      1.5079016      6.9238642    
  12620000   1.0009454      6.9252351      1.5013262      6.910053     
  12630000   0.99615239     6.9310291      1.4941372      6.9171189    
  12640000   0.99823605     6.9425118      1.4972625      6.9290975    
  12650000   0.99956535     6.9327677      1.4992563      6.9205472    
  12660000   0.99401057     6.9337062      1.4909247      6.9197256    
  12670000   0.99305493     6.9325019      1.4894913      6.9215809    
  12680000   1.0030991      6.9216866      1.5045567      6.9111108    
  12690000   0.99945488     6.9305667      1.4990906      6.918216     
  12700000   0.99731428     6.9271181      1.4958799      6.9170399    
  12710000   1.002827       6.9293062      1.5041484      6.9177728    
  12720000   1.0043096      6.9314869      1.5063723      6.918331     
  12730000   0.99918376     6.9262967      1.498684       6.9142613    
  12740000   1.0057646      6.9270224      1.5085546      6.9158599    
  12750000   0.99550832     6.929175       1.4931711      6.9154001    
  12760000   1.0034987      6.9171926      1.5051559      6.9065173    
  12770000   0.98720684     6.9356813      1.4807197      6.9238388    
  12780000   0.99361206     6.9307998      1.4903269      6.9161736    
  12790000   0.99378828     6.9227159      1.4905913      6.9123711    
  12800000   0.99702397     6.9283848      1.4954445      6.9168904    
  12810000   0.98753074     6.9238344      1.4812055      6.9107995    
  12820000   0.99466405     6.9237422      1.4919048      6.9132452    
  12830000   0.99556402     6.9321515      1.4932547      6.9201772    
  12840000   0.99344169     6.921155       1.4900714      6.9077092    
  12850000   0.997197       6.93619        1.495704       6.9230164    
  12860000   0.99527404     6.9339215      1.4928198      6.9199905    
  12870000   1.0018993      6.9309748      1.502757       6.9210319    
  12880000   1.0066165      6.9217273      1.5098324      6.9089012    
  12890000   0.99418798     6.9276358      1.4911908      6.9136605    
  12900000   0.99593311     6.923754       1.4938083      6.9109296    
  12910000   1.0045339      6.9337839      1.5067088      6.9191966    
  12920000   1.0028954      6.9363605      1.504251       6.9249222    
  12930000   1.0010785      6.9313591      1.5015259      6.9192928    
  12940000   0.98700948     6.9417098      1.4804237      6.9273711    
  12950000   0.99725845     6.9381806      1.4957962      6.9250731    
  12960000   1.0018498      6.9287585      1.5026827      6.9162181    
  12970000   1.0088372      6.9272652      1.5131632      6.9171858    
  12980000   1.0000651      6.931063       1.5000058      6.9183084    
  12990000   1.0017361      6.9274711      1.5025123      6.914264     
  13000000   0.99839561     6.9366979      1.4975018      6.9234517    
  13010000   1.0042247      6.9251615      1.5062449      6.9120896    
  13020000   0.99767764     6.9261969      1.4964249      6.9130369    
  13030000   1.001294       6.9288305      1.5018492      6.9147175    
  13040000   1.0067185      6.9287277      1.5099854      6.916526     
  13050000   1.0156646      6.9266498      1.5234037      6.9115258    
  13060000   1.0083207      6.9268735      1.5123886      6.9141692    
  13070000   1.000983       6.931597       1.5013826      6.9198582    
  13080000   1.001021       6.9314032      1.5014397      6.9201524    
  13090000   1.002892       6.9402565      1.504246       6.9253048    
  13100000   1.0017492      6.9339824      1.5025319      6.9203845    
  13110000   1.0020325      6.9204514      1.5029568      6.9097376    
  13120000   1.0052462      6.9287599      1.5077771      6.9157048    
  13130000   0.99965314     6.9327413      1.499388       6.9208674    
  13140000   0.99803314     6.9306053      1.4969582      6.9190117    
  13150000   0.99968323     6.9301359      1.4994331      6.9183994    
  13160000   0.99462155     6.9311369      1.4918411      6.9174812    
  13170000   0.99292122     6.925883       1.4892907      6.9141748    
  13180000   0.9846231      6.9201384      1.4768443      6.9082712    
  13190000   0.99273886     6.9273187      1.4890172      6.9152442    
    13200000   0.99193714     6.9303592      1.4878147      6.9188848       13210000   0.99615122     6.9304298      1.4941354      6.919125        13220000   1.0009684      6.9208039      1.5013607      6.9106773       13230000   0.99567988     6.9287395      1.4934285      6.9169182       13240000   0.99795077     6.9274326      1.4968346      6.9138017       13250000   0.99742399     6.9237946      1.4960445      6.9106164       13260000   0.99458979     6.9326932      1.4917934      6.9196671       13270000   0.99246371     6.927809       1.4886045      6.9176474       13280000   0.99471355     6.9276443      1.4919791      6.9166155       13290000   0.99033181     6.9322554      1.4854069      6.9196672       13300000   0.99573869     6.9386559      1.4935167      6.9256018       13310000   1.0030819      6.9271116      1.5045309      6.9162616       13320000   1.0080746      6.9201764      1.5120194      6.9092326       13330000   0.98746478     6.9306597      1.4811066      6.9164098       13340000   0.99445491     6.9256748      1.4915911      6.9104114     13350000   1.0032243      6.9295756      1.5047444      6.9166551    
  13360000   1.0069413      6.9244326      1.5103196      6.9110117    
  13370000   1.0036471      6.9308378      1.5053786      6.9171558    
  13380000   1.00409        6.9385075      1.5060429      6.9262001    
    13390000   1.0026043      6.9364317      1.5038145      6.9233026     13400000   1.020651       6.936378       1.5308829      6.9232126    
    13410000   1.0062923      6.9399976      1.5093462      6.9283549     13420000   1.0010041      6.928592       1.5014143      6.9142206    
    13430000   1.0174457      6.9345762      1.5260752      6.9197946     13440000   1.0059434      6.9325423      1.5088228      6.9204583    
  13450000   1.0054811      6.9344841      1.5081294      6.9214868    
  13460000   1.0000137      6.9299673      1.4999288      6.9163243    
  13470000   0.98887297     6.9357361      1.4832187      6.9216798    
  13480000   0.99830451     6.9242415      1.4973652      6.9110018    
  13490000   0.99843239     6.9303668      1.497557       6.9175543    
  13500000   1.0023883      6.9441282      1.5034905      6.9298323    
  13510000   1.0072542      6.9361555      1.5107889      6.923131     
  13520000   1.0032638      6.9344914      1.5048037      6.9184562    
  13530000   1.0092603      6.9457167      1.5137979      6.9322537    
  13540000   1.0106447      6.9324346      1.5158743      6.9212946    
  13550000   0.9979718      6.9367036      1.4968662      6.9236903    
  13560000   0.99459136     6.9383965      1.4917958      6.9251577    
  13570000   0.99901007     6.941361       1.4984235      6.9292367    
  13580000   1.0137956      6.9363705      1.5206004      6.9220129    
  13590000   0.99578296     6.9390498      1.4935831      6.9246046    
  13600000   0.99872003     6.9289375      1.4979884      6.9155656    
  13610000   1.0018697      6.9336598      1.5027127      6.9189575    
  13620000   1.0010427      6.9259418      1.5014722      6.9103926    
  13630000   1.0079867      6.9312054      1.5118876      6.9192234    
  13640000   0.99946794     6.9285438      1.4991102      6.915638     
  13650000   1.0020452      6.9323881      1.5029758      6.9220681    
  13660000   1.0033214      6.9319312      1.50489        6.9180479    
  13670000   1.0010209      6.9374956      1.5014394      6.9228183    
  13680000   1.0010041      6.9335952      1.5014144      6.9190165    
  13690000   1.018992       6.929526       1.5283946      6.9159391    
  13700000   1.0014279      6.9307622      1.50205        6.9190779    
  13710000   0.99777022     6.9307305      1.4965638      6.9194001    
  13720000   1.0078089      6.9336452      1.5116209      6.9217511    
  13730000   1.0021311      6.9321449      1.5031048      6.9182022    
  13740000   1.0110515      6.9339717      1.5164844      6.9210066    
  13750000   1.0101671      6.930851       1.515158       6.9165533    
  13760000   1.003053       6.9363936      1.5044875      6.9233006    
  13770000   1.0000419      6.9419143      1.4999711      6.9296258    
  13780000   0.9990022      6.9304955      1.4984117      6.9156223    
  13790000   1.0092441      6.9329615      1.5137736      6.9214749    
  13800000   1.0005959      6.9349381      1.5008021      6.919434     
  13810000   1.0066329      6.9314923      1.509857       6.9192275    
  13820000   0.99849364     6.9168052      1.4976488      6.9026458    
  13830000   0.99574807     6.9295083      1.4935308      6.9174814    
  13840000   0.9990963      6.9260112      1.4985528      6.9149615    
  13850000   1.013568       6.9251213      1.520259       6.9142601    
  13860000   1.0041198      6.9401557      1.5060877      6.9275051    
  13870000   1.0076696      6.9384917      1.5114119      6.9243365    
  13880000   1.0127328      6.9383934      1.5190062      6.9274199    
  13890000   0.99691883     6.9320927      1.4952868      6.9204374    
  13900000   0.9932589      6.9263128      1.4897972      6.912754     
  13910000   1.0029422      6.9125617      1.5043212      6.9010645    
  13920000   1.0057439      6.9249606      1.5085235      6.911172     
  13930000   0.99318423     6.9247955      1.4896852      6.9113606    
  13940000   0.99550537     6.9312815      1.4931667      6.9168792    
  13950000   0.99614532     6.9334607      1.4941266      6.9194098    
  13960000   1.0001193      6.9238008      1.5000873      6.9105367    
  13970000   1.003028       6.9303784      1.50445        6.9181511    
  13980000   1.0008887      6.9321249      1.5012413      6.9157167    
  13990000   1.0014712      6.9294127      1.5021149      6.917008     
  14000000   0.99898478     6.9293147      1.4983855      6.9169585    
  14010000   1.0002815      6.9279987      1.5003305      6.9185921    
  14020000   1.0028579      6.9291149      1.5041948      6.9156022    
  14030000   1.0036169      6.9350575      1.5053332      6.9237969    
  14040000   1.001495       6.954933       1.5021506      6.9412009    
  14050000   1.0134027      6.9324946      1.520011       6.9203893    
  14060000   1.0066763      6.9282732      1.5099221      6.9179635    
  14070000   1.009369       6.9350196      1.5139609      6.9225491    
  14080000   1.0115896      6.9237871      1.5172916      6.9128173    
  14090000   1.0056996      6.9236365      1.5084572      6.9116186    
  14100000   0.99829515     6.9304315      1.4973511      6.916613     
  14110000   1.0002525      6.9425971      1.5002869      6.932425     
  14120000   1.0010366      6.9400493      1.501463       6.9277874    
  14130000   1.0086647      6.9352941      1.5129046      6.9248171    
  14140000   1.0012906      6.9400935      1.5018441      6.929589     
  14150000   0.99664347     6.9439921      1.4948738      6.9313421    
  14160000   0.99824892     6.9438221      1.4972818      6.9302598    
  14170000   1.0093975      6.934866       1.5140037      6.9198891    
  14180000   1.0060753      6.9332277      1.5090206      6.9186375    
  14190000   0.99597914     6.9268218      1.4938773      6.9120053    
  14200000   1.0031274      6.9316841      1.5045991      6.9203826    
  14210000   1.0013965      6.9303506      1.5020029      6.9176098    
  14220000   0.99586732     6.9294785      1.4937096      6.9155662    
  14230000   0.98947039     6.9291041      1.4841148      6.9181737    
  14240000   0.99547989     6.9308336      1.4931285      6.916263     
  14250000   0.99620882     6.9199229      1.4942218      6.9079503    
  14260000   0.99531116     6.9358227      1.4928754      6.9229158    
  14270000   1.0082067      6.9363194      1.5122175      6.9232637    
  14280000   1.0130179      6.922675       1.5194339      6.9103755    
  14290000   1.0128036      6.919117       1.5191125      6.9057072    
  14300000   1.0049344      6.9350048      1.5073093      6.9232617    
  14310000   1.0039096      6.9282966      1.5057723      6.9146833    
  14320000   0.99678707     6.9272736      1.4950892      6.914611     
  14330000   1.0026679      6.9219935      1.5039098      6.9112782    
  14340000   0.99694613     6.926638       1.4953277      6.9160625    
  14350000   0.99207335     6.9229531      1.488019       6.9104765    
  14360000   0.99684402     6.9213803      1.4951746      6.9104169    
  14370000   0.98339686     6.9353016      1.4750051      6.9201082    
  14380000   0.98402979     6.9329291      1.4759544      6.9190086    
  14390000   1.0031902      6.9235439      1.5046933      6.9104815    
  14400000   1.0078994      6.9229826      1.5117566      6.9121348    
  14410000   1.0083261      6.925621       1.5123966      6.9144563    
  14420000   1.0056597      6.9281205      1.5083973      6.9150308    
  14430000   1.0034431      6.9335382      1.5050725      6.9185214    
  14440000   0.99618628     6.9271836      1.494188       6.9164054    
  14450000   0.99240962     6.909108       1.4885234      6.8967084    
  14460000   0.99880611     6.9272895      1.4981175      6.9157863    
  14470000   0.98922581     6.9194772      1.483748       6.9073044    
  14480000   0.99007955     6.9360356      1.4850285      6.9221143    
  14490000   0.99768829     6.9361674      1.4964409      6.9235148    
  14500000   0.98693859     6.9328493      1.4803173      6.9210027    
  14510000   0.98380352     6.9366318      1.475615       6.9210509    
  14520000   0.99985154     6.9182663      1.4996856      6.9055381    
  14530000   0.99230104     6.9325908      1.4883605      6.9230451    
  14540000   0.99605621     6.9310478      1.4939929      6.9187672    
  14550000   0.99340515     6.9321856      1.4900166      6.9181406    
  14560000   1.0079241      6.9351062      1.5117937      6.9234657    
  14570000   1.004982       6.932583       1.5073808      6.9206452    
  14580000   1.0072977      6.933988       1.5108541      6.9233658    
  14590000   0.99757953     6.9293613      1.4962778      6.9178694    
  14600000   0.99612076     6.9182934      1.4940897      6.9058616    
  14610000   0.99637577     6.9300922      1.4944722      6.9192936    
  14620000   1.0005999      6.9255496      1.500808       6.9131343    
  14630000   0.99169524     6.9388749      1.4874519      6.9260956    
  14640000   1.0031625      6.9304075      1.5046517      6.9174829    
  14650000   0.99361459     6.9303593      1.4903307      6.9181363    
  14660000   1.0033453      6.9325561      1.5049258      6.921742     
  14670000   1.0035851      6.9315473      1.5052856      6.9186566    
  14680000   1.0006475      6.9360732      1.5008795      6.9225026    
  14690000   1.0013509      6.9440393      1.5019346      6.9320857    
  14700000   1.0069795      6.9398097      1.5103769      6.9260777    
  14710000   1.0083732      6.9341613      1.5124674      6.9212424    
  14720000   1.0153014      6.9366817      1.522859       6.9223199    
  14730000   1.0151907      6.9412674      1.5226929      6.9270989    
  14740000   1.0117466      6.9409937      1.517527       6.9286639    
  14750000   1.0032144      6.9479861      1.5047295      6.934392     
  14760000   0.99083421     6.930033       1.4861604      6.9172253    
    14770000   0.98860021     6.9267802      1.4828096      6.9149758       14780000   0.98663192     6.9275245      1.4798574      6.9175466     14790000   0.99190713     6.9272791      1.4877697      6.9137619    
  14800000   1.0041585      6.9399815      1.5061456      6.9265591    
    14810000   1.0023008      6.9250466      1.5033593      6.9114495       14820000   1.0061002      6.9335483      1.5090579      6.9218455       14830000   1.0126335      6.9232223      1.5188573      6.9107922     14840000   1.0077592      6.9393953      1.5115464      6.9280184    
  14850000   1.0144581      6.9308794      1.521594       6.9202559    
  14860000   1.001697       6.9420074      1.5024535      6.9297805    
  14870000   1.0087555      6.9386389      1.5130407      6.9250485    
  14880000   0.99575488     6.9225443      1.493541       6.9106134    
    14890000   0.9936873      6.9253241      1.4904398      6.9131425     14900000   0.99377132     6.932718       1.4905658      6.9202049    
  14910000   0.99425388     6.9327396      1.4912896      6.9206356    
    14920000   0.99822864     6.9243473      1.4972514      6.9095429       14930000   1.0025574      6.9172444      1.5037441      6.906739        14940000   0.9900725      6.9220615      1.4850179      6.9089824     14950000   0.99334719     6.9283633      1.4899297      6.9140269    
  14960000   0.99487869     6.9189871      1.4922268      6.904548     
  14970000   0.9991819      6.9208516      1.4986812      6.9085472    
  14980000   0.99794412     6.9232529      1.4968246      6.9117647    
  14990000   1.0084412      6.9302997      1.5125693      6.9178874    
  15000000   1.0131968      6.9272253      1.5197023      6.9157063    
  15010000   1.0157534      6.9295511      1.523537       6.9162658    
    15020000   0.99373664     6.933848       1.4905138      6.921805        15030000   0.99723558     6.9396072      1.4957619      6.927828        15040000   1.0042693      6.9273337      1.5063118      6.9153173       15050000   1.0054524      6.9399665      1.5080863      6.9268563       15060000   1.0087394      6.94354        1.5130165      6.9299676       15070000   1.0126542      6.9303574      1.5188885      6.9163941       15080000   1.0011933      6.9359782      1.5016981      6.9210276       15090000   1.0018765      6.9309725      1.5027229      6.9173967       15100000   1.0050515      6.9353871      1.5074851      6.9202973       15110000   0.99719109     6.9366068      1.4956951      6.9230106       15120000   0.99886491     6.9295786      1.4982057      6.9160716     15130000   0.99709923     6.9293727      1.4955574      6.9168312    
  15140000   1.001617       6.928783       1.5023335      6.9178       
  15150000   1.0127397      6.9309614      1.5190166      6.9192447    
  15160000   1.0000863      6.9454508      1.5000377      6.9303693    
  15170000   1.00535        6.9377122      1.5079328      6.9237281    
  15180000   1.0070705      6.9283471      1.5105134      6.9164386    
  15190000   1.0038727      6.9368485      1.5057169      6.9221915    
  15200000   1.0105751      6.934274       1.5157699      6.9235259    
  15210000   1.0045503      6.9339856      1.5067334      6.9209741    
  15220000   1.0021961      6.9405606      1.5032022      6.9289996    
  15230000   1.0086016      6.9275367      1.5128099      6.9159648    
  15240000   1.0126524      6.9171049      1.5188857      6.9035209    
  15250000   1.0012391      6.9393729      1.5017668      6.9272827    
  15260000   1.0107852      6.926125       1.5160851      6.9117115    
  15270000   1.010381       6.9405184      1.5154788      6.9280289    
  15280000   1.0152852      6.9223018      1.5228346      6.9112117    
  15290000   1.0078437      6.9252758      1.5116731      6.9122324    
  15300000   0.99624733     6.9387995      1.4942796      6.924825     
  15310000   0.98916244     6.9345932      1.4836529      6.9220051    
  15320000   0.99945132     6.9421883      1.4990853      6.929827     
  15330000   1.0082576      6.935503       1.5122939      6.9233011    
  15340000   0.99935978     6.9367429      1.498948       6.9271883    
  15350000   1.0028041      6.9276122      1.5041142      6.915715     
  15360000   1.0012366      6.9388142      1.501763       6.9239223    
  15370000   1.0090056      6.9265019      1.5134158      6.9142732    
  15380000   1.0043576      6.9325492      1.5064443      6.9218861    
  15390000   1.0075326      6.9337901      1.5112064      6.9202427    
  15400000   1.0039837      6.9278229      1.5058834      6.9162039    
  15410000   1.0069583      6.9270926      1.510345       6.9147344    
  15420000   1.0025664      6.933418       1.5037576      6.9202504    
  15430000   1.0110462      6.9282819      1.5164765      6.9129091    
  15440000   1.0038457      6.9410792      1.5056764      6.9270686    
  15450000   0.9920621      6.9255308      1.4880021      6.9150432    
  15460000   0.99100586     6.9321997      1.4864179      6.9212546    
  15470000   0.9913149      6.9250345      1.4868814      6.9143432    
  15480000   0.99889528     6.9231362      1.4982513      6.9100719    
  15490000   1.0070762      6.9284625      1.510522       6.9175959    
  15500000   1.0100285      6.9367129      1.5149501      6.9231668    
  15510000   1.001738       6.9275869      1.5025152      6.9145957    
  15520000   1.002035       6.9267836      1.5029606      6.912778     
  15530000   0.9984577      6.935414       1.497595       6.9224871    
  15540000   0.99978237     6.9218583      1.4995818      6.9094827    
  15550000   0.99290181     6.9219087      1.4892616      6.9098937    
  15560000   0.99469542     6.923757       1.4919519      6.9125242    
  15570000   0.9940664      6.9307328      1.4910084      6.9192338    
  15580000   0.99401415     6.9288644      1.49093        6.9173677    
  15590000   0.99853384     6.9215085      1.4977091      6.9087354    
  15600000   1.0117429      6.9224774      1.5175215      6.9105059    
  15610000   1.0056425      6.9283641      1.5083714      6.9160812    
  15620000   0.99031418     6.9379629      1.4853804      6.9226109    
  15630000   1.0079916      6.9252964      1.5118949      6.9133735    
  15640000   0.99760295     6.9356685      1.4963129      6.921185     
  15650000   1.0005031      6.9310631      1.5006629      6.9178688    
  15660000   1.0015962      6.9290563      1.5023024      6.9187004    
  15670000   0.9999851      6.9315029      1.4998859      6.9180365    
  15680000   1.0013781      6.9270081      1.5019752      6.9168289    
  15690000   0.99321167     6.9410589      1.4897264      6.9300442    
  15700000   0.99668552     6.9247428      1.4949368      6.9104629    
  15710000   0.99813589     6.9262884      1.4971123      6.9136477    
  15720000   1.0028792      6.9238982      1.5042268      6.9103918    
  15730000   0.99389025     6.9329711      1.4907442      6.9199196    
  15740000   0.99328163     6.9307917      1.4898313      6.9188709    
  15750000   0.99834692     6.9196464      1.4974288      6.9097255    
  15760000   0.99643019     6.9272362      1.4945539      6.9158916    
  15770000   0.99470398     6.9316949      1.4919647      6.9183502    
  15780000   0.99473923     6.925241       1.4920176      6.9145348    
  15790000   1.0009304      6.9223839      1.5013037      6.91048      
  15800000   1.0008753      6.9216335      1.5012211      6.9102909    
  15810000   0.99991593     6.9163676      1.4997822      6.9050517    
  15820000   0.99571386     6.9230508      1.4934794      6.9117618    
  15830000   0.99789115     6.9171017      1.4967452      6.9039559    
  15840000   0.9967627      6.9272631      1.4950526      6.9136634    
  15850000   0.98791182     6.93568        1.4817771      6.9234695    
  15860000   1.0040795      6.933053       1.5060271      6.9209498    
  15870000   1.0053248      6.9353721      1.507895       6.9231478    
  15880000   1.0116147      6.9367733      1.5173293      6.9212552    
  15890000   0.99821716     6.9360552      1.4972342      6.9245202    
  15900000   1.0065054      6.9362182      1.5096658      6.9226308    
  15910000   0.99853011     6.9208314      1.4977036      6.9074687    
  15920000   0.99386046     6.9287101      1.4906995      6.916037     
  15930000   1.0006683      6.9276881      1.5009107      6.9128963    
  15940000   1.006774       6.9330812      1.5100687      6.9222467    
  15950000   0.99452079     6.9315642      1.4916899      6.9182908    
  15960000   0.9978219      6.9336628      1.4966413      6.9219382    
  15970000   0.99366748     6.9332522      1.4904101      6.9215439    
  15980000   1.0071588      6.9354328      1.5106458      6.9221801    
  15990000   1.0054775      6.9409969      1.508124       6.9260573    
  16000000   0.99591386     6.9378997      1.4937794      6.9237884    
  16010000   1.0035134      6.9344033      1.5051781      6.9184102    
  16020000   1.0065173      6.9240099      1.5096837      6.9118718    
  16030000   0.99650324     6.931794       1.4946634      6.9181441    
  16040000   1.0049415      6.9333693      1.5073201      6.9202171    
  16050000   1.0048309      6.9329308      1.5071542      6.9172144    
  16060000   0.99481606     6.9321865      1.4921328      6.9197813    
  16070000   1.0004215      6.9312207      1.5005405      6.9183806    
  16080000   0.99617022     6.9344008      1.4941639      6.9215066    
  16090000   1.0040162      6.9460618      1.5059322      6.9325704    
  16100000   1.0042286      6.9253958      1.5062508      6.9135492    
  16110000   0.98851375     6.9331437      1.4826799      6.9209391    
  16120000   0.99802394     6.9228922      1.4969444      6.910235     
  16130000   0.99036226     6.9314501      1.4854525      6.9192061    
  16140000   1.0084101      6.9063082      1.5125227      6.8938795    
  16150000   0.99704343     6.9259855      1.4954737      6.9130959    
  16160000   1.0013944      6.9171703      1.5019997      6.9058381    
  16170000   0.98454555     6.9292922      1.476728       6.9187955    
  16180000   0.9902453      6.9315761      1.4852771      6.9205182    
  16190000   0.99404038     6.9313378      1.4909694      6.918229     
  16200000   0.99874449     6.928184       1.4980251      6.9157045    
  16210000   1.0058533      6.9183729      1.5086877      6.9054569    
  16220000   1.0043224      6.9248361      1.5063915      6.9122971    
  16230000   1.0003976      6.9287854      1.5005047      6.9176657    
  16240000   0.99247255     6.92784        1.4886178      6.9137881    
  16250000   0.99806968     6.9289674      1.497013       6.9168982    
  16260000   1.0049114      6.9314632      1.5072749      6.9180843    
  16270000   1.0003171      6.9285241      1.5003838      6.9138904    
  16280000   1.0037129      6.917943       1.5054773      6.907106     
  16290000   0.99108914     6.9283684      1.4865428      6.9161081    
  16300000   0.98919914     6.9321899      1.483708       6.9182227    
  16310000   0.99350787     6.9245949      1.4901707      6.9101073    
  16320000   0.98777716     6.9353497      1.4815751      6.9231159    
  16330000   0.99689979     6.9282195      1.4952582      6.917147     
  16340000   0.99024177     6.9316251      1.4852718      6.9211111    
  16350000   0.99609375     6.9241211      1.4940492      6.9108291    
  16360000   0.99193747     6.9351637      1.4878152      6.9233798    
  16370000   0.99889275     6.9315645      1.4982475      6.9197304    
  16380000   1.003948       6.928069       1.5058298      6.9172729    
  16390000   0.9882373      6.9324472      1.4822653      6.9205071    
  16400000   0.98560315     6.9234406      1.4783143      6.9105658    
  16410000   0.98056662     6.9329135      1.47076        6.9225977    
  16420000   0.98932864     6.9314556      1.4839022      6.9187544    
  16430000   0.99451967     6.9272849      1.4916883      6.9155335    
  16440000   0.99459239     6.9307157      1.4917973      6.9203903    
  16450000   0.9926707      6.9352046      1.488915       6.9229298    
  16460000   0.9917202      6.9330786      1.4874893      6.9201252    
  16470000   1.000973       6.926344       1.5013677      6.9146349    
  16480000   0.99492256     6.932649       1.4922926      6.920318     
  16490000   1.0057337      6.9371304      1.5085082      6.9243783    
  16500000   1.0028267      6.9290979      1.504148       6.9177692    
  16510000   1.0083814      6.9276892      1.5124795      6.9153123    
  16520000   1.009713       6.9512404      1.5144768      6.938531     
  16530000   1.0091583      6.9391623      1.5136449      6.9273411    
  16540000   1.0066426      6.9303549      1.5098716      6.9186865    
  16550000   1.0072308      6.9352543      1.5107538      6.9224264    
  16560000   1.0050429      6.9297412      1.5074721      6.9177425    
  16570000   0.99708693     6.935476       1.4955389      6.9221693    
  16580000   0.99283429     6.9222707      1.4891603      6.909875     
  16590000   0.99080457     6.9325122      1.4861159      6.9173169    
  16600000   0.99653419     6.9291865      1.4947099      6.9160773    
  16610000   0.99392968     6.9242102      1.4908033      6.9117864    
  16620000   0.99410258     6.9292521      1.4910627      6.9157801    
  16630000   1.0037613      6.9343161      1.5055498      6.9202649    
  16640000   1.0050158      6.9366862      1.5074315      6.9256119    
  16650000   1.003548       6.9473603      1.5052299      6.9337817    
  16660000   0.99971814     6.9321095      1.4994855      6.9187123    
  16670000   0.99285892     6.9194333      1.4891973      6.9069496    
  16680000   0.99521153     6.9326676      1.492726       6.9198212    
  16690000   0.99703644     6.9425254      1.4954632      6.9281027    
  16700000   0.99982838     6.9437335      1.4996508      6.9291719    
  16710000   1.0048163      6.9268396      1.5071323      6.9137041    
  16720000   0.99595435     6.9323459      1.4938402      6.920006     
  16730000   1.0098095      6.9284229      1.5146216      6.9170027    
  16740000   0.9992601      6.9342183      1.4987985      6.9216822    
  16750000   1.0019373      6.9326482      1.5028141      6.9202186    
  16760000   1.0063484      6.9354952      1.5094302      6.9212695    
  16770000   1.0102685      6.924501       1.51531        6.9125411    
  16780000   0.99822629     6.9275435      1.4972479      6.9139184    
  16790000   0.99727188     6.929218       1.4958163      6.9149049    
  16800000   0.98753303     6.926891       1.4812089      6.9130891    
  16810000   0.99450327     6.9235024      1.4916637      6.9103963    
  16820000   0.9989515      6.9274935      1.4983356      6.9172473    
  16830000   1.002212       6.9337633      1.503226       6.9214749    
  16840000   1.0175393      6.933834       1.5262156      6.9215449    
  16850000   1.0071098      6.9321166      1.5105723      6.9185377    
  16860000   1.0055099      6.923954       1.5081726      6.9108246    
  16870000   1.0004196      6.9309487      1.5005376      6.9178069    
  16880000   0.99921028     6.9263475      1.4987237      6.9151615    
  16890000   1.0003355      6.9316859      1.5004115      6.919164     
  16900000   1.001651       6.9389788      1.5023846      6.9243712    
  16910000   0.99877374     6.9339304      1.498069       6.9203606    
  16920000   0.98813892     6.9268511      1.4821177      6.9129121    
  16930000   0.99158881     6.9240062      1.4872922      6.9116542    
  16940000   1.0004304      6.9283918      1.5005539      6.9142671    
  16950000   1.0084827      6.9252511      1.5126315      6.9138493    
  16960000   1.0028033      6.931204       1.504113       6.9195853    
  16970000   1.0026488      6.9256454      1.5038812      6.9134512    
  16980000   0.99277649     6.9249225      1.4890737      6.9122739    
  16990000   0.98559602     6.9331649      1.4783036      6.9224183    
  17000000   0.99697218     6.9123165      1.4953668      6.8987183    
  17010000   1.0028633      6.9271889      1.504203       6.9140161    
  17020000   1.003254       6.9261215      1.504789       6.9131933    
  17030000   1.0017527      6.9289542      1.5025372      6.9167493    
  17040000   0.99591838     6.9283399      1.4937862      6.9166652    
  17050000   0.99837731     6.9311005      1.4974744      6.9183289    
  17060000   1.008187       6.9330174      1.5121879      6.9171896    
  17070000   1.0009772      6.9308876      1.501374       6.9202172    
  17080000   0.99441564     6.942082       1.4915322      6.9266844    
  17090000   0.99389439     6.9338292      1.4907504      6.9191305    
  17100000   1.0047948      6.9239076      1.5071         6.9136728    
  17110000   1.0050446      6.935642       1.5074747      6.9202259    
  17120000   0.99511584     6.9345219      1.4925825      6.9222715    
  17130000   0.990044       6.9340028      1.4849752      6.9226032    
  17140000   1.0011723      6.9451107      1.5016665      6.9331913    
  17150000   1.0098453      6.9165431      1.5146753      6.9067878    
  17160000   0.99993145     6.9319921      1.4998054      6.9182285    
  17170000   0.99540857     6.9277971      1.4930215      6.9147522    
  17180000   0.99848352     6.9347131      1.4976337      6.9203553    
  17190000   1.0079281      6.9254681      1.5117997      6.9152953    
  17200000   1.0027055      6.9305346      1.5039662      6.9182122    
  17210000   1.0085007      6.9332469      1.5126585      6.9196737    
  17220000   1.001992       6.9317411      1.502896       6.9207474    
  17230000   1.0077854      6.9384803      1.5115856      6.9250704    
  17240000   1.0068329      6.9403282      1.510157       6.9288337    
  17250000   1.0064235      6.9273202      1.5095429      6.9134462    
  17260000   0.99473683     6.9193052      1.492014       6.907778     
  17270000   0.9991764      6.9293491      1.4986729      6.9165469    
  17280000   0.9934338      6.9322601      1.4900596      6.9190324    
  17290000   1.0005937      6.9273428      1.5007988      6.9140382    
  17300000   1.0051723      6.9363894      1.5076662      6.9227911    
  17310000   1.0081609      6.9327708      1.5121488      6.9195527    
  17320000   1.0044567      6.9298042      1.5065928      6.9176457    
  17330000   1.0027446      6.9444012      1.5040248      6.9288746    
  17340000   0.9997825      6.9373165      1.499582       6.9251545    
  17350000   1.000123       6.9373796      1.5000928      6.9253463    
  17360000   0.99709554     6.9289326      1.4955518      6.9170605    
  17370000   1.0020544      6.9266668      1.5029896      6.9131484    
  17380000   0.99514958     6.9334019      1.4926331      6.9196864    
  17390000   1.0035967      6.9165195      1.505303       6.9038248    
  17400000   0.99818306     6.9264511      1.497183       6.9121682    
  17410000   1.0106457      6.9288126      1.5158759      6.9179408    
  17420000   0.9954522      6.9449115      1.493087       6.9299933    
  17430000   1.001177       6.9299455      1.5016736      6.9164482    
  17440000   1.0079377      6.9382713      1.511814       6.9261469    
  17450000   1.0006473      6.9325215      1.5008792      6.9196966    
  17460000   1.0000676      6.9423788      1.5000096      6.92833      
  17470000   1.0061721      6.9318453      1.5091659      6.9215116    
  17480000   1.0023716      6.9338003      1.5034655      6.9237365    
  17490000   0.99698613     6.932063       1.4953877      6.9200804    
  17500000   0.99903355     6.9329598      1.4984587      6.9195715    
  17510000   0.99805177     6.9402076      1.4969861      6.9268114    
  17520000   1.0012935      6.9234221      1.5018484      6.9100833    
  17530000   1.0069531      6.9280905      1.5103372      6.9178304    
  17540000   0.99970625     6.9288625      1.4994677      6.9187743    
  17550000   0.99808245     6.9235364      1.4970321      6.9122371    
  17560000   0.99480066     6.9366981      1.4921097      6.924953     
  17570000   1.0009221      6.924954       1.5012913      6.9150975    
  17580000   1.0036272      6.9368065      1.5053487      6.9238295    
  17590000   0.9966762      6.9346093      1.4949229      6.9222212    
  17600000   0.99941137     6.9235859      1.4990254      6.9121544    
  17610000   1.0005371      6.9296805      1.5007139      6.9168152    
  17620000   1.0030365      6.9303013      1.5044628      6.9173078    
  17630000   0.99883064     6.9400186      1.4981543      6.9296491    
  17640000   1.0102963      6.9323407      1.5153518      6.9192857    
  17650000   1.0020068      6.9300134      1.5029183      6.9183493    
  17660000   1.0028909      6.939949       1.5042443      6.9285983    
  17670000   0.99424854     6.9392798      1.4912816      6.9258194    
  17680000   1.0027768      6.9221917      1.5040731      6.9096126    
  17690000   0.99312128     6.9328877      1.4895908      6.9190645    
  17700000   1.0055858      6.9228182      1.5082865      6.9087687    
  17710000   1.0014352      6.9353403      1.502061       6.923545     
  17720000   1.0099099      6.9262317      1.5147722      6.9121521    
  17730000   1.0125369      6.9172081      1.5187125      6.9034855    
  17740000   0.99833861     6.9327555      1.4974163      6.9216584    
  17750000   0.99938231     6.9289181      1.4989818      6.9183303    
  17760000   0.99611643     6.9310187      1.4940833      6.9190698    
  17770000   0.99846614     6.9335035      1.4976076      6.9179208    
  17780000   0.99925386     6.9284677      1.4987891      6.9152805    
  17790000   0.98217468     6.9242425      1.4731719      6.9142693    
  17800000   0.9811369      6.9289335      1.4716153      6.917596     
  17810000   0.99455813     6.9275539      1.491746       6.9140779    
  17820000   0.99510508     6.9201808      1.4925663      6.908718     
  17830000   1.0009964      6.9240196      1.5014028      6.9101386    
  17840000   0.99275032     6.9299197      1.4890344      6.9185311    
  17850000   1.0021342      6.9200852      1.5031094      6.9085696    
  17860000   0.99066519     6.9388905      1.4859069      6.9264113    
  17870000   0.99779084     6.9255578      1.4965947      6.9134857    
  17880000   1.0059428      6.9225787      1.508822       6.9114831    
  17890000   0.99949967     6.921275       1.4991578      6.9104304    
  17900000   0.99726298     6.9358407      1.495803       6.9215405    
  17910000   0.99333376     6.9330022      1.4899095      6.918539     
  17920000   0.99877018     6.9375723      1.4980636      6.9248603    
  17930000   1.0134202      6.9233942      1.5200373      6.9126011    
  17940000   0.99653109     6.9411315      1.4947052      6.9297438    
  17950000   0.99503354     6.9367004      1.492459       6.9259362    
  17960000   0.99762876     6.9317556      1.4963516      6.9180869    
  17970000   0.99357082     6.9365957      1.4902651      6.9239506    
  17980000   0.99881766     6.9430999      1.4981349      6.9288622    
  17990000   0.9980477      6.9357708      1.49698        6.9236255    
  18000000   1.0091272      6.9262884      1.5135983      6.9143474    
  18010000   0.99918887     6.9280261      1.4986916      6.9171172    
  18020000   0.99687154     6.9302314      1.4952159      6.9158932    
  18030000   0.99237013     6.9342023      1.4884642      6.9172978    
  18040000   0.99973725     6.9245609      1.4995142      6.9135318    
  18050000   1.0012452      6.9129223      1.5017759      6.9007014    
  18060000   0.99746788     6.9427896      1.4961103      6.9287956    
  18070000   1.0011799      6.9280316      1.501678       6.9166176    
  18080000   0.99748585     6.928135       1.4961373      6.9138869    
  18090000   1.0014959      6.9193335      1.502152       6.9062705    
  18100000   0.99232418     6.9394334      1.4883952      6.9266272    
  18110000   0.99857541     6.9296367      1.4977715      6.9169529    
  18120000   1.0003457      6.9367998      1.5004268      6.9251246    
  18130000   1.0003952      6.9300345      1.500501       6.9184669    
  18140000   1.0137687      6.9314413      1.5205601      6.9186544    
  18150000   1.0089052      6.9383739      1.5132652      6.925314     
  18160000   1.0114247      6.9342093      1.5170442      6.9226407    
  18170000   1.0030876      6.9324299      1.5045394      6.9203209    
  18180000   1.0000998      6.9242314      1.500058       6.911974     
  18190000   0.99481711     6.9427157      1.4921344      6.9305529    
  18200000   1.0018653      6.92113        1.5027061      6.9078505    
  18210000   1.0004857      6.9398343      1.5006367      6.9264319    
  18220000   0.9927269      6.9310913      1.4889993      6.9195976    
  18230000   0.99339434     6.9176243      1.4900004      6.9042074    
  18240000   0.99547482     6.938825       1.4931209      6.9258566    
  18250000   1.0063879      6.9251021      1.5094895      6.9121339    
  18260000   0.99434009     6.9328514      1.4914189      6.9221255    
  18270000   0.99819467     6.9348154      1.4972004      6.9215798    
  18280000   1.0065035      6.9294468      1.5096629      6.9161755    
  18290000   0.9937284      6.9172331      1.4905014      6.9046064    
  18300000   0.99059112     6.9323197      1.4857958      6.9200123    
  18310000   0.9840922      6.9257359      1.476048       6.9124609    
  18320000   0.99740853     6.9224353      1.4960213      6.9098163    
  18330000   0.99560908     6.9353202      1.4933223      6.9202064    
  18340000   0.99682846     6.9383307      1.4951512      6.9254358    
  18350000   0.99874147     6.9341759      1.4980206      6.9212328    
  18360000   1.0084406      6.9329866      1.5125683      6.9216278    
  18370000   1.0054074      6.9409844      1.5080189      6.9278601    
  18380000   1.0042779      6.931136       1.5063247      6.9177701    
  18390000   0.99937927     6.9262824      1.4989772      6.9141167    
  18400000   1.0019035      6.9312673      1.5027633      6.9179787    
  18410000   0.99877749     6.932373       1.4980746      6.9221231    
  18420000   1.0045585      6.9292379      1.5067456      6.9169132    
  18430000   1.0036705      6.9305789      1.5054136      6.9186073    
  18440000   1.0074867      6.9271855      1.5111376      6.9150845    
  18450000   0.99928567     6.9283482      1.4988368      6.9147494    
  18460000   1.002893       6.9270932      1.5042475      6.9135978    
  18470000   1.0036194      6.9321515      1.505337       6.9197161    
  18480000   1.0019025      6.922127       1.5027619      6.9098989    
  18490000   1.0074835      6.9264016      1.5111328      6.9144498    
  18500000   1.0023311      6.9374644      1.5034047      6.9221255    
  18510000   1.0153807      6.9278363      1.5229779      6.9119786    
  18520000   0.99532397     6.9352359      1.4928946      6.9237277    
  18530000   1.0028937      6.9234884      1.5042486      6.909978     
  18540000   0.99988717     6.9316114      1.499739       6.9169534    
  18550000   0.99953979     6.9269529      1.499218       6.9136785    
  18560000   0.99330432     6.9312009      1.4898654      6.9176671    
  18570000   0.99344798     6.9346951      1.4900808      6.9205552    
  18580000   0.99612825     6.9269747      1.494101       6.9144784    
  18590000   0.99336027     6.9292187      1.4899493      6.9159084    
  18600000   0.99054002     6.9339444      1.4857192      6.9231305    
  18610000   0.99392665     6.9284641      1.4907988      6.9147623    
  18620000   0.98999907     6.9302535      1.4849078      6.9179002    
  18630000   1.0024666      6.9234793      1.5036079      6.9109574    
  18640000   0.98695999     6.9281475      1.4803494      6.9142817    
  18650000   0.99813202     6.9231831      1.4971065      6.9114427    
  18660000   1.000766       6.9248542      1.5010572      6.9133899    
  18670000   0.98792225     6.923304       1.4817927      6.9120549    
  18680000   0.99251103     6.9459925      1.4886755      6.9334342    
  18690000   0.99819159     6.9294973      1.4971958      6.9158977    
  18700000   0.99332837     6.9277567      1.4899014      6.9183942    
  18710000   0.99554188     6.9445576      1.4932215      6.9298208    
  18720000   0.99193318     6.9263154      1.4878088      6.9123124    
  18730000   0.99520137     6.9206281      1.4927107      6.9077115    
  18740000   1.0000105      6.9244222      1.499924       6.9115666    
  18750000   0.9920852      6.9309725      1.4880368      6.9198147    
  18760000   0.99380478     6.9240778      1.490616       6.9110667    
  18770000   0.99314056     6.9282493      1.4896197      6.9168959    
  18780000   1.0027196      6.9282886      1.5039874      6.9144421    
  18790000   0.99814476     6.9304227      1.4971256      6.9192193    
  18800000   1.0080675      6.9230874      1.5120088      6.9107641    
  18810000   1.0066099      6.9238938      1.5098225      6.9106631    
  18820000   0.99956903     6.9393467      1.4992618      6.9254577    
  18830000   1.0037547      6.9258898      1.50554        6.9134392    
  18840000   1.0014694      6.9332059      1.5021122      6.9187904    
  18850000   1.0128634      6.9265924      1.5192022      6.9145746    
  18860000   0.9996306      6.9377453      1.4993542      6.9229956    
  18870000   1.010423       6.9246291      1.5155418      6.911118     
  18880000   1.0088973      6.9322971      1.5132534      6.9210185    
  18890000   0.99961889     6.9347771      1.4993366      6.9218529    
  18900000   0.99773378     6.9258821      1.4965091      6.9153299    
  18910000   1.0064418      6.9217821      1.5095704      6.9080406    
  18920000   0.99726591     6.9299619      1.4958074      6.9146347    
  18930000   0.98858989     6.9227246      1.4827941      6.9089026    
  18940000   1.0012358      6.9315971      1.5017619      6.9178774    
  18950000   1.0072852      6.9349476      1.5108354      6.9212847    
  18960000   1.0039505      6.9311422      1.5058337      6.9174138    
  18970000   0.9988433      6.941608       1.4981733      6.9255072    
  18980000   1.0020575      6.9310207      1.5029943      6.9188747    
  18990000   0.9984005      6.932677       1.4975092      6.9191812    
  19000000   0.99511289     6.9313202      1.492578       6.9183701    
  19010000   1.0035954      6.9325664      1.505301       6.9201617    
  19020000   0.99380962     6.93202        1.4906233      6.9199863    
  19030000   0.99388949     6.9300047      1.490743       6.9192464    
  19040000   0.99216863     6.9232372      1.4881619      6.9085302    
  19050000   0.98345574     6.9239915      1.4750934      6.9104521    
  19060000   0.98536709     6.9247868      1.4779602      6.9144708    
  19070000   1.0008297      6.9350645      1.5011527      6.9228707    
  19080000   0.99748574     6.9305427      1.4961371      6.9161908    
  19090000   1.0068923      6.9326164      1.5102461      6.9197706    
  19100000   0.99410929     6.9372368      1.4910727      6.9242985    
  19110000   0.99252314     6.9286514      1.4886937      6.9157053    
  19120000   1.0078715      6.9284128      1.5117147      6.9141481    
  19130000   1.0054196      6.9421577      1.5080371      6.9305895    
  19140000   1.0161704      6.9326469      1.5241624      6.921375     
  19150000   1.002176       6.9311768      1.503172       6.921042     
  19160000   1.0090777      6.9339243      1.5135239      6.9199567    
  19170000   1.0054726      6.9340246      1.5081167      6.9225574    
  19180000   0.99815543     6.9228652      1.4971416      6.9097048    
  19190000   0.98475972     6.9424787      1.4770492      6.9303828    
  19200000   0.99153535     6.9299483      1.4872121      6.9179571    
  19210000   1.0009582      6.9187667      1.5013454      6.9069752    
  19220000   0.99440497     6.9229261      1.4915162      6.911913     
  19230000   0.9936951      6.9324778      1.4904515      6.920527     
  19240000   0.99960719     6.9291949      1.4993191      6.9149249    
  19250000   0.99738069     6.9334696      1.4959795      6.9234663    
  19260000   1.0047079      6.9335962      1.5069696      6.9199459    
  19270000   1.0022429      6.9381695      1.5032724      6.9242928    
  19280000   1.0154834      6.9335424      1.5231319      6.9203057    
  19290000   1.0034988      6.9364333      1.5051561      6.9248028    
  19300000   1.0125626      6.9283542      1.518751       6.9151476    
  19310000   1.0055796      6.9343036      1.5082771      6.9222969    
  19320000   0.99731753     6.9353669      1.4958848      6.9233203    
  19330000   0.99177339     6.9213537      1.4875691      6.9080803    
  19340000   0.99432267     6.9263803      1.4913928      6.9113327    
  19350000   0.99373487     6.9377539      1.4905111      6.9257405    
  19360000   1.0117741      6.9373177      1.5175683      6.9256405    
  19370000   1.0065043      6.9310322      1.5096641      6.9171878    
  19380000   1.0023871      6.9254455      1.5034887      6.9124233    
  19390000   1.0041732      6.937077       1.5061677      6.9216396    
  19400000   1.0040858      6.9444268      1.5060365      6.9314993    
  19410000   0.99556087     6.923194       1.49325        6.9084304    
  19420000   0.99752241     6.9269447      1.4961921      6.9147568    
  19430000   0.99394615     6.9284492      1.490828       6.9150086    
  19440000   0.99070904     6.9290908      1.4859727      6.9163725    
  19450000   0.98577634     6.9197216      1.4785741      6.9089409    
  19460000   0.99726657     6.9365446      1.4958084      6.9225857    
  19470000   1.0041363      6.9207906      1.5061123      6.9095292    
  19480000   0.99449444     6.9347348      1.4916504      6.9211105    
  19490000   1.0012619      6.9170366      1.501801       6.904916     
  19500000   0.99900143     6.9240511      1.4984105      6.9119791    
  19510000   1.0008215      6.9191488      1.5011405      6.9030828    
  19520000   0.99492387     6.9218241      1.4922945      6.9099511    
  19530000   0.98950834     6.9171705      1.4841717      6.9063169    
  19540000   1.0059096      6.9239021      1.5087721      6.9109464    
  19550000   1.0070503      6.9274671      1.5104831      6.914998     
  19560000   1.0068917      6.9315392      1.5102451      6.9200706    
  19570000   1.0131724      6.9273309      1.5196657      6.9142952    
  19580000   1.0023475      6.930191       1.5034293      6.9206796    
  19590000   0.99412879     6.9259743      1.491102       6.9134504    
  19600000   0.99287034     6.9279332      1.4892144      6.9157816    
  19610000   1.0029008      6.9285811      1.5042592      6.9174477    
  19620000   0.99536847     6.9348646      1.4929614      6.9185933    
  19630000   1.0039398      6.9141927      1.5058176      6.9022806    
  19640000   1.0025483      6.9163925      1.5037304      6.9026412    
  19650000   0.9984577      6.9279774      1.497595       6.9175293    
  19660000   1.0033558      6.9293646      1.5049416      6.9151064    
  19670000   1.0001464      6.9385345      1.5001278      6.9262954    
  19680000   0.99380694     6.9224155      1.4906192      6.9072643    
  19690000   0.99095148     6.9329142      1.4863363      6.9212619    
  19700000   0.99367786     6.925295       1.4904256      6.9145406    
  19710000   0.98812057     6.9268731      1.4820902      6.9126484    
  19720000   0.99849382     6.9371717      1.4976491      6.9245761    
  19730000   0.99264099     6.938382       1.4888704      6.9260272    
  19740000   1.0023352      6.9339843      1.5034109      6.9205109    
  19750000   1.0124183      6.9246583      1.5185345      6.9113901    
  19760000   0.99751125     6.9346452      1.4961754      6.9221556    
  19770000   1.0096974      6.9320149      1.5144535      6.918569     
  19780000   1.0076435      6.9382685      1.5113728      6.9247353    
  19790000   1.0113771      6.9279194      1.5169729      6.9142369    
  19800000   0.99873953     6.9305839      1.4980177      6.9173076    
  19810000   1.0078187      6.9181964      1.5116355      6.9053467    
  19820000   1.0026661      6.925751       1.5039072      6.9132185    
  19830000   1.0112377      6.9372194      1.5167638      6.9220916    
  19840000   0.99847102     6.9357074      1.4976149      6.9212794    
  19850000   0.9988634      6.9346094      1.4982035      6.9212648    
  19860000   1.0027766      6.935869       1.5040729      6.9222684    
  19870000   1.0110074      6.9323078      1.5164183      6.9193634    
  19880000   0.99751413     6.9212611      1.4961797      6.9076538    
  19890000   0.99627665     6.9330246      1.4943236      6.9187995    
  19900000   1.0046983      6.9363703      1.5069552      6.9236922    
  19910000   1.0033651      6.938267       1.5049556      6.9246289    
  19920000   1.0000841      6.9361781      1.5000345      6.9235593    
  19930000   0.9890472      6.9400098      1.4834801      6.9290991    
  19940000   0.99968009     6.9402788      1.4994284      6.9278011    
  19950000   1.0037883      6.9243083      1.5055904      6.9116844    
  19960000   1.0050687      6.9207707      1.5075109      6.9092776    
  19970000   0.99219283     6.9331425      1.4881982      6.9192206    
  19980000   1.0060216      6.9362703      1.5089401      6.923444     
  19990000   1.0115842      6.9375192      1.5172835      6.9252027    
  20000000   1.006406       6.9373742      1.5095166      6.9249575    
  20010000   1.0023818      6.9373939      1.5034808      6.9232055    
  20020000   1.0002425      6.9331764      1.500272       6.9213748    
  20030000   1.003902       6.9378516      1.5057609      6.9268595    
  20040000   1.0071858      6.9335937      1.5106863      6.9197227    
  20050000   1.0030514      6.9397941      1.5044851      6.9258987    
  20060000   0.99703388     6.9353329      1.4954594      6.9194353    
  20070000   0.99402487     6.9290866      1.4909461      6.9174419    
  20080000   0.98988531     6.9365223      1.4847371      6.923638     
  20090000   0.9968063      6.9291045      1.495118       6.9158163    
  20100000   1.0021874      6.9346213      1.5031891      6.922997     
  20110000   1.0076686      6.9445082      1.5114104      6.9323145    
Loop time of 71167.7 on 1 procs for 20000000 steps with 16350 atoms

Performance: 121403.420 tau/day, 281.026 timesteps/s
86.9% CPU use with 1 MPI tasks x 1 OpenMP threads

MPI task timing breakdown:
Section |  min time  |  avg time  |  max time  |%varavg| %total
---------------------------------------------------------------
Pair    | 7303.8     | 7303.8     | 7303.8     |   0.0 | 10.26
Bond    | 7986.8     | 7986.8     | 7986.8     |   0.0 | 11.22
Neigh   | 31070      | 31070      | 31070      |   0.0 | 43.66
Comm    | 1936.7     | 1936.7     | 1936.7     |   0.0 |  2.72
Output  | 12.853     | 12.853     | 12.853     |   0.0 |  0.02
Modify  | 21794      | 21794      | 21794      |   0.0 | 30.62
Other   |            | 1063       |            |       |  1.49

Nlocal:          16350 ave       16350 max       16350 min
Histogram: 1 0 0 0 0 0 0 0 0 0
Nghost:           5276 ave        5276 max        5276 min
Histogram: 1 0 0 0 0 0 0 0 0 0
Neighs:          15880 ave       15880 max       15880 min
Histogram: 1 0 0 0 0 0 0 0 0 0

Total # of neighbors = 15880
Ave neighs/atom = 0.97125382
Ave special neighs/atom = 1.9082569
Neighbor list builds = 1804816
Dangerous builds = 300568


write_data data*.xyz
System init for write_data ...
Generated 0 of 1 mixed pair_coeff terms from geometric mixing rule
WARNING: Not all mixed pair coeffs generated from mixing. Use write_data with 'pair ij' option to store all pair coeffs. (src/write_data.cpp:309)
write_restart 	restart.polymer_ring
System init for write_restart ...
Generated 0 of 1 mixed pair_coeff terms from geometric mixing rule

print "ALL done"
ALL done
Total wall time: 19:46:36
1
