pair_style lj/cut 4.0
pair_modify shift yes

read_restart prod.restart1
Reading restart file ...
  restart file = 23 Jun 2022, LAMMPS = 23 Jun 2022
  restoring atom style bond from restart
  orthogonal box = (-30 -30 -35) to (30 30 35)
  1 by 1 by 1 MPI processor grid
  restoring pair style lj/cut from restart
  restoring bond style fene from restart
  16250 atoms
  15600 bonds
Finding 1-2 1-3 1-4 neighbors ...
  special bond factors lj:    0        1        1       
  special bond factors coul:  0        1        1       
     2 = max # of 1-2 neighbors
     6 = max # of special neighbors
  special bonds CPU = 0.002 seconds
  read_restart CPU = 0.008 seconds
bond_style fene
special_bonds fene

bond_coeff 1 10.0 2.0 1.0 1.0
group polymer type 1
16250 atoms in group polymer

pair_coeff	1 1 0.5 1.0 2.5
pair_coeff 	1 2 50.0 1.0 4.0
pair_coeff	2 2 1.0 1.0 1.1225


neighbor       0.5 bin

region upper_box block -30 30 -30 30 32.2 34.8
create_atoms 2 random 250 998273 upper_box
Created 250 atoms
  using lattice units in orthogonal box = (-30 -30 -35) to (30 30 35)
  create_atoms CPU = 0.001 seconds


group ligand type 2
250 atoms in group ligand

fix 1 polymer wall/lj126 zlo -32 1.0 1.0 1.1225 zhi 32 1.0 1.0 1.1225
fix 2 ligand wall/lj126 zlo 32 1.0 1.0 1.1225 zhi 35 1.0 1.0 1.1225

#minimize 1.0e-4 1.0e-6 100 1000

fix 3 all nve/limit 0.01
run 10000
Generated 0 of 1 mixed pair_coeff terms from geometric mixing rule
Neighbor list info ...
  update every 1 steps, delay 10 steps, check yes
  max neighbors/atom: 2000, page size: 100000
  master list distance cutoff = 4.5
  ghost atom cutoff = 4.5
  binsize = 2.25, bins = 27 27 32
  1 neighbor lists, perpetual/occasional/extra = 1 0 0
  (1) pair lj/cut, perpetual
      attributes: half, newton on
      pair build: half/bin/newton
      stencil: half/bin/3d
      bin: standard
Per MPI rank memory allocation (min/avg/max) = 13.55 | 13.55 | 13.55 Mbytes
   Step          Temp          E_pair         E_mol          TotEng         Press     
    100000   0.98227522     20988226       7.3423952      20988235       5496927.8    
    110000   0.24210752    -2.4828016      6.3761926      4.2565303     -0.014406343  
Loop time of 149.365 on 1 procs for 10000 steps with 16500 atoms

Performance: 28922.526 tau/day, 66.950 timesteps/s
82.9% CPU use with 1 MPI tasks x 1 OpenMP threads

MPI task timing breakdown:
Section |  min time  |  avg time  |  max time  |%varavg| %total
---------------------------------------------------------------
Pair    | 114.71     | 114.71     | 114.71     |   0.0 | 76.80
Bond    | 4.7093     | 4.7093     | 4.7093     |   0.0 |  3.15
Neigh   | 25.131     | 25.131     | 25.131     |   0.0 | 16.83
Comm    | 0.5786     | 0.5786     | 0.5786     |   0.0 |  0.39
Output  | 0.00010586 | 0.00010586 | 0.00010586 |   0.0 |  0.00
Modify  | 3.3913     | 3.3913     | 3.3913     |   0.0 |  2.27
Other   |            | 0.8415     |            |       |  0.56

Nlocal:          16500 ave       16500 max       16500 min
Histogram: 1 0 0 0 0 0 0 0 0 0
Nghost:           3010 ave        3010 max        3010 min
Histogram: 1 0 0 0 0 0 0 0 0 0
Neighs:         751594 ave      751594 max      751594 min
Histogram: 1 0 0 0 0 0 0 0 0 0

Total # of neighbors = 751594
Ave neighs/atom = 45.551152
Ave special neighs/atom = 1.8909091
Neighbor list builds = 396
Dangerous builds = 0
unfix 3

fix 3 all nve
fix		4 all langevin 1 1 100.0 90428

thermo_style	custom step temp pe ke ebond
thermo_modify flush yes
thermo          10000

timestep	0.005

dump 1 all custom 50000 file_trajectory.bin id type x y z xu yu zu vx vy vz

restart 100000  prod.restart2 prod.restart3

run 20000000
Generated 0 of 1 mixed pair_coeff terms from geometric mixing rule
Per MPI rank memory allocation (min/avg/max) = 13.89 | 13.89 | 13.89 Mbytes
   Step          Temp          PotEng         KinEng         E_bond    
    110000   0.24210752     3.893391       0.36313927     6.3761926         120000   0.49997576     4.4287489      0.74991818     6.5021094        130000   0.66596018     4.8049363      0.99887973     6.5896699    
     140000   0.77342232     5.0526518      1.1600632      6.6583357         150000   0.85163337     5.2117167      1.2773726      6.7076426         160000   0.89674558     5.33772        1.3450368      6.7486704         170000   0.93532438     5.4301779      1.4029015      6.7665134         180000   0.95556784     5.4936007      1.4332649      6.7837983         190000   0.97821183     5.5316016      1.4672288      6.7943618         200000   0.97653917     5.5630945      1.46472        6.8128097         210000   0.98833123     5.5874095      1.482407       6.8112816         220000   0.99258368     5.5970382      1.4887853      6.8042711         230000   0.9966111      5.5902587      1.494826       6.8077063         240000   1.0009962      5.6142319      1.5014033      6.8056852         250000   0.98932435     5.6393892      1.4838966      6.8174755         260000   0.99411781     5.6312246      1.4910863      6.8188393         270000   0.99640734     5.6422716      1.4945204      6.8209152         280000   1.0094182      5.639322       1.5140355      6.8171417         290000   1.0058415      5.6577067      1.5086708      6.8200442         300000   0.99902426     5.6728927      1.4984456      6.8197339         310000   0.99246843     5.6788324      1.4886124      6.823496          320000   0.99844769     5.6565012      1.4975808      6.825495          330000   0.99090694     5.652181       1.4862703      6.8037372        340000   0.99408935     5.6587134      1.4910436      6.8139204    
     350000   0.99293074     5.6906609      1.4893058      6.8280927         360000   1.0026033      5.6785975      1.5038139      6.833505         370000   1.0068792      5.6623216      1.5102272      6.8227712    
    380000   1.0051296      5.6560841      1.5076031      6.8217836    
    390000   0.99269456     5.6700246      1.4889516      6.8229447    
    400000   1.0020706      5.6400365      1.5030148      6.8132487    
    410000   1.0021401      5.65792        1.503119       6.8123231    
    420000   0.99888915     5.6677713      1.4982429      6.8246845    
     430000   0.99726019     5.6691327      1.4957996      6.8295757         440000   0.99720764     5.6696242      1.4957208      6.821488          450000   1.0068355      5.6522456      1.5101618      6.817807          460000   0.99034548     5.6731493      1.4854282      6.8231954        470000   1.0035696      5.6343692      1.5052632      6.810635     
    480000   0.99466496     5.6498872      1.491907       6.8180849    
    490000   0.98924228     5.6374404      1.4837735      6.8200718    
    500000   0.9980828      5.6438453      1.4970335      6.8154683    
    510000   0.99776826     5.6424144      1.4965617      6.8172622    
    520000   0.99190531     5.6769358      1.4877678      6.8244412    
    530000   0.98945008     5.672168       1.4840852      6.8165856    
    540000   0.99694333     5.6540582      1.4953244      6.8194056    
    550000   1.0032607      5.6422365      1.5047998      6.8108021    
    560000   1.0049302      5.657113       1.5073039      6.815836     
    570000   1.0083343      5.6540906      1.5124098      6.8170851    
    580000   0.99493905     5.65671        1.4923181      6.8150961    
    590000   1.0027485      5.6433527      1.5040316      6.8178619    
    600000   0.99244093     5.6373133      1.4885712      6.8144302    
    610000   0.99587751     5.6406061      1.4937257      6.8232654    
    620000   0.99912718     5.6325352      1.4985999      6.8127393    
    630000   1.0013801      5.6563314      1.5019791      6.8181437    
    640000   1.0054465      5.6547123      1.5080783      6.8209942    
    650000   1.0049492      5.6449867      1.5073325      6.8165689    
    660000   0.99780673     5.6468822      1.4966194      6.8079845    
    670000   0.99684302     5.6530896      1.4951739      6.8059644    
    680000   1.0084446      5.6465004      1.5125752      6.8139735    
    690000   1.0042162      5.6434915      1.506233       6.8164769    
    700000   0.99207113     5.6767971      1.4880165      6.8208039    
    710000   0.99729316     5.6587048      1.4958491      6.8229594    
    720000   0.98725011     5.6506268      1.4807854      6.8132614    
    730000   0.99078376     5.6474177      1.4860856      6.8151684    
    740000   0.99366771     5.6253657      1.4904112      6.8179494    
    750000   1.0014394      5.6188057      1.5020681      6.8146548    
    760000   0.99055305     5.6447523      1.4857395      6.8192593    
    770000   1.0009721      5.6568427      1.5013671      6.8162789    
    780000   1.0051958      5.644209       1.5077023      6.8100593    
    790000   1.0106051      5.641734       1.5158158      6.8194421    
    800000   0.99565204     5.6490739      1.4933876      6.815771     
    810000   0.99407937     5.6671359      1.4910287      6.8237419    
     820000   0.99930989     5.6550001      1.498874       6.8197543         830000   0.99386893     5.6624053      1.490713       6.8223159        840000   1.0051226      5.6389514      1.5075926      6.8071287    
    850000   0.99323079     5.658328       1.4897559      6.8256866    
     860000   1.0108548      5.6662155      1.5161902      6.8276181         870000   1.0023919      5.6652425      1.5034967      6.8145787         880000   0.9933084      5.6632557      1.4898723      6.8207195         890000   0.99817611     5.6662963      1.4971734      6.8250215         900000   1.0028542      5.6534952      1.5041901      6.8217494         910000   0.99519994     5.6771607      1.4927094      6.8214474         920000   0.99380753     5.6774699      1.4906209      6.8218785         930000   0.99992726     5.6719979      1.4998         6.8242754         940000   1.0049435      5.6529943      1.5073239      6.8183214         950000   1.0069565      5.6664807      1.5103433      6.8110506         960000   1.0078826      5.6767085      1.5117323      6.8144356         970000   0.99562691     5.6915212      1.4933499      6.8179203         980000   0.99171867     5.6974181      1.4874879      6.8296728        990000   1.0083924      5.6696614      1.5124969      6.8183347    
   1000000   1.011774       5.6695782      1.517569       6.8205415    
   1010000   0.99658541     5.6907306      1.4947875      6.8163106    
   1020000   0.99496996     5.6776221      1.4923645      6.8174652    
   1030000   1.0006779      5.6719334      1.5009258      6.8180621    
   1040000   1.0000608      5.6599227      1.5000003      6.8238197    
   1050000   1.0049046      5.6467147      1.5072655      6.8109484    
   1060000   1.0054106      5.6840555      1.5080245      6.8216985    
   1070000   1.0036493      5.7030161      1.5053828      6.8180779    
   1080000   0.99852759     5.7030227      1.4977006      6.830275     
   1090000   1.0086093      5.6870916      1.5128223      6.8293686    
   1100000   0.99992499     5.6773914      1.4997966      6.8327654    
   1110000   0.99165884     5.6807362      1.4873981      6.821009     
   1120000   1.0112614      5.6756694      1.5168001      6.8175845    
   1130000   1.0053334      5.669031       1.5079087      6.8229924    
   1140000   1.0055858      5.6676817      1.5082873      6.821022     
   1150000   1.0055845      5.6847539      1.5082853      6.8251034    
   1160000   1.0102758      5.6778927      1.5153218      6.8237854    
   1170000   1.0048737      5.6588912      1.5072192      6.8139775    
   1180000   0.99387093     5.6671093      1.490716       6.8167794    
   1190000   0.99770869     5.6486621      1.4964723      6.8223493    
   1200000   0.99607974     5.6457734      1.494029       6.8253729    
   1210000   0.99781752     5.6589748      1.4966356      6.8090124    
   1220000   1.004776       5.651922       1.5070727      6.8170865    
   1230000   0.99549335     5.6559138      1.4931495      6.818988     
   1240000   1.0010498      5.6423667      1.5014837      6.8130631    
   1250000   0.99547327     5.6573925      1.4931194      6.8062322    
   1260000   1.0105691      5.6571545      1.5157617      6.813678     
   1270000   0.9886534      5.6699163      1.4828902      6.8183408    
   1280000   0.99949758     5.6678273      1.4991555      6.8158504    
   1290000   0.99935783     5.6617117      1.4989459      6.8348129    
   1300000   1.0091248      5.6528389      1.5135955      6.8117936    
   1310000   1.0015842      5.6672541      1.5022852      6.8222549    
   1320000   1.003887       5.6696978      1.5057392      6.8101875    
   1330000   1.0072386      5.6584644      1.5107663      6.8181349    
   1340000   1.0063653      5.6410482      1.5094565      6.8175082    
   1350000   0.9983242      5.6649092      1.4973955      6.8143532    
   1360000   1.0029276      5.6469335      1.5043003      6.8156983    
   1370000   1.0053492      5.652145       1.5079325      6.8146906    
   1380000   1.0093759      5.6380424      1.5139721      6.807151     
   1390000   0.98812499     5.650748       1.4820977      6.8156265    
   1400000   0.99206011     5.6589688      1.488          6.8217831    
   1410000   1.0014361      5.6632907      1.5020631      6.8231951    
   1420000   0.98870698     5.668501       1.4829706      6.8112494    
   1430000   0.99373239     5.6496477      1.4905083      6.8204662    
   1440000   1.0104295      5.6615209      1.5155523      6.8150163    
   1450000   0.99839317     5.6585596      1.497499       6.8292362    
   1460000   0.99838775     5.6740728      1.4974909      6.8251892    
   1470000   1.0128971      5.6727018      1.5192536      6.8229984    
   1480000   1.0004566      5.6605522      1.5005939      6.8162814    
   1490000   1.0101112      5.6662538      1.5150749      6.8212547    
   1500000   1.0004364      5.6725749      1.5005637      6.827888     
   1510000   1.0012208      5.663208       1.5017401      6.8097907    
   1520000   1.011252       5.6578318      1.5167861      6.8253039    
   1530000   1.0139444      5.6493325      1.5208244      6.8205774    
   1540000   1.0100565      5.6713469      1.514993       6.825701     
   1550000   0.99496313     5.6580786      1.4923542      6.8166066    
   1560000   1.0013664      5.6465658      1.5019585      6.8201085    
   1570000   1.0087379      5.6416932      1.5130151      6.8195896    
   1580000   0.99963308     5.6520123      1.4993587      6.8142874    
   1590000   1.002857       5.6506798      1.5041943      6.8251007    
   1600000   1.0064178      5.6530465      1.5095352      6.8108559    
   1610000   0.99030614     5.6388333      1.4853692      6.8127365    
   1620000   0.98846717     5.6503176      1.4826109      6.8116642    
   1630000   0.99465151     5.643302       1.4918868      6.8055179    
   1640000   0.99656943     5.6498467      1.4947636      6.8161883    
   1650000   1.0067976      5.6699192      1.5101049      6.8192076    
    1660000   1.0062476      5.6724791      1.50928        6.8203911        1670000   1.0002849      5.6740813      1.5003365      6.8248635        1680000   0.99426413     5.6736156      1.4913058      6.8162089        1690000   0.99461506     5.6804578      1.4918322      6.8182361        1700000   0.99757578     5.6637652      1.496273       6.8213441        1710000   1.0001277      5.6579259      1.5001007      6.8216671        1720000   0.99481744     5.6359801      1.4921357      6.8046981        1730000   0.98538851     5.6573211      1.4779932      6.8127406        1740000   0.99536743     5.6422895      1.4929607      6.8109239        1750000   0.99134499     5.6545108      1.4869274      6.8056438        1760000   0.99894101     5.669068       1.4983207      6.8131508        1770000   0.99274994     5.6836101      1.4890347      6.8245903        1780000   0.99434751     5.6670335      1.4914309      6.8233158        1790000   0.99741908     5.6502236      1.4960379      6.8197039        1800000   1.0007597      5.6481072      1.5010486      6.8156235        1810000   1.0046252      5.6527331      1.5068465      6.8153025        1820000   1.0032954      5.6713305      1.5048518      6.8216874        1830000   1.0152201      5.6691731      1.5227378      6.8227907        1840000   1.0029211      5.6842685      1.5042905      6.8287862        1850000   1.0046299      5.6674204      1.5068535      6.8167378        1860000   1.0125781      5.6785624      1.5187751      6.8139165        1870000   0.9946774      5.6783797      1.4919257      6.8150737        1880000   1.0034743      5.6638194      1.5051202      6.808887         1890000   0.99271984     5.6575634      1.4889895      6.8240316        1900000   1.0077898      5.6489533      1.5115931      6.8162308        1910000   0.9968492      5.6656283      1.4951832      6.8249807        1920000   0.99699377     5.6508692      1.4954         6.8178362        1930000   0.99857999     5.6559079      1.4977792      6.818416         1940000   0.99584931     5.6469439      1.4936834      6.8126226        1950000   0.99918274     5.6551932      1.4986833      6.8147815        1960000   1.0045697      5.6430441      1.5067632      6.8079246        1970000   0.99903083     5.6515138      1.4984554      6.8200023        1980000   0.98590695     5.6887738      1.4787708      6.8196662        1990000   0.9952746      5.656471       1.4928214      6.8161839        2000000   1.006259       5.6600386      1.509297       6.8244995        2010000   0.9998229      5.671657       1.4996435      6.8138083        2020000   0.99065332     5.6896833      1.4858899      6.8299607        2030000   0.9918306      5.6711201      1.4876557      6.8237028        2040000   0.99852196     5.6681837      1.4976922      6.8263861        2050000   0.99679017     5.6770071      1.4950946      6.821074         2060000   1.0080596      5.6601267      1.5119978      6.8210197        2070000   1.0013213      5.6789997      1.501891       6.8301986        2080000   0.99942959     5.6647835      1.4990535      6.8217195        2090000   1.0050715      5.6610058      1.5075158      6.8211287        2100000   1.0023403      5.6627293      1.5034194      6.8202124        2110000   0.9969002      5.6841243      1.4952597      6.8279086        2120000   1.0058333      5.6848333      1.5086585      6.8205614        2130000   1.0062233      5.6939696      1.5092434      6.8289039        2140000   1.0074311      5.6943567      1.5110551      6.833113         2150000   1.0034618      5.6722892      1.5051015      6.8180922        2160000   0.99886134     5.687393       1.4982012      6.822697         2170000   1.0029712      5.6808019      1.5043657      6.8257513        2180000   1.0062863      5.6662182      1.509338       6.8207332        2190000   1.0077436      5.6680681      1.5115238      6.8257323        2200000   1.0005193      5.6801479      1.500688       6.8224973        2210000   1.0057233      5.6866198      1.5084935      6.819903         2220000   1.0004325      5.6891688      1.5005579      6.815686         2230000   1.0104474      5.662207       1.5155793      6.8190768        2240000   0.99840313     5.6398445      1.4975139      6.8171148        2250000   0.99595539     5.6477508      1.4938425      6.8226304        2260000   1.0032686      5.6653816      1.5048117      6.8156011        2270000   0.99787881     5.6616379      1.4967275      6.8220525        2280000   0.99671328     5.6766455      1.4949793      6.817646         2290000   0.99428575     5.6913298      1.4913382      6.8260046        2300000   1.0076416      5.6940402      1.5113708      6.8210051        2310000   1.0040254      5.6989944      1.5059469      6.8279213        2320000   1.0062958      5.6840372      1.5093522      6.8263225        2330000   0.99933191     5.6953458      1.498907       6.8205545        2340000   1.0018029      5.6826861      1.5026133      6.8164904        2350000   0.99831988     5.6998441      1.4973891      6.8226419        2360000   1.0082518      5.6734976      1.5122861      6.819503         2370000   1.0028395      5.6533132      1.504168       6.8177446        2380000   1.0001399      5.6701648      1.5001189      6.8202151        2390000   1.0017216      5.6540325      1.5024914      6.8042521        2400000   0.99969907     5.6769915      1.4994577      6.8247609        2410000   1.0101786      5.6536672      1.515176       6.8149979        2420000   0.99914893     5.6621721      1.4986326      6.8251965        2430000   0.99894943     5.6786577      1.4983333      6.8205368        2440000   0.99034013     5.6756082      1.4854202      6.8266212        2450000   0.99457801     5.6679045      1.4917766      6.8053601        2460000   0.99667057     5.6436581      1.4949153      6.816905         2470000   1.0138706      5.6401374      1.5207137      6.8116469        2480000   1.0025443      5.6566261      1.5037253      6.8211142        2490000   1.0016089      5.6479441      1.5023222      6.8122713        2500000   0.99055894     5.6374727      1.4857484      6.8186838        2510000   0.99228208     5.6448592      1.4883329      6.8114553        2520000   0.99540787     5.6352783      1.4930213      6.8109616        2530000   0.99914304     5.6349618      1.4986237      6.8180258        2540000   0.99663831     5.6447394      1.4948669      6.820855         2550000   0.99328446     5.6671188      1.4898364      6.8286988        2560000   1.001494       5.6378868      1.50215        6.8076419        2570000   0.99526053     5.6375473      1.4928003      6.8106116        2580000   1.0035838      5.6382677      1.5052844      6.8178749        2590000   1.0009641      5.626921       1.5013552      6.8131496        2600000   0.98519252     5.628508       1.4776992      6.8235265        2610000   1.0009593      5.6254942      1.5013479      6.8203104        2620000   0.99091594     5.6431218      1.4862838      6.8192327        2630000   1.0007683      5.6586302      1.5010615      6.8315232        2640000   1.0045076      5.6703457      1.50667        6.8239696        2650000   1.0109504      5.6542067      1.5163337      6.8160047        2660000   0.9989358      5.653098       1.4983129      6.8128923        2670000   1.0151464      5.6597689      1.5226273      6.8165183        2680000   1.0036909      5.6403589      1.5054452      6.815389         2690000   0.99897776     5.6399436      1.4983758      6.8085595        2700000   1.0020875      5.6309705      1.5030401      6.8096024        2710000   0.98969938     5.6489734      1.4844591      6.8146661        2720000   0.99359932     5.658656       1.4903087      6.8203971        2730000   1.0013905      5.6486205      1.5019946      6.8089894        2740000   0.9958939      5.6547667      1.4937503      6.8191621        2750000   1.0093842      5.6354078      1.5139845      6.8134323        2760000   0.99946257     5.6550005      1.499103       6.8231068        2770000   1.0047493      5.6627218      1.5070327      6.8113404        2780000   1.001136       5.6866246      1.5016129      6.8211951        2790000   1.0055592      5.674713       1.5082474      6.8169783        2800000   1.010394       5.6538537      1.5154992      6.8108107        2810000   0.99818157     5.6515007      1.4971816      6.8216061        2820000   1.0034309      5.6479237      1.5050551      6.8112643        2830000   0.99780418     5.6778398      1.4966156      6.8193696        2840000   0.99314595     5.68572        1.4896286      6.8321041        2850000   1.0006158      5.6667723      1.5008328      6.8185666        2860000   0.99643964     5.6714941      1.4945689      6.813699         2870000   1.0016539      5.672775       1.5023898      6.8203104        2880000   0.99963906     5.6725231      1.4993677      6.8235194        2890000   1.0062767      5.6684166      1.5093236      6.8283651        2900000   1.0004564      5.6622868      1.5005936      6.8232025        2910000   1.0009093      5.6555964      1.501273       6.8102128        2920000   1.006588       5.6566656      1.5097906      6.8132558        2930000   0.99995785     5.6618048      1.4998459      6.8283515        2940000   0.99536856     5.6526546      1.4929623      6.8232871        2950000   0.99093832     5.6574814      1.4863174      6.8249608        2960000   0.9940454      5.6528978      1.4909777      6.8182682        2970000   0.99693998     5.6608951      1.4953193      6.8134726        2980000   0.99855292     5.6784737      1.4977386      6.8161365        2990000   1.0046157      5.6546114      1.5068323      6.8162136        3000000   0.99787861     5.6732229      1.4967272      6.8194985        3010000   1.0116564      5.6536307      1.5173926      6.8173504        3020000   0.99754692     5.6538687      1.4962297      6.8126034        3030000   1.0095344      5.655784       1.5142098      6.8160644        3040000   0.99499327     5.6751003      1.4923994      6.8178464        3050000   0.99900273     5.6782454      1.4984133      6.8345362        3060000   1.0021673      5.6839503      1.5031598      6.8261318        3070000   1.0046842      5.6651408      1.506935       6.8231946        3080000   1.0134469      5.6676042      1.5200782      6.8226309        3090000   1.0086849      5.6819528      1.5129356      6.8278686        3100000   1.0015962      5.649947       1.5023033      6.8102277        3110000   1.0144582      5.629209       1.5215951      6.8175744        3120000   0.99967972     5.6619577      1.4994287      6.8264296        3130000   1.0102421      5.628117       1.5152713      6.8111023        3140000   1.0007122      5.6427136      1.5009773      6.8212563        3150000   1.0000838      5.6533774      1.5000348      6.8279669        3160000   0.99048138     5.645827       1.485632       6.8222476        3170000   0.98954094     5.65083        1.4842215      6.811219         3180000   0.98823853     5.6678762      1.482268       6.8193365        3190000   0.99761287     5.6645689      1.4963286      6.8169195        3200000   1.0003023      5.635228       1.5003626      6.8165709        3210000   1.0003377      5.6391142      1.5004156      6.8201345        3220000   0.98894308     5.6674569      1.4833247      6.8163271        3230000   0.98722828     5.6628015      1.4807527      6.8108986        3240000   0.99974141     5.6509233      1.4995212      6.8237466        3250000   0.99391727     5.653919       1.4907855      6.8193656        3260000   0.99248722     5.6501434      1.4886406      6.8141932        3270000   0.98645027     5.6435808      1.4795857      6.8012501        3280000   0.99638755     5.6456456      1.4944907      6.8132788        3290000   0.99402019     5.6561271      1.4909399      6.814885         3300000   0.98929045     5.6523087      1.4838457      6.8117785    
   3310000   1.0063938      5.6613449      1.5094992      6.8102691    
   3320000   1.0007086      5.6602259      1.500972       6.8076817    
   3330000   1.0052302      5.6701146      1.5077539      6.8106835    
   3340000   0.99946236     5.6748043      1.4991027      6.8109222    
   3350000   1.0098275      5.6538271      1.5146495      6.8147074        3360000   0.99695594     5.6815704      1.4953433      6.8239905        3370000   1.0002613      5.6673364      1.500301       6.819301         3380000   0.99370825     5.6706901      1.490472       6.8161803        3390000   1.0130643      5.6387715      1.5195044      6.8135126        3400000   0.99847066     5.6483689      1.4976152      6.8173388        3410000   0.99728057     5.6393766      1.4958302      6.8126548        3420000   0.99273088     5.6668416      1.4890061      6.8138936        3430000   1.0063763      5.6459938      1.509473       6.8132074        3440000   0.99837111     5.6616728      1.4974659      6.8180188        3450000   1.006255       5.6447735      1.509291       6.8176315        3460000   0.99354036     5.6694478      1.4902202      6.8188633        3470000   0.99726226     5.6570394      1.4958027      6.8169551        3480000   1.0072404      5.6573853      1.5107691      6.8250364        3490000   1.0020096      5.6690817      1.5029233      6.8177188        3500000   0.99973213     5.6702377      1.4995073      6.8230344        3510000   0.99299461     5.6553786      1.4894016      6.8212997        3520000   1.0021682      5.6277879      1.5031612      6.8128357        3530000   0.9888936      5.6639712      1.4832505      6.8043524        3540000   0.99481034     5.65918        1.4921251      6.8148573    
   3550000   1.0107668      5.6352272      1.5160583      6.8133789    
   3560000   0.99591413     5.6514033      1.4937807      6.8124575    
   3570000   0.99258179     5.6584874      1.4887824      6.8186554    
   3580000   1.0003561      5.6396411      1.5004432      6.8092955    
   3590000   1.0024295      5.6531763      1.5035531      6.8248033    
   3600000   0.99280803     5.6497166      1.4891218      6.8126323    
   3610000   1.0022482      5.6415456      1.5032811      6.8161523    
   3620000   0.99048351     5.6399488      1.4856352      6.8131836    
   3630000   0.99216969     5.6181171      1.4881643      6.804694     
   3640000   1.0057196      5.6114549      1.5084879      6.8110097    
   3650000   0.98370255     5.6522811      1.4754644      6.8212854    
   3660000   0.99461965     5.6328362      1.4918391      6.820369     
   3670000   1.0072771      5.6328681      1.5108241      6.8077606    
   3680000   0.98885721     5.639023       1.4831959      6.8058202    
   3690000   0.9938524      5.6480555      1.4906883      6.822391     
   3700000   1.0038698      5.6513719      1.5057134      6.8223441    
   3710000   1.0011889      5.6494707      1.5016924      6.8133119    
   3720000   0.99274368     5.6565973      1.4890253      6.8226835    
   3730000   1.0018166      5.6638777      1.5026338      6.8185071    
   3740000   1.000611       5.6485252      1.5008256      6.812442     
   3750000   0.98528235     5.6472557      1.477834       6.8212427    
   3760000   1.0007281      5.6440337      1.5010012      6.8159427    
   3770000   1.0065329      5.6562476      1.5097078      6.8184444    
   3780000   0.99992408     5.6505708      1.4997952      6.8252877    
   3790000   0.99598759     5.6695649      1.4938908      6.8365632    
   3800000   1.0048471      5.6539593      1.5071793      6.8133246    
   3810000   1.0101743      5.6467594      1.5151696      6.8145948    
   3820000   1.0038514      5.6601232      1.5056858      6.8218275    
   3830000   0.99973295     5.6724736      1.4995085      6.8300059    
   3840000   1.0000744      5.6580132      1.5000206      6.8181351    
   3850000   1.0139412      5.6463618      1.5208196      6.8151017    
   3860000   1.0077303      5.6726746      1.5115039      6.8227946    
   3870000   1.0052043      5.6789935      1.507715       6.8387199    
   3880000   1.0094935      5.6666224      1.5141485      6.8139039    
   3890000   1.0071894      5.6726739      1.5106926      6.8140385    
   3900000   0.99529032     5.702071       1.492845       6.8236573    
   3910000   0.99730576     5.669118       1.495868       6.8187441    
   3920000   1.0052435      5.6785846      1.5077739      6.8264029    
   3930000   1.0053696      5.6918023      1.5079631      6.8234997    
   3940000   1.0146917      5.6710776      1.5219453      6.8198883    
   3950000   1.0080548      5.6916913      1.5119906      6.8230055    
   3960000   0.99258045     5.7016523      1.4887804      6.8233523    
   3970000   0.99612989     5.6805073      1.4941043      6.8159476    
   3980000   0.99211291     5.6760833      1.4880792      6.824638     
   3990000   0.99318492     5.6599733      1.4896871      6.8147307    
   4000000   0.99491461     5.6635576      1.4922815      6.820575     
   4010000   0.99518126     5.6882214      1.4926814      6.825347     
   4020000   0.98835854     5.6784086      1.482448       6.828275     
   4030000   0.99955003     5.6438822      1.4992342      6.815038     
   4040000   0.99207481     5.6684518      1.488022       6.81933      
   4050000   1.0108578      5.671996       1.5161948      6.8255196    
   4060000   1.0162641      5.6729714      1.5243037      6.8237804    
   4070000   0.99782157     5.6729149      1.4966416      6.829611     
   4080000   1.0079217      5.6605999      1.511791       6.8207836    
   4090000   0.99986848     5.6689617      1.4997118      6.8145378    
   4100000   1.002183       5.6675465      1.5031834      6.8231467    
   4110000   1.006539       5.664083       1.509717       6.8179124    
   4120000   0.99871926     5.6718298      1.4979881      6.8208697    
   4130000   0.99713921     5.6902627      1.4956182      6.8304311    
   4140000   1.0091785      5.6501251      1.5136759      6.8064802    
   4150000   1.0061924      5.6607924      1.5091971      6.8236171    
   4160000   1.0047889      5.6611809      1.507092       6.815358     
   4170000   1.0023416      5.6674685      1.5034213      6.8168998    
   4180000   1.0035337      5.6484394      1.5052093      6.8192496    
   4190000   0.9947832      5.6429447      1.4920844      6.8162674    
   4200000   0.98968696     5.6363476      1.4844405      6.813709     
   4210000   0.99356262     5.6442569      1.4902536      6.8234275    
   4220000   0.99760744     5.6417765      1.4963205      6.8275583    
   4230000   1.0066496      5.6240872      1.5098828      6.8185638    
   4240000   0.99470086     5.6317618      1.4919609      6.8077154    
   4250000   0.99867051     5.6255678      1.497915       6.8100221    
   4260000   0.98723706     5.6339907      1.4807658      6.8149809    
   4270000   0.9944336      5.6251549      1.49156        6.8121981    
   4280000   0.99081046     5.6325895      1.4861256      6.8256897    
   4290000   0.99459076     5.6433056      1.4917957      6.8207221    
   4300000   1.0005658      5.6321749      1.5007577      6.8129715    
   4310000   0.99774332     5.6394665      1.4965243      6.8142475    
   4320000   0.99655451     5.6346435      1.4947412      6.8090921    
   4330000   0.98706108     5.6598016      1.4805019      6.8332727    
   4340000   0.99124534     5.6474366      1.4867779      6.8120371    
   4350000   0.99799273     5.6412245      1.4968984      6.81565      
   4360000   0.99275989     5.6528638      1.4890496      6.8141856    
   4370000   0.99922307     5.6564564      1.4987438      6.8094818    
   4380000   1.0027476      5.648181       1.5040302      6.8133708    
   4390000   0.98986976     5.6669068      1.4847147      6.8256325    
   4400000   1.0031842      5.6610986      1.5046851      6.8160942    
   4410000   1.0012602      5.6660812      1.5017993      6.8121446    
   4420000   0.99589099     5.6543206      1.493746       6.810641     
   4430000   0.99712866     5.6756177      1.4956023      6.8196039    
   4440000   1.0066448      5.6738534      1.5098758      6.8197678    
   4450000   1.0046105      5.6776433      1.5068244      6.8161582    
   4460000   1.001281       5.6867634      1.5018305      6.8252267    
   4470000   1.0034034      5.6470642      1.5050138      6.8190516    
   4480000   0.99683231     5.6631329      1.4951578      6.8212213    
   4490000   1.0059803      5.6489726      1.508879       6.8146444    
   4500000   0.99923261     5.6684828      1.4987581      6.8263575    
   4510000   1.0150767      5.6634123      1.5225228      6.8259072    
   4520000   0.99702521     5.6595885      1.4954472      6.8194172    
   4530000   1.0041198      5.6659773      1.5060885      6.8208153    
   4540000   1.0059092      5.6597847      1.5087724      6.8187813    
   4550000   1.003998       5.6782847      1.5059058      6.8232862    
   4560000   0.99429135     5.6895614      1.4913466      6.8247831    
   4570000   1.0064556      5.6464966      1.5095918      6.812359     
   4580000   0.99345927     5.6504269      1.4900986      6.8198099    
   4590000   0.98317356     5.6416202      1.474671       6.8198482    
   4600000   1.0010603      5.652499       1.5014995      6.8214062    
   4610000   0.99631874     5.6639733      1.4943875      6.8219605    
   4620000   1.0184897      5.6402583      1.527642       6.8102937    
   4630000   0.99548301     5.6501836      1.493134       6.8118514    
   4640000   0.99745691     5.6414583      1.4960947      6.8144608    
   4650000   1.0006811      5.6475924      1.5009307      6.8125977    
   4660000   1.0086664      5.6427972      1.512908       6.8181982    
   4670000   0.9996847      5.6371975      1.4994362      6.8126955    
   4680000   0.99407937     5.6511053      1.4910287      6.814876     
   4690000   1.0081208      5.6592922      1.5120896      6.8131322    
   4700000   0.99725698     5.674487       1.4957948      6.8288587    
   4710000   0.9998618      5.6537091      1.4997018      6.8194429    
   4720000   0.98978648     5.6621078      1.4845897      6.8111722    
   4730000   0.99589054     5.6625851      1.4937453      6.815351     
   4740000   1.0002367      5.6538659      1.5002641      6.8011719    
   4750000   0.99498307     5.6489723      1.4923841      6.810047     
   4760000   1.0021208      5.6435268      1.5030901      6.810355     
   4770000   0.98183415     5.6755068      1.472662       6.8174282    
   4780000   1.0099035      5.634885       1.5147635      6.8148086    
   4790000   0.9864596      5.6645609      1.4795997      6.8148463    
   4800000   0.99357258     5.6596388      1.4902685      6.8118334    
   4810000   0.99342241     5.6494656      1.4900433      6.8133468    
   4820000   0.99853541     5.643294       1.4977123      6.8173574    
   4830000   0.99423192     5.6553703      1.4912575      6.8162474    
   4840000   0.99533372     5.6456914      1.4929101      6.8129808    
   4850000   0.99523574     5.6531693      1.4927631      6.8133997    
   4860000   0.99587063     5.6546055      1.4937154      6.8264168    
   4870000   0.99579704     5.6397958      1.493605       6.8033852    
   4880000   1.0050421      5.628505       1.5074718      6.8157424    
   4890000   0.99101665     5.6504817      1.4864349      6.8160037    
   4900000   1.0004139      5.6492965      1.5005298      6.8190245    
   4910000   1.0044217      5.6439074      1.5065412      6.8123206    
   4920000   1.000022       5.6450858      1.499942       6.8181752    
   4930000   0.9901767      5.6528036      1.485175       6.8250098    
   4940000   0.99671331     5.6621588      1.4949793      6.8230909    
   4950000   0.99161904     5.6645663      1.4873384      6.8199774    
   4960000   0.99951145     5.6665324      1.4991763      6.8196594    
   4970000   0.99448638     5.6801219      1.4916392      6.814363     
   4980000   0.99259939     5.6787529      1.4888089      6.8206634    
   4990000   0.99934292     5.6483481      1.4989235      6.8102817    
   5000000   1.0056476      5.6391162      1.50838        6.8159736    
   5010000   1.003953       5.6357522      1.5058382      6.8088229    
   5020000   0.99714256     5.6439466      1.4956232      6.8142802    
   5030000   0.99625157     5.645884       1.4942868      6.8155875    
   5040000   0.99398915     5.6426192      1.4908934      6.8173372    
   5050000   0.99454661     5.647698       1.4917295      6.8087775    
   5060000   0.99975039     5.6265766      1.4995347      6.8036002    
   5070000   0.99048162     5.641174       1.4856324      6.8130607    
   5080000   0.9944865      5.6549978      1.4916393      6.8238397    
   5090000   0.99552942     5.647866       1.4932036      6.8173984    
   5100000   0.99621373     5.6461605      1.49423        6.8139103    
   5110000   0.99220403     5.6486972      1.4882159      6.8062335    
   5120000   1.0021969      5.6399559      1.5032042      6.8123993    
   5130000   1.0137339      5.6477476      1.5205086      6.819258     
   5140000   0.99198686     5.6612863      1.4878901      6.8212414    
   5150000   1.0058285      5.6592091      1.5086513      6.8158161    
   5160000   0.99985677     5.65445        1.4996943      6.8146349    
   5170000   0.99604117     5.6576963      1.4939712      6.8138009    
   5180000   1.0094546      5.6580467      1.5140901      6.820577     
   5190000   0.99273643     5.6591103      1.4890144      6.8222696    
   5200000   0.99840655     5.6541518      1.4975191      6.8093117    
   5210000   0.99703219     5.6581738      1.4954576      6.8167302    
   5220000   0.99939836     5.6684172      1.4990067      6.824999     
   5230000   1.0087332      5.6503534      1.5130081      6.8299666    
   5240000   1.0045135      5.6740536      1.506679       6.8250694    
   5250000   1.001335       5.6911782      1.5019115      6.827938     
   5260000   0.99794331     5.6790279      1.4968242      6.8223259    
   5270000   1.0019537      5.6593908      1.5028394      6.8188743    
   5280000   0.98677594     5.6630797      1.4800742      6.8282091    
   5290000   0.99722159     5.65366        1.4957417      6.8136081    
   5300000   0.99579982     5.6477925      1.4936092      6.8264105    
   5310000   0.99731342     5.6588579      1.4958795      6.813265     
   5320000   1.003675       5.6419276      1.5054212      6.8069113    
   5330000   0.99135008     5.6584287      1.486935       6.8220996    
   5340000   0.99839045     5.6662323      1.4974949      6.8168093    
   5350000   1.001444       5.6766145      1.502075       6.8225757    
   5360000   0.99374324     5.6809154      1.4905245      6.8276118    
   5370000   1.0062685      5.6649574      1.5093112      6.8099158    
   5380000   1.0042474      5.6565024      1.5062798      6.8182714    
   5390000   1.0016993      5.6778169      1.502458       6.8250625    
   5400000   0.99295796     5.6827029      1.4893467      6.8260896    
   5410000   1.0035963      5.6659306      1.5053032      6.8185239    
   5420000   1.0002474      5.6611553      1.5002802      6.8287855    
   5430000   1.010106       5.6541236      1.5150672      6.8101865    
   5440000   1.0016202      5.6673381      1.5023393      6.8197201    
   5450000   0.99954499     5.6702018      1.4992266      6.8191839    
   5460000   1.0089917      5.6668962      1.5133958      6.8145996    
   5470000   0.99469796     5.6957029      1.4919565      6.8173385    
   5480000   1.0115827      5.666805       1.517282       6.8268125    
   5490000   1.0041948      5.6692566      1.5062009      6.8186202    
   5500000   1.016836       5.6582433      1.5251616      6.8190851    
   5510000   1.0068686      5.6892688      1.5102114      6.8300638    
   5520000   1.0072985      5.6840972      1.5108562      6.8308538    
   5530000   0.99663528     5.6886184      1.4948623      6.829462     
   5540000   1.0026175      5.653441       1.503835       6.819317     
   5550000   1.0093927      5.6350506      1.5139973      6.8190228    
   5560000   1.0022251      5.6338208      1.5032466      6.8074195    
   5570000   1.0013962      5.640548       1.5020032      6.8134733    
   5580000   1.0007589      5.6578681      1.5010474      6.8225266    
   5590000   1.001168       5.6629238      1.501661       6.8190892    
   5600000   1.0012909      5.6596378      1.5018453      6.8214511    
   5610000   0.99336575     5.6620697      1.4899583      6.8237388    
   5620000   0.9985698      5.6538891      1.4977639      6.8133776    
   5630000   0.99780139     5.6354869      1.4966114      6.8073955    
   5640000   0.99855566     5.6395787      1.4977427      6.8166573    
   5650000   0.99973987     5.6597418      1.4995189      6.8082305    
   5660000   0.99156861     5.6588103      1.4872628      6.8197405    
   5670000   1.0021645      5.6432273      1.5031556      6.8140431    
   5680000   0.99775752     5.6718296      1.4965456      6.8228217    
   5690000   0.99570017     5.6592695      1.4934597      6.8226199    
   5700000   1.0052853      5.6607241      1.5078366      6.8216634    
   5710000   1.0145355      5.645852       1.5217111      6.8217462    
   5720000   1.0004988      5.6617903      1.5006572      6.8221036    
   5730000   1.0055551      5.6396094      1.5082413      6.826685     
   5740000   1.0040715      5.6530424      1.506016       6.8101399    
   5750000   1.0033657      5.6616253      1.5049573      6.820144     
   5760000   1.000923       5.6589151      1.5012935      6.8212183    
   5770000   0.99991249     5.6687045      1.4997778      6.8234047    
   5780000   0.9981274      5.6686186      1.4971004      6.8255994    
   5790000   1.0020641      5.6576992      1.503005       6.8216307    
   5800000   0.99409465     5.6662927      1.4910516      6.8109582    
   5810000   1.0051923      5.6757075      1.5076971      6.8208707    
   5820000   0.99560099     5.6778375      1.493311       6.8219935    
   5830000   1.0056991      5.6560653      1.5084572      6.8187173    
   5840000   1.0069411      5.66746        1.5103201      6.8062498    
   5850000   1.0077214      5.6699371      1.5114905      6.8215182    
   5860000   0.98990783     5.6804827      1.4847717      6.8313956    
   5870000   0.99500413     5.6858659      1.4924157      6.8165769    
   5880000   1.0032374      5.6878641      1.5047649      6.8256991    
   5890000   0.99814489     5.6814305      1.4971266      6.8317804    
   5900000   0.99567982     5.6904122      1.4934292      6.8267259    
   5910000   1.0014816      5.6719659      1.5021313      6.8211605    
   5920000   0.99391027     5.6865727      1.490775       6.8243328    
   5930000   0.99802357     5.6557242      1.4969446      6.8161934    
   5940000   0.99860771     5.6744727      1.4978208      6.8225617    
   5950000   1.0038866      5.6590709      1.5057386      6.8224247    
   5960000   0.99710684     5.6615317      1.4955696      6.8095661    
   5970000   0.99697935     5.659978       1.4953784      6.8261505    
   5980000   1.0068338      5.6550457      1.5101591      6.8196693    
   5990000   1.0075692      5.6355572      1.5112622      6.8175772    
   6000000   1.0027779      5.6463298      1.5040756      6.8175661    
   6010000   1.0014015      5.6342083      1.5020113      6.8138537    
   6020000   0.99583156     5.6458314      1.4936568      6.8112231    
   6030000   0.99052557     5.6458613      1.4856983      6.8111028    
   6040000   0.99624888     5.6277934      1.4942828      6.8169611    
   6050000   0.99466291     5.632977       1.4919039      6.8231032    
   6060000   0.99149256     5.6452969      1.4871487      6.824873     
   6070000   0.99672198     5.6532178      1.4949924      6.805914     
   6080000   0.99986349     5.6512497      1.4997043      6.8107558    
   6090000   0.99796792     5.6472416      1.4968612      6.8159467    
   6100000   0.99886624     5.6426726      1.4982086      6.8057632    
   6110000   0.99911804     5.6567095      1.4985862      6.8273792    
   6120000   0.99689559     5.6663252      1.4952528      6.8218045    
   6130000   0.99462837     5.6688597      1.4918521      6.81907      
   6140000   1.0025217      5.6681717      1.5036914      6.8250394    
   6150000   0.99129043     5.6778726      1.4868455      6.824745     
   6160000   0.99793175     5.6574859      1.4968069      6.8249853    
   6170000   1.0066847      5.6644592      1.5099355      6.8233272    
   6180000   1.0117285      5.6646399      1.5175008      6.8191027    
   6190000   1.0031896      5.6866008      1.5046932      6.8203819    
   6200000   1.0003984      5.6713602      1.5005067      6.8217749    
   6210000   0.99589225     5.6977727      1.4937478      6.8258548    
   6220000   1.0087565      5.682918       1.513043       6.8193249    
   6230000   1.0020422      5.6987294      1.5029722      6.827054     
   6240000   1.001837       5.6791474      1.5026645      6.8250739    
   6250000   1.0030832      5.6617178      1.5045336      6.8329685    
   6260000   0.99193204     5.6740619      1.4878079      6.8256031    
   6270000   0.99362237     5.6758099      1.4903432      6.8177442    
   6280000   0.9971162      5.6673927      1.4955836      6.8235041    
   6290000   1.0006272      5.6596195      1.5008498      6.8226033    
   6300000   1.0015716      5.6404869      1.5022663      6.8241669    
   6310000   0.99159489     5.657129       1.4873022      6.8218891    
   6320000   1.0002157      5.6435764      1.5002326      6.8124458    
   6330000   1.0035009      5.6452482      1.5051602      6.8216318    
   6340000   0.99987155     5.6547723      1.4997164      6.8132564    
   6350000   0.98931704     5.6521314      1.4838856      6.8225157    
   6360000   0.98518218     5.650246       1.4776837      6.8219864    
   6370000   0.99653022     5.6561943      1.4947047      6.8277467    
   6380000   1.0013712      5.6531176      1.5019657      6.8166468    
   6390000   0.99746758     5.6633637      1.4961107      6.8292168    
   6400000   0.99442997     5.6532204      1.4915546      6.8175468    
   6410000   0.99767912     5.6343757      1.496428       6.8143486    
   6420000   0.99793941     5.6587644      1.4968184      6.8155889    
   6430000   1.0100218      5.6565784      1.5149409      6.8117436    
   6440000   1.0049628      5.6820231      1.5073528      6.8169467    
   6450000   1.0092071      5.6750678      1.5137189      6.8242634    
   6460000   1.0013371      5.6751151      1.5019147      6.8219323    
   6470000   0.99770817     5.6920596      1.4964716      6.8222682    
   6480000   0.99561236     5.6899525      1.493328       6.8383612    
   6490000   1.002374       5.6553278      1.5034699      6.8247093    
   6500000   1.0019406      5.6588341      1.5028199      6.8242232    
   6510000   1.0025437      5.6505493      1.5037244      6.818039     
   6520000   0.9967374      5.6643036      1.4950155      6.8099594    
   6530000   0.99507732     5.6679179      1.4925255      6.81207      
   6540000   0.99869156     5.6738436      1.4979465      6.8256127    
   6550000   1.0029773      5.6571906      1.5043747      6.8174271    
   6560000   0.99492754     5.6647744      1.4923009      6.8143064    
   6570000   0.99845507     5.6637322      1.4975918      6.8157589    
   6580000   0.99530975     5.6721893      1.4928741      6.82082      
   6590000   1.0088455      5.6643513      1.5131765      6.8154384    
   6600000   0.99498139     5.6835988      1.4923816      6.8230839    
   6610000   1.0015644      5.6525613      1.5022556      6.8200726    
   6620000   0.99985529     5.654568       1.499692       6.8135843    
   6630000   0.98648777     5.6719138      1.479642       6.8213976    
   6640000   0.99699126     5.6592293      1.4953962      6.8173432    
   6650000   0.99327774     5.6509097      1.4898263      6.806404     
   6660000   0.99509757     5.6478765      1.4925559      6.806889     
   6670000   0.99244702     5.6522648      1.4885803      6.8137364    
   6680000   1.0016453      5.6544022      1.5023769      6.8146631    
   6690000   0.99773639     5.6577537      1.4965139      6.8143718    
   6700000   1.0012584      5.6567889      1.5017966      6.813344     
   6710000   0.99527194     5.6672947      1.4928174      6.8274079    
   6720000   0.99338347     5.649611       1.4899849      6.8178384    
   6730000   0.98863464     5.6881249      1.4828621      6.8189139    
   6740000   0.989634       5.6686763      1.484361       6.8171981    
   6750000   1.0169142      5.6417208      1.5252789      6.8213247    
   6760000   1.0041202      5.6626519      1.506089       6.8254979    
   6770000   1.0002599      5.6589125      1.5002989      6.8134261    
   6780000   1.0071837      5.666385       1.5106841      6.8172865    
   6790000   1.0146074      5.6676037      1.5218188      6.8314836    
   6800000   1.0083574      5.6627447      1.5124444      6.8208368    
   6810000   1.0083343      5.6770589      1.5124098      6.8241532    
   6820000   1.0068216      5.6755971      1.5101409      6.8213087    
   6830000   0.99768463     5.6877385      1.4964363      6.8305654    
   6840000   1.0045481      5.6746307      1.5067309      6.8280459    
   6850000   1.0028878      5.6842375      1.5042405      6.8219369    
   6860000   1.0041485      5.663971       1.5061315      6.8255917    
   6870000   0.99033575     5.6917912      1.4854136      6.8279694    
   6880000   1.0034002      5.6721712      1.5050091      6.8207059    
   6890000   1.0106927      5.6700515      1.5159472      6.8213951    
   6900000   1.0008901      5.6789495      1.5012442      6.8197474    
   6910000   1.000669       5.6845791      1.5009125      6.8258227    
   6920000   1.0114018      5.6557699      1.5170108      6.8039468    
   6930000   0.99821514     5.6795171      1.497232       6.8120528    
   6940000   0.99032434     5.6975063      1.4853965      6.8171544    
   6950000   0.99838304     5.6945691      1.4974838      6.832284     
   6960000   0.99918092     5.6834265      1.4986805      6.8208003    
   6970000   0.99577968     5.6723624      1.493579       6.8195547    
   6980000   1.0029124      5.6673061      1.5042774      6.8126732    
   6990000   1.0009715      5.6818824      1.5013662      6.8141539    
   7000000   1.0060671      5.6788447      1.5090092      6.8159318    
   7010000   1.0078753      5.6792936      1.5117213      6.8297192    
   7020000   1.0031407      5.6746205      1.5046199      6.8247554    
   7030000   0.99852093     5.678142       1.4976906      6.8235144    
   7040000   1.0025794      5.6807662      1.503778       6.8256599    
   7050000   1.0157962      5.670203       1.5236019      6.8118906    
   7060000   0.98483563     5.7104271      1.4771639      6.82883      
   7070000   1.0013557      5.6793977      1.5019426      6.8246127    
   7080000   1.010105       5.662045       1.5150656      6.8164382    
   7090000   1.0036167      5.6663533      1.5053338      6.8131084    
   7100000   1.0031386      5.6471858      1.5046168      6.8117133    
   7110000   0.99423043     5.6635655      1.4912553      6.8164926    
   7120000   0.99671766     5.6541923      1.4949859      6.8200644    
   7130000   0.99986405     5.6660407      1.4997052      6.8203077    
   7140000   1.001848       5.6649101      1.5026809      6.8128764    
   7150000   0.98895266     5.6731826      1.4833391      6.8125343    
   7160000   0.99450873     5.6683978      1.4916727      6.8168132    
   7170000   1.0059656      5.6699702      1.5088569      6.8336829    
   7180000   1.0050745      5.644543       1.5075204      6.8143804    
   7190000   1.0109765      5.640016       1.5163728      6.8244923    
   7200000   1.005768       5.652567       1.5085605      6.8227441    
   7210000   1.004361       5.6777231      1.5064502      6.828045     
   7220000   1.0080911      5.6671846      1.512045       6.8168835    
   7230000   1.0088263      5.6556269      1.5131477      6.8183541    
   7240000   0.99726482     5.6693642      1.4958066      6.8204859    
   7250000   0.9965623      5.6536622      1.4947529      6.8070252    
   7260000   0.98858309     5.6559101      1.4827848      6.8158792    
   7270000   0.99303444     5.6492572      1.4894614      6.8138899    
   7280000   1.0037679      5.6382925      1.5055606      6.8153582    
   7290000   1.0133982      5.6375139      1.5200051      6.8104317    
   7300000   0.99848384     5.6444787      1.497635       6.8065927    
   7310000   1.00418        5.6316195      1.5061786      6.8172504    
   7320000   1.0006742      5.6399394      1.5009203      6.8181095    
   7330000   1.0059937      5.6293602      1.508899       6.8114878    
   7340000   0.99610853     5.6392784      1.4940722      6.8089518    
   7350000   1.0003327      5.636938       1.5004082      6.8086595    
   7360000   0.99606274     5.6465883      1.4940036      6.818823     
   7370000   1.0020993      5.6496156      1.5030578      6.809218     
   7380000   1.0040809      5.6694012      1.5060301      6.8164397    
   7390000   1.0016736      5.6824914      1.5024194      6.8173989    
   7400000   0.99899256     5.6559674      1.498398       6.8179632    
   7410000   0.99562325     5.6535001      1.4933444      6.8233235    
   7420000   1.0026607      5.637172       1.5038999      6.8122221    
   7430000   0.9905363      5.6552828      1.4857144      6.8162055    
   7440000   0.99398762     5.6454186      1.4908911      6.8168163    
   7450000   0.98178862     5.6582533      1.4725937      6.8116655    
   7460000   0.98743654     5.6449         1.481065       6.8237053    
   7470000   0.98630929     5.6445489      1.4793743      6.8122829    
   7480000   0.98848295     5.648771       1.4826346      6.8149842    
   7490000   1.0014234      5.632459       1.5020441      6.8145575    
   7500000   0.99618769     5.6477554      1.494191       6.8226973    
   7510000   0.99031273     5.6549768      1.4853791      6.8190736    
   7520000   0.99372114     5.6601214      1.4904914      6.8105112    
   7530000   0.99925803     5.6648711      1.4987962      6.8208758    
   7540000   0.99668784     5.6536963      1.4949412      6.8207707    
   7550000   1.0035632      5.6284631      1.5052536      6.8055158    
   7560000   0.99891473     5.6397362      1.4982813      6.8159234    
   7570000   0.99984891     5.6545024      1.4996825      6.8246976    
   7580000   0.99062442     5.672822       1.4858466      6.8264       
   7590000   0.99977567     5.6673524      1.4995726      6.8196313    
   7600000   1.0034188      5.6595223      1.505037       6.8086335    
   7610000   0.99943159     5.6574521      1.4990565      6.8258959    
   7620000   0.99568606     5.6600103      1.4934386      6.8245751    
   7630000   1.0050535      5.6558668      1.5074889      6.8117691    
   7640000   1.0019218      5.6551767      1.5027916      6.8190541    
   7650000   1.008764       5.6638481      1.5130542      6.8217311    
   7660000   1.000924       5.6689449      1.501295       6.8211765    
   7670000   1.0015975      5.6623905      1.5023052      6.8221957    
   7680000   1.0051222      5.6689673      1.5075919      6.8129487    
   7690000   0.99670803     5.6609088      1.4949714      6.8150664    
   7700000   1.0099389      5.659625       1.5148166      6.8203679    
   7710000   0.99151904     5.6536914      1.4871884      6.8137047    
   7720000   0.99109381     5.6677085      1.4865506      6.8126974    
   7730000   0.99818991     5.6631236      1.4971941      6.8186427    
   7740000   1.0049104      5.6554936      1.5072743      6.8197537    
   7750000   0.99989429     5.6468539      1.4997505      6.8183917    
   7760000   1.0008503      5.6371644      1.5011845      6.8042196    
   7770000   1.0076801      5.6227011      1.5114286      6.8114718    
   7780000   0.99333775     5.6680829      1.4899163      6.8236712    
   7790000   0.99973802     5.6368407      1.4995161      6.8134105    
   7800000   0.9886239      5.655738       1.482846       6.8098834    
   7810000   0.99813253     5.6593463      1.4971081      6.8189182    
   7820000   0.99497846     5.6718224      1.4923772      6.813871     
   7830000   1.0095095      5.6545913      1.5141725      6.8103751    
   7840000   1.0047395      5.6656074      1.5070179      6.822494     
   7850000   1.0060838      5.6657306      1.5090342      6.8152779    
   7860000   0.99417253     5.6767898      1.4911684      6.8283804    
   7870000   1.0052167      5.6594072      1.5077336      6.8085299    
   7880000   0.98881407     5.6763716      1.4831312      6.8160046    
   7890000   0.9979972      5.6675338      1.4969051      6.82188      
   7900000   1.0014814      5.6550287      1.5021311      6.8233179    
   7910000   0.998759       5.6510009      1.4980477      6.8079363    
   7920000   0.99982695     5.6284404      1.4996495      6.8132021    
   7930000   1.0041104      5.6491322      1.5060743      6.8188663    
   7940000   0.99645108     5.6702365      1.494586       6.8223013    
   7950000   1.0008232      5.6718485      1.5011438      6.8277192    
   7960000   0.99983484     5.6483765      1.4996614      6.8109561    
   7970000   0.99803563     5.6555631      1.4969627      6.824501     
   7980000   1.0003854      5.6609842      1.5004871      6.8135073    
   7990000   0.99843977     5.6529218      1.4975689      6.8166084    
   8000000   1.0004007      5.6527335      1.50051        6.8096776    
   8010000   0.99480052     5.6597544      1.4921103      6.823077     
   8020000   0.99505667     5.6667126      1.4924945      6.8194924    
   8030000   1.0007257      5.6780166      1.5009976      6.8128115    
   8040000   1.0012137      5.6683006      1.5017295      6.8185546    
   8050000   0.99904779     5.6949991      1.4984809      6.8169441    
   8060000   1.0053644      5.684355       1.5079551      6.8315388    
   8070000   0.99842963     5.6854016      1.4975537      6.8206779    
   8080000   0.99934482     5.6853947      1.4989264      6.8162528    
   8090000   0.99082528     5.6922626      1.4861479      6.8290747    
   8100000   1.0053993      5.6750956      1.5080076      6.8178287    
   8110000   1.007037       5.6767336      1.510464       6.8209636    
   8120000   1.0035788      5.6776477      1.5052769      6.8200652    
   8130000   1.0048939      5.6922553      1.5072496      6.8210776    
   8140000   1.0028126      5.6978825      1.5041277      6.8224255    
   8150000   0.9943078      5.68883        1.4913713      6.823372     
   8160000   1.0069192      5.6593289      1.5102872      6.8204067    
   8170000   1.0011599      5.6652406      1.5016488      6.8206127    
   8180000   1.001282       5.6582338      1.5018319      6.8231903    
   8190000   0.99969074     5.6644401      1.4994452      6.8191413    
   8200000   1.0060345      5.6759094      1.5089602      6.8204247    
   8210000   0.99499096     5.6931376      1.492396       6.8219796    
   8220000   0.99973754     5.6553483      1.4995154      6.8182961    
   8230000   1.0043445      5.6684719      1.5064254      6.8270431    
   8240000   0.99769947     5.66523        1.4964585      6.8190683    
   8250000   1.0076885      5.6557302      1.5114411      6.8105418    
   8260000   0.9995345      5.6646253      1.4992109      6.8134474    
   8270000   0.99542621     5.6679817      1.4930488      6.8210791    
   8280000   0.99451643     5.6830289      1.4916842      6.8183274    
   8290000   0.99745588     5.6670058      1.4960931      6.8181002    
   8300000   0.997909       5.6685735      1.4967728      6.8115627    
   8310000   1.0143231      5.6499049      1.5213925      6.8182207    
   8320000   1.0081024      5.671443       1.5120619      6.8173573    
   8330000   1.012154       5.6631061      1.5181389      6.8150098    
   8340000   1.0043916      5.6778732      1.506496       6.8139983    
   8350000   1.0054381      5.6699881      1.5080657      6.8134462    
   8360000   1.0047386      5.6694895      1.5070166      6.8186507    
   8370000   0.99514763     5.6752342      1.492631       6.8222213    
   8380000   0.98307784     5.6842084      1.4745274      6.8262372    
   8390000   0.99974068     5.6427734      1.4995201      6.8120523    
   8400000   0.99918575     5.6504684      1.4986878      6.8085392    
   8410000   0.99096508     5.6588767      1.4863575      6.8199143    
   8420000   0.98766718     5.6520447      1.481411       6.8178321    
   8430000   0.98307582     5.6620679      1.4745244      6.8172245    
   8440000   1.0010869      5.6468101      1.5015393      6.8201122    
   8450000   0.9938192      5.6717932      1.4906384      6.8175959    
   8460000   0.99956838     5.6546747      1.4992617      6.8183063    
   8470000   1.0037998      5.655574       1.5056084      6.8225798    
   8480000   0.99901278     5.6586146      1.4984284      6.814473     
   8490000   0.99506932     5.6562179      1.4925135      6.8191419    
   8500000   0.99910183     5.6527458      1.4985619      6.8122604    
   8510000   1.001031       5.658558       1.5014555      6.8169476    
   8520000   0.99085579     5.6512803      1.4861936      6.8158369    
   8530000   1.0055108      5.6492166      1.5081749      6.8164687    
   8540000   1.0029358      5.6488025      1.5043125      6.8173457    
   8550000   1.0011409      5.6472181      1.5016203      6.8169276    
   8560000   0.9993021      5.6695989      1.4988623      6.8285087    
   8570000   1.0017244      5.6538935      1.5024956      6.8184463    
   8580000   0.99801723     5.6703814      1.4969351      6.8125366    
   8590000   0.99306594     5.6751053      1.4895086      6.8178809    
   8600000   0.99492989     5.6532485      1.4923044      6.8180382    
   8610000   0.9982998      5.6488112      1.4973589      6.8170385    
   8620000   0.98999968     5.6420369      1.4849095      6.8128584    
   8630000   0.99061724     5.6439086      1.4858358      6.8112202    
   8640000   0.98490794     5.6812739      1.4772724      6.8212348    
   8650000   1.0055499      5.6779573      1.5082334      6.8170659    
   8660000   0.9999637      5.6774076      1.4998546      6.8224003    
   8670000   0.99138726     5.6718472      1.4869908      6.8204471    
   8680000   1.0018594      5.6871341      1.502698       6.8273182    
   8690000   1.0027379      5.6860738      1.5040157      6.8227585    
   8700000   1.0038347      5.6756003      1.5056608      6.8143385    
   8710000   1.0014021      5.672408       1.5020121      6.8174451    
   8720000   1.0026712      5.6738814      1.5039156      6.8076344    
   8730000   1.0058618      5.6742486      1.5087012      6.8169034    
   8740000   1.0040686      5.6748961      1.5060117      6.8161097    
   8750000   0.98980996     5.6926706      1.484625       6.8294542    
   8760000   1.0108536      5.656354       1.5161885      6.8204051    
   8770000   1.0123922      5.6632379      1.5184963      6.8151294    
   8780000   1.0021078      5.6584073      1.5030705      6.814045     
   8790000   0.99528335     5.6632885      1.4928345      6.8165999    
   8800000   1.000148       5.6579175      1.5001311      6.8148564    
   8810000   0.99763911     5.6578966      1.496368       6.8246245    
   8820000   0.99465837     5.6616106      1.4918971      6.8194066    
   8830000   0.99092321     5.657614       1.4862947      6.816249     
   8840000   0.99596624     5.6533408      1.4938588      6.8138179    
   8850000   0.99762547     5.6590237      1.4963475      6.8074302    
   8860000   1.0123775      5.6623986      1.5184742      6.8158265    
   8870000   0.99576034     5.6709505      1.49355        6.8216776    
   8880000   1.00223        5.6769322      1.5032539      6.8226444    
   8890000   0.99290135     5.6987041      1.4892618      6.8301716    
   8900000   0.99954501     5.6761781      1.4992266      6.8269364    
   8910000   0.99752694     5.6817691      1.4961997      6.8379006    
   8920000   1.0064266      5.6579948      1.5095484      6.827779     
   8930000   1.000106       5.6588561      1.5000681      6.8138335    
   8940000   0.99415825     5.6481751      1.491147       6.8127998    
   8950000   0.99527046     5.6459932      1.4928152      6.8206056    
   8960000   0.9929152      5.6613517      1.4892825      6.8126118    
   8970000   0.99513988     5.6524317      1.4926193      6.8137245    
   8980000   1.005908       5.6562013      1.5087706      6.8141641    
   8990000   0.99785461     5.6587506      1.4966912      6.8172656    
   9000000   1.004447       5.6521791      1.5065792      6.8173128    
   9010000   0.99710569     5.6433961      1.4955679      6.8152956    
   9020000   0.99312506     5.662126       1.4895973      6.8247742    
   9030000   0.99734645     5.6607932      1.495929       6.8188029    
   9040000   1.0105746      5.6525005      1.51577        6.8176355    
   9050000   1.0099667      5.6553263      1.5148583      6.8200454    
   9060000   1.0057224      5.6545647      1.5084922      6.81447      
   9070000   0.99925296     5.6428055      1.4987886      6.8126413    
   9080000   0.99353476     5.6524363      1.4902118      6.8137643    
   9090000   0.99602693     5.6740583      1.4939499      6.8205125    
   9100000   1.000918       5.6804304      1.501286       6.8156895    
   9110000   0.99171226     5.6875228      1.4874782      6.8269877    
   9120000   0.9840471      5.6608592      1.4759812      6.8176037    
   9130000   0.99452485     5.6433236      1.4916969      6.8094924    
   9140000   1.0022158      5.6391259      1.5032326      6.8001347    
   9150000   0.98995576     5.6485466      1.4848436      6.8168373    
   9160000   0.99666663     5.6451921      1.4949093      6.8130125    
   9170000   0.99376488     5.6386015      1.490557       6.810617     
   9180000   0.98314405     5.6673836      1.4746267      6.81979      
   9190000   0.99672726     5.6449007      1.4950003      6.8145513    
   9200000   0.99623464     5.632401       1.4942614      6.8141253    
   9210000   1.0006277      5.6455011      1.5008506      6.8172435    
   9220000   1.0014475      5.666017       1.5020802      6.8309695    
   9230000   1.0079053      5.6690142      1.5117663      6.8227448    
   9240000   1.0042317      5.6796732      1.5062563      6.8224556    
   9250000   1.0002956      5.6836071      1.5003525      6.8180677    
   9260000   1.0042437      5.6941211      1.5062743      6.8202907    
   9270000   1.0004346      5.6902918      1.5005609      6.8282214    
   9280000   0.99858124     5.6729675      1.4977811      6.8202033    
   9290000   0.99184109     5.6895138      1.4876715      6.8306725    
   9300000   1.0016884      5.6598368      1.5024415      6.8280622    
   9310000   1.0036941      5.6537751      1.5054499      6.8085562    
   9320000   1.0126324      5.6543387      1.5188566      6.8252256    
   9330000   0.98763419     5.6786786      1.4813615      6.8169134    
   9340000   1.0048992      5.6622886      1.5072575      6.8132862    
   9350000   1.0057719      5.6718405      1.5085663      6.8150064    
   9360000   0.99789866     5.6734456      1.4967573      6.8096513    
   9370000   0.99231299     5.6745113      1.4883793      6.8227725    
   9380000   0.99900741     5.677895       1.4984203      6.8211665    
   9390000   0.99448457     5.6876005      1.4916364      6.814058     
   9400000   0.99497785     5.6723826      1.4923763      6.8151536    
   9410000   0.9998936      5.6581803      1.4997495      6.8171091    
   9420000   0.99742234     5.661488       1.4960428      6.8038292    
   9430000   0.99312245     5.6703198      1.4895934      6.8120076    
   9440000   0.99266104     5.6762165      1.4889013      6.8239222    
   9450000   0.99637645     5.6657062      1.4944741      6.8172728    
   9460000   0.99470678     5.6495665      1.4919697      6.8159778    
   9470000   0.99923805     5.6570541      1.4987662      6.8232073    
   9480000   1.0067371      5.6636663      1.5100141      6.8148066    
   9490000   0.9935675      5.685678       1.4902609      6.8343412    
   9500000   1.0035357      5.6667872      1.5052124      6.8253998    
   9510000   0.9932367      5.6596297      1.4897648      6.8181185    
   9520000   0.99719936     5.6535956      1.4957084      6.8125108    
   9530000   0.98933897     5.6677299      1.4839185      6.8142615    
   9540000   0.98451358     5.6852512      1.4766809      6.8307456    
   9550000   0.99879935     5.6578537      1.4981082      6.8166688    
   9560000   1.0080725      5.6535877      1.5120171      6.8106452    
   9570000   0.99636894     5.669838       1.4944628      6.8189365    
   9580000   0.9981555      5.6482249      1.4971425      6.819632     
   9590000   0.98950543     5.6518328      1.4841682      6.826213     
   9600000   0.99068353     5.6374291      1.4859352      6.8084998    
   9610000   0.98546131     5.6550756      1.4781024      6.8211235    
   9620000   1.0072388      5.6411445      1.5107667      6.8111744    
   9630000   1.0017199      5.6451135      1.5024888      6.8218776    
   9640000   0.996873       5.6568095      1.4952189      6.8168364    
   9650000   1.0001086      5.6556087      1.500072       6.8080625    
   9660000   0.98781284     5.6559834      1.4816295      6.8077216    
   9670000   1.0001765      5.6505198      1.5001739      6.8145987    
   9680000   0.99309864     5.6660696      1.4895577      6.8188525    
   9690000   0.98065034     5.6811357      1.4708864      6.8191451    
   9700000   0.99740871     5.6657381      1.4960224      6.8134325    
   9710000   0.98929202     5.683004       1.4838481      6.8227702    
   9720000   1.0005801      5.6670517      1.5007792      6.8182444    
   9730000   0.99961976     5.67746        1.4993388      6.8340025    
   9740000   1.0015845      5.6839894      1.5022857      6.819169     
   9750000   1.0031217      5.6907828      1.5045914      6.8314583    
   9760000   1.0054899      5.6857711      1.5081435      6.8298887    
   9770000   1.0022638      5.6886205      1.5033045      6.820406     
   9780000   1.0085598      5.6717042      1.5127481      6.8164125    
   9790000   0.98653564     5.6695207      1.4797138      6.8253808    
   9800000   1.0002735      5.6449141      1.5003192      6.8095969    
   9810000   0.99610492     5.6422544      1.4940668      6.8246262    
   9820000   0.99984749     5.6471699      1.4996803      6.8186244    
   9830000   1.0004284      5.6442517      1.5005517      6.8195382    
   9840000   0.99642853     5.6562039      1.4945522      6.8174796    
   9850000   0.99346898     5.6379452      1.4901132      6.8274508    
   9860000   0.99677006     5.6425027      1.4950645      6.805162     
   9870000   0.99746845     5.6552487      1.496112       6.8213487    
   9880000   0.99081655     5.6375137      1.4861347      6.8139878    
   9890000   0.99643375     5.6509205      1.49456        6.8210359    
   9900000   1.0034458      5.6559324      1.5050774      6.820658     
   9910000   0.99763815     5.6664676      1.4963665      6.8196232    
   9920000   0.9997612      5.6460711      1.4995509      6.8104724    
   9930000   1.0056487      5.6542615      1.5083816      6.8075233    
   9940000   0.98262412     5.6584625      1.4738469      6.8184484    
   9950000   0.99509356     5.6465242      1.4925499      6.8221975    
   9960000   0.995919       5.6546843      1.493788       6.8164681    
   9970000   1.0011692      5.6648583      1.5016627      6.807384     
   9980000   1.0036736      5.6723094      1.5054192      6.8257057    
   9990000   1.002198       5.6745283      1.5032058      6.8232456    
  10000000   1.0023078      5.6758814      1.5033706      6.8181677    
  10010000   1.0008421      5.6713425      1.5011722      6.8220926    
  10020000   1.0049812      5.6712203      1.5073804      6.8153309    
  10030000   1.0034541      5.6675454      1.50509        6.8155646    
  10040000   0.9970905      5.6798998      1.4955451      6.8277282    
  10050000   1.0019987      5.6836112      1.502907       6.82569      
  10060000   1.0018794      5.6833885      1.502728       6.8254888    
  10070000   0.99207928     5.7256459      1.4880287      6.833788     
  10080000   1.0132057      5.6798599      1.5197164      6.8292567    
  10090000   1.0069656      5.6869937      1.5103569      6.8244207    
  10100000   1.0016766      5.6743084      1.5024239      6.8207427    
  10110000   0.99864305     5.6832712      1.4978738      6.8190138    
  10120000   0.9964742      5.6745043      1.4946207      6.8195364    
  10130000   1.0096067      5.6714638      1.5143183      6.812869     
  10140000   0.99353639     5.689469       1.4902143      6.818871     
  10150000   1.0164883      5.6732262      1.52464        6.8264791    
  10160000   1.0012639      5.6752816      1.5018048      6.8287846    
  10170000   1.0104751      5.6806601      1.5156207      6.8323852    
  10180000   1.0132161      5.6643285      1.519732       6.8231692    
  10190000   1.0148504      5.6728626      1.5221834      6.8244542    
  10200000   0.99647597     5.6818437      1.4946234      6.8220097    
  10210000   1.0013681      5.6744576      1.5019611      6.8248416    
  10220000   1.0012694      5.6933205      1.5018131      6.8132172    
  10230000   1.0021536      5.6620719      1.5031392      6.8147889    
  10240000   0.99975625     5.6376364      1.4995435      6.8012246    
  10250000   0.99572842     5.6668191      1.4935021      6.8187472    
  10260000   0.98893638     5.6687127      1.4833147      6.8216601    
  10270000   0.99157144     5.6515377      1.487267       6.816198     
  10280000   0.99537619     5.6376417      1.4929738      6.8170152    
  10290000   0.9939907      5.6477103      1.4908957      6.8141362    
  10300000   0.99557199     5.6564297      1.4932675      6.8279165    
  10310000   0.99803082     5.6422607      1.4969555      6.8199889    
  10320000   1.0040841      5.6484954      1.5060349      6.8184372    
  10330000   0.99565348     5.6591017      1.4933897      6.8212294    
  10340000   1.0066583      5.6530105      1.509896       6.8231365    
  10350000   1.0076572      5.6604895      1.5113942      6.8101713    
  10360000   1.0068619      5.6580389      1.5102013      6.8280074    
  10370000   1.0014633      5.6529125      1.502104       6.8132561    
  10380000   1.001638       5.6642547      1.5023659      6.8185192    
  10390000   1.0045325      5.6535373      1.5067074      6.8151325    
  10400000   1.002154       5.6633725      1.5031398      6.8207423    
  10410000   1.0123481      5.6481897      1.5184301      6.8144818    
  10420000   1.0076164      5.6468921      1.511333       6.8204603    
  10430000   1.0061337      5.6371982      1.509109       6.8213518    
  10440000   1.0018217      5.65051        1.5026414      6.8094444    
  10450000   0.99739616     5.6609144      1.4960036      6.8054792    
  10460000   0.98893853     5.6627164      1.4833179      6.8039971    
  10470000   0.98536036     5.6667116      1.477951       6.8190219    
  10480000   0.99071349     5.6646947      1.4859802      6.8146915    
  10490000   0.9869106      5.6632124      1.4802762      6.8163739    
  10500000   0.99311217     5.6460534      1.489578       6.8109073    
  10510000   0.988744       5.6595876      1.4830261      6.8205296    
  10520000   0.99321949     5.6681254      1.4897389      6.8043596    
  10530000   1.0035008      5.6687509      1.5051599      6.8222518    
  10540000   1.0041778      5.6727122      1.5061753      6.8212128    
  10550000   1.0037484      5.6652675      1.5055313      6.8162548    
  10560000   1.0084765      5.6463852      1.512623       6.8090256    
  10570000   1.0069879      5.664336       1.5103903      6.8252955    
  10580000   1.0053503      5.6692303      1.507934       6.8173947    
  10590000   1.0048554      5.6558919      1.5071918      6.821147     
  10600000   0.99049148     5.6466045      1.4856472      6.8130759    
  10610000   0.99115404     5.6653095      1.486641       6.8103201    
  10620000   1.0013141      5.6507655      1.5018802      6.8174011    
  10630000   0.9972219      5.6742289      1.4957422      6.8228109    
  10640000   1.0007001      5.6631549      1.5009592      6.8151798    
  10650000   0.99378002     5.6612677      1.4905797      6.814425     
  10660000   1.0075202      5.6604244      1.5111888      6.8164132    
  10670000   1.0041091      5.6753843      1.5060724      6.8294994    
  10680000   1.0127499      5.6719908      1.5190328      6.8219875    
  10690000   1.0034856      5.6747397      1.5051372      6.8199262    
  10700000   1.0125316      5.6667446      1.5187053      6.8197198    
  10710000   1.0096799      5.6810711      1.5144281      6.8237637    
  10720000   0.99294533     5.6815696      1.4893277      6.8195603    
  10730000   0.99747875     5.6840926      1.4961274      6.8116638    
  10740000   0.99894233     5.6750263      1.4983227      6.8289165    
  10750000   1.0025031      5.6496373      1.5036636      6.8183036    
  10760000   0.9992891      5.6556666      1.4988428      6.8137591    
  10770000   0.99472544     5.6548339      1.4919977      6.8117283    
  10780000   0.99154637     5.6571513      1.4872294      6.8243293    
  10790000   0.98621852     5.6778148      1.4792381      6.8216518    
  10800000   1.0016983      5.6337982      1.5024563      6.8092332    
  10810000   1.0007614      5.6431367      1.5010511      6.8095279    
  10820000   1.0002253      5.6501099      1.5002471      6.8122116    
  10830000   1.0044526      5.6651059      1.5065877      6.8155352    
  10840000   0.98655834     5.6759119      1.4797478      6.8203986    
  10850000   1.0062761      5.6553918      1.5093227      6.8151244    
  10860000   1.0031614      5.6724028      1.5046509      6.8150135    
  10870000   0.99620316     5.6594381      1.4942142      6.8115924    
  10880000   0.99377379     5.6714002      1.4905703      6.8140416    
  10890000   1.0029209      5.6680071      1.5042902      6.8236585    
  10900000   1.0055067      5.6468058      1.5081687      6.8175728    
  10910000   1.0001944      5.65581        1.5002007      6.820123     
  10920000   0.99479448     5.6544422      1.4921013      6.8225996    
  10930000   0.98955187     5.6625168      1.4842378      6.8233513    
  10940000   1.0017926      5.6553727      1.5025978      6.8119564    
  10950000   1.0069734      5.647724       1.5103686      6.8139657    
  10960000   1.0036428      5.6371946      1.505373       6.8229356    
  10970000   1.0081182      5.6407927      1.5120857      6.8093434    
  10980000   1.0048363      5.6529121      1.5071631      6.8199823    
  10990000   1.0040343      5.6324366      1.5059602      6.8107082    
  11000000   0.99615272     5.6645286      1.4941385      6.806047     
  11010000   0.99036838     5.6467216      1.4854625      6.8210871    
  11020000   1.0040589      5.6476618      1.505997       6.8198912    
  11030000   1.0033192      5.657691       1.5048876      6.8247227    
  11040000   1.0072871      5.6583392      1.510839       6.8112758    
  11050000   0.99705243     5.6930026      1.495488       6.8374413    
  11060000   1.0055967      5.6749684      1.5083036      6.8200402    
  11070000   1.0024598      5.6738001      1.5035986      6.8188612    
  11080000   1.0135159      5.6744024      1.5201817      6.821271     
  11090000   0.99461908     5.6758282      1.4918382      6.8201968    
  11100000   1.0003344      5.688963       1.5004107      6.829052     
  11110000   0.99387444     5.6668614      1.4907213      6.8141242    
  11120000   1.0100762      5.6665232      1.5150225      6.8176182    
  11130000   0.99915572     5.6692059      1.4986428      6.8079105    
  11140000   1.0067837      5.6655968      1.510084       6.8248534    
  11150000   0.99570011     5.6765293      1.4934596      6.8243054    
  11160000   1.0022096      5.6766149      1.5032233      6.8138528    
  11170000   1.0046345      5.6767732      1.5068605      6.8180612    
  11180000   1.0079086      5.6664359      1.5117713      6.8115564    
  11190000   1.00341        5.6577807      1.5050238      6.8184864    
  11200000   1.0030048      5.6558231      1.504416       6.8193307    
  11210000   1.006157       5.6559317      1.509144       6.817421     
  11220000   0.99539618     5.6663554      1.4930038      6.8176372    
  11230000   1.003002       5.6599617      1.5044119      6.8221772    
  11240000   1.0051373      5.6650126      1.5076145      6.8171035    
  11250000   0.99890756     5.6782842      1.4982705      6.8151704    
  11260000   1.0000596      5.6650233      1.4999984      6.8168942    
  11270000   0.9999491      5.6689992      1.4998327      6.8214551    
  11280000   1.0011801      5.6734493      1.5016791      6.8198246    
  11290000   0.99599572     5.6732442      1.493903       6.8261531    
  11300000   1.0008302      5.672875       1.5011543      6.8306559    
  11310000   1.0055545      5.670709       1.5082404      6.8155967    
  11320000   1.0013399      5.675689       1.5019189      6.8193189    
  11330000   1.0004726      5.6895636      1.500618       6.824346     
  11340000   1.0010782      5.6814769      1.5015263      6.8215384    
  11350000   1.005847       5.6744774      1.5086791      6.8244244    
  11360000   1.0046229      5.6673387      1.506843       6.8216093    
  11370000   0.99959976     5.6654677      1.4993088      6.8123274    
  11380000   0.99124593     5.6510268      1.4867788      6.8205278    
  11390000   0.99759243     5.6370088      1.4962979      6.8188561    
  11400000   1.0008931      5.6719262      1.5012486      6.829042     
  11410000   0.99895304     5.6746135      1.4983388      6.8206887    
  11420000   1.0117466      5.6729542      1.517528       6.8272433    
  11430000   0.98978941     5.6836593      1.4845941      6.8193826    
  11440000   0.99992588     5.6732576      1.4997979      6.8275689    
  11450000   1.0040693      5.6540293      1.5060127      6.8094726    
  11460000   0.99996866     5.6730288      1.4998621      6.8297707    
  11470000   1.0003049      5.6801124      1.5003665      6.8256419    
  11480000   0.98820164     5.6807111      1.4822126      6.8155363    
  11490000   1.0003906      5.6772298      1.5004949      6.8262525    
  11500000   1.0024266      5.6769209      1.5035487      6.8187566    
  11510000   1.0085318      5.6717165      1.512706       6.8195714    
  11520000   1.003561       5.6876053      1.5052503      6.8338867    
  11530000   0.99590532     5.6931058      1.4937674      6.830967     
  11540000   1.0036711      5.6765775      1.5054154      6.8205448    
  11550000   1.0026384      5.6730106      1.5038664      6.8258847    
  11560000   0.99487672     5.6727874      1.4922246      6.8172028    
  11570000   1.0011611      5.6645636      1.5016507      6.8213378    
  11580000   1.0100342      5.6700562      1.5149595      6.8154012    
  11590000   0.99989018     5.690228       1.4997444      6.8209478    
  11600000   1.0108252      5.6704274      1.5161459      6.8172275    
  11610000   0.99489795     5.6938025      1.4922565      6.8244223    
  11620000   1.0125846      5.6798987      1.5187849      6.8141699    
  11630000   1.0005143      5.690898       1.5006804      6.8229178    
  11640000   1.0069929      5.6791395      1.5103978      6.8226267    
  11650000   0.99427915     5.6977405      1.4913283      6.8339201    
  11660000   1.0064664      5.6908744      1.5096081      6.8227937    
  11670000   1.0057437      5.6950092      1.5085241      6.8278679    
  11680000   1.0091011      5.6633029      1.5135599      6.8235796    
  11690000   0.99871363     5.6596891      1.4979796      6.8188737    
  11700000   0.9951485      5.6627677      1.4926323      6.8158175    
  11710000   1.0017037      5.6558383      1.5024644      6.8064736    
  11720000   0.9966447      5.6588546      1.4948764      6.8108911    
  11730000   0.99112834     5.6567514      1.4866024      6.8118913    
  11740000   0.9889195      5.6570138      1.4832894      6.8201375    
  11750000   1.0077632      5.6560186      1.5115532      6.812357     
  11760000   1.0033283      5.6564317      1.5049012      6.8246188    
  11770000   1.0051112      5.6450405      1.5075754      6.8048983    
  11780000   0.98919774     5.6763176      1.4837067      6.8247772    
  11790000   0.99800427     5.6719448      1.4969157      6.8169321    
  11800000   1.0063131      5.6327905      1.5093782      6.808645     
  11810000   1.0086287      5.6462935      1.5128514      6.8123022    
  11820000   0.99770492     5.6738126      1.4964667      6.8200946    
  11830000   1.0090337      5.6564934      1.5134589      6.8191503    
  11840000   0.99879964     5.6605756      1.4981087      6.8183238    
  11850000   0.99768919     5.6710728      1.4964431      6.8170472    
  11860000   0.99720865     5.6571729      1.4957223      6.81928      
  11870000   0.99886965     5.6563264      1.4982137      6.8254552    
  11880000   0.99545013     5.6544001      1.4930847      6.8197152    
  11890000   0.99443893     5.6338021      1.491568       6.8155485    
  11900000   0.99794272     5.6308466      1.4968234      6.8130898    
  11910000   1.0019927      5.6578999      1.5028979      6.8130488    
  11920000   0.99891922     5.6465826      1.498288       6.8280083    
  11930000   1.0055497      5.6451805      1.5082331      6.8184965    
  11940000   0.99592665     5.6433199      1.4937994      6.8046257    
  11950000   0.99570392     5.6450688      1.4934654      6.813907     
  11960000   1.0035792      5.6592399      1.5052776      6.815691     
  11970000   1.0016786      5.6593382      1.5024269      6.8114754    
  11980000   0.99795518     5.6684975      1.4968421      6.8256824    
  11990000   1.0000273      5.6541221      1.49995        6.8206304    
  12000000   1.0025538      5.6641004      1.5037396      6.8138657    
  12010000   0.99390447     5.668384       1.4907664      6.8156573    
  12020000   0.99445911     5.6706495      1.4915983      6.8200806    
  12030000   0.9951617      5.6601677      1.4926521      6.8136018    
  12040000   0.99309294     5.6909022      1.4895491      6.8264112    
  12050000   1.0001212      5.6675484      1.5000909      6.8167023    
  12060000   1.0009945      5.6732803      1.5014007      6.8163937    
  12070000   0.99641475     5.686035       1.4945315      6.8253113    
  12080000   1.0100523      5.6640557      1.5149866      6.8233445    
  12090000   1.0071638      5.6567         1.5106542      6.8155628    
  12100000   0.99777094     5.6697126      1.4965657      6.8291246    
  12110000   0.98973674     5.6798488      1.4845151      6.8196559    
  12120000   1.005116       5.6630971      1.5075827      6.8274884    
  12130000   0.99741205     5.6613132      1.4960274      6.8331218    
  12140000   1.0124242      5.6415772      1.5185442      6.8182274    
  12150000   1.0020181      5.6525145      1.502936       6.8163631    
  12160000   1.0048729      5.6407068      1.5072179      6.8171894    
  12170000   1.0021004      5.6564578      1.5030595      6.815218     
  12180000   0.99811632     5.6719153      1.4970837      6.8191928    
  12190000   0.99979006     5.6622433      1.4995942      6.8129593    
  12200000   0.9992959      5.6524927      1.498853       6.8158189    
  12210000   1.0081667      5.659765       1.5121583      6.8203735    
  12220000   0.99446732     5.6928355      1.4916106      6.8293352    
  12230000   1.0071403      5.674332       1.5106189      6.8150148    
  12240000   1.0147561      5.6594347      1.5220418      6.8149987    
  12250000   1.0068638      5.6671218      1.5102042      6.8321755    
  12260000   1.0084003      5.6647962      1.5125087      6.8165313    
  12270000   1.0015259      5.6651377      1.5021979      6.812643     
  12280000   1.0149562      5.6501536      1.522342       6.8146031    
  12290000   0.99478858     5.662856       1.4920924      6.8179636    
  12300000   1.0041451      5.6540871      1.5061264      6.816443     
  12310000   0.99129863     5.6820895      1.4868578      6.8352008    
  12320000   0.98875924     5.6616323      1.483049       6.8083792    
  12330000   0.99427892     5.6522036      1.491328       6.8160236    
  12340000   0.98911354     5.6578791      1.4835804      6.823658     
  12350000   0.99371585     5.6710321      1.4904834      6.8244491    
  12360000   1.0045061      5.64574        1.5066678      6.8221176    
  12370000   0.99361064     5.6598367      1.4903256      6.8136031    
  12380000   0.99580519     5.6745768      1.4936173      6.8297246    
  12390000   0.99962588     5.6493025      1.4993479      6.812771     
  12400000   1.0087991      5.6588107      1.5131069      6.8155074    
  12410000   1.0045143      5.6695076      1.5066802      6.8250674    
  12420000   1.0013307      5.6660763      1.501905       6.8236788    
  12430000   1.0060591      5.6702114      1.5089972      6.8252439    
  12440000   1.0006595      5.675478       1.5008982      6.8296845    
  12450000   1.0070005      5.6677619      1.5104091      6.8132228    
  12460000   0.98565653     5.6749891      1.4783952      6.8219583    
  12470000   0.99799271     5.6595221      1.4968983      6.8190854    
  12480000   0.9988551      5.6532616      1.4981918      6.8100902    
  12490000   0.99537569     5.6606603      1.492973       6.823795     
  12500000   1.0056778      5.6284399      1.5084253      6.813634     
  12510000   0.99892015     5.6390406      1.4982894      6.8082385    
  12520000   1.0011312      5.6517635      1.5016058      6.8202469    
  12530000   1.0072526      5.662635       1.5107873      6.8224647    
  12540000   1.0019836      5.6542594      1.5028843      6.8100867    
  12550000   0.99853396     5.6641702      1.4977102      6.8248299    
  12560000   0.99736651     5.6482563      1.4959591      6.8204186    
  12570000   0.9977522      5.6554407      1.4965376      6.8118244    
  12580000   1.0064328      5.6445758      1.5095577      6.814174     
  12590000   1.0088819      5.6573371      1.5132311      6.8113835    
  12600000   0.99693989     5.6679805      1.4953192      6.8281616    
  12610000   0.99645362     5.6818018      1.4945898      6.8232117    
  12620000   0.99962758     5.6716137      1.4993505      6.8151843    
  12630000   1.005291       5.6711568      1.5078451      6.8241468    
  12640000   0.9986765      5.6695969      1.497924       6.8190569    
  12650000   0.99091744     5.6883051      1.4862861      6.8253524    
  12660000   1.0008516      5.6759541      1.5011864      6.8262519    
  12670000   1.001131       5.6816563      1.5016055      6.8219711    
  12680000   0.99840411     5.692098       1.4975154      6.823874     
  12690000   1.0052327      5.6877721      1.5077576      6.8178384    
  12700000   0.99425655     5.6720575      1.4912944      6.8206971    
  12710000   0.99436088     5.6631277      1.4914509      6.8135035    
  12720000   0.99348721     5.670255       1.4901405      6.8152609    
  12730000   1.0025246      5.6629054      1.5036957      6.8206416    
  12740000   0.9992058      5.6627956      1.4987179      6.822037     
  12750000   0.98730648     5.6639105      1.48087        6.8166455    
  12760000   1.0001846      5.6630179      1.500186       6.8227293    
  12770000   0.99043919     5.6747541      1.4855687      6.8237452    
  12780000   1.0039628      5.666035       1.5058529      6.819761     
  12790000   1.0032469      5.6646034      1.5047792      6.8134882    
  12800000   0.99585003     5.6784748      1.4936845      6.8278284    
  12810000   1.0103545      5.6512885      1.5154399      6.814314     
  12820000   1.0061142      5.6652367      1.5090798      6.8264795    
  12830000   1.007196       5.6517546      1.5107024      6.8191302    
  12840000   1.0034446      5.6578758      1.5050757      6.8137241    
  12850000   0.9973867      5.6612927      1.4959894      6.8054663    
  12860000   1.0091656      5.6579489      1.5136567      6.8220096    
  12870000   0.9955995      5.6727494      1.4933087      6.8175508    
  12880000   1.0028097      5.6584715      1.5041233      6.8111834    
  12890000   0.99928556     5.656168       1.4988375      6.8189444    
  12900000   1.0086779      5.6750095      1.5129252      6.8216446    
  12910000   1.0065168      5.6596786      1.5096836      6.8113994    
  12920000   1.0002962      5.6716031      1.5003534      6.8239766    
  12930000   1.0104131      5.6464063      1.5155278      6.820954     
  12940000   0.99131356     5.6469855      1.4868802      6.8175236    
  12950000   0.9972282      5.6491564      1.4957516      6.8222626    
  12960000   0.99685067     5.6588913      1.4951854      6.8186884    
  12970000   0.99990994     5.6516288      1.499774       6.8219116    
  12980000   0.99454882     5.6437137      1.4917328      6.8123984    
  12990000   0.99777911     5.6610023      1.496578       6.8302246    
  13000000   0.99383042     5.634467       1.4906553      6.8134867    
  13010000   0.99230702     5.6242787      1.4883703      6.8171976    
  13020000   0.98360351     5.6518525      1.4753159      6.8139582    
  13030000   0.99377642     5.6457248      1.4905743      6.8191618    
  13040000   0.98257341     5.6359483      1.4737708      6.8051677    
  13050000   0.98695844     5.6459254      1.4803479      6.820712     
  13060000   0.99179166     5.648007       1.4875973      6.8208172    
  13070000   0.9972353      5.647006       1.4957623      6.8187419    
  13080000   0.99064459     5.6597894      1.4858768      6.815524     
  13090000   0.98659489     5.68666        1.4798026      6.8280285    
  13100000   1.0062209      5.6551856      1.5092398      6.815716     
  13110000   1.0042072      5.672895       1.5062196      6.814126     
  13120000   0.99905855     5.6458267      1.498497       6.8118746    
  13130000   1.0026504      5.6482631      1.5038845      6.8111138    
  13140000   0.99886354     5.6712875      1.4982045      6.8139393    
  13150000   0.99988177     5.6613033      1.4997318      6.8066598    
  13160000   1.0013803      5.6557884      1.5019794      6.8183281    
  13170000   0.99547537     5.6694998      1.4931226      6.8244851    
  13180000   1.0043187      5.6518731      1.5063868      6.8172451    
  13190000   0.99558539     5.6450861      1.4932876      6.8096542    
  13200000   0.98838608     5.6522558      1.4824893      6.8289423    
  13210000   0.99365707     5.6458682      1.4903953      6.81402      
  13220000   0.99422584     5.6616104      1.4912484      6.8108789    
  13230000   0.98893064     5.6619567      1.4833061      6.8183183    
  13240000   0.98732656     5.6770574      1.4809001      6.8216571    
  13250000   0.99572223     5.6742049      1.4934928      6.8179236    
  13260000   1.0020089      5.6681452      1.5029223      6.8111171    
  13270000   0.99651534     5.6759707      1.4946824      6.8177797    
  13280000   1.0003027      5.6587976      1.5003631      6.8169253    
  13290000   1.0030219      5.6724455      1.5044417      6.8181788    
  13300000   1.0008393      5.6536801      1.5011679      6.8104432    
  13310000   0.99697291     5.6585587      1.4953687      6.8146734    
  13320000   0.9817396      5.6685291      1.4725202      6.8157656    
  13330000   0.99097062     5.6521091      1.4863658      6.8062881    
  13340000   1.0004625      5.6597843      1.5006028      6.8162237    
  13350000   1.0009463      5.6605318      1.5013284      6.8282603    
  13360000   1.0047233      5.6613611      1.5069935      6.8157321    
  13370000   1.0070137      5.6625419      1.5104291      6.8213618    
  13380000   1.0078732      5.6688235      1.5117182      6.8227846    
  13390000   0.99670206     5.68995        1.4949625      6.8287182    
  13400000   1.013397       5.6663493      1.5200034      6.8256848    
  13410000   1.0033345      5.6804663      1.5049105      6.8253913    
  13420000   1.0011315      5.6855981      1.5016062      6.8203512    
  13430000   1.0049785      5.6615534      1.5073764      6.8213089    
  13440000   0.99051107     5.6706736      1.4856766      6.8214099    
  13450000   0.99480703     5.674265       1.4921201      6.8170587    
  13460000   1.0027315      5.696536       1.5040061      6.8308586    
  13470000   1.0160821      5.6684355      1.5240308      6.8111801    
  13480000   0.99869282     5.6941645      1.4979484      6.8301201    
  13490000   0.99892026     5.6799977      1.4982896      6.8217791    
  13500000   1.007717       5.6634026      1.5114839      6.8073047    
  13510000   1.0009277      5.6779994      1.5013005      6.8206365    
  13520000   0.99952815     5.6856074      1.4992014      6.8320432    
  13530000   0.99834572     5.6767143      1.4974278      6.8181111    
  13540000   0.9964466      5.6756223      1.4945793      6.8179411    
  13550000   0.99257113     5.6836602      1.4887665      6.8217527    
  13560000   0.99308116     5.6802083      1.4895315      6.8248871    
  13570000   1.0012514      5.6677138      1.5017861      6.8183768    
  13580000   1.0073895      5.6712846      1.5109926      6.8207286    
  13590000   0.99943681     5.6792863      1.4990644      6.828779     
  13600000   1.0024398      5.6736805      1.5035686      6.8173374    
  13610000   0.99311757     5.6746751      1.4895861      6.8156402    
  13620000   1.0020688      5.6722773      1.5030121      6.8190345    
  13630000   1.0055865      5.6876772      1.5082883      6.8257345    
  13640000   1.012287       5.6686886      1.5183385      6.8233323    
  13650000   1.0050079      5.709134       1.5074205      6.8301444    
  13660000   1.0126081      5.7072949      1.5188201      6.8317753    
  13670000   1.0130014      5.6724624      1.51941        6.8216181    
  13680000   1.0085085      5.6750461      1.5126711      6.8192086    
  13690000   0.99827621     5.6898353      1.4973236      6.8214335    
  13700000   0.99994993     5.6696         1.499834       6.8135196    
  13710000   1.0014026      5.6581146      1.5020129      6.8120785    
  13720000   1.007711       5.66578        1.5114748      6.8236151    
  13730000   1.0107469      5.6602016      1.5160285      6.8131386    
  13740000   0.99968068     5.6793947      1.4994301      6.8222017    
  13750000   0.99703973     5.6863209      1.495469       6.8197736    
  13760000   0.99050384     5.662831       1.4856657      6.8237294    
  13770000   0.99734224     5.655679       1.4959227      6.8073589    
  13780000   0.989283       5.6580332      1.4838346      6.8204431    
  13790000   0.99558533     5.6371006      1.4932875      6.8134172    
  13800000   1.0051808      5.639335       1.5076798      6.8071732    
  13810000   1.0037744      5.6456431      1.5055704      6.8217579    
  13820000   0.99761809     5.6524028      1.4963364      6.8211308    
  13830000   0.99757932     5.6579305      1.4962783      6.8106779    
  13840000   0.99879461     5.6442806      1.4981011      6.8137995    
  13850000   0.98987125     5.6762646      1.4847169      6.8205734    
  13860000   1.0008569      5.6614211      1.5011943      6.823632     
  13870000   0.99864433     5.6706165      1.4978757      6.8156245    
  13880000   0.99120518     5.6673338      1.4867177      6.8173681    
  13890000   0.99586677     5.6640917      1.4937096      6.8138047    
  13900000   0.99466617     5.6615547      1.4919088      6.8258611    
  13910000   1.0093234      5.6578196      1.5138934      6.8202568    
  13920000   0.98603936     5.6796242      1.4789694      6.8288214    
  13930000   1.0106108      5.65776        1.5158243      6.8163102    
  13940000   0.99849652     5.6586719      1.497654       6.8203364    
  13950000   0.99800284     5.6659286      1.4969135      6.8201467    
  13960000   0.99874621     5.6514687      1.4980285      6.813417     
  13970000   0.99909594     5.6567513      1.4985531      6.825013     
  13980000   1.0068476      5.6684645      1.5101799      6.8166952    
  13990000   0.9996491      5.6860858      1.4993828      6.8235024    
  14000000   0.99951519     5.6887553      1.4991819      6.8212904    
  14010000   0.99343972     5.6752213      1.4900693      6.8288968    
  14020000   1.005318       5.662083       1.5078855      6.820385     
  14030000   1.0046197      5.6749264      1.5068383      6.8275264    
  14040000   0.99168078     5.6649427      1.487431       6.8188864    
  14050000   0.99398854     5.6591969      1.4908924      6.8081687    
  14060000   1.0027217      5.6696901      1.5039915      6.8156197    
  14070000   1.0039153      5.6672902      1.5057817      6.8065097    
  14080000   1.0055402      5.6820589      1.5082189      6.8258248    
  14090000   1.017169       5.6537854      1.525661       6.8207386    
  14100000   1.0037097      5.684773       1.5054733      6.8209854    
  14110000   1.0043587      5.6723508      1.5064467      6.8288726    
  14120000   1.0111094      5.6555598      1.5165722      6.807122     
  14130000   0.99961345     5.6623525      1.4993293      6.8201409    
  14140000   0.99911071     5.680217       1.4985752      6.8195248    
  14150000   0.99668806     5.6758914      1.4949415      6.8184528    
  14160000   1.0021963      5.6741821      1.5032034      6.8224572    
  14170000   1.0033396      5.6446474      1.5049182      6.8086944    
  14180000   0.99161651     5.6680903      1.4873346      6.820398     
  14190000   0.99731893     5.6597011      1.4958877      6.8217277    
  14200000   1.0048853      5.6681628      1.5072366      6.8222507    
  14210000   0.99543132     5.6885657      1.4930565      6.8185872    
  14220000   1.0075651      5.6645227      1.5112561      6.8170051    
  14230000   1.0072462      5.676601       1.5107777      6.8231888    
  14240000   0.99634083     5.6784154      1.4944207      6.8255564    
  14250000   1.0083051      5.6530926      1.512366       6.8217752    
  14260000   1.0039126      5.6629692      1.5057777      6.8123228    
  14270000   1.0033166      5.6703211      1.5048837      6.8211751    
  14280000   1.0010591      5.6644526      1.5014976      6.8158305    
  14290000   1.0013152      5.6574625      1.5018817      6.8229776    
  14300000   0.99897442     5.6516558      1.4983708      6.8131767    
  14310000   1.0111918      5.642081       1.5166957      6.8103583    
  14320000   1.0038202      5.6652263      1.505639       6.8299465    
  14330000   1.0005814      5.6788679      1.5007812      6.8214878    
  14340000   0.99360711     5.6701682      1.4903203      6.814005     
  14350000   1.014607       5.6596673      1.5218182      6.8192232    
  14360000   1.0070911      5.6879449      1.5105452      6.8334973    
  14370000   0.99794263     5.6773092      1.4968232      6.8332852    
  14380000   0.98440343     5.6828792      1.4765157      6.8244293    
  14390000   1.0031243      5.663208       1.5045953      6.8131455    
  14400000   1.0086292      5.6606176      1.512852       6.8089231    
  14410000   0.99246082     5.6718062      1.488601       6.817203     
  14420000   1.0024359      5.6729266      1.5035627      6.8253723    
  14430000   0.99910507     5.6676424      1.4985668      6.8221708    
  14440000   1.0005821      5.6508846      1.5007822      6.8114603    
  14450000   0.99653145     5.6641326      1.4947066      6.8172462    
  14460000   0.99719688     5.656202       1.4957047      6.8244191    
  14470000   0.9876968      5.6550735      1.4814554      6.815657     
  14480000   0.99260533     5.6310529      1.4888178      6.8159293    
  14490000   0.9932945      5.6578151      1.4898514      6.817459     
  14500000   0.99679239     5.6478114      1.495098       6.8090886    
  14510000   0.99766277     5.6509215      1.4964035      6.8191291    
  14520000   1.0036237      5.6545543      1.5053443      6.816989     
  14530000   1.0068994      5.6566548      1.5102575      6.8164358    
  14540000   1.003078       5.6704122      1.5045259      6.8134217    
  14550000   0.99747511     5.6625907      1.496122       6.816878     
  14560000   0.99234078     5.6651982      1.488421       6.8120158    
  14570000   0.99754553     5.6546236      1.4962276      6.8185812    
  14580000   0.98792165     5.667122       1.4817927      6.8234036    
  14590000   0.99510664     5.6639659      1.4925695      6.8270073    
  14600000   0.99881077     5.6625089      1.4981254      6.8223484    
  14610000   1.0045636      5.6680301      1.506754       6.8189967    
  14620000   1.0136658      5.6536414      1.5204065      6.8153802    
  14630000   0.99607082     5.6635101      1.4940157      6.8195319    
  14640000   0.98612438     5.6617114      1.4790969      6.8206171    
  14650000   0.99184837     5.6518473      1.4876824      6.813413     
  14660000   0.98671907     5.6543558      1.4799889      6.8098879    
  14670000   0.98942907     5.6437125      1.4840537      6.8176253    
  14680000   0.99056005     5.6438365      1.48575        6.8213373    
  14690000   1.0031165      5.6400221      1.5045836      6.8176334    
  14700000   0.99714656     5.6534653      1.4956292      6.8217646    
  14710000   0.99344025     5.6670998      1.4900701      6.8213661    
  14720000   1.0047673      5.6391559      1.5070597      6.812677     
  14730000   0.99362219     5.6578545      1.4903429      6.8225724    
  14740000   1.0003517      5.6464076      1.5004366      6.8168683    
  14750000   1.0025414      5.6386519      1.5037209      6.8040847    
  14760000   0.98965536     5.6501346      1.4843931      6.8291906    
  14770000   0.99391234     5.6351074      1.4907782      6.8150441    
  14780000   0.99566253     5.6266103      1.4934033      6.8049246    
  14790000   1.0027736      5.6362942      1.5040693      6.8180247    
  14800000   0.9868207      5.6585363      1.4801413      6.8066939    
  14810000   0.99634221     5.6456415      1.4944227      6.8126498    
  14820000   1.001453       5.6765799      1.5020885      6.8224939    
  14830000   1.0074353      5.6760879      1.5110613      6.8170254    
  14840000   1.005129       5.6734754      1.5076022      6.8169633    
  14850000   1.0102042      5.6692258      1.5152145      6.8156699    
  14860000   1.0051768      5.669443       1.5076739      6.8179156    
  14870000   0.99307904     5.6869014      1.4895283      6.8197451    
  14880000   0.99711204     5.6746794      1.4955774      6.8248211    
  14890000   1.0014803      5.6646784      1.5021293      6.8182534    
  14900000   1.0081148      5.6736331      1.5120805      6.8202624    
  14910000   1.000829       5.6745093      1.5011525      6.8213455    
  14920000   1.0048711      5.6654076      1.5072153      6.8171852    
  14930000   1.0025368      5.6803302      1.503714       6.8138365    
  14940000   1.0009814      5.6759535      1.5013811      6.8161084    
  14950000   1.0011723      5.6680595      1.5016675      6.8130528    
  14960000   0.99828774     5.6527744      1.4973409      6.8154702    
  14970000   0.99549089     5.6528925      1.4931458      6.8122794    
  14980000   0.99758053     5.6595768      1.4962801      6.8169734    
  14990000   1.0025591      5.6702111      1.5037475      6.8170608    
  15000000   1.0098046      5.6739256      1.5146151      6.8233423    
  15010000   1.0004631      5.6842455      1.5006037      6.8161003    
  15020000   0.99579084     5.6790206      1.4935957      6.8088979    
  15030000   1.0035411      5.6585759      1.5052205      6.8198352    
  15040000   1.0064656      5.6671036      1.5096069      6.8269339    
  15050000   1.0044463      5.660289       1.5065782      6.8138609    
  15060000   0.99502956     5.6374371      1.4924539      6.8199956    
  15070000   0.99771102     5.6547004      1.4964758      6.8083902    
  15080000   1.0036761      5.6581933      1.5054229      6.8196917    
  15090000   1.0013932      5.6742796      1.5019988      6.8253641    
  15100000   0.99961045     5.6513991      1.4993248      6.82961      
  15110000   1.0040953      5.6589281      1.5060516      6.8175777    
  15120000   1.0011227      5.6756896      1.501593       6.8165274    
  15130000   1.0042889      5.6731988      1.5063421      6.82656      
  15140000   1.004917       5.6755404      1.5072841      6.8203966    
  15150000   1.0000994      5.6701123      1.5000582      6.8248232    
  15160000   0.99554582     5.6813233      1.4932282      6.8261221    
  15170000   0.99402418     5.6747631      1.4909459      6.8109083    
  15180000   1.0086451      5.6669307      1.512876       6.8157358    
  15190000   1.0036738      5.681873       1.5054195      6.8294381    
  15200000   1.0118353      5.6600321      1.5176609      6.8219471    
  15210000   1.0079506      5.6737285      1.5118342      6.8151614    
  15220000   0.99873798     5.6687825      1.4980162      6.8094974    
  15230000   0.99604835     5.6881564      1.493982       6.8228128    
  15240000   1.0077173      5.6682935      1.5114843      6.8120319    
  15250000   1.0022642      5.660213       1.5033052      6.8273587    
  15260000   0.99030575     5.6573448      1.4853686      6.8092924    
  15270000   0.99390821     5.6493759      1.490772       6.8159778    
  15280000   1.0007454      5.6493678      1.5010272      6.8079123    
  15290000   1.0012229      5.6589811      1.5017434      6.816314     
  15300000   1.0040121      5.6678111      1.5059269      6.8154632    
  15310000   1.0062283      5.6545864      1.5092509      6.8032767    
  15320000   0.99472643     5.6460156      1.4919992      6.8197505    
  15330000   0.99533857     5.6592775      1.4929174      6.8271607    
  15340000   1.0018014      5.647865       1.502611       6.8130412    
  15350000   0.9959377      5.6550146      1.493816       6.81863      
  15360000   0.9981516      5.6422767      1.4971367      6.816834     
  15370000   0.99477601     5.6595978      1.4920736      6.8179401    
  15380000   0.99656651     5.6538637      1.4947592      6.8149839    
  15390000   1.0011019      5.6590101      1.5015618      6.8132721    
  15400000   1.0029855      5.6661348      1.5043871      6.8113094    
  15410000   1.0044284      5.6678165      1.5065514      6.8266612    
  15420000   1.0091665      5.6768801      1.5136579      6.8168856    
  15430000   1.004126       5.679841       1.5060977      6.8195172    
  15440000   1.0015071      5.6854064      1.5021696      6.823197     
  15450000   1.0116348      5.6441019      1.5173603      6.8116336    
  15460000   1.0054331      5.6618849      1.5080582      6.8218029    
  15470000   0.99303519     5.6675108      1.4894625      6.819914     
  15480000   0.98697089     5.6569031      1.4803666      6.8134717    
  15490000   1.0062082      5.6414406      1.5092209      6.8083686    
  15500000   0.9997027      5.6657627      1.4994632      6.8187821    
  15510000   1.0037965      5.6823208      1.5056035      6.8262841    
  15520000   1.0094615      5.6795372      1.5141004      6.8291112    
  15530000   1.0008775      5.6700967      1.5012253      6.8223193    
  15540000   0.99788282     5.6596157      1.4967335      6.8236313    
  15550000   0.99272951     5.6669145      1.489004       6.8205039    
  15560000   0.99446554     5.6635401      1.4916079      6.8174161    
  15570000   0.9998049      5.6571034      1.4996165      6.8252226    
  15580000   0.98746873     5.6711534      1.4811133      6.8148077    
  15590000   0.99617017     5.6542987      1.4941647      6.8117085    
  15600000   1.0063333      5.6478963      1.5094085      6.8094542    
  15610000   0.99331241     5.6610882      1.4898783      6.8156579    
  15620000   1.0081616      5.6348291      1.5121507      6.8071634    
  15630000   0.99809329     5.646314       1.4970492      6.81635      
  15640000   1.0029147      5.6558217      1.5042808      6.8196733    
  15650000   1.0061878      5.6565454      1.5091902      6.8213528    
  15660000   1.0015933      5.6509708      1.5022989      6.8166739    
  15670000   0.99960972     5.6540235      1.4993237      6.8175845    
  15680000   0.99905367     5.6647648      1.4984897      6.8228655    
  15690000   1.0055095      5.6575678      1.5081728      6.8072578    
  15700000   0.99802401     5.6732805      1.4969453      6.827684     
  15710000   1.0006956      5.6656522      1.5009524      6.8272657    
  15720000   0.99524242     5.6574737      1.4927731      6.8257273    
  15730000   0.99817648     5.6506693      1.497174       6.8182441    
  15740000   0.99824107     5.6432631      1.4972708      6.817781     
  15750000   0.99025022     5.6634861      1.4852853      6.8206168    
  15760000   1.0006832      5.6449894      1.5009339      6.8259158    
  15770000   1.0040344      5.6574676      1.5059604      6.8183037    
  15780000   0.99646961     5.6773299      1.4946138      6.8228254    
  15790000   0.9997011      5.6482522      1.4994608      6.8244906    
  15800000   0.99507303     5.6524934      1.4925191      6.8263747    
  15810000   1.0004499      5.6341468      1.5005839      6.8161794    
  15820000   0.99902722     5.6576635      1.49845        6.8145121    
  15830000   1.0022543      5.6528861      1.5032903      6.8148912    
  15840000   1.0037542      5.6622146      1.5055401      6.8172225    
  15850000   0.99351391     5.6663614      1.4901806      6.8263885    
  15860000   1.0042736      5.6464165      1.5063192      6.8077603    
  15870000   0.99029183     5.6607431      1.4853477      6.82339      
  15880000   1.0117383      5.658487       1.5175155      6.8270503    
  15890000   1.01506        5.6540344      1.5224976      6.8218472    
  15900000   1.004924       5.6535461      1.5072947      6.8209927    
  15910000   0.99693242     5.649458       1.495308       6.8181318    
  15920000   1.0108312      5.6564243      1.516155       6.8094784    
  15930000   1.0105231      5.664477       1.5156928      6.8134274    
  15940000   1.0126161      5.6763773      1.5188321      6.8258589    
  15950000   0.99484521     5.675103       1.4921774      6.8340788    
  15960000   0.996058       5.6867341      1.4939964      6.8256417    
  15970000   0.99772672     5.6688172      1.4964994      6.8229557    
  15980000   0.99685242     5.6622386      1.495188       6.8183085    
  15990000   0.99694279     5.668303       1.4953236      6.8199264    
  16000000   0.99950812     5.6546327      1.4991713      6.8097468    
  16010000   1.0041582      5.6540224      1.506146       6.8051278    
  16020000   1.0007204      5.6458694      1.5009896      6.812268     
  16030000   0.99813986     5.6575363      1.4971191      6.8139169    
  16040000   0.99229523     5.6553899      1.4883526      6.8141978    
  16050000   0.9986217      5.6443936      1.4978418      6.8040167    
  16060000   0.99003585     5.6890103      1.4849638      6.8234277    
  16070000   1.0086095      5.6607492      1.5128225      6.8255822    
  16080000   0.99304604     5.6694542      1.4894788      6.8115558    
  16090000   1.0013889      5.6517209      1.5019923      6.8169485    
  16100000   1.0020595      5.6536384      1.5029981      6.8197676    
  16110000   0.99898247     5.6584708      1.4983829      6.8217361    
  16120000   0.99351486     5.6609419      1.490182       6.8114703    
  16130000   0.99880384     5.6416254      1.498115       6.8163275    
  16140000   0.99276837     5.6434369      1.4890623      6.818985     
  16150000   1.0055232      5.6385117      1.5081934      6.8220937    
  16160000   0.9979069      5.6518162      1.4967696      6.8170938    
  16170000   0.99574775     5.6457517      1.4935311      6.8184599    
  16180000   0.99700918     5.6479295      1.4954231      6.8132332    
  16190000   1.0043048      5.6534427      1.506366       6.8185938    
  16200000   1.0075907      5.6460634      1.5112944      6.8203347    
  16210000   0.99356434     5.662719       1.4902562      6.8213535    
  16220000   0.98781793     5.6723657      1.4816371      6.8140766    
  16230000   1.005113       5.6531219      1.5075782      6.8230796    
  16240000   1.0071935      5.652184       1.5106987      6.8072894    
  16250000   1.0021901      5.6538514      1.5031941      6.8120912    
  16260000   0.9989852      5.6560507      1.498387       6.8049802    
  16270000   1.0026278      5.6831463      1.5038506      6.822307     
  16280000   1.0020276      5.6925826      1.5029503      6.8330414    
  16290000   0.99942868     5.7047736      1.4990522      6.8234665    
  16300000   0.99940364     5.6831909      1.4990146      6.8190623    
  16310000   1.0044629      5.6661965      1.506603       6.8168903    
  16320000   1.0052536      5.6764869      1.507789       6.8185996    
  16330000   1.0008073      5.665012       1.50112        6.8146542    
  16340000   1.0065484      5.6633861      1.5097311      6.8202287    
  16350000   0.99907948     5.671929       1.4985284      6.82368      
  16360000   1.0023416      5.6829843      1.5034213      6.8262925    
  16370000   1.0052522      5.6615727      1.5077869      6.8306548    
  16380000   1.0016392      5.6596733      1.5023678      6.8135494    
  16390000   0.99509439     5.6668044      1.4925511      6.822653     
  16400000   0.9904542      5.6532358      1.4855913      6.8136392    
  16410000   0.9918797      5.6373826      1.4877294      6.8057116    
  16420000   0.98809067     5.6387965      1.4820462      6.8141118    
  16430000   0.99851727     5.650133       1.4976851      6.8119015    
  16440000   0.99050268     5.6736222      1.485664       6.8323613    
  16450000   1.0073089      5.6463879      1.5108717      6.8194535    
  16460000   0.99973934     5.6563988      1.4995181      6.817632     
  16470000   0.98441166     5.6724974      1.476528       6.8237115    
  16480000   1.0077383      5.6536259      1.5115158      6.8211       
  16490000   0.99338375     5.6548897      1.4899853      6.8138281    
  16500000   0.9999453      5.6563912      1.499827       6.8199414    
  16510000   0.99007419     5.6712751      1.4850213      6.8200261    
  16520000   1.0167238      5.660226       1.5249932      6.8152371    
  16530000   1.0021704      5.6737241      1.5031644      6.8217604    
  16540000   1.0102826      5.6530776      1.515332       6.811554     
  16550000   1.0082077      5.6621883      1.5122199      6.8194101    
  16560000   1.0008262      5.658998       1.5011483      6.8200517    
  16570000   1.0013961      5.6622633      1.5020031      6.8156188    
  16580000   0.99342691     5.6541861      1.4900501      6.8160369    
  16590000   0.99607084     5.6610955      1.4940157      6.8234064    
  16600000   1.0000284      5.6565882      1.4999516      6.8214522    
  16610000   0.99774521     5.6525356      1.4965271      6.822352     
  16620000   1.005826       5.6572727      1.5086476      6.827568     
  16630000   1.0148513      5.6717426      1.5221847      6.8224402    
  16640000   1.0050835      5.6787968      1.5075338      6.8176508    
  16650000   1.0028216      5.6627246      1.5041413      6.8241581    
  16660000   0.99912942     5.666663       1.4986033      6.8278713    
  16670000   0.99753135     5.6674939      1.4962063      6.8153943    
  16680000   1.0056398      5.6701178      1.5083682      6.8300442    
  16690000   0.99646473     5.6964146      1.4946065      6.8253095    
  16700000   0.99504878     5.6982831      1.4924827      6.82339      
  16710000   1.003277       5.690113       1.5048243      6.8273439    
  16720000   1.0199206      5.677138       1.5297881      6.8252968    
  16730000   1.0046957      5.6826683      1.5069522      6.816378     
  16740000   1.0042918      5.6606927      1.5063464      6.8218258    
  16750000   0.99761493     5.6831669      1.4963317      6.8260167    
  16760000   1.0015632      5.6880278      1.5022537      6.8198951    
  16770000   1.0062775      5.6737062      1.5093248      6.8313383    
  16780000   1.014069       5.6546934      1.5210113      6.8126786    
  16790000   1.0111767      5.6603823      1.5166732      6.8168956    
  16800000   0.99390047     5.6767068      1.4907604      6.8219716    
  16810000   0.99673369     5.6726383      1.4950099      6.8233399    
  16820000   1.0012335      5.6766148      1.5017592      6.8224803    
  16830000   0.99630091     5.6558327      1.4943608      6.8116404    
  16840000   1.0069144      5.6684487      1.5102801      6.8226216    
  16850000   0.99170308     5.6621279      1.4874645      6.8181763    
  16860000   0.99185448     5.6796756      1.4876916      6.8203987    
  16870000   0.99136761     5.6746345      1.4869613      6.8136875    
  16880000   1.0001692      5.6570724      1.5001628      6.8150182    
  16890000   1.0014308      5.6618838      1.5020551      6.8249249    
  16900000   0.99847989     5.6536144      1.4976291      6.8196201    
  16910000   0.99678464     5.6470504      1.4950863      6.8145633    
  16920000   0.99413524     5.667017       1.4911125      6.8162617    
  16930000   0.99257166     5.6528053      1.4887673      6.8122218    
  16940000   0.99863177     5.6360218      1.4978569      6.8194298    
  16950000   0.99584147     5.6574699      1.4936717      6.8196744    
  16960000   0.9911102      5.6592358      1.4865752      6.8175062    
  16970000   0.98831623     5.6885958      1.4823845      6.8188069    
  16980000   1.0031705      5.6778098      1.5046646      6.818298     
  16990000   1.0005012      5.668938       1.5006609      6.8196303    
  17000000   1.0038024      5.6609434      1.5056123      6.8141643    
  17010000   1.0042888      5.6686579      1.5063419      6.8238093    
  17020000   0.99238291     5.6740458      1.4884842      6.8179986    
  17030000   1.0016765      5.6586951      1.5024238      6.820834     
  17040000   1.0047923      5.6571674      1.5070971      6.8088197    
  17050000   1.0055467      5.6592978      1.5082287      6.8146747    
  17060000   1.0093194      5.6489372      1.5138873      6.8184633    
  17070000   1.0014377      5.6691734      1.5020656      6.8278632    
  17080000   1.000949       5.6719012      1.5013326      6.827641     
  17090000   1.0032531      5.6689555      1.5047884      6.8227245    
  17100000   1.0060931      5.6702483      1.5090483      6.8308988    
  17110000   0.99468581     5.6800381      1.4919383      6.8196334    
  17120000   0.99935075     5.6498553      1.4989353      6.8274946    
  17130000   0.9957847      5.6449918      1.4935865      6.8104204    
  17140000   0.99917214     5.649183       1.4986674      6.8063041    
  17150000   1.0039201      5.6483559      1.5057889      6.8233578    
  17160000   0.99359624     5.6694845      1.490304       6.8181029    
  17170000   0.99533091     5.6674544      1.4929059      6.8149685    
  17180000   0.99714826     5.6617474      1.4956317      6.8122977    
  17190000   0.99811417     5.6713949      1.4970805      6.822789     
  17200000   1.0065389      5.6594792      1.5097168      6.829961     
  17210000   1.0036285      5.6628808      1.5053514      6.820816     
  17220000   1.0020486      5.6632907      1.5029818      6.8264978    
  17230000   1.0025285      5.6718286      1.5037016      6.8235362    
  17240000   1.0081188      5.6513922      1.5120865      6.8033404    
  17250000   1.0006161      5.6602251      1.5008332      6.8097063    
  17260000   0.99603647     5.6572903      1.4939642      6.8256907    
  17270000   0.99808976     5.6562295      1.4970439      6.8133039    
  17280000   1.006237       5.645031       1.509264       6.811013     
  17290000   0.99332606     5.6633803      1.4898988      6.8143349    
  17300000   0.99710994     5.6623892      1.4955743      6.8088763    
  17310000   1.0045102      5.6565835      1.506674       6.8166322    
  17320000   1.0011197      5.6614023      1.5015886      6.8238583    
  17330000   1.0066413      5.6552592      1.5098705      6.8202653    
  17340000   1.0028093      5.653034       1.5041227      6.81142      
  17350000   1.0084433      5.6621427      1.5125733      6.8108687    
  17360000   0.99677059     5.6725452      1.4950653      6.8199487    
  17370000   1.001536       5.6604195      1.502213       6.8185248    
  17380000   1.0056584      5.6646212      1.5083962      6.8161877    
  17390000   0.9938745      5.6645544      1.4907214      6.8164332    
  17400000   0.9973381      5.677103       1.4959165      6.8198661    
  17410000   1.0096614      5.6426806      1.5144004      6.8176002    
  17420000   1.0031629      5.6589589      1.5046532      6.8122539    
  17430000   0.99684869     5.6642143      1.4951824      6.8171479    
  17440000   0.98838749     5.6774432      1.4824914      6.8156919    
  17450000   1.0133505      5.6484331      1.5199337      6.8128451    
  17460000   1.0090424      5.6835613      1.5134718      6.8233292    
  17470000   1.0057941      5.6779682      1.5085998      6.8198324    
  17480000   1.0111563      5.6775568      1.5166425      6.8265028    
  17490000   0.99773728     5.6802984      1.4965152      6.8260485    
  17500000   1.0000473      5.6768728      1.4999801      6.8212825    
  17510000   1.0006         5.664733       1.5008091      6.8230961    
  17520000   1.007136       5.6450129      1.5106124      6.8162621    
  17530000   0.99937212     5.6603383      1.4989673      6.8201401    
  17540000   1.0078105      5.6641302      1.5116242      6.8179057    
  17550000   1.0012423      5.6906947      1.5017725      6.8226216    
  17560000   1.0023952      5.6930239      1.5035016      6.8297975    
  17570000   1.0053619      5.6581778      1.5079514      6.8129903    
  17580000   0.9980242      5.6758795      1.4969456      6.8202947    
  17590000   0.99273544     5.6819245      1.4890129      6.8239374    
  17600000   0.9990338      5.6706258      1.4984599      6.8331287    
  17610000   0.9924201      5.682182       1.4885399      6.8280091    
  17620000   0.99798895     5.6614265      1.4968927      6.8249828    
  17630000   0.98575859     5.6789163      1.4785483      6.8209247    
  17640000   0.99970022     5.6571964      1.4994595      6.8248831    
  17650000   1.0028179      5.6553138      1.5041357      6.811324     
  17660000   0.9992477      5.6602508      1.4987807      6.8165373    
  17670000   1.0032775      5.6689768      1.5048251      6.822833     
  17680000   1.0055972      5.6706929      1.5083043      6.8168332    
  17690000   1.0024945      5.66008        1.5036505      6.8078045    
  17700000   1.0047135      5.6446534      1.506979       6.8247352    
  17710000   1.001107       5.6462431      1.5015694      6.8173723    
  17720000   0.99765279     5.6712819      1.4963885      6.8271965    
  17730000   0.98064626     5.6912778      1.4708802      6.8135194    
  17740000   1.0035832      5.6657329      1.5052835      6.8214793    
  17750000   0.99612812     5.6779523      1.4941016      6.8151732    
  17760000   0.99900779     5.6701425      1.4984209      6.8195275    
  17770000   1.001693       5.6781155      1.5024484      6.8264999    
  17780000   0.99046157     5.6909846      1.4856023      6.8177745    
  17790000   0.99562356     5.6794859      1.4933448      6.8258633    
  17800000   1.0063844      5.6636115      1.5094852      6.8251145    
  17810000   1.0004247      5.6669625      1.5005461      6.8150557    
  17820000   0.98527527     5.6749793      1.4778233      6.8157545    
  17830000   1.0070242      5.6334768      1.5104447      6.8107236    
  17840000   1.0052153      5.6551059      1.5077315      6.8231796    
  17850000   1.0056945      5.6595844      1.5084504      6.8139257    
  17860000   0.99242856     5.6541882      1.4885526      6.8104409    
  17870000   0.98801123     5.6384624      1.481927       6.8175381    
  17880000   0.99355581     5.632921       1.4902434      6.8126336    
  17890000   0.99383659     5.6406597      1.4906645      6.8120546    
  17900000   0.99333883     5.6464551      1.4899179      6.8164041    
  17910000   0.99977984     5.6438135      1.4995789      6.8149094    
  17920000   1.0018907      5.6601845      1.5027449      6.8144078    
  17930000   0.9945352      5.6425093      1.4917124      6.8160509    
  17940000   0.99484509     5.64897        1.4921772      6.8221519    
  17950000   0.98821234     5.6668783      1.4822287      6.8257518    
  17960000   0.99281933     5.644938       1.4891387      6.807765     
  17970000   1.0016935      5.6763663      1.5024492      6.8222428    
  17980000   0.99477201     5.7004202      1.4920676      6.8326794    
  17990000   1.0071302      5.679817       1.5106037      6.8264136    
  18000000   1.0015221      5.6939845      1.5021921      6.8164272    
  18010000   0.99363922     5.6709109      1.4903685      6.8167883    
  18020000   0.99147416     5.6725485      1.4871211      6.8190629    
  18030000   0.99581477     5.6494048      1.4936316      6.8233118    
  18040000   1.0055835      5.6596103      1.5082839      6.8205062    
  18050000   1.000963       5.6683806      1.5013535      6.8226311    
  18060000   1.0086764      5.6593265      1.5129228      6.8131553    
  18070000   1.0052848      5.6720893      1.5078358      6.8270962    
  18080000   0.99771751     5.681333       1.4964856      6.823841     
  18090000   0.9843524      5.6633204      1.4764391      6.8215497    
  18100000   0.99115256     5.6418874      1.4866387      6.8023062    
  18110000   1.0103406      5.65089        1.515419       6.8161584    
  18120000   0.99771898     5.6735698      1.4964878      6.8179135    
  18130000   1.0077566      5.6585198      1.5115432      6.8160794    
  18140000   1.0083558      5.6583498      1.512442       6.8236848    
  18150000   0.997974       5.6688826      1.4968703      6.8206559    
  18160000   1.0003605      5.6669416      1.5004497      6.8214087    
  18170000   1.0056061      5.6587442      1.5083177      6.8094195    
  18180000   0.99307815     5.6684843      1.4895269      6.8185956    
  18190000   0.99479086     5.669838       1.4920959      6.8273458    
  18200000   0.99374332     5.6764399      1.4905246      6.8256776    
  18210000   1.0035457      5.661362       1.5052274      6.820234     
  18220000   0.99927016     5.6731369      1.4988144      6.8232398    
  18230000   1.0084003      5.6622447      1.5125088      6.8242293    
  18240000   0.98803347     5.6773491      1.4819604      6.8322139    
  18250000   1.0028414      5.663067       1.5041709      6.8188645    
  18260000   1.0019231      5.6553507      1.5027936      6.8142513    
  18270000   1.0019679      5.6619841      1.5028608      6.8252135    
  18280000   0.99328239     5.6818113      1.4898333      6.8231922    
  18290000   1.005553       5.6689423      1.508238       6.8209158    
  18300000   0.99946903     5.6595559      1.4991127      6.8178909    
  18310000   1.0063083      5.6681651      1.5093709      6.8203374    
  18320000   1.0043631      5.6865849      1.5064533      6.8215236    
  18330000   1.0033284      5.6758716      1.5049014      6.8297739    
  18340000   0.99571065     5.6698534      1.4934755      6.819793     
  18350000   0.99208656     5.6737506      1.4880397      6.8156524    
  18360000   0.99096172     5.6699571      1.4863525      6.8164052    
  18370000   0.99761342     5.6728509      1.4963294      6.8198734    
  18380000   1.0019431      5.6677865      1.5028236      6.8211469    
  18390000   1.0024662      5.6682863      1.5036081      6.8190758    
  18400000   0.99612791     5.6709971      1.4941013      6.8123085    
  18410000   0.99174969     5.689281       1.4875344      6.8202023    
  18420000   1.0031931      5.673631       1.5046984      6.8247501    
  18430000   1.0038402      5.6651104      1.505669       6.8197123    
  18440000   1.0003951      5.6590679      1.5005017      6.8242684    
  18450000   0.99878357     5.6638956      1.4980846      6.8130269    
  18460000   0.99517696     5.6610431      1.492675       6.8186394    
  18470000   1.0065976      5.6598688      1.5098048      6.8251056    
  18480000   1.0109631      5.6640357      1.5163528      6.8162917    
  18490000   0.99958547     5.6804492      1.4992873      6.820095     
  18500000   0.99920542     5.6898218      1.4987173      6.8223782    
  18510000   1.0073105      5.6781853      1.5108742      6.8212946    
  18520000   0.99936416     5.6768063      1.4989554      6.8202234    
  18530000   1.0138961      5.6600085      1.5207519      6.8161439    
  18540000   1.0011138      5.6783716      1.5015797      6.8298105    
  18550000   0.99577294     5.6715669      1.4935689      6.8179584    
  18560000   0.99773737     5.674771       1.4965154      6.8190631    
  18570000   0.99018061     5.6873267      1.4851809      6.828842     
  18580000   1.0015697      5.6805055      1.5022636      6.8261393    
  18590000   0.99446781     5.6751398      1.4916113      6.8260829    
  18600000   0.99699855     5.6727033      1.4954072      6.8188994    
  18610000   1.0095493      5.6433595      1.5142322      6.8139785    
  18620000   0.99896463     5.6545563      1.4983561      6.8169628    
  18630000   0.99473407     5.6537614      1.4920107      6.8178927    
  18640000   1.0142904      5.6414769      1.5213435      6.8214846    
  18650000   1.0108873      5.6578721      1.516239       6.8314235    
  18660000   1.0019435      5.6790249      1.5028242      6.8206124    
  18670000   0.99523686     5.6803595      1.4927648      6.8218986    
  18680000   1.0137567      5.6491784      1.5205429      6.8114507    
  18690000   1.0083331      5.6409345      1.5124079      6.8095565    
  18700000   1.0024682      5.6647307      1.5036111      6.8167227    
  18710000   1.0002392      5.6640743      1.5002679      6.8224433    
  18720000   0.99573234     5.6630104      1.493508       6.8144241    
  18730000   0.99057301     5.6598566      1.4857695      6.8086328    
  18740000   0.99583868     5.6586189      1.4936675      6.8135515    
  18750000   0.99855108     5.6534088      1.4977358      6.8108526    
  18760000   1.0139825      5.6508841      1.5208815      6.8247       
  18770000   1.0097922      5.6694122      1.5145966      6.8221894    
  18780000   1.004441       5.6533232      1.5065701      6.8289489    
  18790000   0.99018806     5.6568709      1.4851921      6.8172116    
  18800000   0.99687924     5.6494329      1.4952282      6.8244807    
  18810000   0.9900296      5.6495126      1.4849544      6.8130088    
  18820000   0.98014557     5.6399995      1.4701292      6.8227528    
  18830000   0.99493998     5.6241554      1.4923195      6.815321     
  18840000   1.0003867      5.6339569      1.5004892      6.8112681    
  18850000   1.0040952      5.6441201      1.5060515      6.818695     
  18860000   0.99381136     5.6371451      1.4906267      6.8162328    
  18870000   0.99044309     5.6658452      1.4855746      6.8158009    
  18880000   1.0017768      5.6612356      1.5025741      6.8177281    
  18890000   1.0034706      5.6605051      1.5051146      6.8189082    
  18900000   0.99095378     5.6879541      1.4863406      6.8231853    
  18910000   1.0059682      5.664555       1.5088609      6.8230745    
  18920000   1.0035151      5.6511501      1.5051814      6.818884     
  18930000   0.98964131     5.660378       1.484372       6.8199819    
  18940000   1.0041069      5.6641558      1.5060691      6.8199734    
  18950000   1.0093523      5.664458       1.5139367      6.8162052    
  18960000   1.0031552      5.692472       1.5046417      6.8264984    
  18970000   1.0095669      5.6752352      1.5142586      6.8282143    
  18980000   1.0069063      5.6737761      1.510268       6.8141692    
  18990000   1.0048797      5.6731028      1.5072281      6.8115274    
  19000000   1.004867       5.6778287      1.5072091      6.8242788    
  19010000   1.006489       5.6759864      1.509642       6.8271602    
  19020000   1.0027247      5.6785399      1.5039959      6.8141466    
  19030000   0.99204407     5.6887307      1.4879759      6.8275982    
  19040000   0.99878241     5.6600535      1.4980828      6.814926     
  19050000   1.0010416      5.6841947      1.5014714      6.8146292    
  19060000   1.0052019      5.6699471      1.5077115      6.8198056    
  19070000   0.99970752     5.6846392      1.4994704      6.8164367    
  19080000   1.0034383      5.6736316      1.5050663      6.8192146    
  19090000   1.0053017      5.6829463      1.5078611      6.8264578    
  19100000   0.99940466     5.6718273      1.4990161      6.8237686    
  19110000   0.99367132     5.6674021      1.4904167      6.8157058    
  19120000   1.0003852      5.6744016      1.5004869      6.824193     
  19130000   0.99620512     5.6797738      1.4942171      6.8113882    
  19140000   1.0074509      5.6688793      1.5110847      6.8180065    
  19150000   1.0074028      5.6658041      1.5110126      6.8160895    
  19160000   1.0023645      5.6846844      1.5034557      6.8188831    
  19170000   1.0064023      5.6803163      1.509512       6.8270851    
  19180000   1.0110602      5.6646728      1.5164984      6.82991      
  19190000   0.99434061     5.6714387      1.4914205      6.8244585    
  19200000   0.98602151     5.6560436      1.4789426      6.8189132    
  19210000   0.99960721     5.6516205      1.4993199      6.8205357    
  19220000   1.0052727      5.6571353      1.5078176      6.8192585    
  19230000   1.0009896      5.667234       1.5013934      6.8223226    
  19240000   1.0055793      5.6424385      1.5082775      6.8109142    
  19250000   1.0068922      5.6484314      1.5102468      6.8144846    
  19260000   0.99637663     5.6862834      1.4944744      6.8291152    
  19270000   1.0067265      5.6577591      1.5099983      6.8160445    
  19280000   1.0061206      5.6753012      1.5090894      6.8187575    
  19290000   1.001184       5.6513701      1.5016849      6.8266749    
  19300000   1.0062672      5.6262009      1.5093093      6.8091754    
  19310000   0.9948643      5.6628154      1.492206       6.8158644    
  19320000   0.99717518     5.6645697      1.4956721      6.8170572    
  19330000   1.0021544      5.6564023      1.5031405      6.8186408    
  19340000   1.0045096      5.6651575      1.506673       6.8200532    
  19350000   1.0094731      5.6600424      1.5141178      6.8218824    
  19360000   1.0030335      5.6537412      1.504459       6.8200765    
  19370000   1.0056454      5.6534572      1.5083767      6.8329406    
  19380000   1.0103282      5.6582886      1.5154004      6.8180897    
  19390000   1.0008101      5.6653938      1.5011242      6.8256099    
  19400000   1.0079816      5.6775051      1.5118808      6.8217744    
  19410000   1.0145817      5.6490739      1.5217803      6.810978     
  19420000   1.0001676      5.6732401      1.5001604      6.8205808    
  19430000   1.0038396      5.6642177      1.5056682      6.816171     
  19440000   0.99835406     5.6508804      1.4974403      6.8195231    
  19450000   1.0074005      5.6516183      1.5110092      6.8183896    
  19460000   1.0146004      5.6557703      1.5218084      6.8131749    
  19470000   1.0106538      5.6534302      1.5158888      6.8167757    
  19480000   0.99120875     5.6661607      1.486723       6.8178112    
  19490000   0.99430914     5.66595        1.4913733      6.8217783    
  19500000   0.9907995      5.6777428      1.4861092      6.8301032    
  19510000   1.0002351      5.6463211      1.5002618      6.8140252    
  19520000   0.99297891     5.6603161      1.4893781      6.823647     
  19530000   0.99716667     5.6562606      1.4956593      6.8093899    
  19540000   1.0062021      5.6522171      1.5092116      6.8104482    
  19550000   1.0024648      5.6518546      1.5036061      6.8168324    
  19560000   0.99547045     5.6622827      1.4931152      6.8245769    
  19570000   0.99678711     5.6662204      1.49509        6.8208282    
  19580000   1.0147002      5.6575027      1.5219581      6.8166483    
  19590000   1.0083493      5.665198       1.5124322      6.8265991    
  19600000   1.0046472      5.6711839      1.5068795      6.8273709    
  19610000   0.99611685     5.678736       1.4940847      6.8191613    
  19620000   1.0034141      5.6749686      1.50503        6.8257246    
  19630000   1.0136464      5.6652986      1.5203774      6.8188853    
  19640000   1.0059875      5.669681       1.5088898      6.8268202    
  19650000   1.0105084      5.667355       1.5156707      6.818756     
  19660000   1.0031172      5.6595227      1.5045847      6.820079     
  19670000   0.99726295     5.6679746      1.4958038      6.8202707    
  19680000   0.99625531     5.6599198      1.4942924      6.8133826    
  19690000   1.0033766      5.6694751      1.5049736      6.8153934    
  19700000   1.0025699      5.6577724      1.5037637      6.82436      
  19710000   1.0099577      5.6606288      1.5148447      6.8176556    
  19720000   1.0026359      5.6638309      1.5038627      6.8201191    
  19730000   1.0006429      5.6597856      1.5008734      6.8237948    
  19740000   1.0051113      5.6527076      1.5075756      6.8243159    
  19750000   1.0076499      5.6527449      1.5113833      6.8118558    
  19760000   0.99719935     5.6615923      1.4957084      6.8240278    
  19770000   0.99370368     5.6671068      1.4904652      6.8157136    
  19780000   0.9983872      5.6594075      1.49749        6.8143161    
  19790000   0.99399527     5.6624802      1.4909025      6.8176489    
  19800000   1.0001595      5.6538385      1.5001484      6.8165582    
  19810000   0.9948413      5.6589661      1.4921715      6.8183587    
  19820000   0.99721557     5.6532418      1.4957327      6.8149624    
  19830000   0.98979785     5.6501267      1.4846068      6.8125281    
  19840000   0.9892551      5.6532887      1.4837927      6.8184301    
  19850000   1.0002031      5.6281933      1.5002137      6.8155645    
  19860000   0.99198629     5.6611564      1.4878893      6.8207478    
  19870000   1.0040779      5.6225253      1.5060256      6.820335     
  19880000   0.99850846     5.6325784      1.4976719      6.8168858    
  19890000   0.99809557     5.6447136      1.4970526      6.8137583    
  19900000   0.99354509     5.6484144      1.4902273      6.8173881    
  19910000   0.99129819     5.6460246      1.4868572      6.8262006    
  19920000   0.99405019     5.6428622      1.4909849      6.8138703    
  19930000   1.0026305      5.6411054      1.5038545      6.8140802    
  19940000   0.9975361      5.6507627      1.4962135      6.8173026    
  19950000   0.99500308     5.6653691      1.4924142      6.8224932    
  19960000   0.99101554     5.669068       1.4864332      6.819909     
  19970000   0.99595367     5.66756        1.49384        6.8264883    
  19980000   0.99736947     5.6683948      1.4959635      6.8165485    
  19990000   1.0044738      5.6633485      1.5066193      6.8161717    
  20000000   1.0017266      5.6631266      1.5024988      6.8172704    
  20010000   0.9869643      5.6693263      1.4803567      6.8206685    
  20020000   1.0024991      5.6530044      1.5036575      6.8138052    
  20030000   0.99220959     5.6690722      1.4882242      6.825885     
  20040000   0.99939926     5.6592587      1.499008       6.8188747    
  20050000   1.0049609      5.6545873      1.5073499      6.8094261    
  20060000   1.0083793      5.6545392      1.5124773      6.8239125    
  20070000   1.0014337      5.6515098      1.5020596      6.8293754    
  20080000   0.9959329      5.6500025      1.4938088      6.809457     
  20090000   0.99115226     5.6673238      1.4866383      6.8106556    
  20100000   1.0016668      5.6688463      1.5024092      6.8264714    
  20110000   0.99181391     5.6956788      1.4876307      6.827615     
Loop time of 247673 on 1 procs for 20000000 steps with 16500 atoms

Performance: 34884.649 tau/day, 80.752 timesteps/s
87.3% CPU use with 1 MPI tasks x 1 OpenMP threads

MPI task timing breakdown:
Section |  min time  |  avg time  |  max time  |%varavg| %total
---------------------------------------------------------------
Pair    | 1.3058e+05 | 1.3058e+05 | 1.3058e+05 |   0.0 | 52.72
Bond    | 8642.7     | 8642.7     | 8642.7     |   0.0 |  3.49
Neigh   | 83309      | 83309      | 83309      |   0.0 | 33.64
Comm    | 1859.3     | 1859.3     | 1859.3     |   0.0 |  0.75
Output  | 77.137     | 77.137     | 77.137     |   0.0 |  0.03
Modify  | 22109      | 22109      | 22109      |   0.0 |  8.93
Other   |            | 1098       |            |       |  0.44

Nlocal:          16500 ave       16500 max       16500 min
Histogram: 1 0 0 0 0 0 0 0 0 0
Nghost:           7684 ave        7684 max        7684 min
Histogram: 1 0 0 0 0 0 0 0 0 0
Neighs:         377881 ave      377881 max      377881 min
Histogram: 1 0 0 0 0 0 0 0 0 0

Total # of neighbors = 377881
Ave neighs/atom = 22.901879
Ave special neighs/atom = 1.8909091
Neighbor list builds = 1795217
Dangerous builds = 268019


write_data data*.xyz
System init for write_data ...
Generated 0 of 1 mixed pair_coeff terms from geometric mixing rule
WARNING: Not all mixed pair coeffs generated from mixing. Use write_data with 'pair ij' option to store all pair coeffs. (src/write_data.cpp:309)
write_restart 	restart.polymer_ring
System init for write_restart ...
Generated 0 of 1 mixed pair_coeff terms from geometric mixing rule

print "ALL done"
ALL done
Total wall time: 68:50:14
