
pair_style      lj/cut 4.0
pair_modify     shift yes
read_restart    prod.restart1
Reading restart file ...
  restart file = 23 Jun 2022, LAMMPS = 23 Jun 2022
  restoring atom style bond from restart
  orthogonal box = (-40 -40 -35) to (40 40 35)
  1 by 1 by 1 MPI processor grid
  restoring pair style lj/cut from restart
  restoring bond style fene from restart
  30000 atoms
  28800 bonds
Finding 1-2 1-3 1-4 neighbors ...
  special bond factors lj:    0        1        1       
  special bond factors coul:  0        1        1       
     2 = max # of 1-2 neighbors
     6 = max # of special neighbors
  special bonds CPU = 0.005 seconds
  read_restart CPU = 0.012 seconds

bond_style      fene
special_bonds   fene
bond_coeff      1 10.0 2.0 1.0 1.0

group polymerA type 1
15000 atoms in group polymerA
group polymerB type 2
15000 atoms in group polymerB
group receptorC type 3
0 atoms in group receptorC
group receptorD type 4
0 atoms in group receptorD
group polymer union polymerA polymerB
30000 atoms in group polymer
group ligand union receptorC receptorD
0 atoms in group ligand

# Polymer-Polymer
pair_coeff 1 1 0.5 1.0 2.5      # A-A
pair_coeff 2 2 0.5 1.0 2.5      # B-B
pair_coeff 1 2 0.4 1.0 2.5      # A-B

# Polymer-Receptor
pair_coeff 1 3 50.0 1.0 4.0     # A-C
pair_coeff 1 4 50.0 1.0 1.1225  # A-D
pair_coeff 2 3 50.0 1.0 1.1225  # B-C
pair_coeff 2 4 50.0 1.0 4.0     # B-D

# Receptor-Receptor
pair_coeff 3 3 1.0 1.0 1.1225
pair_coeff 4 4 1.0 1.0 1.1225
pair_coeff 3 4 1.0 1.0 1.1225

neighbor        1.0 bin

region upper_box block -40 40 -40 40 32.2 34.8
create_atoms 3 random 100 998273 upper_box   # receptor C
Created 100 atoms
  using lattice units in orthogonal box = (-40 -40 -35) to (40 40 35)
  create_atoms CPU = 0.000 seconds
create_atoms 4 random 100 123456 upper_box   # receptor D
Created 100 atoms
  using lattice units in orthogonal box = (-40 -40 -35) to (40 40 35)
  create_atoms CPU = 0.000 seconds

group receptorC type 3
100 atoms in group receptorC
group receptorD type 4
100 atoms in group receptorD
group ligand union receptorC receptorD
200 atoms in group ligand

fix wall_poly polymer wall/lj126 zlo -32 1.0 1.0 1.1225 zhi 32 1.0 1.0 1.1225

fix wall_lig ligand wall/lj126 zlo 32 1.0 1.0 1.1225 zhi 35 1.0 1.0 1.1225

#minimize 1.0e-4 1.0e-6 100 1000

fix 3 all nve/limit 0.01
run 10000
Generated 0 of 6 mixed pair_coeff terms from geometric mixing rule
Neighbor list info ...
  update every 1 steps, delay 10 steps, check yes
  max neighbors/atom: 2000, page size: 100000
  master list distance cutoff = 5
  ghost atom cutoff = 5
  binsize = 2.5, bins = 32 32 28
  1 neighbor lists, perpetual/occasional/extra = 1 0 0
  (1) pair lj/cut, perpetual
      attributes: half, newton on
      pair build: half/bin/newton
      stencil: half/bin/3d
      bin: standard
Per MPI rank memory allocation (min/avg/max) = 23.05 | 23.05 | 23.05 Mbytes
   Step          Temp          E_pair         E_mol          TotEng         Press     
     20000   0.9894267      3.61918        8.03603        13.139301      3.1262106    
     30000   0.24230504    -2.2111118      6.4223703      4.5747041      0.00095444537
Loop time of 151.847 on 1 procs for 10000 steps with 30200 atoms

Performance: 28449.601 tau/day, 65.856 timesteps/s
100.0% CPU use with 1 MPI tasks x 1 OpenMP threads

MPI task timing breakdown:
Section |  min time  |  avg time  |  max time  |%varavg| %total
---------------------------------------------------------------
Pair    | 133.18     | 133.18     | 133.18     |   0.0 | 87.70
Bond    | 3.1678     | 3.1678     | 3.1678     |   0.0 |  2.09
Neigh   | 12.008     | 12.008     | 12.008     |   0.0 |  7.91
Comm    | 0.17277    | 0.17277    | 0.17277    |   0.0 |  0.11
Output  | 0.00010118 | 0.00010118 | 0.00010118 |   0.0 |  0.00
Modify  | 2.5902     | 2.5902     | 2.5902     |   0.0 |  1.71
Other   |            | 0.7315     |            |       |  0.48

Nlocal:          30200 ave       30200 max       30200 min
Histogram: 1 0 0 0 0 0 0 0 0 0
Nghost:           2083 ave        2083 max        2083 min
Histogram: 1 0 0 0 0 0 0 0 0 0
Neighs:    2.04125e+06 ave 2.04125e+06 max 2.04125e+06 min
Histogram: 1 0 0 0 0 0 0 0 0 0

Total # of neighbors = 2041248
Ave neighs/atom = 67.590993
Ave special neighs/atom = 1.9072848
Neighbor list builds = 197
Dangerous builds = 0
unfix 3

fix 3 all nve
fix 4 all langevin 1 1 1.0 90428

thermo_style    custom step temp pe ke ebond
thermo_modify   flush yes
thermo          10000
timestep        0.005

dump 1 all custom 50000 file_trajectory.bin id type x y z xu yu zu vx vy vz

restart 100000 prod.restart2 prod.restart3
run 20000000
Generated 0 of 6 mixed pair_coeff terms from geometric mixing rule
Per MPI rank memory allocation (min/avg/max) = 26.97 | 26.97 | 26.97 Mbytes
   Step          Temp          PotEng         KinEng         E_bond    
     30000   0.24230504     4.2112585      0.36344553     6.4223703    
     40000   1.0031114      5.9586555      1.5046173      6.8825726    
     50000   1.0010298      6.0019002      1.501495       6.8779689    
     60000   1.0046584      6.0310511      1.5069376      6.8844222    
     70000   0.9995762      6.044182       1.4993146      6.8800801    
     80000   1.0014944      6.0461843      1.5021919      6.874401     
     90000   0.9970918      6.0577014      1.4955882      6.8836669    
    100000   1.0017186      6.065363       1.5025281      6.8821104    
    110000   0.99939163     6.0649059      1.4990378      6.8841044    
    120000   1.0024624      6.0542619      1.5036437      6.8784192    
    130000   1.0103426      6.0500689      1.5154637      6.8839861    
    140000   1.0013923      6.0639019      1.5020388      6.8856547    
    150000   0.99723759     6.061785       1.4958068      6.8829158    
    160000   1.0117638      6.0649094      1.5175954      6.8853083    
    170000   0.99957929     6.0519125      1.4993193      6.8801861    
    180000   0.99835051     6.0514169      1.4974762      6.8719363    
    190000   1.0009155      6.0655532      1.5013235      6.8784214    
    200000   0.99668763     6.0570658      1.4949819      6.8791312    
    210000   0.99744721     6.0541787      1.4961213      6.873389     
    220000   1.0004199      6.0673573      1.5005801      6.8847171    
    230000   0.99989107     6.0801962      1.4997869      6.8806203    
    240000   1.0007294      6.0779107      1.5010444      6.8804722    
    250000   1.0047138      6.0740299      1.5070207      6.8763906    
    260000   0.99704193     6.0675255      1.4955134      6.8792843    
    270000   1.0026787      6.0753091      1.5039683      6.8798032    
    280000   1.0004333      6.0778797      1.5006003      6.8781782    
    290000   1.0063722      6.0793871      1.5095083      6.8863323    
    300000   1.0018711      6.0822418      1.5027568      6.883235     
    310000   0.9941287      6.086565       1.4911437      6.8904752    
    320000   0.99316415     6.0814331      1.4896969      6.8832622    
    330000   0.99654336     6.0758241      1.4947655      6.8812842    
    340000   0.99782614     6.0849074      1.4966897      6.8782197    
    350000   0.99522824     6.0853461      1.4927929      6.8862882    
    360000   1.0009072      6.0776393      1.501311       6.884554     
    370000   1.0081518      6.0792844      1.5121776      6.8821206    
    380000   1.0022295      6.0724708      1.5032945      6.8809032    
    390000   0.99916765     6.0705001      1.4987019      6.8735614    
    400000   0.99713975     6.0790204      1.4956601      6.8777447    
    410000   1.0017096      6.0785876      1.5025146      6.8845399    
    420000   1.0010903      6.070123       1.5015857      6.8879329    
    430000   0.99996645     6.0638083      1.4999         6.8822139    
    440000   1.0080627      6.0687805      1.512044       6.8823562    
    450000   0.99802146     6.0763766      1.4969826      6.8872159    
    460000   1.0017656      6.0706756      1.5025986      6.8868103    
    470000   1.0002716      6.0718951      1.5003577      6.8866219    
    480000   0.99794108     6.0713364      1.496862       6.886108     
    490000   0.99855132     6.0728723      1.4977774      6.8790401    
    500000   0.99548912     6.0725425      1.4931842      6.885465     
    510000   1.0042006      6.0758043      1.5062511      6.8849572    
    520000   1.0033844      6.0742063      1.5050267      6.8843072    
    530000   1.0018793      6.0660733      1.5027692      6.8759066    
    540000   1.0029002      6.0470239      1.5043004      6.885952     
    550000   0.99485311     6.0657877      1.4922302      6.8799439    
    560000   1.0023271      6.0659033      1.5034409      6.8794948    
    570000   1.000764       6.0544865      1.5010963      6.8783848    
    580000   1.0033981      6.050321       1.5050473      6.8751487    
    590000   0.99701439     6.0633237      1.4954721      6.8830718    
    600000   1.0001777      6.0562777      1.5002168      6.885967     
    610000   1.0132685      6.0548684      1.5198524      6.8803418    
    620000   0.99939701     6.053809       1.4990459      6.8766728    
    630000   0.99865614     6.0635905      1.4979346      6.8808172    
    640000   0.99582478     6.0610109      1.4936877      6.8816185    
    650000   1.0037954      6.0611816      1.5056433      6.874505     
    660000   0.99740028     6.0583595      1.4960509      6.8807511    
    670000   0.99355517     6.0616783      1.4902834      6.8775211    
    680000   1.0008412      6.0705096      1.5012121      6.8845645    
    690000   1.0005618      6.0738225      1.500793       6.8914485    
    700000   1.0030184      6.048313       1.5044777      6.8755051    
    710000   0.99808945     6.0474723      1.4970846      6.8787341    
    720000   1.0018394      6.0648184      1.5027093      6.8823751    
    730000   0.99819008     6.070845       1.4972355      6.885929     
    740000   0.99889757     6.0589154      1.4982967      6.8795273    
    750000   1.0086066      6.0676103      1.5128598      6.8897445    
    760000   1.0062466      6.0490123      1.5093199      6.877972     
    770000   0.99607505     6.0563342      1.4940631      6.8863297    
    780000   1.0003179      6.0545185      1.5004271      6.882102     
    790000   1.0044998      6.0467514      1.5066999      6.8818763    
    800000   1.0011682      6.0495136      1.5017025      6.8765753    
    810000   1.0127068      6.0732947      1.5190099      6.8909918    
    820000   1.0068166      6.0649871      1.5101749      6.880058     
    830000   0.99522662     6.0534405      1.4927905      6.8835883    
    840000   0.99522165     6.0568768      1.492783       6.8895234    
    850000   1.0008098      6.054603       1.5011651      6.8806038    
    860000   0.99154159     6.0671922      1.4872631      6.8867273    
    870000   1.0025925      6.0392968      1.503839       6.8740772    
    880000   1.0102213      6.0639366      1.5152817      6.8898712    
    890000   1.0053324      6.0510524      1.5079487      6.8842793    
    900000   0.99551326     6.0461722      1.4932204      6.875729     
    910000   1.0040043      6.0541612      1.5059565      6.8788508    
    920000   1.0046736      6.0622711      1.5069605      6.8839405    
    930000   0.99295399     6.0599655      1.4893817      6.8789644    
    940000   0.99330262     6.0568984      1.4899046      6.8838268    
    950000   1.001384       6.0637249      1.5020262      6.8811386    
    960000   1.007747       6.063121       1.5115705      6.8803466    
    970000   1.0102869      6.0748192      1.5153801      6.8896552    
    980000   1.0021237      6.0524095      1.5031358      6.8751441    
    990000   0.99915898     6.0639796      1.4986888      6.8854768    
   1000000   1.0020968      6.0806791      1.5030954      6.8919627    
   1010000   0.99690985     6.0613014      1.4953153      6.883004     
   1020000   0.99818751     6.0596825      1.4972317      6.886067     
   1030000   0.99250307     6.0592256      1.4887053      6.8811839    
   1040000   0.99456152     6.0500671      1.4917929      6.8876493    
   1050000   1.0037208      6.0451145      1.5055313      6.8850166    
   1060000   1.0010793      6.0485016      1.5015692      6.8824064    
   1070000   1.002958       6.0513641      1.5043871      6.8804149    
   1080000   1.0038011      6.0563827      1.5056519      6.8819434    
   1090000   1.0000241      6.0565733      1.4999865      6.8900081    
   1100000   1.0076705      6.0378052      1.5114557      6.8743041    
   1110000   0.99508908     6.0444254      1.4925842      6.8756561    
   1120000   0.99972598     6.0444813      1.4995393      6.8802769    
   1130000   0.99123192     6.0494518      1.4867987      6.880212     
   1140000   0.99653289     6.0666581      1.4947498      6.8892245    
   1150000   1.0083973      6.0369428      1.5125459      6.8775674    
   1160000   0.98995586     6.0520786      1.4848846      6.8795912    
   1170000   1.0019741      6.0560992      1.5029115      6.8885489    
   1180000   0.99219496     6.0490989      1.4882432      6.8844739    
   1190000   1.004181       6.0472565      1.5062216      6.8789599    
   1200000   1.0052496      6.0570593      1.5078245      6.8832979    
   1210000   1.0013459      6.033055       1.5019691      6.8791509    
   1220000   0.99409129     6.0460054      1.4910876      6.8810016    
   1230000   0.99473306     6.0490428      1.4920502      6.8799218    
   1240000   0.99939333     6.0419925      1.4990404      6.8815888    
   1250000   1.0040803      6.0437947      1.5060705      6.8879266    
   1260000   0.99611688     6.048455       1.4941258      6.8849483    
   1270000   0.99988408     6.0427763      1.4997765      6.8773084    
   1280000   0.99579025     6.0453569      1.4936359      6.8797089    
   1290000   1.0005238      6.052041       1.500736       6.8815102    
   1300000   0.99905873     6.0529755      1.4985385      6.8829372    
   1310000   1.0092804      6.061018       1.5138704      6.8864633    
   1320000   1.005668       6.0540319      1.5084521      6.8856951    
   1330000   0.99817939     6.0405714      1.4972195      6.8765672    
   1340000   1.001051       6.0486646      1.5015268      6.8798653    
   1350000   0.98972754     6.0417863      1.4845422      6.8757748    
   1360000   0.99311491     6.0614656      1.489623       6.8876101    
   1370000   0.99861988     6.051135       1.4978802      6.8734897    
   1380000   1.0085182      6.0598445      1.5127272      6.8842563    
   1390000   0.99764963     6.0638239      1.4964249      6.8850521    
   1400000   0.99977888     6.0290808      1.4996187      6.875463     
   1410000   0.99473529     6.0629295      1.4920535      6.8827194    
   1420000   0.9963819      6.0686379      1.4945234      6.8841772    
   1430000   1.007688       6.0572923      1.511482       6.8833746    
   1440000   1.015958       6.0594607      1.5238866      6.8828782    
   1450000   0.99495006     6.0732468      1.4923757      6.8834453    
   1460000   1.0130918      6.0763854      1.5195873      6.889422     
   1470000   0.99773209     6.0701621      1.4965486      6.8792292    
   1480000   0.99711112     6.0707411      1.4956172      6.8813251    
   1490000   1.0008483      6.070763       1.5012227      6.8866742    
   1500000   1.0072516      6.0711567      1.5108274      6.8862232    
   1510000   1.0020276      6.0714038      1.5029916      6.8860146    
   1520000   1.0009907      6.0680481      1.5014364      6.8845103    
   1530000   0.9981606      6.0647759      1.4971913      6.876596     
   1540000   0.99406368     6.0769723      1.4910461      6.887661     
   1550000   0.99572881     6.0726055      1.4935438      6.8844729    
   1560000   0.99307682     6.0756961      1.4895659      6.8906788    
   1570000   0.9938978      6.0689862      1.4907973      6.8912953    
   1580000   1.0007607      6.0618537      1.5010914      6.8873609    
   1590000   1.0017766      6.0615104      1.5026151      6.8826634    
   1600000   0.99908854     6.0556013      1.4985832      6.8810859    
   1610000   0.99929784     6.0676356      1.4988971      6.8828122    
   1620000   0.99511692     6.0679651      1.492626       6.8858846    
   1630000   0.99835499     6.0572943      1.4974829      6.8825273    
   1640000   1.0009772      6.0401501      1.501416       6.880454     
   1650000   1.0009393      6.0546824      1.5013592      6.8831133    
   1660000   1.0066861      6.056605       1.5099792      6.8821609    
   1670000   1.0027942      6.0585305      1.5041415      6.8810113    
   1680000   1.0009293      6.0529302      1.5013442      6.8776916    
   1690000   0.99345889     6.0643799      1.490139       6.887169     
   1700000   0.99463231     6.0568833      1.4918991      6.8813545    
   1710000   0.99226823     6.0428516      1.4883531      6.8811218    
   1720000   0.99538493     6.0572871      1.493028       6.8872718    
   1730000   0.99824614     6.0649189      1.4973196      6.8811413    
   1740000   0.99617417     6.0543701      1.4942118      6.8847661    
   1750000   1.0005774      6.0508152      1.5008165      6.8761651    
   1760000   0.99665212     6.0617579      1.4949287      6.8909956    
   1770000   1.0051675      6.0507559      1.5077013      6.8767601    
   1780000   1.0094015      6.0541261      1.5140522      6.8764011    
   1790000   0.99632203     6.0714281      1.4944336      6.8898156    
   1800000   0.9955236      6.0532564      1.493236       6.879686     
   1810000   1.0126779      6.0464459      1.5189665      6.883152     
   1820000   1.0053545      6.0727233      1.5079819      6.8891983    
   1830000   1.0087677      6.0630454      1.5131014      6.8836117    
   1840000   0.997649       6.0593179      1.496424       6.8883269    
   1850000   0.99587981     6.0612415      1.4937702      6.8812994    
   1860000   1.0014644      6.0432592      1.5021468      6.8770597    
   1870000   1.0034398      6.0599077      1.5051098      6.8833053    
   1880000   0.99467145     6.0571985      1.4919578      6.878849     
   1890000   0.99942009     6.0519478      1.4990805      6.8860695    
   1900000   1.0011653      6.0525444      1.5016982      6.8842268    
   1910000   1.0052576      6.0603314      1.5078365      6.8837262    
   1920000   0.99854655     6.0660165      1.4977702      6.8837767    
   1930000   1.0017014      6.064949       1.5025023      6.8838003    
   1940000   0.98887801     6.0606937      1.4832679      6.8801263    
   1950000   0.99825878     6.0651025      1.4973386      6.8803958    
   1960000   1.0028952      6.0619372      1.5042929      6.8877174    
   1970000   1.0043646      6.0523021      1.506497       6.8766074    
   1980000   0.98804271     6.0559079      1.482015       6.8800199    
   1990000   1.0026431      6.0462383      1.5039149      6.8747334    
   2000000   0.99198926     6.0734537      1.4879346      6.8885909    
   2010000   1.0028844      6.0607161      1.5042768      6.8810866    
   2020000   0.99769882     6.0569231      1.4964987      6.8816975    
   2030000   1.0064741      6.0548701      1.5096612      6.8804317    
   2040000   1.0014796      6.0641495      1.5021696      6.8900403    
   2050000   0.99528685     6.0640033      1.4928808      6.8859638    
   2060000   1.004936       6.0573218      1.507354       6.8792428    
   2070000   1.006883       6.0629527      1.5102745      6.8897872    
   2080000   1.003912       6.0464276      1.5058181      6.8746462    
   2090000   1.0061071      6.0553252      1.5091107      6.8889305    
   2100000   1.0047671      6.0595518      1.5071008      6.8858145    
   2110000   0.99471167     6.0679339      1.4920181      6.8857627    
   2120000   1.0115002      6.0564758      1.5172001      6.886978     
   2130000   0.99223487     6.0493983      1.488303       6.8780763    
   2140000   0.99048116     6.057228       1.4856725      6.8739266    
   2150000   0.99789152     6.0683202      1.4967877      6.8885602    
   2160000   1.0055048      6.0625764      1.5082072      6.8824778    
   2170000   0.99532143     6.0675126      1.4929327      6.8805311    
   2180000   1.0078217      6.0659023      1.5116825      6.8797252    
   2190000   0.99362996     6.0721881      1.4903956      6.8889753    
   2200000   0.99640877     6.0600789      1.4945637      6.8853897    
   2210000   1.00563        6.0533275      1.508395       6.8915203    
   2220000   0.99557295     6.0454532      1.49331        6.8800343    
   2230000   1.0091545      6.0552594      1.5136816      6.8810675    
   2240000   1.0047964      6.0592689      1.5071446      6.8909994    
   2250000   0.99856738     6.0607751      1.4978015      6.8863639    
   2260000   0.99637003     6.0503872      1.4945056      6.887798     
   2270000   1.0045445      6.0444106      1.5067668      6.8825752    
   2280000   1.0096303      6.0532395      1.5143954      6.8781553    
   2290000   1.0028156      6.057666       1.5041736      6.882471     
   2300000   1.0013994      6.0618539      1.5020494      6.8832658    
   2310000   1.0042451      6.0651183      1.5063178      6.8874049    
   2320000   1.0000845      6.053797       1.5000771      6.8839856    
   2330000   0.99768087     6.0369402      1.4964718      6.8753141    
   2340000   1.0096262      6.0555488      1.5143891      6.8864118    
   2350000   0.99864134     6.051266       1.4979124      6.8828389    
   2360000   0.99380279     6.0506197      1.4906548      6.8801553    
   2370000   0.9919427      6.0502768      1.4878648      6.8818395    
   2380000   0.99780592     6.047175       1.4966593      6.8882489    
   2390000   0.99794856     6.0450091      1.4968733      6.8783413    
   2400000   0.99999515     6.0704748      1.4999431      6.8925098    
   2410000   0.99611798     6.0540123      1.4941275      6.8793971    
   2420000   1.0024984      6.0513661      1.5036978      6.87988      
   2430000   0.99729956     6.0552114      1.4958998      6.8881816    
   2440000   0.99919562     6.0599814      1.4987438      6.8888022    
   2450000   0.99964687     6.0494014      1.4994206      6.8881334    
   2460000   1.0029314      6.0504556      1.5043474      6.8821815    
   2470000   0.99781653     6.0389118      1.4966752      6.8753533    
   2480000   1.001936       6.0550326      1.5028543      6.882572     
   2490000   1.0027376      6.0486061      1.5040566      6.8788264    
   2500000   0.99965039     6.0499293      1.4994259      6.8807299    
   2510000   1.0036143      6.0570599      1.5053716      6.8796028    
   2520000   0.99931638     6.0587854      1.4989249      6.8868806    
   2530000   0.99859118     6.0565449      1.4978372      6.8918114    
   2540000   1.0080234      6.0461837      1.5119851      6.8785634    
   2550000   0.99601907     6.0450575      1.4939791      6.8812018    
   2560000   0.99827083     6.0320518      1.4973567      6.8771474    
   2570000   1.0009696      6.0527679      1.5014046      6.8861612    
   2580000   1.0038786      6.0405277      1.5057681      6.8729286    
   2590000   0.9911495      6.0528828      1.486675       6.8880078    
   2600000   1.0046968      6.0519446      1.5069952      6.884811     
   2610000   1.0029645      6.0385448      1.5043969      6.8798928    
   2620000   1.0079717      6.0560911      1.5119074      6.8854664    
   2630000   1.0034494      6.0585665      1.5051243      6.8878689    
   2640000   0.99854539     6.0518968      1.4977685      6.8759007    
   2650000   1.0059121      6.0351289      1.5088181      6.8758004    
   2660000   0.9973175      6.0477679      1.4959267      6.8871381    
   2670000   1.0026012      6.0403071      1.503852       6.8753649    
   2680000   0.99732923     6.0483089      1.4959443      6.8805574    
   2690000   1.0013597      6.0539123      1.5019898      6.8835822    
   2700000   1.0039019      6.0520641      1.505803       6.8847727    
   2710000   1.0065224      6.0506636      1.5097336      6.8794084    
   2720000   1.0016735      6.0476488      1.5024605      6.8908323    
   2730000   0.9979545      6.0341784      1.4968822      6.8809732    
   2740000   0.99025576     6.0345043      1.4853345      6.8740017    
   2750000   0.99832563     6.0373809      1.4974389      6.8836808    
   2760000   1.0100747      6.0284961      1.5150619      6.8736452    
   2770000   1.0042899      6.0441742      1.506385       6.8790152    
   2780000   0.99905777     6.0316311      1.498537       6.8785567    
   2790000   1.0073212      6.0392845      1.5109317      6.8918056    
   2800000   0.99364903     6.0266062      1.4904242      6.8831127    
   2810000   1.008215       6.0233817      1.5122724      6.8825677    
   2820000   0.98908672     6.0102452      1.4835809      6.8662646    
   2830000   1.0051045      6.0188994      1.5076068      6.8724782    
   2840000   1.0078798      6.033586       1.5117697      6.8888732    
   2850000   1.005737       6.0270579      1.5085555      6.8781243    
   2860000   0.99941449     6.0265882      1.4990721      6.8830968    
   2870000   0.9969312      6.0416897      1.4953473      6.8830416    
   2880000   0.99942618     6.0272804      1.4990896      6.8789599    
   2890000   0.99454083     6.0264696      1.4917618      6.8824481    
   2900000   1.0043839      6.0338802      1.506526       6.8823177    
   2910000   0.99949166     6.0428783      1.4991878      6.8839063    
   2920000   1.0002838      6.0330525      1.500376       6.8824369    
   2930000   1.0028746      6.0187989      1.5042622      6.8791658    
   2940000   1.0060139      6.0244505      1.5089709      6.8783192    
   2950000   1.004702       6.0346351      1.5070031      6.8863468    
   2960000   0.99675359     6.0285921      1.4950809      6.8846971    
   2970000   0.99153436     6.0299197      1.4872523      6.8811844    
   2980000   0.99533673     6.0501892      1.4929557      6.8932498    
   2990000   1.005183       6.046073       1.5077245      6.8836197    
   3000000   0.99546119     6.0533302      1.4931423      6.883008     
   3010000   0.99400956     6.0500198      1.490965       6.8873685    
   3020000   1.002968       6.0380544      1.5044021      6.8877008    
   3030000   0.99371219     6.0395445      1.4905189      6.8853872    
   3040000   0.99577918     6.0425601      1.4936193      6.8803522    
   3050000   1.0036241      6.0445683      1.5053863      6.8827106    
   3060000   0.99643822     6.0620787      1.4946078      6.8882348    
   3070000   0.99476644     6.0489602      1.4921003      6.8848557    
   3080000   1.0057893      6.0288656      1.5086339      6.8785581    
   3090000   1.0004553      6.0406533      1.5006333      6.8730795    
   3100000   0.99230405     6.0408587      1.4884068      6.8758626    
   3110000   0.99681442     6.0324957      1.4951721      6.8786916    
   3120000   1.0005751      6.0493082      1.500813       6.8884642    
   3130000   0.99340405     6.0361033      1.4900567      6.8764232    
   3140000   0.99525205     6.0357688      1.4928286      6.8795539    
   3150000   1.004817       6.0255599      1.5071755      6.8773794    
   3160000   1.0050371      6.0269275      1.5075058      6.8776057    
   3170000   1.0002507      6.0562964      1.5003263      6.8969369    
   3180000   0.99988415     6.0325817      1.4997766      6.881992     
   3190000   1.0011177      6.0416844      1.5016269      6.8859327    
   3200000   0.99713813     6.0245181      1.4956577      6.8801929    
   3210000   1.0006243      6.0325725      1.5008867      6.8814788    
   3220000   1.0017345      6.035595       1.502552       6.8828121    
   3230000   0.99620367     6.036539       1.494256       6.8814437    
   3240000   0.99623623     6.0253184      1.4943049      6.8822973    
   3250000   0.9947463      6.0341733      1.49207        6.8871463    
   3260000   0.99385907     6.0203869      1.4907392      6.8818723    
   3270000   0.99245402     6.0441075      1.4886317      6.8818565    
   3280000   1.0014322      6.0357425      1.5020985      6.8841042    
   3290000   0.99842565     6.0374663      1.4975889      6.8801684    
   3300000   1.006445       6.0360452      1.5096175      6.888404     
   3310000   0.9989519      6.0330135      1.4983782      6.8792831    
   3320000   1.0103818      6.0352454      1.5155225      6.8853117    
   3330000   1.0058809      6.0195783      1.5087713      6.8795324    
   3340000   0.99842101     6.0295018      1.4975819      6.8864859    
   3350000   1.0038458      6.0326564      1.5057188      6.8782747    
   3360000   0.99667836     6.0307044      1.494968       6.880165     
   3370000   1.0015756      6.0227235      1.5023137      6.8790193    
   3380000   0.9976286      6.0386859      1.4963933      6.8889999    
   3390000   1.0066597      6.0277393      1.5099396      6.8833317    
   3400000   0.99311533     6.0430373      1.4896237      6.8806756    
   3410000   1.0063862      6.0327471      1.5095294      6.881147     
   3420000   1.0042213      6.0408623      1.5062821      6.8848933    
   3430000   0.9951426      6.044553       1.4926645      6.8860368    
   3440000   0.99914854     6.0307264      1.4986732      6.8815911    
   3450000   1.0042747      6.0361087      1.5063622      6.8855489    
   3460000   1.002859       6.0474822      1.5042386      6.8828698    
   3470000   0.99679663     6.0336876      1.4951454      6.8843791    
   3480000   0.99788805     6.0232143      1.4967825      6.8755821    
   3490000   1.0030171      6.0364869      1.5044759      6.8798019    
   3500000   1.0078327      6.0298526      1.5116989      6.8803707    
   3510000   1.0042329      6.0271523      1.5062994      6.8804622    
   3520000   1.0013976      6.0296437      1.5020467      6.8834168    
   3530000   1.0044205      6.0170391      1.5065809      6.8821643    
   3540000   0.99020561     6.0381852      1.4852592      6.8858607    
   3550000   0.99363222     6.0338275      1.490399       6.8830375    
   3560000   0.9975583      6.0413697      1.4962879      6.8819648    
   3570000   1.0004858      6.0249029      1.500679       6.875458     
   3580000   0.99496351     6.0204442      1.4923958      6.8791747    
   3590000   0.99933513     6.0186575      1.4989531      6.8819795    
   3600000   0.99352108     6.0292583      1.4902323      6.8856487    
   3610000   0.99717112     6.016159       1.4957072      6.8771804    
   3620000   0.99913269     6.0259397      1.4986494      6.8830373    
   3630000   0.99428421     6.0104254      1.4913769      6.8813043    
   3640000   0.99819038     6.0128729      1.497236       6.8827544    
   3650000   1.0055317      6.0178686      1.5082475      6.8834282    
   3660000   0.99930596     6.0055464      1.4989093      6.8763698    
   3670000   1.0084917      6.0125096      1.5126875      6.8833082    
   3680000   0.99990003     6.0138837      1.4998004      6.8778424    
   3690000   0.9955295      6.0259083      1.4932448      6.8855843    
   3700000   1.0001332      6.0387945      1.5001502      6.8886697    
   3710000   0.99038823     6.0205149      1.4855332      6.8816812    
   3720000   0.99839913     6.0367069      1.4975491      6.8875596    
   3730000   0.99576275     6.0323949      1.4935947      6.8848913    
   3740000   1.006951       6.0313949      1.5103765      6.8807684    
   3750000   0.99890013     6.0302146      1.4983006      6.8814349    
   3760000   0.99679453     6.0360531      1.4951423      6.8809921    
   3770000   1.0060387      6.0411443      1.5090081      6.8830363    
   3780000   1.0021318      6.0293501      1.5031479      6.8851482    
   3790000   0.99291743     6.027207       1.4893268      6.8796596    
   3800000   1.0032221      6.0261149      1.5047833      6.8827145    
   3810000   1.0030587      6.02724        1.5045382      6.8833879    
   3820000   1.0004507      6.0239389      1.5006263      6.882288     
   3830000   1.0117753      6.0274886      1.5176127      6.8742042    
   3840000   0.99710615     6.0161954      1.4956097      6.872027     
   3850000   0.99946582     6.0267542      1.4991491      6.8802835    
   3860000   1.000493       6.025678       1.5006898      6.8795898    
   3870000   1.0125252      6.0113839      1.5187374      6.8774142    
   3880000   1.0030174      6.0289663      1.5044763      6.8866596    
   3890000   1.0005597      6.0214017      1.5007898      6.8717702    
   3900000   1.0071436      6.0242939      1.5106654      6.8859609    
   3910000   0.99631529     6.023491       1.4944234      6.88619      
   3920000   0.99698397     6.0294122      1.4954264      6.8838845    
   3930000   0.99922183     6.0306816      1.4987831      6.88203      
   3940000   1.0001838      6.0337572      1.5002261      6.8808595    
   3950000   1.0054286      6.0461484      1.5080929      6.8941306    
   3960000   1.0054184      6.0255576      1.5080777      6.8803195    
   3970000   0.99765065     6.0277467      1.4964264      6.8732862    
   3980000   0.99929723     6.0169112      1.4988962      6.8664787    
   3990000   1.0059552      6.0217005      1.5088829      6.874595     
   4000000   1.0113292      6.0434824      1.5169436      6.8805359    
   4010000   0.99816531     6.0345083      1.4971984      6.8745671    
   4020000   1.0043097      6.036706       1.5064147      6.8839912    
   4030000   1.0022633      6.0231649      1.5033452      6.8784632    
   4040000   0.99824248     6.0199888      1.4973141      6.8752303    
   4050000   0.99578756     6.0320476      1.4936319      6.8809753    
   4060000   0.99002657     6.0337488      1.4849907      6.8894031    
   4070000   1.0027982      6.0346812      1.5041475      6.8902681    
   4080000   1.0035518      6.026225       1.5052778      6.8834889    
   4090000   1.0005825      6.0322306      1.500824       6.880549     
   4100000   0.99058655     6.029214       1.4858306      6.8806622    
   4110000   0.99258863     6.0256214      1.4888336      6.8810962    
   4120000   1.0041273      6.0274482      1.506141       6.8816873    
   4130000   0.99872916     6.044919       1.4980441      6.8876423    
   4140000   1.0012886      6.0298373      1.5018832      6.8790787    
   4150000   1.0092817      6.0274684      1.5138724      6.8805635    
   4160000   1.0018192      6.0301154      1.502679       6.8811557    
   4170000   0.99463191     6.0215283      1.4918985      6.8821112    
   4180000   1.0065323      6.028219       1.5097485      6.876623     
   4190000   0.99260492     6.0180698      1.4888581      6.8762811    
   4200000   1.0060473      6.0237241      1.509021       6.8723063    
   4210000   0.99823285     6.0380163      1.4972997      6.8814521    
   4220000   0.99996875     6.0268263      1.4999035      6.8784142    
   4230000   1.0038508      6.0248617      1.5057263      6.8769987    
   4240000   0.99940755     6.0333448      1.4990617      6.884624     
   4250000   0.99544278     6.0460838      1.4931147      6.8927155    
   4260000   0.99488841     6.0406301      1.4922832      6.8838915    
   4270000   1.0055785      6.0441491      1.5083179      6.8944247    
   4280000   0.99170966     6.0309924      1.4875152      6.8794281    
   4290000   0.98736081     6.0374946      1.4809922      6.8815187    
   4300000   1.0031122      6.0218706      1.5046184      6.8782419    
   4310000   1.0038905      6.0262079      1.5057859      6.8844381    
   4320000   0.99448424     6.0354573      1.491677       6.8891484    
   4330000   0.99663792     6.0375008      1.4949074      6.8829209    
   4340000   0.99920008     6.0364218      1.4987505      6.8874715    
   4350000   0.99794042     6.0359589      1.4968611      6.8820294    
   4360000   0.99554505     6.0279095      1.4932681      6.8769311    
   4370000   1.0100107      6.0447757      1.5149658      6.8866778    
   4380000   0.99071885     6.0187756      1.4860291      6.8789525    
   4390000   1.0084596      6.0309117      1.5126393      6.8864637    
   4400000   0.99399776     6.0419718      1.4909473      6.8896661    
   4410000   1.0024585      6.0383219      1.5036379      6.8881631    
   4420000   1.0021808      6.0457629      1.5032214      6.8841557    
   4430000   0.9927148      6.0303825      1.4890229      6.8791741    
   4440000   0.99897942     6.0405826      1.4984195      6.8805406    
   4450000   0.99984656     6.0364073      1.4997202      6.8843066    
   4460000   0.99703358     6.028202       1.4955008      6.881968     
   4470000   0.99189778     6.0412744      1.4877974      6.891925     
   4480000   0.99661866     6.0122354      1.4948785      6.870056     
   4490000   1.0067609      6.0187591      1.5100913      6.8831269    
   4500000   0.99827608     6.0201099      1.4973645      6.8812364    
   4510000   0.99763955     6.0293448      1.4964098      6.8878064    
   4520000   1.0110264      6.036435       1.5164894      6.8863926    
   4530000   0.99203157     6.028847       1.4879981      6.8820042    
   4540000   1.0087701      6.0236355      1.5131051      6.8734806    
   4550000   0.98531695     6.0223671      1.4779265      6.8814905    
   4560000   1.0018475      6.018777       1.5027215      6.8834555    
   4570000   1.0000995      6.0391341      1.5000995      6.8897738    
   4580000   0.99519557     6.0298728      1.4927439      6.8809196    
   4590000   1.0069042      6.0271704      1.5103063      6.8836221    
   4600000   0.99330701     6.0224102      1.4899112      6.8874841    
   4610000   1.0009785      6.0381656      1.501418       6.8810089    
   4620000   1.0003834      6.0256631      1.5005254      6.8774903    
   4630000   1.0002504      6.0323153      1.500326       6.8811839    
   4640000   0.99660611     6.0326242      1.4948597      6.8813386    
   4650000   1.0017558      6.0359094      1.5025839      6.8870304    
   4660000   0.99761871     6.0247345      1.4963785      6.8829659    
   4670000   0.99810465     6.0510908      1.4971074      6.8932488    
   4680000   0.99671371     6.0363885      1.4950211      6.8762667    
   4690000   1.0064293      6.0277775      1.509594       6.8747886    
   4700000   0.99850716     6.0421101      1.4977112      6.8865066    
   4710000   1.0016643      6.0345942      1.5024467      6.8896981    
   4720000   1.0011109      6.0426333      1.5016167      6.8844051    
   4730000   1.0018935      6.0219465      1.5027905      6.8815501    
   4740000   0.99862707     6.0215276      1.497891       6.8758255    
   4750000   0.99888459     6.0325458      1.4982773      6.8778619    
   4760000   0.99981679     6.0240095      1.4996755      6.8790958    
   4770000   0.99706502     6.0267594      1.495548       6.8845988    
   4780000   0.99817281     6.0364046      1.4972096      6.8839073    
   4790000   1.0044873      6.0320634      1.5066811      6.8834003    
   4800000   1.0026435      6.0356468      1.5039155      6.8775961    
   4810000   1.0019176      6.0433102      1.5028267      6.8901773    
   4820000   0.99673829     6.0429725      1.4950579      6.881901     
   4830000   1.0047178      6.026477       1.5070268      6.8772614    
   4840000   1.0051095      6.0348332      1.5076143      6.8787078    
   4850000   1.0037373      6.0483668      1.505556       6.8882651    
   4860000   1.0003886      6.0506474      1.5005332      6.8864611    
   4870000   0.99102527     6.0449444      1.4864887      6.8812381    
   4880000   0.99934448     6.0434518      1.4989671      6.8902586    
   4890000   0.99749276     6.0459582      1.4961896      6.8837409    
   4900000   0.99431474     6.0391448      1.4914227      6.879754     
   4910000   1.0015408      6.0366548      1.5022615      6.8741799    
   4920000   1.0005044      6.049335       1.500707       6.8874792    
   4930000   1.0009568      6.0449411      1.5013855      6.8801897    
   4940000   1.0039419      6.0413314      1.505863       6.8797771    
   4950000   1.0040586      6.0552727      1.5060381      6.8850276    
   4960000   0.99631137     6.0484203      1.4944176      6.8883347    
   4970000   0.99653649     6.0586183      1.4947552      6.8794798    
   4980000   0.99765601     6.0459019      1.4964345      6.8839748    
   4990000   1.0044152      6.0582472      1.5065729      6.8872838    
   5000000   0.99753707     6.0521057      1.4962561      6.8872634    
   5010000   1.0021106      6.0403136      1.5031161      6.8841832    
   5020000   1.0011173      6.0348745      1.5016262      6.8757482    
   5030000   0.99612889     6.0271313      1.4941439      6.8817442    
   5040000   1.0100536      6.0342853      1.5150302      6.8805669    
   5050000   1.0106073      6.0366917      1.5158608      6.8783706    
   5060000   1.0012769      6.0335939      1.5018657      6.8821941    
   5070000   1.0040725      6.0388297      1.5060588      6.8847561    
   5080000   0.99297688     6.0281505      1.489416       6.8741147    
   5090000   0.99313361     6.024561       1.4896511      6.87834      
   5100000   0.99758751     6.0442487      1.4963317      6.882348     
   5110000   1.0008891      6.0322446      1.501284       6.8743528    
   5120000   0.99464329     6.0295649      1.4919155      6.882539     
   5130000   0.99343833     6.0340764      1.4901082      6.8860061    
   5140000   0.996231       6.037628       1.494297       6.886963     
   5150000   1.000048       6.0281324      1.5000223      6.8786681    
   5160000   1.006113       6.0268283      1.5091195      6.8902497    
   5170000   1.0014354      6.0419157      1.5021034      6.8848677    
   5180000   0.99644972     6.0374165      1.4946251      6.8822329    
   5190000   1.0013395      6.0300665      1.5019595      6.880491     
   5200000   0.99784971     6.0360723      1.496725       6.8850322    
   5210000   0.99788265     6.0408097      1.4967744      6.8835409    
   5220000   1.0015167      6.0384579      1.5022252      6.8817424    
   5230000   0.99730564     6.0329314      1.4959089      6.885687     
   5240000   1.0094733      6.0366414      1.5141597      6.8820604    
   5250000   0.993876       6.0302649      1.4907646      6.8855139    
   5260000   1.0047815      6.0288831      1.5071223      6.8827202    
   5270000   0.99708326     6.0290299      1.4955754      6.8856337    
   5280000   0.9945412      6.0281271      1.4917624      6.8797974    
   5290000   1.0033504      6.0267636      1.5049757      6.879314     
   5300000   1.0044049      6.0343414      1.5065574      6.8895447    
   5310000   1.0019342      6.014559       1.5028516      6.8703759    
   5320000   1.0021053      6.0190012      1.5031082      6.8751473    
   5330000   1.0014552      6.0213175      1.5021331      6.8774996    
   5340000   1.0047322      6.008892       1.5070484      6.8802179    
   5350000   1.0034082      6.0130632      1.5050625      6.8825265    
   5360000   1.0022392      6.0269347      1.5033091      6.8845798    
   5370000   0.99908245     6.03088        1.4985741      6.8791513    
   5380000   0.99770643     6.0254769      1.4965101      6.8811437    
   5390000   0.99947432     6.0324713      1.4991618      6.8767584    
   5400000   0.99030798     6.0281101      1.4854128      6.8765256    
   5410000   1.0032476      6.0320566      1.5048215      6.8824181    
   5420000   1.0033811      6.0220699      1.5050219      6.8742253    
   5430000   1.0023246      6.0317419      1.5034371      6.8807527    
   5440000   1.0014825      6.0422915      1.502174       6.8865286    
   5450000   1.0003209      6.0285003      1.5004316      6.8805506    
   5460000   1.004551       6.0256504      1.5067766      6.879207     
   5470000   1.0047249      6.0276351      1.5070374      6.8847111    
   5480000   1.004986       6.0262003      1.5074291      6.877901     
   5490000   0.99896621     6.03753        1.4983997      6.8811041    
   5500000   0.99598098     6.0302442      1.493922       6.8782876    
   5510000   0.99153963     6.0439976      1.4872602      6.8878325    
   5520000   0.99777018     6.0320808      1.4966057      6.8783142    
   5530000   1.002907       6.0494632      1.5043107      6.8909428    
   5540000   0.99627574     6.0340038      1.4943641      6.8808472    
   5550000   1.0109503      6.0388932      1.5163752      6.8904137    
   5560000   0.99884597     6.027248       1.4982193      6.8749239    
   5570000   1.0010439      6.0353365      1.5015162      6.8843518    
   5580000   1.0008091      6.0242874      1.5011639      6.8840592    
   5590000   0.9952413      6.0469806      1.4928125      6.8851781    
   5600000   0.99330856     6.0260974      1.4899135      6.8800485    
   5610000   0.99824291     6.0222082      1.4973148      6.8811849    
   5620000   0.99693896     6.0360295      1.4953589      6.8877401    
   5630000   1.0110683      6.0464327      1.5165522      6.8887355    
   5640000   0.99786403     6.0456978      1.4967465      6.8851471    
   5650000   0.99879642     6.0573754      1.498145       6.8949245    
   5660000   1.0061313      6.0478013      1.5091469      6.889349     
   5670000   1.00413        6.0503018      1.5061452      6.8824131    
   5680000   0.99238159     6.0444756      1.4885231      6.8837349    
   5690000   0.99443273     6.0425478      1.4915997      6.8839506    
   5700000   0.9955871      6.0547333      1.4933312      6.8852155    
   5710000   0.99769321     6.0471348      1.4964903      6.8799437    
   5720000   1.0023516      6.0460856      1.5034776      6.887412     
   5730000   1.0069474      6.04814        1.5103711      6.8855311    
   5740000   0.99669187     6.0439074      1.4949883      6.881695     
   5750000   1.0005132      6.0538262      1.5007201      6.8896577    
   5760000   1.0030724      6.045954       1.5045588      6.8772295    
   5770000   1.0034461      6.0377836      1.5051193      6.8822006    
   5780000   0.99601202     6.0205755      1.4939686      6.8732002    
   5790000   0.99995246     6.035319       1.499879       6.880056     
   5800000   1.0038195      6.0354071      1.5056793      6.8803668    
   5810000   0.99737447     6.0387075      1.4960122      6.8865751    
   5820000   1.0026861      6.0319337      1.5039793      6.8811839    
   5830000   0.99437495     6.0324492      1.491513       6.8872077    
   5840000   1.0001719      6.034379       1.5002082      6.8850959    
   5850000   1.0037701      6.030138       1.5056053      6.8894816    
   5860000   0.99809916     6.0527486      1.4970992      6.8934276    
   5870000   1.0024304      6.0277465      1.5035958      6.8801682    
   5880000   0.99589786     6.0442989      1.4937973      6.8820475    
   5890000   1.0029856      6.0434269      1.5044285      6.879534     
   5900000   0.99808215     6.0371922      1.4970737      6.8841503    
   5910000   0.99998232     6.0177093      1.4999238      6.8768719    
   5920000   1.0005193      6.0413908      1.5007292      6.8866998    
   5930000   0.98838023     6.0400464      1.4825213      6.8899328    
   5940000   1.000704       6.0356706      1.5010062      6.8869607    
   5950000   1.0025689      6.0317825      1.5038036      6.8824618    
   5960000   1.0062835      6.0361121      1.5093752      6.8811303    
   5970000   0.99323478     6.0242042      1.4898028      6.8784338    
   5980000   1.0029579      6.034689       1.504387       6.8833767    
   5990000   1.0002235      6.0359665      1.5002856      6.8755412    
   6000000   0.99591388     6.0484212      1.4938213      6.8878584    
   6010000   1.0037088      6.044863       1.5055134      6.8824909    
   6020000   0.99897812     6.0404482      1.4984176      6.8844409    
   6030000   0.99680984     6.0431746      1.4951652      6.8869429    
   6040000   0.99545233     6.0337259      1.493129       6.8838325    
   6050000   1.0018953      6.0293214      1.5027932      6.8858055    
   6060000   0.99919551     6.0219307      1.4987436      6.8826331    
   6070000   1.008309       6.0284299      1.5124134      6.8747641    
   6080000   1.0105878      6.0353103      1.5158315      6.886382     
   6090000   1.0020187      6.0244835      1.5029783      6.8822318    
   6100000   1.0071442      6.0257391      1.5106663      6.87386      
   6110000   1.0040259      6.0324355      1.505989       6.8797899    
   6120000   0.99685202     6.038995       1.4952285      6.8801443    
   6130000   0.99481202     6.0448075      1.4921686      6.8852674    
   6140000   1.0001797      6.0465715      1.5002199      6.8838061    
   6150000   0.99508267     6.0411228      1.4925746      6.8810085    
   6160000   1.0059717      6.0309627      1.5089075      6.8825711    
   6170000   1.0034405      6.0417463      1.5051109      6.8827682    
   6180000   1.0043544      6.0444983      1.5064817      6.8839649    
   6190000   0.99522513     6.0381872      1.4927883      6.8852358    
   6200000   1.0009273      6.0324324      1.5013413      6.8846293    
   6210000   1.0018275      6.0473759      1.5026916      6.8926514    
   6220000   0.99649011     6.0374857      1.4946857      6.8859614    
   6230000   0.99688731     6.0476073      1.4952814      6.8867973    
   6240000   1.0091597      6.0311536      1.5136894      6.8787818    
   6250000   0.9939675      6.0380966      1.4909019      6.8846726    
   6260000   0.9937463      6.0354868      1.4905701      6.8809853    
   6270000   1.0020825      6.0222603      1.5030739      6.8793526    
   6280000   0.99421803     6.0183683      1.4912777      6.8792747    
   6290000   0.99725228     6.0313349      1.4958289      6.8790873    
   6300000   1.0030492      6.0324314      1.5045239      6.8821378    
   6310000   1.0012783      6.0216845      1.5018677      6.8811878    
   6320000   0.99592206     6.0328557      1.4938336      6.8848219    
   6330000   1.0037538      6.0439189      1.5055809      6.8931157    
   6340000   0.99372936     6.0394482      1.4905447      6.8896665    
   6350000   1.0001058      6.0201888      1.500109       6.8756138    
   6360000   0.99393495     6.0180039      1.4908531      6.878729     
   6370000   1.0054132      6.0198766      1.5080699      6.8738724    
   6380000   0.99960247     6.0276184      1.4993541      6.8848049    
   6390000   0.99926694     6.0409436      1.4988508      6.8915933    
   6400000   0.99694095     6.0214319      1.4953619      6.8817953    
   6410000   0.99343142     6.0292166      1.4900978      6.8824998    
   6420000   1.0026901      6.0367035      1.5039854      6.8836763    
   6430000   1.004194       6.0403523      1.5062411      6.8855907    
   6440000   1.0007469      6.0380988      1.5010706      6.8839434    
   6450000   0.98974695     6.0339481      1.4845713      6.8843568    
   6460000   0.99492109     6.0318673      1.4923322      6.8788802    
   6470000   1.008241       6.0379416      1.5123115      6.8886654    
   6480000   1.0025738      6.0370123      1.503811       6.8866417    
   6490000   1.0032625      6.024318       1.504844       6.8888467    
   6500000   0.99808287     6.032069       1.4970747      6.8858998    
   6510000   0.99369709     6.0191025      1.4904963      6.8874988    
   6520000   1.0024689      6.0363196      1.5036535      6.8912464    
   6530000   0.99624335     6.0252909      1.4943155      6.8858336    
   6540000   1.0029091      6.0320732      1.5043139      6.8826591    
   6550000   0.9979736      6.0243384      1.4969108      6.8746888    
   6560000   0.99882023     6.028915       1.4981807      6.8778761    
   6570000   1.0066844      6.0246672      1.5099766      6.8819791    
   6580000   1.0110129      6.0086594      1.5164691      6.8750964    
   6590000   0.99537545     6.0199762      1.4930137      6.8829989    
   6600000   1.0028543      6.0213225      1.5042317      6.8798621    
   6610000   0.99896206     6.0174509      1.4983935      6.8841975    
   6620000   1.0016999      6.0225381      1.5025001      6.8773689    
   6630000   1.0029724      6.0329109      1.5044088      6.8844794    
   6640000   1.0079456      6.0241501      1.5118683      6.8773202    
   6650000   1.0037937      6.0305795      1.5056408      6.8824427    
   6660000   1.008119       6.0318341      1.5121285      6.8781501    
   6670000   0.99273579     6.0348393      1.4890544      6.8831392    
   6680000   0.99625268     6.0256414      1.4943295      6.8789819    
   6690000   0.99503155     6.0248031      1.4924979      6.8815511    
   6700000   0.99634211     6.0258601      1.4944637      6.8795235    
   6710000   0.99667943     6.0156168      1.4949696      6.8746907    
   6720000   1.004537       6.0328945      1.5067556      6.8833287    
   6730000   1.0021578      6.0420987      1.5031869      6.8890104    
   6740000   0.99852979     6.039921       1.4977451      6.8790294    
   6750000   1.0009296      6.0384126      1.5013447      6.886927     
   6760000   1.0002584      6.0340524      1.5003379      6.8776929    
   6770000   1.0053744      6.023934       1.5080117      6.8759607    
   6780000   0.99980513     6.0339538      1.499658       6.8802092    
   6790000   1.0011407      6.0273445      1.5016614      6.8774684    
   6800000   0.9932569      6.0430772      1.489836       6.8811293    
   6810000   1.0053537      6.0407705      1.5079806      6.8887312    
   6820000   1.0009644      6.0528303      1.5013969      6.8846955    
   6830000   1.0050362      6.0438832      1.5075043      6.8865065    
   6840000   0.99645918     6.0417947      1.4946393      6.8874831    
   6850000   0.9960728      6.0573011      1.4940597      6.8916446    
   6860000   0.99302459     6.0398422      1.4894876      6.8824044    
   6870000   0.99552951     6.0360266      1.4932448      6.8802044    
   6880000   1.0069481      6.0186627      1.5103721      6.8737096    
   6890000   1.0056372      6.0473971      1.5084058      6.8897969    
   6900000   1.0007702      6.0516523      1.5011056      6.8830804    
   6910000   0.99436883     6.0358596      1.4915039      6.8817729    
   6920000   1.0023171      6.0518796      1.5034259      6.8909774    
   6930000   0.99651548     6.0496018      1.4947237      6.8858063    
   6940000   1.0008988      6.0440616      1.5012984      6.8797464    
   6950000   0.99589353     6.0401568      1.4937908      6.8847465    
   6960000   1.0017265      6.0411076      1.50254        6.8823496    
   6970000   1.0022463      6.0340675      1.5033197      6.8819466    
   6980000   0.99671906     6.0316732      1.4950291      6.8786403    
   6990000   1.0128858      6.0379295      1.5192784      6.8855737    
   7000000   1.0112211      6.0422814      1.5167814      6.8941483    
   7010000   0.99699015     6.030863       1.4954357      6.8854187    
   7020000   0.99835923     6.0409083      1.4974893      6.8842731    
   7030000   1.0030971      6.0385918      1.5045958      6.8832335    
   7040000   0.99986765     6.0260186      1.4997518      6.8710115    
   7050000   0.99681968     6.0394033      1.49518        6.8827975    
   7060000   0.99838052     6.0437793      1.4975212      6.8878578    
   7070000   0.99493936     6.0354855      1.4923596      6.8828413    
   7080000   0.99793103     6.0458532      1.496847       6.886789     
   7090000   1.0013551      6.0281355      1.5019829      6.8849085    
   7100000   0.99749134     6.0383027      1.4961875      6.8826547    
   7110000   0.99585414     6.0317727      1.4937317      6.8748351    
   7120000   0.99330004     6.0349915      1.4899007      6.8895437    
   7130000   1.0024899      6.0451159      1.5036851      6.8854287    
   7140000   1.0010126      6.0386219      1.5014692      6.8851127    
   7150000   1.0026948      6.0347563      1.5039924      6.8780938    
   7160000   1.001564       6.0499055      1.5022962      6.8905838    
   7170000   1.0052418      6.0370455      1.5078127      6.8756498    
   7180000   1.0034736      6.0396225      1.5051606      6.8801594    
   7190000   1.0030266      6.0403415      1.50449        6.8835296    
   7200000   1.0012302      6.0407219      1.5017956      6.8852276    
   7210000   0.99824698     6.0385997      1.4973209      6.8901472    
   7220000   1.0014641      6.0346837      1.5021464      6.8842753    
   7230000   0.99828273     6.0360763      1.4973745      6.8834671    
   7240000   0.994336       6.0510916      1.4914546      6.8897348    
   7250000   0.99675512     6.040901       1.4950832      6.8800992    
   7260000   1.0054915      6.0413873      1.5081873      6.8849932    
   7270000   0.99931781     6.0436935      1.4989271      6.8815628    
   7280000   0.99427362     6.0528667      1.491361       6.8861814    
   7290000   0.99485224     6.0478423      1.492229       6.8956298    
   7300000   0.99506853     6.024504       1.4925534      6.8785238    
   7310000   0.99358814     6.0474602      1.4903329      6.8866166    
   7320000   0.99701246     6.0447497      1.4954692      6.8851398    
   7330000   0.99437094     6.0349434      1.491507       6.8804243    
   7340000   1.0050208      6.0441655      1.5074813      6.8852618    
   7350000   1.0021786      6.0464881      1.5032181      6.8901893    
   7360000   1.0069812      6.0452669      1.5104218      6.882754     
   7370000   1.0006307      6.0423866      1.5008963      6.8800798    
   7380000   1.0088888      6.0421274      1.513283       6.8840641    
   7390000   0.99605345     6.0646771      1.4940307      6.8934852    
   7400000   0.9958795      6.0546959      1.4937698      6.8844498    
   7410000   0.99656187     6.0412061      1.4947933      6.8765392    
   7420000   0.99999532     6.047386       1.4999433      6.8832939    
   7430000   1.0082524      6.052081       1.5123285      6.883012     
   7440000   1.0001778      6.0476888      1.5002171      6.8904991    
   7450000   0.99709747     6.0505332      1.4955967      6.8842964    
   7460000   0.99574331     6.0320002      1.4935655      6.8755533    
   7470000   0.99581916     6.0365369      1.4936793      6.8832353    
   7480000   1.0027387      6.0348918      1.5040582      6.8737601    
   7490000   1.0042736      6.0414641      1.5063605      6.8799523    
   7500000   1.0021052      6.0371826      1.503108       6.886389     
   7510000   0.9935336      6.045065       1.4902511      6.8839633    
   7520000   0.99816166     6.0337541      1.4971929      6.8788441    
   7530000   0.98459461     6.04047        1.476843       6.8811771    
   7540000   0.99724161     6.0397115      1.4958129      6.8807661    
   7550000   0.99615154     6.0437582      1.4941778      6.8847114    
   7560000   0.99786294     6.0319001      1.4967448      6.8736371    
   7570000   0.99671635     6.0405725      1.495025       6.8845126    
   7580000   1.004761       6.0256074      1.5070916      6.8780507    
   7590000   0.99600727     6.0346963      1.4939614      6.8802128    
   7600000   1.0028079      6.0466712      1.504162       6.8838478    
   7610000   0.99013198     6.0452116      1.4851488      6.8779966    
   7620000   0.99642553     6.042466       1.4945888      6.8791045    
   7630000   1.0050811      6.0503713      1.5075718      6.8934547    
   7640000   0.9978208      6.0415496      1.4966816      6.8841987    
   7650000   0.98769722     6.0496579      1.4814968      6.8910825    
   7660000   1.0057263      6.03657        1.5085394      6.8821811    
   7670000   1.0032524      6.0272872      1.5048287      6.8843138    
   7680000   1.0083089      6.0415236      1.5124132      6.8798269    
   7690000   0.99929713     6.0504556      1.4988961      6.8853995    
   7700000   1.0013066      6.045253       1.5019102      6.8802142    
   7710000   1.0004822      6.066341       1.5006736      6.8973161    
   7720000   0.99447479     6.0614668      1.4916628      6.8864861    
   7730000   0.99496024     6.0556139      1.4923909      6.8822119    
   7740000   0.9961248      6.0455538      1.4941377      6.889737     
   7750000   0.99892395     6.0400879      1.4983363      6.8860427    
   7760000   0.99595743     6.0477146      1.4938867      6.8858778    
   7770000   1.0007261      6.0550187      1.5010394      6.8884086    
   7780000   1.0008282      6.0428577      1.5011926      6.8781118    
   7790000   1.0005142      6.0438071      1.5007215      6.8777658    
   7800000   0.99002709     6.0436977      1.4849915      6.8830365    
   7810000   0.99814522     6.0539973      1.4971682      6.884273     
   7820000   0.99922623     6.0552201      1.4987897      6.8878959    
   7830000   1.0045081      6.0613782      1.5067122      6.8877089    
   7840000   0.99903589     6.0574425      1.4985042      6.8829739    
   7850000   0.99631752     6.0551575      1.4944268      6.882422     
   7860000   1.0070001      6.0567069      1.5104502      6.8794728    
   7870000   0.9980565      6.0674951      1.4970352      6.8843488    
   7880000   1.0048683      6.0455048      1.5072525      6.8784685    
   7890000   0.98852316     6.0501846      1.4827356      6.8815507    
   7900000   0.99704354     6.0471974      1.4955158      6.8796827    
   7910000   1.0049934      6.0497858      1.5074401      6.8794801    
   7920000   0.99955024     6.04914        1.4992757      6.8847253    
   7930000   0.99334716     6.0377928      1.4899714      6.8814706    
   7940000   1.0067917      6.0702466      1.5101376      6.8920492    
   7950000   0.99584188     6.043961       1.4937134      6.8806466    
   7960000   0.99832013     6.0492838      1.4974306      6.878816     
   7970000   0.99316267     6.0494464      1.4896947      6.8827518    
   7980000   0.99920958     6.0548332      1.4987647      6.8831087    
   7990000   1.0096088      6.0529483      1.514363       6.8829963    
   8000000   1.0002188      6.0602582      1.5002786      6.8856087    
   8010000   0.99269302     6.0395306      1.4889902      6.8717786    
   8020000   1.0069091      6.0410052      1.5103137      6.8800992    
   8030000   0.99554842     6.0412623      1.4932732      6.8803667    
   8040000   1.0002614      6.0421664      1.5003424      6.8804451    
   8050000   0.98331515     6.0541588      1.4749239      6.8804819    
   8060000   0.99035415     6.0359801      1.485482       6.8805476    
   8070000   0.99377156     6.0338225      1.490608       6.8795048    
   8080000   0.99742575     6.0432041      1.4960891      6.8827653    
   8090000   1.0022478      6.0513834      1.503322       6.8841004    
   8100000   1.0036438      6.0497426      1.5054159      6.8782801    
   8110000   1.0029709      6.0674135      1.5044066      6.8871712    
   8120000   0.99479625     6.0325723      1.492145       6.8723325    
   8130000   1.0059429      6.0481857      1.5088644      6.8778013    
   8140000   0.99078151     6.0522277      1.4861231      6.8879035    
   8150000   1.0066644      6.0419479      1.5099466      6.8850325    
   8160000   1.0024372      6.0408523      1.503606       6.8762554    
   8170000   0.99772897     6.0506909      1.4965439      6.882381     
   8180000   1.0055306      6.0436043      1.5082459      6.8830873    
   8190000   0.9951349      6.039165       1.4926529      6.8761464    
   8200000   1.012584       6.0391823      1.5188257      6.8835641    
   8210000   0.99194197     6.0408018      1.4878637      6.8754034    
   8220000   0.99271417     6.0592409      1.4890219      6.893413     
   8230000   0.99956817     6.047128       1.4993026      6.8819923    
   8240000   0.99712033     6.0437997      1.495631       6.8831141    
   8250000   0.99783392     6.0376505      1.4967013      6.8850572    
   8260000   1.0076418      6.0474821      1.5114126      6.8854623    
   8270000   0.99575155     6.0478822      1.4935779      6.8862387    
   8280000   0.99436058     6.0505513      1.4914915      6.8867255    
   8290000   0.99354554     6.0506406      1.490269       6.8848662    
   8300000   0.99385143     6.0488032      1.4907278      6.8791973    
   8310000   0.99624261     6.0220188      1.4943144      6.8692425    
   8320000   0.99891585     6.031129       1.4983242      6.8780607    
   8330000   0.99812768     6.0524802      1.4971419      6.8866549    
   8340000   1.0046587      6.0382335      1.5069382      6.8766785    
   8350000   0.99423367     6.0427896      1.4913011      6.8802838    
   8360000   1.0028027      6.0351224      1.5041543      6.8751889    
   8370000   0.99887955     6.0480295      1.4982697      6.8821381    
   8380000   0.99516353     6.0452451      1.4926959      6.8781776    
   8390000   1.0031183      6.0471669      1.5046276      6.890495     
   8400000   1.0002167      6.0502566      1.5002753      6.8865192    
   8410000   0.9942338      6.0483817      1.4913013      6.8836048    
   8420000   0.99767405     6.0421636      1.4964615      6.880991     
   8430000   0.99682008     6.0458292      1.4951806      6.8869967    
   8440000   0.99720523     6.0452909      1.4957583      6.8889797    
   8450000   1.0080513      6.0472327      1.5120269      6.885908     
   8460000   0.99941343     6.0511162      1.4990705      6.8855145    
   8470000   0.98668274     6.0489727      1.4799751      6.8859938    
   8480000   0.99919003     6.0386813      1.4987354      6.8821668    
   8490000   0.99653641     6.0350863      1.4947551      6.8823648    
   8500000   1.0010691      6.0289826      1.501554       6.8756678    
   8510000   0.99459724     6.0514873      1.4918465      6.8886007    
   8520000   0.98958169     6.0411167      1.4843234      6.8810169    
   8530000   0.9935472      6.0441881      1.4902715      6.8891069    
   8540000   1.0037318      6.0352272      1.5055479      6.8758785    
   8550000   1.003837       6.040547       1.5057057      6.8829247    
   8560000   1.0052879      6.0482401      1.5078819      6.8848215    
   8570000   0.99836232     6.0366958      1.4974939      6.8799946    
   8580000   1.0039285      6.0652844      1.505843       6.8887227    
   8590000   1.007749       6.0435352      1.5115734      6.873998     
   8600000   1.0095712      6.0446518      1.5143066      6.8825614    
   8610000   1.0024415      6.0519209      1.5036124      6.8887438    
   8620000   0.99980723     6.0485705      1.4996612      6.8833583    
   8630000   1.0034652      6.0401778      1.505148       6.8834429    
   8640000   0.9960224      6.0492544      1.4939841      6.8931601    
   8650000   1.000519       6.0412863      1.5007288      6.8802241    
   8660000   1.0010076      6.0465816      1.5014618      6.8815211    
   8670000   0.99621345     6.0461571      1.4942707      6.8871832    
   8680000   0.99857906     6.0462698      1.497819       6.8916308    
   8690000   1.0039255      6.0589751      1.5058384      6.8918758    
   8700000   0.99933944     6.0496563      1.4989595      6.8791235    
   8710000   1.0029322      6.0465601      1.5043485      6.8795269    
   8720000   0.99022177     6.0370523      1.4852835      6.8803349    
   8730000   1.0025556      6.0336954      1.5037836      6.8859822    
   8740000   1.0024706      6.0441487      1.5036561      6.8817518    
   8750000   1.0017028      6.0506954      1.5025044      6.8831513    
   8760000   1.0024093      6.0514757      1.5035642      6.8794542    
   8770000   1.001647       6.0476716      1.5024207      6.8810543    
   8780000   1.000746       6.0491761      1.5010693      6.8846608    
   8790000   0.99714228     6.0519815      1.4956639      6.8806547    
   8800000   1.0003531      6.0618516      1.50048        6.8884919    
   8810000   0.99744966     6.0426645      1.4961249      6.8802992    
   8820000   0.99845793     6.0394981      1.4976373      6.8809733    
   8830000   1.0009373      6.0511049      1.5013562      6.8837794    
   8840000   0.99623907     6.058221       1.4943091      6.8868951    
   8850000   1.0046095      6.0560307      1.5068643      6.8817047    
   8860000   0.99394553     6.0565083      1.4908689      6.8831681    
   8870000   1.0031391      6.0529846      1.5046588      6.8815991    
   8880000   0.99428167     6.0462279      1.4913731      6.8840066    
   8890000   1.0044564      6.0513862      1.5066347      6.8840549    
   8900000   1.0004681      6.0489125      1.5006525      6.8800905    
   8910000   1.0025112      6.0427684      1.5037171      6.8717377    
   8920000   0.99705812     6.0499339      1.4955377      6.8812826    
   8930000   0.99616316     6.039865       1.4941953      6.8797495    
   8940000   0.99794806     6.0362989      1.4968725      6.8833613    
   8950000   1.0096345      6.052189       1.5144015      6.8819578    
   8960000   0.9976394      6.0527982      1.4964095      6.885435     
   8970000   0.99828994     6.0396981      1.4973853      6.8791958    
   8980000   0.99845585     6.0489611      1.4976342      6.878049     
   8990000   1.0062343      6.0426574      1.5093015      6.8823124    
   9000000   0.99792132     6.0412141      1.4968324      6.8844856    
   9010000   0.99811249     6.0437046      1.4971192      6.8886211    
   9020000   1.0014901      6.0497079      1.5021854      6.8804121    
   9030000   1.0003249      6.0657232      1.5004376      6.8885256    
   9040000   1.0031798      6.0365753      1.5047199      6.886789     
   9050000   1.0014459      6.0347645      1.5021191      6.8836125    
   9060000   0.99007603     6.0459986      1.4850649      6.8843882    
   9070000   1.0038713      6.0285114      1.5057571      6.8796857    
   9080000   0.99913163     6.0275329      1.4986478      6.8771854    
   9090000   0.9988423      6.0404668      1.4982138      6.8826267    
   9100000   0.99695354     6.0422007      1.4953808      6.8794747    
   9110000   1.0004888      6.0510702      1.5006835      6.8875322    
   9120000   0.99691643     6.0421159      1.4953251      6.8864046    
   9130000   1.0090713      6.0531422      1.5135568      6.8895646    
   9140000   0.99470697     6.0452816      1.4920111      6.8831178    
   9150000   0.99912592     6.0524884      1.4986393      6.8911074    
   9160000   0.99793499     6.0345346      1.4968529      6.8776046    
   9170000   0.99929154     6.0356537      1.4988877      6.8828742    
   9180000   1.0018197      6.0327824      1.5026798      6.8722326    
   9190000   0.99881435     6.0452375      1.4981719      6.8831716    
   9200000   0.99886164     6.0235124      1.4982428      6.8726654    
   9210000   1.0043152      6.0311212      1.5064229      6.8763672    
   9220000   1.0043304      6.036027       1.5064457      6.8881996    
   9230000   1.0035285      6.0312365      1.5052428      6.8790269    
   9240000   0.99612967     6.0321796      1.494145       6.8809452    
   9250000   0.99695488     6.0289265      1.4953828      6.8801579    
   9260000   1.0000484      6.0438159      1.5000229      6.8925       
   9270000   0.99448538     6.0310496      1.4916787      6.8779176    
   9280000   0.98854421     6.0302558      1.4827672      6.8806779    
   9290000   1.0055166      6.0534877      1.508225       6.8914161    
   9300000   0.99662384     6.0414411      1.4948863      6.8844881    
   9310000   0.99968532     6.0228463      1.4994783      6.8790029    
   9320000   1.012708       6.0393525      1.5190117      6.8882725    
   9330000   0.99835476     6.0271243      1.4974825      6.8794078    
   9340000   0.99767247     6.0341423      1.4964591      6.8874859    
   9350000   1.0020384      6.0160174      1.5030078      6.8745629    
   9360000   1.0050431      6.0309926      1.5075148      6.8830303    
   9370000   0.99912713     6.0197771      1.4986411      6.8811886    
   9380000   0.99778953     6.0263572      1.4966347      6.8833589    
   9390000   1.0017025      6.0306515      1.5025041      6.8797056    
   9400000   1.0014199      6.0309801      1.5020801      6.8854307    
   9410000   0.99722243     6.0400035      1.4957841      6.8849514    
   9420000   1.0070018      6.0219541      1.5104527      6.8792552    
   9430000   0.99531932     6.0274618      1.4929295      6.8850551    
   9440000   1.0006783      6.0260343      1.5009678      6.8851673    
   9450000   0.99793439     6.0309602      1.496852       6.8851049    
   9460000   0.99320776     6.0305792      1.4897623      6.8810356    
   9470000   1.0035881      6.0229477      1.5053323      6.8874761    
   9480000   1.0118459      6.0228038      1.5177186      6.8803377    
   9490000   1.0039657      6.0235783      1.5058986      6.884538     
   9500000   1.0011026      6.0218599      1.5016042      6.8788764    
   9510000   0.99523749     6.0286411      1.4928068      6.8840297    
   9520000   1.0025676      6.0291646      1.5038016      6.8818091    
   9530000   0.99844559     6.0191325      1.4976188      6.8802307    
   9540000   1.004879       6.0298903      1.5072685      6.8862503    
   9550000   0.99046826     6.0237351      1.4856532      6.8776677    
   9560000   0.99849558     6.0276956      1.4976938      6.8763806    
   9570000   0.99924947     6.037767       1.4988246      6.8806802    
   9580000   1.002108       6.0502614      1.5031122      6.8879604    
   9590000   1.0061508      6.0473371      1.5091762      6.8835031    
   9600000   1.008608       6.0315777      1.5128619      6.8802915    
   9610000   1.002654       6.0426521      1.5039312      6.8832632    
   9620000   1.0024707      6.0365005      1.5036563      6.8872087    
   9630000   0.9979877      6.0265381      1.496932       6.8724137    
   9640000   1.0033306      6.0334097      1.5049461      6.8782332    
   9650000   1.0061723      6.0280102      1.5092084      6.8806067    
   9660000   1.0122791      6.0331836      1.5183683      6.8818373    
   9670000   1.0003445      6.0201876      1.5004671      6.8825163    
   9680000   1.0136921      6.0372949      1.5204878      6.8858318    
   9690000   0.99488016     6.0321776      1.4922708      6.8751906    
   9700000   1.0040241      6.0319897      1.5059862      6.8811264    
   9710000   1.0073414      6.0355792      1.510962       6.8782526    
   9720000   1.0041523      6.0367084      1.5061785      6.885778     
   9730000   0.99895156     6.0373853      1.4983777      6.8828162    
   9740000   0.99215393     6.035496       1.4881816      6.8826186    
   9750000   1.0039032      6.0431537      1.505805       6.886355     
   9760000   0.99588528     6.0447353      1.4937784      6.8869367    
   9770000   0.99464459     6.0410203      1.4919175      6.8795433    
   9780000   0.9950498      6.0495934      1.4925253      6.8823013    
   9790000   0.99902711     6.0379209      1.498491       6.8776006    
   9800000   0.99957256     6.0479795      1.4993092      6.8868553    
   9810000   1.001755       6.0299014      1.5025827      6.8833933    
   9820000   1.0086161      6.0118359      1.512874       6.8755858    
   9830000   0.99853789     6.0348954      1.4977572      6.8839442    
   9840000   0.99942783     6.0364267      1.4990921      6.8768079    
   9850000   1.0009284      6.0340216      1.501343       6.8801093    
   9860000   0.99810705     6.042781       1.497111       6.8792935    
   9870000   0.99869475     6.0403004      1.4979925      6.875241     
   9880000   0.99961135     6.0512769      1.4993674      6.8847697    
   9890000   0.99551137     6.0445101      1.4932176      6.8859432    
   9900000   1.0055888      6.0483258      1.5083333      6.888796     
   9910000   1.0048672      6.0402889      1.5072509      6.8832073    
   9920000   0.99796512     6.0473149      1.4968981      6.8870201    
   9930000   0.99984411     6.0421789      1.4997165      6.886194     
   9940000   1.0052474      6.0235663      1.5078212      6.8777917    
   9950000   0.99807492     6.0346111      1.4970628      6.8868859    
   9960000   1.0024439      6.0493207      1.5036161      6.8903457    
   9970000   0.99617633     6.0408122      1.494215       6.8857273    
   9980000   1.0018428      6.0420096      1.5027144      6.8798592    
   9990000   0.9967161      6.0374994      1.4950246      6.8836505    
  10000000   0.9909137      6.0416518      1.4863213      6.8846434    
  10010000   1.006767       6.0449712      1.5101005      6.8825065    
  10020000   0.99426531     6.0360117      1.4913486      6.8837174    
  10030000   1.0088001      6.0400034      1.5131501      6.8826283    
  10040000   1.000959       6.0419168      1.5013888      6.8850019    
  10050000   0.99617246     6.0297441      1.4942092      6.8780829    
  10060000   1.0054726      6.0524476      1.508159       6.8904964    
  10070000   0.99521922     6.0400333      1.4927794      6.8834252    
  10080000   1.0011947      6.0351799      1.5017423      6.8834393    
  10090000   0.99911857     6.0361182      1.4986282      6.8767442    
  10100000   0.99714346     6.0436666      1.4956657      6.8808386    
  10110000   1.0027686      6.0441006      1.504103       6.8863533    
  10120000   0.9995816      6.0483286      1.4993227      6.8884995    
  10130000   0.99972942     6.0563501      1.4995445      6.8919045    
  10140000   1.0094621      6.0380669      1.5141431      6.8810936    
  10150000   1.0024555      6.0324739      1.5036335      6.880573     
  10160000   0.99214927     6.0546379      1.4881746      6.8916177    
  10170000   0.99374973     6.0289748      1.4905752      6.873675     
  10180000   1.0014223      6.0505246      1.5020838      6.8921757    
  10190000   1.0084963      6.0398153      1.5126944      6.8828641    
  10200000   1.0008823      6.0458186      1.5012738      6.8872716    
  10210000   1.0012779      6.043364       1.5018671      6.8822248    
  10220000   1.0023113      6.0458869      1.5034172      6.8754045    
  10230000   1.0011899      6.045697       1.5017351      6.8852773    
  10240000   0.99825123     6.0572761      1.4973273      6.8859313    
  10250000   0.99271335     6.0415183      1.4890207      6.8796108    
  10260000   1.0075617      6.0395416      1.5112926      6.8838855    
  10270000   0.99809966     6.0415208      1.4970999      6.8779783    
  10280000   0.99064679     6.0334991      1.485921       6.8818628    
  10290000   1.0011582      6.0391343      1.5016876      6.88192      
  10300000   1.0069275      6.0356616      1.5103413      6.8810026    
  10310000   1.0056238      6.0335843      1.5083857      6.8835543    
  10320000   1.0005617      6.0390389      1.5007929      6.8791955    
  10330000   1.0008095      6.0382929      1.5011645      6.8821652    
  10340000   1.0006282      6.0268079      1.5008926      6.8866241    
  10350000   0.99583143     6.02726        1.4936977      6.876863     
  10360000   0.99829638     6.0390707      1.497395       6.8810021    
  10370000   0.99779748     6.0340113      1.4966467      6.8870086    
  10380000   0.99662013     6.038135       1.4948807      6.8799089    
  10390000   1.0057549      6.0346151      1.5085824      6.8794169    
  10400000   1.0052568      6.038223       1.5078353      6.8858188    
  10410000   1.0005189      6.0363083      1.5007287      6.8824706    
  10420000   1.0008664      6.034661       1.5012498      6.8810364    
  10430000   0.99786226     6.0432707      1.4967438      6.8817571    
  10440000   1.0015779      6.0299655      1.5023171      6.8694904    
  10450000   0.99690617     6.0322128      1.4953097      6.8766079    
  10460000   1.0019853      6.0325558      1.5029281      6.8799654    
  10470000   0.99252033     6.0432128      1.4887312      6.8849115    
  10480000   0.99735768     6.0320738      1.495987       6.8899901    
  10490000   1.0007316      6.0379477      1.5010477      6.8868459    
  10500000   0.99638619     6.0271713      1.4945298      6.8811335    
  10510000   1.0002684      6.0270349      1.5003529      6.878096     
  10520000   0.99928355     6.0311278      1.4988757      6.8799664    
  10530000   1.0010223      6.0270689      1.5014837      6.8826034    
  10540000   1.0017071      6.0291373      1.5025109      6.8892132    
  10550000   1.000224       6.0249498      1.5002864      6.8834478    
  10560000   1.0069592      6.0446156      1.5103887      6.8882833    
  10570000   1.0020604      6.0321966      1.5030409      6.8818525    
  10580000   0.99869668     6.0260074      1.4979954      6.8818933    
  10590000   1.002537       6.0575223      1.5037558      6.8924098    
  10600000   1.0094746      6.03338        1.5141618      6.8805942    
  10610000   1.0021827      6.0332387      1.5032243      6.8733874    
  10620000   1.0011952      6.0239723      1.5017431      6.8771954    
  10630000   0.99649645     6.0471382      1.4946952      6.8924132    
  10640000   0.99893581     6.0296344      1.4983541      6.8843345    
  10650000   0.99994186     6.0313582      1.4998631      6.8766296    
  10660000   0.99882614     6.035968       1.4981896      6.8853745    
  10670000   0.99226746     6.0313244      1.4883519      6.8849831    
  10680000   0.99136125     6.0357904      1.4869926      6.883667     
  10690000   0.99452737     6.0439854      1.4917417      6.8832073    
  10700000   0.99273422     6.0406227      1.489052       6.8760266    
  10710000   0.99784276     6.041575       1.4967146      6.8831964    
  10720000   0.99977901     6.0443596      1.4996189      6.8852359    
  10730000   1.0030283      6.0401764      1.5044927      6.884423     
  10740000   1.0009026      6.0322058      1.5013042      6.8757274    
  10750000   0.98835948     6.0224456      1.4824901      6.8873178    
  10760000   1.0024427      6.0344223      1.5036142      6.887422     
  10770000   0.99755167     6.0460575      1.496278       6.8891653    
  10780000   0.99962487     6.0340751      1.4993877      6.8799951    
  10790000   1.0032557      6.035466       1.5048338      6.8798718    
  10800000   1.003665       6.0318687      1.5054477      6.8820123    
  10810000   1.0019008      6.0537243      1.5028015      6.884189     
  10820000   1.0042724      6.0379122      1.5063587      6.8833823    
  10830000   0.99846948     6.0556153      1.4976546      6.884881     
  10840000   0.99240446     6.0690423      1.4885574      6.8983732    
  10850000   1.0036276      6.0390933      1.5053916      6.8813933    
  10860000   1.0014012      6.0352172      1.5020521      6.8804456    
  10870000   1.0054719      6.0324955      1.508158       6.8799161    
  10880000   1.0053717      6.0415816      1.5080076      6.8858831    
  10890000   1.0086501      6.0334443      1.512925       6.8835973    
  10900000   1.0026344      6.0429077      1.5039018      6.8862699    
  10910000   1.0028749      6.0284615      1.5042626      6.8789394    
  10920000   0.99923439     6.0203583      1.498802       6.877886     
  10930000   1.0001746      6.0259081      1.5002121      6.8897242    
  10940000   1.0045446      6.0113016      1.506767       6.8817504    
  10950000   1.0031779      6.0248009      1.504717       6.8820328    
  10960000   0.99906104     6.0412526      1.4985419      6.8886628    
  10970000   0.99973048     6.0282823      1.4995461      6.881318     
  10980000   0.99616464     6.02671        1.4941975      6.8819566    
  10990000   0.99569353     6.0405801      1.4934908      6.8883701    
  11000000   0.99918212     6.0303427      1.4987236      6.8814115    
  11010000   0.99781335     6.0255996      1.4966705      6.8796514    
  11020000   0.99867045     6.0316026      1.4979561      6.8822352    
  11030000   0.99851484     6.0225819      1.4977227      6.8810319    
  11040000   0.99800628     6.0326684      1.4969598      6.8830338    
  11050000   1.003311       6.0334809      1.5049166      6.8835553    
  11060000   1.0022301      6.0442767      1.5032954      6.8879389    
  11070000   1.0008457      6.0336887      1.5012188      6.8761727    
  11080000   1.008693       6.0408324      1.5129894      6.8864508    
  11090000   1.0005969      6.0291975      1.5008457      6.8753137    
  11100000   0.98984574     6.0306878      1.4847194      6.8826618    
  11110000   0.99654997     6.0255663      1.4947755      6.8789257    
  11120000   0.99126764     6.0494143      1.4868522      6.8908397    
  11130000   1.0003883      6.0430676      1.5005327      6.8866628    
  11140000   1.0017754      6.0371912      1.5026134      6.8853638    
  11150000   0.99610214     6.0325122      1.4941037      6.8817261    
  11160000   1.0026455      6.0327349      1.5039185      6.8848607    
  11170000   1.0093092      6.0320671      1.5139136      6.8927322    
  11180000   1.0047463      6.026455       1.5070695      6.873343     
  11190000   1.0029916      6.0290261      1.5044377      6.8795057    
  11200000   1.0014498      6.0231356      1.502125       6.8734288    
  11210000   0.99949827     6.0384698      1.4991978      6.8846052    
  11220000   1.000685       6.0471317      1.5009777      6.8875123    
  11230000   0.99588631     6.0497898      1.49378        6.888277     
  11240000   1.0017553      6.0308705      1.5025831      6.8793577    
  11250000   0.99062434     6.0348978      1.4858873      6.8805904    
  11260000   0.99328879     6.0304414      1.4898839      6.8876264    
  11270000   0.99688725     6.0372834      1.4952814      6.8874913    
  11280000   1.0049853      6.0346374      1.507428       6.8828221    
  11290000   1.0003805      6.0462575      1.500521       6.8934073    
  11300000   0.99120863     6.0460881      1.4867637      6.8835113    
  11310000   1.0012772      6.0404972      1.5018661      6.887523     
  11320000   0.99325361     6.0204399      1.4898311      6.8776184    
  11330000   1.0023971      6.0268125      1.5035459      6.884088     
  11340000   1.0008421      6.0300916      1.5012135      6.882363     
  11350000   1.0070264      6.0284238      1.5104896      6.878175     
  11360000   0.99943789     6.0310874      1.4991072      6.880406     
  11370000   0.99209328     6.0333702      1.4880906      6.8813672    
  11380000   0.99180119     6.0497947      1.4876525      6.8928789    
  11390000   0.99907346     6.0532971      1.4985606      6.8867778    
  11400000   0.99964598     6.0524695      1.4994193      6.8822018    
  11410000   1.0115662      6.0411608      1.517299       6.8823401    
  11420000   1.0026103      6.0341678      1.5038656      6.8767956    
  11430000   1.0015464      6.0378166      1.5022699      6.8824371    
  11440000   0.99179565     6.0330756      1.4876442      6.8828836    
  11450000   0.99656602     6.0452131      1.4947995      6.887013     
  11460000   0.99859192     6.0438264      1.4978383      6.8839497    
  11470000   0.99760654     6.0431466      1.4963603      6.8906609    
  11480000   0.99997074     6.0490015      1.4999064      6.8857659    
  11490000   1.0023757      6.0529727      1.5035138      6.885514     
  11500000   1.002621       6.0397067      1.5038818      6.883186     
  11510000   0.98955607     6.0265487      1.4842849      6.8778351    
  11520000   1.002395       6.0295932      1.5035428      6.8838983    
  11530000   0.99585803     6.0394966      1.4937376      6.8866512    
  11540000   1.0026297      6.0384824      1.5038947      6.8834614    
  11550000   1.009013       6.0349899      1.5134694      6.8877133    
  11560000   1.0005148      6.0284264      1.5007225      6.8795319    
  11570000   0.9987728      6.0292472      1.4981096      6.8836617    
  11580000   1.0045347      6.0151001      1.5067521      6.876203     
  11590000   1.0032857      6.0266128      1.5048788      6.8854978    
  11600000   0.9981011      6.0292346      1.4971021      6.8859512    
  11610000   1.0037447      6.0235426      1.5055671      6.881442     
  11620000   0.9999885      6.0193752      1.4999331      6.8802617    
  11630000   0.98969346     6.0263765      1.484491       6.8840083    
  11640000   1.0001189      6.0249208      1.5001287      6.8812076    
  11650000   1.0033348      6.0260262      1.5049524      6.8875459    
  11660000   0.99220615     6.0210115      1.4882599      6.8820851    
  11670000   0.99828427     6.0161702      1.4973768      6.876587     
  11680000   0.99374389     6.0162605      1.4905665      6.8778257    
  11690000   1.0010955      6.0205235      1.5015936      6.8773113    
  11700000   0.99817909     6.0373289      1.4972191      6.8830868    
  11710000   1.0017788      6.0220643      1.5026185      6.8881954    
  11720000   1.0027914      6.0175311      1.5041374      6.874011     
  11730000   0.99747823     6.0135047      1.4961678      6.8791844    
  11740000   1.0053855      6.0264802      1.5080282      6.8834233    
  11750000   0.99378349     6.0339074      1.4906259      6.8870831    
  11760000   0.99428866     6.0298328      1.4913836      6.8805021    
  11770000   0.99685484     6.0337107      1.4952327      6.882841     
  11780000   0.99648817     6.0333301      1.4946828      6.8918532    
  11790000   0.99134498     6.0248433      1.4869682      6.8793871    
  11800000   1.0040085      6.0377479      1.5059628      6.8825795    
  11810000   1.0113689      6.0259927      1.5170031      6.8810047    
  11820000   0.99883203     6.0423377      1.4981984      6.8823113    
  11830000   0.99626324     6.0191185      1.4943454      6.8766849    
  11840000   0.99836032     6.0303885      1.4974909      6.8746689    
  11850000   0.99671032     6.0404491      1.495016       6.8859578    
  11860000   0.99626232     6.0390064      1.494344       6.8904993    
  11870000   1.0023621      6.0276814      1.5034933      6.8863905    
  11880000   0.99653918     6.034333       1.4947593      6.8889671    
  11890000   1.0037926      6.0267957      1.5056391      6.889203     
  11900000   0.99845462     6.0229324      1.4976323      6.8814961    
  11910000   0.99536493     6.0257871      1.492998       6.8786049    
  11920000   0.99497016     6.0141545      1.4924058      6.8764761    
  11930000   0.99415866     6.0307629      1.4911886      6.8841407    
  11940000   0.99631906     6.0209687      1.4944291      6.8776495    
  11950000   1.0006904      6.0333668      1.500986       6.8809505    
  11960000   0.99835303     6.0139596      1.49748        6.8824807    
  11970000   0.99861706     6.0242565      1.497876       6.8851037    
  11980000   0.99895201     6.0182856      1.4983784      6.8789816    
  11990000   0.9969687      6.0279379      1.4954035      6.8909353    
  12000000   1.0029037      6.0163952      1.5043057      6.8796915    
  12010000   1.0004411      6.0162203      1.500612       6.8786986    
  12020000   1.0047053      6.0288875      1.507008       6.8825396    
  12030000   0.99768529     6.017869       1.4964784      6.8731466    
  12040000   1.0021942      6.0236432      1.5032415      6.8840366    
  12050000   1.0012406      6.0182928      1.5018111      6.8817162    
  12060000   1.0074118      6.0320874      1.5110677      6.8833106    
  12070000   0.99503943     6.0406415      1.4925097      6.888444     
  12080000   0.99232918     6.0261327      1.4884445      6.8844375    
  12090000   1.0037317      6.017418       1.5055477      6.8751058    
  12100000   1.000743       6.0327994      1.5010648      6.8824563    
  12110000   1.0065038      6.0216664      1.5097057      6.8794045    
  12120000   1.0025262      6.0158772      1.5037394      6.8802643    
  12130000   0.99955344     6.0155925      1.4992805      6.8841047    
  12140000   1.0044243      6.0209998      1.5065865      6.8843898    
  12150000   0.99534697     6.0264353      1.492971       6.8831897    
  12160000   1.0009802      6.0331674      1.5014206      6.8800892    
  12170000   0.99538982     6.0380142      1.4930353      6.8861552    
  12180000   1.0026743      6.0193381      1.5039616      6.8768252    
  12190000   1.0072991      6.0221766      1.5108986      6.8751557    
  12200000   0.99759332     6.0324705      1.4963404      6.8832792    
  12210000   1.0051396      6.0088108      1.5076595      6.8774328    
  12220000   0.9960768      6.0192517      1.4940657      6.8717079    
  12230000   0.99935149     6.0317664      1.4989776      6.8790736    
  12240000   1.0012039      6.0353433      1.5017561      6.8847245    
  12250000   0.99729681     6.0367569      1.4958957      6.8805014    
  12260000   1.0015535      6.0395923      1.5022805      6.8883076    
  12270000   1.0088921      6.0195682      1.5132881      6.8774977    
  12280000   1.0009849      6.0326098      1.5014276      6.8890951    
  12290000   0.99910422     6.0391535      1.4986067      6.8848818    
  12300000   0.99738424     6.0289786      1.4960268      6.8806721    
  12310000   0.99701012     6.0452071      1.4954657      6.8846314    
  12320000   0.99523612     6.0388262      1.4928048      6.8848177    
  12330000   0.99616973     6.0404972      1.4942051      6.8805078    
  12340000   0.99856252     6.0435416      1.4977942      6.8796938    
  12350000   0.99746517     6.0538995      1.4961482      6.8797569    
  12360000   0.99662965     6.0506889      1.494895       6.8819551    
  12370000   1.0100612      6.0557418      1.5150416      6.8861248    
  12380000   1.0043904      6.0564664      1.5065356      6.8853742    
  12390000   0.99626352     6.0503278      1.4943458      6.8833927    
  12400000   1.0018944      6.0376349      1.5027918      6.8763932    
  12410000   1.0039921      6.0494084      1.5059383      6.8840241    
  12420000   0.99305834     6.0438062      1.4895382      6.8863471    
  12430000   1.0136066      6.0512117      1.5203595      6.8805605    
  12440000   0.99669111     6.0375841      1.4949872      6.8748311    
  12450000   1.0006699      6.0446891      1.5009552      6.8873888    
  12460000   1.0119387      6.0321128      1.5178578      6.8816663    
  12470000   1.0056482      6.0158337      1.5084224      6.8729832    
  12480000   1.0010002      6.0294711      1.5014506      6.8803629    
  12490000   0.99910939     6.0301608      1.4986145      6.8805563    
  12500000   0.99275934     6.0614304      1.4890897      6.8884116    
  12510000   1.0014988      6.0494604      1.5021985      6.8870985    
  12520000   0.99345383     6.0343742      1.4901314      6.8757987    
  12530000   0.99993194     6.0393518      1.4998482      6.8794       
  12540000   0.99311917     6.0499767      1.4896294      6.8860256    
  12550000   0.99685179     6.039858       1.4952282      6.8777986    
  12560000   0.99931696     6.053132       1.4989258      6.8855515    
  12570000   0.99641535     6.0424739      1.4945735      6.8769359    
  12580000   1.0034932      6.0511994      1.5051899      6.8861531    
  12590000   1.0058365      6.0267788      1.5087048      6.8817221    
  12600000   0.99723209     6.0309624      1.4957986      6.8845977    
  12610000   0.99803781     6.0397754      1.4970071      6.8782028    
  12620000   1.0086939      6.0414881      1.5129908      6.8824832    
  12630000   0.99159282     6.0402789      1.48734        6.8844441    
  12640000   0.9992654      6.0498089      1.4988485      6.8907823    
  12650000   0.99681481     6.0450623      1.4951727      6.8837896    
  12660000   0.99914903     6.0404812      1.4986739      6.8828037    
  12670000   1.0004534      6.0273153      1.5006304      6.8716051    
  12680000   1.0080851      6.0458615      1.5120776      6.8898253    
  12690000   1.0039872      6.0314676      1.5059309      6.8796974    
  12700000   0.99702094     6.049531       1.4954819      6.8858871    
  12710000   0.99196144     6.0459798      1.4878929      6.8878138    
  12720000   1.0017719      6.0349866      1.502608       6.878579     
  12730000   1.0015049      6.042568       1.5022076      6.875137     
  12740000   0.99957639     6.0404346      1.4993149      6.8811863    
  12750000   1.0028852      6.0564822      1.504278       6.8861232    
  12760000   1.0072528      6.0565412      1.5108292      6.8819395    
  12770000   1.0056307      6.0592447      1.508396       6.8827317    
  12780000   1.0053378      6.0417253      1.5079567      6.8821613    
  12790000   1.0084971      6.0489636      1.5126956      6.8825333    
  12800000   1.005506       6.0485234      1.508209       6.8803728    
  12810000   1.0012102      6.0455748      1.5017656      6.8850132    
  12820000   1.0009986      6.0433482      1.5014483      6.8849934    
  12830000   0.99586495     6.0349841      1.493748       6.8779847    
  12840000   1.0008752      6.0423037      1.5012631      6.8867226    
  12850000   0.99799979     6.0497837      1.4969501      6.8850513    
  12860000   1.00563        6.0515452      1.508395       6.8808878    
  12870000   0.99888221     6.061036       1.4982737      6.8857468    
  12880000   0.99939834     6.0554321      1.4990479      6.8875758    
  12890000   1.0006575      6.0530209      1.5009365      6.8865084    
  12900000   0.99464105     6.055351       1.4919122      6.8899104    
  12910000   0.99968654     6.0453841      1.4994802      6.8804486    
  12920000   1.0031322      6.0454571      1.5046485      6.8867269    
  12930000   1.0040428      6.0378205      1.5060143      6.8853887    
  12940000   0.99926099     6.0335336      1.4988419      6.8790526    
  12950000   0.99259375     6.0403713      1.4888413      6.8807787    
  12960000   1.0084594      6.0450721      1.5126391      6.8800043    
  12970000   1.0000758      6.0449113      1.500064       6.8869566    
  12980000   0.99637122     6.0485305      1.4945073      6.8876142    
  12990000   0.99850617     6.0359635      1.4977097      6.8827035    
  13000000   0.99430437     6.0341993      1.4914072      6.8793603    
  13010000   0.9890555      6.024992       1.4835341      6.8783142    
  13020000   0.98972333     6.0172495      1.4845358      6.8763378    
  13030000   1.0085106      6.0371852      1.5127158      6.8863968    
  13040000   1.0037818      6.0341048      1.5056229      6.8818496    
  13050000   0.99279887     6.0327646      1.489149       6.8797851    
  13060000   0.99763477     6.0423267      1.4964026      6.8801193    
  13070000   1.0067849      6.048164       1.5101274      6.8883037    
  13080000   1.0014709      6.0342935      1.5021566      6.8820615    
  13090000   0.99807477     6.0368281      1.4970626      6.8757925    
  13100000   0.99943207     6.0449862      1.4990985      6.8917658    
  13110000   0.99816475     6.0388329      1.4971975      6.8907079    
  13120000   0.99678399     6.0304773      1.4951265      6.8821594    
  13130000   0.99361836     6.0409643      1.4903782      6.8856795    
  13140000   0.99593483     6.0284758      1.4938528      6.8763836    
  13150000   0.99926271     6.0359068      1.4988444      6.8789835    
  13160000   1.0032808      6.0536026      1.5048714      6.8886563    
  13170000   1.0025936      6.0394481      1.5038407      6.885471     
  13180000   0.99302584     6.0638949      1.4894894      6.8979863    
  13190000   0.99605888     6.0389616      1.4940388      6.8811092    
  13200000   0.99448281     6.038299       1.4916748      6.8794327    
  13210000   1.0027899      6.0346999      1.5041351      6.8800881    
  13220000   1.0034598      6.0324058      1.5051399      6.8816397    
  13230000   0.99999956     6.0496021      1.4999497      6.8890921    
  13240000   1.0000701      6.0484488      1.5000554      6.8850045    
  13250000   0.99480255     6.0496436      1.4921544      6.882912     
  13260000   0.99653383     6.0461745      1.4947513      6.8774311    
  13270000   1.0009488      6.0440804      1.5013735      6.8839849    
  13280000   1.0092009      6.0401458      1.5137512      6.8797203    
  13290000   1.0123304      6.0442986      1.5184454      6.8739339    
  13300000   1.0004484      6.0493879      1.5006229      6.8872119    
  13310000   0.99965372     6.052025       1.4994309      6.8791102    
  13320000   0.99978        6.0471177      1.4996203      6.884938     
  13330000   0.99301544     6.0419474      1.4894738      6.8871996    
  13340000   1.0032549      6.0433727      1.5048326      6.8834278    
  13350000   1.0057147      6.0515017      1.5085221      6.8864453    
  13360000   0.99885022     6.0341434      1.4982257      6.8775734    
  13370000   0.99359047     6.0522718      1.4903363      6.8852217    
  13380000   0.9993238      6.0383388      1.4989361      6.8836752    
  13390000   1.0004048      6.0438399      1.5005575      6.8893437    
  13400000   0.99887361     6.0429751      1.4982608      6.8846546    
  13410000   1.0081757      6.0468125      1.5122135      6.8907494    
  13420000   1.0043274      6.0470071      1.5064412      6.8871647    
  13430000   1.0047472      6.0379837      1.5070709      6.8809113    
  13440000   0.99814864     6.0304259      1.4971734      6.8854889    
  13450000   1.0079896      6.0212874      1.5119343      6.8837945    
  13460000   1.0037936      6.0155171      1.5056405      6.8757964    
  13470000   1.0013319      6.0242423      1.501948       6.8823308    
  13480000   0.99431509     6.0296988      1.4914233      6.8833851    
  13490000   1.0014736      6.0264403      1.5021607      6.8822223    
  13500000   0.99518999     6.045423       1.4927356      6.8814822    
  13510000   1.0040632      6.0341777      1.5060449      6.8823571    
  13520000   0.99614309     6.0231069      1.4941652      6.8831465    
  13530000   1.0006804      6.0205629      1.500971       6.8745631    
  13540000   1.0029835      6.0272328      1.5044255      6.8857453    
  13550000   1.0016459      6.0345439      1.5024191      6.8784287    
  13560000   1.002235       6.0262323      1.5033028      6.878407     
  13570000   1.0025691      6.0380345      1.5038038      6.8841413    
  13580000   1.0017248      6.0352932      1.5025375      6.8826197    
  13590000   1.0067801      6.0284535      1.5101202      6.8881006    
  13600000   1.0016565      6.0247899      1.5024351      6.874557     
  13610000   1.0019322      6.0208646      1.5028486      6.8809398    
  13620000   1.0021976      6.0291014      1.5032466      6.8853938    
  13630000   1.0000835      6.0257674      1.5000755      6.8830567    
  13640000   0.99688671     6.0419608      1.4952805      6.8875697    
  13650000   0.99996017     6.030097       1.4998906      6.8815386    
  13660000   1.0084501      6.0273382      1.512625       6.8873991    
  13670000   1.0073642      6.034031       1.5109963      6.8818958    
  13680000   1.002404       6.0181288      1.5035562      6.875687     
  13690000   1.0016305      6.0449508      1.502396       6.8879212    
  13700000   1.0036902      6.0392893      1.5054854      6.8794404    
  13710000   0.99756315     6.0210707      1.4962952      6.8752475    
  13720000   1.0010121      6.036178       1.5014684      6.8836181    
  13730000   0.99795065     6.0304866      1.4968764      6.8833283    
  13740000   1.0048906      6.0303365      1.507286       6.8837457    
  13750000   1.0024596      6.020654       1.5036396      6.8811106    
  13760000   0.9992842      6.0359967      1.4988767      6.8826901    
  13770000   1.0005657      6.0462809      1.5007988      6.8837209    
  13780000   1.0062978      6.046881       1.5093968      6.8857434    
  13790000   0.99536822     6.0263122      1.4930029      6.8758336    
  13800000   1.0081083      6.0274207      1.5121124      6.8828324    
  13810000   0.99353345     6.0234829      1.4902508      6.8713815    
  13820000   0.99849216     6.0187251      1.4976886      6.8795756    
  13830000   0.99789644     6.0283165      1.4967951      6.8839262    
  13840000   0.99915873     6.0219476      1.4986885      6.8797024    
  13850000   1.0021448      6.0290138      1.5031674      6.8840469    
  13860000   0.99193477     6.020615       1.4878529      6.8771501    
  13870000   0.99492665     6.0098862      1.4923406      6.8793436    
  13880000   0.99203353     6.0236126      1.488001       6.8852082    
  13890000   1.0009276      6.0266928      1.5013417      6.8818076    
  13900000   1.0001417      6.038507       1.5001628      6.8877406    
  13910000   0.99756305     6.0229508      1.496295       6.8836319    
  13920000   0.99949284     6.0243058      1.4991896      6.8805861    
  13930000   0.99735318     6.0348467      1.4959802      6.8835146    
  13940000   0.99582185     6.0219667      1.4936833      6.8824186    
  13950000   0.99377077     6.0162345      1.4906068      6.874644     
  13960000   1.0019964      6.0313982      1.5029449      6.8790649    
  13970000   1.0016134      6.0289405      1.5023703      6.8807709    
  13980000   0.99901675     6.0286387      1.4984755      6.8858603    
  13990000   0.99891817     6.0375655      1.4983276      6.886766     
  14000000   0.99958764     6.0332932      1.4993318      6.8800761    
  14010000   1.0018753      6.0234404      1.5027632      6.881272     
  14020000   1.0057293      6.013814       1.508544       6.8793083    
  14030000   1.0030285      6.0352432      1.5044929      6.8798994    
  14040000   0.99963047     6.0309796      1.4993961      6.8831074    
  14050000   0.99877369     6.0181721      1.4981109      6.8771559    
  14060000   0.99926402     6.0300691      1.4988464      6.8791943    
  14070000   0.9998105      6.0299854      1.4996661      6.8773611    
  14080000   1.0064127      6.0335194      1.5095691      6.8764181    
  14090000   1.002612       6.0250597      1.5038683      6.8867851    
  14100000   0.99656997     6.026037       1.4948054      6.8875469    
  14110000   1.0015411      6.0128974      1.5022619      6.8826183    
  14120000   1.0086708      6.0233196      1.5129562      6.8872245    
  14130000   0.99149791     6.018792       1.4871976      6.8830781    
  14140000   0.99262722     6.0292116      1.4888915      6.8879798    
  14150000   0.99932727     6.0252118      1.4989413      6.8824757    
  14160000   1.0028121      6.0406806      1.5041683      6.8841639    
  14170000   1.0018993      6.0213178      1.5027992      6.8776305    
  14180000   1.0032845      6.0287599      1.504877       6.8834305    
  14190000   1.0031853      6.0335321      1.5047281      6.8864959    
  14200000   1.0030455      6.028611       1.5045184      6.8843575    
  14210000   1.0086027      6.0239513      1.5128539      6.8855685    
  14220000   1.0004347      6.0190133      1.5006023      6.8771519    
  14230000   1.0013424      6.0249077      1.5019638      6.8837163    
  14240000   0.99692455     6.0195145      1.4953373      6.8835783    
  14250000   0.99911127     6.0297724      1.4986173      6.8801863    
  14260000   0.99413625     6.0395277      1.491155       6.8855296    
  14270000   0.99797625     6.0232992      1.4969148      6.8771937    
  14280000   1.002287       6.0336177      1.5033807      6.8890881    
  14290000   0.99869113     6.0368506      1.4979871      6.8830879    
  14300000   1.000807       6.0247835      1.5011608      6.8827489    
  14310000   1.0051376      6.0192186      1.5076565      6.8814276    
  14320000   0.99008206     6.0167525      1.4850739      6.8739165    
  14330000   0.9981066      6.0150072      1.4971103      6.8786221    
  14340000   1.0026845      6.0224876      1.503977       6.8827295    
  14350000   1.0000681      6.0268332      1.5000525      6.8778021    
  14360000   1.0029487      6.0260446      1.5043732      6.883546     
  14370000   0.99610642     6.0212712      1.4941102      6.8789356    
  14380000   1.003617       6.0327963      1.5053757      6.8883316    
  14390000   0.9967976      6.0300889      1.4951469      6.8875295    
  14400000   0.99945368     6.0303774      1.4991309      6.8832106    
  14410000   0.99886117     6.0399304      1.4982421      6.8820141    
  14420000   0.99880742     6.0365182      1.4981615      6.8832131    
  14430000   1.0012178      6.0354216      1.501777       6.8864466    
  14440000   1.0030109      6.0469292      1.5044665      6.8911238    
  14450000   0.99533666     6.0265141      1.4929556      6.8765323    
  14460000   0.99307542     6.0301922      1.4895638      6.8769312    
  14470000   0.99819476     6.0444848      1.4972426      6.8878014    
  14480000   1.0039318      6.0332688      1.5058479      6.8883307    
  14490000   0.99535492     6.0221639      1.4929829      6.8816028    
  14500000   1.006552       6.0295787      1.509778       6.8851542    
  14510000   0.99795005     6.032681       1.4968755      6.8756624    
  14520000   0.99778309     6.0355714      1.4966251      6.8812978    
  14530000   1.0000589      6.0123979      1.5000387      6.8779685    
  14540000   1.0010036      6.0283105      1.5014557      6.8844424    
  14550000   0.99834287     6.0472311      1.4974647      6.8963573    
  14560000   0.99915451     6.0479008      1.4986821      6.8903276    
  14570000   0.99671686     6.0395714      1.4950258      6.8883116    
  14580000   0.99733568     6.0256075      1.495954       6.8810638    
  14590000   1.0001382      6.0513097      1.5001576      6.8918775    
  14600000   1.0002602      6.0201985      1.5003406      6.8855932    
  14610000   0.99669798     6.0340688      1.4949975      6.8833405    
  14620000   0.99378966     6.0267512      1.4906351      6.8827701    
  14630000   0.99627638     6.0230673      1.4943651      6.8750872    
  14640000   1.0027712      6.0247851      1.504107       6.8836371    
  14650000   1.0038581      6.019487       1.5057374      6.8799533    
  14660000   0.98737687     6.0261185      1.4810163      6.8900514    
  14670000   1.0015788      6.0220654      1.5023184      6.8938291    
  14680000   1.0074985      6.0223544      1.5111978      6.8767025    
  14690000   0.9976048      6.0312359      1.4963576      6.8855223    
  14700000   0.9968772      6.0199569      1.4952663      6.8829456    
  14710000   1.0051094      6.0131719      1.5076142      6.8800896    
  14720000   0.99696449     6.0283328      1.4953972      6.8765468    
  14730000   0.99294286     6.0183678      1.489365       6.8797975    
  14740000   0.99829149     6.005351       1.4973876      6.8765941    
  14750000   0.99624287     6.0322424      1.4943148      6.8902226    
  14760000   0.99580492     6.0175682      1.4936579      6.8768996    
  14770000   1.0050558      6.0331233      1.5075338      6.8876799    
  14780000   0.99231076     6.0308452      1.4884169      6.8840359    
  14790000   1.0017725      6.0190327      1.502609       6.8776953    
  14800000   1.0022015      6.0223978      1.5032525      6.8811709    
  14810000   0.99846819     6.0220983      1.4976527      6.8902601    
  14820000   0.99963254     6.0208409      1.4993992      6.8869182    
  14830000   1.0031726      6.0253069      1.5047091      6.8933005    
  14840000   0.99954404     6.0289999      1.4992664      6.8846834    
  14850000   1.0105546      6.0334837      1.5157817      6.8814363    
  14860000   1.0048127      6.0279003      1.5071692      6.8797893    
  14870000   1.0044414      6.0277599      1.5066121      6.8813218    
  14880000   0.99961058     6.0330265      1.4993662      6.89114      
  14890000   1.0005964      6.0278724      1.5008449      6.8821961    
  14900000   0.9973504      6.0274269      1.4959761      6.8813053    
  14910000   1.0051016      6.0140518      1.5076025      6.875822     
  14920000   1.0085363      6.0147577      1.5127544      6.8776566    
  14930000   1.0009776      6.015638       1.5014167      6.8797282    
  14940000   1.0007939      6.029011       1.5011412      6.8913955    
  14950000   1.0043645      6.0221138      1.5064968      6.881777     
  14960000   0.9931579      6.0284343      1.4896875      6.8846609    
  14970000   0.99658417     6.0213333      1.4948268      6.8794       
  14980000   1.0034487      6.0227293      1.5051232      6.8864218    
  14990000   0.99368093     6.0230993      1.490472       6.8856548    
  15000000   1.0013147      6.0363641      1.5019223      6.889676     
  15010000   1.0015279      6.0392576      1.5022422      6.88295      
  15020000   1.007232       6.035702       1.510798       6.880535     
  15030000   0.9941248      6.0138931      1.4911378      6.8725755    
  15040000   0.99719857     6.0379007      1.4957483      6.8889673    
  15050000   1.0041867      6.0285914      1.5062302      6.8837864    
  15060000   0.99416282     6.0117487      1.4911949      6.877281     
  15070000   1.0026156      6.0107929      1.5038736      6.8765282    
  15080000   0.99946595     6.0140744      1.4991493      6.8817444    
  15090000   1.0036087      6.0064848      1.5053632      6.8758363    
  15100000   0.99366103     6.024866       1.4904422      6.8805245    
  15110000   0.99983844     6.0226634      1.499708       6.8881199    
  15120000   0.99775555     6.0151671      1.4965838      6.8779725    
  15130000   1.0064714      6.0208993      1.5096572      6.8838517    
  15140000   0.99331443     6.0191212      1.4899223      6.8767442    
  15150000   0.99861379     6.028051       1.4978711      6.8818335    
  15160000   1.0016497      6.0247047      1.5024247      6.8802361    
  15170000   0.99503977     6.0229295      1.4925102      6.8832501    
  15180000   0.99963483     6.0078971      1.4994026      6.8755616    
  15190000   1.0064631      6.0232506      1.5096447      6.8874916    
  15200000   0.99240593     6.0274374      1.4885596      6.8854139    
  15210000   0.99720228     6.0107504      1.4957539      6.8825584    
  15220000   1.0089964      6.0139249      1.5134445      6.8795425    
  15230000   1.0053076      6.0262866      1.5079115      6.8782458    
  15240000   1.0011981      6.014272       1.5017474      6.876557     
  15250000   0.99778442     6.0085831      1.4966271      6.8773983    
  15260000   0.99900425     6.017531       1.4984568      6.8836658    
  15270000   0.99664163     5.9998079      1.4949129      6.8785531    
  15280000   0.99323195     6.0168798      1.4897986      6.8869255    
  15290000   0.99791197     5.9971193      1.4968184      6.8717806    
  15300000   0.9978931      6.0130753      1.4967901      6.8798754    
  15310000   0.99271285     6.0149549      1.48902        6.8783692    
  15320000   0.9935427      6.0201182      1.4902647      6.8804904    
  15330000   1.0016582      6.0270538      1.5024375      6.8922054    
  15340000   0.99692529     6.0335486      1.4953384      6.8881491    
  15350000   1.0021025      6.0115221      1.503104       6.8859287    
  15360000   1.006298       6.0128923      1.5093971      6.8848603    
  15370000   0.99417877     6.0251701      1.4912188      6.8801782    
  15380000   0.99680912     6.0267996      1.4951642      6.8785123    
  15390000   1.0003168      6.0324696      1.5004254      6.8819871    
  15400000   1.0063343      6.0207494      1.5094515      6.877234     
  15410000   1.0017263      6.0402906      1.5025396      6.8855728    
  15420000   0.99695026     6.0337096      1.4953759      6.8892591    
  15430000   1.0001834      6.0276769      1.5002253      6.8777237    
  15440000   1.0062303      6.0217422      1.5092955      6.8864379    
  15450000   0.99962642     6.0183925      1.49939        6.8781261    
  15460000   1.004514       6.0276482      1.5067212      6.8867252    
  15470000   1.0030421      6.0273511      1.5045133      6.8785522    
  15480000   0.99626398     6.018043       1.4943465      6.887475     
  15490000   1.0027757      6.0202457      1.5041137      6.8830373    
  15500000   0.99617676     6.0193897      1.4942157      6.8804732    
  15510000   0.99861602     6.0206882      1.4978744      6.8819733    
  15520000   0.98816386     6.0180722      1.4821967      6.8836348    
  15530000   1.0002916      6.0207171      1.5003878      6.8851679    
  15540000   1.0010406      6.0054036      1.5015112      6.8741926    
  15550000   0.99842054     6.0181474      1.4975812      6.8821896    
  15560000   0.99317245     6.0291018      1.4897093      6.8889094    
  15570000   1.0021837      6.0187648      1.5032258      6.8799152    
  15580000   0.99784039     6.0263799      1.496711       6.88598      
  15590000   1.0048688      6.0266058      1.5072533      6.8837108    
  15600000   0.9997373      6.0412994      1.4995563      6.8861973    
  15610000   0.99907902     6.0397965      1.4985689      6.8897984    
  15620000   0.99764542     6.024312       1.4964186      6.8842683    
  15630000   1.0055803      6.0186433      1.5083205      6.8796658    
  15640000   1.0040817      6.0310335      1.5060726      6.8928504    
  15650000   1.0007825      6.0158572      1.501124       6.8779099    
  15660000   0.99900528     6.0301558      1.4984583      6.8852753    
  15670000   0.99211002     6.0290058      1.4881157      6.8822245    
  15680000   1.000878       6.0296968      1.5012673      6.8837973    
  15690000   1.0077319      6.0240371      1.5115478      6.8786214    
  15700000   1.0010839      6.036          1.5015761      6.8818348    
  15710000   0.99725242     6.0297404      1.4958291      6.880022     
  15720000   0.9960941      6.0347079      1.4940917      6.8850099    
  15730000   1.0003103      6.0178464      1.5004157      6.8762653    
  15740000   1.0082907      6.0156684      1.5123859      6.8778853    
  15750000   0.99509777     6.0115214      1.4925972      6.8812617    
  15760000   1.0073232      6.0280361      1.5109348      6.880212     
  15770000   0.99662158     6.043661       1.4948829      6.8922176    
  15780000   1.0027766      6.029822       1.504115       6.8919661    
  15790000   0.98891159     6.0294346      1.4833183      6.883014     
  15800000   0.99914086     6.0282504      1.4986617      6.8787803    
  15810000   1.0012815      6.0392512      1.5018726      6.8812134    
  15820000   0.99777988     6.0279574      1.4966203      6.8823723    
  15830000   1.0024772      6.022584       1.5036659      6.8822287    
  15840000   1.0006739      6.037497       1.5009611      6.8940665    
  15850000   0.99150112     6.0209242      1.4872024      6.8813404    
  15860000   0.99819658     5.9978837      1.4972453      6.8645441    
  15870000   1.0039833      6.0161044      1.505925       6.8838281    
  15880000   0.99546262     6.0166953      1.4931445      6.8844336    
  15890000   1.0131637      6.0176062      1.5196952      6.8872919    
  15900000   0.99976952     6.0272141      1.4996046      6.8851141    
  15910000   1.0037202      6.0149775      1.5055304      6.8825476    
  15920000   1.0065275      6.0194308      1.5097413      6.8792407    
  15930000   1.0000356      6.0172233      1.5000037      6.8757567    
  15940000   0.9997106      6.030506       1.4995162      6.8908183    
  15950000   1.0020763      6.0375094      1.5030647      6.8887443    
  15960000   0.99983162     6.0182037      1.4996978      6.8838755    
  15970000   0.99842152     6.0232916      1.4975827      6.8805774    
  15980000   0.99158657     6.0313845      1.4873306      6.8846969    
  15990000   1.0048186      6.0277974      1.507178       6.8868132    
  16000000   0.99073449     6.0240686      1.4860525      6.8865721    
  16010000   0.99833186     6.0186426      1.4974482      6.8765485    
  16020000   1.0023862      6.0236349      1.5035296      6.8872145    
  16030000   1.0002782      6.0134868      1.5003676      6.8764009    
  16040000   1.0056612      6.0184867      1.5084419      6.8812909    
  16050000   1.0009381      6.0206399      1.5013574      6.8901056    
  16060000   1.005572       6.02158        1.508308       6.8885844    
  16070000   1.0112226      6.0185663      1.5167836      6.8832554    
  16080000   0.99798172     6.0287818      1.496923       6.8834726    
  16090000   0.99488423     6.0387819      1.4922769      6.8882476    
  16100000   0.9928413      6.0230829      1.4892126      6.87714      
  16110000   0.99710841     6.0158597      1.4956131      6.8838436    
  16120000   1.0072949      6.0240217      1.5108923      6.8819179    
  16130000   1.0058195      6.029478       1.5086794      6.8919197    
  16140000   0.99780543     6.0136835      1.4966586      6.8748759    
  16150000   1.0002093      6.0169113      1.5002643      6.8802979    
  16160000   1.0082654      6.0297517      1.5123481      6.8918156    
  16170000   1.0034329      6.0173749      1.5050995      6.8795263    
  16180000   1.0049045      6.0189375      1.5073068      6.878976     
  16190000   1.0025377      6.0239542      1.5037567      6.8816851    
  16200000   0.99795577     6.0037812      1.4968841      6.8694537    
  16210000   1.0016265      6.0112975      1.50239        6.8780871    
  16220000   1.0067776      6.0150757      1.5101164      6.8860392    
  16230000   1.0048333      6.0036565      1.5072         6.8794258    
  16240000   0.99727996     6.0247231      1.4958704      6.8799066    
  16250000   1.0050156      6.013168       1.5074734      6.8812348    
  16260000   0.9972143      6.0257308      1.4957719      6.8885744    
  16270000   0.99438704     6.0237937      1.4915312      6.8792059    
  16280000   0.99947771     6.0175136      1.4991669      6.8865354    
  16290000   0.99786212     6.0267787      1.4967436      6.8833741    
  16300000   0.99996513     6.0416396      1.499898       6.8868075    
  16310000   0.99795111     6.0215227      1.4968771      6.8818115    
  16320000   1.0079257      6.031622       1.5118385      6.8871031    
  16330000   0.99993987     6.0210824      1.4998601      6.8803598    
  16340000   1.0052807      6.0144683      1.5078711      6.8856637    
  16350000   1.010391       5.9915648      1.5155363      6.8717073    
  16360000   0.99701        6.0183073      1.4954655      6.8888678    
  16370000   0.99431994     6.0165354      1.4914305      6.8791072    
  16380000   0.99841897     6.0192937      1.4975789      6.887783     
  16390000   0.99597041     6.0142515      1.4939061      6.8881127    
  16400000   1.002297       5.9979393      1.5033958      6.8761792    
  16410000   1.0037213      6.0105017      1.505532       6.8864625    
  16420000   0.99497773     6.0345473      1.4924172      6.8899597    
  16430000   1.0028822      6.023603       1.5042735      6.87964      
  16440000   0.99618146     6.0162802      1.4942227      6.8825619    
  16450000   1.0032288      6.0106346      1.5047934      6.8803106    
  16460000   0.99641667     6.0158478      1.4945755      6.8844759    
  16470000   1.0057678      6.0328077      1.5086018      6.8866526    
  16480000   0.99665611     6.0282505      1.4949347      6.8819315    
  16490000   1.0084633      6.0204431      1.5126448      6.8817663    
  16500000   1.0015503      6.0158338      1.5022757      6.8808529    
  16510000   0.99404712     6.0068729      1.4910213      6.8826944    
  16520000   1.0029975      6.0139416      1.5044464      6.8828409    
  16530000   1.00202        6.0162859      1.5029802      6.8834198    
  16540000   0.99952509     6.0090134      1.499238       6.8757275    
  16550000   0.99373132     5.9984991      1.4905476      6.8772333    
  16560000   1.003666       6.0224474      1.5054491      6.8847728    
  16570000   0.99621998     6.0144955      1.4942805      6.8829481    
  16580000   0.9930616      5.999524       1.4895431      6.8758942    
  16590000   1.0017867      6.0046793      1.5026303      6.874927     
  16600000   0.99131415     6.012818       1.486922       6.8772706    
  16610000   1.0016295      6.0368404      1.5023944      6.8891813    
  16620000   1.00395        6.0317666      1.5058751      6.8852213    
  16630000   1.0097567      6.0321271      1.5145849      6.8862731    
  16640000   0.99773499     6.0348304      1.4965529      6.8908957    
  16650000   0.99753852     6.0218334      1.4962582      6.8797643    
  16660000   0.99331438     6.0307795      1.4899222      6.8923292    
  16670000   1.001255       6.036118       1.5018327      6.8876343    
  16680000   1.0129073      6.0151999      1.5193107      6.8823658    
  16690000   1.0031907      6.0110531      1.5047362      6.8810199    
  16700000   1.0009015      6.0087358      1.5013025      6.8795672    
  16710000   0.99721563     6.0227713      1.4957739      6.8876006    
  16720000   1.0119729      6.0252262      1.5179091      6.8823534    
  16730000   1.008174       6.0230233      1.5122109      6.8817612    
  16740000   0.99343388     6.0123116      1.4901015      6.8763806    
  16750000   1.0039493      6.0238008      1.5058741      6.888593     
  16760000   0.99793861     6.0144399      1.4968584      6.8836608    
  16770000   0.99751433     6.0244558      1.496222       6.887924     
  16780000   1.0038295      6.0221536      1.5056944      6.8800737    
  16790000   0.99980747     6.0072134      1.4996616      6.8714761    
  16800000   0.99458002     6.0234675      1.4918206      6.8841575    
  16810000   1.0081126      6.0088989      1.5121188      6.8758831    
  16820000   0.99734666     6.0057246      1.4959705      6.885643     
  16830000   1.007072       6.0057752      1.510558       6.8827025    
  16840000   1.0012849      6.0058603      1.5018776      6.8766723    
  16850000   1.000147       6.0258528      1.5001708      6.88389      
  16860000   0.99780171     6.0308794      1.496653       6.8834202    
  16870000   1.0069379      6.0189848      1.5103568      6.8786134    
  16880000   0.99924651     6.0314269      1.4988201      6.8822268    
  16890000   0.99719379     6.047299       1.4957412      6.8903582    
  16900000   0.99791131     6.0247545      1.4968174      6.8820904    
  16910000   0.99569876     6.0220154      1.4934987      6.8754621    
  16920000   0.99579029     6.0333086      1.493636       6.8836441    
  16930000   0.99824743     6.0271035      1.4973216      6.8818744    
  16940000   1.007458       6.0201899      1.511137       6.8720941    
  16950000   0.99695993     6.0248868      1.4953904      6.8829955    
  16960000   1.0027146      6.0288239      1.5040221      6.8874689    
  16970000   0.99631419     6.024811       1.4944218      6.889039     
  16980000   1.0069937      6.0131526      1.5104406      6.8744656    
  16990000   0.99264847     6.0278522      1.4889234      6.8882924    
  17000000   1.00091        6.0148313      1.5013152      6.881871     
  17010000   0.99873673     6.0197449      1.4980555      6.8848229    
  17020000   1.000892       6.026224       1.5012883      6.8810176    
  17030000   0.99987979     6.0243447      1.49977        6.8862407    
  17040000   1.0009799      6.0224276      1.5014202      6.8850107    
  17050000   1.0041491      6.0218061      1.5061737      6.8793032    
  17060000   0.99121419     6.0197275      1.4867721      6.8872902    
  17070000   0.99772139     6.0189373      1.4965325      6.8801514    
  17080000   0.99979836     6.0250414      1.4996479      6.8885026    
  17090000   0.99957921     6.023082       1.4993192      6.8814657    
  17100000   0.99521112     6.0278241      1.4927673      6.8805475    
  17110000   0.99900705     6.027377       1.4984609      6.8837647    
  17120000   0.99341738     6.0464129      1.4900767      6.892164     
  17130000   1.0081871      6.0239843      1.5122305      6.8804355    
  17140000   0.99820391     6.0311746      1.4972563      6.886525     
  17150000   0.99966478     6.0290125      1.4994475      6.8839552    
  17160000   1.0081113      6.0264703      1.5121169      6.8762627    
  17170000   1.0011321      6.0266146      1.5016485      6.8838729    
  17180000   1.0020972      6.0166046      1.5030961      6.8806759    
  17190000   1.0040579      6.0296521      1.5060369      6.8903348    
  17200000   0.99952003     6.0260165      1.4992304      6.8838383    
  17210000   1.0068876      6.0116729      1.5102814      6.8820504    
  17220000   0.99589785     6.0116197      1.4937973      6.8811629    
  17230000   0.99180617     6.0222407      1.48766        6.8861552    
  17240000   1.0013081      6.0024017      1.5019124      6.8773924    
  17250000   1.0001859      6.0122676      1.5002292      6.8854024    
  17260000   1.0007217      6.0096155      1.5010328      6.8799308    
  17270000   0.99872677     5.9963146      1.4980406      6.8726994    
  17280000   0.99923789     6.0199098      1.4988072      6.8870507    
  17290000   0.99415616     6.0213508      1.4911849      6.8919175    
  17300000   1.0039628      6.0101222      1.5058943      6.8788209    
  17310000   1.0010217      6.015664       1.5014829      6.8800469    
  17320000   1.0051846      6.0128245      1.507727       6.8808871    
  17330000   0.99512055     6.0173212      1.4926314      6.8864342    
  17340000   1.0034152      6.0216662      1.505073       6.8787183    
  17350000   1.0035129      6.0084779      1.5052196      6.8774023    
  17360000   0.99767333     6.0186682      1.4964604      6.8829772    
  17370000   1.0004268      6.0028671      1.5005905      6.8751577    
  17380000   1.0020713      6.0045294      1.5030571      6.8832712    
  17390000   1.0012484      6.025756       1.5018229      6.8884878    
  17400000   0.99696246     6.0065601      1.4953942      6.8802697    
  17410000   1.0048989      6.0016852      1.5072985      6.8722126    
  17420000   0.99749046     6.00814        1.4961861      6.8846142    
  17430000   1.001538       6.0199453      1.5022573      6.8882018    
  17440000   1.004433       6.0152988      1.5065996      6.8843794    
  17450000   0.99575452     6.019098       1.4935823      6.8888611    
  17460000   0.99653752     6.0004655      1.4947568      6.8826198    
  17470000   1.0064834      6.0169633      1.5096751      6.8844932    
  17480000   1.0053596      6.0137693      1.5079895      6.8800605    
  17490000   1.0028482      6.0160774      1.5042225      6.8757534    
  17500000   1.004847       6.0202536      1.5072206      6.8774385    
  17510000   1.0038138      6.0312966      1.5056708      6.8928235    
  17520000   0.99803742     6.0208351      1.4970066      6.8859943    
  17530000   1.0106013      6.0079891      1.5158517      6.8737136    
  17540000   0.99477385     6.0147476      1.4921114      6.8857078    
  17550000   0.99580182     6.0118852      1.4936533      6.8758314    
  17560000   1.0034001      6.0144989      1.5050503      6.8888902    
  17570000   0.9969531      6.0196858      1.4953801      6.8858587    
  17580000   0.99562935     6.0199911      1.4933946      6.88942      
  17590000   0.99290377     6.0105994      1.4893063      6.8793504    
  17600000   0.99915519     6.0224841      1.4986832      6.8819142    
  17610000   1.0047003      6.0219302      1.5070006      6.881497     
  17620000   1.0044221      6.0183971      1.5065832      6.8854506    
  17630000   0.99924436     6.0142612      1.4988169      6.8822357    
  17640000   1.0115353      6.0269377      1.5172527      6.8896567    
  17650000   0.9866099      6.0189708      1.4798658      6.8795616    
  17660000   1.0033134      6.0079425      1.5049203      6.8788056    
  17670000   0.999328       6.0235691      1.4989424      6.8899189    
  17680000   0.99809619     6.0074585      1.4970947      6.878167     
  17690000   1.0046181      5.9997687      1.5068772      6.8759596    
  17700000   1.0018591      6.0149502      1.5027389      6.8833689    
  17710000   1.0001906      6.0183777      1.5002362      6.8862108    
  17720000   1.0070649      6.0123815      1.5105474      6.8825399    
  17730000   0.99223303     6.0158249      1.4883003      6.8794316    
  17740000   0.99258621     6.0308741      1.48883        6.8839471    
  17750000   1.0026297      6.0015067      1.5038948      6.8732502    
  17760000   0.99292856     6.0166866      1.4893435      6.8776115    
  17770000   1.0005641      6.0081598      1.5007964      6.8816713    
  17780000   0.99829263     6.0267442      1.4973894      6.8848404    
  17790000   1.0032012      6.0297451      1.5047519      6.885817     
  17800000   1.0051905      6.0263199      1.5077359      6.8813966    
  17810000   0.9963292      6.0088964      1.4944443      6.8783515    
  17820000   1.0074653      6.0023194      1.5111479      6.8810031    
  17830000   0.99430598     6.0115822      1.4914096      6.8805692    
  17840000   0.99936913     6.0095811      1.4990041      6.8806717    
  17850000   1.002568       6.0140281      1.5038023      6.8805856    
  17860000   0.9997768      6.0161023      1.4996155      6.8812909    
  17870000   0.99668253     6.0226692      1.4949743      6.8804802    
  17880000   1.0010157      6.0183303      1.5014738      6.8750491    
  17890000   1.0017072      6.0190346      1.502511       6.8833351    
  17900000   0.99520386     6.0268838      1.4927564      6.8885289    
  17910000   0.99996917     6.0202182      1.4999041      6.8841107    
  17920000   1.0005748      6.0137498      1.5008125      6.8801522    
  17930000   0.99411396     6.0079745      1.4911216      6.8808321    
  17940000   1.0013054      6.009604       1.5019084      6.875926     
  17950000   1.0014802      6.0253927      1.5021706      6.8825244    
  17960000   1.0030059      6.0159187      1.5044591      6.8802357    
  17970000   1.0040479      6.0058194      1.5060219      6.8770736    
  17980000   0.99440442     6.0184732      1.4915572      6.8807941    
  17990000   1.0006583      6.0224537      1.5009378      6.8930165    
  18000000   1.0051082      6.0060438      1.5076124      6.8816335    
  18010000   0.99966805     6.0185636      1.4994524      6.8799963    
  18020000   1.0093125      6.0171485      1.5139186      6.8838156    
  18030000   1.0012959      6.0143138      1.5018941      6.8791936    
  18040000   1.0053287      6.0110751      1.5079431      6.8815542    
  18050000   1.0009058      6.0118483      1.501309       6.8870329    
  18060000   1.0002678      6.0015275      1.5003521      6.8775303    
  18070000   0.99815593     6.0161184      1.4971843      6.8795169    
  18080000   1.0010485      6.0092632      1.501523       6.8727707    
  18090000   1.0076866      6.0091828      1.5114799      6.8751951    
  18100000   1.0017917      6.0230818      1.5026378      6.8871537    
  18110000   0.99501533     6.0233256      1.4924736      6.8857904    
  18120000   0.9947137      6.014156       1.4920211      6.8801484    
  18130000   1.0077346      6.0048151      1.5115518      6.8817524    
  18140000   0.99391454     6.0089423      1.4908224      6.8885004    
  18150000   0.99488629     6.0118195      1.49228        6.8832385    
  18160000   1.0020873      6.0137754      1.5030811      6.8785105    
  18170000   0.99324112     6.0233071      1.4898124      6.8878442    
  18180000   0.99568846     6.0168867      1.4934832      6.8801498    
  18190000   0.99736336     6.0220197      1.4959955      6.8841352    
  18200000   0.99680948     6.0246049      1.4951647      6.8780902    
  18210000   0.99213417     6.0324129      1.488152       6.8876019    
  18220000   1.0109178      6.025469       1.5163266      6.8819878    
  18230000   1.002816       6.0135273      1.5041741      6.8804326    
  18240000   1.0062185      6.0181112      1.5092777      6.873208     
  18250000   0.99400084     6.0235051      1.4909519      6.8804467    
  18260000   1.0010965      6.0425114      1.5015951      6.89239      
  18270000   0.99788341     6.0350733      1.4967756      6.8857686    
  18280000   0.99261008     6.0175297      1.4888658      6.8781907    
  18290000   0.99327829     6.0166759      1.4898681      6.8768534    
  18300000   1.0061335      6.0141         1.5091503      6.8793021    
  18310000   0.99987677     6.026899       1.4997655      6.8873852    
  18320000   1.0051619      6.0282077      1.5076929      6.8931785    
  18330000   1.0037268      6.0163255      1.5055403      6.8768457    
  18340000   1.0022082      6.0226945      1.5032625      6.8854265    
  18350000   1.0039212      6.025423       1.5058319      6.8810725    
  18360000   1.0026487      6.0188065      1.5039233      6.8867309    
  18370000   1.0024299      6.0231124      1.5035951      6.8827971    
  18380000   1.0014249      6.0182177      1.5020876      6.885852     
  18390000   0.99969474     6.0136886      1.4994925      6.8847933    
  18400000   1.0068582      6.0236828      1.5102373      6.877999     
  18410000   1.0025807      6.0256522      1.5038212      6.8851132    
  18420000   1.0046996      6.0125167      1.5069994      6.874801     
  18430000   0.99569811     6.0151075      1.4934977      6.8828054    
  18440000   1.0040716      6.0159821      1.5060575      6.8760715    
  18450000   1.001153       6.0218634      1.5016798      6.8917761    
  18460000   0.9967237      6.0378857      1.495036       6.8851892    
  18470000   0.99703077     6.0347161      1.4954966      6.8862492    
  18480000   0.99330962     6.0166417      1.4899151      6.8778062    
  18490000   0.99915163     6.0211533      1.4986778      6.8832126    
  18500000   1.0010972      6.0161339      1.5015961      6.8763827    
  18510000   0.99773851     6.0208419      1.4965582      6.8777359    
  18520000   0.99564387     6.0198796      1.4934164      6.8871638    
  18530000   0.99593508     6.0155619      1.4938531      6.8828518    
  18540000   1.0011817      6.0231632      1.5017229      6.8832836    
  18550000   0.99759914     6.012582       1.4963492      6.8756562    
  18560000   0.9982332      6.0118388      1.4973002      6.8781644    
  18570000   1.0013306      6.0175205      1.5019462      6.8827338    
  18580000   0.99728393     6.0086084      1.4958764      6.8791905    
  18590000   1.0033583      6.015219       1.5049877      6.883341     
  18600000   1.0027665      6.0217811      1.5041         6.878723     
  18610000   1.0013615      6.0244559      1.5019925      6.8831944    
  18620000   1.0039448      6.01645        1.5058673      6.8795641    
  18630000   1.0058515      6.0052026      1.5087273      6.8758008    
  18640000   1.0077745      6.0072843      1.5116117      6.8811768    
  18650000   1.005628       6.0242837      1.5083921      6.889623     
  18660000   0.99822809     6.0140325      1.4972926      6.8878837    
  18670000   1.0012431      6.0226052      1.501815       6.8878504    
  18680000   1.0017195      6.0253498      1.5025295      6.8866137    
  18690000   0.99990836     6.0292351      1.4998129      6.8901429    
  18700000   0.99867227     6.0196937      1.4979588      6.879747     
  18710000   0.99500908     6.0233488      1.4924642      6.8836427    
  18720000   1.0020139      6.0304026      1.5029711      6.8878192    
  18730000   0.99944617     6.0333876      1.4991196      6.887734     
  18740000   0.99667074     6.0370438      1.4949566      6.8863566    
  18750000   0.99955438     6.0418022      1.4992819      6.8888975    
  18760000   0.99387333     6.0223516      1.4907606      6.877127     
  18770000   1.0009846      6.0160613      1.5014271      6.8788661    
  18780000   1.0065194      6.0230754      1.5097291      6.8811934    
  18790000   1.0013594      6.0334222      1.5019894      6.8891026    
  18800000   1.0024234      6.0118319      1.5035853      6.882048     
  18810000   1.0131416      6.0229039      1.5196621      6.8875454    
  18820000   1.0030939      6.0175515      1.504591       6.8765063    
  18830000   1.0024683      6.031351       1.5036526      6.8884292    
  18840000   1.0030729      6.0287692      1.5045595      6.8854848    
  18850000   1.0024442      6.0348191      1.5036166      6.8918895    
  18860000   0.99683955     6.0246054      1.4952098      6.8832755    
  18870000   1.0033142      6.0187082      1.5049215      6.8863659    
  18880000   0.99318926     6.0296573      1.4897346      6.8864375    
  18890000   1.0053995      6.0262894      1.5080493      6.8869092    
  18900000   0.9983823      6.0167368      1.4975239      6.8864285    
  18910000   1.0013427      6.0089891      1.5019643      6.882713     
  18920000   0.99921077     6.0200673      1.4987665      6.8787479    
  18930000   0.99520775     6.0217354      1.4927622      6.8849146    
  18940000   1.0088316      6.0324609      1.5131973      6.8814934    
  18950000   1.0009877      6.037026       1.5014318      6.8923002    
  18960000   1.0043201      6.0323134      1.5064303      6.8834671    
  18970000   0.993928       6.0309718      1.4908426      6.8843128    
  18980000   0.99879262     6.0309268      1.4981393      6.8844884    
  18990000   1.0005484      6.01725        1.5007729      6.8803208    
  19000000   0.99371898     6.0335662      1.4905291      6.8860538    
  19010000   0.99793966     6.018622       1.4968599      6.8841292    
  19020000   0.99563992     6.023929       1.4934104      6.888906     
  19030000   1.0002722      6.0037957      1.5003586      6.8785578    
  19040000   1.002268       6.0185031      1.5033522      6.8862204    
  19050000   1.0088488      6.011354       1.5132231      6.8806532    
  19060000   0.99829212     6.0124061      1.4973886      6.8828981    
  19070000   1.0037886      6.0320385      1.5056331      6.888498     
  19080000   0.99580973     6.017726       1.4936651      6.8769556    
  19090000   1.0034424      6.0059826      1.5051138      6.8765459    
  19100000   0.99539465     6.0154213      1.4930425      6.879924     
  19110000   0.99851802     6.0108653      1.4977274      6.8772015    
  19120000   0.99928118     6.0033576      1.4988721      6.8767815    
  19130000   0.99963711     6.0249115      1.499406       6.8878225    
  19140000   0.99845762     6.0325723      1.4976368      6.8880602    
  19150000   1.0042927      6.0272459      1.5063891      6.8820183    
  19160000   0.9974805      6.0307801      1.4961712      6.8864902    
  19170000   0.99947508     6.0193292      1.499163       6.8750865    
  19180000   1.009352       6.0155842      1.5139778      6.8830624    
  19190000   1.0020742      6.0145322      1.5030615      6.8828006    
  19200000   0.99682134     6.0134102      1.4951825      6.8835529    
  19210000   0.99223027     6.0128855      1.4882961      6.8832975    
  19220000   0.99795039     6.0156929      1.496876       6.8837541    
  19230000   0.99563112     6.0226452      1.4933972      6.8818232    
  19240000   0.99440966     6.0252634      1.4915651      6.8887184    
  19250000   0.99840939     6.0131059      1.4975645      6.8782543    
  19260000   1.0071707      6.0138124      1.5107061      6.8861486    
  19270000   0.99093162     6.0133325      1.4863482      6.8836078    
  19280000   1.0114929      6.0160691      1.5171891      6.8809249    
  19290000   0.99208482     6.018325       1.488078       6.8735141    
  19300000   1.003112       6.0143099      1.5046182      6.8796031    
  19310000   0.99736191     6.0303277      1.4959933      6.8812489    
  19320000   1.0029774      6.0174724      1.5044163      6.8771526    
  19330000   1.0059921      6.0193424      1.5089382      6.8843891    
  19340000   0.99295664     6.0090129      1.4893856      6.8799528    
  19350000   1.0007676      6.0125945      1.5011016      6.8799394    
  19360000   1.0005258      6.0318407      1.500739       6.8823485    
  19370000   1.0006918      6.0208072      1.500988       6.8801404    
  19380000   0.99232385     6.0180382      1.4884365      6.8807205    
  19390000   1.0049023      6.0138864      1.5073035      6.8822256    
  19400000   0.99583809     6.0291789      1.4937077      6.890893     
  19410000   0.99841764     6.0230837      1.4975769      6.8841514    
  19420000   0.99690847     6.0302213      1.4953132      6.8850118    
  19430000   0.99864813     6.0275359      1.4979226      6.8860382    
  19440000   1.0046614      6.0233134      1.5069423      6.8830472    
  19450000   0.99702418     6.0220687      1.4954867      6.8834271    
  19460000   1.0011901      6.023185       1.5017354      6.8820489    
  19470000   0.99662166     6.028262       1.494883       6.8816579    
  19480000   1.0016702      6.0297853      1.5024555      6.8856199    
  19490000   1.0009202      6.025926       1.5013306      6.8847385    
  19500000   1.003202       6.0309117      1.5047532      6.8876205    
  19510000   1.0032072      6.0243797      1.5047609      6.8865548    
  19520000   0.9948176      6.0319366      1.492177       6.8848784    
  19530000   1.0004122      6.0151855      1.5005686      6.8835306    
  19540000   0.99396929     6.0292232      1.4909046      6.8826713    
  19550000   1.0084975      6.0267084      1.5126962      6.88632      
  19560000   1.0035839      6.0178915      1.505326       6.8804949    
  19570000   1.001862       6.0186892      1.5027433      6.8825412    
  19580000   1.0011246      6.0136939      1.5016371      6.8788926    
  19590000   1.0035344      6.0187611      1.5052517      6.8843701    
  19600000   0.99522466     6.026326       1.4927876      6.8826548    
  19610000   0.99261099     6.0235569      1.4888672      6.881116     
  19620000   0.99580099     6.0333009      1.493652       6.8880804    
  19630000   1.005192       6.0265801      1.507738       6.8887946    
  19640000   1.0000488      6.0238048      1.5000236      6.8832285    
  19650000   0.99731936     6.0152919      1.4959295      6.8790439    
  19660000   1.0041603      6.011303       1.5061906      6.877971     
  19670000   0.99770403     6.016582       1.4965065      6.8767908    
  19680000   0.99502107     6.0240344      1.4924822      6.8804974    
  19690000   0.99217924     6.0205519      1.4882196      6.8833375    
  19700000   0.99946508     6.0158447      1.499148       6.8756497    
  19710000   0.99813448     6.0024745      1.4971521      6.8718292    
  19720000   0.99585173     6.0339492      1.4937281      6.8898537    
  19730000   1.0070684      6.0217246      1.5105526      6.8809918    
  19740000   1.0007871      6.0316074      1.5011309      6.8898311    
  19750000   0.99774878     6.0241873      1.4965736      6.8823783    
  19760000   1.005785       6.027405       1.5086276      6.8849523    
  19770000   1.0035765      6.0202344      1.505315       6.8824925    
  19780000   0.99561236     6.0212579      1.4933691      6.8884109    
  19790000   1.0068974      6.012672       1.5102962      6.8755375    
  19800000   1.0036196      6.0241679      1.5053795      6.8857842    
  19810000   0.9908225      6.0179121      1.4861845      6.8879441    
  19820000   0.99440422     6.0140727      1.4915569      6.8781717    
  19830000   0.99631088     6.0179028      1.4944168      6.8857209    
  19840000   0.99184885     6.0058557      1.487724       6.8866647    
  19850000   1.0050637      6.0086855      1.5075457      6.8811816    
  19860000   1.002956       6.0162637      1.5043841      6.8872651    
  19870000   1.0037841      6.0128332      1.5056263      6.8775301    
  19880000   0.99714755     6.0068365      1.4956718      6.8840141    
  19890000   1.002605       6.0171551      1.5038578      6.8898646    
  19900000   1.0032966      6.0281801      1.504895       6.8907074    
  19910000   1.0030182      6.0161753      1.5044774      6.8861757    
  19920000   1.0038111      6.002911       1.5056667      6.8769043    
  19930000   1.0075716      5.9949998      1.5113073      6.8707059    
  19940000   1.0073262      6.0188453      1.5109393      6.8836505    
  19950000   1.0031704      6.019621       1.5047058      6.8850675    
  19960000   0.99312394     6.0379882      1.4896366      6.8939313    
  19970000   1.0017826      6.015287       1.5026242      6.8846564    
  19980000   0.99549932     6.0141404      1.4931995      6.8815863    
  19990000   0.99919941     6.0163982      1.4987495      6.8841791    
  20000000   0.99855562     6.0162286      1.4977838      6.8834786    
  20010000   1.0011483      6.0100865      1.5016728      6.8825756    
  20020000   0.9994174      6.0151887      1.4990765      6.8839599    
  20030000   1.0030602      5.9986062      1.5045404      6.8800196    
Loop time of 221227 on 1 procs for 20000000 steps with 30200 atoms

Performance: 39054.915 tau/day, 90.405 timesteps/s
100.0% CPU use with 1 MPI tasks x 1 OpenMP threads

MPI task timing breakdown:
Section |  min time  |  avg time  |  max time  |%varavg| %total
---------------------------------------------------------------
Pair    | 1.4473e+05 | 1.4473e+05 | 1.4473e+05 |   0.0 | 65.42
Bond    | 7521.9     | 7521.9     | 7521.9     |   0.0 |  3.40
Neigh   | 39410      | 39410      | 39410      |   0.0 | 17.81
Comm    | 902.17     | 902.17     | 902.17     |   0.0 |  0.41
Output  | 2.2339     | 2.2339     | 2.2339     |   0.0 |  0.00
Modify  | 27409      | 27409      | 27409      |   0.0 | 12.39
Other   |            | 1253       |            |       |  0.57

Nlocal:          30200 ave       30200 max       30200 min
Histogram: 1 0 0 0 0 0 0 0 0 0
Nghost:           9576 ave        9576 max        9576 min
Histogram: 1 0 0 0 0 0 0 0 0 0
Neighs:    1.01128e+06 ave 1.01128e+06 max 1.01128e+06 min
Histogram: 1 0 0 0 0 0 0 0 0 0

Total # of neighbors = 1011280
Ave neighs/atom = 33.486093
Ave special neighs/atom = 1.9072848
Neighbor list builds = 889941
Dangerous builds = 0

write_data data*.xyz
System init for write_data ...
Generated 0 of 6 mixed pair_coeff terms from geometric mixing rule
WARNING: Not all mixed pair coeffs generated from mixing. Use write_data with 'pair ij' option to store all pair coeffs. (src/write_data.cpp:309)
write_restart 	restart.polymer_ring
System init for write_restart ...
Generated 0 of 6 mixed pair_coeff terms from geometric mixing rule

print "ALL done"
ALL done
Total wall time: 61:29:39
