pair_style lj/cut 4.0
pair_modify shift yes

read_restart prod.restart1
Reading restart file ...
  restart file = 23 Jun 2022, LAMMPS = 23 Jun 2022
  restoring atom style bond from restart
  orthogonal box = (-30 -30 -35) to (30 30 35)
  1 by 1 by 1 MPI processor grid
  restoring pair style lj/cut from restart
  restoring bond style fene from restart
  16250 atoms
  15600 bonds
Finding 1-2 1-3 1-4 neighbors ...
  special bond factors lj:    0        1        1       
  special bond factors coul:  0        1        1       
     2 = max # of 1-2 neighbors
     6 = max # of special neighbors
  special bonds CPU = 0.003 seconds
  read_restart CPU = 0.008 seconds
bond_style fene
special_bonds fene

bond_coeff 1 10.0 2.0 1.0 1.0
group polymer type 1
16250 atoms in group polymer

pair_coeff	1 1 0.5 1.0 2.5
pair_coeff 	1 2 50.0 1.0 4.0
pair_coeff	2 2 1.0 1.0 1.1225


neighbor       0.5 bin

region upper_box block -30 30 -30 30 32.2 34.8
create_atoms 2 random 1 998273 upper_box
Created 1 atoms
  using lattice units in orthogonal box = (-30 -30 -35) to (30 30 35)
  create_atoms CPU = 0.000 seconds


group ligand type 2
1 atoms in group ligand
delete_atoms group ligand
WARNING: Ignoring 'compress yes' for molecular system (src/delete_atoms.cpp:140)
Deleted 1 atoms, new total = 16250

fix 1 polymer wall/lj126 zlo -32 1.0 1.0 1.1225 zhi 32 1.0 1.0 1.1225
fix 2 ligand wall/lj126 zlo 32 1.0 1.0 1.1225 zhi 35 1.0 1.0 1.1225

#minimize 1.0e-4 1.0e-6 100 1000

fix 3 all nve/limit 0.01
run 10000
Generated 0 of 1 mixed pair_coeff terms from geometric mixing rule
Neighbor list info ...
  update every 1 steps, delay 10 steps, check yes
  max neighbors/atom: 2000, page size: 100000
  master list distance cutoff = 4.5
  ghost atom cutoff = 4.5
  binsize = 2.25, bins = 27 27 32
  1 neighbor lists, perpetual/occasional/extra = 1 0 0
  (1) pair lj/cut, perpetual
      attributes: half, newton on
      pair build: half/bin/newton
      stencil: half/bin/3d
      bin: standard
Per MPI rank memory allocation (min/avg/max) = 13.17 | 13.17 | 13.17 Mbytes
   Step          Temp          E_pair         E_mol          TotEng         Press     
    100000   0.99738808     3.3733435      7.4553551      12.324689      2.8742013    
    110000   0.23634003    -2.3899209      6.4695733      4.4341406     -0.0022069347 
Loop time of 77.5157 on 1 procs for 10000 steps with 16250 atoms

Performance: 55730.674 tau/day, 129.006 timesteps/s
100.0% CPU use with 1 MPI tasks x 1 OpenMP threads

MPI task timing breakdown:
Section |  min time  |  avg time  |  max time  |%varavg| %total
---------------------------------------------------------------
Pair    | 63.358     | 63.358     | 63.358     |   0.0 | 81.74
Bond    | 1.7035     | 1.7035     | 1.7035     |   0.0 |  2.20
Neigh   | 10.559     | 10.559     | 10.559     |   0.0 | 13.62
Comm    | 0.21619    | 0.21619    | 0.21619    |   0.0 |  0.28
Output  | 6.3447e-05 | 6.3447e-05 | 6.3447e-05 |   0.0 |  0.00
Modify  | 1.3839     | 1.3839     | 1.3839     |   0.0 |  1.79
Other   |            | 0.2948     |            |       |  0.38

Nlocal:          16250 ave       16250 max       16250 min
Histogram: 1 0 0 0 0 0 0 0 0 0
Nghost:           3458 ave        3458 max        3458 min
Histogram: 1 0 0 0 0 0 0 0 0 0
Neighs:         740547 ave      740547 max      740547 min
Histogram: 1 0 0 0 0 0 0 0 0 0

Total # of neighbors = 740547
Ave neighs/atom = 45.572123
Ave special neighs/atom = 1.92
Neighbor list builds = 378
Dangerous builds = 0
unfix 3

fix 3 all nve
fix		4 all langevin 1 1 100.0 90428

thermo_style	custom step temp pe ke ebond
thermo_modify flush yes
thermo          10000

timestep	0.005

dump 1 all custom 50000 file_trajectory.bin id type x y z xu yu zu vx vy vz

restart 100000  prod.restart2 prod.restart3

run 20000000
Generated 0 of 1 mixed pair_coeff terms from geometric mixing rule
Per MPI rank memory allocation (min/avg/max) = 13.48 | 13.48 | 13.48 Mbytes
   Step          Temp          PotEng         KinEng         E_bond    
    110000   0.23634003     4.0796524      0.35448823     6.4695733    
    120000   0.47918168     4.6631871      0.71872829     6.5943026    
    130000   0.64146659     5.0721544      0.96214067     6.6886137    
    140000   0.7554982      5.3667511      1.1331776      6.7634741    
    150000   0.83689534     5.5401691      1.2552658      6.8054299    
    160000   0.88100972     5.6845196      1.3214333      6.8457283    
    170000   0.92351295     5.7526083      1.3851842      6.8596075    
    180000   0.94756949     5.8283709      1.4212668      6.8863975    
    190000   0.97325547     5.8889988      1.4597934      6.909299     
    200000   0.97109753     5.9237661      1.4565567      6.9085325    
    210000   0.98325057     5.9424147      1.4747851      6.912192     
    220000   1.0005289      5.9497277      1.500701       6.9180132    
    230000   0.99888374     5.9744082      1.4982334      6.9322053    
    240000   0.9981076      5.9796624      1.4970693      6.9212882    
    250000   0.99846601     5.9869679      1.4976068      6.9235445    
    260000   1.003414       5.9722844      1.5050283      6.9128242    
    270000   0.99909809     5.9841036      1.4985549      6.9218995    
    280000   1.0051775      5.9725223      1.5076734      6.9089676    
    290000   1.0057195      5.9798021      1.5084864      6.9229604    
    300000   0.99389353     5.9893593      1.4907485      6.9217954    
    310000   0.99282148     5.9836831      1.4891406      6.9255701    
    320000   1.0008419      5.9853931      1.5011705      6.9218004    
    330000   0.99209979     6.0125244      1.4880581      6.9205507    
    340000   1.0026831      5.9932606      1.5039321      6.9270642    
    350000   1.0081499      5.9835316      1.5121318      6.9315228    
    360000   1.0052498      5.995054       1.5077818      6.9233928    
    370000   0.99368996     6.0113767      1.4904432      6.9284915    
    380000   1.0079734      6.0187219      1.511867       6.9375245    
    390000   1.0080511      5.9945647      1.5119836      6.9195569    
    400000   1.0090513      6.0007697      1.5134838      6.9258484    
    410000   1.0056707      6.0160132      1.5084132      6.9233624    
    420000   1.0075296      6.005752       1.5112013      6.9296018    
    430000   0.99320709     6.0040207      1.489719       6.92492      
    440000   1.0033474      5.9999411      1.5049286      6.9257249    
    450000   0.98750853     6.0175057      1.4811716      6.9310496    
    460000   0.99926964     6.0100462      1.4988122      6.9336072    
    470000   1.0019535      6.014655       1.5028377      6.9312135    
    480000   1.0168833      5.9847634      1.5252311      6.9144476    
    490000   0.99933345     6.000052       1.4989079      6.9359752    
    500000   0.99175066     5.9913965      1.4875345      6.9190797    
    510000   0.99447106     6.0017724      1.4916148      6.9335295    
    520000   0.99432189     5.994159       1.4913911      6.9295452    
    530000   1.0044657      5.9773759      1.5066059      6.9211538    
    540000   1.0024742      5.9941641      1.5036187      6.9300472    
    550000   0.99497796     5.995932       1.4923751      6.9152465    
    560000   0.99936628     6.0128327      1.4989572      6.9306609    
    570000   0.99636497     6.010519       1.4944555      6.9228955    
    580000   1.0038282      6.0212703      1.5056496      6.9308112    
    590000   0.99940524     6.0236993      1.4990156      6.929014     
    600000   0.9941203      6.0141264      1.4910887      6.9284787    
    610000   0.9991534      6.0002667      1.4986379      6.927977     
    620000   1.0007082      5.9972372      1.50097        6.9214368    
    630000   0.99344562     5.9905154      1.4900767      6.9268765    
    640000   0.99431388     6.0054224      1.491379       6.9244192    
    650000   0.98910604     6.0054516      1.4835678      6.9224437    
    660000   0.99541413     5.9908465      1.4930293      6.9189885    
    670000   0.99702081     5.9924038      1.4954392      6.9259583    
    680000   0.99011488     6.0070185      1.4850809      6.9281711    
    690000   1.0070458      5.9930945      1.5104758      6.9309962    
    700000   1.0062958      5.9954474      1.5093508      6.9182703    
    710000   1.0000798      6.0060232      1.5000274      6.9320959    
    720000   0.99878231     6.0018102      1.4980813      6.9238065    
    730000   0.99485123     5.9916188      1.492185       6.9202332    
    740000   0.99016551     5.997224       1.4851569      6.9183544    
    750000   0.99968785     5.9808396      1.4994395      6.9137017    
    760000   0.99916819     5.9868914      1.49866        6.9249362    
    770000   0.99200315     6.0094135      1.4879132      6.9337972    
    780000   0.99325233     5.9993571      1.4897868      6.9177472    
    790000   0.99273917     6.0139408      1.4890171      6.9253616    
    800000   0.98827742     5.999945       1.4823249      6.9229702    
    810000   1.0028885      5.9870765      1.5042402      6.9153871    
    820000   0.99244091     5.9823656      1.4885698      6.9197702    
    830000   0.98588376     5.9949585      1.4787346      6.9252055    
    840000   0.99870402     5.9925924      1.4979638      6.9240291    
    850000   0.99077403     6.0059502      1.4860696      6.9298804    
    860000   0.99901675     5.9879195      1.4984329      6.9289627    
    870000   0.98258972     5.9867925      1.4737939      6.9273049    
    880000   0.98708169     5.9717312      1.4805314      6.9235899    
    890000   0.98715052     5.9793726      1.4806347      6.9171804    
    900000   0.99073268     5.9560896      1.4860076      6.906184     
    910000   0.99219562     5.9823028      1.4882018      6.9094188    
    920000   0.99224275     5.9848042      1.4882725      6.9190274    
    930000   1.0001747      6.0160591      1.5001698      6.9242014    
    940000   0.9977302      6.0152536      1.4965032      6.9263809    
    950000   0.99284569     6.022035       1.4891769      6.9329716    
    960000   1.0050019      6.0167942      1.5074101      6.9218722    
    970000   1.0030942      6.0203762      1.5045488      6.9289597    
    980000   0.99179614     6.0216764      1.4876027      6.9342342    
    990000   1.0011215      5.9993715      1.5015898      6.9277596    
   1000000   0.99307766     6.0091666      1.4895248      6.9254423    
   1010000   1.0064297      6.0038443      1.5095516      6.9231178    
   1020000   1.0086541      6.0013257      1.5128881      6.9269943    
   1030000   1.001805       6.0208349      1.5026151      6.9287727    
   1040000   1.0161314      6.0228567      1.5241033      6.9279697    
   1050000   1.0146977      6.0249706      1.5219529      6.9314315    
   1060000   1.0063969      6.0427604      1.5095025      6.9361837    
   1070000   1.0191963      6.0214182      1.5287003      6.9266015    
   1080000   1.010527       6.028247       1.5156972      6.930689     
   1090000   1.0110373      6.026815       1.5164627      6.9376194    
   1100000   1.0030361      6.0339057      1.5044615      6.9335358    
   1110000   1.0065403      6.018827       1.5097175      6.9238494    
   1120000   1.0014571      5.999971       1.5020932      6.9308998    
   1130000   0.99416275     5.9990401      1.4911523      6.9231105    
   1140000   1.0039703      6.0028555      1.5058628      6.921963     
   1150000   1.0035678      6.00818        1.5052591      6.9298629    
   1160000   1.0116954      6.0027737      1.5174497      6.9285714    
   1170000   0.99481763     6.0145747      1.4921346      6.9331422    
   1180000   1.0055656      5.9838947      1.5082556      6.9087781    
   1190000   0.98931425     6.0240889      1.4838801      6.9319658    
   1200000   0.9945147      6.0164401      1.4916802      6.9285837    
   1210000   1.0087092      6.0048966      1.5129707      6.9189483    
   1220000   0.99681512     6.0109754      1.4951307      6.9263458    
   1230000   1.0000703      6.0109164      1.5000131      6.92889      
   1240000   1.0009942      6.0237491      1.5013989      6.928193     
   1250000   1.008784       6.0170871      1.5130829      6.9362372    
   1260000   0.99662617     6.0250489      1.4948473      6.9350739    
   1270000   1.0025835      6.0220781      1.5037826      6.9260822    
   1280000   0.99914994     6.0200075      1.4986327      6.9287354    
   1290000   1.0013323      6.0195964      1.5019061      6.9214901    
   1300000   0.99840395     6.030788       1.4975138      6.9317735    
   1310000   0.99127115     6.0289786      1.4868152      6.9364814    
   1320000   1.0029098      6.0080316      1.5042722      6.9238583    
   1330000   0.99220568     6.0122283      1.4882169      6.9272162    
   1340000   0.99625824     5.9985671      1.4942954      6.9244711    
   1350000   1.0013739      6.0175062      1.5019685      6.9297319    
   1360000   1.0043006      6.0111076      1.5063583      6.9318646    
   1370000   1.0000853      5.9983734      1.5000356      6.9282523    
   1380000   1.0048271      6.0033448      1.5071479      6.9244909    
   1390000   1.0017682      6.0135484      1.5025599      6.9282947    
   1400000   1.0102989      6.0247534      1.5153551      6.9361245    
   1410000   1.008736       6.0126537      1.5130109      6.9305638    
   1420000   1.0069233      6.0081128      1.5102921      6.931607     
   1430000   1.0056262      6.023715       1.5083465      6.9345618    
   1440000   1.0034129      6.0163214      1.5050268      6.9323077    
   1450000   0.99642012     6.0062461      1.4945382      6.9266977    
   1460000   0.99286756     5.9950042      1.4892097      6.9237282    
   1470000   0.99781318     5.9815814      1.4966277      6.9155905    
   1480000   0.99711832     5.9988465      1.4955854      6.9252337    
   1490000   1.0022676      5.9953304      1.5033088      6.912915     
   1500000   1.0049711      6.000398       1.5073639      6.9199416    
   1510000   0.99154928     6.0018447      1.4872324      6.9161031    
   1520000   0.99147137     6.0147329      1.4871155      6.9231536    
   1530000   1.0015067      6.02242        1.5021677      6.9296315    
   1540000   0.99684319     6.0323329      1.4951728      6.9251572    
   1550000   0.99942723     6.0131339      1.4990486      6.9294696    
   1560000   1.0016289      6.0201163      1.5023509      6.9224712    
   1570000   0.98588333     6.0297756      1.478734       6.927668     
   1580000   0.99788459     6.0104683      1.4967348      6.9258277    
   1590000   1.0023322      6.0035507      1.5034058      6.9308996    
   1600000   1.0020515      5.9966129      1.5029848      6.9221014    
   1610000   0.99978324     6.0043032      1.4995826      6.9288167    
   1620000   1.0033266      6.010241       1.5048973      6.9325875    
   1630000   0.99373293     6.0321976      1.4905077      6.9309064    
   1640000   1.0064757      6.0176909      1.5096206      6.92948      
   1650000   1.0089857      6.0169519      1.5133854      6.9308833    
   1660000   0.9985362      6.0223302      1.4977121      6.9407266    
   1670000   1.0072982      6.0023082      1.5108544      6.9254682    
   1680000   0.99780494     6.0072002      1.4966153      6.9278835    
   1690000   1.0054397      6.0044107      1.5080667      6.9180271    
   1700000   1.0046163      6.0195828      1.5068318      6.9383304    
   1710000   1.008998       6.0199343      1.5134038      6.9309016    
   1720000   1.0056213      6.0143352      1.5083392      6.9303045    
   1730000   1.0047186      6.0054072      1.5069852      6.9325915    
   1740000   1.0024889      6.0158105      1.5036408      6.9336339    
   1750000   0.99896728     6.0216336      1.4983587      6.9434196    
   1760000   1.0028427      6.0247918      1.5041715      6.9226097    
   1770000   1.0164937      6.0135243      1.5246467      6.9232107    
   1780000   0.99624804     6.0202055      1.4942801      6.9240792    
   1790000   0.99684986     6.008775       1.4951828      6.9199687    
   1800000   0.99357119     6.0235825      1.4902651      6.9302473    
   1810000   0.99368019     6.0199415      1.4904286      6.9329565    
   1820000   0.99483806     6.0174897      1.4921653      6.9374363    
   1830000   0.988204       6.0279678      1.4822148      6.9254216    
   1840000   0.99396653     6.0224896      1.490858       6.9247333    
   1850000   0.9981573      6.0073773      1.4971438      6.9355054    
   1860000   1.004397       6.0185197      1.5065028      6.9316984    
   1870000   0.99898165     6.0118087      1.4983803      6.922578     
   1880000   1.0003644      6.0015485      1.5004542      6.9252665    
   1890000   0.99886561     6.0209525      1.4982062      6.9390188    
   1900000   1.003503       6.0115727      1.5051619      6.926508     
   1910000   0.9969857      6.020211       1.4953865      6.9470748    
   1920000   0.98994946     6.0076822      1.4848328      6.9287302    
   1930000   1.0106644      5.9856945      1.5159032      6.921647     
   1940000   1.0054581      6.0139945      1.5080944      6.924077     
   1950000   0.99794683     6.0213676      1.4968281      6.9232818    
   1960000   1.006279       6.0283657      1.5093256      6.9407061    
   1970000   1.009089       6.0432921      1.5135403      6.9413296    
   1980000   1.0105115      6.0318409      1.515674       6.9224363    
   1990000   1.0051671      6.0269096      1.5076578      6.9327456    
   2000000   1.0033704      6.0233109      1.504963       6.9327793    
   2010000   0.99651267     6.0317678      1.494677       6.9285942    
   2020000   0.99703187     6.0333031      1.4954558      6.927451     
   2030000   1.0060679      6.0187667      1.5090089      6.921608     
   2040000   1.0123442      6.0176603      1.5184229      6.9310595    
   2050000   1.0099077      6.000405       1.5147683      6.9325902    
   2060000   1.0005168      6.0055401      1.5006828      6.9252104    
   2070000   1.0092987      5.9962255      1.5138549      6.9302933    
   2080000   0.99908743     6.0046499      1.4985389      6.9339245    
   2090000   0.99063383     6.0007012      1.4858593      6.9313079    
   2100000   0.99186788     5.9976053      1.4877103      6.9336302    
   2110000   1.0012706      5.987505       1.5018134      6.9254049    
   2120000   0.99909823     6.0148654      1.4985551      6.940009     
   2130000   1.006315       6.0141036      1.5093796      6.9275582    
   2140000   0.99829285     6.0100121      1.4973471      6.9259092    
   2150000   1.0046624      6.0070515      1.5069009      6.9297999    
   2160000   0.99775106     6.0094328      1.4965345      6.9374862    
   2170000   1.0022632      6.0060831      1.5033023      6.9360017    
   2180000   0.98956068     6.0362713      1.4842497      6.9265433    
   2190000   0.99206914     6.0080399      1.4880121      6.9269396    
   2200000   0.99650151     6.0000957      1.4946603      6.9276903    
   2210000   1.0029922      5.9969437      1.5043957      6.9204757    
   2220000   0.9949209      6.0110966      1.4922895      6.9283533    
   2230000   1.0013868      6.0055871      1.5019878      6.9234024    
   2240000   0.99436633     6.0024157      1.4914577      6.9283465    
   2250000   0.99361415     5.9982841      1.4903295      6.9267486    
   2260000   0.99172399     6.0234839      1.4874944      6.9343348    
   2270000   1.0039936      6.0026683      1.5058977      6.9232549    
   2280000   0.99525083     6.0031477      1.4927844      6.9274054    
   2290000   0.99824407     5.9955491      1.497274       6.9273679    
   2300000   1.0008072      5.9969275      1.5011185      6.921358     
   2310000   0.99947989     6.0037094      1.4991276      6.929653     
   2320000   0.9976624      5.9873755      1.4964015      6.9235318    
   2330000   1.003399       5.9900389      1.5050058      6.915103     
   2340000   0.99886428     6.002264       1.4982042      6.9283249    
   2350000   0.99330259     5.9917422      1.4898622      6.9197092    
   2360000   1.0010804      6.003456       1.5015282      6.9269098    
   2370000   0.99727132     6.0100339      1.4958149      6.9333758    
   2380000   0.9943015      6.0031017      1.4913605      6.9257144    
   2390000   0.99258283     5.9930542      1.4887826      6.9225098    
   2400000   1.0129208      5.9865922      1.5192877      6.9206393    
   2410000   0.99969567     5.9956193      1.4994512      6.9193987    
   2420000   1.0033915      6.0012427      1.5049946      6.9169875    
   2430000   0.99566372     6.009186       1.4934037      6.9295723    
   2440000   0.99774719     6.0027304      1.4965287      6.9312274    
   2450000   1.0012366      6.0170959      1.5017624      6.9304088    
   2460000   0.99081201     6.0180433      1.4861266      6.932354     
   2470000   0.98655348     6.0246118      1.4797392      6.9256396    
   2480000   0.9981143      6.0084533      1.4970793      6.9240908    
   2490000   1.0067748      6.0026234      1.5100692      6.9231852    
   2500000   1.0068695      6.0078518      1.5102113      6.9252661    
   2510000   0.99763314     6.0127012      1.4963576      6.9225872    
   2520000   1.0024562      6.0050888      1.5035917      6.9179364    
   2530000   0.99943399     6.0184569      1.4990587      6.9339953    
   2540000   0.99187841     6.00146        1.4877261      6.9195283    
   2550000   0.99554194     5.9964908      1.493221       6.9334283    
   2560000   1.0016751      6.0013905      1.5024202      6.9276352    
   2570000   0.99243469     6.0105211      1.4885604      6.9331309    
   2580000   1.000852       6.009863       1.5011856      6.9210449    
   2590000   1.0047264      6.0157681      1.5069968      6.9187568    
   2600000   1.0041191      6.0263221      1.5060859      6.9371999    
   2610000   1.0110306      6.0044525      1.5164525      6.930081     
   2620000   1.0012488      6.007373       1.5017807      6.9251618    
   2630000   0.99715211     5.9968471      1.4956361      6.9278778    
   2640000   1.010148       5.9874713      1.5151287      6.9314492    
   2650000   0.99175061     6.010577       1.4875344      6.9252667    
   2660000   1.0011637      6.0030827      1.5016531      6.9233602    
   2670000   1.0052654      5.9763888      1.5078052      6.9186154    
   2680000   1.0042255      5.9893538      1.5062455      6.9236642    
   2690000   1.0003914      6.0068887      1.5004947      6.9239964    
   2700000   1.0003053      5.9924004      1.5003656      6.9168905    
   2710000   0.99874551     6.0177599      1.4980261      6.9264084    
   2720000   1.0054343      5.9851514      1.5080587      6.9302698    
   2730000   0.99908335     6.0052904      1.4985328      6.9280276    
   2740000   0.99212135     5.9982096      1.4880904      6.9350975    
   2750000   0.99928637     5.9761089      1.4988373      6.9250369    
   2760000   0.99109184     5.9813843      1.4865463      6.9197067    
   2770000   0.99128854     5.9764078      1.4868413      6.9201359    
   2780000   0.98905085     5.9954374      1.483485       6.9332126    
   2790000   0.99153826     5.9957817      1.4872159      6.9290723    
   2800000   0.98931946     6.0049785      1.4838879      6.9275268    
   2810000   0.99979462     5.9856154      1.4995996      6.912706     
   2820000   1.0060624      5.9857684      1.5090007      6.9147713    
   2830000   1.003333       5.9826013      1.5049069      6.9225555    
   2840000   0.99430375     5.98076        1.4913638      6.9248339    
   2850000   1.0034989      5.9938405      1.5051557      6.9222977    
   2860000   1.0084369      5.990795       1.5125622      6.9132609    
   2870000   1.0064613      6.0033042      1.5095991      6.9218857    
   2880000   0.99739135     6.0177851      1.495995       6.9316218    
   2890000   0.99711062     6.0103517      1.4955739      6.9270581    
   2900000   0.99967143     6.0091667      1.4994149      6.9308517    
   2910000   0.99730304     6.0131381      1.4958625      6.9239442    
   2920000   1.0010479      6.0300292      1.5014794      6.9279329    
   2930000   1.0001598      6.0092713      1.5001473      6.9136559    
   2940000   0.99622227     5.997914       1.4942414      6.9274066    
   2950000   0.98752341     6.0044781      1.481194       6.9279876    
   2960000   1.0026833      5.9984485      1.5039324      6.9346444    
   2970000   0.99348693     6.0215097      1.4901387      6.9291436    
   2980000   0.99974057     6.0085255      1.4995186      6.9199354    
   2990000   0.98651256     6.0194677      1.4796778      6.9272792    
   3000000   1.0009824      6.0066277      1.5013813      6.9266747    
   3010000   1.00792        6.0144925      1.5117869      6.924599     
   3020000   1.0025459      6.0214639      1.5037263      6.9143364    
   3030000   0.99503306     6.0438579      1.4924577      6.933262     
   3040000   0.99201715     6.0294385      1.4879342      6.9379486    
   3050000   1.0079778      6.0208505      1.5118736      6.9286266    
   3060000   1.0017407      6.0022179      1.5025186      6.9230708    
   3070000   0.98818481     6.015321       1.482186       6.9238425    
   3080000   0.99523211     6.0076784      1.4927563      6.9254707    
   3090000   0.9918151      6.0100994      1.4876311      6.9240461    
   3100000   1.0037505      6.0033623      1.5055331      6.928761     
   3110000   0.99765772     6.0135308      1.4963945      6.9271759    
   3120000   1.0069436      6.0112647      1.5103225      6.9203496    
   3130000   1.0000685      6.020926       1.5000105      6.9278024    
   3140000   1.0013112      5.9971259      1.5018744      6.922677     
   3150000   0.9974971      6.0015814      1.4961536      6.9293739    
   3160000   0.9953165      6.0019797      1.4928829      6.91519      
   3170000   0.9943579      6.006953       1.4914451      6.9257956    
   3180000   1.0027903      6.0048758      1.5040928      6.9218628    
   3190000   0.99404661     6.0079703      1.4909782      6.9249673    
   3200000   0.9973336      5.986671       1.4959083      6.9109249    
   3210000   0.99810035     5.9931513      1.4970584      6.9194759    
   3220000   0.9967046      5.988474       1.4949649      6.9130811    
   3230000   0.99638858     6.0062017      1.4944909      6.9206095    
   3240000   1.0004804      6.0102239      1.5006283      6.9309618    
   3250000   1.0031971      6.002479       1.5047031      6.924516     
   3260000   0.98740254     6.0136672      1.4810127      6.9323879    
   3270000   0.98997594     5.9976444      1.4848725      6.9157252    
   3280000   0.99009776     6.0018834      1.4850553      6.9248293    
   3290000   1.0031027      6.010393       1.5045615      6.9289677    
   3300000   0.99605849     6.009939       1.4939958      6.9246847    
   3310000   1.0030654      6.0122234      1.5045055      6.9224572    
   3320000   0.99805315     6.0160182      1.4969876      6.9296165    
   3330000   0.99177641     6.0129682      1.4875731      6.9359103    
   3340000   0.99609258     6.00301        1.4940469      6.923774     
   3350000   0.99731495     6.0141716      1.4958804      6.935592     
   3360000   0.99927104     6.0159746      1.4988143      6.9245662    
   3370000   1.0034022      6.0142662      1.5050107      6.9267541    
   3380000   1.0087848      5.9976677      1.513084       6.9199907    
   3390000   0.99718311     6.0188781      1.4956826      6.9363547    
   3400000   1.0068369      6.0028786      1.5101623      6.9217411    
   3410000   1.0015472      6.0116243      1.5022284      6.9348025    
   3420000   0.99894463     6.0143805      1.4983247      6.9252191    
   3430000   0.98886647     5.9916483      1.4832084      6.9296424    
   3440000   0.99910897     6.0029322      1.4985712      6.92666      
   3450000   0.99841278     6.0181021      1.497527       6.9242185    
   3460000   0.99177635     6.0064084      1.487573       6.9270805    
   3470000   0.99536383     6.0059887      1.4929539      6.9267186    
   3480000   1.0061465      6.0057308      1.5091269      6.9306812    
   3490000   0.99308522     6.0153736      1.4895362      6.9218188    
   3500000   1.0003827      6.0054095      1.5004818      6.9225036    
   3510000   1.0065304      6.0088912      1.5097028      6.9157287    
   3520000   1.0005547      6.0072108      1.5007397      6.9306541    
   3530000   0.99499792     6.0191946      1.492405       6.9168661    
   3540000   0.98968608     5.9961022      1.4844378      6.9172007    
   3550000   0.99729587     5.9958462      1.4958518      6.9240672    
   3560000   1.0099819      6.0007951      1.5148796      6.9246468    
   3570000   0.9961862      6.0122626      1.4941873      6.9304146    
   3580000   1.0083245      6.0026279      1.5123937      6.9222865    
   3590000   1.0083976      6.0007068      1.5125033      6.9274731    
   3600000   0.99891858     6.0130993      1.4982857      6.9348813    
   3610000   0.991697       6.0277494      1.487454       6.938782     
   3620000   1.0081633      6.026646       1.5121519      6.9276193    
   3630000   0.99739017     6.0280075      1.4959932      6.9309735    
   3640000   1.0017939      6.0183319      1.5025983      6.9255791    
   3650000   1.0107996      6.0049835      1.5161061      6.9310859    
   3660000   1.0086835      6.0085614      1.5129322      6.929589     
   3670000   1.0038743      6.0271092      1.5057188      6.9340344    
   3680000   1.0059116      6.0010266      1.5087746      6.9182717    
   3690000   0.99932463     6.0155796      1.4988947      6.9328042    
   3700000   0.995166       6.010068       1.4926571      6.92361      
   3710000   1.000639       6.0180307      1.5008661      6.9320522    
   3720000   0.99558366     6.0218887      1.4932836      6.9295857    
   3730000   1.0068486      6.0026887      1.51018        6.9304713    
   3740000   1.0048702      6.0172966      1.5072126      6.9327501    
   3750000   0.99540128     6.0266526      1.49301        6.936826     
   3760000   0.99786965     6.0152822      1.4967124      6.9325248    
   3770000   1.0076721      6.0051973      1.5114151      6.9333625    
   3780000   1.0045198      6.0137418      1.5066869      6.9224382    
   3790000   1.0024622      6.0206117      1.5036007      6.9329047    
   3800000   0.9900865      6.0275594      1.4850384      6.9366817    
   3810000   0.99497736     6.0279959      1.4923742      6.9318249    
   3820000   1.0095902      6.0157434      1.5142921      6.93008      
   3830000   1.0097433      6.0184351      1.5145218      6.9366501    
   3840000   1.003838       6.0153043      1.5056643      6.930344     
   3850000   1.0004543      6.0105181      1.5005891      6.9219136    
   3860000   0.99543544     6.0190262      1.4930613      6.9266192    
   3870000   0.99086222     6.0260696      1.4862019      6.9345658    
   3880000   1.0040194      6.0197218      1.5059365      6.9248415    
   3890000   1.0023901      6.0139479      1.5034927      6.926193     
   3900000   0.99200887     6.0050141      1.4879217      6.9250722    
   3910000   0.9998593      6.0109409      1.4996967      6.9261125    
   3920000   1.0022552      5.9998614      1.5032903      6.9191576    
   3930000   0.98844926     5.996815       1.4825827      6.9315546    
   3940000   1.0008441      6.0015014      1.5011738      6.9212404    
   3950000   0.99656669     6.00747        1.494758       6.9258604    
   3960000   1.0077836      5.9965988      1.5115824      6.9173582    
   3970000   1.0064996      6.0046012      1.5096565      6.9263195    
   3980000   1.0058199      6.0242181      1.508637       6.9234856    
   3990000   0.99659167     6.0314725      1.4947955      6.9230081    
   4000000   1.0008487      6.0250052      1.5011807      6.9332767    
   4010000   1.0103619      6.0208349      1.5154496      6.9312569    
   4020000   1.0069296      6.0292332      1.5103014      6.9247633    
   4030000   1.0133157      6.0161853      1.51988        6.928817     
   4040000   0.9984543      6.0363978      1.4975893      6.9362975    
   4050000   0.99963549     6.0243886      1.499361       6.9350263    
   4060000   1.005916       6.012623       1.5087811      6.9292441    
   4070000   1.0077772      5.9968114      1.5115728      6.9161829    
   4080000   0.9965887      6.0040595      1.4947911      6.9379789    
   4090000   0.98971022     6.0185022      1.484474       6.9240158    
   4100000   0.99346794     6.019828       1.4901102      6.9359564    
   4110000   0.99125621     6.0206859      1.4867928      6.9236897    
   4120000   1.0017523      5.9961332      1.502536       6.9093822    
   4130000   1.0053374      5.9990539      1.5079132      6.9319998    
   4140000   0.99520029     5.9988148      1.4927086      6.9259305    
   4150000   0.99703586     6.0015695      1.4954618      6.9343427    
   4160000   1.007461       5.9954556      1.5110985      6.9280947    
   4170000   1.0082065      5.9854022      1.5122167      6.9173317    
   4180000   1.0083628      6.0032863      1.5124511      6.9277334    
   4190000   1.0068657      6.0120621      1.5102055      6.92778      
   4200000   1.0136552      6.0279778      1.5203892      6.9383774    
   4210000   1.0077809      6.0129579      1.5115784      6.9309468    
   4220000   1.0116         5.9974509      1.5173065      6.9227923    
   4230000   1.0021391      6.0053289      1.5031162      6.923942     
   4240000   1.0135777      6.0093144      1.520273       6.9244208    
   4250000   1.0073252      6.0172575      1.5108948      6.9332838    
   4260000   0.9935015      6.0143653      1.4901605      6.9314472    
   4270000   0.99104381     6.0179207      1.4864742      6.9304444    
   4280000   0.99866329     6.0089374      1.4979028      6.9285939    
   4290000   1.0049761      6.0005476      1.5073714      6.9318776    
   4300000   0.99996649     6.0031084      1.4998574      6.9295965    
   4310000   0.98810151     6.0039732      1.482061       6.9281422    
   4320000   0.99374567     5.9883008      1.4905268      6.9211941    
   4330000   0.98711825     5.981943       1.4805863      6.9239012    
   4340000   0.99984457     5.9792177      1.4996746      6.9252201    
   4350000   1.0009036      5.991678       1.501263       6.9200609    
   4360000   0.99668581     5.9835706      1.4949367      6.9214219    
   4370000   0.99363429     6.0006889      1.4903597      6.9282773    
   4380000   1.0043318      5.9833373      1.5064051      6.914214     
   4390000   0.99930122     6.001226       1.4988596      6.9319447    
   4400000   0.9966723      5.99859        1.4949164      6.922176     
   4410000   1.0056309      5.999367       1.5083536      6.9288528    
   4420000   1.0056131      6.0093689      1.5083268      6.9326397    
   4430000   0.99952717     6.0145105      1.4991985      6.916226     
   4440000   1.0050363      6.0044267      1.5074616      6.9231483    
   4450000   1.0072034      6.002085       1.5107121      6.9225521    
   4460000   1.0043693      5.9878488      1.5064613      6.9287202    
   4470000   1.001396       5.9948815      1.5020016      6.9305205    
   4480000   0.98931233     6.006808       1.4838772      6.9231342    
   4490000   1.0135399      5.980822       1.5202163      6.9308055    
   4500000   1.0011643      6.0042935      1.501654       6.9316063    
   4510000   1.0051254      5.9944943      1.5075953      6.9182093    
   4520000   0.9993397      6.0070117      1.4989173      6.9258872    
   4530000   0.99793796     6.0066605      1.4968148      6.9379303    
   4540000   1.0000995      6.0048539      1.5000569      6.9420419    
   4550000   0.9964735      6.0134939      1.4946183      6.9359104    
   4560000   1.0108339      5.9905589      1.5161576      6.9212381    
   4570000   0.99920046     6.002995       1.4987085      6.9353476    
   4580000   1.0000117      6.0100711      1.4999253      6.9261475    
   4590000   0.99737163     6.0054389      1.4959654      6.9273869    
   4600000   0.99566827     6.0060957      1.4934105      6.924615     
   4610000   0.99960763     5.9961076      1.4993192      6.9165273    
   4620000   0.99592913     5.9963544      1.4938018      6.9201537    
   4630000   0.99209088     6.0096142      1.4880447      6.9193848    
   4640000   0.99720584     6.0005998      1.4957167      6.9278242    
   4650000   1.0079504      5.9983221      1.5118325      6.9162994    
   4660000   1.0020634      6.0155413      1.5030027      6.9246115    
   4670000   0.99047115     6.0283553      1.4856153      6.9257785    
   4680000   0.99597424     6.0240764      1.4938694      6.9246232    
   4690000   0.99953037     5.9994004      1.4992033      6.9197389    
   4700000   1.006791       5.9894403      1.5100936      6.9209624    
   4710000   1.0092598      6.0052803      1.5137966      6.9314447    
   4720000   1.0002403      6.0063067      1.5002681      6.9353304    
   4730000   1.0003808      6.0295415      1.5004789      6.9179452    
   4740000   1.0119695      6.020006       1.5178608      6.9315326    
   4750000   1.0080241      6.0249908      1.511943       6.9406519    
   4760000   1.0014218      6.0174202      1.5020403      6.9285186    
   4770000   1.0037289      6.0225658      1.5055006      6.9230242    
   4780000   1.0025995      6.020203       1.5038068      6.9314528    
   4790000   1.0009042      6.0071918      1.501264       6.9204183    
   4800000   1.0081402      5.9914698      1.5121172      6.924414     
   4810000   0.99202174     6.0066117      1.487941       6.9265921    
   4820000   0.99835691     6.0010712      1.4974432      6.9203951    
   4830000   0.98364416     6.0144598      1.4753754      6.9251848    
   4840000   1.0021984      5.9836033      1.5032051      6.9224504    
   4850000   0.99888134     5.9892834      1.4982298      6.9176015    
   4860000   0.98656119     6.0013146      1.4797507      6.9142288    
   4870000   0.99134429     5.9979136      1.4869249      6.9298266    
   4880000   1.0019443      5.9977487      1.5028239      6.9130431    
   4890000   0.99357423     5.9994149      1.4902696      6.932101     
   4900000   0.99091364     6.0080961      1.486279       6.9264005    
   4910000   1.0025599      6.0050227      1.5037473      6.9254023    
   4920000   0.9954431      6.0075444      1.4930728      6.9218443    
   4930000   0.99988118     5.9991533      1.4997295      6.9232788    
   4940000   0.99899683     6.0100645      1.498403       6.9175142    
   4950000   0.99650793     6.0118736      1.4946699      6.9212741    
   4960000   1.0026712      6.0256249      1.5039142      6.9318464    
   4970000   1.0052721      6.026966       1.5078153      6.9223716    
   4980000   1.0074781      6.0213149      1.5111242      6.9270369    
   4990000   0.99861504     6.0390467      1.4978304      6.9399404    
   5000000   1.0044456      6.0208204      1.5065756      6.9278953    
   5010000   1.0130262      5.9977678      1.5194458      6.9205072    
   5020000   1.0114205      6.0006399      1.5170374      6.9210354    
   5030000   1.0154778      6.0184155      1.523123       6.9323288    
   5040000   1.0067632      6.0188291      1.5100519      6.9331299    
   5050000   1.000596       6.0071162      1.5008016      6.9305052    
   5060000   0.99884654     6.0343182      1.4981776      6.9334654    
   5070000   1.0073052      6.017493       1.5108647      6.9262638    
   5080000   1.0052769      6.0230462      1.5078225      6.9366655    
   5090000   1.0035031      6.0337494      1.505162       6.9403888    
   5100000   0.9961114      6.020358       1.4940751      6.9222718    
   5110000   1.0018875      6.0037012      1.5027387      6.9256325    
   5120000   0.99126148     6.0038897      1.4868007      6.9301723    
   5130000   0.9973315      6.0021864      1.4959052      6.924564     
   5140000   0.99328086     6.005792       1.4898296      6.9392584    
   5150000   0.99898271     5.9898766      1.4983819      6.9198683    
   5160000   0.9835087      6.0008557      1.4751723      6.9293635    
   5170000   0.98651858     5.9837896      1.4796868      6.9267521    
   5180000   0.99767971     5.9807712      1.4964275      6.9215109    
   5190000   1.0006628      5.998294       1.5009019      6.9228229    
   5200000   0.99915818     5.9980243      1.498645       6.9205975    
   5210000   0.99525672     5.9812314      1.4927932      6.9181155    
   5220000   0.98945111     5.9865652      1.4840853      6.9219719    
   5230000   0.99643969     6.0004398      1.4945676      6.9283419    
   5240000   0.99746297     6.0114585      1.4961024      6.9262055    
   5250000   1.0014907      6.0006792      1.5021435      6.9270377    
   5260000   0.99658428     6.0119428      1.4947844      6.9293946    
   5270000   1.0049219      5.9951778      1.5072901      6.9353512    
   5280000   1.0015544      6.0046737      1.5022391      6.9230122    
   5290000   0.99818825     5.9946833      1.4971902      6.9317354    
   5300000   1.0002085      6.0169903      1.5002204      6.9309049    
   5310000   0.99689946     6.002695       1.4952572      6.9139414    
   5320000   0.993762       6.0189848      1.4905513      6.937191     
   5330000   1.0115854      5.9895448      1.5172848      6.9271226    
   5340000   0.99734776     6.0075803      1.4959296      6.9211831    
   5350000   1.0051016      6.033289       1.5075597      6.9407212    
   5360000   1.0078428      6.0163245      1.5116712      6.9278955    
   5370000   1.005239       6.0285974      1.5077656      6.9347043    
   5380000   1.0099262      6.0249556      1.514796       6.9264037    
   5390000   1.0092615      6.023548       1.5137991      6.9335227    
   5400000   1.0081483      6.0147994      1.5121294      6.9249199    
   5410000   1.0011899      6.0156047      1.5016925      6.9261431    
   5420000   0.99131885     6.0141492      1.4868868      6.9213199    
   5430000   0.98887805     6.0139765      1.4832258      6.9283696    
   5440000   1.003032       6.0079399      1.5044554      6.9360459    
   5450000   0.99820763     6.0084655      1.4972193      6.9346696    
   5460000   1.0020227      6.0083355      1.5029415      6.924466     
   5470000   1.0036082      6.0202989      1.5053197      6.9345527    
   5480000   0.99721519     5.9923664      1.4957307      6.9118885    
   5490000   0.98825421     5.9945639      1.4822901      6.9282798    
   5500000   0.99068378     6.0057106      1.4859342      6.9213635    
   5510000   0.99602576     6.0101746      1.4939467      6.9202775    
   5520000   1.0043437      6.0044619      1.5064228      6.9301084    
   5530000   1.0008163      6.020457       1.5011321      6.9381446    
   5540000   1.0058181      6.0150998      1.5086342      6.9321321    
   5550000   1.0014603      6.0379534      1.502098       6.9329121    
   5560000   0.9978778      6.025973       1.4967246      6.9331005    
   5570000   1.0018527      6.0163124      1.5026866      6.936737     
   5580000   1.0113031      6.0014132      1.5168612      6.9303941    
   5590000   0.99851957     6.007411       1.4976872      6.912774     
   5600000   1.0079622      5.9928281      1.5118503      6.9148484    
   5610000   1.0031356      5.9983559      1.5046108      6.9157784    
   5620000   0.99575456     6.0144229      1.4935399      6.9211486    
   5630000   1.0096461      6.0056865      1.5143759      6.9318767    
   5640000   1.0040749      6.0187764      1.5060197      6.9212442    
   5650000   0.99538626     6.0168087      1.4929875      6.9174754    
   5660000   1.0086319      6.0108137      1.5128547      6.9225234    
   5670000   1.0076077      6.0195965      1.5113185      6.9298749    
   5680000   0.99852491     6.0123345      1.4976952      6.9332345    
   5690000   0.9949863      5.9937062      1.4923876      6.9213915    
   5700000   0.98923226     5.9891508      1.4837571      6.9216156    
   5710000   0.99604971     5.9870699      1.4939826      6.9206817    
   5720000   0.98956127     6.0028821      1.4842506      6.9277956    
   5730000   1.0016884      5.9969049      1.5024401      6.9240905    
   5740000   0.99400675     5.9830242      1.4909184      6.9099218    
   5750000   1.0052077      5.9536492      1.5077187      6.9196516    
   5760000   0.99757498     5.9920625      1.4962704      6.9259079    
   5770000   1.0031479      5.9955601      1.5046292      6.9252973    
   5780000   0.99645662     6.0036103      1.494593       6.9297276    
   5790000   1.0065967      5.9896562      1.5098021      6.9263011    
   5800000   1.0019744      6.0004055      1.502869       6.9226055    
   5810000   1.0074086      5.998248       1.5110198      6.9302545    
   5820000   1.0079368      5.9970215      1.5118122      6.9199081    
   5830000   0.99936423     6.014457       1.4989541      6.9342586    
   5840000   0.99423238     6.0200317      1.4912568      6.9313866    
   5850000   0.99551748     6.0079962      1.4931843      6.9279091    
   5860000   0.99532273     6.0062187      1.4928922      6.9315401    
   5870000   0.99812984     6.0070887      1.4971026      6.9272245    
   5880000   0.99935428     6.0143143      1.4989392      6.9351379    
   5890000   1.0004247      5.9987066      1.5005447      6.9185727    
   5900000   1.0082673      5.9885338      1.5123079      6.9210486    
   5910000   0.99839208     5.9904159      1.497496       6.929325     
   5920000   0.998801       5.9914375      1.4981093      6.9209986    
   5930000   0.99555134     5.9981076      1.4932351      6.9244789    
   5940000   1.0035937      5.986268       1.505298       6.9196372    
   5950000   0.99751401     5.9945541      1.4961789      6.9216843    
   5960000   0.99449676     6.0192874      1.4916533      6.9401261    
   5970000   1.0016025      6.0154546      1.5023113      6.9253267    
   5980000   0.99027135     6.0049728      1.4853156      6.9280691    
   5990000   0.99630424     5.9877478      1.4943644      6.9223224    
   6000000   0.99123716     5.9940112      1.4867642      6.9177833    
   6010000   0.99287486     5.9900326      1.4892206      6.9268534    
   6020000   0.99297157     6.0008229      1.4893657      6.9243663    
   6030000   1.0071139      5.9942046      1.5105778      6.9141523    
   6040000   0.99670595     6.0012252      1.4949669      6.9099727    
   6050000   0.99165646     6.000218       1.4873932      6.9222179    
   6060000   0.99166588     5.9922223      1.4874073      6.9215503    
   6070000   0.9982299      5.9839255      1.4972527      6.9314322    
   6080000   0.99546524     6.0124538      1.493106       6.9269294    
   6090000   1.0059749      6.0068462      1.5088695      6.9355675    
   6100000   1.0022799      6.0021088      1.5033273      6.9260112    
   6110000   1.0007812      5.994808       1.5010794      6.9254919    
   6120000   1.0063069      6.0042052      1.5093675      6.9261152    
   6130000   1.0053789      6.0086037      1.5079755      6.9215389    
   6140000   1.0076688      6.0064295      1.5114101      6.924157     
   6150000   1.0025098      6.0195297      1.5036721      6.9353405    
   6160000   1.0117678      5.9887486      1.5175583      6.9315041    
   6170000   1.0040944      6.0019388      1.5060489      6.9272913    
   6180000   1.0055925      6.0168423      1.508296       6.9234482    
   6190000   0.9958494      6.0335845      1.4936822      6.9314623    
   6200000   1.006523       6.0257421      1.5096916      6.9270971    
   6210000   1.0019972      6.0106292      1.5029032      6.9189008    
   6220000   1.0036737      6.0149794      1.5054179      6.9341474    
   6230000   1.0038983      6.0273288      1.5057548      6.9303216    
   6240000   1.0169932      5.9984336      1.5253959      6.9218878    
   6250000   0.99617871     6.0376504      1.4941761      6.9300197    
   6260000   1.0104983      6.0236276      1.5156542      6.9290115    
   6270000   1.0112533      6.0149411      1.5167866      6.9348021    
   6280000   1.0111763      6.0082597      1.5166711      6.9302492    
   6290000   1.0007083      6.0065387      1.5009701      6.9301524    
   6300000   0.99153535     6.0190268      1.4872115      6.9250325    
   6310000   1.0026761      5.9983257      1.5039216      6.9251378    
   6320000   1.0034442      6.0036768      1.5050737      6.9259936    
   6330000   1.0139517      5.9857237      1.520834       6.9284296    
   6340000   0.99348865     6.0099344      1.4901413      6.9275407    
   6350000   0.99978288     5.9926822      1.499582       6.9326613    
   6360000   0.99710834     5.9915787      1.4955705      6.9269171    
   6370000   1.008968       5.9708169      1.5133588      6.9167426    
   6380000   0.99238441     5.9966626      1.488485       6.9299159    
   6390000   0.99685851     6.0131274      1.4951957      6.9245734    
   6400000   1.0002384      6.0190054      1.5002653      6.9248783    
   6410000   1.0110945      6.0091047      1.5165484      6.9301366    
   6420000   0.98943046     6.0287657      1.4840544      6.933968     
   6430000   1.0022639      6.0001239      1.5033033      6.9314351    
   6440000   0.9868218      6.0249493      1.4801416      6.9322619    
   6450000   0.9973039      6.0137217      1.4958638      6.9274755    
   6460000   1.00748        6.0024836      1.5111271      6.9236731    
   6470000   1.0077141      6.0127936      1.5114781      6.9325705    
   6480000   1.005256       6.0336998      1.5077912      6.9383287    
   6490000   1.0046865      6.0288351      1.506937       6.9328187    
   6500000   1.0016025      6.0346767      1.5023113      6.9344118    
   6510000   1.0043901      6.0355805      1.5064925      6.9316074    
   6520000   1.0064038      6.0023307      1.5095128      6.920497     
   6530000   1.0012657      6.0255229      1.5018062      6.923706     
   6540000   1.0150449      6.0263426      1.5224736      6.9260779    
   6550000   1.0044973      6.0155539      1.5066532      6.9313113    
   6560000   1.0074412      6.0129558      1.5110688      6.9303776    
   6570000   1.0039887      6.0277316      1.5058904      6.929523     
   6580000   1.0038156      6.009025       1.5056307      6.9251374    
   6590000   0.99692597     6.0183533      1.4952969      6.931441     
   6600000   0.98903486     6.0114825      1.483461       6.9168465    
   6610000   0.99087022     6.0180876      1.4862139      6.9276364    
   6620000   0.99637414     6.0016915      1.4944692      6.9245809    
   6630000   1.0041991      5.9895507      1.5062059      6.917799     
   6640000   0.99387959     6.0186061      1.4907276      6.9284575    
   6650000   1.0045871      6.0019051      1.5067879      6.9173684    
   6660000   0.9982226      6.0043913      1.4972418      6.9170848    
   6670000   1.0053264      6.0154636      1.5078968      6.927746     
   6680000   1.0072412      6.0221026      1.5107688      6.944093     
   6690000   0.99843477     6.0313753      1.49756        6.9338938    
   6700000   1.0069785      6.0190077      1.5103748      6.9266731    
   6710000   0.9897769      6.0280047      1.484574       6.9298768    
   6720000   1.0023405      6.0186342      1.5034182      6.9288234    
   6730000   0.99847812     6.0111779      1.497625       6.9271103    
   6740000   0.99318786     6.025855       1.4896901      6.9315261    
   6750000   1.000923       6.0247632      1.5012921      6.9298637    
   6760000   1.0178466      6.0139349      1.5266759      6.9292534    
   6770000   1.000658       6.0256853      1.5008946      6.9339824    
   6780000   1.0038606      6.021959       1.5056983      6.9322254    
   6790000   1.0028201      6.0187165      1.5041375      6.9258549    
   6800000   0.99767509     6.023805       1.4964205      6.9249648    
   6810000   1.0000015      6.0219103      1.4999099      6.9299531    
   6820000   1.0034132      6.0140571      1.5050272      6.9217745    
   6830000   0.99990263     6.0161065      1.4997616      6.9230792    
   6840000   1.004515       6.0200384      1.5066798      6.9267294    
   6850000   0.99877635     6.0190317      1.4980723      6.9337908    
   6860000   0.99655018     6.0275055      1.4947333      6.9337642    
   6870000   0.98903392     6.0170735      1.4834596      6.9263911    
   6880000   0.9933266      6.0418686      1.4898982      6.9318641    
   6890000   1.0065528      6.02553        1.5097364      6.9293686    
   6900000   1.0050249      6.0189501      1.5074445      6.9339899    
   6910000   1.010921       6.0177286      1.5162883      6.9359132    
   6920000   1.0093836      6.0210717      1.5139822      6.9310842    
   6930000   1.002986       6.0316772      1.5043864      6.9265841    
   6940000   1.0055881      6.0303883      1.5082893      6.9338725    
   6950000   1.0010353      6.0229541      1.5014605      6.9242801    
   6960000   0.99639969     6.0036558      1.4945076      6.934554     
   6970000   1.0010313      5.9915485      1.5014545      6.928497     
   6980000   0.98718495     6.0012226      1.4806863      6.9215563    
   6990000   0.99867228     5.9914094      1.4979162      6.9220516    
   7000000   0.99984267     5.9935975      1.4996717      6.9147015    
   7010000   1.0007391      5.9804646      1.5010162      6.9203934    
   7020000   0.99595516     5.9974314      1.4938408      6.9236438    
   7030000   0.99151179     5.9999915      1.4871762      6.9244097    
   7040000   0.99613253     6.0087204      1.4941069      6.9320644    
   7050000   0.99374592     6.01268        1.4905272      6.9292426    
   7060000   0.99483504     6.0134527      1.4921607      6.9339741    
   7070000   1.003715       5.9978884      1.5054799      6.9219397    
   7080000   0.99851399     5.9894594      1.4976788      6.9206569    
   7090000   0.98990161     5.9952503      1.484761       6.9195256    
   7100000   0.98934491     6.0196736      1.483926       6.9285785    
   7110000   0.9983092      6.0128886      1.4973717      6.936448     
   7120000   1.0009308      5.9990114      1.5013039      6.9185287    
   7130000   0.9950822      6.0243329      1.4925315      6.9261437    
   7140000   1.0047434      6.0044654      1.5070223      6.9325392    
   7150000   0.99164844     6.0023651      1.4873811      6.9206334    
   7160000   0.99426491     5.9952417      1.4913056      6.9237188    
   7170000   1.0040054      5.996869       1.5059154      6.9271248    
   7180000   1.0060244      6.0141128      1.5089437      6.9265208    
   7190000   1.0123869      6.0031684      1.5184868      6.9251361    
   7200000   1.0050439      6.0310449      1.5074731      6.9308313    
   7210000   1.006262       6.0423172      1.5093002      6.9375836    
   7220000   1.0087396      6.0323875      1.5130163      6.9372887    
   7230000   1.0114303      6.0083419      1.5170521      6.930904     
   7240000   1.010966       6.0321404      1.5163556      6.9325303    
   7250000   0.99999266     6.0243323      1.4998967      6.9409853    
   7260000   1.0065084      6.0092911      1.5096696      6.9346067    
   7270000   0.99845894     6.0167749      1.4975962      6.9259546    
   7280000   1.0019622      5.9989539      1.5028507      6.9217133    
   7290000   0.99674944     5.9919064      1.4950322      6.9172239    
   7300000   0.98736978     6.0070926      1.4809635      6.9314484    
   7310000   1.002902       5.9949405      1.5042604      6.9241607    
   7320000   1.0032383      6.0170473      1.5047648      6.9393611    
   7330000   1.0122863      6.0020614      1.5183361      6.929462     
   7340000   0.99484961     6.0087431      1.4921826      6.9211815    
   7350000   0.9985705      6.0169576      1.4977636      6.9323699    
   7360000   1.0012181      5.9982265      1.5017348      6.9310717    
   7370000   0.9961584      5.9981869      1.4941456      6.9253998    
   7380000   0.99260159     5.9929767      1.4888108      6.9233678    
   7390000   0.99118112     5.9964446      1.4866802      6.9246962    
   7400000   0.99611356     6.0264999      1.4940784      6.930699     
   7410000   0.98620665     6.0356963      1.4792189      6.9222303    
   7420000   1.0042851      5.9907992      1.506335       6.9161541    
   7430000   0.9991815      6.0086933      1.49868        6.9431377    
   7440000   1.0015522      5.9968204      1.5022359      6.9355879    
   7450000   0.99405817     6.0206085      1.4909955      6.9374402    
   7460000   1.0010308      6.012648       1.5014538      6.9271983    
   7470000   0.99440321     6.0221415      1.491513       6.9395734    
   7480000   0.99753114     6.0157957      1.4962046      6.9254545    
   7490000   0.99586835     6.0127625      1.4937106      6.9330688    
   7500000   1.0095975      6.0111591      1.514303       6.9160684    
   7510000   0.99941141     6.0249617      1.4990249      6.9223038    
   7520000   1.0110576      6.0186984      1.516493       6.928055     
   7530000   1.0026229      6.0180513      1.5038417      6.9252499    
   7540000   1.0004939      6.030729       1.5006484      6.9356338    
   7550000   1.002253       6.0175991      1.503287       6.9219676    
   7560000   1.0133554      5.9895121      1.5199395      6.9198711    
   7570000   1.0009622      5.997109       1.5013509      6.9245919    
   7580000   1.0024713      6.002096       1.5036145      6.9321261    
   7590000   0.99377819     6.0176152      1.4905756      6.92867      
   7600000   1.0069705      6.0313109      1.5103628      6.9340161    
   7610000   1.0026426      6.023861       1.5038714      6.9354078    
   7620000   0.99474769     6.0109302      1.4920297      6.9221884    
   7630000   0.99308733     6.0051501      1.4895393      6.9141987    
   7640000   0.99001737     6.0132196      1.4849347      6.9262352    
   7650000   0.99904155     6.0020887      1.4984701      6.9127733    
   7660000   1.0012951      6.0192955      1.5018501      6.9273433    
   7670000   1.0060245      6.0225914      1.5089439      6.9293414    
   7680000   1.0070983      6.0074426      1.5105546      6.9305807    
   7690000   1.0094958      6.0178751      1.5141505      6.9271402    
   7700000   0.99992245     6.0318099      1.4997914      6.9409237    
   7710000   1.0140023      6.0146158      1.5209098      6.9283866    
   7720000   1.0077785      6.021059       1.5115747      6.9271903    
   7730000   0.99914182     6.0209208      1.4986205      6.9292402    
   7740000   0.99763181     6.0158909      1.4963556      6.9296938    
   7750000   0.99615362     6.0129896      1.4941385      6.9230038    
   7760000   1.0009998      6.0221598      1.5014073      6.9268477    
   7770000   0.99842096     6.025288       1.4975393      6.9249915    
   7780000   1.0026195      6.0485056      1.5038367      6.9339865    
   7790000   0.99807744     6.0506663      1.497024       6.9323895    
   7800000   1.0027831      6.0425458      1.5040821      6.9447321    
   7810000   1.0118099      6.0157942      1.5176215      6.9221113    
   7820000   1.0001621      6.0087004      1.5001508      6.9269661    
   7830000   0.9966945      6.0275405      1.4949498      6.9385601    
   7840000   1.0082138      6.0142167      1.5122276      6.938337     
   7850000   1.0071759      6.0118377      1.5106709      6.9259573    
   7860000   1.0034128      6.0199394      1.5050266      6.9283164    
   7870000   0.99852906     6.0253176      1.4977014      6.9327746    
   7880000   0.99681112     6.0294067      1.4951247      6.9264412    
   7890000   0.99803804     6.0263153      1.4969649      6.9354175    
   7900000   1.0015665      6.0174818      1.5022573      6.9290729    
   7910000   1.0062564      6.020242       1.5092917      6.9295191    
   7920000   1.0036548      6.017674       1.5053895      6.9284144    
   7930000   1.0017214      6.0077127      1.5024897      6.9329464    
   7940000   1.00213        6.0162336      1.5031026      6.9302013    
   7950000   0.99787329     6.0224405      1.4967178      6.9262184    
   7960000   0.99316968     6.0026243      1.4896628      6.9343154    
   7970000   0.99535221     5.9832808      1.4929364      6.9144345    
   7980000   0.98711074     5.9982891      1.480575       6.9167885    
   7990000   0.98836749     6.0039807      1.48246        6.9273581    
   8000000   0.99324944     5.9982748      1.4897825      6.9298628    
   8010000   1.001646       5.9921078      1.5023766      6.9234205    
   8020000   1.001321       5.991723       1.5018891      6.9273495    
   8030000   0.9946911      6.0016513      1.4919448      6.9207955    
   8040000   0.99243305     5.9886773      1.488558       6.9246089    
   8050000   0.990641       6.0130415      1.4858701      6.9276642    
   8060000   0.99531048     6.0119553      1.4928738      6.922254     
   8070000   1.0046217      6.0071467      1.5068398      6.9259751    
   8080000   0.99592195     6.0086568      1.493791       6.9373789    
   8090000   0.99692755     6.0270746      1.4952993      6.9379444    
   8100000   1.0165451      5.9990365      1.5247238      6.9234659    
   8110000   1.0050771      6.0126842      1.5075228      6.9292176    
   8120000   1.0020094      6.006036       1.5029216      6.913535     
   8130000   1.0031561      5.9846404      1.5046416      6.9212643    
   8140000   0.99504934     5.9984199      1.4924822      6.9330947    
   8150000   0.9974758      5.9994828      1.4961216      6.9201897    
   8160000   1.003902       6.0041595      1.5057604      6.9212463    
   8170000   0.9951802      6.0197723      1.4926784      6.9316014    
   8180000   0.99543444     6.026202       1.4930598      6.9279402    
   8190000   1.0013026      6.0216503      1.5018615      6.9284594    
   8200000   1.0006335      6.0275321      1.5008578      6.929197     
   8210000   1.0019689      6.0083566      1.5028608      6.9293074    
   8220000   1.0075634      6.0156222      1.5112521      6.9246735    
   8230000   1.0009473      6.0058002      1.5013286      6.9294373    
   8240000   1.0065201      6.0126546      1.5096873      6.9276887    
   8250000   1.0083233      6.0061302      1.5123919      6.9261787    
   8260000   1.0076404      6.0070671      1.5113677      6.9305693    
   8270000   0.99997633     6.010531       1.4998722      6.9141072    
   8280000   1.0080082      6.0035844      1.5119193      6.9176001    
   8290000   1.0037869      6.0100715      1.5055877      6.9265364    
   8300000   0.99668274     5.9992691      1.4949321      6.922555     
   8310000   0.99303287     6.025288       1.4894576      6.9220517    
   8320000   1.010303       5.9877814      1.5153612      6.9159427    
   8330000   0.99843101     6.010873       1.4975544      6.9323599    
   8340000   1.0003811      6.00494        1.5004793      6.9177061    
   8350000   0.98557247     6.0265745      1.4782677      6.935305     
   8360000   1.000637       6.0132864      1.5008631      6.9335116    
   8370000   0.99567609     5.9997567      1.4934222      6.9209198    
   8380000   1.0003392      5.9846358      1.5004165      6.9126892    
   8390000   1.0063067      5.9904079      1.5093671      6.9155449    
   8400000   0.9964934      6.0082376      1.4946481      6.9292876    
   8410000   1.0073161      6.004918       1.5108812      6.9289142    
   8420000   1.0047807      6.0016479      1.5070784      6.9317807    
   8430000   1.0073297      6.0232664      1.5109015      6.9299181    
   8440000   1.0049218      6.013842       1.5072899      6.927546     
   8450000   0.99924575     6.0220321      1.4987764      6.932602     
   8460000   1.00388        6.0086797      1.5057274      6.9309488    
   8470000   1.0049901      6.0051714      1.5073924      6.9226875    
   8480000   1.0016863      6.0068828      1.5024369      6.9244151    
   8490000   0.99929047     5.9972567      1.4988435      6.9230777    
   8500000   1.0033836      6.0071746      1.5049827      6.9346867    
   8510000   0.99567859     6.0237979      1.493426       6.9373782    
   8520000   1.0036688      6.0149121      1.5054106      6.9294141    
   8530000   0.9952635      6.0085342      1.4928034      6.9335518    
   8540000   1.0030893      6.0012485      1.5045414      6.9248739    
   8550000   0.99774734     6.0091308      1.4965289      6.935637     
   8560000   0.9926878      6.0114168      1.4889401      6.9291986    
   8570000   1.0022708      6.017117       1.5033136      6.9309319    
   8580000   1.0024497      5.9979192      1.503582       6.9360187    
   8590000   1.0003366      6.0075192      1.5004126      6.9338627    
   8600000   1.0055782      6.0050011      1.5082745      6.9254483    
   8610000   1.0029807      6.0147789      1.5043785      6.935145     
   8620000   1.0017749      6.0129528      1.5025699      6.9261438    
   8630000   1.0029847      6.0032637      1.5043844      6.9255719    
   8640000   0.99834657     5.9930479      1.4974277      6.9294596    
   8650000   0.99355199     6.001069       1.4902363      6.9223757    
   8660000   0.99778774     5.9846637      1.4965895      6.9233581    
   8670000   1.0014989      5.9774204      1.5021559      6.9137621    
   8680000   0.99439368     5.9946819      1.4914987      6.9216325    
   8690000   0.99450085     5.9892073      1.4916595      6.9164154    
   8700000   1.0029367      5.9976132      1.5043125      6.9250627    
   8710000   1.0050328      5.9979974      1.5074564      6.9222643    
   8720000   0.99645601     6.0115089      1.494592       6.9242749    
   8730000   1.0107906      5.9883316      1.5160926      6.9261989    
   8740000   0.99266318     6.0048392      1.4889031      6.9252809    
   8750000   1.0003668      6.0085729      1.5004578      6.9223647    
   8760000   1.000203       6.0115212      1.5002122      6.9277592    
   8770000   0.99827969     5.9944088      1.4973274      6.9159721    
   8780000   0.99572273     5.992326       1.4934922      6.9226249    
   8790000   1.005257       5.998421       1.5077927      6.9130808    
   8800000   0.99939638     5.9999009      1.4990023      6.9210601    
   8810000   1.0035401      5.9910262      1.5052175      6.9278259    
   8820000   1.0102896      5.9997807      1.5153411      6.9185811    
   8830000   0.99210497     6.0128302      1.4880659      6.9314486    
   8840000   0.99895862     5.9848244      1.4983457      6.9246354    
   8850000   0.99176104     6.0054473      1.48755        6.9253716    
   8860000   1.0074138      6.0006194      1.5110276      6.9367472    
   8870000   1.0044116      5.9998363      1.5065246      6.917903     
   8880000   1.0047998      6.0083033      1.507107       6.9206695    
   8890000   1.0049998      6.0200663      1.5074069      6.9266704    
   8900000   1.0051425      6.025656       1.507621       6.9345609    
   8910000   0.99697841     6.0382892      1.4953756      6.9415243    
   8920000   1.0126855      6.0239449      1.5189348      6.9310811    
   8930000   0.99536801     6.020394       1.4929601      6.925912     
   8940000   0.99525154     6.014643       1.4927854      6.9210169    
   8950000   0.98701376     6.0157505      1.4804295      6.9202068    
   8960000   0.99322484     6.0156472      1.4897456      6.9178781    
   8970000   0.99348732     6.0329925      1.4901393      6.9457936    
   8980000   1.001666       6.0257028      1.5024065      6.9288525    
   8990000   1.0036831      6.0063106      1.505432       6.9268332    
   9000000   0.99996201     6.0244963      1.4998507      6.9262558    
   9010000   0.99890476     6.0239162      1.4982649      6.9336203    
   9020000   1.0050807      6.0049022      1.5075283      6.91827      
   9030000   1.0065942      6.0061849      1.5097984      6.9334042    
   9040000   0.99215913     6.0355227      1.4881471      6.9280455    
   9050000   0.99226101     6.0039056      1.4882999      6.9227323    
   9060000   0.98994992     6.0372138      1.4848335      6.9313178    
   9070000   1.0053291      6.0371121      1.5079008      6.9331571    
   9080000   1.0110751      6.0100068      1.5165193      6.9244792    
   9090000   0.9950656      6.0252627      1.4925066      6.9255807    
   9100000   1.0107454      6.0074378      1.5160248      6.9331978    
   9110000   1.0091582      6.0128671      1.5136441      6.9212475    
   9120000   1.0045324      6.007349       1.5067058      6.9236617    
   9130000   1.0088447      6.012351       1.513174       6.9300837    
   9140000   1.0003696      6.0079455      1.500462       6.93006      
   9150000   1.0008505      6.0333475      1.5011833      6.9340751    
   9160000   1.0018404      6.0222068      1.5026681      6.9407226    
   9170000   0.99656701     6.0332501      1.4947585      6.9233622    
   9180000   0.99964769     6.017502       1.4993793      6.9182989    
   9190000   1.0009336      6.021185       1.5013079      6.9333062    
   9200000   1.0027064      5.9898916      1.503967       6.9263229    
   9210000   0.99398359     5.9980913      1.4908836      6.9291191    
   9220000   0.99338919     6.0049499      1.4899921      6.9241077    
   9230000   0.99642842     6.0006862      1.4945507      6.9287094    
   9240000   0.99843469     5.9988939      1.4975599      6.9216612    
   9250000   0.99814809     5.9888432      1.49713        6.9253466    
   9260000   0.99309538     5.9964144      1.4895514      6.9248852    
   9270000   0.99415275     5.9873543      1.4911374      6.9263315    
   9280000   1.0046706      5.9902525      1.5069131      6.9247507    
   9290000   0.98988172     6.0264522      1.4847312      6.9305484    
   9300000   1.0102681      6.0148031      1.5153088      6.9274976    
   9310000   1.0076889      6.0063132      1.5114403      6.9293077    
   9320000   1.006007       6.026726       1.5089176      6.9257391    
   9330000   1.0028539      6.0064802      1.5041882      6.9263047    
   9340000   0.99892519     6.0046984      1.4982956      6.9263001    
   9350000   1.0016591      5.9858937      1.5023961      6.9205333    
   9360000   0.99095858     5.9997465      1.4863464      6.9266549    
   9370000   0.98872687     5.9996604      1.482999       6.9282139    
   9380000   0.99225989     6.0023483      1.4882982      6.9284222    
   9390000   1.0030105      5.9810571      1.5044231      6.9243934    
   9400000   0.99340242     5.9932908      1.4900119      6.9281938    
   9410000   0.99540849     5.9888682      1.4930209      6.9243064    
   9420000   0.98586086     5.9988501      1.4787003      6.9245738    
   9430000   0.99564006     5.9857371      1.4933682      6.9220479    
   9440000   0.99365062     5.978243       1.4903842      6.9324104    
   9450000   0.99785196     5.969835       1.4966858      6.9253747    
   9460000   0.99323123     5.9861665      1.4897552      6.9227816    
   9470000   0.9910348      5.9917575      1.4864607      6.9140664    
   9480000   0.99359658     5.9946688      1.4903032      6.9238991    
   9490000   0.99619932     5.9970537      1.494207       6.923682     
   9500000   0.99351369     6.0155235      1.4901788      6.9265622    
   9510000   0.99616192     6.0263245      1.4941509      6.932256     
   9520000   0.99864144     6.0065428      1.49787        6.9349367    
   9530000   0.99081682     5.9989631      1.4861338      6.9254283    
   9540000   1.0019143      5.982824       1.5027789      6.9185074    
   9550000   1.0030772      5.9979688      1.5045232      6.9165776    
   9560000   0.99698824     6.0113816      1.4953903      6.9338718    
   9570000   0.99736508     5.9822131      1.4959556      6.9197376    
   9580000   0.98276177     5.9868174      1.4740519      6.9235071    
   9590000   0.99701963     5.9837031      1.4954374      6.9179505    
   9600000   0.99431794     5.9850522      1.4913851      6.9289902    
   9610000   0.99294028     5.9958361      1.4893188      6.9234221    
   9620000   0.98810141     6.0004832      1.4820609      6.9213397    
   9630000   0.99407857     5.9917949      1.4910261      6.9311143    
   9640000   1.0058429      5.9997018      1.5086715      6.9317973    
   9650000   0.98814153     6.0155009      1.4821211      6.9277276    
   9660000   1.0022965      6.0008142      1.5033523      6.9145438    
   9670000   1.0034481      5.999863       1.5050795      6.9255921    
   9680000   1.0006423      6.0177753      1.500871       6.9292333    
   9690000   1.0052007      6.0061449      1.5077083      6.9314435    
   9700000   0.9897466      6.0182671      1.4845285      6.9334838    
   9710000   1.0021285      6.0098503      1.5031002      6.9286451    
   9720000   1.0033658      6.0006772      1.504956       6.9141463    
   9730000   0.99613953     6.0184773      1.4941173      6.9209337    
   9740000   1.0016836      6.0047153      1.5024329      6.9228066    
   9750000   0.99114273     6.0294168      1.4866226      6.931791     
   9760000   0.99773001     6.0175354      1.4965029      6.9208863    
   9770000   1.0030872      6.0114873      1.5045383      6.9272178    
   9780000   1.0032735      6.0074797      1.5048177      6.9212379    
   9790000   0.99861971     5.9920126      1.4978374      6.9126676    
   9800000   1.0023395      5.9970672      1.5034167      6.922359     
   9810000   1.0049176      6.009971       1.5072836      6.9354068    
   9820000   1.0068854      6.0034262      1.5102352      6.9322857    
   9830000   0.99679561     6.0176516      1.4951014      6.9191716    
   9840000   0.99200465     6.035268       1.4879154      6.9306023    
   9850000   0.99661561     6.0332464      1.4948314      6.9296185    
   9860000   1.0163239      6.0141789      1.524392       6.9207254    
   9870000   1.0007415      6.0214353      1.5010198      6.9271634    
   9880000   1.0085728      5.9893951      1.5127661      6.9231666    
   9890000   0.98681473     5.9991272      1.480131       6.9234372    
   9900000   0.98985663     6.0052484      1.4846936      6.9329476    
   9910000   0.99047978     6.0000238      1.4856282      6.9276271    
   9920000   0.98842523     6.0133702      1.4825466      6.9288004    
   9930000   0.99767331     6.0057674      1.4964179      6.9228166    
   9940000   0.99248928     6.0064177      1.4886423      6.9277663    
   9950000   0.98850104     6.0141905      1.4826603      6.9278758    
   9960000   0.99268201     6.0257567      1.4889314      6.9228099    
   9970000   1.0000036      6.0228921      1.4999131      6.9269739    
   9980000   1.0046428      6.0396735      1.5068715      6.935907     
   9990000   1.0150443      6.0167846      1.5224728      6.9252142    
  10000000   1.0064467      6.0115217      1.5095772      6.9296799    
  10010000   0.98790908     6.0318361      1.4817724      6.9375067    
  10020000   1.0072531      6.0000078      1.5107866      6.9258258    
  10030000   0.99407242     6.0061751      1.4910169      6.9209421    
  10040000   1.012506       6.0138914      1.5186656      6.9262664    
  10050000   1.0053783      6.0431937      1.5079746      6.9371643    
  10060000   1.006902       6.0261818      1.51026        6.9360348    
  10070000   1.0021239      6.0280016      1.5030934      6.9359256    
  10080000   0.9988599      6.0252203      1.4981976      6.9303648    
  10090000   1.0034777      6.0128883      1.505124       6.9262983    
  10100000   0.99351693     6.03214        1.4901837      6.9351505    
  10110000   1.001966       6.0293235      1.5028565      6.9294111    
  10120000   1.004507       6.0123768      1.5066678      6.9223877    
  10130000   1.0118591      6.0215547      1.5176953      6.9254696    
  10140000   1.0016216      6.0362639      1.5023399      6.9315463    
  10150000   1.0006778      6.028548       1.5009244      6.9322637    
  10160000   0.9954049      6.0277739      1.4930155      6.9247845    
  10170000   0.98884783     6.0149227      1.4831805      6.9223222    
  10180000   1.0043694      6.0116086      1.5064614      6.9307019    
  10190000   1.0034292      6.0243448      1.5050512      6.9250328    
  10200000   1.0002417      6.0116363      1.5002702      6.9269271    
  10210000   0.99935415     6.0144264      1.498939       6.9306756    
  10220000   0.9857635      6.0133513      1.4785542      6.9288144    
  10230000   1.0017435      5.9905761      1.5025228      6.9177972    
  10240000   0.99453404     6.002559       1.4917093      6.9317688    
  10250000   1.0113223      5.9974276      1.5168901      6.9307238    
  10260000   1.0038711      6.0032559      1.5057141      6.9289066    
  10270000   0.994313       6.0051834      1.4913777      6.9234044    
  10280000   0.99577023     6.0095481      1.4935634      6.9325667    
  10290000   1.0036612      5.9853956      1.5053991      6.9225315    
  10300000   1.0027419      5.9985204      1.5040203      6.9238089    
  10310000   1.0106204      5.9837995      1.5158372      6.9124707    
  10320000   1.00849        5.9875246      1.5126419      6.924336     
  10330000   0.99712207     6.0099351      1.4955911      6.9318057    
  10340000   0.99744051     6.0009346      1.4960687      6.9230636    
  10350000   0.99811135     6.0084314      1.4970749      6.9370439    
  10360000   0.99431134     6.0100906      1.4913752      6.9265614    
  10370000   0.99980966     5.9914812      1.4996222      6.9197387    
  10380000   1.0092864      5.987957       1.5138365      6.9262445    
  10390000   0.99643        5.9939002      1.494553       6.9302336    
  10400000   0.99196583     5.9919074      1.4878572      6.916225     
  10410000   0.99089753     5.9977372      1.4862548      6.9235257    
  10420000   0.99886383     5.9918027      1.4982035      6.9168666    
  10430000   0.99117035     5.9986602      1.486664       6.9219433    
  10440000   0.98914762     5.987717       1.4836301      6.9186964    
  10450000   0.98724105     5.9891909      1.4807704      6.9246481    
  10460000   1.0052649      5.9640369      1.5078046      6.9102214    
  10470000   1.0012784      5.969438       1.5018252      6.9256982    
  10480000   0.99229354     5.9823183      1.4883487      6.9119675    
  10490000   0.99402723     5.98698        1.4909491      6.9202555    
  10500000   0.98713925     6.0027857      1.4806178      6.9273192    
  10510000   0.99926368     5.982322       1.4988033      6.9127848    
  10520000   0.99787936     6.0154175      1.4967269      6.9364764    
  10530000   1.0125066      6.0049089      1.5186664      6.9298466    
  10540000   1.0038284      6.0063995      1.50565        6.9274713    
  10550000   1.0088105      6.0002545      1.5131227      6.9317256    
  10560000   0.99040798     6.0213564      1.4855205      6.9303154    
  10570000   1.0051417      6.0069856      1.5076197      6.9214009    
  10580000   1.0087675      6.0169274      1.5130581      6.9229585    
  10590000   1.0071314      6.0302629      1.5106041      6.9266617    
  10600000   1.0069965      6.0157407      1.5104017      6.9240646    
  10610000   0.99570687     6.0194817      1.4934684      6.9300238    
  10620000   0.9979488      6.0196094      1.4968311      6.9244347    
  10630000   1.0038271      6.0225073      1.505648       6.9275839    
  10640000   1.0041724      6.0325374      1.5061659      6.9411038    
  10650000   0.99896153     6.0258473      1.4983501      6.9400639    
  10660000   0.99869267     6.0271495      1.4979468      6.9332345    
  10670000   1.011282       6.0026966      1.5168296      6.9318219    
  10680000   1.0074513      6.010535       1.511084       6.9264643    
  10690000   1.0014383      6.0240072      1.502065       6.9332202    
  10700000   1.0091628      6.0086821      1.5136511      6.9234408    
  10710000   1.0104301      6.0254304      1.5155519      6.9270342    
  10720000   1.0010564      6.0236422      1.5014921      6.9244527    
  10730000   0.99767451     6.0352734      1.4964197      6.9446994    
  10740000   1.0021834      6.0317746      1.5031825      6.9290186    
  10750000   0.99322793     6.0352549      1.4897502      6.9294726    
  10760000   0.99863547     6.0338745      1.497861       6.9296462    
  10770000   1.0092673      6.0229054      1.5138077      6.9336971    
  10780000   1.0044759      6.0167276      1.5066211      6.9250864    
  10790000   1.0030239      6.0152676      1.5044433      6.9316526    
  10800000   0.99673539     6.0316669      1.4950111      6.9276664    
  10810000   1.002305       6.0142973      1.503365       6.9184355    
  10820000   1.0092482      5.9995151      1.5137791      6.9143876    
  10830000   0.99593932     6.0110875      1.493817       6.917666     
  10840000   0.99280004     6.0236302      1.4891084      6.9398381    
  10850000   0.99944646     6.0210956      1.4990774      6.9337383    
  10860000   1.0063624      6.0273259      1.5094506      6.9362313    
  10870000   1.0128534      6.0296926      1.5191866      6.9310552    
  10880000   0.99988378     6.033216       1.4997334      6.9314112    
  10890000   1.0079048      6.0219197      1.5117642      6.9332249    
  10900000   1.0044425      6.0203953      1.5065711      6.9247359    
  10910000   1.0053582      6.010791       1.5079445      6.9253924    
  10920000   0.99196518     6.0240113      1.4878562      6.9441215    
  10930000   1.0064713      5.9931801      1.5096141      6.9189617    
  10940000   0.99590313     6.0077671      1.4937628      6.9347089    
  10950000   1.0073327      5.9993866      1.5109061      6.9304371    
  10960000   1.0013236      5.9873918      1.501893       6.9142104    
  10970000   0.99766321     5.9990072      1.4964027      6.9254465    
  10980000   0.99770056     5.9969021      1.4964587      6.9269172    
  10990000   1.0031357      5.9876976      1.5046109      6.917551     
  11000000   1.0029459      5.9872866      1.5043263      6.9231974    
  11010000   0.99842492     6.0118142      1.4975452      6.9350021    
  11020000   1.0075472      5.9901042      1.5112277      6.9203035    
  11030000   0.9991095      5.9907064      1.498572       6.9199161    
  11040000   0.99111501     5.9824447      1.486581       6.9219262    
  11050000   0.99117206     5.9926916      1.4866666      6.9283       
  11060000   0.99060696     6.0029984      1.485819       6.9249513    
  11070000   0.99686561     5.9957369      1.4952064      6.9308185    
  11080000   0.99939827     5.9988479      1.4990052      6.919003     
  11090000   0.99747774     6.0182523      1.4961245      6.9344109    
  11100000   1.0006458      6.0020649      1.5008763      6.9228569    
  11110000   1.0033472      6.0068647      1.5049283      6.9351212    
  11120000   1.0050874      6.001667       1.5075383      6.9155184    
  11130000   0.98982791     6.0057907      1.4846505      6.9305095    
  11140000   1.0021551      6.0005405      1.5031401      6.9274592    
  11150000   0.99935749     6.0099926      1.498944       6.9243623    
  11160000   0.99559406     6.0100108      1.4932992      6.9343354    
  11170000   0.99733173     6.0040192      1.4959055      6.9250986    
  11180000   1.0015664      5.9947712      1.5022571      6.9230548    
  11190000   0.99575706     6.0007249      1.4935437      6.9239262    
  11200000   0.98882799     6.0053771      1.4831507      6.9206334    
  11210000   0.99882457     5.9843805      1.4981447      6.9299183    
  11220000   0.99559392     5.985081       1.493299       6.9222742    
  11230000   0.98553775     6.0072818      1.4782157      6.9291101    
  11240000   0.990513       5.9955871      1.4856781      6.9180339    
  11250000   0.99658156     5.9941435      1.4947803      6.9237583    
  11260000   0.99627156     5.9867526      1.4943154      6.9255229    
  11270000   0.99655919     5.9860962      1.4947468      6.9252465    
  11280000   0.99447312     5.9899571      1.4916179      6.9235523    
  11290000   0.99707974     5.9855514      1.4955276      6.9209001    
  11300000   0.99656849     5.9965559      1.4947607      6.9235964    
  11310000   1.0014285      5.9907144      1.5020503      6.9173163    
  11320000   1.0065131      6.0025277      1.5096767      6.918976     
  11330000   0.99248333     6.0222244      1.4886334      6.9260745    
  11340000   0.99980908     6.0179063      1.4996213      6.9286394    
  11350000   1.0074501      6.0069086      1.5110822      6.9206843    
  11360000   1.0055299      6.0045957      1.508202       6.9174352    
  11370000   0.99450337     6.017786       1.4916633      6.9323942    
  11380000   0.9939096      6.007867       1.4907727      6.9296207    
  11390000   0.99347574     6.0014075      1.4901219      6.9334865    
  11400000   0.99359643     6.021668       1.4903029      6.9289643    
  11410000   1.0129315      5.9959007      1.5193037      6.9156276    
  11420000   1.0018591      6.0119501      1.5026961      6.9290597    
  11430000   1.0045159      6.0281103      1.5066811      6.9322811    
  11440000   1.0004514      6.0300233      1.5005847      6.9312112    
  11450000   1.0162234      6.0169648      1.5242413      6.936688     
  11460000   1.011242       6.0349048      1.5167697      6.9389777    
  11470000   1.014048       6.0244948      1.5209784      6.9322963    
  11480000   0.99946754     6.0354939      1.499109       6.9283775    
  11490000   1.0033963      6.0179566      1.5050019      6.9196952    
  11500000   1.0023591      5.9818354      1.5034462      6.9134077    
  11510000   1.0044549      5.9869079      1.5065896      6.9202859    
  11520000   0.99138032     5.9978623      1.486979       6.9192952    
  11530000   1.0028482      5.9858672      1.5041797      6.9190592    
  11540000   1.0030507      5.9926419      1.5044834      6.9239501    
  11550000   1.0004947      6.0022117      1.5006498      6.9224606    
  11560000   0.99790648     6.0018054      1.4967676      6.9217511    
  11570000   1.0002895      6.0146512      1.5003419      6.9285671    
  11580000   1.0053723      6.027891       1.5079657      6.9283351    
  11590000   1.0060081      6.0103719      1.5089193      6.9303607    
  11600000   0.99646966     6.043413       1.4946125      6.9299038    
  11610000   1.0064477      6.023511       1.5095786      6.9175945    
  11620000   1.0100044      6.0120491      1.5149134      6.9231466    
  11630000   1.0119757      6.0166154      1.5178702      6.9273938    
  11640000   1.0025235      6.0158887      1.5036927      6.9311517    
  11650000   1.0065829      5.9963442      1.5097815      6.9342727    
  11660000   1.0047917      5.9953337      1.5070948      6.9277391    
  11670000   0.99600916     6.0008629      1.4939218      6.924929     
  11680000   0.99435373     6.0236178      1.4914388      6.934016     
  11690000   1.0081957      5.9989831      1.5122005      6.9246595    
  11700000   1.0016828      6.0186582      1.5024318      6.9328775    
  11710000   1.0031046      5.9959388      1.5045642      6.9255262    
  11720000   1.0000026      6.0112128      1.4999115      6.9217577    
  11730000   0.99553865     6.0127939      1.4932161      6.9175043    
  11740000   1.00234        6.0145295      1.5034175      6.9304238    
  11750000   1.0013798      6.0231454      1.5019773      6.917963     
  11760000   0.99454636     6.015126       1.4917277      6.9333877    
  11770000   1.0039005      6.0168137      1.5057581      6.9249809    
  11780000   1.0072199      6.021292       1.5107369      6.9293788    
  11790000   0.99446481     6.0447724      1.4916054      6.9399716    
  11800000   1.0009415      6.0077945      1.5013199      6.9294832    
  11810000   1.0030015      6.0068534      1.5044097      6.9215575    
  11820000   0.99731714     6.0208931      1.4958837      6.9290571    
  11830000   0.99501164     6.0102521      1.4924256      6.9247909    
  11840000   1.0019744      5.9979955      1.5028691      6.9218324    
  11850000   1.001176       6.0203847      1.5016716      6.9284389    
  11860000   1.0016399      6.0143317      1.5023673      6.9290239    
  11870000   0.98708654     6.0144137      1.4805387      6.9324272    
  11880000   0.99810388     6.0105179      1.4970637      6.9360245    
  11890000   1.0010916      5.9943766      1.5015449      6.919132     
  11900000   0.99089228     6.0028687      1.486247       6.9230604    
  11910000   1.0020786      6.0040703      1.5030254      6.9238304    
  11920000   1.0009908      6.0222233      1.5013938      6.9301347    
  11930000   0.99785292     6.021963       1.4966873      6.9310173    
  11940000   1.0063634      5.9912151      1.5094522      6.9239367    
  11950000   1.00262        6.0101413      1.5038374      6.9218513    
  11960000   1.0157543      5.9887741      1.5235376      6.9161975    
  11970000   1.0077404      6.0018993      1.5115175      6.9334181    
  11980000   1.0016094      6.0180114      1.5023216      6.9293888    
  11990000   1.0001298      6.000224       1.5001024      6.9177934    
  12000000   1.003749       5.9892424      1.5055309      6.9225193    
  12010000   0.99915044     6.0105477      1.4986334      6.9259564    
  12020000   0.99305196     6.0048667      1.4894863      6.9222737    
  12030000   1.001443       6.0028186      1.5020721      6.920323     
  12040000   0.9913572      6.0176255      1.4869443      6.9295963    
  12050000   0.99266175     6.0033283      1.488901       6.9321077    
  12060000   0.99612308     6.0002365      1.4940927      6.9193654    
  12070000   1.0001858      6.0018137      1.5001864      6.9278683    
  12080000   0.99636051     5.997014       1.4944488      6.9162959    
  12090000   0.99719584     6.0206388      1.4957017      6.9256713    
  12100000   1.0013634      5.9932126      1.5019526      6.9288713    
  12110000   0.99642731     5.9932282      1.494549       6.928057     
  12120000   0.98985418     6.0020761      1.4846899      6.9265043    
  12130000   0.98831801     5.9869788      1.4823858      6.9173906    
  12140000   0.98645825     5.988264       1.4795963      6.9189533    
  12150000   0.99830384     5.9974623      1.4973636      6.9175554    
  12160000   0.99418078     6.0067485      1.4911794      6.917314     
  12170000   1.0048488      6.0049027      1.5071805      6.9139612    
  12180000   0.99879628     6.0135366      1.4981022      6.9333161    
  12190000   1.0041544      6.0097512      1.506139       6.926067     
  12200000   1.0065227      6.0184767      1.5096911      6.934954     
  12210000   0.99539015     6.0009265      1.4929933      6.925596     
  12220000   1.0001744      6.0046376      1.5001692      6.9357904    
  12230000   0.99423895     5.9978838      1.4912666      6.9205802    
  12240000   0.99925785     5.9850651      1.4987945      6.9212217    
  12250000   0.99670863     6.0151576      1.4949709      6.9171984    
  12260000   1.0039045      6.0024127      1.5057641      6.9250042    
  12270000   0.99816667     6.0010614      1.4971579      6.9280173    
  12280000   1.0043235      6.0146764      1.5063926      6.9252321    
  12290000   0.99710099     5.9998206      1.4955594      6.9243708    
  12300000   0.99403306     6.0108648      1.4909578      6.9258851    
  12310000   0.99995345     5.9926707      1.4998379      6.9231897    
  12320000   1.0017582      5.9845507      1.5025449      6.9147309    
  12330000   1.0055594      5.9816738      1.5082462      6.922431     
  12340000   0.99938822     6.0001907      1.4989901      6.9222374    
  12350000   1.00672        6.0145273      1.509987       6.9370852    
  12360000   1.0119805      6.0149004      1.5178774      6.9338018    
  12370000   1.0063429      6.018107       1.5094215      6.9290459    
  12380000   1.0076906      5.9995223      1.5114429      6.9272953    
  12390000   1.0070773      6.0041342      1.510523       6.9350772    
  12400000   1.0055785      6.0005837      1.5082749      6.9263044    
  12410000   0.99245476     6.0055671      1.4885905      6.9269521    
  12420000   0.98957528     6.0091222      1.4842716      6.9310163    
  12430000   0.99933514     6.00142        1.4989105      6.9297889    
  12440000   0.98865332     6.0007043      1.4828887      6.9257716    
  12450000   1.0030357      5.9836963      1.504461       6.9177085    
  12460000   0.99739444     5.9946865      1.4959996      6.9265726    
  12470000   0.99328417     5.9956397      1.4898346      6.923043     
  12480000   0.99532985     5.9935137      1.4929029      6.9234984    
  12490000   0.99153343     6.0145185      1.4872086      6.934664     
  12500000   0.99595921     6.0070361      1.4938469      6.932981     
  12510000   1.0037442      6.0152751      1.5055237      6.9331142    
  12520000   1.0016468      6.0301783      1.5023777      6.9243529    
  12530000   1.0026495      6.0179881      1.5038817      6.9251546    
  12540000   1.0062653      6.0350454      1.5093051      6.9389909    
  12550000   1.0019283      6.0041252      1.5027999      6.9243438    
  12560000   0.99619197     6.0221669      1.494196       6.92938      
  12570000   1.0091809      5.9991384      1.5136782      6.933229     
  12580000   1.0063922      6.0001149      1.5094953      6.9180838    
  12590000   1.0118174      6.0036902      1.5176327      6.923421     
  12600000   1.0024724      6.0291611      1.503616       6.9199806    
  12610000   1.0085601      6.0053746      1.512747       6.9160075    
  12620000   1.0001973      5.9993164      1.5002036      6.9304525    
  12630000   0.99815947     6.0122921      1.4971471      6.9345925    
  12640000   1.0130828      6.0000208      1.5195306      6.917139     
  12650000   0.99591831     6.0134277      1.4937855      6.9368755    
  12660000   0.99551933     6.0323636      1.4931871      6.9401288    
  12670000   1.000573       6.0005813      1.5007671      6.9220027    
  12680000   0.99911361     6.0254174      1.4985782      6.9146243    
  12690000   1.0026964      6.0078741      1.503952       6.9255302    
  12700000   1.0050147      5.9956166      1.5074293      6.917152     
  12710000   0.9927366      6.0184506      1.4890133      6.9321945    
  12720000   1.0002177      6.0264681      1.5002342      6.9325385    
  12730000   1.0020201      6.0268645      1.5029377      6.9296557    
  12740000   1.0160838      6.0180844      1.524032       6.9258372    
  12750000   1.0084385      5.9991543      1.5125647      6.9226679    
  12760000   0.99811787     6.027041       1.4970847      6.9398369    
  12770000   1.0103495      6.0045145      1.515431       6.927232     
  12780000   1.0058445      5.9906242      1.5086738      6.9178555    
  12790000   1.0000235      5.9898378      1.4999429      6.9325413    
  12800000   0.99421043     5.9838572      1.4912239      6.9307221    
  12810000   1.0063049      6.0166179      1.5093645      6.9339721    
  12820000   1.0011907      6.0189177      1.5016936      6.9367058    
  12830000   0.9954938      6.0079957      1.4931488      6.9236608    
  12840000   1.0005414      6.0123739      1.5007197      6.9266274    
  12850000   0.99144514     6.0325497      1.4870762      6.9338391    
  12860000   1.0096133      6.0080673      1.5143267      6.9239138    
  12870000   1.0090046      6.0077048      1.5134137      6.9159506    
  12880000   0.98866518     6.0396402      1.4829065      6.9302353    
  12890000   1.0069128      6.0158978      1.5102762      6.9268282    
  12900000   0.99398556     6.009772       1.4908866      6.9245759    
  12910000   1.0027001      6.0033045      1.5039576      6.9290945    
  12920000   0.99915131     6.0084283      1.4986347      6.9188045    
  12930000   0.98188637     6.0224106      1.4727389      6.926913     
  12940000   0.99327447     6.0114064      1.48982        6.9182043    
  12950000   0.98954884     6.0173743      1.4842319      6.9240652    
  12960000   0.99135326     6.0079406      1.4869384      6.9230043    
  12970000   1.0019375      5.9770086      1.5028138      6.9165518    
  12980000   0.98809419     6.0139816      1.4820501      6.9217442    
  12990000   0.99445842     6.0056848      1.4915958      6.9255564    
  13000000   1.0025463      6.0079463      1.5037269      6.9252779    
  13010000   0.99246278     6.0108674      1.4886026      6.941187     
  13020000   1.0011185      5.9893796      1.5015853      6.9295926    
  13030000   0.99614584     5.996717       1.4941268      6.9311119    
  13040000   0.98988066     6.0035126      1.4847296      6.9262537    
  13050000   0.98908063     5.9938709      1.4835296      6.9197447    
  13060000   0.99204114     5.9977723      1.4879701      6.9180191    
  13070000   0.98744502     6.0013375      1.4810764      6.9251992    
  13080000   0.9984406      5.9784533      1.4975687      6.917814     
  13090000   0.99360357     5.9814562      1.4903136      6.9248622    
  13100000   0.98499775     5.9758879      1.4774057      6.9272521    
  13110000   1.0016899      5.9655399      1.5024424      6.9245217    
  13120000   0.99919598     5.9736846      1.4987017      6.9154851    
  13130000   1.0017242      5.9819749      1.5024939      6.9247541    
  13140000   1.0022149      5.9888814      1.5032298      6.9280917    
  13150000   1.0090699      6.0014097      1.5135117      6.9267507    
  13160000   1.0061564      6.0023613      1.5091417      6.9147093    
  13170000   0.99866885     6.0126286      1.4979111      6.927379     
  13180000   1.0045664      6.0153339      1.5067568      6.9278305    
  13190000   0.99856165     5.9955961      1.4977503      6.9185058    
  13200000   0.99836106     5.9992667      1.4974494      6.9250746    
  13210000   0.99382811     6.0009591      1.4906504      6.9271706    
  13220000   1.0007994      5.9769923      1.5011067      6.9142939    
  13230000   0.99548587     6.0059598      1.4931369      6.9181411    
  13240000   1.0037231      5.9908089      1.505492       6.921097     
  13250000   0.99911463     6.0050504      1.4985797      6.9290932    
  13260000   1.0144977      5.9923089      1.5216528      6.9181865    
  13270000   0.99543009     6.0180743      1.4930533      6.9276783    
  13280000   0.99445764     6.0007786      1.4915947      6.9227018    
  13290000   0.99365799     6.0068867      1.4903953      6.9264209    
  13300000   1.0069939      6.0019296      1.5103979      6.9252861    
  13310000   0.98966977     5.998874       1.4844133      6.9197236    
  13320000   0.98999407     6.0049366      1.4848997      6.9250537    
  13330000   0.99920567     5.9821445      1.4987163      6.9139093    
  13340000   1.0009463      5.9873036      1.501327       6.9165301    
  13350000   1.0030856      5.9890823      1.5045358      6.9245644    
  13360000   0.99148592     6.0100741      1.4871374      6.9195189    
  13370000   0.99585278     5.9981969      1.4936872      6.9209031    
  13380000   0.99682018     6.0061198      1.4951383      6.9182629    
  13390000   0.99643855     6.0071718      1.4945658      6.9201388    
  13400000   0.9996344      5.995968       1.4993593      6.925764     
  13410000   0.98944265     6.011321       1.4840726      6.9370219    
  13420000   0.99720892     5.9912025      1.4957213      6.929033     
  13430000   0.99480696     6.004463       1.4921186      6.9128676    
  13440000   0.99811737     5.9924495      1.4970839      6.9178201    
  13450000   0.99644169     6.0013823      1.4945705      6.9146868    
  13460000   1.0021589      6.0133219      1.5031459      6.9239002    
  13470000   0.9926681      6.0255774      1.4889105      6.9278       
  13480000   1.0027357      6.0244843      1.504011       6.925195     
  13490000   1.0101568      6.0057073      1.5151419      6.9214771    
  13500000   0.99765669     6.0035129      1.4963929      6.9198986    
  13510000   1.0079196      5.9962963      1.5117863      6.9290772    
  13520000   1.0040609      5.9981043      1.5059987      6.9232743    
  13530000   0.99900555     6.0131606      1.4984161      6.9283574    
  13540000   0.99394818     6.0396255      1.4908305      6.9399116    
  13550000   1.0107181      6.0153084      1.5159838      6.9238488    
  13560000   1.0005945      6.0164076      1.5007994      6.9286591    
  13570000   0.99980763     6.019554       1.4996192      6.9287287    
  13580000   0.99671797     6.010625       1.494985       6.9266933    
  13590000   0.9866186      6.0150221      1.4798368      6.9233217    
  13600000   1.0017118      5.989523       1.5024752      6.9277336    
  13610000   0.99867138     6.0049679      1.4979149      6.928084     
  13620000   1.0002712      6.0169992      1.5003145      6.9248457    
  13630000   1.002153       6.0078142      1.503137       6.914943     
  13640000   1.0044169      6.0123864      1.5065326      6.9221997    
  13650000   1.0003429      6.0049375      1.500422       6.9239348    
  13660000   0.99972781     5.9946088      1.4994994      6.9224136    
  13670000   1.0019807      6.0006236      1.5028786      6.9324398    
  13680000   1.0008478      6.0094688      1.5011794      6.9225169    
  13690000   1.003795       5.9957379      1.5055999      6.9231801    
  13700000   0.99713373     6.0247445      1.4956085      6.9312802    
  13710000   1.0027678      6.0092277      1.5040591      6.9254645    
  13720000   1.005665       6.0228597      1.5084046      6.9267099    
  13730000   1.0074459      6.010459       1.5110759      6.9196443    
  13740000   1.0029954      6.019994       1.5044004      6.9314262    
  13750000   1.0096733      6.0271724      1.5144168      6.9263253    
  13760000   1.0154293      6.0166215      1.5230502      6.9186754    
  13770000   1.0051524      6.0208327      1.5076359      6.9317985    
  13780000   1.0036618      6.0092073      1.5054001      6.9282752    
  13790000   0.99555853     6.0054397      1.4932459      6.9219442    
  13800000   0.99225536     5.9949105      1.4882914      6.919936     
  13810000   0.99297977     5.988598       1.489378       6.9216474    
  13820000   1.004831       5.9903341      1.5071537      6.9273246    
  13830000   0.99916219     6.0110139      1.498651       6.93023      
  13840000   1.0135786      5.9876448      1.5202744      6.9247253    
  13850000   1.0020761      6.0071175      1.5030217      6.9333502    
  13860000   0.99179089     6.0101539      1.4875948      6.9212693    
  13870000   0.99775316     6.0163635      1.4965376      6.9203417    
  13880000   1.0023552      6.0095975      1.5034403      6.9251914    
  13890000   0.99793492     6.0047789      1.4968103      6.9259495    
  13900000   0.99816685     6.0014818      1.4971581      6.9396905    
  13910000   0.99876883     5.9990983      1.4980611      6.9300385    
  13920000   1.0010847      6.0332689      1.5015346      6.9319699    
  13930000   1.0082243      6.0099382      1.5122433      6.9273266    
  13940000   1.0070494      5.9996573      1.5104811      6.9263423    
  13950000   0.99825485     6.0036031      1.4972901      6.9355577    
  13960000   1.0078704      6.0027523      1.5117126      6.9293924    
  13970000   1.00617        5.9891065      1.5091621      6.9202803    
  13980000   0.99828117     5.9923295      1.4973296      6.9298642    
  13990000   0.9973072      6.0072029      1.4958687      6.9238696    
  14000000   0.99879448     5.9999654      1.4980995      6.9218051    
  14010000   0.99365405     6.0168605      1.4903894      6.9244692    
  14020000   0.99412325     6.0223867      1.4910931      6.9242258    
  14030000   0.99766381     6.0172829      1.4964036      6.923567     
  14040000   1.0010551      6.0114857      1.5014902      6.9212205    
  14050000   0.9925555      6.0169314      1.4887416      6.9258625    
  14060000   0.99760648     6.0327774      1.4963176      6.9382237    
  14070000   1.0035482      6.0305384      1.5052297      6.9190417    
  14080000   0.9989045      6.0361191      1.4982645      6.9346529    
  14090000   1.0038167      6.0333634      1.5056324      6.9380909    
  14100000   1.0001297      6.0296969      1.5001023      6.9174554    
  14110000   1.0002387      6.0381759      1.5002657      6.9316935    
  14120000   1.0099214      6.0361203      1.5147888      6.9242298    
  14130000   0.99150359     6.0090373      1.4871639      6.9129936    
  14140000   1.0009808      6.0118353      1.5013788      6.936742     
  14150000   1.0066198      6.0072287      1.5098368      6.9283215    
  14160000   0.99146908     6.0291757      1.4871121      6.9353569    
  14170000   1.0035625      6.0125802      1.5052511      6.9273597    
  14180000   0.99847568     6.0201605      1.4976214      6.9239084    
  14190000   1.000337       6.0106211      1.5004132      6.9164611    
  14200000   0.9950088      6.0029749      1.4924214      6.9323011    
  14210000   1.0068367      6.0021468      1.5101622      6.9355019    
  14220000   0.9975759      6.0104349      1.4962718      6.9162742    
  14230000   0.99574146     6.0291019      1.4935203      6.9391679    
  14240000   0.98707687     6.0224783      1.4805242      6.9218077    
  14250000   1.0006626      6.012359       1.5009016      6.9344606    
  14260000   0.99884624     6.0189151      1.4981772      6.9265897    
  14270000   1.004217       6.010058       1.5062328      6.9284061    
  14280000   0.99814555     6.0203619      1.4971262      6.9255337    
  14290000   1.0019463      6.018602       1.5028269      6.9422607    
  14300000   0.99790999     6.0284791      1.4967729      6.9272683    
  14310000   1.0041968      6.0167211      1.5062025      6.9266186    
  14320000   0.99908577     6.0194514      1.4985364      6.933066     
  14330000   1.0029536      6.0189562      1.5043378      6.92434      
  14340000   1.0052599      6.0111339      1.507797       6.9220285    
  14350000   1.0035278      6.0073421      1.5051991      6.9246451    
  14360000   0.99514972     6.0350563      1.4926327      6.9376411    
  14370000   1.0018071      6.0276369      1.5026182      6.9264612    
  14380000   0.995868       6.0247131      1.4937101      6.9307199    
  14390000   0.99843024     6.0183355      1.4975532      6.9317645    
  14400000   1.0070724      5.992092       1.5105156      6.9207886    
  14410000   0.99200921     6.0208776      1.4879222      6.9384992    
  14420000   1.0053164      6.0173079      1.5078818      6.9403999    
  14430000   1.0017496      6.0240193      1.502532       6.9311451    
  14440000   1.004744       6.0009197      1.5070232      6.9205055    
  14450000   0.98995656     6.0067776      1.4848435      6.930927     
  14460000   0.99813051     5.9981393      1.4971036      6.9208826    
  14470000   0.99951339     5.9850333      1.4991778      6.9250573    
  14480000   1.0017527      5.9790869      1.5025366      6.9150916    
  14490000   1.0008782      5.9882885      1.5012249      6.9195794    
  14500000   0.99937179     6.0090818      1.4989654      6.9307224    
  14510000   0.99266046     5.9990961      1.4888991      6.9218327    
  14520000   1.0011319      5.9696639      1.5016054      6.921531     
  14530000   0.98086302     5.9974054      1.471204       6.9304123    
  14540000   0.99765682     5.9855664      1.4963931      6.9179256    
  14550000   0.99487695     5.9942166      1.4922236      6.9165895    
  14560000   1.0047097      5.9957013      1.5069718      6.9259874    
  14570000   0.98490435     5.9985728      1.4772656      6.9294717    
  14580000   0.99907298     5.9890326      1.4985172      6.9188587    
  14590000   0.98618993     6.0033034      1.4791939      6.9262231    
  14600000   0.99560098     5.9821414      1.4933096      6.9162752    
  14610000   0.98989162     6.0048626      1.4847461      6.9336223    
  14620000   0.99562839     6.0066152      1.4933507      6.9335539    
  14630000   0.99549774     6.0116357      1.4931547      6.9331893    
  14640000   0.99193223     6.015278       1.4878068      6.9237885    
  14650000   0.99733807     6.0080658      1.495915       6.9272015    
  14660000   1.0014352      6.0081336      1.5020603      6.9266017    
  14670000   0.98717887     6.0161113      1.4806772      6.9366194    
  14680000   0.99401419     6.0076068      1.4909295      6.9262047    
  14690000   1.0026978      5.9941536      1.5039541      6.9276637    
  14700000   0.99929955     5.9944277      1.4988571      6.9198687    
  14710000   1.0086766      5.9973583      1.5129217      6.9337307    
  14720000   1.0024843      6.0174116      1.5036339      6.9347569    
  14730000   1.0033144      6.010667       1.5048789      6.9248412    
  14740000   1.0102279      6.0020687      1.5152485      6.9279716    
  14750000   1.0057343      6.0144102      1.5085085      6.9347193    
  14760000   0.99505028     6.0175469      1.4924836      6.9402694    
  14770000   1.0007045      6.0134756      1.5009644      6.9246701    
  14780000   0.99361875     6.0303025      1.4903364      6.9274273    
  14790000   1.0069113      6.0008541      1.510274       6.9213205    
  14800000   0.99656074     6.0132036      1.4947491      6.9370112    
  14810000   1.0003935      6.0072378      1.500498       6.9277706    
  14820000   0.99674947     5.9919249      1.4950322      6.9209587    
  14830000   0.99069355     6.0045449      1.4859489      6.9304672    
  14840000   0.99678068     6.005925       1.495079       6.9190807    
  14850000   1.0063871      5.988739       1.5094878      6.9210083    
  14860000   1.0034374      5.9890774      1.5050635      6.9239642    
  14870000   0.99228888     6.0063917      1.4883417      6.9308548    
  14880000   0.99728507     5.9936743      1.4958355      6.918958     
  14890000   0.99937664     5.9993802      1.4989727      6.9227486    
  14900000   1.0019517      5.9951102      1.502835       6.930488     
  14910000   0.99321145     6.023759       1.4897255      6.9200605    
  14920000   0.99876639     6.0090252      1.4980574      6.9318904    
  14930000   1.0090515      5.990447       1.5134842      6.9184385    
  14940000   0.99220897     5.9959794      1.4882219      6.9213297    
  14950000   0.99957348     6.0076051      1.4992679      6.9214414    
  14960000   1.0020082      6.0081471      1.5029198      6.9310218    
  14970000   0.993302       6.009996       1.4898613      6.9250195    
  14980000   1.0036876      6.0118488      1.5054387      6.9257771    
  14990000   1.0154313      6.0204196      1.5230531      6.9318157    
  15000000   1.0026284      6.0335891      1.50385        6.9367188    
  15010000   0.99928605     6.0384084      1.4988368      6.9272688    
  15020000   1.013913       6.0255576      1.5207759      6.9279259    
  15030000   1.006208       6.0366287      1.5092191      6.9369369    
  15040000   1.0108769      6.0220633      1.516222       6.9241539    
  15050000   0.99333181     6.0254544      1.489906       6.9314944    
  15060000   1.01001        6.0056159      1.5149217      6.9369235    
  15070000   0.99695403     6.0349032      1.495339       6.9291256    
  15080000   0.9959434      6.0276153      1.4938232      6.9328228    
  15090000   1.0048589      6.0071838      1.5071956      6.9243966    
  15100000   1.0064446      6.0064873      1.5095739      6.9191477    
  15110000   1.005774       6.0025921      1.5085682      6.9278391    
  15120000   1.0000661      6.0111777      1.5000068      6.9338297    
  15130000   0.9974676      6.0044164      1.4961093      6.9227913    
  15140000   0.99396989     6.0057098      1.4908631      6.9169044    
  15150000   0.99806922     5.9873482      1.4970117      6.9287486    
  15160000   1.0020762      5.9995621      1.5030217      6.9190032    
  15170000   0.9914098      6.0199836      1.4870232      6.9319079    
  15180000   1.0006525      5.9894529      1.5008864      6.9232888    
  15190000   1.0084841      5.9994388      1.512633       6.9282473    
  15200000   1.0032131      6.0113233      1.5047271      6.9202       
  15210000   1.005399       6.0172123      1.5080057      6.9363873    
  15220000   1.0026768      6.0136481      1.5039226      6.9281019    
  15230000   1.0073811      6.0019406      1.5109786      6.9227864    
  15240000   0.99909332     6.0069127      1.4985478      6.9252591    
  15250000   0.99130568     5.9956373      1.486867       6.9197059    
  15260000   1.0012093      6.007962       1.5017216      6.9254643    
  15270000   1.0055752      6.0084178      1.50827        6.9331672    
  15280000   1.0015866      6.025121       1.5022874      6.9314593    
  15290000   1.0082515      6.0350305      1.5122842      6.930583     
  15300000   1.0070929      6.0394252      1.5105464      6.9370979    
  15310000   1.0054559      6.0382055      1.508091       6.9224907    
  15320000   0.99542624     6.0214065      1.4930475      6.9280113    
  15330000   0.99763383     6.0204673      1.4963587      6.9343148    
  15340000   0.99543363     6.0168792      1.4930586      6.9258732    
  15350000   1.0032997      6.0196861      1.504857       6.9351082    
  15360000   1.0068654      6.0229473      1.5102052      6.9237148    
  15370000   0.99905766     6.0235169      1.4984943      6.9260027    
  15380000   0.99704114     6.0280446      1.4954697      6.9356694    
  15390000   0.99585999     6.0048497      1.4936981      6.9252565    
  15400000   1.0003851      6.0032345      1.5004852      6.9285656    
  15410000   1.0096461      6.0079609      1.514376       6.9289003    
  15420000   1.0070948      6.0103848      1.5105492      6.921174     
  15430000   0.99919049     6.0183561      1.4986935      6.9246824    
  15440000   0.99679942     6.0241732      1.4951071      6.928353     
  15450000   1.0000452      6.0210466      1.4999755      6.92397      
  15460000   0.99156623     6.0257097      1.4872578      6.9300205    
  15470000   1.0118514      6.0146386      1.5176838      6.9325105    
  15480000   1.0102122      6.021629       1.515225       6.9365443    
  15490000   1.0091236      6.0374168      1.5135922      6.927532     
  15500000   0.99763145     6.0401659      1.4963551      6.9340493    
  15510000   1.0079118      6.0270021      1.5117746      6.9316893    
  15520000   1.0095193      6.021696       1.5141858      6.9228823    
  15530000   1.0053604      6.0288086      1.5079478      6.935412     
  15540000   1.0185301      6.0246511      1.5277012      6.9339738    
  15550000   1.0109489      6.0263946      1.51633        6.931008     
  15560000   1.0025042      6.0133488      1.5036638      6.9346234    
  15570000   0.99724861     6.0220153      1.4957809      6.923361     
  15580000   0.99872442     6.0149048      1.4979944      6.939315     
  15590000   1.0056277      6.0202904      1.5083488      6.9375609    
  15600000   1.000302       6.0325035      1.5003606      6.9350939    
  15610000   1.0075826      6.015447       1.5112809      6.9334627    
  15620000   1.0059964      6.02105        1.5089017      6.9399591    
  15630000   0.99262679     6.0288944      1.4888486      6.9350431    
  15640000   1.0039301      5.9958745      1.5058025      6.9259253    
  15650000   1.0051584      5.9982273      1.5076448      6.9219658    
  15660000   0.99933664     6.0043089      1.4989127      6.9269526    
  15670000   1.0071479      5.9987402      1.5106289      6.9185499    
  15680000   1.0029027      6.0178042      1.5042614      6.9316835    
  15690000   1.0021369      6.0117348      1.5031129      6.9220689    
  15700000   0.99751934     6.0239483      1.4961869      6.930927     
  15710000   1.0000229      6.008285       1.499942       6.9239889    
  15720000   1.0107367      6.0140538      1.5160117      6.9348067    
  15730000   1.0066818      6.0097441      1.5099298      6.9149314    
  15740000   1.005789       6.0396788      1.5085906      6.9355881    
  15750000   1.0072495      6.0271228      1.5107812      6.9315952    
  15760000   1.0028789      6.0234235      1.5042258      6.9336104    
  15770000   1.0028638      6.0186331      1.5042031      6.9320035    
  15780000   0.99996058     6.0151813      1.4998486      6.9323814    
  15790000   0.99271243     6.0290826      1.488977       6.9229875    
  15800000   1.0025168      6.019191       1.5036826      6.9141625    
  15810000   0.99516656     6.0227716      1.492658       6.9271231    
  15820000   1.0042219      6.0166387      1.5062402      6.9236965    
  15830000   1.0157409      6.0163589      1.5235175      6.9256877    
  15840000   1.001154       6.0238924      1.5016385      6.9344828    
  15850000   1.0009461      5.9956763      1.5013268      6.9255878    
  15860000   0.99059648     6.0175072      1.4858033      6.9285781    
  15870000   1.0023871      5.9997724      1.5034882      6.9142375    
  15880000   1.0042477      5.9930868      1.5062788      6.9204534    
  15890000   0.99019022     6.0227026      1.4851939      6.9218988    
  15900000   1.0029267      5.9964012      1.5042975      6.9166406    
  15910000   1.0031606      6.000881       1.5046483      6.9244449    
  15920000   1.0088139      6.0144124      1.5131278      6.9292548    
  15930000   0.99907221     6.0147175      1.4985161      6.925543     
  15940000   0.99919826     6.0065746      1.4987052      6.9281532    
  15950000   1.0009479      5.9986413      1.5013294      6.9196166    
  15960000   1.003004       6.0119115      1.5044134      6.9271139    
  15970000   0.9989673      6.03212        1.4983587      6.924454     
  15980000   1.0061668      5.9961584      1.5091574      6.9337143    
  15990000   1.0019682      6.0241276      1.5028598      6.9200576    
  16000000   1.0052543      6.0270672      1.5077887      6.9403198    
  16010000   1.0084078      6.0121662      1.5125187      6.9183608    
  16020000   1.0049766      6.0241358      1.5073721      6.9316328    
  16030000   1.0058863      6.0150535      1.5087367      6.9239835    
  16040000   0.98581935     6.0232907      1.478638       6.9274212    
  16050000   0.998271       5.9939096      1.4973143      6.9221031    
  16060000   0.99971147     5.9977103      1.4994749      6.9237373    
  16070000   0.98505855     6.0133937      1.4774969      6.9353883    
  16080000   1.001916       5.9864665      1.5027815      6.9291014    
  16090000   1.0087418      5.9984739      1.5130195      6.9220376    
  16100000   1.0158251      5.9913296      1.5236438      6.924494     
  16110000   0.99374433     5.9969999      1.4905248      6.9191833    
  16120000   0.99768845     5.9887305      1.4964406      6.9177788    
  16130000   1.0104045      5.9875808      1.5155135      6.9290106    
  16140000   1.0035801      6.0195983      1.5052775      6.9419548    
  16150000   1.0198769      6.0104946      1.5297212      6.9263201    
  16160000   0.99935524     6.0065204      1.4989406      6.9333934    
  16170000   1.0069099      5.9927784      1.5102719      6.9200023    
  16180000   1.0016357      6.0114415      1.5023611      6.9292136    
  16190000   0.99097509     6.0269002      1.4863712      6.9388232    
  16200000   0.99984194     6.0256157      1.4996706      6.9430892    
  16210000   0.9922588      6.0044527      1.4882966      6.9253974    
  16220000   0.99414287     6.0141105      1.4911225      6.925647     
  16230000   0.99165081     6.0065805      1.4873847      6.9256597    
  16240000   0.99615118     5.9883581      1.4941348      6.9186624    
  16250000   0.99126168     5.9965518      1.486801       6.9154494    
  16260000   0.9909484      5.9986404      1.4863311      6.913691     
  16270000   0.99907813     5.9784313      1.498525       6.9192938    
  16280000   0.98819541     5.9869604      1.4822019      6.9245789    
  16290000   0.99563503     5.9757889      1.4933606      6.9172958    
  16300000   0.99841612     5.9854119      1.497532       6.9228353    
  16310000   0.99930269     5.9938971      1.4988618      6.9201686    
  16320000   1.0026494      6.0045581      1.5038816      6.9285524    
  16330000   1.0006366      6.0131238      1.5008625      6.9261772    
  16340000   1.0001203      5.9971027      1.5000882      6.9232634    
  16350000   1.0043648      5.9865102      1.5064545      6.9258647    
  16360000   0.99573559     5.9953791      1.4935115      6.9189472    
  16370000   0.9892163      6.0162842      1.4837331      6.9331375    
  16380000   0.99569391     6.0029692      1.493449       6.9165079    
  16390000   0.99869925     6.0041         1.4979567      6.9281545    
  16400000   0.98553816     6.0149988      1.4782163      6.9290663    
  16410000   0.99700696     5.9934152      1.4954184      6.9322776    
  16420000   0.99615207     6.0066045      1.4941362      6.9217481    
  16430000   1.0063089      6.0065578      1.5093705      6.9245507    
  16440000   1.0051227      6.0118169      1.5075913      6.9225568    
  16450000   1.0065292      6.0168848      1.5097009      6.9325033    
  16460000   1.0000961      6.0061894      1.5000519      6.9246275    
  16470000   1.0022955      6.0073823      1.5033507      6.9304483    
  16480000   1.0143183      6.0039078      1.5213838      6.9164302    
  16490000   1.0069745      6.0146253      1.5103688      6.9184867    
  16500000   0.99868422     6.0243683      1.4979341      6.9297215    
  16510000   1.0008925      6.0100666      1.5012464      6.9302569    
  16520000   0.99975879     6.008843       1.4995459      6.9169881    
  16530000   0.99657167     6.0107772      1.4947655      6.9310085    
  16540000   1.0062682      5.9971199      1.5093094      6.9294492    
  16550000   0.99774098     6.0207743      1.4965194      6.9211131    
  16560000   0.99031418     6.0272585      1.4853799      6.9319831    
  16570000   0.99387811     6.0172875      1.4907254      6.9302115    
  16580000   0.99006364     6.022719       1.4850041      6.9338062    
  16590000   0.99929282     6.0162891      1.498847       6.9315368    
  16600000   1.0038839      6.0103728      1.5057332      6.9253687    
  16610000   1.0007115      6.0317368      1.5009749      6.9200208    
  16620000   0.99065436     6.0184522      1.4858901      6.9290042    
  16630000   0.99208711     6.0104415      1.4880391      6.927832     
  16640000   1.0017178      6.0051047      1.5024842      6.9276161    
  16650000   1.0028588      6.0119778      1.5041956      6.9307902    
  16660000   1.0026709      6.005482       1.5039138      6.9348758    
  16670000   1.0009453      5.997282       1.5013256      6.9187557    
  16680000   0.99081492     6.0055044      1.4861309      6.9222363    
  16690000   0.99313624     5.9856918      1.4896127      6.9210274    
  16700000   0.99833141     5.9889575      1.497405       6.9254749    
  16710000   0.99348183     5.9873746      1.490131       6.925544     
  16720000   1.0012189      5.9653         1.501736       6.9106951    
  16730000   1.0014932      5.9748465      1.5021473      6.9232084    
  16740000   0.99621359     5.9903491      1.4942284      6.9231608    
  16750000   1.0034902      6.0010959      1.5051427      6.9227353    
  16760000   1.0053491      5.9824868      1.5079309      6.9226826    
  16770000   1.0010688      6.0009784      1.5015108      6.936568     
  16780000   1.0014976      5.99565        1.502154       6.9153893    
  16790000   0.99713964     6.0079104      1.4956174      6.9273023    
  16800000   0.99677621     6.0071229      1.4950723      6.9257403    
  16810000   0.99346764     6.0280281      1.4901098      6.933341     
  16820000   1.0082414      6.0049587      1.512269       6.9322819    
  16830000   0.99483542     5.9974569      1.4921613      6.9229694    
  16840000   0.98737317     6.0151313      1.4809686      6.9185877    
  16850000   1.0002512      6.0011391      1.5002845      6.9256675    
  16860000   1.0026497      6.0092327      1.503882       6.9310404    
  16870000   0.99864704     6.0108978      1.4978784      6.9344287    
  16880000   0.99460713     6.0120011      1.4918189      6.9236139    
  16890000   0.99535253     6.0187426      1.4929369      6.9299245    
  16900000   0.9942046      5.9953553      1.4912151      6.9177339    
  16910000   0.98752502     6.0194438      1.4811964      6.9224826    
  16920000   0.99563716     5.9963707      1.4933638      6.9177936    
  16930000   0.99090262     6.0069089      1.4862625      6.9261552    
  16940000   0.99042783     6.0197821      1.4855503      6.9207265    
  16950000   0.99496349     6.0140933      1.4923534      6.9202624    
  16960000   0.98977513     6.0271327      1.4845713      6.9342952    
  16970000   1.0095845      5.9983074      1.5142836      6.9213119    
  16980000   1.0015772      6.0125912      1.5022734      6.9331738    
  16990000   1.005358       5.9842657      1.5079442      6.9201166    
  17000000   0.99514795     6.0157251      1.4926301      6.9200964    
  17010000   1.0084804      6.0000955      1.5126275      6.9185409    
  17020000   0.99882909     6.0087825      1.4981514      6.926157     
  17030000   1.0111131      5.9897219      1.5165764      6.9232601    
  17040000   0.99934496     5.9853468      1.4989252      6.923611     
  17050000   0.9947408      5.9981435      1.4920194      6.9234288    
  17060000   0.98480326     6.0028078      1.477114       6.9139431    
  17070000   0.99962097     5.9975231      1.4993392      6.9176363    
  17080000   1.0010442      6.022836       1.5014738      6.9274039    
  17090000   0.99802409     6.0170045      1.496944       6.9339757    
  17100000   1.0094376      6.0034916      1.5140632      6.9215425    
  17110000   0.99644751     6.0377778      1.4945793      6.9376699    
  17120000   0.99755375     6.0264005      1.4962385      6.9281622    
  17130000   1.0003021      6.0280425      1.5003608      6.925921     
  17140000   1.0012588      6.0275794      1.5017958      6.9316031    
  17150000   1.0168716      6.0041962      1.5252135      6.9202948    
  17160000   1.0121228      6.0148031      1.5180908      6.9369398    
  17170000   1.0024179      6.0128599      1.5035344      6.9252035    
  17180000   0.99522907     6.000844       1.4927517      6.9302609    
  17190000   1.0016198      5.9984861      1.5023373      6.9218252    
  17200000   0.99498582     6.0040932      1.4923869      6.9331856    
  17210000   0.99953468     5.9894531      1.4992098      6.9168086    
  17220000   0.99602152     5.9866519      1.4939403      6.921308     
  17230000   0.99778489     5.9904442      1.4965852      6.9150461    
  17240000   0.99631557     5.988202       1.4943814      6.9115568    
  17250000   0.99670297     5.9996231      1.4949625      6.9203152    
  17260000   1.0082136      5.9968472      1.5122273      6.9309664    
  17270000   0.99927555     6.0116118      1.4988211      6.9296456    
  17280000   0.9975034      5.9943159      1.496163       6.9166999    
  17290000   0.99647246     5.9932056      1.4946167      6.9324466    
  17300000   0.99416597     5.9917965      1.4911572      6.9221929    
  17310000   0.99567503     6.0045338      1.4934206      6.9296085    
  17320000   1.0025291      6.0023008      1.5037012      6.9334433    
  17330000   1.0128241      5.9954275      1.5191426      6.9240366    
  17340000   1.0010839      5.991213       1.5015334      6.9175633    
  17350000   1.0012143      6.0065843      1.5017291      6.9245338    
  17360000   0.99885851     6.0195305      1.4981956      6.9316837    
  17370000   1.0072747      6.016761       1.5108191      6.9337061    
  17380000   1.004804       6.020945       1.5071132      6.9273543    
  17390000   1.0124984      6.0179702      1.5186541      6.9375287    
  17400000   1.0102369      6.0330617      1.5152621      6.9342336    
  17410000   1.0157682      6.0065563      1.5235586      6.9318527    
  17420000   1.0081264      6.0097264      1.5120966      6.9335125    
  17430000   1.0103486      5.9858031      1.5154296      6.9162159    
  17440000   1.004565       5.9945353      1.5067548      6.9262787    
  17450000   1.0073736      6.0050948      1.5109675      6.9301714    
  17460000   1.0030937      5.9987103      1.504548       6.9254525    
  17470000   1.0014224      6.0022597      1.5020412      6.9167666    
  17480000   1.0055602      6.0033641      1.5082475      6.9257066    
  17490000   0.99157602     6.001959       1.4872725      6.9300683    
  17500000   0.99906575     6.0070016      1.4985064      6.9261712    
  17510000   0.99757996     6.0175555      1.4962779      6.9320289    
  17520000   0.99541084     6.0056112      1.4930244      6.9287903    
  17530000   1.0036771      6.001781       1.505423       6.9253862    
  17540000   0.99455059     6.0059804      1.4917341      6.9325753    
  17550000   0.99556815     6.022505       1.4932603      6.9364469    
  17560000   1.0108984      5.9860662      1.5162542      6.9297372    
  17570000   1.0001309      5.9950591      1.5001041      6.9274556    
  17580000   1.0002243      5.9909971      1.5002441      6.91878      
  17590000   0.99403614     5.9813672      1.4909625      6.9191647    
  17600000   0.99318644     5.9966284      1.489688       6.9170111    
  17610000   0.99050913     6.0045908      1.4856723      6.927461     
  17620000   0.9948233      6.0014139      1.4921431      6.9233774    
  17630000   0.99783892     6.0227274      1.4966663      6.9269402    
  17640000   1.0014075      6.0136199      1.5020188      6.9232694    
  17650000   0.99790852     6.0348725      1.4967707      6.926495     
  17660000   1.0075215      6.0294816      1.5111892      6.9259176    
  17670000   0.99738302     6.0276227      1.4959825      6.9322478    
  17680000   1.0017802      6.0295962      1.5025778      6.922127     
  17690000   1.0042377      6.0130872      1.5062639      6.9278264    
  17700000   0.99923954     6.0284568      1.4987671      6.938215     
  17710000   1.005123       6.0062157      1.5075917      6.9338271    
  17720000   0.99906534     6.0317276      1.4985058      6.9310097    
  17730000   1.0123369      6.0114289      1.5184119      6.9270579    
  17740000   0.9996375      6.0288479      1.499364       6.9276015    
  17750000   1.0142855      6.000222       1.5213346      6.9313537    
  17760000   1.0053511      6.0204037      1.5079339      6.924781     
  17770000   0.99668329     6.0152384      1.4949329      6.9289938    
  17780000   1.0036658      6.0097055      1.5054061      6.9160581    
  17790000   1.004696       6.0210272      1.5069512      6.9350892    
  17800000   0.99775124     6.0068732      1.4965348      6.9306601    
  17810000   0.99670693     5.9961277      1.4949684      6.9159676    
  17820000   0.99015525     5.9912877      1.4851415      6.9150953    
  17830000   0.99626271     5.9989356      1.4943021      6.9210246    
  17840000   0.99286963     6.0184113      1.4892128      6.9245554    
  17850000   0.99336689     6.0101157      1.4899586      6.9285099    
  17860000   1.000461       5.995857       1.5005991      6.9212266    
  17870000   1.002419       5.9987766      1.5035359      6.9245988    
  17880000   0.99344885     6.0154855      1.4900816      6.9277296    
  17890000   0.99784544     6.0053381      1.4966761      6.9283282    
  17900000   1.001814       6.0247005      1.5026286      6.9331082    
  17910000   0.99296422     6.0166107      1.4893547      6.9351814    
  17920000   0.99428788     6.012086       1.49134        6.9334064    
  17930000   1.0014501      6.0134439      1.5020827      6.9364012    
  17940000   1.0073309      6.0064599      1.5109034      6.9248828    
  17950000   1.0008144      6.0114422      1.5011293      6.9332036    
  17960000   1.0042751      6.0060592      1.5063199      6.9348034    
  17970000   1.0023831      6.0222807      1.5034822      6.9381124    
  17980000   0.9979474      6.0114307      1.496829       6.9290547    
  17990000   1.0002395      5.9997253      1.5002669      6.9204186    
  18000000   0.99390937     6.000097       1.4907723      6.9264668    
  18010000   1.0015999      6.0064001      1.5023074      6.9284837    
  18020000   1.0014252      6.0102541      1.5020454      6.9298665    
  18030000   0.99969475     6.0143432      1.4994498      6.921416     
  18040000   0.99472302     5.9966151      1.4919927      6.929569     
  18050000   1.0022774      6.0003561      1.5033236      6.9294806    
  18060000   1.0012645      6.0120995      1.5018043      6.9276803    
  18070000   1.0016876      6.0072786      1.5024389      6.9311892    
  18080000   1.0130833      5.9904058      1.5195314      6.9194354    
  18090000   0.994696       6.0156897      1.4919522      6.9293418    
  18100000   1.0073438      6.0248095      1.5109227      6.9323479    
  18110000   1.0177042      6.0043275      1.5264624      6.9180645    
  18120000   0.99723173     6.0233948      1.4957555      6.921553     
  18130000   1.006704       6.0278114      1.5099631      6.935911     
  18140000   1.0016427      6.0232796      1.5023717      6.9260377    
  18150000   1.0055137      6.0106427      1.5081777      6.9241897    
  18160000   1.003184       6.0211384      1.5046834      6.9388471    
  18170000   0.9991628      6.0366552      1.498652       6.9268845    
  18180000   1.0067611      6.0361486      1.5100487      6.9223753    
  18190000   1.0071071      6.0222849      1.5105677      6.926529     
  18200000   1.0017932      6.0080881      1.5025973      6.916647     
  18210000   1.0022944      6.0102936      1.5033491      6.9280925    
  18220000   1.0044258      6.0087361      1.506546       6.933252     
  18230000   1.0005932      6.0147065      1.5007974      6.9291199    
  18240000   1.0001703      6.0132833      1.5001631      6.9351553    
  18250000   1.0082045      6.0118282      1.5122137      6.9333734    
  18260000   0.98201639     6.0347925      1.4729339      6.9283258    
  18270000   0.99523433     6.0068927      1.4927596      6.931651     
  18280000   1.0095922      5.996016       1.5142951      6.9273022    
  18290000   0.99585011     5.9953632      1.4936832      6.9198792    
  18300000   0.99388478     5.9984929      1.4907354      6.9296288    
  18310000   0.99569015     5.9916496      1.4934433      6.9240761    
  18320000   1.0010666      5.9869564      1.5015075      6.9232567    
  18330000   0.99823648     6.0122307      1.4972626      6.9274147    
  18340000   0.99459737     6.0344866      1.4918043      6.9382035    
  18350000   1.0096517      5.9994604      1.5143843      6.9178743    
  18360000   0.98569092     6.0224225      1.4784454      6.9347304    
  18370000   0.99556112     6.0269514      1.4932498      6.9385603    
  18380000   1.0099827      6.0248838      1.5148809      6.9353996    
  18390000   0.99491863     6.041261       1.4922861      6.9282661    
  18400000   0.99322072     6.0334002      1.4897394      6.9305879    
  18410000   1.0123098      6.0210182      1.5183712      6.9151082    
  18420000   0.98758422     6.0381828      1.4812852      6.9353873    
  18430000   1.0107248      6.0132302      1.5159939      6.9197003    
  18440000   1.0017881      6.0312404      1.5025897      6.9302227    
  18450000   0.98949585     6.034278       1.4841524      6.9307566    
  18460000   1.0055592      6.0136697      1.508246       6.9284366    
  18470000   1.0100608      6.0153668      1.514998       6.9353311    
  18480000   1.0028932      6.0065131      1.5042473      6.9281432    
  18490000   0.99107756     6.0150438      1.4865248      6.9328465    
  18500000   1.0000828      6.0092477      1.5000319      6.9228905    
  18510000   0.99696415     6.0078368      1.4953542      6.9186493    
  18520000   0.99771162     6.0043068      1.4964753      6.9258316    
  18530000   0.99362484     6.0161057      1.4903455      6.9239757    
  18540000   0.99734818     6.0134339      1.4959302      6.9279324    
  18550000   1.0059924      5.9909171      1.5088957      6.9168554    
  18560000   1.0005497      5.9970079      1.5007323      6.9124461    
  18570000   0.99051583     5.9931107      1.4856823      6.9211791    
  18580000   0.99110863     5.9772633      1.4865715      6.9235443    
  18590000   0.99832708     5.9855677      1.4973985      6.9300751    
  18600000   1.0033768      5.9794632      1.5049726      6.9129231    
  18610000   0.99180487     5.9862925      1.4876158      6.9185533    
  18620000   0.9960703      5.9719178      1.4940135      6.9223866    
  18630000   1.0013383      5.9811871      1.5019151      6.9243147    
  18640000   0.99053839     5.998755       1.4857161      6.9256232    
  18650000   0.98958062     6.0015621      1.4842796      6.9259687    
  18660000   0.99133461     6.001745       1.4869104      6.9241349    
  18670000   1.0019926      5.9912148      1.5028964      6.9215159    
  18680000   0.99332675     6.0040579      1.4898984      6.9207262    
  18690000   0.9886279      6.0165426      1.4828506      6.9278775    
  18700000   0.99265691     6.0219976      1.4888937      6.9272196    
  18710000   0.99347822     6.010187       1.4901256      6.920416     
  18720000   1.0053644      6.0187922      1.5079538      6.9298317    
  18730000   1.0086289      6.0200145      1.5128503      6.9342818    
  18740000   1.0157447      6.0165151      1.5235232      6.9276704    
  18750000   1.0035334      6.026877       1.5052075      6.936056     
  18760000   1.0097718      6.003261       1.5145644      6.9275781    
  18770000   0.99663243     6.0029847      1.4948566      6.9264709    
  18780000   1.0030638      6.0044567      1.5045031      6.9314669    
  18790000   0.99457718     6.0155595      1.491774       6.9235667    
  18800000   0.99519181     5.9953572      1.4926958      6.9309008    
  18810000   0.99128262     6.005164       1.4868324      6.9221098    
  18820000   1.0084673      5.9972846      1.5126079      6.9304954    
  18830000   0.99880088     6.0132867      1.4981091      6.9299818    
  18840000   0.99701757     6.012625       1.4954343      6.9218988    
  18850000   1.0037046      5.9977075      1.5054642      6.9239665    
  18860000   0.99568828     5.9999728      1.4934405      6.9169007    
  18870000   0.99023718     5.9984017      1.4852644      6.9253775    
  18880000   0.99781766     6.001274       1.4966344      6.9188716    
  18890000   1.0000158      5.9877689      1.4999314      6.9145299    
  18900000   0.99639844     6.0067236      1.4945057      6.9300015    
  18910000   0.99836827     6.0173915      1.4974602      6.9353314    
  18920000   0.99811575     6.0015492      1.4970815      6.9286484    
  18930000   1.004375       6.0116895      1.5064698      6.9268545    
  18940000   1.0048911      6.0130943      1.5072439      6.9325907    
  18950000   1.0022363      6.0122978      1.503262       6.9210468    
  18960000   1.011938       6.0115792      1.5178136      6.9275766    
  18970000   1.0097655      6.0082367      1.514555       6.918958     
  18980000   0.9983526      6.0171412      1.4974368      6.9241714    
  18990000   1.0021522      6.020113       1.5031358      6.9369462    
  19000000   1.0090099      5.9947249      1.5134217      6.9237058    
  19010000   1.0076301      5.9966952      1.5113521      6.9384802    
  19020000   0.99662594     5.9955672      1.4948469      6.9237031    
  19030000   1.0087021      5.9933494      1.5129601      6.9288544    
  19040000   0.99492127     6.0288417      1.4922901      6.92833      
  19050000   1.0037231      6.0194778      1.505492       6.940751     
  19060000   1.0068916      6.0052738      1.5102444      6.9268808    
  19070000   1.0026993      6.0057633      1.5039564      6.9297461    
  19080000   0.99973515     6.031135       1.4995104      6.9360475    
  19090000   1.0013067      6.0096252      1.5018676      6.9256558    
  19100000   1.010975       5.996431       1.5163692      6.9174282    
  19110000   1.0150895      5.9924371      1.5225405      6.9209441    
  19120000   1.0051924      5.9990467      1.5076959      6.9252774    
  19130000   0.99969702     6.0210905      1.4994533      6.9319789    
  19140000   1.0020842      5.9953367      1.5030337      6.9225156    
  19150000   0.99204256     6.0097867      1.4879723      6.9330214    
  19160000   0.99597037     5.9949048      1.4938636      6.9230108    
  19170000   0.99632536     5.9861221      1.4943961      6.9174909    
  19180000   0.99650181     5.9728646      1.4946607      6.9100294    
  19190000   0.98846857     5.9986255      1.4826116      6.9154713    
  19200000   0.99586618     5.9918756      1.4937073      6.9274257    
  19210000   0.996242       5.9873831      1.494271       6.9184907    
  19220000   1.002855       5.9944467      1.50419        6.9228534    
  19230000   0.99595185     6.0132097      1.4938358      6.9257241    
  19240000   1.0109314      6.0111601      1.5163038      6.9345156    
  19250000   1.0038151      6.0141195      1.50563        6.9384275    
  19260000   0.99358618     6.0065646      1.4902876      6.9252315    
  19270000   1.0048338      6.0023786      1.507158       6.9206823    
  19280000   0.99935747     6.0091648      1.498944       6.9187618    
  19290000   0.9914131      6.0237468      1.4870281      6.9227932    
  19300000   1.0075552      6.0186092      1.5112398      6.9290896    
  19310000   1.0027768      6.005016       1.5040727      6.9237637    
  19320000   1.006388       5.9904463      1.509489       6.9240412    
  19330000   1.0073047      6.0036847      1.5108641      6.9192507    
  19340000   1.0032797      6.0209769      1.5048269      6.9304457    
  19350000   1.000576       6.0190805      1.5007716      6.9306079    
  19360000   0.99619478     6.0374094      1.4942002      6.9376653    
  19370000   1.001777       6.0016501      1.502573       6.9313653    
  19380000   0.99414106     5.9940733      1.4911198      6.9298636    
  19390000   0.99759689     6.0016979      1.4963033      6.9172218    
  19400000   1.0018974      5.9776398      1.5027537      6.9214779    
  19410000   0.9989678      5.9894081      1.4983595      6.9196323    
  19420000   1.0021105      5.9905897      1.5030732      6.9239074    
  19430000   0.99256389     6.0157796      1.4887542      6.9221361    
  19440000   0.99891106     6.0273059      1.4982744      6.9343979    
  19450000   1.0063187      6.012847       1.5093851      6.9322645    
  19460000   1.0076879      6.0089501      1.5114389      6.9287758    
  19470000   0.9950312      6.0271565      1.4924549      6.9298335    
  19480000   1.0059499      6.0128033      1.508832       6.9344641    
  19490000   1.0101821      5.9969722      1.5151799      6.9188405    
  19500000   1.0086095      6.0014197      1.5128212      6.9260507    
  19510000   1.002599       6.0280763      1.5038059      6.9292119    
  19520000   0.98935866     6.0240446      1.4839467      6.938942     
  19530000   1.002777       6.012156       1.504073       6.9274499    
  19540000   0.99489922     6.0327104      1.492257       6.9323238    
  19550000   1.0009182      6.0108302      1.5012849      6.9316123    
  19560000   1.0015095      6.0041767      1.5021718      6.926823     
  19570000   1.0111368      6.0079614      1.5166118      6.9260577    
  19580000   1.0006823      6.0285055      1.500931       6.930132     
  19590000   1.0082781      6.0446407      1.5123241      6.9375066    
  19600000   1.0070764      6.041758       1.5105217      6.9353712    
  19610000   1.0027903      6.0463396      1.5040929      6.9344661    
  19620000   0.99811006     6.0246189      1.497073       6.941889     
  19630000   0.99330673     6.0108573      1.4898684      6.9291256    
  19640000   1.0047283      6.0114397      1.5069997      6.9207961    
  19650000   1.0027098      6.0193246      1.5039721      6.928921     
  19660000   1.0011238      5.9932895      1.5015933      6.9251239    
  19670000   0.98980047     6.0077803      1.4846093      6.9292094    
  19680000   0.99148752     6.0071299      1.4871398      6.9251245    
  19690000   1.0010748      6.0027468      1.5015199      6.924587     
  19700000   1.0094752      6.0003313      1.5141196      6.9219977    
  19710000   0.99977557     6.030044       1.4995711      6.9410885    
  19720000   1.0020464      6.0050792      1.5029771      6.9342625    
  19730000   0.99587403     6.0188861      1.4937191      6.9361786    
  19740000   1.0064333      5.993435       1.5095571      6.917705     
  19750000   1.0052131      6.0060224      1.5077269      6.9305492    
  19760000   1.0050279      6.0101769      1.507449       6.9293034    
  19770000   1.0048401      6.0068943      1.5071674      6.9336134    
  19780000   1.0079542      6.0072534      1.5118382      6.9342993    
  19790000   0.99822761     6.0114092      1.4972493      6.9341466    
  19800000   1.0076802      6.0188827      1.5114273      6.9299815    
  19810000   1.0040355      6.0154491      1.5059606      6.9335909    
  19820000   1.007321       6.0065467      1.5108886      6.9277958    
  19830000   0.99573571     6.0042523      1.4935116      6.9181548    
  19840000   1.0011929      5.9762838      1.501697       6.9272416    
  19850000   0.99672285     5.9922963      1.4949923      6.9225277    
  19860000   1.0019202      5.9907205      1.5027878      6.9200705    
  19870000   1.0008234      5.9961539      1.5011427      6.9177284    
  19880000   1.0035997      6.0141449      1.5053069      6.9342849    
  19890000   1.0067884      6.0079624      1.5100897      6.9221096    
  19900000   1.003281       6.0141055      1.5048289      6.9335892    
  19910000   1.0181638      6.0227006      1.5271517      6.9371173    
  19920000   0.99849268     6.0170111      1.4976469      6.9248759    
  19930000   1.0033591      6.0057384      1.504946       6.9205633    
  19940000   1.0020889      6.0132536      1.5030408      6.9265032    
  19950000   1.0010777      6.0081494      1.5015241      6.9240971    
  19960000   1.0003991      6.0111869      1.5005063      6.93478      
  19970000   0.99333732     6.0106741      1.4899143      6.921516     
  19980000   1.0019216      6.0020524      1.50279        6.9267488    
  19990000   0.99840098     6.0121234      1.4975093      6.9246795    
  20000000   1.0024377      6.0157168      1.5035641      6.9277794    
  20010000   1.0065753      5.9926876      1.50977        6.9195956    
  20020000   1.0079795      5.9973847      1.5118762      6.9193737    
  20030000   0.99067747     6.0047825      1.4859248      6.9207295    
  20040000   1.0086218      5.9892147      1.5128396      6.9216652    
  20050000   0.98406786     6.0076105      1.476011       6.9296782    
  20060000   0.99163175     5.999686       1.4873561      6.9219484    
  20070000   0.99925154     5.9987345      1.4987851      6.9251796    
  20080000   0.99700228     6.0124146      1.4954114      6.9270063    
  20090000   0.99706663     6.009985       1.4955079      6.9251329    
  20100000   0.9976814      6.0129875      1.49643        6.926041     
  20110000   1.0037403      5.9983876      1.5055178      6.9267897    
Loop time of 128237 on 1 procs for 20000000 steps with 16250 atoms

Performance: 67375.016 tau/day, 155.961 timesteps/s
100.0% CPU use with 1 MPI tasks x 1 OpenMP threads

MPI task timing breakdown:
Section |  min time  |  avg time  |  max time  |%varavg| %total
---------------------------------------------------------------
Pair    | 70611      | 70611      | 70611      |   0.0 | 55.06
Bond    | 3984.1     | 3984.1     | 3984.1     |   0.0 |  3.11
Neigh   | 37916      | 37916      | 37916      |   0.0 | 29.57
Comm    | 741.3      | 741.3      | 741.3      |   0.0 |  0.58
Output  | 1.0573     | 1.0573     | 1.0573     |   0.0 |  0.00
Modify  | 14548      | 14548      | 14548      |   0.0 | 11.34
Other   |            | 434.9      |            |       |  0.34

Nlocal:          16250 ave       16250 max       16250 min
Histogram: 1 0 0 0 0 0 0 0 0 0
Nghost:           9221 ave        9221 max        9221 min
Histogram: 1 0 0 0 0 0 0 0 0 0
Neighs:         363282 ave      363282 max      363282 min
Histogram: 1 0 0 0 0 0 0 0 0 0

Total # of neighbors = 363282
Ave neighs/atom = 22.355815
Ave special neighs/atom = 1.92
Neighbor list builds = 1795042
Dangerous builds = 268874


write_data data*.xyz
System init for write_data ...
Generated 0 of 1 mixed pair_coeff terms from geometric mixing rule
WARNING: Not all mixed pair coeffs generated from mixing. Use write_data with 'pair ij' option to store all pair coeffs. (src/write_data.cpp:309)
write_restart 	restart.polymer_ring
System init for write_restart ...
Generated 0 of 1 mixed pair_coeff terms from geometric mixing rule

print "ALL done"
ALL done
Total wall time: 35:38:35
