pair_style lj/cut 4.0
pair_modify shift yes

read_restart prod.restart1
Reading restart file ...
  restart file = 23 Jun 2022, LAMMPS = 23 Jun 2022
  restoring atom style bond from restart
  orthogonal box = (-30 -30 -35) to (30 30 35)
  1 by 1 by 1 MPI processor grid
  restoring pair style lj/cut from restart
  restoring bond style fene from restart
  16250 atoms
  15600 bonds
Finding 1-2 1-3 1-4 neighbors ...
  special bond factors lj:    0        1        1       
  special bond factors coul:  0        1        1       
     2 = max # of 1-2 neighbors
     6 = max # of special neighbors
  special bonds CPU = 0.002 seconds
  read_restart CPU = 0.021 seconds
bond_style fene
special_bonds fene

bond_coeff 1 10.0 2.0 1.0 1.0
group polymer type 1
16250 atoms in group polymer

pair_coeff	1 1 0.5 1.0 1.225
pair_coeff 	1 2 50.0 1.0 4.0
pair_coeff	2 2 1.0 1.0 1.1225


neighbor       0.5 bin

region upper_box block -30 30 -30 30 32.2 34.8
create_atoms 2 random 200 998273 upper_box
Created 200 atoms
  using lattice units in orthogonal box = (-30 -30 -35) to (30 30 35)
  create_atoms CPU = 0.001 seconds


group ligand type 2
200 atoms in group ligand

fix 1 polymer wall/lj126 zlo -32 1.0 1.0 1.1225 zhi 32 1.0 1.0 1.1225
fix 2 ligand wall/lj126 zlo 32 1.0 1.0 1.1225 zhi 35 1.0 1.0 1.1225

#minimize 1.0e-4 1.0e-6 100 1000

fix 3 all nve/limit 0.01
run 10000
Generated 0 of 1 mixed pair_coeff terms from geometric mixing rule
Neighbor list info ...
  update every 1 steps, delay 10 steps, check yes
  max neighbors/atom: 2000, page size: 100000
  master list distance cutoff = 4.5
  ghost atom cutoff = 4.5
  binsize = 2.25, bins = 27 27 32
  1 neighbor lists, perpetual/occasional/extra = 1 0 0
  (1) pair lj/cut, perpetual
      attributes: half, newton on
      pair build: half/bin/newton
      stencil: half/bin/3d
      bin: standard
Per MPI rank memory allocation (min/avg/max) = 9.737 | 9.737 | 9.737 Mbytes
   Step          Temp          E_pair         E_mol          TotEng         Press     
    100000   0.98526104     9.6096728      7.3647125      18.452187      3.8130037    
    110000   0.25573552    -0.21681105     6.386444       6.5532129     -0.014869751  
Loop time of 23.0854 on 1 procs for 10000 steps with 16450 atoms

Performance: 187131.664 tau/day, 433.175 timesteps/s
99.7% CPU use with 1 MPI tasks x 1 OpenMP threads

MPI task timing breakdown:
Section |  min time  |  avg time  |  max time  |%varavg| %total
---------------------------------------------------------------
Pair    | 6.6897     | 6.6897     | 6.6897     |   0.0 | 28.98
Bond    | 3.3691     | 3.3691     | 3.3691     |   0.0 | 14.59
Neigh   | 9.3252     | 9.3252     | 9.3252     |   0.0 | 40.39
Comm    | 0.50302    | 0.50302    | 0.50302    |   0.0 |  2.18
Output  | 7.7437e-05 | 7.7437e-05 | 7.7437e-05 |   0.0 |  0.00
Modify  | 2.6547     | 2.6547     | 2.6547     |   0.0 | 11.50
Other   |            | 0.5436     |            |       |  2.35

Nlocal:          16450 ave       16450 max       16450 min
Histogram: 1 0 0 0 0 0 0 0 0 0
Nghost:           4266 ave        4266 max        4266 min
Histogram: 1 0 0 0 0 0 0 0 0 0
Neighs:          37627 ave       37627 max       37627 min
Histogram: 1 0 0 0 0 0 0 0 0 0

Total # of neighbors = 37627
Ave neighs/atom = 2.2873556
Ave special neighs/atom = 1.8966565
Neighbor list builds = 387
Dangerous builds = 0
unfix 3

fix 3 all nve
fix		4 all langevin 1 1 100.0 90428

thermo_style	custom step temp pe ke ebond
thermo_modify flush yes
thermo          10000

timestep	0.005

dump 1 all custom 50000 file_trajectory.bin id type x y z xu yu zu vx vy vz

restart 100000  prod.restart2 prod.restart3

run 20000000
Generated 0 of 1 mixed pair_coeff terms from geometric mixing rule
Per MPI rank memory allocation (min/avg/max) = 9.949 | 9.949 | 9.949 Mbytes
   Step          Temp          PotEng         KinEng         E_bond    
    110000   0.25573552     6.1696329      0.38357996     6.386444          120000   0.61849059     6.4365846      0.92767949     6.6069808         130000   0.80100653     6.5825273      1.2014368      6.7275761         140000   0.88914745     6.6664325      1.3336401      6.797001          150000   0.94802826     6.7093716      1.4219559      6.828983          160000   0.96930958     6.7513164      1.453876       6.8610809         170000   0.98108323     6.7561341      1.4715354      6.8631488         180000   0.98865156     6.7563267      1.4828872      6.8603283         190000   0.99598356     6.7587896      1.4938845      6.8636149         200000   0.98391024     6.7665226      1.4757756      6.8672686         210000   0.99357067     6.7794884      1.4902654      6.8730937         220000   1.0017133      6.7787719      1.5024786      6.8729465         230000   0.99537803     6.7767025      1.4929763      6.8679813         240000   0.9953872      6.7753144      1.49299        6.8693072         250000   0.99033499     6.7831281      1.4854122      6.8794526         260000   0.9886788      6.7751745      1.482928       6.8686121         270000   0.99464318     6.76697        1.4918741      6.8639336         280000   0.99358946     6.7740959      1.4902936      6.8741979         290000   0.9993155      6.7688884      1.4988821      6.8661731         300000   1.0083544      6.7860422      1.5124396      6.8752726         310000   1.0093471      6.777607       1.5139286      6.8761184         320000   1.0137449      6.7827417      1.5205249      6.8819477         330000   1.01034        6.7982591      1.5154178      6.8936801         340000   1.0060205      6.7894764      1.508939       6.8786995         350000   0.99509546     6.7947136      1.4925524      6.889335          360000   0.99705839     6.7950617      1.4954967      6.8919323         370000   1.0013682      6.7843215      1.501961       6.8736969         380000   0.99435199     6.7789562      1.4914373      6.8689469         390000   0.97881423     6.7792037      1.4681321      6.8633109         400000   0.99736261     6.787773       1.495953       6.8733831         410000   0.99291422     6.7946589      1.4892808      6.8754271         420000   1.0039177      6.7975723      1.5057851      6.8775576         430000   0.99654549     6.8106652      1.4947274      6.8910336         440000   1.0068349      6.7857395      1.5101605      6.87168           450000   0.99738871     6.7852095      1.4959921      6.8704655         460000   0.99751114     6.7873388      1.4961757      6.8706072         470000   0.98939394     6.7874704      1.4840007      6.8747336         480000   0.99795215     6.7920189      1.4968372      6.8719966         490000   1.0044502      6.787036       1.5065837      6.873118          500000   0.99142326     6.7976427      1.4870445      6.8836334         510000   0.99391688     6.777818       1.4907847      6.8670613         520000   1.0088244      6.7608556      1.5131446      6.8600853         530000   1.0028434      6.7794182      1.5041736      6.8784043         540000   1.0074349      6.7728271      1.5110604      6.8754096         550000   0.99848758     6.7624821      1.4976403      6.8661936         560000   0.99285349     6.764041       1.4891897      6.8686619         570000   0.99297738     6.7708663      1.4893755      6.871596          580000   1.0036435      6.7598042      1.5053737      6.8664925         590000   0.99465242     6.769912       1.4918879      6.865868          600000   0.9990646      6.776131       1.4985058      6.8711237         610000   0.99267951     6.7909921      1.4889287      6.8808364         620000   0.99790452     6.7714809      1.4967658      6.8669293         630000   0.9938012      6.774748       1.4906112      6.8680948         640000   1.0043164      6.7730207      1.506383       6.8648687         650000   0.99930476     6.7727462      1.498866       6.8735116         660000   1.0074465      6.7788498      1.5110779      6.8776471         670000   1.013717       6.7837608      1.520483       6.8761435         680000   1.006359       6.7764851      1.5094468      6.8689105         690000   1.0003316      6.7816721      1.5004061      6.8765153         700000   1.0058449      6.7793645      1.5086757      6.8757313         710000   1.0004248      6.7723264      1.500546       6.8641494         720000   1.0022583      6.7837115      1.503296       6.8784085         730000   1.0040423      6.7824043      1.5059718      6.8697294         740000   0.99698941     6.7870587      1.4953932      6.8718856         750000   0.99851806     6.7843745      1.497686       6.8724204         760000   1.0065933      6.7896386      1.5097982      6.8776445         770000   0.99653952     6.7908822      1.4947184      6.8778708         780000   0.99655004     6.7763289      1.4947342      6.8663409         790000   1.0044408      6.7595277      1.5065696      6.8517202         800000   1.0010244      6.7721057      1.5014453      6.864724          810000   0.99187444     6.7727614      1.4877212      6.864262          820000   0.98889113     6.7712779      1.4832465      6.8645438         830000   0.99414413     6.7786615      1.4911255      6.8684559         840000   0.99575251     6.7864947      1.493538       6.8751614         850000   0.99951395     6.7776541      1.4991798      6.8756923         860000   0.99568253     6.7822085      1.493433       6.8785818         870000   0.99487184     6.7659411      1.492217       6.8653163         880000   1.0083477      6.7687363      1.5124297      6.8739141         890000   0.98662194     6.7840367      1.4798429      6.8858028         900000   1.0081449      6.77478        1.5121254      6.8743347         910000   0.9935999      6.778804       1.4903092      6.8794054         920000   0.99442575     6.7727382      1.4915479      6.8699414         930000   1.0034784      6.7678296      1.5051261      6.8664671         940000   1.0048429      6.7687437      1.5071727      6.8609062         950000   0.99832875     6.7838747      1.4974021      6.8776452         960000   1.0035291      6.7786277      1.5052022      6.8760163         970000   1.0082398      6.7672239      1.5122678      6.8690397         980000   0.99200869     6.7705743      1.4879226      6.8710151         990000   0.99506795     6.7675786      1.4925112      6.8718518        1000000   0.99488814     6.7678248      1.4922415      6.868677         1010000   0.99576597     6.767479       1.4935582      6.8702179        1020000   0.9919161      6.7786727      1.4877837      6.8738935        1030000   1.0089619      6.7745246      1.5133509      6.8782538        1040000   0.99808635     6.7702327      1.4970385      6.8671858        1050000   0.99880089     6.779484       1.4981103      6.8817284        1060000   1.0009943      6.7762921      1.5014002      6.8741523        1070000   1.0016545      6.7768522      1.5023904      6.8751135        1080000   0.99704391     6.7929885      1.495475       6.8884284        1090000   1.0029855      6.7666897      1.5043868      6.8645655        1100000   1.0060614      6.7775446      1.5090003      6.8698071        1110000   1.005579       6.7801414      1.5082768      6.8734635        1120000   0.99461651     6.7733391      1.4918341      6.8668517        1130000   0.99867044     6.772848       1.4979146      6.8687736        1140000   0.99976829     6.7686024      1.4995613      6.8680504        1150000   0.99219294     6.7746345      1.4881989      6.865026         1160000   0.99753849     6.7869323      1.4962168      6.8832698        1170000   1.003409       6.777511       1.505022       6.8749549        1180000   1.0000088      6.7725022      1.4999221      6.8685766        1190000   0.99769354     6.7788036      1.4964493      6.8745222        1200000   1.0097501      6.789778       1.514533       6.8852618        1210000   1.0058232      6.7898936      1.5086431      6.8820249        1220000   1.0122358      6.7751604      1.5182615      6.8769765        1230000   1.0068892      6.776808       1.510242       6.8736548        1240000   1.0023385      6.7874329      1.5034164      6.8874706        1250000   1.006381       6.7788848      1.5094798      6.8835532        1260000   1.0056473      6.7769537      1.5083792      6.8776573        1270000   0.9934056      6.769256       1.4900178      6.8777397        1280000   1.0043842      6.7585779      1.5064848      6.8672712        1290000   1.0023397      6.7700541      1.5034182      6.8765218        1300000   0.99164104     6.7802697      1.4873711      6.8842651        1310000   1.0054492      6.7681303      1.5080821      6.8718477        1320000   1.0045096      6.7739734      1.5066728      6.8778677        1330000   1.0165988      6.7692252      1.5248055      6.8734324        1340000   1.0015966      6.769071       1.5023036      6.8763214        1350000   0.99866733     6.7629001      1.4979099      6.8660487        1360000   1.0036937      6.7760117      1.5054491      6.8792642        1370000   1.0049127      6.7757357      1.5072775      6.8784079        1380000   1.0036829      6.7800663      1.5054328      6.8858976        1390000   0.99691772     6.7709701      1.4952857      6.8796297        1400000   0.99059186     6.7616328      1.4857975      6.8744226        1410000   1.0031938      6.7471502      1.5046992      6.8640647        1420000   0.99688207     6.7659878      1.4952322      6.868223         1430000   0.98388067     6.765815       1.4757313      6.8702927        1440000   1.0012004      6.7641297      1.5017092      6.8665841        1450000   1.005799       6.7684111      1.5086068      6.8687846        1460000   1.0001337      6.7759479      1.5001094      6.8731574        1470000   0.99159338     6.7852111      1.4872996      6.8769852        1480000   0.99657705     6.7921274      1.4947747      6.8779966        1490000   1.0081584      6.7802842      1.5121456      6.8745225        1500000   1.0024967      6.7835991      1.5036536      6.8752859        1510000   1.0055718      6.7819227      1.5082659      6.8702236        1520000   0.99629607     6.7975815      1.4943533      6.8790848        1530000   1.0035267      6.7881122      1.5051986      6.8725258        1540000   1.0013031      6.7860483      1.5018634      6.8725671        1550000   0.99916782     6.7971226      1.4986606      6.8826445        1560000   1.0039571      6.7986913      1.505844       6.8837091        1570000   1.0029493      6.7957163      1.5043325      6.8824811        1580000   1.0023954      6.7917328      1.5035016      6.8773184        1590000   0.994366       6.8001074      1.4914583      6.8834672        1600000   1.0080303      6.778789       1.5119535      6.8717681        1610000   1.0034778      6.7852179      1.5051251      6.879117         1620000   1.0085439      6.7867845      1.5127238      6.8741338        1630000   1.0058285      6.7797973      1.5086511      6.8721698        1640000   0.99919082     6.7867021      1.4986951      6.8743632        1650000   1.0029098      6.7819867      1.5042732      6.8735921        1660000   0.99249033     6.7804381      1.488645       6.8726033        1670000   0.99925039     6.7906928      1.4987845      6.8775561        1680000   0.99230235     6.779148       1.488363       6.8636578        1690000   0.99830898     6.7854563      1.4973724      6.872652         1700000   0.9978846      6.7838061      1.4967359      6.874856         1710000   0.99940489     6.7750727      1.4990162      6.8706474        1720000   1.0065719      6.7707094      1.5097661      6.866809         1730000   0.99648415     6.779422       1.4946354      6.8734027        1740000   1.0030528      6.7559697      1.5044877      6.8561949        1750000   1.0010313      6.7672165      1.5014556      6.8714207        1760000   0.99484964     6.784234       1.4921837      6.8760288        1770000   1.0065271      6.7784075      1.5096989      6.8728907        1780000   1.0063929      6.7656462      1.5094976      6.8661798        1790000   1.0064012      6.7830582      1.5095101      6.8882981        1800000   0.99907679     6.7890454      1.4985241      6.8881492        1810000   1.012358       6.7763378      1.5184447      6.8750726        1820000   1.0023852      6.7946363      1.5034864      6.8882101        1830000   1.0098186      6.7822957      1.5146359      6.87395          1840000   1.011567       6.784331       1.5172582      6.8812613        1850000   0.99770499     6.7803769      1.4964665      6.8786748        1860000   0.99837858     6.7876477      1.4974768      6.8803919        1870000   1.0008688      6.7784756      1.501212       6.8790402        1880000   0.99855843     6.7863621      1.4977466      6.8786219        1890000   1.0014952      6.7809167      1.5021515      6.8785677        1900000   0.99660106     6.7650289      1.4948107      6.8651217        1910000   0.9864381      6.784858       1.4795672      6.884915         1920000   1.0060432      6.7629946      1.5089731      6.8693216        1930000   1.0025324      6.7843484      1.5037071      6.8859759        1940000   1.0117488      6.7827124      1.5175309      6.8867491    
   1950000   1.0054271      6.7771137      1.5080489      6.8781552    
   1960000   1.0052762      6.7705038      1.5078226      6.8750305    
   1970000   0.99520611     6.7782602      1.4927184      6.8738391    
   1980000   1.0084871      6.771559       1.5126386      6.8683465    
   1990000   0.99524723     6.7646855      1.4927801      6.8689533    
   2000000   0.98640063     6.771326       1.479511       6.8729977    
   2010000   0.99334563     6.7815186      1.4899279      6.8806971    
   2020000   0.99418788     6.7671406      1.4911912      6.8645821    
   2030000   1.0076255      6.7701655      1.5113463      6.8698445    
   2040000   1.0023048      6.7820464      1.5033659      6.8813023    
   2050000   1.0062974      6.7784309      1.5093544      6.8730867    
   2060000   1.0002741      6.762341       1.50032        6.8648804    
   2070000   1.0073503      6.7621926      1.5109336      6.8670142    
   2080000   1.0152448      6.7694611      1.5227746      6.8727583    
   2090000   1.0013077      6.7758867      1.5018702      6.8805464    
   2100000   0.98924109     6.7731717      1.4837714      6.8749305    
   2110000   1.0082734      6.7689299      1.5123182      6.8724735    
   2120000   1.0045054      6.7675098      1.5066665      6.8746481    
   2130000   0.99797277     6.7679837      1.4968682      6.8770338    
   2140000   0.99359301     6.7747998      1.4902989      6.8817318    
   2150000   1.0094768      6.7671877      1.5141231      6.872993     
   2160000   1.0005567      6.7751926      1.5007438      6.8775774    
   2170000   0.99976755     6.7657427      1.4995602      6.8761351    
   2180000   1.0023261      6.778386       1.5033978      6.8861576    
   2190000   1.0152064      6.7596682      1.522717       6.8702819    
   2200000   0.99414674     6.7710599      1.4911295      6.8713656    
   2210000   0.99893208     6.7753864      1.498307       6.8769175    
   2220000   1.0055569      6.7747837      1.5082436      6.877837     
   2230000   1.0093514      6.7736907      1.513935       6.8742163    
   2240000   0.99534723     6.783922       1.4929301      6.8818135    
   2250000   0.99954388     6.7689678      1.4992247      6.8684413    
   2260000   0.99655174     6.7754932      1.4947367      6.8707889    
   2270000   1.0049692      6.7770327      1.5073622      6.8791611    
   2280000   0.99922013     6.7782814      1.4987391      6.8807528    
   2290000   1.0050634      6.7669827      1.5075035      6.872108     
   2300000   1.0093822      6.770236       1.5139813      6.8684388    
   2310000   1.0034675      6.778755       1.5051098      6.8758806    
   2320000   1.0012732      6.7666907      1.5018185      6.8723481    
   2330000   0.99903491     6.76964        1.4984613      6.8660192    
   2340000   1.0030733      6.7814889      1.5045185      6.8778849    
   2350000   1.000468       6.783658       1.5006107      6.877148     
   2360000   1.0009123      6.7712431      1.5012771      6.8667071    
   2370000   1.0022366      6.7903586      1.5032634      6.8824549    
   2380000   1.0010451      6.7805874      1.5014764      6.8749183    
   2390000   0.98430315     6.7848393      1.476365       6.8773675    
   2400000   0.99845796     6.7714261      1.4975959      6.876204     
   2410000   1.0041403      6.780192       1.506119       6.881011     
   2420000   1.006752       6.7945815      1.5100363      6.8933847    
   2430000   1.0142314      6.7747764      1.5212546      6.8738838    
   2440000   1.0119367      6.79205        1.5178128      6.8868187    
   2450000   1.0046694      6.7897372      1.5069125      6.880587     
   2460000   0.99974575     6.7808007      1.4995275      6.8735946    
   2470000   1.0001325      6.7944784      1.5001075      6.8839212    
   2480000   1.0024853      6.7844802      1.5036366      6.8840914    
   2490000   1.0066302      6.7789576      1.5098535      6.8766131    
   2500000   1.0080448      6.7898619      1.5119753      6.880297     
   2510000   1.005824       6.7848698      1.5086443      6.8757779    
   2520000   1.0026977      6.7744987      1.5039552      6.8726056    
   2530000   0.99793496     6.7664447      1.4968114      6.864859     
   2540000   0.9981319      6.7806602      1.4971068      6.8767763    
   2550000   0.99654471     6.7658351      1.4947262      6.8614649    
   2560000   0.99309271     6.7695176      1.4895485      6.8698454    
   2570000   1.0010044      6.7732255      1.5014153      6.8716559    
   2580000   1.0006347      6.7646981      1.5008609      6.8600488    
   2590000   0.99867435     6.777161       1.4979205      6.8717488    
   2600000   1.0022057      6.7691582      1.5032172      6.864482     
   2610000   1.0023436      6.7669969      1.5034241      6.8631125    
   2620000   0.99561813     6.7860261      1.4933364      6.880064     
   2630000   1.0076619      6.7849198      1.511401       6.8733961    
   2640000   1.0031027      6.7821991      1.5045626      6.8800044    
   2650000   0.99029934     6.7747771      1.4853587      6.865537     
   2660000   0.99947299     6.7773663      1.4991184      6.8715199    
   2670000   0.99873366     6.786021       1.4980094      6.8756242    
   2680000   0.99631348     6.7908805      1.4943794      6.8811465    
   2690000   0.98937882     6.7728265      1.483978       6.8642463    
   2700000   0.99400795     6.7797847      1.4909213      6.8666442    
   2710000   1.0039035      6.7805363      1.5057637      6.8695816    
   2720000   0.99831665     6.7937196      1.4973839      6.8799547    
   2730000   1.0082882      6.7778666      1.5123403      6.864312     
   2740000   1.014445       6.7821288      1.521575       6.870608     
   2750000   1.0036013      6.7770055      1.5053105      6.8662405    
   2760000   0.9869371      6.7916487      1.4803157      6.8763704    
   2770000   1.005476       6.7790108      1.5081224      6.8664059    
   2780000   1.0099958      6.7775903      1.5149016      6.8644223    
   2790000   1.0022431      6.7875916      1.5032732      6.8768283    
   2800000   0.9907499      6.7878307      1.4860345      6.8764634    
   2810000   0.99566508     6.7766959      1.4934068      6.864952     
   2820000   1.0041567      6.7712812      1.5061435      6.8643165    
   2830000   1.0011533      6.7820983      1.5016387      6.8744706    
   2840000   1.002508       6.790445       1.5036705      6.8830433    
   2850000   1.0020223      6.7864168      1.5029421      6.8837347    
   2860000   0.99505751     6.7951357      1.4924955      6.8898203    
   2870000   1.006038       6.7876971      1.5089653      6.8835596    
   2880000   1.003339       6.7812209      1.504917       6.8771811    
   2890000   1.0041863      6.7788973      1.5061879      6.8746322    
   2900000   0.99909288     6.7812738      1.4985482      6.8765245    
   2910000   1.0000637      6.7741246      1.5000044      6.877687     
   2920000   0.99344898     6.7733594      1.4900829      6.8715928    
   2930000   1.006673       6.76818        1.5099177      6.8683067    
   2940000   0.99389033     6.771934       1.4907449      6.8723911    
   2950000   0.98785986     6.777562       1.4816997      6.8849605    
   2960000   0.9948368      6.7782443      1.4921645      6.8778033    
   2970000   1.0017972      6.7756114      1.5026045      6.8695517    
   2980000   1.0065688      6.7882914      1.5097615      6.8781079    
   2990000   0.99286419     6.7759615      1.4892057      6.8715773    
   3000000   1.0031893      6.7769019      1.5046924      6.8690885    
   3010000   1.0046693      6.7743089      1.5069124      6.8679965    
   3020000   0.99900843     6.7707746      1.4984216      6.8712328    
   3030000   1.0008144      6.7757117      1.5011303      6.8692299    
   3040000   0.98632225     6.7646577      1.4793934      6.8562308    
   3050000   0.98925317     6.7769309      1.4837895      6.8713909    
   3060000   0.99139226     6.7842632      1.486998       6.8732299    
   3070000   0.98963705     6.7888931      1.4843653      6.8758147    
   3080000   1.0024428      6.7901454      1.5035728      6.874623     
   3090000   1.0008715      6.7974672      1.501216       6.8853394    
   3100000   0.99358371     6.786423       1.490285       6.8723261    
   3110000   0.99681818     6.7882171      1.4951364      6.8684459    
   3120000   0.9899378      6.7781024      1.4848164      6.8721045    
   3130000   0.99869277     6.7687611      1.4979481      6.8649023    
   3140000   0.99223731     6.7816314      1.4882655      6.87504      
   3150000   0.99668904     6.7706895      1.4949427      6.8674658    
   3160000   0.99195962     6.7740496      1.487849       6.8769863    
   3170000   0.98956543     6.779773       1.4842579      6.8763223    
   3180000   0.9960117      6.7744929      1.4939267      6.8754867    
   3190000   0.98946508     6.7651108      1.4841074      6.8695086    
   3200000   0.9901045      6.7756127      1.4850665      6.877413     
   3210000   1.0034924      6.762658       1.5051471      6.8667232    
   3220000   1.0073114      6.7641825      1.5108753      6.8648073    
   3230000   0.99888284     6.7714895      1.4982332      6.8710453    
   3240000   0.99882898     6.7796658      1.4981524      6.8793479    
   3250000   1.0065013      6.7669043      1.5096601      6.8664474    
   3260000   1.002533       6.7722652      1.503708       6.8778129    
   3270000   0.99746795     6.7767398      1.496111       6.8728967    
   3280000   0.99217238     6.7744431      1.4881681      6.8687726    
   3290000   0.98523765     6.7733267      1.4777666      6.869765     
   3300000   0.99095464     6.7739262      1.4863416      6.8696831    
   3310000   0.99588203     6.7771797      1.4937322      6.8795856    
   3320000   1.0055112      6.7541244      1.5081751      6.8564052    
   3330000   0.99944977     6.7698756      1.4990835      6.8684704    
   3340000   1.0000895      6.7726886      1.500043       6.8751622    
   3350000   0.99818202     6.7722194      1.497182       6.867638     
   3360000   1.0065749      6.7761549      1.5097706      6.8779376    
   3370000   1.0147999      6.7735897      1.5221074      6.8700967    
   3380000   1.00832        6.7722711      1.5123881      6.8710955    
   3390000   0.99941052     6.7791717      1.4990246      6.8718314    
   3400000   0.99721627     6.7891693      1.4957335      6.8805999    
   3410000   0.99393677     6.7801634      1.4908145      6.872719     
   3420000   0.99322067     6.7898863      1.4897404      6.882615     
   3430000   0.98816271     6.7930129      1.482154       6.8838567    
   3440000   0.99328224     6.778276       1.4898328      6.87406      
   3450000   0.98891356     6.7780217      1.4832802      6.8760734    
   3460000   0.99771533     6.7708187      1.496482       6.863255     
   3470000   0.99187157     6.7685179      1.4877169      6.8695102    
   3480000   1.0004866      6.7682998      1.5006386      6.8643986    
   3490000   0.99788167     6.7625704      1.4967315      6.8674766    
   3500000   0.99398905     6.7711516      1.4908929      6.878337     
   3510000   0.98360212     6.7779791      1.4753135      6.8733557    
   3520000   0.98646393     6.7726423      1.4796059      6.8718663    
   3530000   1.006386       6.764232       1.5094873      6.8691885    
   3540000   1.0000843      6.7707252      1.5000353      6.8716198    
   3550000   0.99785291     6.773572       1.4966884      6.8801975    
   3560000   1.0051451      6.7683256      1.5076261      6.8755526    
   3570000   1.0026678      6.7752903      1.5039102      6.873192     
   3580000   1.0014052      6.7695186      1.5020164      6.863379     
   3590000   0.99326891     6.7707809      1.4898128      6.8682885    
   3600000   0.99533835     6.7595957      1.4929168      6.8649678    
   3610000   0.9968121      6.7594459      1.4951273      6.8638562    
   3620000   0.99933854     6.7640436      1.4989167      6.8751935    
   3630000   0.99170002     6.7789114      1.4874596      6.8832654    
   3640000   0.98648828     6.7808409      1.4796425      6.8802592    
   3650000   1.0017233      6.7805121      1.5024936      6.8823791    
   3660000   1.0027467      6.7812108      1.5040286      6.8779877    
   3670000   0.99688009     6.7815522      1.4952292      6.880758     
   3680000   1.0073441      6.7774526      1.5109242      6.8738304    
   3690000   1.0060622      6.7801846      1.5090015      6.875138     
   3700000   1.0005468      6.7953208      1.500729       6.8942743    
   3710000   0.9993955      6.7828352      1.4990021      6.8779949    
   3720000   0.99900957     6.7695356      1.4984233      6.8735068    
   3730000   1.0019238      6.7782724      1.5027943      6.8729084    
   3740000   1.0001259      6.7714437      1.5000976      6.871262     
   3750000   1.0028751      6.776032       1.5042212      6.8741691    
   3760000   1.0124283      6.7630228      1.5185501      6.8679457    
   3770000   1.0041595      6.7615284      1.5061476      6.8599226    
   3780000   0.98690074     6.7687587      1.4802611      6.8704477    
   3790000   0.982667       6.7744673      1.4739109      6.8694119    
   3800000   0.9924728      6.7736748      1.4886187      6.866048     
   3810000   0.98730693     6.7781601      1.4808704      6.86519      
   3820000   1.0048373      6.7747314      1.5071644      6.8700614    
   3830000   1.0012787      6.7747818      1.5018268      6.8747       
   3840000   1.0195203      6.7767656      1.5291875      6.8765615    
   3850000   1.0078275      6.7806742      1.5116494      6.8836223    
   3860000   1.0025098      6.7833119      1.5036733      6.8808225    
   3870000   1.000425       6.7819193      1.5005463      6.8775972    
   3880000   0.99709509     6.7849429      1.4955517      6.8830743    
   3890000   0.99922705     6.7676659      1.4987495      6.8641905    
   3900000   0.99880689     6.7809934      1.4981193      6.8770439    
   3910000   1.0049169      6.7884393      1.5072837      6.8806005    
   3920000   1.0010391      6.7756451      1.5014674      6.8684175    
   3930000   1.0028476      6.7830223      1.5041799      6.8742521    
   3940000   1.0007472      6.7924406      1.5010296      6.8865227    
   3950000   1.0054465      6.7859476      1.508078       6.8809939    
   3960000   1.0081469      6.7751736      1.5121285      6.8662049    
   3970000   1.009338       6.7942056      1.5139149      6.8927879    
   3980000   1.0089046      6.7872159      1.5132649      6.8828975    
   3990000   1.0050897      6.7935959      1.5075429      6.8931948    
   4000000   1.002057       6.7859502      1.5029941      6.8836032    
   4010000   1.0052464      6.767923       1.5077779      6.8668872    
   4020000   0.98931359     6.7745642      1.4838802      6.867615     
   4030000   0.99217087     6.7658567      1.4881658      6.8682292    
   4040000   0.99589768     6.7765793      1.4937557      6.867582     
   4050000   0.98979196     6.7760963      1.4845977      6.8778628    
   4060000   0.99599446     6.7706545      1.4939009      6.874388     
   4070000   0.99303497     6.7790305      1.4894619      6.8751744    
   4080000   1.0002396      6.7670682      1.5002682      6.8684346    
   4090000   0.98708715     6.7699355      1.4805407      6.8660588    
   4100000   0.99276366     6.7732609      1.489055       6.8725256    
   4110000   1.0120244      6.7739423      1.5179443      6.8730472    
   4120000   1.0036098      6.7757601      1.5053232      6.8752127    
   4130000   1.002018       6.7747713      1.5029356      6.8716985    
   4140000   1.0076406      6.7697881      1.5113691      6.8655884    
   4150000   1.0055145      6.7789331      1.50818        6.8751614    
   4160000   1.0034808      6.7704299      1.5051296      6.8675785    
   4170000   1.0037361      6.7783046      1.5055126      6.8750141    
   4180000   1.000037       6.772551       1.4999642      6.8694645    
   4190000   0.99610592     6.7731377      1.4940681      6.8743082    
   4200000   1.0218337      6.7738264      1.5326574      6.8716988    
   4210000   1.0054604      6.7759888      1.5080989      6.8764588    
   4220000   1.005507       6.7825744      1.5081688      6.8816684    
   4230000   1.0008682      6.7606862      1.501211       6.8707332    
   4240000   0.98891831     6.777366       1.4832873      6.8881288    
   4250000   1.0005583      6.7631094      1.5007462      6.8803093    
   4260000   0.9992488      6.7511994      1.4987821      6.8686666    
   4270000   1.0028735      6.7509339      1.5042188      6.86691      
   4280000   1.0037382      6.7466653      1.5055158      6.8698233    
   4290000   0.99656598     6.7494043      1.4947581      6.8637243    
   4300000   0.9963337      6.7550666      1.4944097      6.8687702    
   4310000   1.0132816      6.7457645      1.51983        6.8675868    
   4320000   1.0074251      6.755416       1.5110459      6.8699274    
   4330000   1.0075517      6.7656588      1.5112356      6.8708511    
   4340000   0.99339364     6.7768595      1.4899999      6.8817417    
   4350000   0.99332356     6.7660518      1.4898948      6.8746859    
   4360000   1.0046934      6.7598774      1.5069485      6.8703331    
   4370000   1.0033616      6.7602485      1.5049509      6.8620818    
   4380000   0.99813702     6.771546       1.4971145      6.8754833    
   4390000   0.99534859     6.7729728      1.4929321      6.8657342    
   4400000   1.0038149      6.7617439      1.5056308      6.8694993    
   4410000   1.0026316      6.7669285      1.503856       6.8660916    
   4420000   0.99618893     6.7673275      1.4941926      6.866        
   4430000   1.0004282      6.7802581      1.5005511      6.8762029    
   4440000   1.0087085      6.7784074      1.5129708      6.8739248    
   4450000   1.0027251      6.7792263      1.5039961      6.8737743    
   4460000   0.99667824     6.7740024      1.4949265      6.8750989    
   4470000   1.000148       6.7746219      1.5001307      6.877088     
   4480000   1.0001322      6.7732849      1.5001071      6.8750906    
   4490000   1.0028417      6.7758035      1.5041712      6.8752701    
   4500000   1.0158647      6.7764587      1.5237044      6.8697715    
   4510000   0.99916713     6.7861009      1.4986596      6.8783288    
   4520000   0.99683397     6.7939108      1.4951601      6.8863018    
   4530000   1.0101652      6.7881696      1.5151557      6.8832523    
   4540000   0.99700861     6.8006723      1.495422       6.8949923    
   4550000   1.0066785      6.7781278      1.509926       6.877087     
   4560000   1.0038119      6.7812304      1.5056263      6.8728651    
   4570000   0.99703407     6.774555       1.4954602      6.8743093    
   4580000   1.0089655      6.7681749      1.5133563      6.8702093    
   4590000   1.0052081      6.777685       1.5077205      6.8751637    
   4600000   1.0019747      6.7815731      1.5028707      6.8761177    
   4610000   0.99795028     6.7769283      1.4968344      6.8743166    
   4620000   1.0015841      6.7906746      1.5022848      6.8916479    
   4630000   0.99555079     6.7665672      1.4932354      6.8666885    
   4640000   1.0008608      6.7697553      1.5012         6.8660167    
   4650000   0.99423892     6.769448       1.4912677      6.8685145    
   4660000   0.99584125     6.7816413      1.4936711      6.8817528    
   4670000   0.99180617     6.7797773      1.4876188      6.8754957    
   4680000   1.0038715      6.7726277      1.5057158      6.8686674    
   4690000   0.99922565     6.7664951      1.4987474      6.8682       
   4700000   0.99705783     6.7760093      1.4954958      6.8731211    
   4710000   1.0001449      6.7602779      1.5001262      6.8595701    
   4720000   0.99294383     6.7702192      1.4893252      6.8711418    
   4730000   0.9932049      6.7636732      1.4897168      6.8656622    
   4740000   0.99110132     6.7642476      1.4865616      6.8674378    
   4750000   0.98908889     6.7795307      1.4835431      6.8789281    
   4760000   1.0017407      6.7726149      1.5025197      6.8733681    
   4770000   0.99762456     6.7677069      1.4963459      6.8735324    
   4780000   0.99997344     6.7688899      1.499869       6.8743656    
   4790000   0.99682006     6.7718748      1.4951392      6.8798743    
   4800000   0.99762552     6.7685504      1.4963473      6.8776447    
   4810000   0.99141408     6.7715082      1.4870307      6.8732501    
   4820000   0.99680004     6.7621305      1.4951092      6.8677627    
   4830000   0.99883987     6.7549935      1.4981687      6.8717447    
   4840000   1.0021277      6.7838801      1.5031002      6.8811198    
   4850000   1.0065142      6.769894       1.5096796      6.8705614    
   4860000   1.0004344      6.7710242      1.5005603      6.8802084    
   4870000   1.0031664      6.7714715      1.5046582      6.876318     
   4880000   1.0143961      6.7692888      1.5215016      6.8742227    
   4890000   1.0076399      6.7829205      1.511368       6.8778904    
   4900000   1.0151487      6.7820799      1.5226305      6.8853503    
   4910000   1.0069526      6.777978       1.510337       6.8787667    
   4920000   1.0023549      6.77708        1.503441       6.8767271    
   4930000   0.99589244     6.7686951      1.4937478      6.8726669    
   4940000   1.0034196      6.76325        1.5050379      6.8636856    
   4950000   1.0049154      6.7545699      1.5072815      6.8616659    
   4960000   0.99877855     6.7833834      1.4980768      6.8801305    
   4970000   0.99959332     6.7736097      1.4992988      6.870689     
   4980000   0.98768096     6.7697581      1.4814314      6.8716503    
   4990000   1.0044089      6.7766572      1.5065218      6.8721562    
   5000000   0.99976282     6.7773356      1.4995531      6.8744399    
   5010000   0.99802351     6.7779008      1.4969443      6.8720181    
   5020000   0.99717613     6.7826998      1.4956733      6.8806434    
   5030000   1.0077813      6.7830511      1.5115801      6.8799496    
   5040000   0.99658516     6.7723577      1.4947869      6.8700263    
   5050000   0.99580534     6.7821808      1.4936172      6.8767526    
   5060000   0.99686799     6.7683619      1.4952111      6.8719475    
   5070000   0.99523783     6.7721943      1.492766       6.8750415    
   5080000   0.99906088     6.7651842      1.4985002      6.8656028    
   5090000   1.0010205      6.7643176      1.5014395      6.8644967    
   5100000   1.0033918      6.7726618      1.5049963      6.8725841    
   5110000   1.0007199      6.7737535      1.5009885      6.8770152    
   5120000   1.01277        6.7660963      1.5190626      6.8675904    
   5130000   1.0093885      6.7587228      1.5139907      6.863915     
   5140000   0.99192065     6.7726877      1.4877905      6.8752648    
   5150000   0.98364778     6.773541       1.475382       6.8725894    
   5160000   0.99730233     6.7677312      1.4958626      6.8727446    
   5170000   0.99412937     6.7813045      1.4911034      6.8842518    
   5180000   1.0033596      6.7851613      1.504948       6.8849617    
   5190000   1.0004915      6.772469       1.500646       6.8702663    
   5200000   1.005218       6.7737882      1.5077354      6.8717804    
   5210000   1.0051372      6.7701771      1.5076142      6.8745908    
   5220000   1.0022105      6.7572974      1.5032244      6.8631632    
   5230000   0.99419003     6.7655794      1.4911944      6.8739962    
   5240000   0.98729912     6.7676817      1.4808587      6.8757259    
   5250000   0.99493473     6.7625046      1.4923114      6.8679895    
   5260000   0.9901572      6.7654354      1.4851455      6.8673479    
   5270000   1.0003426      6.7745228      1.5004226      6.874747     
   5280000   0.99615754     6.7898356      1.4941455      6.8839138    
   5290000   1.0001217      6.7753398      1.5000913      6.8709422    
   5300000   0.99831886     6.7741183      1.4973873      6.8656283    
   5310000   0.98546298     6.7901678      1.4781046      6.8850821    
   5320000   0.99362405     6.7887992      1.4903455      6.8752926    
   5330000   1.004513       6.7819342      1.506678       6.8751342    
   5340000   0.99348228     6.7745205      1.4901328      6.8657527    
   5350000   0.99785261     6.7772039      1.4966879      6.8712213    
   5360000   1.0051764      6.7653397      1.507673       6.855035     
   5370000   0.99397836     6.7769302      1.4908769      6.8733467    
   5380000   1.0052314      6.7806002      1.5077555      6.8720954    
   5390000   0.99120719     6.7862374      1.4867204      6.8819016    
   5400000   1.0076233      6.7719908      1.5113431      6.8725005    
   5410000   0.9910895      6.7747152      1.4865439      6.8767601    
   5420000   1.0059258      6.7738062      1.508797       6.8736176    
   5430000   1.0029449      6.7738823      1.5043259      6.8752202    
   5440000   1.0002261      6.7703144      1.5002479      6.8740528    
   5450000   1.007812       6.7650745      1.5116262      6.8724944    
   5460000   0.99535334     6.7692863      1.4929393      6.87912      
   5470000   0.99286919     6.7613004      1.4892133      6.8769424    
   5480000   0.99959727     6.7607471      1.4993048      6.8729888    
   5490000   0.99902665     6.7591454      1.4984489      6.8762073    
   5500000   1.0108674      6.7532378      1.516209       6.8679174    
   5510000   1.0041407      6.7587498      1.5061195      6.8688906    
   5520000   1.0018502      6.7732172      1.502684       6.8833465    
   5530000   1.0051931      6.7662231      1.507698       6.8797488    
   5540000   0.99723718     6.7653854      1.4957648      6.8832112    
   5550000   0.99822359     6.7605137      1.4972444      6.8680438    
   5560000   0.99511427     6.7694735      1.4925807      6.8750752    
   5570000   0.99331819     6.769491       1.4898867      6.874375     
   5580000   0.99957767     6.7755464      1.4992754      6.8776145    
   5590000   1.0059698      6.7768693      1.508863       6.8773622    
   5600000   1.0030696      6.7850805      1.5045129      6.8801236    
   5610000   0.99721401     6.7830651      1.4957301      6.8735754    
   5620000   0.98749675     6.7896817      1.4811551      6.8793422    
   5630000   0.99196746     6.7912463      1.4878607      6.8812903    
   5640000   0.99311515     6.7634241      1.4895822      6.8582945    
   5650000   0.99634791     6.7812911      1.494431       6.8686919    
   5660000   1.0067596      6.7846739      1.5100475      6.8720099    
   5670000   0.99364258     6.7994118      1.4903733      6.8763892    
   5680000   1.0061319      6.7867011      1.5091061      6.8724679    
   5690000   1.0024138      6.7897131      1.5035294      6.8716129    
   5700000   1.013307       6.7906885      1.5198681      6.8714689    
   5710000   1.0093091      6.807955       1.5138716      6.8939654    
   5720000   1.012481       6.7852947      1.5186292      6.8724482    
   5730000   1.0043613      6.8011562      1.5064504      6.8822148    
   5740000   1.007097       6.7785423      1.5105537      6.8722933    
   5750000   1.0138284      6.7951248      1.5206501      6.8810578    
   5760000   0.9879387      6.7842381      1.481818       6.8754152    
   5770000   0.9926943      6.7779568      1.4889509      6.8705046    
   5780000   1.0032723      6.7779034      1.504817       6.8755166    
   5790000   1.0056943      6.7814058      1.5084498      6.8774573    
   5800000   1.0065864      6.7712124      1.5097878      6.8653879    
   5810000   0.99928259     6.7732892      1.4988328      6.8679082    
   5820000   0.9925258      6.7707863      1.4886982      6.8720286    
   5830000   1.0007004      6.7800052      1.5009593      6.8754179    
   5840000   1.0012343      6.7906999      1.5017601      6.8793891    
   5850000   0.99291635     6.7955891      1.489284       6.884553     
   5860000   1.0000855      6.7776016      1.5000371      6.8778847    
   5870000   0.99672048     6.7711034      1.4949898      6.8785545    
   5880000   1.0049345      6.7487374      1.50731        6.8646211    
   5890000   0.99734449     6.7644366      1.4959258      6.8707495    
   5900000   0.98998751     6.7752513      1.484891       6.8816256    
   5910000   1.0093415      6.7522035      1.5139202      6.8600148    
   5920000   0.99935621     6.7591237      1.4989432      6.8683242    
   5930000   0.99588304     6.763963       1.4937337      6.869678     
   5940000   0.99452135     6.7666354      1.4916913      6.8699868    
   5950000   0.99300848     6.7651919      1.4894222      6.8667892    
   5960000   0.99423748     6.7580447      1.4912656      6.857999     
   5970000   0.9907535      6.7663217      1.4860399      6.8712696    
   5980000   0.99384698     6.7639206      1.4906798      6.8665858    
   5990000   0.99627149     6.768746       1.4943164      6.8732191    
   6000000   0.99630048     6.7582901      1.4943599      6.8585952    
   6010000   0.99881994     6.7607963      1.4981388      6.8617544    
   6020000   1.0027829      6.7657597      1.5040829      6.8668694    
   6030000   1.0030996      6.7809162      1.5045579      6.8779062    
   6040000   1.0022418      6.7913999      1.5032713      6.8859098    
   6050000   1.0104471      6.7814675      1.5155785      6.8796925    
   6060000   1.0020376      6.7858116      1.5029651      6.8795019    
   6070000   0.99728102     6.7737249      1.4958306      6.8708295    
   6080000   1.0030343      6.7622844      1.50446        6.8551458    
   6090000   0.99599276     6.7789293      1.4938983      6.8761629    
   6100000   0.99834714     6.7874908      1.4974297      6.8850735    
   6110000   1.0065938      6.772227       1.5097989      6.8708621    
   6120000   1.0020636      6.7708289      1.503004       6.8732071    
   6130000   1.0002356      6.7536801      1.5002623      6.8596575    
   6140000   0.98011035     6.769981       1.4700762      6.878304     
   6150000   0.99361744     6.7546086      1.4903356      6.8601316    
   6160000   0.99089991     6.7624713      1.4862595      6.8656584    
   6170000   0.99862668     6.77051        1.497849       6.8745316    
   6180000   1.0063216      6.7660331      1.5093906      6.8721343    
   6190000   1.0053465      6.769517       1.5079281      6.8723421    
   6200000   1.0040426      6.7681291      1.5059724      6.8728981    
   6210000   1.0048283      6.7634434      1.5071508      6.8815264    
   6220000   0.99771021     6.7645667      1.4964743      6.8696314    
   6230000   0.99671137     6.7615613      1.4949762      6.8742782    
   6240000   0.99642499     6.772662       1.4945466      6.878874     
   6250000   1.0090074      6.7690046      1.513419       6.8685316    
   6260000   1.0066665      6.7804615      1.509908       6.8865354    
   6270000   1.0034474      6.7717938      1.5050797      6.874412     
   6280000   1.0018262      6.7679124      1.502648       6.8699553    
   6290000   0.99855085     6.7655139      1.4977352      6.8734389    
   6300000   0.99580988     6.7669865      1.493624       6.8714008    
   6310000   0.9978815      6.7687074      1.4967313      6.8751205    
   6320000   0.99228275     6.7773385      1.4883336      6.8774258    
   6330000   0.98848081     6.7719772      1.4826311      6.8724169    
   6340000   0.98862448     6.7720769      1.4828466      6.8784239    
   6350000   1.0089826      6.7664457      1.5133819      6.8650232    
   6360000   0.9876907      6.7876346      1.481446       6.8843381    
   6370000   1.0053623      6.7718434      1.5079518      6.8702868    
   6380000   1.004895       6.7734359      1.5072509      6.8648816    
   6390000   0.99930616     6.7854331      1.4988681      6.8748516    
   6400000   0.99907263     6.7765588      1.4985178      6.8690141    
   6410000   0.99806716     6.7854956      1.4970097      6.869824     
   6420000   1.0028269      6.7890982      1.5041489      6.8757584    
   6430000   0.9999737      6.7845092      1.4998694      6.8733874    
   6440000   1.0137264      6.7860571      1.5204972      6.8782907    
   6450000   1.0025425      6.7795607      1.5037223      6.8728274    
   6460000   0.98810771     6.7796408      1.4820715      6.8734118    
   6470000   0.99532402     6.7833661      1.4928953      6.8717161    
   6480000   0.99564201     6.7923766      1.4933722      6.8855111    
   6490000   1.0010046      6.7898442      1.5014156      6.8825844    
   6500000   0.99857675     6.7779073      1.4977741      6.8721638    
   6510000   1.0000244      6.7839366      1.4999454      6.8746687    
   6520000   1.0069553      6.7879599      1.5103411      6.8790476    
   6530000   1.0093142      6.77631        1.5138793      6.8730741    
   6540000   1.0006304      6.7820008      1.5008544      6.8755294    
   6550000   0.99384892     6.7841331      1.4906828      6.8765541    
   6560000   1.0051643      6.7713842      1.5076547      6.8705412    
   6570000   0.9891341      6.7779249      1.483611       6.8797043    
   6580000   0.99198284     6.7769973      1.4878838      6.8826138    
   6590000   0.99347876     6.7729308      1.4901276      6.8811544    
   6600000   1.0054424      6.7676038      1.5080719      6.8755538    
   6610000   1.0070332      6.782034       1.5104579      6.885235     
   6620000   0.99700337     6.772301       1.4954141      6.8754276    
   6630000   0.99565307     6.7661383      1.4933888      6.8643794    
   6640000   1.0011035      6.7677599      1.501564       6.8660714    
   6650000   1.0024865      6.7707265      1.5036384      6.8663389    
   6660000   1.0024847      6.7823472      1.5036357      6.8773683    
   6670000   1.0063849      6.7758986      1.5094856      6.875775     
   6680000   0.9947551      6.7796251      1.4920419      6.87986      
   6690000   0.99701872     6.7728189      1.4954372      6.8760241    
   6700000   0.99585632     6.7629375      1.4936937      6.8611638    
   6710000   0.99321344     6.7720478      1.4897296      6.8762109    
   6720000   1.0093484      6.7722051      1.5139306      6.8673513    
   6730000   1.0021299      6.7734108      1.5031035      6.8707143    
   6740000   0.99540388     6.7806311      1.4930151      6.8780064    
   6750000   1.0020504      6.776183       1.5029842      6.8708499    
   6760000   1.0042205      6.77988        1.5062392      6.8763255    
   6770000   0.99637531     6.7836332      1.4944721      6.876955     
   6780000   0.9968145      6.7797727      1.4951309      6.8678592    
   6790000   0.99417095     6.789827       1.4911658      6.8821884    
   6800000   0.99397349     6.7731311      1.4908696      6.8675701    
   6810000   0.9898284      6.773114       1.4846523      6.8677664    
   6820000   0.99055037     6.776605       1.4857352      6.8716619    
   6830000   0.99595611     6.7815987      1.4938434      6.8696284    
   6840000   1.0009191      6.7808164      1.5012874      6.8727897    
   6850000   0.9935999      6.7700243      1.4903093      6.8635341    
   6860000   0.99863945     6.7674288      1.4978681      6.8598844    
   6870000   1.0026466      6.7772905      1.5038785      6.8705813    
   6880000   1.0142408      6.7916204      1.5212688      6.8853685    
   6890000   1.008577       6.7868903      1.5127736      6.8786428    
   6900000   1.0049292      6.7778253      1.5073022      6.8730267    
   6910000   1.01193        6.7574717      1.5178027      6.855082     
   6920000   1.0090911      6.769752       1.5135446      6.8656797    
   6930000   0.99887941     6.7827462      1.498228       6.881262     
   6940000   0.99623491     6.7677943      1.4942615      6.8729575    
   6950000   1.0054938      6.7688396      1.508149       6.8674008    
   6960000   0.99912836     6.7758056      1.4986014      6.866751     
   6970000   0.99536181     6.7781218      1.492952       6.8672568    
   6980000   0.98914835     6.786495       1.4836323      6.8723442    
   6990000   0.9890382      6.7794712      1.4834671      6.8814198    
   7000000   0.99409806     6.7870098      1.4910564      6.8812022    
   7010000   1.0024697      6.7764417      1.5036131      6.8656449    
   7020000   0.99395066     6.7827616      1.4908354      6.8770733    
   7030000   1.0006716      6.7807616      1.5009161      6.8681868    
   7040000   1.0030461      6.7786946      1.5044777      6.8634607    
   7050000   0.99878679     6.7794146      1.4980891      6.8656371    
   7060000   0.99506203     6.7767065      1.4925023      6.8644517    
   7070000   0.9978995      6.7859213      1.4967583      6.8750501    
   7080000   0.99706692     6.787055       1.4955095      6.8746774    
   7090000   1.005575       6.7886008      1.5082709      6.8752257    
   7100000   1.0042995      6.799382       1.5063576      6.8882685    
   7110000   0.99743416     6.7786076      1.4960603      6.8736726    
   7120000   0.99756841     6.7775342      1.4962617      6.8694878    
   7130000   0.99668427     6.7700918      1.4949355      6.8645545    
   7140000   1.0076926      6.7894433      1.511447       6.8828041    
   7150000   1.0110342      6.7865727      1.5164591      6.880769     
   7160000   0.99988792     6.7782089      1.4997407      6.8757865    
   7170000   1.0058527      6.7591228      1.5086873      6.8543748    
   7180000   1.0116661      6.7688065      1.517407       6.8738116    
   7190000   1.0133298      6.776798       1.5199023      6.8790407    
   7200000   1.0063457      6.7746887      1.5094268      6.8757579    
   7210000   1.0011984      6.786513       1.5017063      6.8800251    
   7220000   0.99840085     6.7738266      1.4975102      6.8677083    
   7230000   1.0017061      6.7789175      1.5024678      6.8701143    
   7240000   0.99326232     6.7882202      1.4898029      6.880665     
   7250000   1.0072177      6.7633667      1.5107348      6.8586814    
   7260000   0.99208152     6.7913572      1.4880318      6.8776831    
   7270000   1.001864       6.775359       1.5027046      6.862256     
   7280000   0.99499084     6.7881922      1.4923955      6.8730807    
   7290000   0.99191542     6.7995709      1.4877827      6.8840345    
   7300000   1.0074313      6.7923834      1.5110551      6.8766542    
   7310000   1.0012534      6.7931448      1.5017887      6.8770185    
   7320000   1.0023367      6.7786102      1.5034137      6.8653424    
   7330000   0.99758435     6.7809544      1.4962856      6.8670925    
   7340000   1.0034501      6.7883136      1.5050837      6.8838858    
   7350000   1.0120746      6.7818165      1.5180197      6.8722982    
   7360000   0.99344204     6.8033938      1.4900725      6.8848757    
   7370000   0.99751171     6.7985038      1.4961766      6.8807104    
   7380000   1.0040379      6.7908412      1.5059652      6.8796068    
   7390000   1.0115649      6.7804777      1.5172551      6.8717505    
   7400000   1.0035334      6.7825383      1.5052086      6.8772316    
   7410000   1.0046164      6.791908       1.506833       6.886875     
   7420000   1.0017476      6.7981032      1.50253        6.8891249    
   7430000   1.0081563      6.785526       1.5121426      6.8783119    
   7440000   1.004804       6.7920357      1.5071143      6.8838862    
   7450000   1.0189424      6.786616       1.5283206      6.8804668    
   7460000   1.0001155      6.7862879      1.5000821      6.8792811    
   7470000   1.0071246      6.7841         1.510595       6.8698833    
   7480000   1.0071441      6.7765742      1.5106243      6.8634227    
   7490000   0.99680239     6.7893515      1.4951127      6.8769686    
   7500000   1.0041845      6.7838006      1.5061851      6.8715319    
   7510000   1.0015359      6.7788403      1.5022125      6.865516     
   7520000   1.0069134      6.787646       1.5102782      6.8711754    
   7530000   1.0013047      6.7861569      1.5018657      6.8735143    
   7540000   0.99488865     6.7989425      1.4922423      6.8817396    
   7550000   1.0173123      6.7809286      1.5258757      6.8697525    
   7560000   1.0099487      6.7939935      1.514831       6.8845624    
   7570000   1.0062319      6.8046567      1.5092561      6.8912993    
   7580000   0.99748038     6.7921697      1.4961296      6.8768849    
   7590000   1.0003238      6.7886495      1.5003944      6.8744057    
   7600000   0.98952428     6.7929157      1.4841962      6.8744143    
   7610000   0.99738656     6.7806564      1.4959889      6.8691493    
   7620000   0.9925564      6.7714587      1.4887441      6.8671981    
   7630000   0.9898178      6.7755201      1.4846364      6.8752311    
   7640000   0.99358629     6.7801008      1.4902888      6.875748     
   7650000   0.99880121     6.7870726      1.4981107      6.8846477    
   7660000   1.0010964      6.792057       1.5015533      6.8880326    
   7670000   1.0103258      6.7933352      1.5153966      6.8862361    
   7680000   1.0131809      6.7803766      1.5196789      6.8697024    
   7690000   1.0037338      6.7860968      1.5055091      6.8784558    
   7700000   0.99707165     6.7789328      1.4955166      6.8742551    
   7710000   1.0015168      6.7761736      1.5021839      6.8727142    
   7720000   1.0172569      6.7659863      1.5257926      6.8693325    
   7730000   1.0028819      6.7708795      1.5042314      6.8746469    
   7740000   1.0005844      6.7842069      1.5007854      6.8803069    
   7750000   1.0080038      6.7799011      1.5119138      6.8764954    
   7760000   0.99427275     6.7876243      1.4913185      6.8858051    
   7770000   1.0044295      6.7696853      1.5065527      6.8673693    
   7780000   0.99213076     6.7764948      1.4881057      6.8804408    
   7790000   1.0069132      6.768593       1.5102779      6.8703483    
   7800000   1.0021179      6.7928923      1.5030855      6.8877236    
   7810000   1.0024761      6.7825066      1.5036227      6.8766253    
   7820000   1.0123544      6.7813071      1.5184393      6.8797719    
   7830000   1.0064046      6.7717273      1.5095151      6.8742572    
   7840000   1.0084109      6.7819214      1.5125244      6.8742885    
   7850000   1.0021298      6.7862723      1.5031033      6.883107     
   7860000   0.99859097     6.8003188      1.4977954      6.8902381    
   7870000   0.99461351     6.7801637      1.4918296      6.8694815    
   7880000   1.0054995      6.7657761      1.5081575      6.8618873    
   7890000   0.98951571     6.7859994      1.4841833      6.8793664    
   7900000   1.0062491      6.7699319      1.5092819      6.8677056    
   7910000   1.0006396      6.783395       1.5008681      6.8754024    
   7920000   1.0010674      6.7892479      1.5015098      6.8789894    
   7930000   0.99189386     6.7833522      1.4877503      6.8708286    
   7940000   1.0020863      6.7777601      1.5030381      6.8660208    
   7950000   1.0004463      6.7941544      1.5005782      6.8789902    
   7960000   1.0097173      6.7892033      1.5144839      6.8719801    
   7970000   1.0100667      6.7776767      1.5150079      6.8680473    
   7980000   0.98425368     6.7845005      1.4762908      6.8688859    
   7990000   0.98209352     6.7783458      1.4730507      6.8658753    
   8000000   0.99708326     6.7730145      1.495534       6.8600045    
   8010000   0.99613462     6.802962       1.4941111      6.884967     
   8020000   0.99601973     6.7927576      1.4939388      6.8756726    
   8030000   1.0048625      6.7887923      1.5072021      6.8750046    
   8040000   1.0035234      6.7834311      1.5051936      6.868809     
   8050000   0.9951863      6.7950465      1.4926887      6.8831345    
   8060000   1.0098927      6.7734329      1.514747       6.8652125    
   8070000   1.0074976      6.7868417      1.5111545      6.8744664    
   8080000   0.99505258     6.7833305      1.4924881      6.8728431    
   8090000   1.0058751      6.7882853      1.5087209      6.8742873    
   8100000   0.99178824     6.806309       1.4875919      6.8934026    
   8110000   0.9997569      6.793253       1.4995442      6.8812314    
   8120000   0.99213011     6.7847774      1.4881047      6.8782217    
   8130000   0.9863682      6.7722125      1.4794624      6.8675087    
   8140000   0.99827971     6.7708645      1.4973285      6.866554     
   8150000   0.9986154      6.77709        1.497832       6.8704884    
   8160000   1.001811       6.7752133      1.5026251      6.8762396    
   8170000   0.99360232     6.7870156      1.4903129      6.8807474    
   8180000   0.99377654     6.7818805      1.4905742      6.880657     
   8190000   0.99347903     6.7807139      1.490128       6.8698389    
   8200000   1.0083356      6.7684419      1.5124114      6.8618466    
   8210000   1.0016129      6.7926833      1.502328       6.8810813    
   8220000   1.0096969      6.7897648      1.5144532      6.8787471    
   8230000   1.0057165      6.7820959      1.5084831      6.8790669    
   8240000   0.99754312     6.7989757      1.4962237      6.8887737    
   8250000   1.0053551      6.7855441      1.507941       6.8785362    
   8260000   1.0091666      6.7851582      1.5136578      6.8783526    
   8270000   0.99860336     6.7859539      1.497814       6.8769186    
   8280000   0.99946884     6.7764606      1.4991121      6.8725895    
   8290000   1.0089981      6.7701717      1.5134051      6.8660657    
   8300000   1.0034324      6.7827741      1.5050571      6.8770193    
   8310000   1.0013358      6.7839086      1.5019124      6.8740461    
   8320000   0.99792647     6.7896427      1.4967987      6.8749555    
   8330000   1.009253       6.7866099      1.5137874      6.8804155    
   8340000   0.99727071     6.7883918      1.4958151      6.8807303    
   8350000   1.0073032      6.7908326      1.510863       6.8763688    
   8360000   1.0038111      6.806053       1.5056252      6.8870782    
   8370000   1.0044858      6.7980749      1.5066371      6.8765986    
   8380000   0.99908439     6.7913641      1.4985355      6.8743646    
   8390000   0.99622269     6.7977265      1.4942432      6.8821032    
   8400000   1.0045453      6.7935954      1.5067264      6.8785064    
   8410000   1.0038911      6.7960067      1.5057451      6.8772184    
   8420000   1.002413       6.7978884      1.5035281      6.8787167    
   8430000   1.001241       6.8033533      1.5017701      6.8803315    
   8440000   1.0051163      6.7942196      1.5075829      6.8779922    
   8450000   0.99921717     6.7886563      1.4987346      6.8725637    
   8460000   0.9958277      6.7797285      1.4936507      6.864485     
   8470000   0.99910368     6.7834658      1.4985644      6.8721805    
   8480000   1.0031388      6.7973212      1.5046167      6.8831945    
   8490000   1.000736       6.7844031      1.5010127      6.873715     
   8500000   1.002805       6.7751399      1.5041161      6.8703939    
   8510000   0.99557351     6.7861498      1.4932695      6.8767127    
   8520000   0.99537866     6.7763097      1.4929772      6.8801398    
   8530000   0.98762369     6.7788781      1.4813455      6.8764782    
   8540000   1.0002649      6.7747939      1.5003061      6.8711589    
   8550000   1.0026935      6.7705087      1.5039488      6.8670833    
   8560000   0.99963509     6.774842       1.4993615      6.8708638    
   8570000   0.99674169     6.7665684      1.4950216      6.8682691    
   8580000   1.0032198      6.7769105      1.5047382      6.8827753    
   8590000   1.0026677      6.7807705      1.5039101      6.8776412    
   8600000   1.0015049      6.7786018      1.5021661      6.8804431    
   8610000   1.000461       6.7845602      1.5006002      6.8842502    
   8620000   1.0045517      6.7712129      1.5067359      6.8774119    
   8630000   1.0097932      6.765218       1.5145977      6.8683285    
   8640000   1.0086098      6.7634326      1.5128228      6.8694322    
   8650000   0.99215154     6.7807707      1.4881368      6.8766902    
   8660000   0.99534891     6.7777666      1.4929326      6.8718065    
   8670000   0.99604253     6.7880569      1.493973       6.8768897    
   8680000   1.0049327      6.7803927      1.5073074      6.8709686    
   8690000   1.0074051      6.7842175      1.5110158      6.8726309    
   8700000   1.0043841      6.787788       1.5064845      6.8801829    
   8710000   1.0130662      6.7961804      1.5195069      6.886647     
   8720000   0.99307197     6.7835668      1.4895174      6.8743365    
   8730000   0.99198712     6.7827746      1.4878902      6.8733832    
   8740000   0.99471135     6.778203       1.4919763      6.8720361    
   8750000   1.0008642      6.7959052      1.5012051      6.881582     
   8760000   0.98310507     6.8043918      1.474568       6.8791518    
   8770000   0.99159423     6.7809727      1.4873009      6.8679065    
   8780000   1.0017136      6.7814168      1.502479       6.874138     
   8790000   0.99378312     6.7815422      1.4905841      6.8719358    
   8800000   1.0071352      6.7796791      1.5106109      6.8731587    
   8810000   1.0074956      6.7970343      1.5111515      6.8875056    
   8820000   1.0164388      6.7967173      1.5245655      6.8840794    
   8830000   1.0099951      6.7885124      1.5149006      6.8760577    
   8840000   0.99621719     6.7916234      1.4942349      6.8810923    
   8850000   1.0070063      6.7848769      1.5104176      6.8751901    
   8860000   1.0083237      6.7745463      1.5123937      6.8635265    
   8870000   1.0119994      6.7809686      1.5179068      6.8742911    
   8880000   0.99598836     6.7878285      1.4938917      6.8844348    
   8890000   1.0061304      6.7773363      1.5091039      6.8683318    
   8900000   0.99823742     6.780987       1.4972651      6.8800219    
   8910000   0.98335992     6.7859347      1.4749502      6.8798859    
   8920000   0.99323707     6.7706951      1.489765       6.8658682    
   8930000   0.98931407     6.7812498      1.4838809      6.8766404    
   8940000   0.99284888     6.7778245      1.4891828      6.8788221    
   8950000   1.0038429      6.7819844      1.5056729      6.8770115    
   8960000   0.99331368     6.773626       1.4898799      6.8749926    
   8970000   0.99186681     6.7708338      1.4877098      6.8677254    
   8980000   0.99031418     6.7803245      1.485381       6.8726378    
   8990000   1.0104487      6.76846        1.5155809      6.8613796    
   9000000   1.0001128      6.7839016      1.5000781      6.8735944    
   9010000   1.0016069      6.7739415      1.5023191      6.8680627    
   9020000   1.0049729      6.7782486      1.5073678      6.8743787    
   9030000   1.0015382      6.7785421      1.502216       6.8716187    
   9040000   0.99160576     6.780344       1.4873182      6.8721724    
   9050000   0.99542541     6.7692439      1.4930473      6.8654217    
   9060000   1.0055023      6.7718608      1.5081618      6.8706335    
   9070000   0.99928693     6.7757659      1.4988393      6.872767     
   9080000   0.99766176     6.7724179      1.4964017      6.8698494    
   9090000   0.99975759     6.7746635      1.4995452      6.8688398    
   9100000   0.99881483     6.793555       1.4981312      6.8766298    
   9110000   1.000304       6.7757163      1.5003647      6.8752075    
   9120000   1.0105704      6.7762027      1.5157634      6.8741433    
   9130000   0.99145563     6.7900024      1.487093       6.8851076    
   9140000   0.99649359     6.7756631      1.4946495      6.8786071    
   9150000   1.0053171      6.7758577      1.507884       6.8730117    
   9160000   1.0006514      6.7878806      1.5008859      6.8782006    
   9170000   1.0098801      6.782092       1.5147281      6.8716513    
   9180000   1.0022933      6.7766047      1.5033485      6.8689196    
   9190000   0.99593613     6.7823654      1.4938134      6.8695626    
   9200000   1.0022796      6.7845592      1.503328       6.8741217    
   9210000   1.0031989      6.7805642      1.5047069      6.8732373    
   9220000   1.0071561      6.7906072      1.5106424      6.8800792    
   9230000   1.0050554      6.7823992      1.5074915      6.8719015    
   9240000   1.0107677      6.7790808      1.5160593      6.876646     
   9250000   1.0061942      6.7836626      1.5091996      6.8708182    
   9260000   1.009656       6.7783001      1.514392       6.8742201    
   9270000   1.0112104      6.7781237      1.5167235      6.8768135    
   9280000   0.99613807     6.7731685      1.4941163      6.8659896    
   9290000   1.0008765      6.7782281      1.5012235      6.8732147    
   9300000   0.98915658     6.7792732      1.4836447      6.8811151    
   9310000   1.000309       6.7614739      1.5003723      6.8606507    
   9320000   0.98568445     6.7657144      1.4784368      6.8700261    
   9330000   1.0050552      6.7686499      1.5074911      6.8729053    
   9340000   0.99868123     6.7713327      1.4979308      6.8772263    
   9350000   0.99578403     6.7724275      1.4935852      6.8751149    
   9360000   0.99679084     6.7767666      1.4950954      6.8836961    
   9370000   1.008918       6.7685869      1.5132851      6.8708962    
   9380000   1.0019993      6.7775366      1.5029075      6.8794846    
   9390000   1.0016085      6.7732311      1.5023214      6.8751834    
   9400000   1.0081751      6.7742951      1.5121707      6.8754078    
   9410000   0.99619111     6.7820372      1.4941958      6.8812074    
   9420000   0.99281472     6.7826222      1.4891315      6.8804415    
   9430000   0.99204551     6.7804906      1.4879778      6.876125     
   9440000   1.0060177      6.7832204      1.5089349      6.876777     
   9450000   1.0070371      6.784043       1.5104638      6.8725777    
   9460000   0.9913126      6.7857408      1.4868785      6.8794515    
   9470000   0.99711851     6.7731641      1.4955868      6.8657444    
   9480000   0.99895364     6.7709663      1.4983394      6.8642584    
   9490000   0.9992677      6.7818984      1.4988104      6.872205     
   9500000   1.0003966      6.8071713      1.5005036      6.8903349    
   9510000   1.0066756      6.7847737      1.5099216      6.8738327    
   9520000   1.0077809      6.7927773      1.5115795      6.8792183    
   9530000   1.0104985      6.7896362      1.5156556      6.8782717    
   9540000   1.0092836      6.7941073      1.5138334      6.8871071    
   9550000   1.0110821      6.7873911      1.5165309      6.8789441    
   9560000   1.0158727      6.7813235      1.5237164      6.8704201    
   9570000   1.0002828      6.7996184      1.500333       6.8748309    
   9580000   1.0051957      6.7896458      1.5077019      6.8770735    
   9590000   0.9953893      6.7823143      1.4929932      6.869932     
   9600000   0.98865791     6.7772248      1.4828967      6.8656058    
   9610000   0.99404209     6.7750667      1.4909725      6.8615861    
   9620000   0.98652326     6.7789959      1.4796949      6.8728017    
   9630000   0.992562       6.7716303      1.4887525      6.8654876    
   9640000   0.99105085     6.7895395      1.4864859      6.8763405    
   9650000   0.99735931     6.7781351      1.495948       6.8640988    
   9660000   0.99267547     6.7885881      1.4889227      6.87359      
   9670000   0.99141442     6.7839834      1.4870312      6.8689277    
   9680000   0.98897948     6.798878       1.483379       6.8821993    
   9690000   1.0127817      6.7848499      1.5190802      6.8761287    
   9700000   1.0173264      6.7993533      1.5258969      6.8768195    
   9710000   1.0092531      6.788502       1.5137877      6.8681824    
   9720000   1.0017845      6.791674       1.5025854      6.8664929    
   9730000   0.99730318     6.798761       1.4958638      6.8843       
   9740000   1.0008975      6.7833663      1.501255       6.8657193    
   9750000   1.0014986      6.7954615      1.5021566      6.8804012    
   9760000   0.99811391     6.7846809      1.4970799      6.8758857    
   9770000   1.0101064      6.7862228      1.5150676      6.8766115    
   9780000   1.0081159      6.7831103      1.5120819      6.8746352    
   9790000   1.0001978      6.7833776      1.5002055      6.8808778    
   9800000   0.99771576     6.7923459      1.4964827      6.8843972    
   9810000   0.98648824     6.7919067      1.4796424      6.8767192    
   9820000   1.0121393      6.7792578      1.5181167      6.8709075    
   9830000   0.99888253     6.7926328      1.4982327      6.8786508    
   9840000   1.0002849      6.786578       1.5003362      6.8758269    
   9850000   1.0059856      6.7793346      1.5088867      6.8745444    
   9860000   1.0029994      6.7913051      1.5044077      6.880939     
   9870000   0.99803338     6.7888777      1.4969591      6.8816687    
   9880000   1.0146985      6.7842785      1.5219552      6.8778904    
   9890000   1.0003284      6.7881885      1.5004013      6.8738161    
   9900000   1.004273       6.787776       1.5063179      6.8705519    
   9910000   0.99957424     6.7911195      1.4992702      6.8758615    
   9920000   0.99388842     6.7815881      1.490742       6.874672     
   9930000   0.99389401     6.7865724      1.4907504      6.8802855    
   9940000   1.0071307      6.7615691      1.5106042      6.8524472    
   9950000   0.99955249     6.7891775      1.4992376      6.880858     
   9960000   1.0004004      6.7796928      1.5005093      6.8723148    
   9970000   1.0016052      6.7908497      1.5023164      6.8817508    
   9980000   1.0079069      6.7782163      1.5117685      6.871492     
   9990000   1.0040986      6.7854948      1.5060563      6.8754763    
  10000000   1.0009898      6.79093        1.5013935      6.8849224    
  10010000   0.99920799     6.7847869      1.4987209      6.8768539    
  10020000   1.0039592      6.7816337      1.5058472      6.873714     
  10030000   1.0011267      6.7785962      1.5015987      6.8742361    
  10040000   1.0033565      6.7744615      1.5049433      6.8693434    
  10050000   1.0028011      6.7746905      1.5041102      6.8653398    
  10060000   0.99799511     6.778039       1.4969017      6.8704918    
  10070000   0.9917981      6.7866482      1.4876067      6.8747218    
  10080000   0.99509139     6.7851041      1.4925463      6.8695296    
  10090000   0.99854066     6.7821969      1.4977199      6.8722299    
  10100000   0.99345262     6.7896435      1.4900883      6.8775965    
  10110000   1.0063849      6.7825791      1.5094856      6.8728103    
  10120000   1.0078344      6.7864595      1.5116597      6.8783873    
  10130000   1.0076999      6.786202       1.5114579      6.8782642    
  10140000   0.99424639     6.7769462      1.4912789      6.8660883    
  10150000   0.99743011     6.7779352      1.4960542      6.8651618    
  10160000   0.99413959     6.7866642      1.4911187      6.8756995    
  10170000   1.0075918      6.7783047      1.5112958      6.8738881    
  10180000   1.0031568      6.7829594      1.5046438      6.8768833    
  10190000   0.99832903     6.7855506      1.4974025      6.881115     
  10200000   0.99350491     6.7780936      1.4901668      6.8812083    
  10210000   0.99434534     6.7845484      1.4914273      6.8840942    
  10220000   0.99621163     6.78229        1.4942266      6.8817207    
  10230000   0.99332149     6.7854386      1.4898917      6.8835071    
  10240000   0.98473364     6.7655276      1.4770107      6.8688103    
  10250000   0.99515464     6.7711294      1.4926412      6.867395     
  10260000   0.99813861     6.7840941      1.4971169      6.876974     
  10270000   1.0054067      6.7849306      1.5080183      6.8793126    
  10280000   1.002439       6.7836166      1.5035671      6.8818698    
  10290000   1.0084222      6.7796536      1.5125414      6.8763151    
  10300000   1.0100428      6.7737118      1.5149721      6.8680224    
  10310000   0.99666159     6.7880501      1.4949015      6.878905     
  10320000   1.0028922      6.7711728      1.5042469      6.8701896    
  10330000   0.99576822     6.7764941      1.4935615      6.8794462    
  10340000   0.99673378     6.7639787      1.4950098      6.8713631    
  10350000   0.99490074     6.7749303      1.4922604      6.8774303    
  10360000   0.99707102     6.7708355      1.4955156      6.8721797    
  10370000   0.9937503      6.7717838      1.4905348      6.8743119    
  10380000   1.0057125      6.7672182      1.5084771      6.8678582    
  10390000   0.99346618     6.7750321      1.4901087      6.8776314    
  10400000   0.99508473     6.7792355      1.4925364      6.882308     
  10410000   0.99989768     6.7785058      1.4997553      6.8761284    
  10420000   0.99976193     6.7757882      1.4995517      6.8781746    
  10430000   1.0121893      6.7648236      1.5181917      6.8666323    
  10440000   0.99580673     6.7950308      1.4936193      6.8868998    
  10450000   1.000978       6.7715193      1.5013758      6.8695847    
  10460000   1.0017284      6.7637854      1.5025012      6.8682379    
  10470000   1.0034231      6.7690601      1.5050432      6.866937     
  10480000   1.0064052      6.7594026      1.509516       6.8662888    
  10490000   1.0020281      6.7705685      1.5029507      6.8746332    
  10500000   1.006266       6.773484       1.5093073      6.8750175    
  10510000   1.0111961      6.7768798      1.516702       6.8786143    
  10520000   1.000328       6.7864978      1.5004008      6.8835895    
  10530000   1.008259       6.7818322      1.5122965      6.8777583    
  10540000   0.99955612     6.7867946      1.499243       6.8800733    
  10550000   1.0036082      6.7890086      1.5053208      6.8746343    
  10560000   1.0089498      6.7795738      1.5133326      6.8762375    
  10570000   1.0058183      6.7766266      1.5086357      6.8682883    
  10580000   0.99375456     6.7977602      1.4905412      6.8856186    
  10590000   1.0022833      6.7856809      1.5033336      6.8819875    
  10600000   0.99964147     6.783391       1.499371       6.8742823    
  10610000   0.99793591     6.7871319      1.4968129      6.8736556    
  10620000   1.0056328      6.7885303      1.5083575      6.8797425    
  10630000   1.0012905      6.7789337      1.5018445      6.8742021    
  10640000   0.99319306     6.7847803      1.489699       6.8765614    
  10650000   0.98891359     6.7739812      1.4832802      6.8666765    
  10660000   0.99654138     6.7764655      1.4947212      6.8694206    
  10670000   0.99899968     6.7719429      1.4984084      6.8612487    
  10680000   0.99298352     6.793641       1.4893847      6.8812883    
  10690000   1.007968       6.7836052      1.5118601      6.8724216    
  10700000   0.99958549     6.7894267      1.4992871      6.8753876    
  10710000   0.99930865     6.7864386      1.4988719      6.8788149    
  10720000   0.99536703     6.7880767      1.4929598      6.8777324    
  10730000   0.993712       6.7810251      1.4904774      6.8774738    
  10740000   1.0095383      6.7887688      1.5142154      6.8873798    
  10750000   1.0059389      6.7818969      1.5088166      6.8812034    
  10760000   0.9938763      6.7725182      1.4907238      6.8744086    
  10770000   1.0002379      6.7725316      1.5002656      6.8737298    
  10780000   0.99825917     6.7592458      1.4972977      6.8601915    
  10790000   1.0000744      6.7661393      1.5000204      6.8706505    
  10800000   0.99690368     6.7714679      1.4952646      6.8680602    
  10810000   0.99210157     6.7862883      1.4880619      6.8839658    
  10820000   0.99066204     6.7628777      1.4859027      6.8624657    
  10830000   1.0025738      6.7723686      1.5037693      6.8738636    
  10840000   1.0042883      6.7752974      1.5063409      6.8774541    
  10850000   1.0045956      6.7814988      1.5068019      6.8802083    
  10860000   0.99368696     6.7800903      1.4904398      6.8740842    
  10870000   1.0032554      6.7730426      1.5047917      6.8734704    
  10880000   1.0061774      6.768828       1.5091743      6.8733556    
  10890000   1.0078423      6.780096       1.5116715      6.8795244    
  10900000   1.0045559      6.7825354      1.5067423      6.8785324    
  10910000   1.0047081      6.7724362      1.5069705      6.8668296    
  10920000   1.0072139      6.7694443      1.510729       6.8674472    
  10930000   0.98977758     6.7717254      1.4845761      6.8769825    
  10940000   0.9903702      6.7806238      1.485465       6.8813739    
  10950000   0.99123564     6.7698948      1.4867631      6.8721037    
  10960000   0.99316656     6.767502       1.4896593      6.8693601    
  10970000   0.99800054     6.7716539      1.4969098      6.8740227    
  10980000   0.99258187     6.759602       1.4887823      6.8712127    
  10990000   0.99652139     6.766888       1.4946912      6.8722918    
  11000000   0.99163698     6.7655824      1.487365       6.8740908    
  11010000   0.99956273     6.7642517      1.4992529      6.871054     
  11020000   1.0002693      6.7615299      1.5003127      6.8707347    
  11030000   0.99640933     6.7734351      1.4945231      6.880556     
  11040000   0.99930692     6.7675393      1.4988693      6.8786832    
  11050000   1.003362       6.7812757      1.5049515      6.882884     
  11060000   1.0070241      6.7607911      1.5104443      6.8663537    
  11070000   1.0029204      6.7663249      1.5042892      6.8686586    
  11080000   1.0105159      6.7601829      1.5156818      6.864579     
  11090000   0.99202151     6.7678695      1.4879418      6.8754158    
  11100000   0.99748797     6.7655283      1.496141       6.8696012    
  11110000   0.99318296     6.7740959      1.4896839      6.8810895    
  11120000   1.0056261      6.7570556      1.5083475      6.8645921    
  11130000   1.0058735      6.7711296      1.5087185      6.8871064    
  11140000   0.99971349     6.7781763      1.4994791      6.8910419    
  11150000   1.0055947      6.7597681      1.5083003      6.8738993    
  11160000   1.0079842      6.7639604      1.5118844      6.8728502    
  11170000   0.99587854     6.7629308      1.493727       6.8662648    
  11180000   0.99514142     6.7751728      1.4926214      6.877212     
  11190000   0.9925089      6.7723232      1.4886729      6.8791571    
  11200000   1.0036251      6.7750179      1.5053461      6.8803846    
  11210000   0.99866251     6.7835296      1.4979027      6.8878206    
  11220000   1.0098678      6.7737389      1.5147097      6.8845564    
  11230000   1.003793       6.7727445      1.5055979      6.8725061    
  11240000   1.0066691      6.778079       1.5099118      6.876266     
  11250000   1.0027135      6.7561802      1.5039789      6.8646247    
  11260000   0.99184071     6.757315       1.4876706      6.8609512    
  11270000   0.99432397     6.7528721      1.4913953      6.8627733    
  11280000   0.99100999     6.7624948      1.4864246      6.8680153    
  11290000   1.0006937      6.7655537      1.5009492      6.8775166    
  11300000   0.99394956     6.7702282      1.4908337      6.8770172    
  11310000   0.99700054     6.7536526      1.4954099      6.8606249    
  11320000   0.99157546     6.769473       1.4872728      6.8744113    
  11330000   1.0019904      6.7581998      1.5028942      6.8607637    
  11340000   0.9899771      6.7745395      1.4848754      6.8735643    
  11350000   0.99675207     6.7638831      1.4950372      6.869027     
  11360000   0.99198274     6.7695699      1.4878836      6.8684286    
  11370000   0.98695726     6.7767172      1.4803459      6.8772908    
  11380000   1.0103079      6.7791413      1.5153698      6.875603     
  11390000   1.0150153      6.7743745      1.5224305      6.8770876    
  11400000   1.0107415      6.7710797      1.51602        6.8755493    
  11410000   1.0052029      6.7704642      1.5077127      6.8766474    
  11420000   0.99961771     6.7760734      1.4993354      6.8786346    
  11430000   0.99719842     6.7630992      1.4957067      6.871444     
  11440000   0.99519437     6.7818347      1.4927008      6.8874036    
  11450000   1.0036113      6.7791855      1.5053254      6.882339     
  11460000   1.0002949      6.7863167      1.5003511      6.8841328    
  11470000   1.0065641      6.7810261      1.5097543      6.8804332    
  11480000   1.0064795      6.7754563      1.5096274      6.8787742    
  11490000   1.0118179      6.780886       1.5176346      6.8777743    
  11500000   1.0037573      6.7899882      1.5055444      6.8787817    
  11510000   0.98870737     6.7801995      1.4829709      6.8695451    
  11520000   0.99065716     6.7739719      1.4858954      6.8620544    
  11530000   0.98930833     6.7816744      1.4838723      6.8700478    
  11540000   1.0011648      6.7702717      1.5016559      6.8642175    
  11550000   0.99458677     6.7804399      1.4917895      6.8759022    
  11560000   0.99682828     6.7745048      1.4951515      6.8720061    
  11570000   1.0046283      6.7784968      1.5068509      6.8755239    
  11580000   1.0059209      6.7669654      1.5087897      6.8698015    
  11590000   0.99023182     6.7779692      1.4852574      6.8821421    
  11600000   0.99648979     6.7622177      1.4946438      6.8691695    
  11610000   0.99739511     6.7806171      1.4960017      6.8855624    
  11620000   0.99779566     6.7717558      1.4966025      6.8806327    
  11630000   0.99274791     6.7710517      1.4890313      6.8793664    
  11640000   0.99042462     6.7724456      1.4855466      6.8744721    
  11650000   0.99892928     6.7671418      1.4983028      6.8707708    
  11660000   1.0007218      6.7657797      1.5009914      6.8754971    
  11670000   0.99898286     6.759466       1.4983832      6.86457      
  11680000   0.99177949     6.7686035      1.4875788      6.8722971    
  11690000   0.99738794     6.7757553      1.495991       6.8767705    
  11700000   1.0008406      6.77743        1.5011696      6.8767392    
  11710000   1.0004196      6.784749       1.5005382      6.8795207    
  11720000   1.0006764      6.7882541      1.5009233      6.8769869    
  11730000   0.98897701     6.7734159      1.4833753      6.8676451    
  11740000   0.98962862     6.7698176      1.4843527      6.8658212    
  11750000   1.0024285      6.7735693      1.5035513      6.8678752    
  11760000   1.0010184      6.7888732      1.5014363      6.8793957    
  11770000   1.0017549      6.784317       1.502541       6.8757608    
  11780000   1.010631       6.7725157      1.5158543      6.8655968    
  11790000   0.99534419     6.7659999      1.4929255      6.866549     
  11800000   0.9983761      6.7696889      1.4974731      6.8752843    
  11810000   0.99873214     6.7690288      1.4980071      6.8739633    
  11820000   1.0044465      6.7677378      1.5065781      6.8719551    
  11830000   1.0024609      6.7784901      1.5035999      6.8807689    
  11840000   1.0080768      6.762739       1.5120233      6.8657569    
  11850000   0.99663087     6.7747506      1.4948554      6.8785385    
  11860000   1.0013376      6.7741673      1.5019151      6.8765073    
  11870000   0.98877945     6.7722268      1.483079       6.8769055    
  11880000   0.99662535     6.7754429      1.4948472      6.8750373    
  11890000   0.99424061     6.7636327      1.4912703      6.8692834    
  11900000   0.99630936     6.7566403      1.4943732      6.8639256    
  11910000   1.0039685      6.7718607      1.5058613      6.8741278    
  11920000   1.0010273      6.7644705      1.5014497      6.8737787    
  11930000   0.99976076     6.7777862      1.49955        6.8776382    
  11940000   1.003644       6.7728011      1.5053744      6.8733077    
  11950000   1.0076556      6.7734724      1.5113916      6.8747576    
  11960000   1.0034673      6.7876758      1.5051094      6.8855069    
  11970000   1.0003752      6.7846276      1.5004716      6.8851161    
  11980000   1.0149685      6.7761691      1.5223602      6.8778528    
  11990000   1.0096899      6.7873653      1.5144428      6.8899322    
  12000000   1.0031641      6.7846984      1.5046546      6.8838603    
  12010000   0.99328412     6.7716559      1.4898356      6.8733477    
  12020000   1.0000392      6.7785141      1.4999676      6.8719572    
  12030000   0.9942661      6.7817934      1.4913085      6.8716398    
  12040000   0.99824914     6.7789424      1.4972827      6.8708732    
  12050000   0.9895298      6.7719231      1.4842045      6.8735235    
  12060000   0.99961892     6.7625023      1.4993372      6.8597206    
  12070000   0.99568429     6.7815899      1.4934356      6.8814303    
  12080000   1.0004686      6.7672319      1.5006117      6.8666115    
  12090000   1.0024558      6.7583013      1.5035923      6.8625397    
  12100000   0.99379924     6.7719449      1.4906082      6.8687544    
  12110000   0.99600401     6.7902277      1.4939152      6.8827039    
  12120000   0.99913116     6.7858643      1.4986056      6.8745061    
  12130000   1.0013818      6.7750308      1.5019814      6.8743963    
  12140000   1.0105459      6.7726619      1.5157267      6.8697623    
  12150000   1.0140748      6.7792163      1.5210198      6.8802829    
  12160000   0.99784885     6.7948574      1.4966823      6.8862017    
  12170000   1.0029882      6.7701709      1.5043909      6.8670124    
  12180000   0.99647068     6.7709926      1.4946152      6.8687967    
  12190000   0.99650999     6.7797215      1.4946741      6.8741656    
  12200000   0.98845798     6.7845426      1.4825968      6.8774564    
  12210000   0.99974546     6.7768845      1.499527       6.8747173    
  12220000   1.0046971      6.7688394      1.5069541      6.8685881    
  12230000   0.99738256     6.779398       1.4959829      6.8745761    
  12240000   1.006662       6.7845899      1.5099012      6.8815496    
  12250000   1.0083433      6.7762394      1.5124229      6.8683987    
  12260000   0.99594752     6.7879289      1.4938305      6.879551     
  12270000   0.99445419     6.7856941      1.4915906      6.8743242    
  12280000   0.99947333     6.7763715      1.4991189      6.8678153    
  12290000   0.99668162     6.7688437      1.4949315      6.868942     
  12300000   1.0038619      6.7710484      1.5057013      6.8670094    
  12310000   0.99924603     6.7717074      1.4987779      6.8699949    
  12320000   0.996742       6.7670351      1.4950221      6.8712086    
  12330000   1.004362       6.7642181      1.5064514      6.8644487    
  12340000   1.0043512      6.7692157      1.5064353      6.8759683    
  12350000   0.99955311     6.7833488      1.4992385      6.8830304    
  12360000   1.012016       6.7761395      1.5179317      6.8706872    
  12370000   1.0086398      6.7761513      1.5128677      6.8824258    
  12380000   1.0103773      6.7777206      1.5154738      6.8789056    
  12390000   1.0043178      6.7566404      1.5063851      6.8657701    
  12400000   1.0032228      6.7571517      1.5047428      6.8653587    
  12410000   1.0003173      6.7766137      1.5003848      6.8816513    
  12420000   1.004435       6.7655919      1.5065609      6.8682418    
  12430000   0.99422355     6.7717484      1.4912447      6.867952     
  12440000   0.99701086     6.7738574      1.4954254      6.8748533    
  12450000   0.992769       6.7702053      1.489063       6.867145     
  12460000   0.9917736      6.7753064      1.48757        6.8687957    
  12470000   1.0017411      6.777134       1.5025204      6.8704287    
  12480000   0.99818188     6.7812632      1.4971818      6.8765619    
  12490000   0.99212078     6.7764417      1.4880907      6.8705428    
  12500000   1.0079864      6.7837349      1.5118876      6.8725126    
  12510000   1.0106849      6.7800459      1.5159351      6.8732377    
  12520000   0.98974083     6.790548       1.484521       6.8764146    
  12530000   1.0074402      6.7708367      1.5110684      6.8656264    
  12540000   0.99891513     6.7827839      1.4982816      6.876033     
  12550000   1.0012762      6.7687742      1.501823       6.8623611    
  12560000   0.99255883     6.7880734      1.4887477      6.8783587    
  12570000   0.99432609     6.7798766      1.4913985      6.8748836    
  12580000   1.02017        6.762086       1.530162       6.8581602    
  12590000   1.0119602      6.7785981      1.5178481      6.8785687    
  12600000   1.0143353      6.7877433      1.5214104      6.8823819    
  12610000   1.0127035      6.7820213      1.5189629      6.8781714    
  12620000   1.0039373      6.7750052      1.5058145      6.8734421    
  12630000   0.99981203     6.7775943      1.4996269      6.8813198    
  12640000   0.99797348     6.7870732      1.4968692      6.8777682    
  12650000   0.98313292     6.790146       1.4746097      6.8816426    
  12660000   0.99221112     6.7816642      1.4882262      6.8710616    
  12670000   1.0136641      6.7792275      1.5204037      6.8690575    
  12680000   1.0044461      6.7832616      1.5065776      6.8712889    
  12690000   0.99613126     6.795459       1.4941061      6.8821803    
  12700000   1.0032905      6.7912956      1.5048443      6.8846326    
  12710000   1.01005        6.7968648      1.514983       6.8883535    
  12720000   1.0150909      6.7783405      1.5225438      6.8743422    
  12730000   1.0055401      6.7881144      1.5082184      6.8807967    
  12740000   0.99582316     6.7881058      1.4936439      6.877418     
  12750000   1.0044156      6.7830769      1.5065318      6.878028     
  12760000   0.99808237     6.7787622      1.4970325      6.8703005    
  12770000   0.99118496     6.7755236      1.4866871      6.876653     
  12780000   0.99859624     6.778909       1.4978033      6.876471     
  12790000   1.0039462      6.7718422      1.5058277      6.8685481    
  12800000   1.0075812      6.7807583      1.5112799      6.8759235    
  12810000   0.99425069     6.7883286      1.4912854      6.883666     
  12820000   0.99526383     6.7862416      1.492805       6.8868767    
  12830000   0.9980022      6.7831212      1.4969123      6.8780664    
  12840000   1.0118688      6.7690822      1.5177109      6.8648597    
  12850000   0.99790547     6.783329       1.4967672      6.878243     
  12860000   1.0036055      6.7780881      1.5053168      6.8775599    
  12870000   0.99710112     6.767652       1.4955608      6.8615125    
  12880000   1.0012177      6.7716004      1.5017352      6.8620915    
  12890000   0.99217534     6.7879471      1.4881725      6.8793225    
  12900000   0.99592105     6.7757167      1.4937908      6.8665205    
  12910000   0.99765227     6.7783746      1.4963874      6.8689719    
  12920000   1.0004713      6.7768677      1.5006158      6.864291     
  12930000   0.9981677      6.7779161      1.4971605      6.8712574    
  12940000   1.005196       6.7845701      1.5077023      6.8759393    
  12950000   1.0036429      6.7828349      1.5053728      6.8684987    
  12960000   0.9907564      6.7883236      1.4860443      6.8805166    
  12970000   0.98660115     6.800486       1.4798118      6.887073     
  12980000   0.99621035     6.777518       1.4942247      6.8715768    
  12990000   1.0026876      6.7900072      1.50394        6.8782064    
  13000000   1.0002516      6.7807113      1.5002862      6.8780314    
  13010000   0.99130833     6.7965592      1.4868721      6.8866613    
  13020000   1.0098629      6.7795411      1.5147022      6.8659287    
  13030000   0.98860089     6.7930088      1.4828112      6.8762989    
  13040000   1.0065099      6.7789467      1.5096731      6.8717473    
  13050000   1.0024453      6.7931384      1.5035766      6.8815615    
  13060000   1.0079263      6.7931518      1.5117976      6.8785102    
  13070000   1.0049868      6.7837229      1.5073886      6.8740806    
  13080000   1.0018381      6.777626       1.5026657      6.8698156    
  13090000   1.0027403      6.7711226      1.504019       6.8679158    
  13100000   1.0000978      6.780216       1.5000555      6.876432     
  13110000   1.0088703      6.7705907      1.5132135      6.8694687    
  13120000   1.0021793      6.7812027      1.5031776      6.8737426    
  13130000   0.99746269     6.7845289      1.4961031      6.8797884    
  13140000   1.0027528      6.7807581      1.5040377      6.8748421    
  13150000   0.99927153     6.7776023      1.4988162      6.8778378    
  13160000   1.0014167      6.775325       1.5020337      6.870956     
  13170000   0.99393406     6.7783425      1.4908105      6.87418      
  13180000   0.9946811      6.7648651      1.4919309      6.8645874    
  13190000   0.99326441     6.7783267      1.489806       6.8774626    
  13200000   1.0019544      6.7666481      1.5028402      6.8716064    
  13210000   1.0004043      6.7575633      1.5005152      6.8585932    
  13220000   0.99593878     6.7684754      1.4938174      6.8653042    
  13230000   0.99300177     6.7826055      1.4894121      6.8821304    
  13240000   0.99255088     6.7777934      1.4887358      6.8773998    
  13250000   1.0013074      6.7627207      1.5018697      6.8590386    
  13260000   0.99745        6.7782784      1.496084       6.8763553    
  13270000   1.0081074      6.7656005      1.5120692      6.8689724    
  13280000   0.99637215     6.765743       1.4944674      6.8730017    
  13290000   0.99621889     6.7770285      1.4942375      6.8806549    
  13300000   0.99366534     6.775289       1.4904074      6.8751789    
  13310000   1.007252       6.7657457      1.5107862      6.8695655    
  13320000   1.0068466      6.7634674      1.5101782      6.8680573    
  13330000   0.99650968     6.7674279      1.4946737      6.8720971    
  13340000   1.0002303      6.7646069      1.5002543      6.8667875    
  13350000   0.9956308      6.7682281      1.4933554      6.8728814    
  13360000   1.0119889      6.7602141      1.5178911      6.8631694    
  13370000   0.99191952     6.7744099      1.4877888      6.8721956    
  13380000   1.000152       6.7672471      1.5001368      6.8697396    
  13390000   1.0013514      6.7647542      1.5019358      6.8697342    
  13400000   0.99792399     6.7626762      1.496795       6.8615982    
  13410000   0.99459682     6.7779707      1.4918045      6.8740713    
  13420000   0.99729972     6.7746129      1.4958586      6.8732449    
  13430000   1.0031363      6.7749751      1.504613       6.8663656    
  13440000   0.99921472     6.7736332      1.498731       6.8660098    
  13450000   1.0008002      6.7788438      1.5011091      6.8768769    
  13460000   0.99662139     6.7664804      1.4948412      6.8665007    
  13470000   0.99065587     6.7808511      1.4858935      6.8759574    
  13480000   0.9939825      6.7783173      1.4908831      6.8730197    
  13490000   1.0009182      6.7707534      1.501286       6.86852      
  13500000   0.99351156     6.7782517      1.4901768      6.8771173    
  13510000   0.9947543      6.7701077      1.4920407      6.8762645    
  13520000   0.99498215     6.7646395      1.4923825      6.8694512    
  13530000   0.99035102     6.7674454      1.4854362      6.8725408    
  13540000   0.99157783     6.7740858      1.4872763      6.873553     
  13550000   0.99394498     6.7664949      1.4908268      6.8692144    
  13560000   1.0064509      6.7810105      1.5095846      6.8838607    
  13570000   0.99772692     6.7706182      1.4964994      6.8659922    
  13580000   0.9944575      6.7835435      1.4915956      6.8703948    
  13590000   0.99530775     6.782672       1.4928709      6.8739854    
  13600000   1.0063179      6.7777465      1.509385       6.8719184    
  13610000   1.0076409      6.7747429      1.5113695      6.8683719    
  13620000   0.9994114      6.7810312      1.499026       6.8713399    
  13630000   1.0022471      6.78039        1.5032792      6.8753421    
  13640000   1.0041618      6.7916842      1.5061512      6.8879383    
  13650000   1.0009811      6.7792359      1.5013804      6.8739942    
  13660000   0.99414943     6.7739913      1.4911335      6.871763     
  13670000   0.99634894     6.7761765      1.4944326      6.8753485    
  13680000   0.98700429     6.7706308      1.4804164      6.867468     
  13690000   0.9983855      6.7859934      1.4974872      6.8811143    
  13700000   1.0044868      6.7844897      1.5066386      6.8695844    
  13710000   0.99894708     6.7873291      1.4983295      6.8754718    
  13720000   0.99580602     6.7707691      1.4936182      6.8683249    
  13730000   0.9925648      6.7740822      1.4887567      6.8708613    
  13740000   0.99766379     6.7764754      1.4964047      6.8624951    
  13750000   0.997904       6.7794733      1.496765       6.8746762    
  13760000   0.98993321     6.7797531      1.4848095      6.8727701    
  13770000   0.99614264     6.7886716      1.4941231      6.8784023    
  13780000   1.0059673      6.7735041      1.5088592      6.8700493    
  13790000   0.99578492     6.7756151      1.4935866      6.8699573    
  13800000   1.0018118      6.7673422      1.5026263      6.8646942    
  13810000   0.99212751     6.7764698      1.4881008      6.8784786    
  13820000   1.0046655      6.7588155      1.5069067      6.8632297    
  13830000   0.99993236     6.7547131      1.4998074      6.8611964    
  13840000   0.99538342     6.7714849      1.4929844      6.8709655    
  13850000   0.99657664     6.7595309      1.4947741      6.8588953    
  13860000   0.99119408     6.780963       1.4867007      6.8796878    
  13870000   0.99939171     6.7791241      1.4989964      6.8733913    
  13880000   0.99059799     6.7767458      1.4858067      6.8709877    
  13890000   0.99475099     6.7703049      1.4920358      6.8724939    
  13900000   0.98680647     6.781261       1.4801197      6.8820493    
  13910000   0.99955616     6.7618349      1.4992431      6.8594649    
  13920000   1.0056552      6.77196        1.5083911      6.8635906    
  13930000   1.0093671      6.7694715      1.5139586      6.8708547    
  13940000   1.0088742      6.7814837      1.5132193      6.879999     
  13950000   0.99993535     6.7762593      1.4998118      6.8750737    
  13960000   1.0027337      6.7622651      1.5040091      6.8691893    
  13970000   1.004466       6.782837       1.5066074      6.8790131    
  13980000   1.0043466      6.7735812      1.5064283      6.8711378    
  13990000   1.0068607      6.7641224      1.5101993      6.8621756    
  14000000   0.98919229     6.778219       1.4836982      6.877256     
  14010000   0.9936993      6.7679744      1.4904583      6.8631153    
  14020000   0.99011005     6.7782995      1.4850748      6.8733679    
  14030000   0.98695427     6.7742201      1.4803414      6.8740436    
  14040000   0.99406834     6.7635421      1.4910119      6.8664884    
  14050000   1.0007878      6.7628257      1.5010905      6.8682292    
  14060000   0.99580437     6.7737682      1.4936158      6.8764462    
  14070000   0.99548448     6.7687513      1.493136       6.8682816    
  14080000   0.99882436     6.7592129      1.4981455      6.8642193    
  14090000   0.9926175      6.7692028      1.4888357      6.8701736    
  14100000   1.0044561      6.7647954      1.5065926      6.8658393    
  14110000   1.0033058      6.7757123      1.5048673      6.8784885    
  14120000   1.0113118      6.776761       1.5168755      6.87941      
  14130000   1.0040772      6.7762737      1.5060243      6.8798205    
  14140000   1.0000957      6.7740055      1.5000524      6.8725743    
  14150000   0.99639072     6.7740021      1.4944952      6.8701025    
  14160000   0.99413404     6.7668966      1.4911104      6.8726074    
  14170000   1.0019048      6.7633625      1.5027658      6.8658866    
  14180000   0.9950402      6.7584288      1.4924696      6.8626551    
  14190000   1.0059163      6.769447       1.5087828      6.8796322    
  14200000   1.0044001      6.7671566      1.5065086      6.8712395    
  14210000   0.98948267     6.7772611      1.4841338      6.8735043    
  14220000   0.99414961     6.7686963      1.4911338      6.8614265    
  14230000   1.000671       6.7844142      1.5009152      6.8765033    
  14240000   0.99960262     6.7927692      1.4993128      6.8834801    
  14250000   0.99888922     6.7964388      1.4982427      6.8916028    
  14260000   0.99492988     6.7795046      1.4923041      6.8654893    
  14270000   0.98872836     6.7748409      1.4830024      6.8682395    
  14280000   1.0017538      6.7844947      1.5025393      6.8777158    
  14290000   1.0033466      6.7878619      1.5049284      6.8756637    
  14300000   1.0138883      6.7889788      1.52074        6.8777538    
  14310000   1.0095951      6.7978487      1.5143006      6.8857849    
  14320000   1.0188006      6.7880969      1.528108       6.8749921    
  14330000   1.0098925      6.7831412      1.5147466      6.870918     
  14340000   0.99622323     6.7844393      1.494244       6.8781837    
  14350000   1.0007664      6.7960651      1.5010583      6.8814585    
  14360000   0.98535285     6.7986051      1.4779394      6.8780551    
  14370000   0.99279086     6.7997602      1.4890958      6.8797294    
  14380000   0.99209534     6.7915056      1.4880525      6.8763687    
  14390000   1.0029152      6.7882346      1.5042814      6.8727916    
  14400000   0.99966148     6.7938061      1.4994011      6.8790654    
  14410000   0.99364552     6.7961429      1.4903777      6.8823482    
  14420000   1.0041688      6.7833338      1.5061617      6.8775577    
  14430000   1.0126685      6.7828506      1.5189105      6.8706575    
  14440000   0.99939209     6.7931116      1.498997       6.880985     
  14450000   0.99601658     6.7915047      1.4939341      6.8805615    
  14460000   1.0027353      6.7725519      1.5040115      6.8592578    
  14470000   0.9938341      6.7753582      1.4906605      6.8642438    
  14480000   0.99773207     6.7779928      1.4965071      6.8729631    
  14490000   0.99881484     6.7777614      1.4981312      6.8708282    
  14500000   1.0004724      6.7750748      1.5006174      6.8732978    
  14510000   0.99660356     6.7887154      1.4948145      6.8767341    
  14520000   1.006557       6.7804143      1.5097437      6.8763122    
  14530000   1.0026696      6.7733787      1.503913       6.8734789    
  14540000   1.0005959      6.7749133      1.5008027      6.8728512    
  14550000   1.0072776      6.7795439      1.5108245      6.8758883    
  14560000   0.99143785     6.7836187      1.4870664      6.8793375    
  14570000   1.0010267      6.7680289      1.5014487      6.8666154    
  14580000   0.99239913     6.7841557      1.4885082      6.8795268    
  14590000   1.0031099      6.7719217      1.5045734      6.873246     
  14600000   1.0093834      6.7601565      1.513983       6.8625034    
  14610000   1.0080233      6.7785331      1.5119431      6.8778753    
  14620000   1.0090985      6.7733685      1.5135558      6.8761008    
  14630000   1.0028301      6.785947       1.5041536      6.8792685    
  14640000   1.0059305      6.7705191      1.508804       6.8697701    
  14650000   0.98930822     6.787544       1.4838721      6.877866     
  14660000   0.99947779     6.7874848      1.4991256      6.8742923    
  14670000   1.0020777      6.778502       1.5030252      6.872472     
  14680000   1.0068644      6.7853927      1.5102047      6.8758541    
  14690000   1.0053464      6.7744644      1.507928       6.8724896    
  14700000   1.0100687      6.7669534      1.515011       6.8698518    
  14710000   0.9960643      6.7779727      1.4940056      6.8735851    
  14720000   0.99930505     6.7747184      1.4988665      6.8695128    
  14730000   1.0051407      6.7771506      1.5076194      6.876718     
  14740000   1.0031494      6.7834376      1.5046326      6.8766123    
  14750000   0.99984279     6.7738252      1.499673       6.874638     
  14760000   0.99577545     6.7783457      1.4935724      6.8846587    
  14770000   1.0023732      6.7741051      1.5034683      6.8778804    
  14780000   1.0087496      6.7549067      1.5130324      6.8646302    
  14790000   0.99458707     6.7850304      1.4917899      6.878399     
  14800000   1.0017914      6.7681903      1.5025958      6.8667982    
  14810000   1.000871       6.7638652      1.5012153      6.8700537    
  14820000   0.99805138     6.7739598      1.4969861      6.8780419    
  14830000   0.99636443     6.7731257      1.4944558      6.8781114    
  14840000   1.0047596      6.7638926      1.5070478      6.8665882    
  14850000   1.0104628      6.7631733      1.515602       6.868523     
  14860000   1.0002295      6.7620394      1.5002531      6.8698137    
  14870000   0.99773268     6.7684253      1.496508       6.8729907    
  14880000   1.0003227      6.7698396      1.5003928      6.8735523    
  14890000   1.0017459      6.7686651      1.5025275      6.8764355    
  14900000   1.002174       6.7687692      1.5031696      6.8763642    
  14910000   1.001366       6.7669006      1.5019577      6.8775179    
  14920000   1.0038846      6.7668345      1.5057353      6.8749797    
  14930000   1.0066768      6.7658089      1.5099234      6.8734313    
  14940000   1.0062009      6.774239       1.5092096      6.8834789    
  14950000   1.0024681      6.7685318      1.5036107      6.8784364    
  14960000   1.008698       6.767001       1.5129551      6.8703176    
  14970000   1.0035264      6.7654322      1.5051981      6.868227     
  14980000   1.0034261      6.7762696      1.5050476      6.8776551    
  14990000   1.0049607      6.7705382      1.5073494      6.873491     
  15000000   1.0063761      6.7803332      1.5094725      6.8747145    
  15010000   0.99767828     6.7985782      1.4964264      6.8871559    
  15020000   0.99633195     6.7709068      1.4944071      6.8712382    
  15030000   1.0015381      6.7630414      1.5022158      6.8667316    
  15040000   0.99728916     6.7688748      1.4958428      6.8639014    
  15050000   0.99410225     6.7695092      1.4910627      6.872223     
  15060000   0.99651594     6.7793464      1.494683       6.8786743    
  15070000   1.0033968      6.7793112      1.5050037      6.8778964    
  15080000   1.003289       6.7794638      1.5048421      6.8803714    
  15090000   1.0092979      6.7696107      1.5138548      6.873016     
  15100000   0.99197619     6.7831675      1.4878738      6.8834467    
  15110000   1.0014622      6.7761675      1.5021019      6.8766547    
  15120000   1.0002231      6.7765416      1.5002434      6.8787213    
  15130000   0.99865756     6.7727044      1.4978953      6.8756667    
  15140000   0.99741593     6.7670203      1.4960329      6.8716716    
  15150000   0.99565139     6.7620183      1.4933863      6.8705391    
  15160000   0.99302813     6.7677158      1.4894516      6.8741012    
  15170000   0.99373443     6.7688577      1.490511       6.8699179    
  15180000   0.98799499     6.7668135      1.4819024      6.8702486    
  15190000   1.0040531      6.7587319      1.5059881      6.8671753    
  15200000   0.998073       6.7803299      1.4970185      6.878464     
  15210000   0.99687421     6.7787879      1.4952204      6.8731891    
  15220000   0.9920077      6.7721983      1.4879211      6.8740127    
  15230000   1.0002995      6.7785458      1.5003581      6.8790664    
  15240000   1.0044044      6.7702235      1.506515       6.8677327    
  15250000   0.99551092     6.7670259      1.4931756      6.8740246    
  15260000   0.99161711     6.7709996      1.4873352      6.8710402    
  15270000   0.99304909     6.7695513      1.4894831      6.8692045    
  15280000   0.98977807     6.7713645      1.4845769      6.866975     
  15290000   0.9874945      6.7640478      1.4811517      6.854031     
  15300000   0.98567978     6.7865076      1.4784298      6.8757039    
  15310000   0.99264011     6.7761834      1.4888696      6.8687987    
  15320000   0.98507073     6.7860342      1.4775163      6.8751359    
  15330000   0.99170849     6.7786992      1.4874723      6.8709578    
  15340000   0.99928489     6.7793033      1.4988362      6.8699944    
  15350000   1.0032545      6.7978474      1.5047903      6.8828982    
  15360000   1.0048335      6.7914325      1.5071587      6.8753028    
  15370000   0.99625739     6.78933        1.4942952      6.8761861    
  15380000   0.9973424      6.7852826      1.4959227      6.8775109    
  15390000   0.99507289     6.7905936      1.4925186      6.8804472    
  15400000   1.0063613      6.7839444      1.5094501      6.8824404    
  15410000   1.0038854      6.7817032      1.5057366      6.8793232    
  15420000   0.99654224     6.7746802      1.4947225      6.8755575    
  15430000   0.99613878     6.7608761      1.4941173      6.8745966    
  15440000   1.0043249      6.7640497      1.5063957      6.8733251    
  15450000   1.0119797      6.7639482      1.5178772      6.8680648    
  15460000   1.0061667      6.7854573      1.5091583      6.8811483    
  15470000   1.0062391      6.7786714      1.509267       6.8745663    
  15480000   0.99718994     6.7773668      1.495694       6.8747437    
  15490000   0.99167364     6.7807105      1.48742        6.8788665    
  15500000   0.99915269     6.7826622      1.4986379      6.8767841    
  15510000   0.99669313     6.7695607      1.4949488      6.8657424    
  15520000   0.99998832     6.7798977      1.4998913      6.8809963    
  15530000   0.99689929     6.7789262      1.495258       6.8835413    
  15540000   1.0009992      6.7658239      1.5014075      6.8649024    
  15550000   1.0010211      6.7761717      1.5014404      6.8745884    
  15560000   1.0032866      6.7855234      1.5048385      6.8869277    
  15570000   1.0050666      6.7812307      1.5075082      6.8830701    
  15580000   1.0038302      6.7821353      1.5056537      6.8797571    
  15590000   1.0085403      6.7826784      1.5127185      6.8777441    
  15600000   1.0072089      6.7901995      1.5107215      6.878448     
  15610000   1.0055561      6.7811305      1.5082425      6.8745463    
  15620000   1.0011502      6.7825475      1.501634       6.8783977    
  15630000   1.0009449      6.7854094      1.501326       6.8808595    
  15640000   1.0037205      6.7746124      1.5054892      6.8610227    
  15650000   1.0032035      6.7797869      1.5047137      6.8764447    
  15660000   1.0038545      6.7700734      1.5056902      6.870928     
  15670000   1.0110122      6.7679759      1.5164261      6.8682061    
  15680000   1.0055524      6.7671996      1.5082369      6.8719258    
  15690000   0.99551911     6.7828084      1.4931879      6.8799456    
  15700000   0.99635166     6.7723432      1.4944366      6.8700379    
  15710000   1.008239       6.7785725      1.5122666      6.8800293    
  15720000   0.99501577     6.7784636      1.4924329      6.8806713    
  15730000   1.0031578      6.7729148      1.5046453      6.8731652    
  15740000   1.0004588      6.774951       1.500597       6.8777846    
  15750000   0.98791012     6.7846546      1.4817751      6.8835369    
  15760000   0.99331523     6.7684946      1.4898823      6.8756872    
  15770000   0.9982193      6.7776618      1.4972379      6.8811551    
  15780000   1.0020275      6.7702808      1.5029499      6.8744013    
  15790000   1.0037745      6.7798404      1.5055703      6.8790575    
  15800000   1.0047356      6.7794548      1.5070118      6.8741038    
  15810000   1.026251       6.7614486      1.5392829      6.869918     
  15820000   1.0086677      6.7735676      1.5129096      6.876224     
  15830000   1.003073       6.7902239      1.504518       6.8868508    
  15840000   0.99643063     6.7770122      1.4945551      6.8731275    
  15850000   0.99914334     6.7772986      1.4986239      6.8729404    
  15860000   0.98633963     6.7835663      1.4794195      6.8793377    
  15870000   1.0056725      6.7698006      1.508417       6.8649768    
  15880000   0.99789663     6.7788076      1.496754       6.8776561    
  15890000   0.99684016     6.7734487      1.4951693      6.8685185    
  15900000   0.99388825     6.7732031      1.4907417      6.8697193    
  15910000   0.99368586     6.7709267      1.4904382      6.8694652    
  15920000   0.9759009      6.7711336      1.4637624      6.8716822    
  15930000   0.99760966     6.7620659      1.4963235      6.8637492    
  15940000   1.0002982      6.771443       1.5003561      6.8673868    
  15950000   0.99423003     6.7877217      1.4912544      6.8877406    
  15960000   1.0161315      6.7721545      1.5241046      6.8741773    
  15970000   1.0028614      6.7822928      1.5042007      6.8801133    
  15980000   0.99522151     6.7798145      1.4927415      6.8754684    
  15990000   0.99738254     6.7857533      1.4959829      6.8728763    
  16000000   0.9932219      6.7756289      1.4897423      6.8705373    
  16010000   1.0004357      6.7878636      1.5005623      6.8778223    
  16020000   0.99299994     6.7748509      1.4894094      6.8614907    
  16030000   1.0009103      6.7705779      1.5012742      6.8683518    
  16040000   1.0098676      6.7829787      1.5147093      6.8759207    
  16050000   1.0039576      6.7875701      1.5058449      6.8824321    
  16060000   1.0054024      6.7816183      1.508012       6.8763379    
  16070000   0.998213       6.7725419      1.4972285      6.8721935    
  16080000   0.99970118     6.784338       1.4994606      6.87696      
  16090000   0.99758106     6.7881941      1.4962806      6.8800617    
  16100000   1.0038529      6.7728243      1.5056878      6.8630759    
  16110000   1.0026251      6.7869754      1.5038462      6.8684024    
  16120000   1.0045244      6.7949377      1.5066951      6.8753985    
  16130000   1.0009759      6.7931413      1.5013725      6.8734288    
  16140000   1.0000548      6.7972804      1.499991       6.8797566    
  16150000   0.99874426     6.7861186      1.4980253      6.868921     
  16160000   0.99395507     6.7797372      1.490842       6.8664842    
  16170000   0.99848566     6.787796       1.4976374      6.8747551    
  16180000   0.99583674     6.7932241      1.4936643      6.8788157    
  16190000   0.99238145     6.7865893      1.4884817      6.8755326    
  16200000   0.98677324     6.7791897      1.4800699      6.8679779    
  16210000   0.99908637     6.7800073      1.4985384      6.8791635    
  16220000   0.9931023      6.779651       1.4895629      6.8779036    
  16230000   1.0038537      6.772087       1.505689       6.868258     
  16240000   0.99228331     6.7623231      1.4883345      6.8608754    
  16250000   0.99109628     6.7683235      1.486554       6.8702737    
  16260000   1.0104532      6.7711774      1.5155876      6.8747013    
  16270000   0.99961392     6.7792698      1.4993297      6.8785234    
  16280000   1.0087085      6.7850918      1.5129707      6.8787732    
  16290000   0.99925165     6.772711       1.4987864      6.8693239    
  16300000   1.0017548      6.7798153      1.5025408      6.8750436    
  16310000   0.99271495     6.7822818      1.4889819      6.8740827    
  16320000   0.99490963     6.777926       1.4922737      6.8723042    
  16330000   0.99928779     6.788322       1.4988406      6.8820864    
  16340000   1.0139872      6.7738254      1.5208883      6.875446     
  16350000   1.0095         6.787725       1.5141579      6.8888018    
  16360000   1.0079051      6.7852681      1.5117658      6.8801254    
  16370000   1.000591       6.7884004      1.5007952      6.8846218    
  16380000   1.0044789      6.7679309      1.5066267      6.8672138    
  16390000   0.99847916     6.777468       1.4976277      6.8758803    
  16400000   0.99572641     6.7736528      1.4934988      6.8751044    
  16410000   0.99215892     6.7696955      1.4881479      6.8745318    
  16420000   1.0100433      6.7591089      1.5149728      6.8671508    
  16430000   1.0056671      6.7818773      1.5084089      6.8774617    
  16440000   1.0040058      6.7832769      1.5059171      6.8862042    
  16450000   0.99884001     6.7676506      1.4981689      6.8758091    
  16460000   0.99088188     6.7691749      1.4862325      6.8721935    
  16470000   0.99881714     6.766415       1.4981346      6.8673697    
  16480000   0.99798703     6.772195       1.4968895      6.8707832    
  16490000   0.98693951     6.7794777      1.4803193      6.8712366    
  16500000   0.9916343      6.773487       1.487361       6.8660465    
  16510000   0.99101914     6.776136       1.4864383      6.8741376    
  16520000   0.99650198     6.7716883      1.4946621      6.8701361    
  16530000   0.9956962      6.7746487      1.4934535      6.8657361    
  16540000   1.0027263      6.7729137      1.5039981      6.8639564    
  16550000   0.99544043     6.7883431      1.4930699      6.8820261    
  16560000   1.0047978      6.7818088      1.507105       6.8779371    
  16570000   1.0011498      6.7772362      1.5016335      6.8812655    
  16580000   0.99753173     6.779027       1.4962066      6.8760865    
  16590000   0.99863817     6.7784951      1.4978662      6.8737036    
  16600000   1.0034837      6.7855264      1.505134       6.875841     
  16610000   1.0057825      6.7692903      1.5085821      6.8624637    
  16620000   0.99471182     6.7767904      1.491977       6.8696394    
  16630000   0.99442215     6.7803525      1.4915425      6.8714139    
  16640000   0.99528929     6.7875255      1.4928432      6.873163     
  16650000   0.99254722     6.7954438      1.4887303      6.8882175    
  16660000   0.99168987     6.778167       1.4874444      6.872098     
  16670000   0.98671462     6.7807041      1.479982       6.8787636    
  16680000   0.99427003     6.7815124      1.4913144      6.8735019    
  16690000   0.9994786      6.7752009      1.4991268      6.8691708    
  16700000   1.0000505      6.7896763      1.4999846      6.8810763    
  16710000   1.0097154      6.7726581      1.514481       6.869413     
  16720000   0.99949888     6.7772868      1.4991572      6.867944     
  16730000   0.98979877     6.7796147      1.4846079      6.8759195    
  16740000   1.0067269      6.7728881      1.5099986      6.8768842    
  16750000   1.0009072      6.7737708      1.5012696      6.8749321    
  16760000   1.0038985      6.7884784      1.5057563      6.8841053    
  16770000   0.99647374     6.7861197      1.4946197      6.8813923    
  16780000   1.0080751      6.7752014      1.5120207      6.8768792    
  16790000   1.0063832      6.7843135      1.509483       6.8846835    
  16800000   1.0014809      6.7796776      1.50213        6.8748126    
  16810000   1.0037899      6.768128       1.5055934      6.8711754    
  16820000   0.99843577     6.7838475      1.4975626      6.8789982    
  16830000   0.99408349     6.7772986      1.4910346      6.8708337    
  16840000   0.99131438     6.7786212      1.4868812      6.8700819    
  16850000   0.98782039     6.7805566      1.4816405      6.8688503    
  16860000   0.99730301     6.776476       1.4958636      6.8677222    
  16870000   0.98831994     6.7751234      1.4823898      6.8658005    
  16880000   0.99407295     6.7789346      1.4910188      6.8736601    
  16890000   0.98561308     6.7815064      1.4783298      6.87309      
  16900000   0.99171678     6.7898589      1.4874847      6.8745787    
  16910000   0.99233811     6.7779054      1.4884167      6.865688     
  16920000   1.0015671      6.7790927      1.5022593      6.8712376    
  16930000   1.0015825      6.7790964      1.5022825      6.87869      
  16940000   1.0053906      6.7805723      1.5079942      6.8715822    
  16950000   0.99605869     6.7800402      1.4939972      6.8728372    
  16960000   0.99812645     6.7736924      1.4970987      6.8699252    
  16970000   0.99958726     6.7767183      1.4992897      6.874162     
  16980000   1.0069537      6.773384       1.5103387      6.8690442    
  16990000   0.99963431     6.7878543      1.4993603      6.8821569    
  17000000   1.0012261      6.7740433      1.5017478      6.8675034    
  17010000   0.99846408     6.7847308      1.4976051      6.8765513    
  17020000   0.99447161     6.7870224      1.4916167      6.8815494    
  17030000   1.0042662      6.7891256      1.5063077      6.8820645    
  17040000   1.0013759      6.7853943      1.5019726      6.8819347    
  17050000   1.0049971      6.7753589      1.507404       6.8728801    
  17060000   1.0123475      6.7799318      1.5184289      6.8721945    
  17070000   1.000338       6.796808       1.5004158      6.8876335    
  17080000   1.0067803      6.7677421      1.5100786      6.8656383    
  17090000   0.99093122     6.7846909      1.4863065      6.8768413    
  17100000   0.99453684     6.7817727      1.4917146      6.871744     
  17110000   0.9888799      6.783721       1.4832297      6.8664893    
  17120000   0.99891136     6.7766971      1.4982759      6.8670904    
  17130000   0.99257621     6.7891471      1.4887738      6.871547     
  17140000   1.0040485      6.7879893      1.5059812      6.8722717    
  17150000   1.0075268      6.7775498      1.5111983      6.8652405    
  17160000   1.0071658      6.7843364      1.5106569      6.8731603    
  17170000   0.99643722     6.7875432      1.494565       6.880228     
  17180000   1.001266       6.7861318      1.5018077      6.8735093    
  17190000   1.0032736      6.7852725      1.5048189      6.8734413    
  17200000   0.99844476     6.8008813      1.4975761      6.8863072    
  17210000   0.99948144     6.7956858      1.499131       6.8804627    
  17220000   1.0025622      6.7898949      1.5037519      6.8751242    
  17230000   1.0024449      6.7830976      1.503576       6.8757577    
  17240000   1.0031012      6.7790647      1.5045603      6.8741688    
  17250000   1.0019603      6.7830214      1.502849       6.8757824    
  17260000   0.99368426     6.7946609      1.4904358      6.8809597    
  17270000   1.0066201      6.7852549      1.5098384      6.8778233    
  17280000   0.99893567     6.7873825      1.4983124      6.8837705    
  17290000   0.99870621     6.7697182      1.4979682      6.8687381    
  17300000   0.9904762      6.7691283      1.485624       6.8672838    
  17310000   0.98096113     6.7828736      1.4713522      6.875124     
  17320000   0.99833942     6.7812932      1.4974181      6.8783679    
  17330000   1.0085545      6.7798563      1.5127398      6.8732125    
  17340000   1.0015375      6.7786004      1.502215       6.8799947    
  17350000   1.0037393      6.7719637      1.5055174      6.8715123    
  17360000   0.99609153     6.7623937      1.4940465      6.865988     
  17370000   0.98735749     6.7739566      1.4809462      6.8757064    
  17380000   0.98848128     6.7696476      1.4826318      6.8735004    
  17390000   0.99846766     6.7630242      1.4976104      6.8629876    
  17400000   0.98986294     6.776163       1.4847041      6.8852283    
  17410000   0.99696644     6.7723442      1.4953588      6.8760095    
  17420000   1.0002112      6.7677574      1.5002256      6.8724029    
  17430000   0.99755606     6.7616444      1.4962431      6.8678783    
  17440000   1.0041411      6.7666995      1.5061201      6.8723711    
  17450000   1.0008576      6.7797805      1.5011952      6.886457     
  17460000   1.006967       6.7768752      1.5103587      6.8794672    
  17470000   1.0062035      6.7765778      1.5092135      6.8859487    
  17480000   1.0094198      6.7699151      1.5140377      6.8759907    
  17490000   0.99787501     6.7731603      1.4967215      6.87428      
  17500000   1.0000499      6.7846313      1.4999837      6.8835629    
  17510000   0.99396428     6.7747626      1.4908558      6.8768245    
  17520000   0.99784078     6.7693143      1.4966702      6.8679073    
  17530000   0.9992047      6.7716866      1.4987159      6.8756541    
  17540000   0.99530896     6.7725754      1.4928727      6.8719008    
  17550000   0.99114606     6.7602603      1.4866287      6.8701797    
  17560000   0.99748836     6.7715979      1.4961416      6.8734953    
  17570000   1.0005567      6.7711423      1.5007438      6.8693934    
  17580000   1.0008856      6.7693536      1.5012372      6.8700293    
  17590000   0.99288954     6.7763615      1.4892438      6.8809967    
  17600000   1.0054696      6.7682631      1.5081127      6.8779146    
  17610000   0.99017242     6.7727722      1.4851683      6.875706     
  17620000   1.0019846      6.7736498      1.5028855      6.8749376    
  17630000   0.99287237     6.7724916      1.489218       6.8751795    
  17640000   0.98726126     6.7771777      1.4808019      6.8762258    
  17650000   0.99977757     6.7759001      1.4995752      6.8715471    
  17660000   0.99398752     6.7712363      1.4908906      6.8698482    
  17670000   0.99585404     6.7739933      1.4936903      6.8750052    
  17680000   1.0022913      6.7757285      1.5033456      6.8688297    
  17690000   1.0062708      6.776974       1.5093144      6.8747002    
  17700000   1.0003215      6.7859741      1.500391       6.8827914    
  17710000   1.002819       6.786886       1.5041371      6.8825859    
  17720000   1.0073203      6.7770692      1.5108885      6.8713531    
  17730000   1.012993       6.773745       1.5193971      6.8681878    
  17740000   1.0083306      6.7809072      1.5124039      6.8682788    
  17750000   1.0020271      6.7851808      1.5029492      6.8701476    
  17760000   1.0026101      6.78295        1.5038237      6.8733252    
  17770000   1.0034592      6.7799053      1.5050972      6.8695582    
  17780000   1.0074795      6.7741905      1.5111273      6.8628269    
  17790000   0.99069593     6.7874921      1.4859536      6.8763812    
  17800000   0.99588488     6.7702685      1.4937365      6.855158     
  17810000   0.98720956     6.7832772      1.4807243      6.8705756    
  17820000   0.99040899     6.7895919      1.4855232      6.8776406    
  17830000   1.0011251      6.783821       1.5015964      6.8727151    
  17840000   0.99542344     6.7744167      1.4930444      6.8619956    
  17850000   0.99403774     6.7803507      1.490966       6.8691404    
  17860000   0.99217471     6.7871391      1.4881716      6.8743162    
  17870000   0.99858967     6.7820436      1.4977935      6.8728065    
  17880000   1.0039682      6.777323       1.5058608      6.8768113    
  17890000   1.0004904      6.7745305      1.5006444      6.8745464    
  17900000   0.99597834     6.7744603      1.4938767      6.8728756    
  17910000   0.99818698     6.7853453      1.4971895      6.882269     
  17920000   0.99968591     6.786047       1.4994377      6.8804354    
  17930000   0.99822335     6.7947321      1.497244       6.8846749    
  17940000   0.99781567     6.7809239      1.4966325      6.8724497    
  17950000   1.0054614      6.768732       1.5081004      6.8632735    
  17960000   1.0101703      6.7723777      1.5151633      6.87237      
  17970000   1.0077236      6.7715418      1.5114936      6.864665     
  17980000   1.0090317      6.7768922      1.5134556      6.8701634    
  17990000   0.99657596     6.7884312      1.4947731      6.8803674    
  18000000   0.99417893     6.7871544      1.4911777      6.8757854    
  18010000   1.0011621      6.7733612      1.5016519      6.8650274    
  18020000   0.9927395      6.7850389      1.4890187      6.8792796    
  18030000   0.9890958      6.7811881      1.4835535      6.8710648    
  18040000   0.98901708     6.7777522      1.4834354      6.8699195    
  18050000   0.99085888     6.7676826      1.486198       6.8614448    
  18060000   0.9838627      6.7696171      1.4757043      6.8611434    
  18070000   1.0020889      6.768945       1.503042       6.8559998    
  18080000   0.99814342     6.7788659      1.4971241      6.869099     
  18090000   0.99349904     6.7829197      1.490158       6.877499     
  18100000   0.98908309     6.7897342      1.4835345      6.8834689    
  18110000   1.0031241      6.7744096      1.5045947      6.8744453    
  18120000   0.99309997     6.7810564      1.4895594      6.8784385    
  18130000   0.9999035      6.7863273      1.4997641      6.8848869    
  18140000   1.0035063      6.7750462      1.5051679      6.8752367    
  18150000   1.0152814      6.7688442      1.5228296      6.8692585    
  18160000   1.0040163      6.7797327      1.5059329      6.8837892    
  18170000   0.99587088     6.7686421      1.4937155      6.8657956    
  18180000   0.99406759     6.7757255      1.4910107      6.8754101    
  18190000   1.0015644      6.7754916      1.5022553      6.8657563    
  18200000   0.99742219     6.7927011      1.4960423      6.8824378    
  18210000   1.0092372      6.7777088      1.5137638      6.8704262    
  18220000   1.011079       6.7750398      1.5165262      6.8639646    
  18230000   1.0015189      6.7724153      1.502187       6.8632131    
  18240000   0.99265104     6.7948947      1.488886       6.8910803    
  18250000   0.99864887     6.7856101      1.4978822      6.8789394    
  18260000   1.0000084      6.7842145      1.4999214      6.871706     
  18270000   0.99640809     6.7872211      1.4945213      6.8791332    
  18280000   1.0030244      6.7744292      1.5044452      6.8621407    
  18290000   0.99858496     6.7925246      1.4977864      6.8844861    
  18300000   1.0059026      6.7886574      1.5087621      6.8812956    
  18310000   1.004703       6.7718921      1.5069629      6.8727559    
  18320000   1.0057152      6.7864839      1.5084811      6.8846798    
  18330000   1.00779        6.7793913      1.511593       6.8746077    
  18340000   0.99712151     6.7744495      1.4955913      6.871372     
  18350000   1.0007619      6.7781873      1.5010516      6.8709404    
  18360000   1.0018962      6.7801141      1.502753       6.8748531    
  18370000   0.99751463     6.7877986      1.496181       6.8853676    
  18380000   1.0102599      6.7866993      1.5152977      6.8809879    
  18390000   0.99929802     6.766133       1.4988559      6.8693366    
  18400000   0.99648924     6.7721603      1.494643       6.8730073    
  18410000   1.0060114      6.7731302      1.5089253      6.8725853    
  18420000   1.0017139      6.7685903      1.5024796      6.8639197    
  18430000   0.98852898     6.7704495      1.4827033      6.866965     
  18440000   0.99292578     6.7743186      1.4892981      6.8767871    
  18450000   0.99101242     6.7739322      1.4864283      6.8793797    
  18460000   1.004559       6.75694        1.5067469      6.8643879    
  18470000   0.99652528     6.7794235      1.4946971      6.8822817    
  18480000   1.0036153      6.7680314      1.5053314      6.8769106    
  18490000   1.0022102      6.7669349      1.503224       6.8723191    
  18500000   1.008854       6.7599043      1.513189       6.8597791    
  18510000   0.99052891     6.7691712      1.485703       6.873234     
  18520000   0.99807051     6.7673165      1.4970148      6.8747825    
  18530000   1.0005554      6.7657052      1.5007419      6.8685449    
  18540000   0.99334864     6.7724396      1.4899324      6.8707151    
  18550000   0.99286301     6.7792783      1.489204       6.8785169    
  18560000   1.0012317      6.772091       1.5017562      6.8726634    
  18570000   1.0004193      6.7695239      1.5005377      6.8725772    
  18580000   0.99887899     6.7688919      1.4982274      6.8705855    
  18590000   1.0018357      6.7697405      1.5026622      6.8723612    
  18600000   0.99728735     6.7792114      1.4958401      6.8748202    
  18610000   1.0006998      6.7718373      1.5009585      6.8634051    
  18620000   1.0030711      6.7802841      1.5045152      6.8731684    
  18630000   1.0119881      6.7880717      1.5178899      6.8713345    
  18640000   1.0059577      6.79016        1.5088448      6.8765075    
  18650000   1.0062847      6.775384       1.5093352      6.8652091    
  18660000   1.0057131      6.7742748      1.5084779      6.8636636    
  18670000   0.99766433     6.7735339      1.4964055      6.8705822    
  18680000   1.0020075      6.765444       1.5029198      6.865709     
  18690000   1.0000572      6.7729158      1.4999946      6.8683656    
  18700000   1.0114948      6.7623874      1.5171499      6.8657901    
  18710000   1.0052525      6.7716307      1.5077871      6.8728797    
  18720000   0.99875607     6.7661777      1.498043       6.8699765    
  18730000   0.99778023     6.771441       1.4965794      6.8742309    
  18740000   1.0033202      6.774214       1.5048888      6.8750985    
  18750000   0.99548057     6.7748204      1.4931301      6.871058     
  18760000   0.99565116     6.7748525      1.493386       6.8789568    
  18770000   0.99820319     6.7662289      1.4972138      6.8697478    
  18780000   0.99806191     6.7713614      1.4970019      6.8770027    
  18790000   0.9917233      6.7801686      1.4874945      6.8730494    
  18800000   0.99561839     6.769506       1.4933368      6.8616988    
  18810000   0.99027914     6.780348       1.4853284      6.8748722    
  18820000   0.98953762     6.7838529      1.4842162      6.8730106    
  18830000   0.99044346     6.7723874      1.4855749      6.860785     
  18840000   0.98738653     6.781727       1.4809898      6.8698882    
  18850000   0.99637794     6.7789068      1.4944761      6.8724008    
  18860000   1.0017475      6.7868948      1.5025299      6.8743876    
  18870000   1.0058165      6.7751448      1.508633       6.8666262    
  18880000   0.99919607     6.7833348      1.498703       6.8735086    
  18890000   0.99761119     6.796298       1.4963258      6.8855166    
  18900000   1.0011679      6.7847519      1.5016605      6.8735369    
  18910000   1.001969       6.7785417      1.5028622      6.8788312    
  18920000   1.0023527      6.7799083      1.5034376      6.8761634    
  18930000   0.99117541     6.7806246      1.4866727      6.8785983    
  18940000   0.99370287     6.7643805      1.4904637      6.8651599    
  18950000   0.98544618     6.7693435      1.4780794      6.8635716    
  18960000   0.99011212     6.7851334      1.4850779      6.8870093    
  18970000   0.99289025     6.7767675      1.4892448      6.8707092    
  18980000   0.99639        6.7866451      1.4944941      6.8798566    
  18990000   1.0071308      6.7772054      1.5106043      6.8779333    
  19000000   0.99190419     6.7784693      1.4877658      6.8780201    
  19010000   1.0097743      6.7784943      1.5145694      6.872977     
  19020000   1.001622       6.7875145      1.5023417      6.8902388    
  19030000   1.0109425      6.7872129      1.5163216      6.8839554    
  19040000   1.0122052      6.7756488      1.5182154      6.8794876    
  19050000   1.0012257      6.765134       1.5017472      6.8715674    
  19060000   0.99825784     6.7765313      1.4972957      6.8838734    
  19070000   1.0019271      6.7794625      1.5027992      6.8848644    
  19080000   1.0000599      6.774392       1.4999987      6.8810337    
  19090000   0.98960957     6.7649421      1.4843241      6.871766     
  19100000   0.99709474     6.7618951      1.4955512      6.8643097    
  19110000   0.99316688     6.7741601      1.4896598      6.87878      
  19120000   0.99632415     6.7731406      1.4943954      6.8777662    
  19130000   1.005554       6.7653058      1.5082394      6.8723107    
  19140000   0.99984232     6.7633611      1.4996723      6.8690638    
  19150000   0.99957287     6.7733574      1.4992682      6.876671     
  19160000   0.99311063     6.7662165      1.4895754      6.8678071    
  19170000   0.99144891     6.7740803      1.487083       6.867096     
  19180000   0.99227031     6.766657       1.488315       6.8679422    
  19190000   0.99811728     6.7536427      1.4970849      6.8588025    
  19200000   0.99544862     6.7718039      1.4930822      6.8758281    
  19210000   1.0069215      6.7588456      1.5102904      6.8703595    
  19220000   0.99616859     6.7656979      1.4941621      6.8751891    
  19230000   0.99120818     6.7788308      1.4867219      6.8880835    
  19240000   1.0000483      6.7651434      1.4999813      6.8704911    
  19250000   1.0034098      6.7728669      1.5050232      6.8686786    
  19260000   1.0058465      6.7693159      1.508678       6.8690962    
  19270000   1.0008462      6.7693453      1.5011781      6.8680646    
  19280000   0.99774015     6.7647209      1.4965192      6.8665328    
  19290000   1.0006772      6.774955       1.5009245      6.8749551    
  19300000   0.99862571     6.7807258      1.4978475      6.8749872    
  19310000   1.0074975      6.7643262      1.5111544      6.8645815    
  19320000   1.003027       6.7690521      1.5044491      6.866393     
  19330000   1.0031445      6.7804034      1.5046253      6.8770342    
  19340000   0.99313314     6.7787353      1.4896091      6.8708392    
  19350000   0.9991914      6.777614       1.498696       6.8769403    
  19360000   0.99758268     6.7714414      1.4962831      6.8627377    
  19370000   1.0045193      6.7740847      1.5066873      6.8771736    
  19380000   0.99401066     6.7761417      1.4909254      6.8789868    
  19390000   1.0052857      6.7624154      1.5078368      6.8666712    
  19400000   0.99466241     6.7757194      1.4919029      6.8851224    
  19410000   1.0109564      6.7775594      1.5163424      6.8781214    
  19420000   1.0004395      6.7668017      1.500568       6.8776705    
  19430000   0.99519152     6.7753331      1.4926965      6.8746459    
  19440000   0.99427736     6.7710231      1.4913254      6.8661728    
  19450000   1.0044595      6.7765605      1.5065977      6.8735712    
  19460000   0.99645329     6.7853858      1.4945891      6.88044      
  19470000   0.99364439     6.7821258      1.490376       6.8789862    
  19480000   1.0036066      6.7844977      1.5053184      6.8751107    
  19490000   1.0064054      6.7746637      1.5095164      6.8791616    
  19500000   1.0017633      6.7731294      1.5025537      6.8695333    
  19510000   1.0002595      6.7759918      1.500298       6.877839     
  19520000   1.0001392      6.7696061      1.5001176      6.8749772    
  19530000   1.001844       6.7615398      1.5026746      6.8664804    
  19540000   1.0070883      6.7637176      1.5105406      6.8690207    
  19550000   1.0029783      6.7587852      1.504376       6.8651685    
  19560000   0.98623404     6.7722497      1.4792611      6.8736794    
  19570000   0.98837424     6.7647328      1.4824712      6.8666786    
  19580000   0.99760287     6.7702964      1.4963133      6.8692155    
  19590000   0.99799307     6.7704059      1.4968986      6.8684415    
  19600000   1.0072393      6.7660035      1.5107672      6.8706454    
  19610000   1.0020101      6.7673015      1.5029238      6.8738472    
  19620000   1.0072055      6.7692333      1.5107164      6.8683132    
  19630000   1.0042382      6.7713143      1.5062657      6.8681217    
  19640000   1.0032513      6.7812165      1.5047855      6.8801594    
  19650000   0.9931517      6.7768337      1.489637       6.8721391    
  19660000   0.99671531     6.7707033      1.4949821      6.866428     
  19670000   0.99898623     6.7760101      1.4983883      6.8701575    
  19680000   0.99376434     6.7776402      1.4905559      6.8745876    
  19690000   0.99434658     6.7759646      1.4914292      6.8712323    
  19700000   1.0011168      6.7724701      1.5015838      6.8649213    
  19710000   0.99390692     6.7804463      1.4907697      6.8762523    
  19720000   1.0020886      6.7711967      1.5030416      6.8644123    
  19730000   1.0062185      6.7686513      1.509236       6.8699962    
  19740000   0.993953       6.7823318      1.4908389      6.8806463    
  19750000   1.0031587      6.7725936      1.5046466      6.8725589    
  19760000   1.0013783      6.7784319      1.5019762      6.8770342    
  19770000   0.99448771     6.7767838      1.4916409      6.8780219    
  19780000   0.98880886     6.7860842      1.4831231      6.8828993    
  19790000   1.0036616      6.7812066      1.5054009      6.8777191    
  19800000   1.0024856      6.784663       1.503637       6.8847307    
  19810000   1.0042449      6.774296       1.5062757      6.875596     
  19820000   0.99188332     6.7779748      1.4877345      6.879135     
  19830000   0.99172123     6.7656848      1.4874914      6.8721324    
  19840000   1.0024191      6.7623398      1.5035373      6.8704897    
  19850000   0.99911554     6.7542107      1.4985822      6.861982     
  19860000   0.99901509     6.7644366      1.4984315      6.8745163    
  19870000   0.99938318     6.786364       1.4989836      6.8859346    
  19880000   1.0104771      6.778921       1.5156235      6.8816225    
  19890000   0.99982645     6.7823101      1.4996485      6.8844944    
  19900000   1.0083676      6.7617359      1.5124595      6.8694569    
  19910000   0.99932134     6.7631457      1.4988909      6.8774578    
  19920000   1.0063233      6.7572711      1.5093932      6.8679778    
  19930000   1.00511        6.7666918      1.5075734      6.8720815    
  19940000   1.0110637      6.7679569      1.5165033      6.8731823    
  19950000   1.0059082      6.7726433      1.5087705      6.8720931    
  19960000   1.0133614      6.7695983      1.5199497      6.8678729    
  19970000   1.0038563      6.7725935      1.5056929      6.8702869    
  19980000   0.99885477     6.7913454      1.4981911      6.8917967    
  19990000   0.9960941      6.7792565      1.4940503      6.8815168    
  20000000   0.99576466     6.7811362      1.4935562      6.8800074    
  20010000   0.99986784     6.7595199      1.4997106      6.8649348    
  20020000   1.0105363      6.7759798      1.5157123      6.8737242    
  20030000   1.0090352      6.7866851      1.5134608      6.8896833    
  20040000   1.0097031      6.7877795      1.5144626      6.8842567    
  20050000   1.0149457      6.7711471      1.522326       6.8727695    
  20060000   1.0049009      6.7791994      1.5072598      6.8837334    
  20070000   1.0019345      6.7813894      1.5028104      6.8745607    
  20080000   1.0019647      6.7762463      1.5028557      6.8739596    
  20090000   1.0022617      6.7587981      1.5033011      6.8613957    
  20100000   1.0068546      6.7793141      1.5101901      6.8774977    
  20110000   1.0009514      6.7854335      1.5013358      6.8830818    
Loop time of 65460.9 on 1 procs for 20000000 steps with 16450 atoms

Performance: 131987.268 tau/day, 305.526 timesteps/s
99.7% CPU use with 1 MPI tasks x 1 OpenMP threads

MPI task timing breakdown:
Section |  min time  |  avg time  |  max time  |%varavg| %total
---------------------------------------------------------------
Pair    | 8342.2     | 8342.2     | 8342.2     |   0.0 | 12.74
Bond    | 6859.3     | 6859.3     | 6859.3     |   0.0 | 10.48
Neigh   | 28521      | 28521      | 28521      |   0.0 | 43.57
Comm    | 1610.6     | 1610.6     | 1610.6     |   0.0 |  2.46
Output  | 6.1388     | 6.1388     | 6.1388     |   0.0 |  0.01
Modify  | 19323      | 19323      | 19323      |   0.0 | 29.52
Other   |            | 799.3      |            |       |  1.22

Nlocal:          16450 ave       16450 max       16450 min
Histogram: 1 0 0 0 0 0 0 0 0 0
Nghost:           5586 ave        5586 max        5586 min
Histogram: 1 0 0 0 0 0 0 0 0 0
Neighs:          23434 ave       23434 max       23434 min
Histogram: 1 0 0 0 0 0 0 0 0 0

Total # of neighbors = 23434
Ave neighs/atom = 1.4245593
Ave special neighs/atom = 1.8966565
Neighbor list builds = 1803935
Dangerous builds = 297010


write_data data*.xyz
System init for write_data ...
Generated 0 of 1 mixed pair_coeff terms from geometric mixing rule
WARNING: Not all mixed pair coeffs generated from mixing. Use write_data with 'pair ij' option to store all pair coeffs. (src/write_data.cpp:309)
write_restart 	restart.polymer_ring
System init for write_restart ...
Generated 0 of 1 mixed pair_coeff terms from geometric mixing rule

print "ALL done"
ALL done
Total wall time: 18:11:24
