
pair_style      lj/cut 4.0
pair_modify     shift yes
read_restart    prod.restart1
Reading restart file ...
  restart file = 23 Jun 2022, LAMMPS = 23 Jun 2022
  restoring atom style bond from restart
  orthogonal box = (-40 -40 -35) to (40 40 35)
  1 by 1 by 1 MPI processor grid
  restoring pair style lj/cut from restart
  restoring bond style fene from restart
  30000 atoms
  28800 bonds
Finding 1-2 1-3 1-4 neighbors ...
  special bond factors lj:    0        1        1       
  special bond factors coul:  0        1        1       
     2 = max # of 1-2 neighbors
     6 = max # of special neighbors
  special bonds CPU = 0.005 seconds
  read_restart CPU = 0.012 seconds

bond_style      fene
special_bonds   fene
bond_coeff      1 10.0 2.0 1.0 1.0

group polymerA type 1
15000 atoms in group polymerA
group polymerB type 2
15000 atoms in group polymerB
group receptorC type 3
0 atoms in group receptorC
group receptorD type 4
0 atoms in group receptorD
group polymer union polymerA polymerB
30000 atoms in group polymer
group ligand union receptorC receptorD
0 atoms in group ligand

# Polymer-Polymer
pair_coeff 1 1 0.5 1.0 2.5      # A-A
pair_coeff 2 2 0.5 1.0 2.5      # B-B
pair_coeff 1 2 0.1 1.0 2.5      # A-B

# Polymer-Receptor
pair_coeff 1 3 50.0 1.0 4.0     # A-C
pair_coeff 1 4 50.0 1.0 1.1225  # A-D
pair_coeff 2 3 50.0 1.0 1.1225  # B-C
pair_coeff 2 4 50.0 1.0 4.0     # B-D

# Receptor-Receptor
pair_coeff 3 3 1.0 1.0 1.1225
pair_coeff 4 4 1.0 1.0 1.1225
pair_coeff 3 4 1.0 1.0 1.1225

neighbor        1.0 bin

region upper_box block -40 40 -40 40 32.2 34.8
create_atoms 3 random 100 998273 upper_box   # receptor C
Created 100 atoms
  using lattice units in orthogonal box = (-40 -40 -35) to (40 40 35)
  create_atoms CPU = 0.000 seconds
create_atoms 4 random 100 123456 upper_box   # receptor D
Created 100 atoms
  using lattice units in orthogonal box = (-40 -40 -35) to (40 40 35)
  create_atoms CPU = 0.000 seconds

group receptorC type 3
100 atoms in group receptorC
group receptorD type 4
100 atoms in group receptorD
group ligand union receptorC receptorD
200 atoms in group ligand

fix wall_poly polymer wall/lj126 zlo -32 1.0 1.0 1.1225 zhi 32 1.0 1.0 1.1225

fix wall_lig ligand wall/lj126 zlo 32 1.0 1.0 1.1225 zhi 35 1.0 1.0 1.1225

#minimize 1.0e-4 1.0e-6 100 1000

fix 3 all nve/limit 0.01
run 10000
Generated 0 of 6 mixed pair_coeff terms from geometric mixing rule
Neighbor list info ...
  update every 1 steps, delay 10 steps, check yes
  max neighbors/atom: 2000, page size: 100000
  master list distance cutoff = 5
  ghost atom cutoff = 5
  binsize = 2.5, bins = 32 32 28
  1 neighbor lists, perpetual/occasional/extra = 1 0 0
  (1) pair lj/cut, perpetual
      attributes: half, newton on
      pair build: half/bin/newton
      stencil: half/bin/3d
      bin: standard
Per MPI rank memory allocation (min/avg/max) = 25.72 | 25.72 | 25.72 Mbytes
   Step          Temp          E_pair         E_mol          TotEng         Press     
     20000   0.98550682     6.4956064      8.1701849      16.144003      3.3191333    
     30000   0.25292801    -1.9115028      6.4298849      4.8977615     -0.0056116551 
Loop time of 131.185 on 1 procs for 10000 steps with 30200 atoms

Performance: 32930.605 tau/day, 76.228 timesteps/s
100.0% CPU use with 1 MPI tasks x 1 OpenMP threads

MPI task timing breakdown:
Section |  min time  |  avg time  |  max time  |%varavg| %total
---------------------------------------------------------------
Pair    | 114.25     | 114.25     | 114.25     |   0.0 | 87.09
Bond    | 3.1951     | 3.1951     | 3.1951     |   0.0 |  2.44
Neigh   | 10.066     | 10.066     | 10.066     |   0.0 |  7.67
Comm    | 0.27224    | 0.27224    | 0.27224    |   0.0 |  0.21
Output  | 0.0001307  | 0.0001307  | 0.0001307  |   0.0 |  0.00
Modify  | 2.6723     | 2.6723     | 2.6723     |   0.0 |  2.04
Other   |            | 0.7317     |            |       |  0.56

Nlocal:          30200 ave       30200 max       30200 min
Histogram: 1 0 0 0 0 0 0 0 0 0
Nghost:           6898 ave        6898 max        6898 min
Histogram: 1 0 0 0 0 0 0 0 0 0
Neighs:    1.67322e+06 ave 1.67322e+06 max 1.67322e+06 min
Histogram: 1 0 0 0 0 0 0 0 0 0

Total # of neighbors = 1673215
Ave neighs/atom = 55.40447
Ave special neighs/atom = 1.9072848
Neighbor list builds = 197
Dangerous builds = 0
unfix 3

fix 3 all nve
fix 4 all langevin 1 1 1.0 90428

thermo_style    custom step temp pe ke ebond
thermo_modify   flush yes
thermo          10000
timestep        0.005

dump 1 all custom 50000 file_trajectory.bin id type x y z xu yu zu vx vy vz

restart 100000 prod.restart2 prod.restart3
run 20000000
Generated 0 of 6 mixed pair_coeff terms from geometric mixing rule
Per MPI rank memory allocation (min/avg/max) = 29.8 | 29.8 | 29.8 Mbytes
   Step          Temp          PotEng         KinEng         E_bond    
     30000   0.25292801     4.518382       0.37937945     6.4298849    
     40000   0.99270979     6.1053262      1.4890154      6.8821167    
     50000   0.99946728     6.1324041      1.4991513      6.8944962    
     60000   1.0054329      6.1190654      1.5080995      6.880514     
     70000   1.0073159      6.1352069      1.5109238      6.8851182    
     80000   1.0019875      6.1310499      1.5029315      6.8836805    
     90000   1.0019771      6.1435297      1.5029159      6.8866866    
    100000   1.0033325      6.1310481      1.5049489      6.8835323    
    110000   0.9927448      6.1432612      1.4890679      6.8912997    
    120000   0.99844221     6.130145       1.4976137      6.8879239    
    130000   1.0022506      6.1371487      1.5033262      6.8890093    
    140000   1.0001109      6.1287015      1.5001166      6.8789913    
    150000   0.999483       6.1264333      1.4991749      6.8832093    
    160000   1.0080385      6.1365048      1.5120077      6.8886535    
    170000   0.99547451     6.1279028      1.4931623      6.880561     
    180000   1.0032317      6.1242611      1.5047977      6.8803136    
    190000   0.99712058     6.1314804      1.4956313      6.8807493    
    200000   1.0072514      6.1197059      1.5108271      6.8789769    
    210000   0.99361707     6.1185494      1.4903763      6.8915844    
    220000   0.99609961     6.1184594      1.4940999      6.8878036    
    230000   0.99517987     6.1010802      1.4927204      6.876856     
    240000   0.99512896     6.1055192      1.492644       6.8785565    
    250000   1.003337       6.1222293      1.5049556      6.8876336    
    260000   0.99925615     6.0867689      1.4988346      6.8732052    
    270000   1.0011789      6.1152624      1.5017186      6.884755     
    280000   1.0052384      6.1214864      1.5078077      6.8867671    
    290000   1.0053371      6.1185925      1.5079558      6.8806611    
    300000   1.0047015      6.1275056      1.5070023      6.8932816    
    310000   1.0081014      6.106998       1.512102       6.8856649    
    320000   0.99496035     6.1046156      1.4923911      6.8819188    
    330000   0.9987679      6.1043369      1.4981022      6.8845322    
    340000   0.9969312      6.0954869      1.4953473      6.8841296    
    350000   1.0053563      6.1134692      1.5079844      6.8906908    
    360000   0.9957392      6.0939466      1.4935593      6.8806982    
    370000   1.0083564      6.1122505      1.5124845      6.8892236    
    380000   1.0049042      6.1068575      1.5073064      6.8923032    
    390000   1.0053467      6.0955524      1.5079702      6.8863524    
    400000   0.99290812     6.1037893      1.4893129      6.8841656    
    410000   1.0050846      6.0965543      1.507577       6.882597     
    420000   0.99793636     6.1051599      1.496855       6.8876366    
    430000   0.99804129     6.102543       1.4970124      6.8773091    
    440000   0.99971069     6.1031694      1.4995164      6.8811968    
    450000   0.99478735     6.1010959      1.4921316      6.8853219    
    460000   1.0016708      6.0895384      1.5024565      6.8851322    
    470000   0.99625801     6.091177       1.4943375      6.8884013    
    480000   0.99527208     6.0791852      1.4928587      6.877358     
    490000   1.0026922      6.0772513      1.5039885      6.8828947    
    500000   0.99542185     6.0919364      1.4930833      6.8870813    
    510000   0.99743524     6.0860826      1.4961033      6.8842599    
    520000   1.0050523      6.103273       1.5075285      6.8873734    
    530000   1.0027946      6.080953       1.5041421      6.8865176    
    540000   0.99610981     6.0853295      1.4941152      6.8888296    
    550000   1.0053511      6.0934456      1.5079768      6.8875188    
    560000   1.0037367      6.0925781      1.5055552      6.8860874    
    570000   0.99958937     6.098171       1.4993344      6.8879966    
    580000   1.0040412      6.0885484      1.5060119      6.8802207    
    590000   0.99938782     6.078958       1.4990321      6.8808909    
    600000   0.99695665     6.1013461      1.4953855      6.890764     
    610000   1.0003817      6.0921235      1.5005229      6.8858544    
    620000   1.0049185      6.091169       1.5073278      6.8765334    
    630000   1.0022231      6.1036021      1.5032849      6.8883008    
    640000   0.99706027     6.0851935      1.4955409      6.8885097    
    650000   1.002035       6.0926714      1.5030027      6.8830149    
    660000   1.0006947      6.1005111      1.5009924      6.8898355    
    670000   1.0035351      6.0942566      1.5052528      6.883192     
    680000   1.0054498      6.0941253      1.5081248      6.8835751    
    690000   0.98981524     6.0933016      1.4846737      6.8858926    
    700000   1.0027937      6.0906729      1.5041407      6.8868155    
    710000   1.0025808      6.0879356      1.5038214      6.8851774    
    720000   0.99860176     6.0756534      1.497853       6.8736949    
    730000   1.0028254      6.0712337      1.5041883      6.883695     
    740000   0.99723521     6.0883928      1.4958033      6.8847564    
    750000   1.0026657      6.0882092      1.5039488      6.8884451    
    760000   0.99221444     6.0971138      1.4882724      6.8850105    
    770000   1.0003071      6.0807561      1.500411       6.8837254    
    780000   1.0023717      6.0728124      1.5035077      6.8844424    
    790000   0.99354799     6.0868875      1.4902726      6.8840219    
    800000   0.99217938     6.0847668      1.4882198      6.8912881    
    810000   0.99280797     6.0781041      1.4891626      6.8839909    
    820000   0.9952132      6.0641576      1.4927704      6.8790069    
    830000   0.99184174     6.0640047      1.4877133      6.8803438    
    840000   1.0045462      6.0705584      1.5067693      6.8777605    
    850000   0.98968988     6.0872903      1.4844857      6.8866748    
    860000   1.0012645      6.089782       1.501847       6.8891407    
    870000   0.99517114     6.075274       1.4927073      6.8841066    
    880000   0.99933708     6.0888244      1.498956       6.8906425    
    890000   1.0019814      6.0925442      1.5029223      6.8913568    
    900000   1.0060192      6.062674       1.5089789      6.8838848    
    910000   0.99934286     6.0819141      1.4989647      6.886504     
    920000   1.0040996      6.0789692      1.5060996      6.8847785    
    930000   0.99944172     6.0731456      1.4991129      6.8719534    
    940000   0.99641765     6.0792977      1.494577       6.880178     
    950000   1.0068174      6.0863167      1.5101761      6.8803665    
    960000   0.99561699     6.093313       1.493376       6.8928793    
    970000   1.0031229      6.0807664      1.5046345      6.8799716    
    980000   1.0031485      6.0843822      1.5046729      6.8812987    
    990000   1.0020571      6.0837884      1.5030358      6.8880605    
   1000000   0.99968133     6.0965905      1.4994723      6.8906274    
   1010000   1.0123668      6.0865919      1.5184999      6.885399     
   1020000   0.9956982      6.071112       1.4934979      6.8852819    
   1030000   0.99443073     6.0737671      1.4915967      6.8803361    
   1040000   0.99727794     6.0940397      1.4958674      6.8907753    
   1050000   0.99586748     6.093071       1.4937518      6.8839595    
   1060000   0.99729928     6.0905304      1.4958994      6.8850723    
   1070000   0.99598348     6.0655763      1.4939257      6.8792147    
   1080000   1.0058184      6.0714981      1.5086777      6.8864548    
   1090000   1.0014579      6.1055131      1.5021371      6.89773      
   1100000   1.000648       6.0763877      1.5009224      6.8798504    
   1110000   1.0045581      6.075639       1.5067873      6.8877864    
   1120000   1.0002072      6.0774092      1.5002611      6.8866345    
   1130000   0.99362636     6.0580223      1.4903902      6.8798349    
   1140000   0.99773202     6.069269       1.4965485      6.8873721    
   1150000   0.99680376     6.0653056      1.4951561      6.8849652    
   1160000   1.0004709      6.0856976      1.5006567      6.884418     
   1170000   0.99862498     6.0920429      1.4978879      6.8852486    
   1180000   1.0079485      6.0835916      1.5118727      6.8853893    
   1190000   1.0032982      6.079897       1.5048975      6.890611     
   1200000   1.0013318      6.0859046      1.5019479      6.8846985    
   1210000   1.0135273      6.0735166      1.5202406      6.8823633    
   1220000   0.99826327     6.0796833      1.4973453      6.8783233    
   1230000   1.0045508      6.060282       1.5067763      6.8802346    
   1240000   0.99822246     6.0804209      1.4972841      6.8880988    
   1250000   1.0026444      6.0725186      1.5039168      6.8850295    
   1260000   1.0023384      6.0720222      1.5034578      6.8829522    
   1270000   0.99488848     6.0744783      1.4922833      6.8872661    
   1280000   1.0057376      6.083527       1.5085564      6.8830367    
   1290000   1.0048615      6.0715459      1.5072424      6.8820519    
   1300000   0.99456965     6.090337       1.4918051      6.8908794    
   1310000   1.011899       6.0872868      1.5177982      6.8893491    
   1320000   0.99281892     6.1041554      1.4891791      6.8951473    
   1330000   1.0025079      6.0790286      1.5037121      6.8782275    
   1340000   0.99525893     6.0781198      1.492839       6.8894796    
   1350000   0.99218361     6.0661935      1.4882261      6.8821214    
   1360000   0.99853323     6.0492672      1.4977503      6.8784974    
   1370000   0.99297836     6.0480709      1.4894182      6.8757441    
   1380000   0.99397608     6.0523423      1.4909148      6.8795141    
   1390000   0.99488171     6.0749368      1.4922732      6.8860417    
   1400000   0.9953395      6.0512065      1.4929598      6.8769758    
   1410000   0.99224481     6.0744412      1.4883179      6.8793914    
   1420000   0.99883427     6.0640802      1.4982018      6.889355     
   1430000   0.99403074     6.0739596      1.4909967      6.8857187    
   1440000   1.0117716      6.0763211      1.5176071      6.8872995    
   1450000   1.0022286      6.0774201      1.5032931      6.8868987    
   1460000   1.0010617      6.0720972      1.5015428      6.8836544    
   1470000   1.0063982      6.0662734      1.5095474      6.8876255    
   1480000   0.99866353     6.0675783      1.4979457      6.8846864    
   1490000   1.0043494      6.0757888      1.5064742      6.8881967    
   1500000   0.99543101     6.0714707      1.4930971      6.8867705    
   1510000   1.0042304      6.0785352      1.5062957      6.8861498    
   1520000   1.0039759      6.0871612      1.5059139      6.8875705    
   1530000   0.99518611     6.0841235      1.4927297      6.8914436    
   1540000   0.99992603     6.0670576      1.4998394      6.8853123    
   1550000   0.99728235     6.0585285      1.495874       6.8843117    
   1560000   0.99529881     6.0720332      1.4928988      6.8790716    
   1570000   0.99465416     6.0645319      1.4919318      6.881988     
   1580000   0.99904122     6.0665917      1.4985122      6.8761411    
   1590000   1.0022665      6.0610727      1.5033499      6.8839808    
   1600000   1.0013143      6.0757362      1.5019217      6.8829798    
   1610000   0.99840348     6.0559535      1.4975556      6.8859057    
   1620000   0.99915317     6.0643421      1.4986801      6.8872987    
   1630000   1.0014419      6.0531183      1.5021131      6.8824605    
   1640000   0.9991319      6.0692601      1.4986482      6.8883873    
   1650000   0.99906633     6.0750219      1.4985499      6.8908942    
   1660000   0.9998769      6.069731       1.4997657      6.8826112    
   1670000   0.99574809     6.0587152      1.4935727      6.8816844    
   1680000   0.99544302     6.0629411      1.4931151      6.882886     
   1690000   0.98950543     6.0714869      1.484209       6.8937168    
   1700000   1.0018109      6.0766878      1.5026666      6.8935132    
   1710000   1.0054968      6.0564703      1.5081953      6.8839646    
   1720000   0.99520733     6.0551472      1.4927616      6.8844602    
   1730000   1.0083265      6.0594565      1.5124396      6.8847992    
   1740000   1.0045509      6.073703       1.5067765      6.8863101    
   1750000   0.99018521     6.065977       1.4852286      6.8769896    
   1760000   0.99065479     6.0636407      1.485933       6.875673     
   1770000   0.99894777     6.0654649      1.498372       6.8817049    
   1780000   1.0065426      6.0666165      1.509764       6.885854     
   1790000   1.0029369      6.0644506      1.5043555      6.8871952    
   1800000   1.0065368      6.0589931      1.5097552      6.88501      
   1810000   0.99745627     6.0548225      1.4961349      6.8824714    
   1820000   1.002203       6.0590651      1.5032548      6.8885021    
   1830000   1.0023434      6.0509989      1.5034654      6.880023     
   1840000   1.0040235      6.0417108      1.5059854      6.8781325    
   1850000   0.99630077     6.0459814      1.4944017      6.8849461    
   1860000   0.99494367     6.0625388      1.4923661      6.8895434    
   1870000   1.0011118      6.053248       1.501618       6.8852421    
   1880000   1.002205       6.0641887      1.5032578      6.8881653    
   1890000   0.99490538     6.0671357      1.4923086      6.8857572    
   1900000   1.0072602      6.0576679      1.5108402      6.8779165    
   1910000   1.0007599      6.0439611      1.5010901      6.8840737    
   1920000   0.99571327     6.0590658      1.4935204      6.8829521    
   1930000   0.99345882     6.0470702      1.4901389      6.8807826    
   1940000   1.0049216      6.0445738      1.5073325      6.8824823    
   1950000   0.99632151     6.0545371      1.4944328      6.8862741    
   1960000   1.0022042      6.0407512      1.5032564      6.873974     
   1970000   0.99444971     6.0491001      1.4916252      6.8787948    
   1980000   1.0049129      6.0639884      1.5073194      6.8919029    
   1990000   0.9969628      6.0516526      1.4953947      6.8828973    
   2000000   0.99887971     6.0437072      1.49827        6.8799677    
   2010000   1.0027689      6.0557935      1.5041036      6.8839366    
   2020000   1.007824       6.0472494      1.5116859      6.889333     
   2030000   1.0015731      6.0421577      1.5023099      6.882646     
   2040000   1.0011737      6.0619649      1.5017108      6.8859793    
   2050000   1.003613       6.0496294      1.5053697      6.8742055    
   2060000   1.0001312      6.0443843      1.5001471      6.8826176    
   2070000   0.98943118     6.0565712      1.4840976      6.8842786    
   2080000   0.99860402     6.050083       1.4978564      6.8825541    
   2090000   0.99746789     6.0598984      1.4961523      6.8923807    
   2100000   0.99855176     6.0473129      1.497778       6.8809235    
   2110000   1.0069675      6.0595705      1.5104013      6.883758     
   2120000   0.99397404     6.0478992      1.4909117      6.8847152    
   2130000   0.99577881     6.0518199      1.4936188      6.8831728    
   2140000   1.0008902      6.0491802      1.5012855      6.8855682    
   2150000   1.0017501      6.0463476      1.5025754      6.8807509    
   2160000   0.99726815     6.050638       1.4958527      6.887819     
   2170000   0.99808915     6.0557892      1.4970841      6.8918519    
   2180000   0.99729351     6.055511       1.4958907      6.887099     
   2190000   1.0012753      6.0280773      1.5018632      6.871746     
   2200000   0.99833477     6.0500534      1.4974526      6.8833868    
   2210000   0.99600094     6.0437991      1.4939519      6.8812858    
   2220000   1.007878       6.038945       1.5117669      6.8770243    
   2230000   1.0002372      6.0485758      1.5003061      6.8800912    
   2240000   1.0083775      6.0663472      1.5125161      6.8945957    
   2250000   0.99712832     6.0555773      1.495643       6.883202     
   2260000   0.99905962     6.0599446      1.4985398      6.8842409    
   2270000   0.99839825     6.0511563      1.4975478      6.87664      
   2280000   0.99673212     6.0536186      1.4950487      6.8831691    
   2290000   0.99938584     6.036476       1.4990291      6.87795      
   2300000   0.99679895     6.0458458      1.4951489      6.8821054    
   2310000   0.99999659     6.0508202      1.4999452      6.8859824    
   2320000   1.0041177      6.050085       1.5061267      6.8860005    
   2330000   1.0055464      6.0646929      1.5082697      6.8848822    
   2340000   1.0013791      6.052151       1.5020189      6.8745991    
   2350000   1.0036659      6.042048       1.5054489      6.877445     
   2360000   0.99993034     6.0536371      1.4998458      6.8860999    
   2370000   0.99471528     6.0462016      1.4920235      6.8798843    
   2380000   0.99489672     6.0545471      1.4922957      6.8876687    
   2390000   0.99752494     6.0622254      1.4962379      6.8873717    
   2400000   1.0018218      6.0504087      1.5026829      6.8810398    
   2410000   1.0013751      6.0512838      1.502013       6.8919645    
   2420000   0.99593512     6.0524408      1.4938532      6.8862709    
   2430000   0.99564453     6.0607354      1.4934173      6.8837637    
   2440000   1.0058172      6.06927        1.5086758      6.8956449    
   2450000   0.99508626     6.0587616      1.49258        6.8852593    
   2460000   1.0002636      6.0473265      1.5003456      6.8805332    
   2470000   0.99824846     6.0568914      1.4973231      6.8766368    
   2480000   0.99608874     6.0483585      1.4940836      6.8895978    
   2490000   1.0075927      6.0539844      1.511339       6.8863944    
   2500000   0.99859447     6.0529771      1.4978421      6.883572     
   2510000   0.99845741     6.0397251      1.4976365      6.8762893    
   2520000   0.99146266     6.0557168      1.4871448      6.8870595    
   2530000   1.0069476      6.0591629      1.5103714      6.8857987    
   2540000   1.0046811      6.0568344      1.5069718      6.8885986    
   2550000   0.9918669      6.0419548      1.4877511      6.8858594    
   2560000   0.9991074      6.0328202      1.4986115      6.8724027    
   2570000   1.0019535      6.0397224      1.5028805      6.8804457    
   2580000   0.99713627     6.039653       1.4956549      6.8807625    
   2590000   0.99669207     6.0592681      1.4949886      6.8774375    
   2600000   1.0014151      6.0511256      1.502073       6.8863168    
   2610000   0.99811769     6.0261958      1.497127       6.8751428    
   2620000   1.004813       6.0489796      1.5071695      6.8862715    
   2630000   0.9945215      6.0543316      1.4917329      6.8869668    
   2640000   1.0009945      6.0461317      1.5014421      6.8872709    
   2650000   0.99978526     6.0522611      1.4996282      6.8834811    
   2660000   0.99478824     6.0363448      1.4921329      6.8782952    
   2670000   0.99622961     6.0729527      1.4942949      6.8937301    
   2680000   0.9949095      6.0597896      1.4923148      6.8862423    
   2690000   0.99700673     6.06608        1.4954606      6.8843557    
   2700000   0.9932513      6.0558012      1.4898276      6.8833983    
   2710000   1.0005001      6.0400569      1.5007004      6.8859377    
   2720000   1.004139       6.0356673      1.5061587      6.8780647    
   2730000   0.99508763     6.0302408      1.492582       6.8765731    
   2740000   0.99799372     6.0353478      1.496941       6.878197     
   2750000   1.0004117      6.0437581      1.5005679      6.8915371    
   2760000   0.99661241     6.0599779      1.4948691      6.8878408    
   2770000   1.0011966      6.0421646      1.5017451      6.8843843    
   2780000   1.0004871      6.0394732      1.5006809      6.8832927    
   2790000   0.99973415     6.0471061      1.4995516      6.8884922    
   2800000   0.99987155     6.0438152      1.4997577      6.8816109    
   2810000   0.99719789     6.0339717      1.4957473      6.8818039    
   2820000   1.0033476      6.0466529      1.5049716      6.8845557    
   2830000   0.99010286     6.0348622      1.4851051      6.8830895    
   2840000   1.0030015      6.0525086      1.5044524      6.8872389    
   2850000   0.98461679     6.0276302      1.4768763      6.8791929    
   2860000   1.0099123      6.0405577      1.5148183      6.8831971    
   2870000   1.0089416      6.0312363      1.5133624      6.8818333    
   2880000   1.0031366      6.0419139      1.5046551      6.8904156    
   2890000   0.99314508     6.0313884      1.4896683      6.8883498    
   2900000   1.0081028      6.0407019      1.5121041      6.8829482    
   2910000   1.007714       6.0454491      1.5115209      6.8865873    
   2920000   0.9999693      6.0436666      1.4999043      6.8871687    
   2930000   1.0025718      6.0363528      1.5038078      6.8736167    
   2940000   0.9997279      6.0391331      1.4995422      6.8809384    
   2950000   0.99507613     6.0582393      1.4925648      6.8899579    
   2960000   0.99932463     6.0459173      1.4989373      6.883601     
   2970000   0.99719018     6.0520648      1.4957357      6.8789348    
   2980000   0.99222388     6.0621102      1.4882865      6.8856344    
   2990000   1.0007237      6.0347203      1.5010359      6.8735963    
   3000000   1.0027716      6.0421422      1.5041076      6.8825455    
   3010000   1.0001155      6.0332724      1.5001236      6.8733452    
   3020000   0.98723689     6.0477741      1.4808063      6.8842525    
   3030000   1.0004455      6.0370287      1.5006185      6.8841074    
   3040000   0.99316896     6.03533        1.4897041      6.879669     
   3050000   1.0002756      6.0400508      1.5003637      6.8812498    
   3060000   0.99756473     6.0352468      1.4962975      6.8824911    
   3070000   1.0058822      6.0303512      1.5087734      6.8843267    
   3080000   0.99873716     6.0399292      1.4980561      6.8914651    
   3090000   0.993055       6.0414561      1.4895332      6.8871935    
   3100000   0.99952627     6.0329455      1.4992398      6.8818046    
   3110000   0.99977297     6.062571       1.4996098      6.8895081    
   3120000   1.0090768      6.0510502      1.513565       6.8866654    
   3130000   1.0031152      6.0568334      1.504623       6.889433     
   3140000   1.0058243      6.0506323      1.5086865      6.8836347    
   3150000   0.99975153     6.0516296      1.4995776      6.8818225    
   3160000   0.99681605     6.0453813      1.4951746      6.8824421    
   3170000   1.0012727      6.0422067      1.5018593      6.8764458    
   3180000   0.99431771     6.0470592      1.4914272      6.881804     
   3190000   0.99993381     6.0431614      1.499851       6.8834384    
   3200000   0.99543887     6.0705612      1.4931089      6.8872298    
   3210000   1.0044596      6.0399704      1.5066395      6.8821609    
   3220000   1.0068377      6.0354655      1.5102066      6.8806902    
   3230000   0.99493503     6.0490915      1.4923531      6.8860205    
   3240000   1.0019924      6.0443342      1.5029389      6.8878587    
   3250000   0.98929729     6.0459403      1.4838968      6.8807636    
   3260000   0.99710912     6.039073       1.4956142      6.8744641    
   3270000   1.0001416      6.051266       1.5001627      6.8926749    
   3280000   1.0056278      6.0514194      1.5083917      6.8882986    
   3290000   1.0068549      6.0499378      1.5102324      6.8805583    
   3300000   0.99392397     6.0379136      1.4908366      6.8789643    
   3310000   0.99887853     6.0409716      1.4982682      6.8856235    
   3320000   0.988247       6.0574395      1.4823214      6.8907827    
   3330000   0.99723499     6.0364087      1.4958029      6.8775193    
   3340000   1.0011258      6.052359       1.5016389      6.8843109    
   3350000   1.0035242      6.0529076      1.5052364      6.8859824    
   3360000   1.0089392      6.0585134      1.5133587      6.8877406    
   3370000   0.99950007     6.0370798      1.4992005      6.8866915    
   3380000   0.99626029     6.0442847      1.494341       6.884214     
   3390000   0.99582961     6.0560576      1.4936949      6.89165      
   3400000   1.0049899      6.0504115      1.5074349      6.8843346    
   3410000   1.0050041      6.0560104      1.5074562      6.8814531    
   3420000   0.99827623     6.0617422      1.4973648      6.8918988    
   3430000   1.0054178      6.0464958      1.5080768      6.8806044    
   3440000   1.0043068      6.0501855      1.5064103      6.8873667    
   3450000   0.99921036     6.041082       1.4987659      6.8883603    
   3460000   1.0013472      6.0398009      1.501971       6.8783812    
   3470000   0.99518243     6.0451756      1.4927242      6.8810804    
   3480000   0.990539       6.0377685      1.4857593      6.8822748    
   3490000   0.9974528      6.0371668      1.4961297      6.8780368    
   3500000   1.0034742      6.0402357      1.5051615      6.8782647    
   3510000   0.99821535     6.0511603      1.4972734      6.8871343    
   3520000   1.0051553      6.0547552      1.507683       6.8860063    
   3530000   0.99262683     6.0518149      1.4888909      6.8889478    
   3540000   0.99062191     6.0527755      1.4858837      6.8848683    
   3550000   0.99342438     6.0279523      1.4900872      6.8862957    
   3560000   0.99615475     6.0391662      1.4941827      6.8825632    
   3570000   0.99929802     6.0369923      1.4988974      6.8832029    
   3580000   0.99314664     6.0327431      1.4896706      6.8824141    
   3590000   0.99942027     6.0420147      1.4990808      6.8829915    
   3600000   1.0016486      6.0249333      1.5024231      6.8786498    
   3610000   0.99611547     6.0432398      1.4941237      6.8893251    
   3620000   0.98784635     6.0251739      1.4817205      6.8854331    
   3630000   0.99607262     6.0222148      1.4940595      6.882599     
   3640000   1.0089269      6.0048834      1.5133402      6.873549     
   3650000   1.0024322      6.0236919      1.5035985      6.8820885    
   3660000   1.0028936      6.0269882      1.5042905      6.8850685    
   3670000   0.99937666     6.0160585      1.4990154      6.8782676    
   3680000   1.00267        6.0260079      1.5039551      6.8807448    
   3690000   1.0016196      6.0175083      1.5023797      6.8842492    
   3700000   1.0093046      6.0183699      1.5139068      6.8822094    
   3710000   0.99257563     6.0178043      1.4888141      6.8760714    
   3720000   1.0051439      6.0166528      1.507666       6.8801435    
   3730000   0.99228307     6.0363205      1.4883753      6.8852478    
   3740000   0.99565381     6.0345104      1.4934313      6.8911053    
   3750000   0.99379555     6.0256641      1.490644       6.8847739    
   3760000   0.99772409     6.035726       1.4965366      6.8895341    
   3770000   0.98949023     6.0309762      1.4841862      6.8838646    
   3780000   0.99113231     6.0298522      1.4866492      6.8884213    
   3790000   0.99151106     6.0406916      1.4872173      6.88644      
   3800000   1.0039979      6.0193157      1.5059469      6.8795649    
   3810000   1.0033102      6.0283777      1.5049154      6.8805444    
   3820000   0.99852552     6.0252016      1.4977387      6.8841856    
   3830000   1.004747       6.0194557      1.5070706      6.8753303    
   3840000   0.99626355     6.0277738      1.4943458      6.8751577    
   3850000   0.99949722     6.0266484      1.4991962      6.8849631    
   3860000   1.0067078      6.0145433      1.5100117      6.8758014    
   3870000   1.0047485      6.0434516      1.5070728      6.8863331    
   3880000   1.0018182      6.0262139      1.5026775      6.8803973    
   3890000   1.001941       6.0274191      1.5028617      6.8847459    
   3900000   0.99306206     6.0215987      1.4895438      6.8811061    
   3910000   0.99429421     6.0304539      1.4913919      6.8802024    
   3920000   0.99805957     6.0214916      1.4970398      6.8891145    
   3930000   0.99924648     6.0321863      1.4988201      6.8865992    
   3940000   1.0050573      6.0353996      1.507536       6.8838847    
   3950000   0.99869551     6.0207255      1.4979937      6.8814389    
   3960000   0.99597753     6.0259598      1.4939168      6.8846879    
   3970000   1.0034604      6.0271065      1.5051408      6.871906     
   3980000   1.0035246      6.0348108      1.505237       6.8821656    
   3990000   1.0034748      6.0317516      1.5051624      6.8797755    
   4000000   0.99209583     6.0289343      1.4880945      6.8863745    
   4010000   0.99617607     6.0425336      1.4942146      6.8846371    
   4020000   0.99468693     6.039837       1.491981       6.8813525    
   4030000   1.0006711      6.0284256      1.5009569      6.8809165    
   4040000   0.99880913     6.0406306      1.4981641      6.8899319    
   4050000   1.0034957      6.0301234      1.5051937      6.882464     
   4060000   1.0038213      6.0466145      1.505682       6.8878635    
   4070000   0.99991208     6.0494659      1.4998185      6.8979755    
   4080000   1.0071814      6.0393228      1.5107221      6.8835111    
   4090000   1.0060726      6.0281673      1.509059       6.8756099    
   4100000   0.99629542     6.0335776      1.4943936      6.8773329    
   4110000   1.005352       6.0328582      1.507978       6.8804723    
   4120000   0.99949749     6.0349043      1.4991966      6.8838746    
   4130000   1.0032729      6.0360363      1.5048595      6.8850013    
   4140000   1.0027251      6.0375069      1.5040379      6.8879774    
   4150000   1.0088978      6.01105        1.5132965      6.8757121    
   4160000   0.99916356     6.0410984      1.4986957      6.8874614    
   4170000   1.0011778      6.0219273      1.5017169      6.8850772    
   4180000   1.0077228      6.0334941      1.5115342      6.8851138    
   4190000   1.0014452      6.0319003      1.5021181      6.8780492    
   4200000   0.99611611     6.0310792      1.4941247      6.8778987    
   4210000   1.0089896      6.0325716      1.5134342      6.881397     
   4220000   1.0022249      6.0323692      1.5032876      6.8829077    
   4230000   0.99848479     6.0315684      1.4976776      6.8892004    
   4240000   1.0026528      6.0334064      1.5039294      6.8815769    
   4250000   0.9990465      6.0405411      1.4985201      6.8873499    
   4260000   1.000115       6.0399608      1.5001228      6.8859966    
   4270000   1.0028455      6.0264916      1.5042184      6.8778759    
   4280000   1.0008735      6.0238933      1.5012605      6.8830583    
   4290000   0.99771948     6.0374431      1.4965297      6.8854991    
   4300000   1.0058007      6.0248222      1.5086511      6.8813222    
   4310000   1.0043514      6.0374812      1.5064773      6.8815705    
   4320000   0.99887304     6.032591       1.49826        6.8735528    
   4330000   0.99408278     6.0499872      1.4910748      6.8877748    
   4340000   1.0049872      6.032029       1.5074308      6.8759384    
   4350000   0.99800359     6.0356125      1.4969558      6.8842885    
   4360000   0.99552049     6.0267248      1.4932313      6.8820037    
   4370000   1.004032       6.0306001      1.5059982      6.8750926    
   4380000   0.99324125     6.0312441      1.4898125      6.8828015    
   4390000   1.0031073      6.0343618      1.5046111      6.8863812    
   4400000   1.0019188      6.0285667      1.5028284      6.8778093    
   4410000   1.0044974      6.0506657      1.5066963      6.8954007    
   4420000   0.99875411     6.0302995      1.4980816      6.8734761    
   4430000   1.0056593      6.0410434      1.508439       6.886767     
   4440000   1.0003362      6.029868       1.5004547      6.8848796    
   4450000   0.99785392     6.0338452      1.4967313      6.8849655    
   4460000   0.99904943     6.0379156      1.4985245      6.8876799    
   4470000   0.99958171     6.0334099      1.4993229      6.8905207    
   4480000   1.0071355      6.0387479      1.5106532      6.8833038    
   4490000   0.99759929     6.0384882      1.4963494      6.88157      
   4500000   1.002913       6.035731       1.5043197      6.8811331    
   4510000   1.0012246      6.0175645      1.5017871      6.8780748    
   4520000   1.0152029      6.0420187      1.5227539      6.8869613    
   4530000   1.003855       6.0367214      1.5057326      6.8858609    
   4540000   1.0151662      6.0312453      1.5226988      6.8853384    
   4550000   0.99880412     6.0344219      1.4981566      6.8808413    
   4560000   1.0031816      6.0234706      1.5047226      6.8750178    
   4570000   1.0112401      6.0426976      1.5168099      6.8860228    
   4580000   1.0018125      6.0146589      1.5026691      6.8724978    
   4590000   0.99925957     6.0267874      1.4988397      6.8826441    
   4600000   1.0033368      6.0175292      1.5049554      6.8739459    
   4610000   1.0073879      6.0227777      1.5110318      6.8762038    
   4620000   1.0013254      6.0512622      1.5019384      6.8885153    
   4630000   1.004671       6.0435897      1.5069566      6.8902961    
   4640000   0.99814669     6.0352496      1.4971705      6.8870232    
   4650000   0.99596983     6.0372009      1.4939053      6.8808173    
   4660000   1.0006362      6.0438613      1.5009046      6.8888754    
   4670000   1.0014974      6.040325       1.5021963      6.8910225    
   4680000   0.99689561     6.0335733      1.4952939      6.8861288    
   4690000   1.0019663      6.0453347      1.5028996      6.8922181    
   4700000   0.98864775     6.0353347      1.4829225      6.8886477    
   4710000   1.0034877      6.0233351      1.5051817      6.8859772    
   4720000   1.001245       6.014541       1.5018177      6.8796309    
   4730000   1.0033024      6.041411       1.5049037      6.8875129    
   4740000   1.0023205      6.0290824      1.5034309      6.8772901    
   4750000   1.0089407      6.0335816      1.5133609      6.8836852    
   4760000   0.99895327     6.043452       1.4983803      6.8820704    
   4770000   0.99830075     6.0269738      1.4974015      6.8777088    
   4780000   1.0017309      6.0254739      1.5025466      6.8751899    
   4790000   0.99507508     6.0508179      1.4925632      6.893043     
   4800000   0.99210963     6.0239241      1.4881152      6.8794756    
   4810000   0.99520266     6.0357872      1.4927546      6.8868821    
   4820000   1.0061107      6.0313507      1.509116       6.8878976    
   4830000   1.0043587      6.0377433      1.5064881      6.8888444    
   4840000   0.99947558     6.0351646      1.4991637      6.8904709    
   4850000   0.99828105     6.0210333      1.497372       6.8825569    
   4860000   0.99537109     6.0409329      1.4930072      6.8812974    
   4870000   0.99447406     6.0342989      1.4916617      6.887806     
   4880000   0.99816528     6.0376513      1.4971983      6.8779856    
   4890000   0.99128815     6.0317447      1.486883       6.886587     
   4900000   0.99075695     6.0226462      1.4860862      6.8758142    
   4910000   0.99641877     6.0308479      1.4945787      6.8860843    
   4920000   1.0020356      6.036247       1.5030036      6.884394     
   4930000   1.0029704      6.0365411      1.5044058      6.8868135    
   4940000   0.99984343     6.0341917      1.4997155      6.8850444    
   4950000   0.99907564     6.0190836      1.4985638      6.8741336    
   4960000   0.995168       6.04599        1.4927026      6.8830043    
   4970000   1.0021005      6.0397147      1.503101       6.8836216    
   4980000   1.0018285      6.0324076      1.502693       6.8826277    
   4990000   1.0067373      6.0314943      1.510056       6.8855061    
   5000000   1.0001637      6.025846       1.5001958      6.8724029    
   5010000   0.99960407     6.0296958      1.4993565      6.8826713    
   5020000   1.0008886      6.0252774      1.5012832      6.8835415    
   5030000   0.99035132     6.0297282      1.4854778      6.886167     
   5040000   0.99567975     6.0282773      1.4934702      6.8872022    
   5050000   0.9951277      6.0194079      1.4926421      6.8787959    
   5060000   0.99726536     6.0147688      1.4958485      6.8747098    
   5070000   0.99467039     6.0269846      1.4919562      6.8812739    
   5080000   1.0072913      6.0380294      1.5108869      6.8884293    
   5090000   1.0040226      6.0385256      1.505984       6.8891036    
   5100000   1.0001689      6.0353262      1.5002037      6.8818586    
   5110000   0.99458495     6.0319255      1.491828       6.8898917    
   5120000   1.0081373      6.0299081      1.5121559      6.8820733    
   5130000   1.0009855      6.0247424      1.5014285      6.8842067    
   5140000   1.0047373      6.0344861      1.507056       6.8851484    
   5150000   0.99848218     6.0269539      1.4976737      6.8829125    
   5160000   0.99467318     6.0285842      1.4919604      6.8856729    
   5170000   0.99843474     6.0319916      1.4976025      6.8853894    
   5180000   0.99989866     6.0222784      1.4997983      6.8840243    
   5190000   0.99651557     6.0424849      1.4947239      6.8849658    
   5200000   0.99899027     6.0162323      1.4984358      6.8786989    
   5210000   0.99956741     6.028224       1.4993015      6.879904     
   5220000   0.9960951      6.025328       1.4940932      6.8858423    
   5230000   1.0076851      6.02628        1.5114775      6.8823445    
   5240000   0.99599928     6.0433014      1.4939495      6.8958992    
   5250000   0.99309515     6.0420189      1.4895934      6.8885695    
   5260000   0.99601128     6.0387399      1.4939674      6.8893655    
   5270000   1.0092833      6.0507945      1.5138749      6.8870374    
   5280000   0.99884769     6.0346253      1.4982219      6.888692     
   5290000   0.99874462     6.0298897      1.4980673      6.8883462    
   5300000   1.0028292      6.0141337      1.504194       6.8790826    
   5310000   1.0032631      6.0280043      1.5048448      6.8852566    
   5320000   1.0051718      6.0214449      1.5077078      6.8770713    
   5330000   1.0040604      6.01427        1.5060408      6.8797438    
   5340000   0.99428395     6.0269645      1.4913765      6.882864     
   5350000   1.0024477      6.0264626      1.5036218      6.8780053    
   5360000   0.99793539     6.0285298      1.4968535      6.8750796    
   5370000   0.9932221      6.0148987      1.4897838      6.8858953    
   5380000   1.0058121      6.0060556      1.5086682      6.8770724    
   5390000   1.0014901      6.017709       1.5021854      6.8837271    
   5400000   0.99958482     6.0204708      1.4993276      6.8823759    
   5410000   0.9972427      6.0352771      1.4958145      6.8897917    
   5420000   1.002007       6.0135272      1.5029607      6.8808776    
   5430000   0.9908796      6.0086116      1.4862702      6.8788905    
   5440000   0.9993616      6.0107225      1.4989928      6.8823065    
   5450000   0.99964224     6.0299233      1.4994137      6.887716     
   5460000   1.003298       6.027679       1.5048972      6.8886756    
   5470000   0.99964226     6.0335488      1.4994137      6.8802011    
   5480000   1.0094257      6.0260818      1.5140884      6.8794221    
   5490000   1.0009579      6.0382733      1.5013872      6.8866797    
   5500000   0.99876619     6.0337179      1.4980997      6.8867997    
   5510000   0.99524695     6.0310328      1.492821       6.8809485    
   5520000   1.0061628      6.0316854      1.5091942      6.8862903    
   5530000   0.99859669     6.0378105      1.4978454      6.8833358    
   5540000   1.0016237      6.0348762      1.5023858      6.8851814    
   5550000   0.99587349     6.0340422      1.4937608      6.8853119    
   5560000   0.99611589     6.0184513      1.4941244      6.8775135    
   5570000   1.0082559      6.0138469      1.5123338      6.879958     
   5580000   1.006252       6.0296651      1.5093281      6.8859094    
   5590000   0.99261705     6.024906       1.4888763      6.884395     
   5600000   0.99691644     6.0247873      1.4953251      6.8839321    
   5610000   0.99496972     6.0313664      1.4924052      6.8811765    
   5620000   1.0009972      6.0244844      1.5014461      6.8839963    
   5630000   0.99644341     6.033847       1.4946156      6.8905627    
   5640000   0.99563187     6.0391912      1.4933984      6.89259      
   5650000   0.99365712     6.0201293      1.4904363      6.8789609    
   5660000   1.0030166      6.0301112      1.504475       6.8904725    
   5670000   1.0036764      6.0202508      1.5054647      6.8813465    
   5680000   0.99972227     6.0198125      1.4995337      6.8844277    
   5690000   0.99066401     6.0120025      1.4859468      6.8867839    
   5700000   1.00364        6.0164342      1.5054102      6.8847514    
   5710000   0.99618864     6.0064459      1.4942335      6.8759206    
   5720000   1.004362       6.0001693      1.5064931      6.8773167    
   5730000   1.0024533      6.0179806      1.5036302      6.8819592    
   5740000   1.002575       6.0212769      1.5038127      6.8821117    
   5750000   0.99555578     6.0171079      1.4932842      6.8809004    
   5760000   1.0053651      6.0262514      1.5079977      6.8850486    
   5770000   1.0021458      6.0295177      1.5031689      6.8826845    
   5780000   1.0002038      6.0235148      1.500256       6.8790905    
   5790000   1.0004351      6.0207914      1.500603       6.8845295    
   5800000   0.99548759     6.0114674      1.4931819      6.881181     
   5810000   0.99693484     6.0219879      1.4953527      6.8789298    
   5820000   1.0012715      6.0228673      1.5018575      6.8837207    
   5830000   1.0018167      6.018917       1.5026752      6.887013     
   5840000   1.0068759      5.9997076      1.5102638      6.8735398    
   5850000   1.0099257      6.0163719      1.5148384      6.876111     
   5860000   1.0084025      6.0394086      1.5125536      6.8985688    
   5870000   1.0069012      6.0145184      1.5103018      6.8806971    
   5880000   0.9972213      6.0125449      1.4957824      6.8864505    
   5890000   0.9997836      6.0187265      1.4996257      6.879129     
   5900000   0.99559458     6.0182159      1.4933424      6.8816267    
   5910000   1.0034469      6.0221509      1.5051205      6.880932     
   5920000   1.0068236      6.0132906      1.5101855      6.8826053    
   5930000   1.0013605      6.0073289      1.501991       6.8853696    
   5940000   0.99417595     5.9979869      1.4912146      6.8764316    
   5950000   0.991699       6.0136733      1.4874992      6.88579      
   5960000   1.0002014      6.0168792      1.5002524      6.8849884    
   5970000   0.99997056     5.9873083      1.4999062      6.8766576    
   5980000   1.0033691      5.9955893      1.5050038      6.8746303    
   5990000   0.99693975     6.0179724      1.4953601      6.884994     
   6000000   1.0045599      6.0210026      1.50679        6.8812751    
   6010000   0.99601279     5.9901568      1.4939697      6.8689757    
   6020000   1.0064054      5.9978038      1.5095581      6.8755674    
   6030000   0.9956772      6.0193351      1.4934663      6.8880392    
   6040000   1.0005107      6.0282934      1.5007163      6.8876941    
   6050000   1.0049339      6.0072883      1.507351       6.8833956    
   6060000   1.0006898      6.0167761      1.5009849      6.8765207    
   6070000   1.0000821      6.0209594      1.5000734      6.8883969    
   6080000   1.0073036      6.0007417      1.5109054      6.8779759    
   6090000   1.0012001      6.0092344      1.5017504      6.8777676    
   6100000   0.99350468     6.0263335      1.4902077      6.8822088    
   6110000   0.99838506     6.0364388      1.497528       6.8961422    
   6120000   0.99686989     6.0162446      1.4952553      6.8882677    
   6130000   1.004164       6.0170271      1.5061962      6.8893857    
   6140000   1.0027811      6.0235975      1.5041219      6.8856393    
   6150000   1.0004722      6.015129       1.5006586      6.8841384    
   6160000   1.0103183      6.0256077      1.5154273      6.88631      
   6170000   0.99269939     6.0199894      1.4889998      6.8815587    
   6180000   1.0041239      6.0150152      1.506136       6.8795411    
   6190000   0.99474878     6.0356437      1.4920738      6.8910318    
   6200000   1.0022804      6.0268671      1.5033708      6.8852899    
   6210000   1.0028126      6.0271167      1.504169       6.8792234    
   6220000   0.9926088      6.0370492      1.4888639      6.8848328    
   6230000   0.99205075     6.0267367      1.4880269      6.8805619    
   6240000   1.0077111      6.0186375      1.5115166      6.8811856    
   6250000   0.99773387     6.0170653      1.4965512      6.877759     
   6260000   0.99484364     6.0371624      1.492216       6.8927904    
   6270000   1.0030199      6.0399654      1.50448        6.8871547    
   6280000   0.99834632     6.0177043      1.4974699      6.8824532    
   6290000   1.0026696      6.0277764      1.5039545      6.8825132    
   6300000   0.99613609     6.0179928      1.4941547      6.8834827    
   6310000   1.0150957      5.9982843      1.5225931      6.8695739    
   6320000   0.99768008     6.0019007      1.4964706      6.8803995    
   6330000   1.0119781      6.016936       1.5179169      6.884167     
   6340000   0.99786104     6.0266051      1.496742       6.8913412    
   6350000   0.99374762     6.0284516      1.4905721      6.8854429    
   6360000   0.99537698     6.0067102      1.493016       6.8766432    
   6370000   1.0023962      6.0123906      1.5035446      6.8856274    
   6380000   0.9984179      6.0140016      1.4975773      6.879456     
   6390000   0.99765049     6.0171683      1.4964262      6.879854     
   6400000   0.99238161     6.0153143      1.4885231      6.878481     
   6410000   0.98755853     6.0198696      1.4812887      6.891664     
   6420000   1.0035816      6.0070534      1.5053226      6.8822523    
   6430000   1.0108144      6.0173296      1.5161714      6.8869553    
   6440000   0.99605933     5.9990821      1.4940395      6.8722674    
   6450000   0.99345823     6.0127126      1.490138       6.8801674    
   6460000   0.99798465     5.9996797      1.4969274      6.8897549    
   6470000   1.0041265      5.9994567      1.5061399      6.8885074    
   6480000   0.99070602     6.0018213      1.4860098      6.876499     
   6490000   1.0038018      6.0058737      1.5056529      6.8797406    
   6500000   0.99334136     6.0100402      1.4899627      6.8868195    
   6510000   0.98941529     6.0051722      1.4840738      6.8898365    
   6520000   1.0051638      6.0119269      1.5076957      6.8847158    
   6530000   0.99661863     6.0106503      1.4948784      6.8854591    
   6540000   1.0089228      6.0045106      1.5133341      6.8821112    
   6550000   0.99843891     5.9909054      1.4976088      6.8781062    
   6560000   0.99422421     6.0201925      1.4912869      6.8855955    
   6570000   0.98999611     6.0106786      1.484945       6.8845642    
   6580000   1.0003428      6.0273735      1.5004644      6.8865656    
   6590000   0.9949126      6.0124234      1.4923195      6.8840219    
   6600000   1.0017354      6.0128188      1.5025534      6.886895     
   6610000   0.98389832     6.0120004      1.4757986      6.8902082    
   6620000   1.0022081      6.0052834      1.5032623      6.8832489    
   6630000   0.99864215     6.0192789      1.4979136      6.8856475    
   6640000   1.0099668      6.0159702      1.5149         6.8863526    
   6650000   0.99723624     6.0174992      1.4958048      6.8861303    
   6660000   0.99077009     6.0362241      1.4861059      6.9004955    
   6670000   1.0055874      6.0228197      1.5083312      6.8831385    
   6680000   0.99566864     6.0011843      1.4934535      6.8809043    
   6690000   0.98317234     6.0166403      1.4747097      6.8829242    
   6700000   1.0000962      6.0162131      1.5000946      6.8905003    
   6710000   1.0100575      6.0093805      1.5150361      6.8826273    
   6720000   1.003154       6.009031       1.5046812      6.8777936    
   6730000   1.0052339      6.0077623      1.507801       6.8826887    
   6740000   1.0050269      6.0043471      1.5074904      6.8793935    
   6750000   0.99661918     6.0241503      1.4948793      6.883367     
   6760000   0.99734352     6.0105528      1.4959657      6.8842656    
   6770000   1.006244       6.0128283      1.509316       6.8930037    
   6780000   1.0007501      6.0166877      1.5010755      6.878638     
   6790000   1.0074171      6.0085944      1.5110756      6.8840211    
   6800000   1.0046172      6.0132945      1.5068758      6.878486     
   6810000   1.0031001      6.00543        1.5046004      6.8777883    
   6820000   0.99586649     6.0173901      1.4937503      6.8859232    
   6830000   1.0036939      6.0113204      1.505491       6.881917     
   6840000   0.99285226     6.013713       1.4892291      6.8903708    
   6850000   0.99108387     6.0075197      1.4865766      6.8827764    
   6860000   0.9966085      6.0280609      1.4948632      6.8912649    
   6870000   1.0036673      6.022962       1.5054511      6.8824485    
   6880000   1.0071984      6.0253767      1.5107476      6.8890162    
   6890000   0.99868856     6.00637        1.4979832      6.8801578    
   6900000   0.9971526      5.9968233      1.4956794      6.8784489    
   6910000   1.0005816      6.0059147      1.5008228      6.8761828    
   6920000   1.0046621      6.0273837      1.5069433      6.891724     
   6930000   0.998437       6.0261204      1.4976059      6.8857272    
   6940000   1.0006941      5.9995829      1.5009915      6.8719265    
   6950000   0.9937016      6.0246456      1.490503       6.8826046    
   6960000   1.0044211      6.0172697      1.5065817      6.881745     
   6970000   1.0060236      6.0134214      1.5089854      6.8811972    
   6980000   0.98960501     6.0277013      1.4843584      6.8864599    
   6990000   0.99771879     6.02634        1.4965286      6.8852619    
   7000000   1.0047845      6.0392928      1.5071268      6.8976411    
   7010000   1.0040298      6.01376        1.5059949      6.8757457    
   7020000   0.99504791     6.0154863      1.4925224      6.8807906    
   7030000   0.99927296     6.0195942      1.4988598      6.8829271    
   7040000   1.0045303      6.0319438      1.5067456      6.8889369    
   7050000   0.99728125     6.0274461      1.4958723      6.8874286    
   7060000   1.0004939      6.0269668      1.5006912      6.8883856    
   7070000   0.99125896     6.029453       1.4868392      6.8875032    
   7080000   0.99362329     6.022663       1.4903856      6.8785451    
   7090000   1.0054791      6.0218772      1.5081688      6.8801775    
   7100000   0.99343729     6.0293167      1.4901066      6.8794998    
   7110000   1.0022597      6.0221943      1.5033398      6.8810063    
   7120000   1.0000339      6.0184568      1.5000011      6.8762532    
   7130000   0.99380161     6.0099949      1.4906531      6.8779033    
   7140000   1.0038063      6.0033751      1.5056596      6.8798807    
   7150000   0.99717692     6.0017997      1.4957158      6.8720612    
   7160000   0.99906788     6.0099835      1.4985522      6.8813942    
   7170000   0.99936725     6.0154809      1.4990012      6.879942     
   7180000   0.99626802     6.0232408      1.4943526      6.8940808    
   7190000   1.0100048      6.0108548      1.514957       6.8867063    
   7200000   1.0141642      6.0098809      1.5211959      6.881298     
   7210000   1.0007449      6.0262047      1.5010676      6.8898128    
   7220000   1.006008       6.0216883      1.508962       6.8865956    
   7230000   0.9959138      6.0031707      1.4938212      6.8802588    
   7240000   0.99583271     6.0114619      1.4936996      6.8794793    
   7250000   0.9964417      6.0013005      1.4946131      6.8798646    
   7260000   1.0021104      6.0210804      1.5031159      6.8805927    
   7270000   0.9993173      6.0056207      1.4989263      6.8872596    
   7280000   0.99051586     6.0181859      1.4857246      6.8869682    
   7290000   0.99554295     6.0118603      1.493265       6.8845788    
   7300000   1.0025292      6.0157475      1.503744       6.8836609    
   7310000   0.99990305     6.0145794      1.4998049      6.8776212    
   7320000   1.0055125      6.0111515      1.5082188      6.8795228    
   7330000   0.99663074     5.9989099      1.4948966      6.8772421    
   7340000   1.0062458      6.0084319      1.5093186      6.8755148    
   7350000   0.99964292     6.016819       1.4994147      6.877699     
   7360000   0.99800784     6.0175394      1.4969622      6.8879979    
   7370000   0.99750537     6.009771       1.4962085      6.8876749    
   7380000   1.00346        6.0157825      1.5051401      6.8827649    
   7390000   1.0068519      6.027888       1.5102279      6.8841981    
   7400000   1.0079128      6.0208959      1.5118191      6.8867222    
   7410000   0.99431062     6.0235078      1.4914165      6.8855266    
   7420000   0.99848343     5.9932457      1.4976756      6.871666     
   7430000   1.0020571      6.023231       1.5030359      6.8921177    
   7440000   1.0019917      6.0286476      1.5029378      6.8882897    
   7450000   0.99740264     6.0177748      1.4960544      6.8807241    
   7460000   0.99778402     6.0161846      1.4966265      6.8863978    
   7470000   1.007278       6.0175239      1.5108669      6.8824854    
   7480000   0.99370086     6.0093003      1.4905019      6.8808678    
   7490000   0.99458833     6.0158106      1.4918331      6.8772558    
   7500000   1.0008687      6.0242049      1.5012534      6.8837746    
   7510000   0.99609686     6.0168194      1.4940958      6.8843178    
   7520000   1.0026561      6.0218266      1.5039344      6.8857377    
   7530000   0.99712237     6.0115746      1.495634       6.8794041    
   7540000   0.99986609     6.0311757      1.4997495      6.8855647    
   7550000   1.0062481      6.0128861      1.5093222      6.8837226    
   7560000   1.0047381      6.0099805      1.5070573      6.8748051    
   7570000   0.98796069     6.0194087      1.481892       6.8857912    
   7580000   0.99812537     6.0275612      1.4971385      6.888276     
   7590000   0.99588614     6.0148525      1.4937798      6.8812622    
   7600000   1.001948       6.0086146      1.5028723      6.8817924    
   7610000   0.9898453      6.0104862      1.4847188      6.8890943    
   7620000   0.99433105     6.0220843      1.4914472      6.8814843    
   7630000   1.0007559      6.0191323      1.5010842      6.8796765    
   7640000   1.0058656      6.0090307      1.5087485      6.8789611    
   7650000   0.99613491     6.0095864      1.4941529      6.8867285    
   7660000   1.0035799      6.0138908      1.50532        6.8831057    
   7670000   0.99591251     6.0235498      1.4938193      6.8878675    
   7680000   0.99712343     6.0216184      1.4956356      6.8859948    
   7690000   0.99726961     6.0271256      1.4958549      6.886416     
   7700000   1.0006186      6.0240109      1.5008781      6.8897435    
   7710000   0.99751434     6.0055158      1.496222       6.8778711    
   7720000   0.99726821     6.0163553      1.4958528      6.888438     
   7730000   1.0040964      6.0069472      1.5060947      6.8852559    
   7740000   1.0034036      6.0107708      1.5050556      6.8794222    
   7750000   1.0032677      6.0161264      1.5048517      6.8859568    
   7760000   0.99349931     6.0108485      1.4901996      6.8816711    
   7770000   0.9987089      6.023945       1.4980137      6.887797     
   7780000   1.0101766      6.0224569      1.5152147      6.8840635    
   7790000   0.99376486     6.0049219      1.4905979      6.8824234    
   7800000   1.0016109      6.0109565      1.5023666      6.8805356    
   7810000   0.99154685     6.0170657      1.487271       6.8826522    
   7820000   0.99256987     6.018864       1.4888055      6.8871093    
   7830000   0.99886144     6.0072415      1.4982425      6.8721984    
   7840000   0.98920301     6.0388945      1.4837554      6.8834137    
   7850000   1.0015689      6.0255909      1.5023037      6.8810857    
   7860000   1.0002109      6.0050762      1.5002666      6.8798892    
   7870000   1.0000543      6.0095653      1.5000318      6.879678     
   7880000   1.0015623      6.0148186      1.5022937      6.8909197    
   7890000   1.0003594      5.9911778      1.5004894      6.8783297    
   7900000   1.0033688      6.0130621      1.5050033      6.8873487    
   7910000   0.99280544     6.0111732      1.4891589      6.8854981    
   7920000   1.0031412      6.0128422      1.504662       6.8839071    
   7930000   1.0001144      6.0010617      1.5001219      6.8753377    
   7940000   1.0025217      6.0088112      1.5037327      6.8813569    
   7950000   1.0022053      6.0079198      1.5032582      6.8807673    
   7960000   1.004163       6.0135125      1.5061946      6.8841977    
   7970000   0.99671128     6.0079806      1.4950174      6.8763511    
   7980000   0.99633296     6.0286133      1.49445        6.8910333    
   7990000   0.99892924     6.005993       1.4983443      6.8797591    
   8000000   0.99424485     6.0227563      1.4913179      6.8884998    
   8010000   0.99817331     6.0087395      1.4972104      6.8757396    
   8020000   1.0090887      6.004777       1.513583       6.8848133    
   8030000   0.99850184     6.0150771      1.4977032      6.8821233    
   8040000   1.0027107      6.0256244      1.5040162      6.8875163    
   8050000   1.000351       5.9943561      1.5004768      6.8761558    
   8060000   0.99409086     5.9935656      1.4910869      6.8776488    
   8070000   0.98909945     6.0126356      1.4836         6.883738     
   8080000   1.0071945      6.0033019      1.5107417      6.8749641    
   8090000   0.99993185     6.0121783      1.4998481      6.8835281    
   8100000   0.99955512     6.013765       1.499283       6.8883458    
   8110000   0.99695845     6.0083539      1.4953882      6.8810905    
   8120000   0.99583143     5.9913782      1.4936977      6.8806711    
   8130000   0.99634774     6.0171239      1.4944721      6.8927843    
   8140000   0.99416952     5.992917       1.4912049      6.8831241    
   8150000   0.99982638     5.9832032      1.4996899      6.8767732    
   8160000   0.99973936     5.9993836      1.4995594      6.8773992    
   8170000   1.0041489      5.9842403      1.5061735      6.8781703    
   8180000   1.0053028      5.9996721      1.5079043      6.8857108    
   8190000   0.99131113     5.9912245      1.4869175      6.8753846    
   8200000   0.99803001     6.0022955      1.4969954      6.8881406    
   8210000   0.99539841     5.9764023      1.4930482      6.8834666    
   8220000   1.0074197      5.9870282      1.5110796      6.8822144    
   8230000   0.99804343     5.9902149      1.4970156      6.8791956    
   8240000   1.0013851      5.9976442      1.5020279      6.8741151    
   8250000   0.99553858     6.0069186      1.4932584      6.8832271    
   8260000   1.000115       6.0008163      1.5001228      6.8798226    
   8270000   0.99556456     6.0169191      1.4932974      6.8799339    
   8280000   1.0006583      5.9862959      1.5009377      6.8789549    
   8290000   0.99900306     5.9835952      1.498455       6.8763238    
   8300000   1.0045455      6.0062458      1.5067684      6.8833667    
   8310000   1.0012812      6.0149073      1.501872       6.8869084    
   8320000   1.0050648      6.0094913      1.5075472      6.8766348    
   8330000   0.99899893     6.0131595      1.4984488      6.8812487    
   8340000   0.99959277     6.0074636      1.4993395      6.8775378    
   8350000   1.0028584      6.0046458      1.5042377      6.8746943    
   8360000   1.0044401      6.0099195      1.5066102      6.8882381    
   8370000   1.0027122      5.9935193      1.5040185      6.8813078    
   8380000   0.99979513     6.0001579      1.499643       6.8816533    
   8390000   0.99615018     5.9912574      1.4941758      6.8812645    
   8400000   0.99839225     6.0142095      1.4975388      6.8868025    
   8410000   1.0017066      5.9870613      1.5025102      6.8706603    
   8420000   1.0090119      5.9998275      1.5134678      6.8825839    
   8430000   1.000246       6.0132353      1.5003194      6.8892564    
   8440000   0.99831608     6.012791       1.4974245      6.8891471    
   8450000   1.00745        6.00011        1.511125       6.8875572    
   8460000   0.99248877     6.0092237      1.4886839      6.8820749    
   8470000   0.99204461     5.9956561      1.4880176      6.8743331    
   8480000   0.99854006     6.0189656      1.4977605      6.8850883    
   8490000   0.99742784     6.0134092      1.4960922      6.884136     
   8500000   1.0110291      5.9992467      1.5164935      6.8739489    
   8510000   1.0008471      6.0100427      1.501221       6.8833017    
   8520000   1.0007133      6.0157839      1.5010202      6.8851949    
   8530000   1.0002418      6.0227275      1.5003131      6.8895483    
   8540000   0.99635361     6.014889       1.4944809      6.8841       
   8550000   0.99683762     6.0088291      1.4952069      6.8827039    
   8560000   1.0002133      6.022358       1.5002703      6.8905468    
   8570000   1.0015507      6.0121106      1.5022763      6.887385     
   8580000   1.0071486      6.0243103      1.5106729      6.886079     
   8590000   0.99612389     6.0143525      1.4941364      6.8852389    
   8600000   1.0042865      6.0229154      1.5063799      6.8815078    
   8610000   1.0036496      6.0169115      1.5054245      6.8832572    
   8620000   1.0024419      6.0173115      1.5036131      6.8896013    
   8630000   0.99985473     6.0096368      1.4997324      6.8889494    
   8640000   0.991091       6.0136113      1.4865873      6.8832513    
   8650000   0.99739289     6.0098707      1.4960398      6.880328     
   8660000   1.0001304      6.0048711      1.500146       6.8754125    
   8670000   1.0008423      6.013214       1.5012137      6.8840551    
   8680000   0.99380193     6.0090938      1.4906535      6.8773287    
   8690000   0.99636569     6.0168495      1.494499       6.8869068    
   8700000   1.0147233      6.0066174      1.5220346      6.8812661    
   8710000   0.99744669     6.0131926      1.4961205      6.8825322    
   8720000   1.0017885      6.0108874      1.5026329      6.8800187    
   8730000   1.0070655      6.0016878      1.5105482      6.8846658    
   8740000   0.99407967     6.0132529      1.4910701      6.8844321    
   8750000   1.0063708      6.0093424      1.5095063      6.8805473    
   8760000   1.0033416      6.0057053      1.5049625      6.8821092    
   8770000   0.99702322     6.0069662      1.4954853      6.8804135    
   8780000   1.0059684      6.0131102      1.5089026      6.8830409    
   8790000   1.0025267      5.9998797      1.5037402      6.8839931    
   8800000   0.99998516     5.9986445      1.4999281      6.8801984    
   8810000   1.0084877      6.0031917      1.5126815      6.8814214    
   8820000   1.0045907      6.0257978      1.5068362      6.8836152    
   8830000   1.0049776      6.012174       1.5074165      6.8761919    
   8840000   0.99761764     6.0174873      1.4963769      6.8886743    
   8850000   0.99543479     6.0136927      1.4931027      6.8844031    
   8860000   1.0015277      6.0072456      1.5022419      6.8806583    
   8870000   1.0070021      6.0171196      1.5104532      6.883385     
   8880000   0.99886752     5.9999493      1.4982517      6.8776463    
   8890000   1.0051165      6.0175324      1.5076249      6.8849512    
   8900000   0.99764014     6.0097891      1.4964107      6.8832568    
   8910000   1.004261       6.0098504      1.5063417      6.8858106    
   8920000   0.99444487     6.0116379      1.4916179      6.888062     
   8930000   0.99761273     6.0055925      1.4963695      6.8833213    
   8940000   0.99189552     6.0055646      1.487794       6.8832588    
   8950000   1.0022985      6.0038403      1.503398       6.8830553    
   8960000   0.99572142     5.9904349      1.4935327      6.874566     
   8970000   0.99936699     6.001571       1.4990009      6.8826256    
   8980000   0.99637797     6.0182063      1.4945175      6.8798919    
   8990000   0.99898224     6.0144544      1.4984237      6.8866353    
   9000000   0.99432927     6.0171584      1.4914445      6.8864512    
   9010000   0.99767854     6.0013348      1.4964683      6.8797393    
   9020000   0.99546325     6.0068936      1.4931454      6.8815523    
   9030000   1.0003686      6.0176557      1.5005032      6.8910748    
   9040000   1.0044895      6.0098671      1.5066843      6.8856067    
   9050000   0.9989924      6.0077043      1.498439       6.8792924    
   9060000   0.99089018     6.0297917      1.4862861      6.8891562    
   9070000   1.0001293      6.010879       1.5001443      6.8809773    
   9080000   1.0057532      6.0039485      1.5085798      6.8786399    
   9090000   0.98991961     6.0265162      1.4848302      6.8846675    
   9100000   1.0021897      6.020677       1.5032348      6.8883576    
   9110000   1.0031912      6.0223829      1.5047369      6.8835512    
   9120000   1.0001562      6.0159237      1.5001847      6.8876254    
   9130000   0.99455627     6.0151128      1.491785       6.8884864    
   9140000   0.99984347     6.0163748      1.4997155      6.8859594    
   9150000   1.0047886      6.0134924      1.507133       6.88997      
   9160000   1.001166       6.0126189      1.5016993      6.8891673    
   9170000   1.0004279      6.0147794      1.5005921      6.8851341    
   9180000   1.002286       6.0100482      1.5033792      6.8811905    
   9190000   0.99668735     6.0095514      1.4949815      6.8801343    
   9200000   0.99615294     6.0206465      1.4941799      6.8873603    
   9210000   0.99821619     6.0127467      1.4972747      6.8785775    
   9220000   1.0088432      6.0100683      1.5132147      6.8811046    
   9230000   1.0026339      6.0111269      1.503901       6.8868746    
   9240000   0.99953888     5.999802       1.4992587      6.8807832    
   9250000   1.0056176      5.9921939      1.5083765      6.8830974    
   9260000   1.0096594      6.0081661      1.5144389      6.8872758    
   9270000   1.0015043      6.0074129      1.5022067      6.883357     
   9280000   0.99955877     6.0015613      1.4992885      6.8813303    
   9290000   1.0058642      6.0135459      1.5087463      6.8938282    
   9300000   1.009887       5.9944112      1.5147803      6.8783256    
   9310000   1.0041611      5.9912062      1.5061918      6.8777008    
   9320000   1.0004104      5.9983397      1.5005658      6.8847598    
   9330000   0.99605637     6.0000244      1.4940351      6.8814654    
   9340000   1.0017977      5.9904824      1.5026468      6.8778361    
   9350000   0.99331103     6.0010422      1.4899172      6.8799096    
   9360000   1.0000985      6.0086087      1.500098       6.886561     
   9370000   0.99953502     5.9966509      1.4992529      6.8836657    
   9380000   1.0000765      6.0184615      1.500065       6.8853567    
   9390000   0.99865502     6.0218089      1.4979329      6.8871006    
   9400000   0.99624041     6.0091513      1.4943111      6.8799701    
   9410000   0.99788339     6.0192987      1.4967755      6.8758948    
   9420000   1.0086118      6.0095608      1.5128676      6.879808     
   9430000   1.0026438      6.0056249      1.5039159      6.8799977    
   9440000   1.0084176      5.9935319      1.5125764      6.8812094    
   9450000   1.0024232      6.0014793      1.503585       6.8786927    
   9460000   1.0019681      5.9975613      1.5029023      6.8773854    
   9470000   1.0040479      5.9821698      1.506022       6.8732214    
   9480000   0.99804004     5.9820808      1.4970105      6.8749252    
   9490000   1.0096126      5.9940781      1.5143687      6.8855476    
   9500000   1.003013       6.0011478      1.5044696      6.8806835    
   9510000   0.99521954     5.991851       1.4927799      6.8714684    
   9520000   0.99155143     6.0148742      1.4872779      6.882745     
   9530000   0.99980161     5.9972203      1.4996528      6.880522     
   9540000   0.99673155     6.0001421      1.4950478      6.881731     
   9550000   0.99785654     5.9966122      1.4967353      6.8819017    
   9560000   1.0018458      5.9980943      1.5027189      6.8886277    
   9570000   1.0000367      6.0017413      1.5000054      6.888635     
   9580000   0.99508092     5.9940794      1.492572       6.8795548    
   9590000   1.008982       6.0019925      1.5134229      6.8860148    
   9600000   0.99030827     5.9928013      1.4854132      6.8830919    
   9610000   1.0094887      6.0012586      1.5141829      6.8868429    
   9620000   0.99954681     6.008166       1.4992706      6.8821602    
   9630000   0.99694094     6.0033015      1.4953619      6.8796392    
   9640000   0.99708168     5.9969468      1.495573       6.8795637    
   9650000   1.0000361      5.9987966      1.5000046      6.8765542    
   9660000   1.004774       6.0082992      1.5071112      6.8848262    
   9670000   1.0005569      6.0066032      1.5007857      6.8894457    
   9680000   1.0034949      6.0056419      1.5051925      6.8851213    
   9690000   0.99911041     6.0087984      1.498616       6.8800122    
   9700000   1.0024425      6.0153487      1.503614       6.8839772    
   9710000   0.99928712     6.0066417      1.498881       6.8835865    
   9720000   1.0012688      6.0045157      1.5018535      6.8786507    
   9730000   1.0031629      5.9931226      1.5046946      6.8838967    
   9740000   1.0039424      6.0093892      1.5058637      6.8847496    
   9750000   1.0014853      6.0067401      1.5021781      6.8800725    
   9760000   1.0048774      6.0222565      1.5072661      6.8892532    
   9770000   1.0019892      6.0094114      1.502934       6.8803198    
   9780000   0.9986107      6.0215659      1.4978665      6.8889384    
   9790000   1.0073082      6.0005181      1.5109123      6.8758897    
   9800000   1.003771       6.0053515      1.5056066      6.8798944    
   9810000   0.99725896     6.005998       1.4958389      6.8819188    
   9820000   1.0020529      6.007087       1.5030296      6.8852515    
   9830000   0.99313727     6.0181419      1.4896566      6.8773309    
   9840000   0.99016937     6.0203778      1.4852049      6.8881751    
   9850000   1.0047267      5.9924513      1.5070401      6.8705562    
   9860000   0.99334908     6.0118397      1.4899743      6.875635     
   9870000   0.99750906     6.021383       1.4962141      6.8882635    
   9880000   0.99938507     6.0348158      1.499028       6.8895348    
   9890000   0.99882033     6.020615       1.4981809      6.8820674    
   9900000   1.0011289      6.0147402      1.5016437      6.8841476    
   9910000   1.0006641      6.0239983      1.5009465      6.8863284    
   9920000   1.0006841      6.0082098      1.5009765      6.8802992    
   9930000   0.99007411     6.0209275      1.485062       6.8819841    
   9940000   1.0031791      6.0003779      1.5047188      6.8824483    
   9950000   1.0010545      6.0022734      1.501532       6.884998     
   9960000   1.0018871      6.0041071      1.5027809      6.882654     
   9970000   0.99894099     6.0031966      1.4983619      6.8819576    
   9980000   0.99315136     5.9925052      1.4896777      6.8817303    
   9990000   0.99848207     5.9968775      1.4976735      6.8788032    
  10000000   1.0000975      5.9868685      1.5000966      6.8840737    
  10010000   0.99850847     5.9853342      1.4977131      6.877962     
  10020000   1.0037145      5.9999737      1.5055219      6.8820128    
  10030000   0.99462065     5.9906988      1.4918816      6.8776543    
  10040000   0.99309353     6.0182004      1.489591       6.8897461    
  10050000   1.0006926      6.0211985      1.5009892      6.8874182    
  10060000   0.99778869     6.0236821      1.4966335      6.8875677    
  10070000   0.99365499     6.0176736      1.4904331      6.8829993    
  10080000   1.0104344      6.0033308      1.5156015      6.8834664    
  10090000   0.99624724     6.0164389      1.4943214      6.8832399    
  10100000   0.99746294     6.0060505      1.4961449      6.8838668    
  10110000   1.0052695      6.0217533      1.5078544      6.8856393    
  10120000   1.0001678      5.9959602      1.500202       6.8749783    
  10130000   1.0015241      6.0017885      1.5022364      6.8809359    
  10140000   0.99994722     6.0116986      1.4998712      6.8850892    
  10150000   1.0034839      5.9991516      1.5051761      6.87813      
  10160000   1.0067603      6.0104013      1.5100905      6.8885086    
  10170000   0.99543899     6.0059637      1.493109       6.8848481    
  10180000   0.99662205     5.9891004      1.4948836      6.8798297    
  10190000   0.99836908     6.0061115      1.497504       6.8807022    
  10200000   0.98760326     6.0017952      1.4813558      6.8792935    
  10210000   0.99567364     6.0113103      1.493461       6.8825983    
  10220000   0.99221805     6.012991       1.4882778      6.8846537    
  10230000   0.99515437     6.0052467      1.4926821      6.8805883    
  10240000   1.0065503      6.0163183      1.5097755      6.8929428    
  10250000   1.003008       6.0062787      1.5044622      6.8825136    
  10260000   1.009054       5.9928993      1.5135309      6.8791568    
  10270000   1.0076085      6.0074011      1.5113627      6.8837       
  10280000   1.0049217      6.0092306      1.5073326      6.8866862    
  10290000   0.9978493      6.0059087      1.4967244      6.8841436    
  10300000   1.0056361      6.0112649      1.5084042      6.8816992    
  10310000   1.0027488      6.0083346      1.5040734      6.887226     
  10320000   0.99961517     5.9900354      1.4993731      6.8813366    
  10330000   1.0014632      5.9959147      1.5021451      6.8866567    
  10340000   0.9989599      5.9930877      1.4983902      6.8837859    
  10350000   1.0010725      6.0051664      1.5015591      6.8854085    
  10360000   0.99933304     5.9897703      1.4989499      6.8738909    
  10370000   1.003028       5.9999682      1.5044922      6.8819393    
  10380000   1.001567       6.003174       1.5023008      6.8793304    
  10390000   0.99443016     6.0042029      1.4915959      6.8858302    
  10400000   1.0048284      5.9826882      1.5071927      6.884427     
  10410000   1.0027203      6.0106172      1.5040306      6.8922943    
  10420000   1.0004576      5.993874       1.5006367      6.8836377    
  10430000   0.99868453     5.993129       1.4979772      6.8852449    
  10440000   1.0032069      5.9921353      1.5047605      6.8788689    
  10450000   0.99632151     5.9989505      1.4944328      6.8853557    
  10460000   1.0023753      5.9960163      1.5035131      6.8840425    
  10470000   1.0038276      5.9959571      1.5056915      6.8831272    
  10480000   1.0008649      5.9745074      1.5012476      6.8759555    
  10490000   0.99293828     5.9888396      1.4893581      6.88038      
  10500000   1.0057729      5.9868732      1.5086094      6.8812607    
  10510000   1.0039986      6.0109416      1.505948       6.8845574    
  10520000   1.0044344      5.9939431      1.5066018      6.8762732    
  10530000   0.99410051     6.0060119      1.4911014      6.8900918    
  10540000   1.0014454      5.9951138      1.5021183      6.8826374    
  10550000   1.0006861      5.9925437      1.5009795      6.882089     
  10560000   0.99564547     5.9899063      1.4934187      6.8873838    
  10570000   0.99905624     6.000858       1.4985347      6.8850349    
  10580000   1.0098515      5.9932844      1.5147271      6.8831682    
  10590000   1.0004252      5.9964011      1.5005881      6.8773932    
  10600000   1.0007055      6.0010799      1.5010085      6.8829699    
  10610000   0.99973163     5.9846741      1.4995478      6.8820676    
  10620000   0.99573615     5.9836454      1.4935548      6.8780669    
  10630000   0.99938074     5.9897114      1.4990215      6.8855805    
  10640000   1.0037612      5.9801127      1.505592       6.878393     
  10650000   1.0016724      5.9864815      1.5024589      6.8816983    
  10660000   1.0028295      5.9969651      1.5041944      6.8835411    
  10670000   1.002393       5.9753453      1.5035398      6.8749233    
  10680000   0.99860795     5.9922119      1.4978623      6.8836612    
  10690000   1.0131993      5.9720959      1.5197487      6.8715249    
  10700000   0.9973106      5.983665       1.4959164      6.8836723    
  10710000   1.0024005      5.9886886      1.503551       6.8888615    
  10720000   1.003666       5.9821193      1.5054491      6.8790405    
  10730000   0.9961507      5.989653       1.4941766      6.8781088    
  10740000   1.0023849      6.0072689      1.5035276      6.886759     
  10750000   1.0023407      5.9869717      1.5034613      6.8782191    
  10760000   1.0044439      6.0074889      1.5066159      6.8840353    
  10770000   0.99970488     5.9818789      1.4995077      6.8743089    
  10780000   1.0042512      5.9999014      1.5063269      6.8840697    
  10790000   1.0022261      5.9981045      1.5032894      6.8836565    
  10800000   1.004347       5.9942839      1.5064706      6.8777305    
  10810000   0.99906328     5.9951705      1.4985453      6.8827369    
  10820000   1.0004994      6.0000484      1.5006994      6.8877668    
  10830000   0.99144851     6.0024759      1.4871235      6.8815025    
  10840000   0.99598438     6.006328       1.4939271      6.8852613    
  10850000   0.99244558     6.0146709      1.4886191      6.8884081    
  10860000   0.99854957     5.9990319      1.4977748      6.8862102    
  10870000   0.9880309      6.0051778      1.4819973      6.8904852    
  10880000   0.99683941     6.008044       1.4952096      6.8871941    
  10890000   1.0023467      5.9953634      1.5034703      6.8806596    
  10900000   0.99631577     6.0093928      1.4944242      6.884166     
  10910000   1.0024626      5.9945733      1.5036441      6.8744799    
  10920000   1.0015497      6.0037609      1.5022748      6.8825516    
  10930000   0.99971646     6.0051375      1.499525       6.8832525    
  10940000   0.99624911     6.001768       1.4943242      6.8816493    
  10950000   1.009953       6.0025373      1.5148794      6.8872374    
  10960000   0.99786667     6.0075057      1.4967504      6.8810151    
  10970000   1.0003641      6.0013981      1.5004965      6.8824194    
  10980000   0.99769099     6.0074898      1.4964869      6.8811764    
  10990000   0.99565685     5.9974798      1.4934358      6.8831589    
  11000000   1.0006085      6.0040609      1.5008631      6.8823086    
  11010000   1.0007062      6.0063114      1.5010096      6.8822045    
  11020000   1.0047632      6.0163553      1.5070949      6.8834889    
  11030000   1.0020801      5.9996102      1.5030704      6.8794936    
  11040000   1.0004389      5.9871226      1.5006086      6.8775706    
  11050000   0.99990275     5.9862706      1.4998045      6.8748645    
  11060000   1.0066501      5.9968052      1.5099251      6.8766189    
  11070000   1.0049523      6.0056317      1.5073786      6.8854399    
  11080000   1.0040118      6.0039579      1.5059678      6.8803397    
  11090000   1.0018607      6.0150307      1.5027413      6.8838856    
  11100000   1.004205       6.00241        1.5062576      6.8815625    
  11110000   1.0040534      6.0164415      1.5060302      6.8879901    
  11120000   0.99581337     5.9963741      1.4936706      6.8822809    
  11130000   1.0032103      6.0018556      1.5047656      6.8753183    
  11140000   0.9959295      5.9833827      1.4938448      6.8740561    
  11150000   0.99877387     6.0010127      1.4981112      6.8832353    
  11160000   0.99749448     5.9837463      1.4961922      6.8750005    
  11170000   1.0036014      5.9873354      1.5053523      6.8810115    
  11180000   1.008683       5.9999421      1.5129744      6.8817436    
  11190000   0.99973992     6.0086448      1.4995602      6.8867458    
  11200000   1.0028919      6.003466       1.5042881      6.8845107    
  11210000   0.99793502     5.9953457      1.496853       6.8849518    
  11220000   1.0018126      6.0167274      1.5026691      6.8905331    
  11230000   1.0034571      6.0033139      1.5051358      6.8909711    
  11240000   0.99775396     6.0059855      1.4965814      6.8893123    
  11250000   0.99591807     5.9970505      1.4938276      6.877908     
  11260000   1.0005057      5.9887514      1.5007089      6.872369     
  11270000   1.0070656      6.000144       1.5105484      6.8803494    
  11280000   1.0080099      5.9879632      1.5119648      6.8719985    
  11290000   1.0059122      5.9940403      1.5088184      6.8743847    
  11300000   0.99958621     5.9986887      1.4993297      6.8816042    
  11310000   0.99642781     6.0102825      1.4945922      6.8896627    
  11320000   1.0026925      5.9885523      1.503989       6.8778434    
  11330000   1.0027305      6.0138115      1.504046       6.888824     
  11340000   0.99578732     6.0015127      1.4936315      6.8767547    
  11350000   1.0041956      5.9880244      1.5062435      6.8719909    
  11360000   1.000797       6.0017895      1.5011457      6.8845754    
  11370000   0.9998815      6.0070353      1.4997726      6.8846995    
  11380000   1.0049014      5.9883711      1.5073023      6.8757674    
  11390000   1.0030733      5.9956524      1.5045602      6.8786938    
  11400000   1.0077872      6.0075089      1.5116307      6.8917286    
  11410000   1.0024898      6.0085502      1.5036849      6.8875527    
  11420000   1.00053        6.0051069      1.5007454      6.8843866    
  11430000   1.0008641      5.9947524      1.5012464      6.8800226    
  11440000   1.0017503      5.9979123      1.5025757      6.8821532    
  11450000   1.0033168      5.989295       1.5049253      6.8782436    
  11460000   1.0018016      5.9866372      1.5026527      6.8776709    
  11470000   1.0065183      5.9898621      1.5097275      6.8782173    
  11480000   0.99355227     5.9958642      1.4902791      6.8811649    
  11490000   1.0043647      5.9992469      1.5064971      6.8835256    
  11500000   0.99813177     6.0008572      1.4971481      6.8830234    
  11510000   0.98858742     5.9864914      1.482832       6.8726573    
  11520000   1.006161       5.9985826      1.5091915      6.8884777    
  11530000   1.0040932      5.9964512      1.5060899      6.8793501    
  11540000   1.0012087      5.9910874      1.5017633      6.8798465    
  11550000   1.0080899      5.9902636      1.5120847      6.8815019    
  11560000   0.99853789     6.0063393      1.4977572      6.8796241    
  11570000   1.0048156      5.993363       1.5071735      6.8826628    
  11580000   0.99750938     5.9852142      1.4962145      6.8813177    
  11590000   1.0050583      5.9886062      1.5075376      6.8777574    
  11600000   1.0032192      5.9879747      1.504779       6.8784398    
  11610000   0.99938529     6.0030139      1.4990283      6.8816782    
  11620000   1.0003052      5.9930109      1.5004082      6.8872378    
  11630000   0.99740769     5.9802553      1.496062       6.8765632    
  11640000   0.99746427     5.9910229      1.4961469      6.8857846    
  11650000   0.99917392     5.9796124      1.4987113      6.8730651    
  11660000   0.99885198     5.9789748      1.4982284      6.8784272    
  11670000   1.0050723      5.9742208      1.5075585      6.8793589    
  11680000   1.0014393      5.9846719      1.5021092      6.8938124    
  11690000   1.0003763      5.9754819      1.5005148      6.8816189    
  11700000   0.99665921     5.9909401      1.4949393      6.891058     
  11710000   1.0031706      5.9731428      1.5047061      6.8827711    
  11720000   0.99860823     5.9827976      1.4978628      6.8814272    
  11730000   0.99660799     5.9863134      1.4948625      6.8882091    
  11740000   1.0029007      5.9923087      1.5043012      6.8852742    
  11750000   0.99436596     5.995085       1.4914995      6.886511     
  11760000   1.0013912      5.9917712      1.5020371      6.8896971    
  11770000   0.99754591     5.9913264      1.4962693      6.8901095    
  11780000   0.99958919     6.0026053      1.4993341      6.8954909    
  11790000   0.99632476     5.9927488      1.4944377      6.8852882    
  11800000   1.005802       5.9799635      1.5086531      6.8796553    
  11810000   1.0034674      5.9827588      1.5051512      6.8803922    
  11820000   1.0008228      5.9782686      1.5011845      6.8856453    
  11830000   1.0054136      5.9890974      1.5080705      6.882185     
  11840000   0.99335626     5.9910722      1.489985       6.8825525    
  11850000   0.99455605     6.0050519      1.4917847      6.8931267    
  11860000   0.99454853     5.9980637      1.4917734      6.8859053    
  11870000   0.99947867     5.9942356      1.4991684      6.8834374    
  11880000   0.99379834     6.0037552      1.4906482      6.8841349    
  11890000   1.0085529      6.0005863      1.5127792      6.8872596    
  11900000   0.99806905     5.9832062      1.497054       6.8755151    
  11910000   0.99457656     5.9811972      1.4918154      6.8762277    
  11920000   0.99727436     5.9879446      1.495862       6.8827155    
  11930000   1.0024278      5.9750745      1.5035919      6.8740278    
  11940000   1.0034727      5.9961956      1.5051592      6.8781284    
  11950000   0.99705736     5.9969985      1.4955365      6.8825792    
  11960000   1.002294       5.9882132      1.5033912      6.8744265    
  11970000   1.0013704      5.9958212      1.5020058      6.8835128    
  11980000   0.99489997     6.000407       1.4923005      6.8843292    
  11990000   1.0042137      5.9872797      1.5062707      6.8798602    
  12000000   1.0009269      5.9885912      1.5013406      6.8767928    
  12010000   0.9977231      5.9964815      1.4965351      6.8883454    
  12020000   1.0004004      6.0123521      1.500551       6.8916408    
  12030000   1.0077201      6.008134       1.5115301      6.8872192    
  12040000   1.0031014      5.9897826      1.5046022      6.878208     
  12050000   0.99942539     5.9939954      1.4990884      6.8836119    
  12060000   1.0021796      5.996848       1.5032196      6.8813834    
  12070000   1.001889       5.9955686      1.5027837      6.8898174    
  12080000   1.006986       5.9948008      1.510429       6.8823715    
  12090000   0.99900601     5.9987898      1.4984594      6.8833399    
  12100000   1.0054734      5.9907776      1.5081602      6.8819904    
  12110000   0.99320494     5.9882269      1.4897581      6.8793632    
  12120000   1.0002531      5.9889847      1.50033        6.8824465    
  12130000   0.99717089     6.0029802      1.4957068      6.8857977    
  12140000   1.0025567      6.0094456      1.5037853      6.8911592    
  12150000   1.0028452      5.993911       1.504218       6.8798131    
  12160000   0.99568134     5.991695       1.4934726      6.8799605    
  12170000   0.99665813     5.9943758      1.4949377      6.8780964    
  12180000   0.99870189     6.0054768      1.4980032      6.8899275    
  12190000   1.0028347      5.9969196      1.5042023      6.8794633    
  12200000   0.99323262     5.999358       1.4897996      6.8866251    
  12210000   1.0020777      6.0003838      1.5030668      6.8884039    
  12220000   0.99581099     5.9898424      1.493667       6.8768421    
  12230000   0.99748591     5.9884024      1.4961793      6.880423     
  12240000   1.0048867      6.0068949      1.5072801      6.8800381    
  12250000   1.0062222      5.9934494      1.5092833      6.8749767    
  12260000   0.9869291      6.0165142      1.4803446      6.8923446    
  12270000   1.0023763      6.0087794      1.5035146      6.8884874    
  12280000   0.99264845     6.0038987      1.4889234      6.8848823    
  12290000   0.99783666     5.9952907      1.4967054      6.8752233    
  12300000   0.99425671     6.0063086      1.4913357      6.884242     
  12310000   1.0003153      5.9896866      1.5004233      6.8792836    
  12320000   1.0073732      6.0001905      1.5110098      6.8823267    
  12330000   1.0044271      5.997284       1.5065907      6.8837526    
  12340000   1.0066509      6.0220625      1.5099264      6.8808508    
  12350000   1.0047458      5.9956188      1.5070689      6.8796582    
  12360000   0.99422035     5.9916556      1.4912811      6.8853648    
  12370000   0.99306965     5.9812892      1.4895551      6.8818914    
  12380000   0.99957216     5.9981566      1.4993086      6.8818363    
  12390000   0.99837399     5.9811954      1.4975114      6.8774551    
  12400000   0.99986117     6.0069823      1.4997421      6.8850011    
  12410000   0.99956704     5.9931319      1.4993009      6.8848346    
  12420000   0.99625523     5.9992579      1.4943334      6.8834978    
  12430000   0.99517213     5.9812821      1.4927088      6.8842762    
  12440000   1.0043796      5.9834132      1.5065195      6.878165     
  12450000   1.0006674      5.9898301      1.5009513      6.8865738    
  12460000   1.0011739      5.9886229      1.5017112      6.8873242    
  12470000   1.0030271      5.9998956      1.5044908      6.8854055    
  12480000   0.9997738      6.0011459      1.499611       6.8888214    
  12490000   1.0038972      5.9780615      1.505796       6.8780938    
  12500000   0.99888507     5.9804563      1.498278       6.8761973    
  12510000   1.0017416      5.9810217      1.5025626      6.883165     
  12520000   0.99900104     5.9966834      1.4984519      6.8788809    
  12530000   1.0026307      6.0053519      1.5038963      6.8883285    
  12540000   1.0025472      6.0018695      1.503771       6.8851608    
  12550000   1.0004559      5.9938083      1.5006342      6.8863277    
  12560000   1.0096916      6.0008905      1.5144873      6.8887523    
  12570000   0.98905275     5.9893857      1.48353        6.8724782    
  12580000   0.99483113     5.9982899      1.4921973      6.8756536    
  12590000   1.0011997      5.9984246      1.5017498      6.8847072    
  12600000   1.0003057      5.9970311      1.5004089      6.8782273    
  12610000   0.99540204     6.0092304      1.4930536      6.8862976    
  12620000   1.0087144      6.0051867      1.5130214      6.8819493    
  12630000   0.99404074     5.9971178      1.4910117      6.875482     
  12640000   1.0026963      6.0061502      1.5039946      6.8882035    
  12650000   0.99140503     6.0012137      1.4870583      6.8795399    
  12660000   0.99786979     6.0053596      1.4967551      6.8837986    
  12670000   0.99944054     6.01438        1.4991112      6.8877445    
  12680000   1.0027087      6.0063321      1.5040132      6.887021     
  12690000   0.99334086     5.9898722      1.4899619      6.8789954    
  12700000   1.0026949      6.0132051      1.5039925      6.8848214    
  12710000   0.999292       6.0081369      1.4988884      6.8843132    
  12720000   0.999643       5.9972954      1.4994149      6.8870772    
  12730000   1.0043885      6.0033027      1.5065329      6.882017     
  12740000   1.0085882      6.0087134      1.5128322      6.8813127    
  12750000   0.99561217     6.0213271      1.4933688      6.8875678    
  12760000   0.9980039      6.0051371      1.4969563      6.877997     
  12770000   0.99998399     6.0048811      1.4999263      6.8820307    
  12780000   0.9978942      5.9989353      1.4967917      6.8798028    
  12790000   0.99994424     6.0052073      1.4998667      6.8846382    
  12800000   0.99446515     6.024029       1.4916483      6.8858323    
  12810000   1.0034072      6.0059311      1.505061       6.8805556    
  12820000   1.0033802      6.0033982      1.5050205      6.8812947    
  12830000   0.99887154     5.9989485      1.4982577      6.8833963    
  12840000   1.0042543      6.0030785      1.5063315      6.8794776    
  12850000   0.99637771     6.0126387      1.4945171      6.8847148    
  12860000   1.0075764      5.9984886      1.5113146      6.8812836    
  12870000   1.000212       5.9897096      1.5002683      6.8849829    
  12880000   0.99518193     6.0024723      1.4927235      6.8856629    
  12890000   0.99782651     5.9935758      1.4966902      6.8809316    
  12900000   1.0024288      5.9957749      1.5035934      6.8838172    
  12910000   1.0031886      5.9939529      1.504733       6.8841036    
  12920000   1.00207        5.9930548      1.5030553      6.8798567    
  12930000   1.0099191      5.9924619      1.5148285      6.8831408    
  12940000   1.0049343      6.0035733      1.5073515      6.884422     
  12950000   1.0039934      6.002812       1.5059402      6.8856356    
  12960000   1.0014067      6.0053561      1.5020604      6.8820304    
  12970000   0.99921717     6.0054423      1.4987761      6.8839654    
  12980000   1.0094346      6.0098024      1.5141017      6.8898354    
  12990000   1.0049517      5.9955781      1.5073776      6.8756572    
  13000000   0.99813409     6.0049977      1.4971516      6.8815161    
  13010000   0.99682666     6.0028213      1.4951905      6.8812453    
  13020000   0.99628679     6.0020791      1.4943807      6.8862318    
  13030000   0.9985669      5.9942056      1.4978008      6.882707     
  13040000   0.99831196     5.9902824      1.4974184      6.8754958    
  13050000   0.99742033     6.0006513      1.496081       6.8808339    
  13060000   0.99711976     5.9997917      1.4956301      6.8809103    
  13070000   0.99292647     6.0054278      1.4893404      6.8874083    
  13080000   1.0054425      6.0061892      1.5081138      6.8807716    
  13090000   0.99718357     6.0029478      1.4957258      6.8835452    
  13100000   1.0097995      6.0117565      1.5146491      6.883849     
  13110000   0.99976594     6.0088297      1.4995993      6.8809359    
  13120000   0.99772739     5.9955229      1.4965415      6.8795325    
  13130000   1.0046782      6.00979        1.5069673      6.8800984    
  13140000   0.98719872     6.0041604      1.480749       6.8827345    
  13150000   1.0029465      6.0026871      1.5043699      6.8793069    
  13160000   0.99709098     5.9983455      1.4955869      6.8788721    
  13170000   0.99647971     6.011876       1.4946701      6.8811589    
  13180000   0.98758354     6.0056426      1.4813263      6.8789025    
  13190000   0.99837798     6.0212864      1.4975174      6.8861652    
  13200000   1.0011734      6.0110445      1.5017103      6.8768935    
  13210000   0.99574955     6.0116679      1.4935749      6.8779241    
  13220000   1.0010749      6.0116513      1.5015626      6.8843129    
  13230000   1.0041075      6.0044001      1.5061114      6.8803111    
  13240000   0.99534        6.0120676      1.4929606      6.8808       
  13250000   1.0009229      6.0069813      1.5013346      6.8831479    
  13260000   1.0030226      6.0059754      1.5044841      6.8864368    
  13270000   1.0009895      6.0139017      1.5014345      6.8881381    
  13280000   1.0054576      5.9925023      1.5081364      6.8831696    
  13290000   0.99994277     6.0065272      1.4998645      6.8787713    
  13300000   0.99645759     5.988595       1.4946369      6.8768515    
  13310000   1.0041792      6.0080219      1.5062189      6.8765195    
  13320000   0.99735424     5.9995775      1.4959818      6.8830166    
  13330000   0.99817898     5.9922129      1.4972189      6.8718976    
  13340000   0.99164127     6.0043427      1.4874126      6.8845685    
  13350000   0.99903442     6.0077993      1.498502       6.882301     
  13360000   1.004396       6.0121395      1.5065441      6.8802388    
  13370000   0.9944638      6.0075652      1.4916463      6.8776386    
  13380000   0.99513979     5.9952392      1.4926603      6.880526     
  13390000   0.99704975     6.0066995      1.4955251      6.8944844    
  13400000   0.99620022     6.0037108      1.4942508      6.8744546    
  13410000   1.0018055      5.995427       1.5026585      6.8802805    
  13420000   1.0041789      5.9935253      1.5062185      6.8755537    
  13430000   1.0030676      5.9947305      1.5045516      6.8799381    
  13440000   1.0029566      5.9930475      1.504385       6.8869645    
  13450000   1.0047475      5.99053        1.5070713      6.8845866    
  13460000   1.0005907      5.9965571      1.5008364      6.8873339    
  13470000   0.9906322      6.0084856      1.4858991      6.8884201    
  13480000   1.0004964      6.0003543      1.500695       6.8796575    
  13490000   0.99182833     6.0089122      1.4876932      6.8908195    
  13500000   1.0014991      6.009122       1.5021989      6.8828472    
  13510000   1.0010594      6.0119143      1.5015394      6.8847648    
  13520000   0.99785734     6.0017617      1.4967365      6.8847281    
  13530000   0.99456314     5.9917724      1.4917953      6.8836094    
  13540000   1.0061308      6.0042007      1.5091463      6.8786789    
  13550000   0.99168152     6.0208461      1.487473       6.8924129    
  13560000   1.0053076      5.9941391      1.5079114      6.8859245    
  13570000   1.0085108      5.9850187      1.5127161      6.8764069    
  13580000   0.99739078     6.0005932      1.4960366      6.885695     
  13590000   0.99847925     5.9997509      1.4976693      6.8866472    
  13600000   0.99927421     6.0004666      1.4988617      6.8834382    
  13610000   0.99995152     5.9907085      1.4998776      6.8801183    
  13620000   0.99708745     5.985156       1.4955816      6.8806709    
  13630000   0.99726299     6.0040707      1.4958449      6.8908411    
  13640000   1.0018499      5.9846748      1.5027251      6.8801682    
  13650000   1.0021755      5.9967979      1.5032134      6.885623     
  13660000   0.99417356     6.0039795      1.491211       6.886341     
  13670000   0.99961714     5.9962799      1.4993761      6.8848601    
  13680000   1.0047293      5.9961432      1.507044       6.8784156    
  13690000   1.0027371      6.0025517      1.5040558      6.8886921    
  13700000   0.99946365     5.9922964      1.4991458      6.8797945    
  13710000   0.9997905      5.9730777      1.4996361      6.869266     
  13720000   1.0029734      5.9844942      1.5044103      6.8812415    
  13730000   0.99431252     5.9812488      1.4914194      6.8786424    
  13740000   0.99392188     5.9858888      1.4908334      6.8784051    
  13750000   1.0016894      6.000512       1.5024844      6.8911966    
  13760000   0.9988334      5.9914368      1.4982005      6.8839848    
  13770000   1.0051788      5.9876197      1.5077183      6.879933     
  13780000   0.99574872     5.9913913      1.4935736      6.8780329    
  13790000   0.98795739     5.9814361      1.481887       6.8721137    
  13800000   1.0059757      5.9841097      1.5089135      6.8861941    
  13810000   0.99242358     5.986039       1.4885861      6.8794008    
  13820000   1.0035275      5.9956498      1.5052414      6.8808142    
  13830000   0.99379172     5.9904504      1.4906382      6.8780012    
  13840000   0.9966312      5.9915428      1.4948973      6.8750795    
  13850000   1.0059383      5.9797427      1.5088575      6.8701079    
  13860000   0.99905244     6.0148258      1.498529       6.8905844    
  13870000   1.0017468      5.9910108      1.5025705      6.8784463    
  13880000   0.99470122     5.9901649      1.4920024      6.8841518    
  13890000   1.0026977      6.0130737      1.5039968      6.8856034    
  13900000   1.0105444      5.9896537      1.5157664      6.8806451    
  13910000   1.0026462      5.9780031      1.5039196      6.876211     
  13920000   0.99593599     5.9881298      1.4938545      6.8827888    
  13930000   1.0046366      5.9998272      1.5069049      6.8831232    
  13940000   1.0126904      5.9976622      1.5189853      6.8761827    
  13950000   0.99775211     5.9856332      1.4965786      6.8760184    
  13960000   1.0026591      5.998597       1.5039388      6.8873239    
  13970000   1.0032157      5.991163       1.5047737      6.8834915    
  13980000   0.99935331     6.0027732      1.4989803      6.8882155    
  13990000   0.99480071     6.0054879      1.4921517      6.8837606    
  14000000   1.0009347      5.9903204      1.5013524      6.8820648    
  14010000   0.99813586     6.0021396      1.4971542      6.8829417    
  14020000   0.99730515     5.9995395      1.4959082      6.8864015    
  14030000   1.0064557      6.0018551      1.5096336      6.8844914    
  14040000   0.9984281      6.0088219      1.4975926      6.8860055    
  14050000   0.99132456     6.000994       1.4869376      6.8810965    
  14060000   0.99291137     5.9936801      1.4893177      6.8809051    
  14070000   0.99826178     5.9965331      1.4973431      6.884045     
  14080000   1.0033755      5.9897302      1.5050135      6.880268     
  14090000   1.0042094      5.9901436      1.5062643      6.8797324    
  14100000   1.0079678      5.986432       1.5119017      6.8836309    
  14110000   1.003826       6.0040594      1.5056891      6.8902259    
  14120000   1.0065171      5.9803976      1.5097256      6.871836     
  14130000   0.99513884     5.9942506      1.4926588      6.8845312    
  14140000   1.001848       5.9966195      1.5027223      6.8848086    
  14150000   0.99718761     6.002305       1.4957319      6.8880461    
  14160000   0.99279572     6.0001158      1.4891443      6.8788577    
  14170000   0.99734829     5.991952       1.4959729      6.8853695    
  14180000   1.0058101      6.0073743      1.5086653      6.8820975    
  14190000   1.0074591      6.0074059      1.5111387      6.8775558    
  14200000   0.99245298     5.9978624      1.4886302      6.8784767    
  14210000   1.0000931      5.9919241      1.5000899      6.8850848    
  14220000   1.0021027      5.9975285      1.5031043      6.8891616    
  14230000   0.99827667     5.989971       1.4973654      6.8752613    
  14240000   0.99787392     6.0009851      1.4967613      6.8759092    
  14250000   1.0029226      5.9971451      1.504334       6.8818773    
  14260000   0.9958545      5.9996557      1.4937323      6.8803731    
  14270000   1.0014443      6.0135137      1.5021167      6.8915984    
  14280000   1.0073186      6.0108584      1.5109279      6.8849784    
  14290000   0.99910426     6.0021993      1.4986068      6.8831719    
  14300000   1.0090219      6.0081193      1.5134827      6.8868582    
  14310000   0.9962411      5.9800256      1.4943122      6.8743587    
  14320000   0.99628922     6.0020407      1.4943844      6.8856053    
  14330000   0.99309142     6.0017412      1.4895878      6.8815976    
  14340000   1.0015397      5.9969138      1.5022598      6.8759485    
  14350000   1.0024339      5.9944249      1.5036011      6.8770836    
  14360000   1.004629       5.9872682      1.5068936      6.8809634    
  14370000   0.99801823     5.9898184      1.4969778      6.878285     
  14380000   0.99671332     5.9874909      1.4950205      6.8767649    
  14390000   0.99961872     5.9961036      1.4993784      6.8812499    
  14400000   0.9874983      5.9843308      1.4811984      6.8806188    
  14410000   1.0084356      5.9814384      1.5126033      6.8817361    
  14420000   0.99798864     5.9743471      1.4969334      6.8754741    
  14430000   1.004776       5.9933832      1.5071142      6.8805937    
  14440000   1.0040415      5.9816768      1.5060124      6.878807     
  14450000   0.99640271     5.9707357      1.4945546      6.8752477    
  14460000   1.0015486      5.9885557      1.5022731      6.880005     
  14470000   0.99359533     6.0053056      1.4903436      6.8853802    
  14480000   1.0042316      5.9845842      1.5062975      6.8727677    
  14490000   1.0004844      5.9823617      1.500677       6.8720512    
  14500000   1.0064463      5.9860063      1.5096194      6.8785574    
  14510000   0.99783672     5.9902934      1.4967055      6.8779643    
  14520000   0.99509962     6.0077986      1.4926         6.8873327    
  14530000   0.99551948     5.9988663      1.4932298      6.8850633    
  14540000   1.0038713      5.9991829      1.5057571      6.8859143    
  14550000   0.99503875     5.9926711      1.4925087      6.8784093    
  14560000   0.99832402     6.0121243      1.4974364      6.8896575    
  14570000   0.99636552     6.0193802      1.4944988      6.8837342    
  14580000   1.0035115      5.9840061      1.5052174      6.8722879    
  14590000   1.0081891      5.9871097      1.5122336      6.8798946    
  14600000   0.99335051     5.9935677      1.4899764      6.8843898    
  14610000   0.99496131     5.9919442      1.4923925      6.8785029    
  14620000   0.9994724      5.9977029      1.499159       6.883126     
  14630000   0.99569747     5.994131       1.4934968      6.8845302    
  14640000   1.0028261      6.0025864      1.5041894      6.8823013    
  14650000   1.001419       5.9949009      1.5020788      6.8739938    
  14660000   0.9925564      6.0041603      1.4887853      6.8897559    
  14670000   1.0052576      5.9795214      1.5078365      6.8733711    
  14680000   1.0002432      5.9966818      1.5003151      6.8776916    
  14690000   1.0001056      5.9896795      1.5001087      6.8840584    
  14700000   0.99772083     5.9961753      1.4965317      6.8837023    
  14710000   0.99692259     6.0050085      1.4953344      6.8813519    
  14720000   0.99634461     5.9926407      1.4944674      6.8765567    
  14730000   0.99732142     5.9919447      1.4959326      6.8866103    
  14740000   0.99800951     6.0000379      1.4969647      6.8809894    
  14750000   1.0034819      5.9981368      1.5051729      6.8912867    
  14760000   0.99527097     5.9862557      1.492857       6.8845888    
  14770000   1.0111774      5.9816279      1.5167159      6.8798764    
  14780000   0.9995101      5.993979       1.4992155      6.8802512    
  14790000   1.0064159      5.9990709      1.5095739      6.8753898    
  14800000   0.99166804     5.9964847      1.4874528      6.8846817    
  14810000   0.99947357     5.995608       1.4991607      6.8852306    
  14820000   1.0028255      5.9912724      1.5041885      6.8890545    
  14830000   0.99686315     5.9910282      1.4952452      6.8884348    
  14840000   0.99951521     6.0068981      1.4992232      6.8840726    
  14850000   0.99695544     6.0080613      1.4953836      6.8877912    
  14860000   1.0010689      6.005006       1.5015536      6.885022     
  14870000   1.0049204      6.0004134      1.5073307      6.8789286    
  14880000   1.0036046      5.9871408      1.505357       6.8808154    
  14890000   1.0052747      5.9986887      1.5078621      6.8808143    
  14900000   1.0027314      5.9996675      1.5040473      6.8881665    
  14910000   0.99423792     6.0010344      1.4913075      6.8892693    
  14920000   1.0011332      5.9880198      1.5016501      6.8851992    
  14930000   0.99792367     5.9895886      1.4968359      6.8839047    
  14940000   1.0063302      6.0002567      1.5094453      6.8847067    
  14950000   1.0034955      5.9911542      1.5051934      6.8737946    
  14960000   1.0113533      5.9940205      1.5169797      6.8786489    
  14970000   1.0000735      5.9893904      1.5000605      6.8847485    
  14980000   1.0042028      5.9885311      1.5062543      6.879401     
  14990000   0.99891554     5.9932417      1.4983237      6.8839225    
  15000000   0.99891979     6.0069245      1.4983301      6.8845285    
  15010000   0.99489692     5.9956969      1.492296       6.88054      
  15020000   0.99607558     6.0115624      1.4940639      6.8863402    
  15030000   1.0030563      5.9993337      1.5045347      6.8802865    
  15040000   0.99923658     5.9995809      1.4988052      6.8799373    
  15050000   1.0021157      5.9910275      1.5031238      6.8812103    
  15060000   1.0062061      5.9942948      1.5092592      6.888269     
  15070000   0.99837545     5.9939483      1.4975136      6.8779215    
  15080000   0.99389715     5.9898808      1.4907964      6.884235     
  15090000   0.99339343     6.0030273      1.4900408      6.8902073    
  15100000   1.0037458      5.9872471      1.5055688      6.8807822    
  15110000   1.0056934      5.9920497      1.5084901      6.8814775    
  15120000   1.0111549      5.985687       1.5166822      6.8784758    
  15130000   1.0039223      5.9957276      1.5058335      6.8853224    
  15140000   0.99972485     5.9832866      1.4995376      6.8817582    
  15150000   0.99389444     5.9778453      1.4907923      6.8736762    
  15160000   1.005479       5.9963865      1.5081686      6.8847091    
  15170000   0.99732287     6.0048898      1.4959348      6.8829916    
  15180000   1.0012401      5.9953023      1.5018104      6.884034     
  15190000   0.98800614     5.9960416      1.4819601      6.8755313    
  15200000   0.99994111     5.9949393      1.499862       6.8846897    
  15210000   1.0046956      5.9900846      1.5069935      6.8821469    
  15220000   1.0006441      6.007733       1.5009164      6.8913446    
  15230000   1.0052537      6.0116494      1.5078306      6.8946362    
  15240000   0.99538257     5.9965952      1.4930244      6.8711717    
  15250000   1.0036598      5.9951688      1.5054398      6.8777179    
  15260000   0.99786769     6.003946       1.496752       6.8820665    
  15270000   0.99970455     5.9965452      1.4995072      6.8852295    
  15280000   0.99922577     6.0018037      1.498789       6.8734783    
  15290000   1.0095939      6.0044062      1.5143407      6.880334     
  15300000   0.99772217     5.9983376      1.4965337      6.8882272    
  15310000   0.99713883     6.0092426      1.4956587      6.8875491    
  15320000   0.99270161     6.0181062      1.4890031      6.8824433    
  15330000   1.0019764      5.9902897      1.5029148      6.881123     
  15340000   0.99854499     5.98485        1.4977679      6.8719386    
  15350000   1.0017841      5.9906071      1.5026263      6.8825786    
  15360000   0.99882647     5.9875076      1.4981901      6.8784646    
  15370000   0.99501936     6.0087544      1.4924796      6.8925093    
  15380000   0.99837417     5.9955913      1.4975117      6.8747671    
  15390000   1.0037621      6.0136272      1.5055933      6.8876415    
  15400000   1.0085666      6.0202049      1.5127998      6.8933582    
  15410000   0.99616413     6.0023869      1.4941967      6.8837576    
  15420000   1.0085115      6.0121282      1.5127171      6.8913695    
  15430000   0.99336779     5.9975129      1.4900023      6.8742983    
  15440000   1.0020236      6.001373       1.5029857      6.8847164    
  15450000   0.99524393     6.0080931      1.4928165      6.8871581    
  15460000   1.0095918      5.9973482      1.5143375      6.8793958    
  15470000   1.0067571      6.0011483      1.5100857      6.885164     
  15480000   1.0035398      5.9958638      1.5052598      6.8850043    
  15490000   1.0062008      5.9931099      1.5092512      6.8805486    
  15500000   0.99714265     5.9941056      1.4956644      6.880014     
  15510000   0.99256685     5.9884093      1.488801       6.8821219    
  15520000   0.99783661     6.0100556      1.4967054      6.8841338    
  15530000   0.99809289     5.9843128      1.4970898      6.8755934    
  15540000   1.0002434      5.9959626      1.5003155      6.8801184    
  15550000   0.99440031     6.0055703      1.4915511      6.8817695    
  15560000   0.9942199      6.0172406      1.4912805      6.8883978    
  15570000   1.0007972      6.0020177      1.5011461      6.880672     
  15580000   1.0053613      6.0134493      1.5079921      6.8872125    
  15590000   1.0048828      6.019639       1.5072742      6.8829327    
  15600000   1.0002594      6.0178397      1.5003394      6.8816266    
  15610000   0.99964895     6.0224518      1.4994238      6.8916412    
  15620000   1.0004254      6.0111757      1.5005884      6.8808708    
  15630000   1.0055908      6.0095615      1.5083362      6.8785049    
  15640000   1.0052976      6.0076151      1.5078965      6.880391     
  15650000   0.99578183     6.016047       1.4936233      6.8856105    
  15660000   1.0061611      6.0165628      1.5091917      6.8816532    
  15670000   1.002675       6.0098246      1.5039627      6.8872383    
  15680000   1.0038178      6.0122458      1.5056769      6.8824946    
  15690000   0.99915475     6.0209215      1.4986825      6.8820074    
  15700000   1.0001396      6.0195203      1.5001597      6.8813135    
  15710000   0.9981936      6.017354       1.4972408      6.8826619    
  15720000   1.0076352      6.0196016      1.5114028      6.8839253    
  15730000   0.99902063     6.0264102      1.4984813      6.8912867    
  15740000   1.0077929      6.0098157      1.5116393      6.8862181    
  15750000   0.99432511     6.0242317      1.4914383      6.8833264    
  15760000   1.0019177      6.0308631      1.5028268      6.8905791    
  15770000   0.9937672      6.019315       1.4906014      6.8823345    
  15780000   1.00097        6.0088367      1.5014054      6.8813508    
  15790000   1.0022368      6.0106248      1.5033053      6.8785905    
  15800000   1.002319       6.0086358      1.5034288      6.8799907    
  15810000   1.0023363      6.0160781      1.5034547      6.8834622    
  15820000   1.0015342      6.0111568      1.5022516      6.8787695    
  15830000   1.0055155      5.9980785      1.5082233      6.8745064    
  15840000   1.0041316      6.0041316      1.5061475      6.8797725    
  15850000   1.0024395      5.9909192      1.5036094      6.8789836    
  15860000   1.0035554      5.9909738      1.5052833      6.8787697    
  15870000   1.0033382      5.9834488      1.5049575      6.8775642    
  15880000   1.0000661      5.9896345      1.5000495      6.8839257    
  15890000   0.99348791     5.9901047      1.4901825      6.8785375    
  15900000   1.0030823      6.0008218      1.5045736      6.887429     
  15910000   0.99539545     5.9839106      1.4930437      6.8772748    
  15920000   0.99419446     5.9920283      1.4912423      6.8772301    
  15930000   0.99905901     5.9950341      1.4985389      6.8824866    
  15940000   1.0160666      6.0036083      1.5240494      6.8888389    
  15950000   1.0042452      5.9880645      1.506318       6.8815447    
  15960000   1.0075074      5.9965746      1.511211       6.8832597    
  15970000   1.0028748      6.0011702      1.5042624      6.8807832    
  15980000   1.0003011      6.0200309      1.500402       6.8880459    
  15990000   1.0049416      5.9943094      1.5073625      6.8854135    
  16000000   1.0117655      6.0007648      1.517598       6.8857094    
  16010000   1.0010218      5.9918244      1.501483       6.883634     
  16020000   1.0027968      5.9975239      1.5041454      6.8839955    
  16030000   1.001845       5.9909036      1.5027177      6.8880363    
  16040000   1.0059591      5.9952771      1.5088886      6.8872345    
  16050000   1.0056308      6.0009743      1.5083963      6.8864742    
  16060000   0.99782817     6.0032196      1.4966927      6.8832718    
  16070000   1.0117937      5.9961846      1.5176403      6.8831514    
  16080000   1.0030869      6.0024208      1.5045805      6.8827584    
  16090000   0.99909855     6.0077742      1.4985982      6.8867383    
  16100000   1.0045191      5.9951334      1.5067288      6.8802527    
  16110000   1.0095559      5.9773505      1.5142837      6.8741678    
  16120000   0.99725755     5.9920858      1.4958368      6.8745082    
  16130000   1.0046632      5.9977555      1.5069449      6.8888361    
  16140000   1.0004612      5.9998421      1.5006421      6.8850563    
  16150000   1.0042078      5.996321       1.5062618      6.8852687    
  16160000   1.0033229      6.0078587      1.5049345      6.8889622    
  16170000   1.0035102      5.9865179      1.5052154      6.8777717    
  16180000   0.99839092     5.9906286      1.4975368      6.8823113    
  16190000   1.0012937      5.979232       1.5018909      6.8766237    
  16200000   0.99884366     5.9925405      1.4982159      6.8749545    
  16210000   0.99657614     6.0031083      1.4948147      6.8779707    
  16220000   0.99849737     5.9913653      1.4976965      6.882012     
  16230000   1.0041216      6.0048419      1.5061326      6.8891571    
  16240000   0.99832119     6.0037749      1.4974322      6.8827151    
  16250000   1.0054147      5.9983247      1.5080721      6.8839488    
  16260000   0.98859198     5.9987024      1.4828389      6.8828348    
  16270000   0.99977458     5.9820343      1.4996122      6.8741424    
  16280000   0.99660313     5.9916766      1.4948552      6.8815265    
  16290000   1.0006068      6.0052974      1.5008604      6.8870141    
  16300000   0.99954779     5.9911118      1.499272       6.8837418    
  16310000   1.0085837      5.9844079      1.5128254      6.8773507    
  16320000   1.0028684      5.9961154      1.5042527      6.8799678    
  16330000   1.0021461      5.9856119      1.5031694      6.8815369    
  16340000   0.99796804     5.9882704      1.4969025      6.87884      
  16350000   0.99790276     5.9969253      1.4968046      6.8833357    
  16360000   0.99522994     5.9960524      1.4927955      6.8796318    
  16370000   0.99421904     5.9989675      1.4912792      6.8860618    
  16380000   0.99437135     5.9956356      1.4915076      6.8813095    
  16390000   1.0018397      5.9997126      1.5027098      6.8872936    
  16400000   1.0031169      5.9993812      1.5046255      6.8859214    
  16410000   1.0063387      6.0123777      1.5094581      6.8822242    
  16420000   0.99694271     6.011979       1.4953645      6.8825305    
  16430000   0.99371761     6.0070331      1.4905271      6.8848423    
  16440000   0.99870231     6.0043616      1.4980039      6.8792929    
  16450000   0.99512326     6.0112481      1.4926355      6.8817353    
  16460000   0.99781452     6.0104789      1.4966722      6.885316     
  16470000   1.0001271      6.0063379      1.5001409      6.8909288    
  16480000   0.99984035     5.9919905      1.4997109      6.8809904    
  16490000   0.9989415      6.0008672      1.4983626      6.8846591    
  16500000   1.0010033      6.0043775      1.5014553      6.886046     
  16510000   1.003828       5.9812638      1.5056921      6.8758606    
  16520000   1.0034295      5.9883133      1.5050944      6.8806772    
  16530000   1.0010596      5.9882661      1.5015397      6.8854109    
  16540000   0.99477168     5.9983875      1.4921081      6.8793404    
  16550000   1.0034644      5.9929835      1.5051468      6.8855251    
  16560000   1.0023026      5.9992621      1.5034041      6.8830919    
  16570000   1.0005858      5.9963248      1.500829       6.87916      
  16580000   0.99973556     5.9965775      1.4995537      6.8786554    
  16590000   0.99688866     5.9935576      1.4952835      6.8830621    
  16600000   0.99827645     6.0085524      1.4973651      6.8907383    
  16610000   0.998962       5.9924454      1.4983934      6.879482     
  16620000   0.99672095     5.9845321      1.4950319      6.8799797    
  16630000   0.99310916     5.9844716      1.4896144      6.8778213    
  16640000   0.99630825     5.9887446      1.4944129      6.8826737    
  16650000   1.002448       5.9941034      1.5036222      6.8875471    
  16660000   0.98864691     5.9942266      1.4829213      6.8797831    
  16670000   1.0088787      5.9823336      1.5132679      6.8828352    
  16680000   1.0017737      6.0013503      1.5026108      6.8884527    
  16690000   1.0001633      6.0006483      1.5001953      6.8858235    
  16700000   1.007759       5.9825289      1.5115884      6.8771405    
  16710000   1.0019872      5.9828239      1.5029311      6.8727224    
  16720000   1.0019394      6.00614        1.5028594      6.8887327    
  16730000   0.99572956     5.9858202      1.4935449      6.8793816    
  16740000   1.0041666      5.9601713      1.5062001      6.8682985    
  16750000   1.0058259      5.9542862      1.508689       6.8705931    
  16760000   0.99898027     5.9591609      1.4984208      6.8711367    
  16770000   1.0060267      5.9812849      1.50899        6.8842386    
  16780000   1.0088415      5.9840728      1.5132121      6.8811998    
  16790000   0.99801834     5.997519       1.4969779      6.8845503    
  16800000   0.99295262     5.9921449      1.4893796      6.8799287    
  16810000   1.0006337      5.9713198      1.5009009      6.8780221    
  16820000   0.99858605     5.992351       1.4978295      6.8905189    
  16830000   1.0007544      5.9706278      1.5010819      6.8768879    
  16840000   0.99695191     5.9855926      1.4953784      6.8872735    
  16850000   1.0048933      5.9842409      1.50729        6.8767421    
  16860000   0.99852296     5.9820785      1.4977349      6.8862861    
  16870000   1.000509       5.9776057      1.5007138      6.8814748    
  16880000   0.99808675     5.9830766      1.4970805      6.8848782    
  16890000   1.0117563      5.9907907      1.5175842      6.8866342    
  16900000   1.0043513      5.9928181      1.506477       6.8848497    
  16910000   0.99762928     5.9815726      1.4963944      6.8783446    
  16920000   1.0004528      5.995478       1.5006294      6.8795773    
  16930000   0.99927089     5.9675175      1.4988567      6.8754022    
  16940000   0.99317851     5.9809605      1.4897184      6.8780309    
  16950000   1.002861       5.9819313      1.5042416      6.8818863    
  16960000   1.0047465      5.9897745      1.5070698      6.8861464    
  16970000   1.00237        5.997014       1.5035053      6.8800138    
  16980000   0.99795516     5.999272       1.4968832      6.8852735    
  16990000   1.0091279      5.9773134      1.5136417      6.8743146    
  17000000   0.99639121     5.9796433      1.4945373      6.8850635    
  17010000   0.99937975     5.9732912      1.49902        6.8830705    
  17020000   0.99797061     5.9881316      1.4969063      6.8841261    
  17030000   0.99074796     5.9878896      1.4860727      6.8869626    
  17040000   0.99813315     5.9892902      1.4971501      6.8849387    
  17050000   1.0017377      5.9899305      1.5025568      6.8845622    
  17060000   1.000259       6.0031808      1.5003388      6.8908138    
  17070000   0.997796       5.9797827      1.4966444      6.8791782    
  17080000   0.99649826     5.9756106      1.4946979      6.8736377    
  17090000   0.98960993     5.9948722      1.4843657      6.8849138    
  17100000   0.99873878     5.9818248      1.4980586      6.8851141    
  17110000   0.99661154     5.9905722      1.4948678      6.8809026    
  17120000   0.99902101     5.9875126      1.4984819      6.8771276    
  17130000   0.99884649     5.9822123      1.4982201      6.8832042    
  17140000   0.99520616     5.9860619      1.4927598      6.8803812    
  17150000   0.99860047     5.9756887      1.4978511      6.8781143    
  17160000   0.99770507     5.9769177      1.496508       6.8829168    
  17170000   0.99214407     5.9932578      1.4881668      6.8887827    
  17180000   0.99657255     5.9814426      1.4948093      6.8841501    
  17190000   1.0027624      5.9975062      1.5040937      6.8901003    
  17200000   0.99668557     5.9877129      1.4949789      6.8828714    
  17210000   1.0071293      5.9998171      1.5106439      6.8958448    
  17220000   0.99723932     5.9859244      1.4958095      6.883487     
  17230000   1.0035387      5.9891925      1.5052582      6.8821623    
  17240000   0.99428508     5.9785335      1.4913782      6.8766598    
  17250000   1.0024674      5.9857711      1.5036514      6.8826601    
  17260000   1.0010337      5.9828417      1.5015008      6.8833425    
  17270000   0.99965754     5.9893836      1.4994367      6.8857847    
  17280000   0.99919225     5.9815722      1.4987387      6.8827883    
  17290000   1.0062752      5.9641279      1.5093628      6.8732054    
  17300000   1.0005381      5.9806263      1.5007574      6.8796713    
  17310000   0.99525104     5.9744931      1.4928271      6.8796995    
  17320000   1.0059203      5.9829231      1.5088305      6.8873412    
  17330000   1.0026428      5.9745157      1.5039144      6.8798174    
  17340000   1.0066829      5.9790106      1.5099744      6.8778978    
  17350000   1.0059671      5.9673839      1.5089007      6.8775258    
  17360000   0.99387841     5.9671481      1.4907683      6.874617     
  17370000   1.0062095      5.9780664      1.5092643      6.8880679    
  17380000   0.99877502     5.9625187      1.4981129      6.8823422    
  17390000   0.99915314     5.9731475      1.4986801      6.8827754    
  17400000   1.0012611      5.9741774      1.501842       6.8825189    
  17410000   0.99114376     5.9885103      1.4866664      6.8964604    
  17420000   0.99675293     5.9660928      1.4950799      6.8780999    
  17430000   1.0021253      5.9781489      1.5031382      6.8878255    
  17440000   1.0020407      5.9588755      1.5030112      6.8763956    
  17450000   1.0061788      5.9696571      1.5092182      6.8819744    
  17460000   0.99299394     5.9656537      1.4894416      6.8755911    
  17470000   0.99190539     5.972143       1.4878088      6.8798597    
  17480000   1.0074294      5.9712712      1.5110941      6.8750417    
  17490000   1.0080284      5.9761917      1.5119925      6.8873539    
  17500000   0.99107102     5.9839026      1.4865573      6.8876874    
  17510000   0.99944552     5.9815945      1.4991186      6.8814005    
  17520000   1.0054645      5.9830344      1.5081469      6.8819189    
  17530000   0.9996132      5.9726117      1.4993702      6.8869425    
  17540000   1.0004166      5.9815895      1.5005752      6.8866115    
  17550000   0.99087742     5.9684918      1.4862669      6.8836923    
  17560000   1.0037535      5.9888465      1.5055804      6.8938221    
  17570000   0.9968892      5.959619       1.4952843      6.8737129    
  17580000   0.99233599     5.9854826      1.4884547      6.891059     
  17590000   1.0031752      5.9776089      1.504713       6.878502     
  17600000   1.0000441      5.9674822      1.5000165      6.8831173    
  17610000   1.0038056      5.9752089      1.5056586      6.8867853    
  17620000   0.99884306     5.9762052      1.498215       6.8774577    
  17630000   0.99808022     5.9755931      1.4970708      6.8836701    
  17640000   1.0057431      5.9827549      1.5085647      6.8827427    
  17650000   1.0013213      5.9610784      1.5019322      6.873678     
  17660000   0.99423837     5.9484859      1.4913082      6.8730857    
  17670000   1.0086061      5.967669       1.5128591      6.8826285    
  17680000   1.0074458      5.9728894      1.5111187      6.876442     
  17690000   0.99648071     5.9726842      1.4946716      6.8781763    
  17700000   0.99556384     5.9770377      1.4932963      6.8837959    
  17710000   1.0038779      5.9739841      1.505767       6.8843099    
  17720000   1.0020181      5.9634777      1.5029773      6.8775415    
  17730000   0.99853743     5.9939655      1.4977565      6.8853308    
  17740000   0.99878589     5.9922371      1.4981292      6.8839927    
  17750000   0.9917745      5.9726883      1.4876125      6.8767955    
  17760000   0.9952973      5.9781911      1.4928965      6.8845627    
  17770000   0.99792794     5.9745526      1.4968423      6.8880817    
  17780000   0.99145324     5.9636623      1.4871306      6.87131      
  17790000   1.0018881      5.960939       1.5027824      6.8753131    
  17800000   1.0014047      5.9682172      1.5020574      6.8759644    
  17810000   0.99995395     5.9755817      1.4998813      6.8746208    
  17820000   1.0024259      5.9782035      1.503589       6.8813959    
  17830000   0.99584298     5.9702759      1.493715       6.880711     
  17840000   1.0021577      5.9759767      1.5031868      6.8782555    
  17850000   1.0080223      5.9736652      1.5119834      6.8846552    
  17860000   0.99979521     5.9510759      1.4996432      6.8737384    
  17870000   0.99802085     5.9783861      1.4969817      6.878747     
  17880000   0.99858654     5.9877195      1.4978302      6.8830231    
  17890000   1.0041136      5.9880183      1.5061206      6.8839762    
  17900000   0.99695496     5.9887208      1.4953829      6.8869754    
  17910000   0.99929069     5.9554977      1.4988864      6.8755633    
  17920000   1.000132       5.973239       1.5001484      6.8799312    
  17930000   0.99681694     5.9580303      1.4951759      6.8857986    
  17940000   1.001827       5.9579339      1.5026908      6.8743237    
  17950000   1.0015193      5.9600906      1.5022293      6.8721182    
  17960000   1.0043258      5.9845995      1.5064388      6.8898732    
  17970000   0.99962356     5.9914741      1.4993857      6.8885797    
  17980000   0.99683219     5.9959936      1.4951988      6.8924827    
  17990000   1.0036197      5.9783802      1.5053796      6.8832504    
  18000000   0.99381418     6.0031682      1.4906719      6.8891839    
  18010000   1.0016288      5.9884854      1.5023934      6.8826482    
  18020000   1.0056507      5.9869273      1.5084261      6.8812425    
  18030000   1.0011716      5.981932       1.5017077      6.8781837    
  18040000   1.0037098      5.9752391      1.5055148      6.8765268    
  18050000   0.99745795     5.975037       1.4961374      6.8800062    
  18060000   1.0005513      5.9698735      1.5007772      6.8792734    
  18070000   0.99909956     5.9869357      1.4985997      6.8871478    
  18080000   1.0025199      5.9794942      1.5037301      6.8814248    
  18090000   1.0010943      5.9846867      1.5015917      6.8833951    
  18100000   0.99615869     5.9802877      1.4941886      6.8825855    
  18110000   0.99330111     5.9781785      1.4899023      6.8829265    
  18120000   0.99265535     5.9648614      1.4889337      6.8833812    
  18130000   0.99278782     5.9644682      1.4891324      6.8773395    
  18140000   0.99072606     5.9745377      1.4860399      6.8863029    
  18150000   0.99907175     5.9635619      1.498558       6.8825709    
  18160000   1.0016277      5.9673422      1.5023919      6.8737632    
  18170000   1.0035134      5.9733503      1.5052203      6.8781661    
  18180000   0.9989659      5.9677825      1.4983992      6.878343     
  18190000   0.99814454     5.9844177      1.4971672      6.8812939    
  18200000   0.98783923     5.9785595      1.4817098      6.8766661    
  18210000   0.99503823     5.9822365      1.4925079      6.878651     
  18220000   1.0038929      5.989788       1.5057894      6.8851435    
  18230000   0.99555374     5.9889151      1.4932812      6.8863418    
  18240000   1.0014348      5.9971384      1.5021025      6.8883393    
  18250000   0.9974404      5.98303        1.4961111      6.8811535    
  18260000   1.0013779      5.9883469      1.502017       6.874484     
  18270000   0.99693703     5.9840738      1.495356       6.8781766    
  18280000   0.99663186     5.9893444      1.4948983      6.8799426    
  18290000   1.0031199      5.985963       1.50463        6.8818018    
  18300000   1.0058537      5.9847696      1.5087306      6.8786138    
  18310000   1.0046169      6.0055237      1.5068755      6.8866757    
  18320000   1.0022575      5.9853371      1.5033365      6.8896614    
  18330000   0.99230137     5.9782163      1.4884028      6.8765649    
  18340000   1.0039363      5.9902981      1.5058546      6.8888506    
  18350000   1.001653       5.977963       1.5024298      6.8870964    
  18360000   1.0015784      5.9737531      1.5023178      6.8841857    
  18370000   0.9981675      5.972964       1.4972017      6.8836439    
  18380000   0.99060444     5.9751813      1.4858575      6.8800004    
  18390000   0.9950965      5.98338        1.4925953      6.8863987    
  18400000   1.0009888      5.9940807      1.5014335      6.8895796    
  18410000   0.99718808     5.9781542      1.4957326      6.8854624    
  18420000   0.99622268     5.9817416      1.4942845      6.8798889    
  18430000   1.0007636      5.9651619      1.5010957      6.8690544    
  18440000   0.99598567     5.9895682      1.493929       6.8828442    
  18450000   0.99619729     5.9672136      1.4942465      6.8771055    
  18460000   1.0051185      5.9766369      1.5076279      6.8812886    
  18470000   0.99629551     5.994492       1.4943938      6.8839838    
  18480000   0.99332911     5.9865066      1.4899443      6.88754      
  18490000   0.99402652     5.9821579      1.4909904      6.8752834    
  18500000   1.0033585      5.9823022      1.5049879      6.8811253    
  18510000   0.99511198     5.9840412      1.4926185      6.880606     
  18520000   0.99526845     5.9806425      1.4928532      6.8781603    
  18530000   0.99649285     5.9869311      1.4946898      6.8859345    
  18540000   1.0016942      5.9852701      1.5024915      6.8821219    
  18550000   1.0020596      5.9853402      1.5030397      6.8797046    
  18560000   0.9973275      5.9815518      1.4959417      6.8757297    
  18570000   0.99607477     5.9833493      1.4940627      6.8861398    
  18580000   1.0038566      5.9922897      1.5057351      6.8856681    
  18590000   0.98664208     5.9658152      1.4799141      6.874144     
  18600000   1.0022968      5.9801907      1.5033955      6.8724864    
  18610000   1.0004089      5.9635261      1.5005637      6.8799645    
  18620000   1.0001036      5.9756329      1.5001057      6.8807568    
  18630000   1.0033496      5.9685387      1.5049745      6.8788123    
  18640000   1.0030342      5.9719865      1.5045015      6.8767796    
  18650000   1.0001789      5.9616409      1.5002187      6.8763037    
  18660000   1.0006028      5.9563195      1.5008545      6.8771765    
  18670000   0.99431603     5.9656034      1.4914247      6.875314     
  18680000   1.0070493      5.9746267      1.510524       6.8869825    
  18690000   0.99584535     5.968243       1.4937186      6.8731331    
  18700000   1.0035379      5.9742946      1.505257       6.8832329    
  18710000   0.99911726     5.9772015      1.4986263      6.8887881    
  18720000   1.0037409      5.9634899      1.5055615      6.8817237    
  18730000   1.0011361      5.9706622      1.5016544      6.8901602    
  18740000   0.99600779     5.9544638      1.4939622      6.8735692    
  18750000   1.0070043      5.9574048      1.5104565      6.8791766    
  18760000   1.0063887      5.9556769      1.509533       6.8768162    
  18770000   0.99867843     5.9694177      1.497968       6.8894191    
  18780000   1.0045308      5.957947       1.5067463      6.8732666    
  18790000   0.99489145     5.958853       1.4922878      6.88218      
  18800000   1.0030816      5.978985       1.5045726      6.8845375    
  18810000   1.0052015      5.9698431      1.5077523      6.8842912    
  18820000   1.001145       5.9519277      1.5016677      6.8784195    
  18830000   0.99526333     5.9604396      1.4928456      6.8746252    
  18840000   0.99627468     5.9611882      1.4943625      6.8828836    
  18850000   1.0058275      5.9766557      1.5086914      6.8834161    
  18860000   0.99646136     5.9706635      1.4946425      6.8915479    
  18870000   0.99992107     5.9723414      1.4998319      6.8817097    
  18880000   0.99052489     5.9761392      1.4857381      6.8864219    
  18890000   1.0005368      5.9837613      1.5007556      6.8880654    
  18900000   1.0009167      5.968571       1.5013253      6.8798597    
  18910000   1.0036503      5.9674227      1.5054256      6.8848872    
  18920000   0.9983122      5.9774234      1.4974187      6.8809535    
  18930000   1.0029172      5.9740386      1.5043259      6.8817309    
  18940000   0.99069933     5.9723895      1.4859998      6.8807247    
  18950000   0.99884779     5.9765781      1.4982221      6.8784963    
  18960000   1.0079626      5.9627672      1.5118938      6.8692087    
  18970000   0.99087931     5.9771719      1.4862698      6.8880207    
  18980000   0.99702777     5.9574695      1.4954921      6.8776725    
  18990000   0.9939754      5.9606366      1.4909137      6.8731133    
  19000000   0.99794093     5.9790939      1.4968618      6.8868863    
  19010000   0.99803676     5.9627634      1.4970056      6.8819843    
  19020000   0.99821367     5.9578561      1.4972709      6.8777447    
  19030000   0.99682989     5.9635965      1.4951953      6.8905319    
  19040000   1.008399       5.9732801      1.5125485      6.886022     
  19050000   1.0011509      5.9687523      1.5016766      6.8835398    
  19060000   0.99936596     5.9536066      1.4989993      6.873073     
  19070000   0.99836258     5.9691664      1.4974943      6.8813094    
  19080000   1.0000054      5.9664227      1.4999584      6.8778152    
  19090000   0.99793771     5.9648693      1.496857       6.8806255    
  19100000   1.00197        5.9674726      1.5029053      6.8812027    
  19110000   0.99893466     5.9623378      1.4983524      6.8733463    
  19120000   0.99581027     5.9649262      1.4936659      6.881195     
  19130000   1.0051786      5.9786906      1.507718       6.8833353    
  19140000   1.0012901      5.9811297      1.5018854      6.8920984    
  19150000   1.0002546      5.992319       1.5003322      6.8810229    
  19160000   1.0073605      5.9633582      1.5109907      6.8730686    
  19170000   0.99939822     5.9825765      1.4990477      6.8882509    
  19180000   0.99671336     5.9905096      1.4950205      6.8824299    
  19190000   1.005974       5.9790212      1.508911       6.8826849    
  19200000   0.99608197     5.9668781      1.4940735      6.8784338    
  19210000   0.99891167     5.9692303      1.4983179      6.8810132    
  19220000   1.0064653      5.9772651      1.509648       6.8893434    
  19230000   1.0015958      5.9561769      1.5023439      6.8762572    
  19240000   1.002807       5.9624614      1.5041607      6.8788321    
  19250000   0.99716053     5.9652365      1.4956913      6.8835412    
  19260000   1.0038378      5.9669882      1.5057068      6.877194     
  19270000   0.99570906     5.9660222      1.4935141      6.8808367    
  19280000   0.99576694     5.9629454      1.4936009      6.8907672    
  19290000   1.0033346      5.9548352      1.5049521      6.8773395    
  19300000   0.99687713     5.9603477      1.4952662      6.8828834    
  19310000   0.99313181     5.9558025      1.4896484      6.8764589    
  19320000   1.0007463      5.9617456      1.5010698      6.8816505    
  19330000   0.99984686     5.971867       1.4997206      6.8868472    
  19340000   1.0007286      5.9609664      1.5010432      6.8836687    
  19350000   0.99392034     5.9587476      1.4908311      6.8803041    
  19360000   0.99633488     5.9638665      1.4944528      6.8789942    
  19370000   0.99576909     5.9682073      1.4936042      6.8814628    
  19380000   1.0038718      5.9704067      1.5057578      6.8769471    
  19390000   0.9998854      5.9849973      1.4997784      6.8854335    
  19400000   0.99857132     5.9734167      1.4978074      6.8797556    
  19410000   0.99917389     5.9607062      1.4987112      6.8793346    
  19420000   1.0071248      5.9773671      1.5106372      6.8780876    
  19430000   0.99657419     5.961398       1.4948118      6.878525     
  19440000   1.0083121      5.9695861      1.5124181      6.8860893    
  19450000   1.0039095      5.9718968      1.5058144      6.8839787    
  19460000   0.99956906     5.981522       1.4993039      6.8893774    
  19470000   1.0030166      5.970532       1.5044751      6.8820221    
  19480000   1.0026656      5.976649       1.5039486      6.8866091    
  19490000   1.0030346      5.9684426      1.5045021      6.8776406    
  19500000   1.0056378      5.9742253      1.5084068      6.8826087    
  19510000   1.0040154      5.9631621      1.5059732      6.8799723    
  19520000   0.99524919     5.9613471      1.4928244      6.8787119    
  19530000   0.99563745     5.9550715      1.4934067      6.8762594    
  19540000   1.0070233      5.9680663      1.5104849      6.8862944    
  19550000   0.99924605     5.9729908      1.4988194      6.8823916    
  19560000   0.99834882     5.9737279      1.4974736      6.8793015    
  19570000   1.0090815      5.9579527      1.5135721      6.8759799    
  19580000   0.99718962     5.964933       1.4957349      6.8827426    
  19590000   1.0065379      5.9687971      1.5097568      6.8754573    
  19600000   1.0040247      5.986499       1.5059872      6.8936823    
  19610000   0.99933272     5.9646546      1.4989494      6.8728386    
  19620000   1.0012672      5.9594112      1.501851       6.8794791    
  19630000   0.99353995     5.9744241      1.4902606      6.8932331    
  19640000   0.99860018     5.9645708      1.4978507      6.8797219    
  19650000   0.99537085     5.9653395      1.4930068      6.8770183    
  19660000   1.0114829      5.9671144      1.5171742      6.8805361    
  19670000   1.00255        5.9655265      1.5037752      6.8820692    
  19680000   1.0031634      5.9657395      1.5046953      6.88835      
  19690000   1.0033292      5.9844657      1.5049439      6.8866095    
  19700000   0.99975922     5.9775169      1.4995892      6.8839006    
  19710000   0.99661283     5.9783765      1.4948697      6.8914539    
  19720000   0.99683035     5.9670525      1.495196       6.8824086    
  19730000   1.0030801      5.9687058      1.5045704      6.8813342    
  19740000   1.0045051      5.9632832      1.5067078      6.8748755    
  19750000   1.0069632      5.9607772      1.5103948      6.8813535    
  19760000   0.99907552     5.9575713      1.4985637      6.8776196    
  19770000   1.0073324      5.9636784      1.5109485      6.879153     
  19780000   0.99630355     5.9676392      1.4944058      6.8852358    
  19790000   1.0047924      5.9664384      1.5071387      6.8833442    
  19800000   0.99307477     5.9597935      1.4895628      6.8839301    
  19810000   0.99576902     5.9809666      1.4936041      6.88263      
  19820000   0.99617314     5.9712944      1.4942102      6.8799134    
  19830000   1.0014261      5.9638134      1.5020895      6.8803475    
  19840000   1.0030696      5.9639626      1.5045545      6.8698021    
  19850000   1.0025927      5.9724348      1.5038393      6.8819579    
  19860000   1.0011008      5.9725229      1.5016014      6.8893236    
  19870000   0.99164461     5.9597187      1.4874177      6.8820115    
  19880000   0.99642173     5.953003       1.4945831      6.8731082    
  19890000   1.0024557      5.9586315      1.5036338      6.8774582    
  19900000   1.0002846      5.9671298      1.5003772      6.8776348    
  19910000   0.99579787     5.9660224      1.4936473      6.8823924    
  19920000   1.0097691      5.960875       1.5146034      6.8880296    
  19930000   1.0101648      5.962637       1.515197       6.8851115    
  19940000   1.0034509      5.9614114      1.5051266      6.8819389    
  19950000   0.99877189     5.9747568      1.4981082      6.8855311    
  19960000   1.0065999      5.9641105      1.5098499      6.8804349    
  19970000   1.0060113      5.9839387      1.508967       6.8879099    
  19980000   0.99853114     5.9690353      1.4977471      6.8871956    
  19990000   1.0022753      5.9494937      1.5033631      6.8766083    
  20000000   0.99883429     5.9685305      1.4982018      6.8830298    
  20010000   1.0033716      5.9605321      1.5050076      6.8742944    
  20020000   1.0022402      5.9705723      1.5033105      6.8843475    
  20030000   0.9966289      5.9607829      1.4948939      6.8827311    
Loop time of 212825 on 1 procs for 20000000 steps with 30200 atoms

Performance: 40596.796 tau/day, 93.974 timesteps/s
100.0% CPU use with 1 MPI tasks x 1 OpenMP threads

MPI task timing breakdown:
Section |  min time  |  avg time  |  max time  |%varavg| %total
---------------------------------------------------------------
Pair    | 1.3991e+05 | 1.3991e+05 | 1.3991e+05 |   0.0 | 65.74
Bond    | 7470.1     | 7470.1     | 7470.1     |   0.0 |  3.51
Neigh   | 36237      | 36237      | 36237      |   0.0 | 17.03
Comm    | 791.82     | 791.82     | 791.82     |   0.0 |  0.37
Output  | 2.2396     | 2.2396     | 2.2396     |   0.0 |  0.00
Modify  | 27191      | 27191      | 27191      |   0.0 | 12.78
Other   |            | 1222       |            |       |  0.57

Nlocal:          30200 ave       30200 max       30200 min
Histogram: 1 0 0 0 0 0 0 0 0 0
Nghost:           6898 ave        6898 max        6898 min
Histogram: 1 0 0 0 0 0 0 0 0 0
Neighs:    1.00995e+06 ave 1.00995e+06 max 1.00995e+06 min
Histogram: 1 0 0 0 0 0 0 0 0 0

Total # of neighbors = 1009952
Ave neighs/atom = 33.442119
Ave special neighs/atom = 1.9072848
Neighbor list builds = 889866
Dangerous builds = 0

write_data data*.xyz
System init for write_data ...
Generated 0 of 6 mixed pair_coeff terms from geometric mixing rule
WARNING: Not all mixed pair coeffs generated from mixing. Use write_data with 'pair ij' option to store all pair coeffs. (src/write_data.cpp:309)
write_restart 	restart.polymer_ring
System init for write_restart ...
Generated 0 of 6 mixed pair_coeff terms from geometric mixing rule

print "ALL done"
ALL done
Total wall time: 59:09:16
