pair_style lj/cut 4.0
pair_modify shift yes

read_restart prod.restart1
Reading restart file ...
  restart file = 23 Jun 2022, LAMMPS = 23 Jun 2022
  restoring atom style bond from restart
  orthogonal box = (-30 -30 -35) to (30 30 35)
  1 by 1 by 1 MPI processor grid
  restoring pair style lj/cut from restart
  restoring bond style fene from restart
  16250 atoms
  15600 bonds
Finding 1-2 1-3 1-4 neighbors ...
  special bond factors lj:    0        1        1       
  special bond factors coul:  0        1        1       
     2 = max # of 1-2 neighbors
     6 = max # of special neighbors
  special bonds CPU = 0.002 seconds
  read_restart CPU = 0.022 seconds
bond_style fene
special_bonds fene

bond_coeff 1 10.0 2.0 1.0 1.0
group polymer type 1
16250 atoms in group polymer

pair_coeff	1 1 0.5 1.0 2.5
pair_coeff 	1 2 50.0 1.0 4.0
pair_coeff	2 2 1.0 1.0 1.1225


neighbor       0.5 bin

region upper_box block -30 30 -30 30 32.2 34.8
create_atoms 2 random 150 998273 upper_box
Created 150 atoms
  using lattice units in orthogonal box = (-30 -30 -35) to (30 30 35)
  create_atoms CPU = 0.001 seconds


group ligand type 2
150 atoms in group ligand

fix 1 polymer wall/lj126 zlo -32 1.0 1.0 1.1225 zhi 32 1.0 1.0 1.1225
fix 2 ligand wall/lj126 zlo 32 1.0 1.0 1.1225 zhi 35 1.0 1.0 1.1225

#minimize 1.0e-4 1.0e-6 100 1000

fix 3 all nve/limit 0.01
run 10000
Generated 0 of 1 mixed pair_coeff terms from geometric mixing rule
Neighbor list info ...
  update every 1 steps, delay 10 steps, check yes
  max neighbors/atom: 2000, page size: 100000
  master list distance cutoff = 4.5
  ghost atom cutoff = 4.5
  binsize = 2.25, bins = 27 27 32
  1 neighbor lists, perpetual/occasional/extra = 1 0 0
  (1) pair lj/cut, perpetual
      attributes: half, newton on
      pair build: half/bin/newton
      stencil: half/bin/3d
      bin: standard
Per MPI rank memory allocation (min/avg/max) = 13.55 | 13.55 | 13.55 Mbytes
   Step          Temp          E_pair         E_mol          TotEng         Press     
    100000   0.98826507     5.5068721      7.3871659      14.376345      3.4433711    
    110000   0.23935736    -2.418091       6.4126496      4.3535727     -0.0096061584 
Loop time of 148.856 on 1 procs for 10000 steps with 16400 atoms

Performance: 29021.365 tau/day, 67.179 timesteps/s
82.8% CPU use with 1 MPI tasks x 1 OpenMP threads

MPI task timing breakdown:
Section |  min time  |  avg time  |  max time  |%varavg| %total
---------------------------------------------------------------
Pair    | 114.24     | 114.24     | 114.24     |   0.0 | 76.75
Bond    | 4.5767     | 4.5767     | 4.5767     |   0.0 |  3.07
Neigh   | 25.197     | 25.197     | 25.197     |   0.0 | 16.93
Comm    | 0.68662    | 0.68662    | 0.68662    |   0.0 |  0.46
Output  | 0.00010265 | 0.00010265 | 0.00010265 |   0.0 |  0.00
Modify  | 3.3266     | 3.3266     | 3.3266     |   0.0 |  2.23
Other   |            | 0.8275     |            |       |  0.56

Nlocal:          16400 ave       16400 max       16400 min
Histogram: 1 0 0 0 0 0 0 0 0 0
Nghost:           3035 ave        3035 max        3035 min
Histogram: 1 0 0 0 0 0 0 0 0 0
Neighs:         744047 ave      744047 max      744047 min
Histogram: 1 0 0 0 0 0 0 0 0 0

Total # of neighbors = 744047
Ave neighs/atom = 45.36872
Ave special neighs/atom = 1.902439
Neighbor list builds = 393
Dangerous builds = 0
unfix 3

fix 3 all nve
fix		4 all langevin 1 1 100.0 90428

thermo_style	custom step temp pe ke ebond
thermo_modify flush yes
thermo          10000

timestep	0.005

dump 1 all custom 50000 file_trajectory.bin id type x y z xu yu zu vx vy vz

restart 100000  prod.restart2 prod.restart3

run 20000000
Generated 0 of 1 mixed pair_coeff terms from geometric mixing rule
Per MPI rank memory allocation (min/avg/max) = 13.88 | 13.88 | 13.88 Mbytes
   Step          Temp          PotEng         KinEng         E_bond    
    110000   0.23935736     3.9945586      0.35901414     6.4126496         120000   0.48915999     4.5529561      0.73369525     6.5350529         130000   0.65548573     4.9312866      0.98316864     6.6326958         140000   0.76979605     5.1975349      1.1546237      6.7077585         150000   0.83244115     5.3718521      1.2485856      6.7506415         160000   0.88472479     5.4776367      1.3270063      6.783406          170000   0.92804919     5.5494405      1.3919889      6.8100666         180000   0.95179294     5.6049363      1.4276024      6.8279598         190000   0.96960519     5.6534611      1.4543191      6.8178698         200000   0.97106714     5.6972686      1.4565119      6.8429842         210000   0.97394652     5.7175046      1.4608307      6.8375077         220000   0.98182446     5.7314193      1.4726469      6.8393282         230000   0.98572698     5.7560697      1.4785003      6.8622153         240000   0.99913848     5.7743115      1.4986163      6.861071          250000   0.99467318     5.8040588      1.4919188      6.8721161         260000   0.98888274     5.8040174      1.4832337      6.8709014         270000   0.99604658     5.7830509      1.4939788      6.856095          280000   1.0026905      5.7907158      1.5039441      6.8611265         290000   1.0022764      5.7947247      1.5033229      6.8594277         300000   1.0108998      5.8071725      1.5162572      6.8699209         310000   1.001966       5.8001205      1.5028573      6.8710115         320000   0.99789867     5.8178272      1.4967567      6.8745865         330000   1.00883        5.8164242      1.5131527      6.8625866         340000   1.0000253      5.813177       1.4999465      6.861998          350000   1.0020067      5.8087684      1.5029184      6.8507632         360000   1.004898       5.7863823      1.5072551      6.8540817         370000   1.003808       5.7942377      1.5056202      6.8546839         380000   0.99227794     5.8140194      1.4883262      6.8724427         390000   1.0033352      5.7804515      1.504911       6.8552608         400000   1.0028401      5.7865854      1.5041684      6.8521302         410000   1.0017994      5.807468       1.5026074      6.8664542         420000   0.99695331     5.7966905      1.4953388      6.8628539         430000   1.0018148      5.8126793      1.5026306      6.8672142         440000   1.0041039      5.787497       1.506064       6.8525521         450000   0.98669342     5.8063554      1.4799499      6.8614801         460000   0.99944964     5.8029065      1.499083       6.8565669         470000   0.98884218     5.8176027      1.4831728      6.8624457         480000   0.99736018     5.7929679      1.495949       6.8537913         490000   0.99227795     5.7928715      1.4883262      6.8674214         500000   0.99475455     5.7830728      1.4920408      6.8598307         510000   0.9920457      5.7745267      1.4879778      6.8555649         520000   0.99095923     5.7934951      1.4863482      6.8598748         530000   0.98856656     5.7841044      1.4827594      6.848195          540000   0.992076       5.8091542      1.4880233      6.8703329         550000   1.001846       5.8023143      1.5026774      6.8529778         560000   0.9874505      5.8119766      1.4810854      6.8620725         570000   0.99412842     5.8008169      1.4911017      6.8603971         580000   1.0045184      5.8061711      1.5066857      6.8663819         590000   1.0032564      5.8345014      1.5047929      6.8692972         600000   1.0014403      5.8240879      1.5020688      6.8595965         610000   0.99635853     5.8144802      1.4944467      6.8616342         620000   0.99254136     5.8128562      1.4887213      6.8730212         630000   1.0037037      5.8078072      1.5054638      6.8528852         640000   0.99970548     5.7995929      1.4994668      6.8643341         650000   1.0134459      5.8102299      1.5200762      6.8650943         660000   1.0027698      5.8079335      1.504063       6.8640542         670000   1.0039787      5.8288521      1.5058763      6.8656097         680000   1.00652        5.7867055      1.5096879      6.8632809         690000   0.99103434     5.7992853      1.4864609      6.8613618         700000   0.99303408     5.7972009      1.4894603      6.8659573         710000   0.99716786     5.7926505      1.4956606      6.8597771         720000   1.0056878      5.7891242      1.5084398      6.8558859         730000   1.007911       5.7842656      1.5117742      6.8550534         740000   0.99654673     5.7934482      1.4947289      6.8552603         750000   0.98947088     5.7922298      1.4841158      6.8636873         760000   0.99148558     5.7900765      1.4871377      6.8618203         770000   0.99091977     5.7986121      1.486289       6.8540359         780000   0.99412972     5.8120235      1.4911037      6.8560821         790000   0.99625893     5.7990199      1.4942973      6.8593501         800000   1.0041882      5.803609       1.5061904      6.8685587         810000   0.99190032     5.7990295      1.4877598      6.861351          820000   1.0023223      5.7897859      1.5033918      6.87338           830000   1.0011215      5.799952       1.5015907      6.8644085         840000   1.0011899      5.8097034      1.5016933      6.8657942         850000   1.0002107      5.8122584      1.5002245      6.868248          860000   0.99310713     5.8243646      1.4895699      6.8694385         870000   1.0018422      5.8058281      1.5026717      6.8537042         880000   1.0000279      5.8038913      1.4999504      6.8596098         890000   0.99535696     5.8214416      1.4929444      6.8648355         900000   1.0087328      5.8060098      1.5130069      6.8600794         910000   0.9947052      5.8286166      1.4919668      6.8565071         920000   0.99304396     5.8052702      1.4894751      6.8628125         930000   1.0031055      5.7837496      1.5045665      6.8547178         940000   0.99092392     5.7946482      1.4862953      6.8459781         950000   0.98734854     5.8069835      1.4809325      6.8618571         960000   0.98625195     5.8106987      1.4792877      6.8697904         970000   0.99422678     5.7996878      1.4912492      6.8661215         980000   1.0006258      5.7978257      1.5008471      6.8575372         990000   0.99774934     5.8188394      1.4965328      6.8670585        1000000   1.0077744      5.797078       1.5115695      6.8516911        1010000   1.008762       5.8147522      1.5130507      6.8659892        1020000   1.0115402      5.7920362      1.5172177      6.863329         1030000   1.0038208      5.813316       1.5056393      6.8594706        1040000   0.9981689      5.8225975      1.4971621      6.8718347        1050000   1.0088281      5.8144697      1.5131498      6.8619744        1060000   1.0030285      5.8139316      1.504451       6.8592434        1070000   0.99525678     5.8139707      1.4927941      6.8681607        1080000   1.0003587      5.8085822      1.5004466      6.8726675        1090000   1.0154606      5.8008783      1.523098       6.8569291        1100000   1.000125       5.8189132      1.500096       6.8668087        1110000   0.9993417      5.8216587      1.4989212      6.8590118        1120000   1.0017536      5.8310839      1.5025387      6.8667436        1130000   1.0117358      5.8280834      1.5175112      6.8638793        1140000   1.0085233      5.8264211      1.5126927      6.8725958        1150000   1.0125581      5.8203358      1.5187445      6.8653335        1160000   1.0021026      5.8266123      1.5030623      6.8575619        1170000   1.0081595      5.8261311      1.5121471      6.868861         1180000   1.0078958      5.8198289      1.5117515      6.866953         1190000   1.0159874      5.8062415      1.5238881      6.8549144        1200000   1.0068259      5.8110016      1.5101468      6.8576822        1210000   1.0050054      5.8116203      1.5074162      6.8723232        1220000   0.99919478     5.8177831      1.4987008      6.8668941        1230000   1.006844       5.8134227      1.510174       6.8614941        1240000   1.0003765      5.8098077      1.5004732      6.8596075        1250000   0.99813224     5.8059613      1.4971071      6.8637347        1260000   0.99353461     5.8029527      1.490211       6.8632871        1270000   1.0025547      5.7935873      1.5037404      6.853865         1280000   0.99240502     5.8062447      1.4885168      6.861019         1290000   0.99638781     5.8028781      1.4944906      6.8606963        1300000   1.0037674      5.8032026      1.5055593      6.8606875        1310000   0.99743131     5.8142183      1.4960557      6.8693823        1320000   1.0036053      5.7845919      1.5053162      6.8583352        1330000   0.98830874     5.8016066      1.4823727      6.8657127        1340000   1.001618       5.8044045      1.5023354      6.8659427        1350000   1.0023383      5.801645       1.5034158      6.8587044        1360000   1.0043477      5.8048206      1.5064297      6.8535996        1370000   1.008532       5.7934486      1.5127057      6.8590266        1380000   1.0039138      5.7888908      1.5057788      6.8675554        1390000   1.0031043      5.7781973      1.5045647      6.8588774        1400000   0.99695976     5.7772124      1.4953485      6.8552124        1410000   0.99119655     5.7829904      1.4867042      6.8581995        1420000   0.99931391     5.7737106      1.4988795      6.8585128        1430000   0.99386426     5.7844813      1.4907055      6.8588844        1440000   0.98904708     5.7883051      1.4834802      6.8620296        1450000   0.98898494     5.7710811      1.483387       6.8483083        1460000   0.99419896     5.7870553      1.4912075      6.854034         1470000   0.99103955     5.790187       1.4864687      6.8615764        1480000   1.0001753      5.7901318      1.5001715      6.8564979        1490000   1.0001695      5.7992238      1.5001628      6.8637604        1500000   1.0012195      5.7845534      1.5017376      6.8537564        1510000   0.99382731     5.7854436      1.4906501      6.8626619        1520000   0.99797749     5.7932017      1.496875       6.854733         1530000   1.0015325      5.8092934      1.5022071      6.8534476        1540000   0.99551926     5.8324675      1.4931878      6.8699331        1550000   1.0040746      5.809227       1.5060201      6.8649562        1560000   1.0047705      5.8212906      1.5070638      6.8638462        1570000   1.0045266      5.8380577      1.506698       6.8729657        1580000   0.99450998     5.8236402      1.491674       6.866429         1590000   1.004901       5.8044274      1.5072596      6.8584348        1600000   1.0048324      5.7953213      1.5071567      6.8564558        1610000   0.99677476     5.7995881      1.495071       6.8650221        1620000   0.99356712     5.8035996      1.4902598      6.8571024        1630000   0.99351776     5.7854975      1.4901858      6.8507229        1640000   0.98397011     5.8104549      1.4758652      6.8724006        1650000   0.99752876     5.7810079      1.4962019      6.8631144        1660000   0.9903842      5.8005934      1.4854857      6.8734163        1670000   0.98519561     5.808722       1.4777033      6.8699825        1680000   0.9888119      5.8073472      1.4831274      6.8650248        1690000   1.0106939      5.7917282      1.5159484      6.8664238        1700000   1.0013217      5.8133601      1.501891       6.8652706        1710000   0.99485633     5.8103807      1.4921935      6.8690108        1720000   0.99253227     5.8103273      1.4887076      6.8637916        1730000   1.0045809      5.8055746      1.5067795      6.8715988        1740000   1.0027162      5.8098697      1.5039827      6.8608119        1750000   1.0142291      5.7927254      1.5212508      6.8633249        1760000   1.0029436      5.7919629      1.5043237      6.8593188        1770000   0.99929607     5.8024257      1.4988527      6.8657139        1780000   1.0072366      5.777348       1.5107628      6.8493625        1790000   0.98752596     5.779584       1.4811986      6.8523386        1800000   1.0041741      5.7700552      1.5061692      6.8520189        1810000   1.0099857      5.7902986      1.5148862      6.8604935        1820000   0.99891627     5.8072448      1.498283       6.8716605        1830000   1.0087406      5.8014219      1.5130186      6.8623418        1840000   1.0058981      5.8213537      1.5087551      6.8637179        1850000   1.0131699      5.8078158      1.5196623      6.8534121        1860000   1.0068104      5.8144741      1.5101235      6.865076     
   1870000   1.0101318      5.8165467      1.5151053      6.8650105        1880000   1.0101052      5.8119793      1.5150655      6.862441         1890000   0.99369446     5.816584       1.4904508      6.8639094        1900000   0.99759399     5.8065046      1.4962997      6.8666831        1910000   1.0031132      5.7950412      1.5045781      6.8760072        1920000   0.99579853     5.8167191      1.4936067      6.8638621        1930000   1.0084896      5.7890889      1.5126422      6.8575504        1940000   0.99088844     5.8154528      1.486242       6.8575812        1950000   0.99804715     5.7913649      1.4969794      6.8586843        1960000   0.99468503     5.791753       1.4919366      6.850134         1970000   1.0032335      5.7855384      1.5047585      6.8526091        1980000   0.99305471     5.789057       1.4894912      6.8614183        1990000   0.99278925     5.7845408      1.4890931      6.8537965        2000000   1.0031142      5.7928268      1.5045796      6.8469154    
   2010000   1.0059623      5.8065163      1.5088514      6.8601713        2020000   1.0062813      5.8143178      1.5093298      6.8640904    
   2030000   0.9990592      5.8275948      1.4984974      6.8652852        2040000   1.0065062      5.8110254      1.5096673      6.8599089        2050000   1.0061461      5.8111539      1.5091272      6.862454         2060000   0.99660745     5.7890259      1.49482        6.8485744        2070000   0.99512822     5.8160075      1.4926013      6.8584303        2080000   0.99909684     5.817397       1.4985539      6.8644292        2090000   0.99267754     5.825292       1.4889255      6.8586731        2100000   1.0022141      5.8143383      1.5032294      6.8656142        2110000   1.0033779      5.8098961      1.504975       6.8491808        2120000   0.99185257     5.8107015      1.4876881      6.8696959        2130000   1.0060207      5.7956403      1.5089391      6.8557402        2140000   1.0009734      5.7899777      1.5013686      6.8633018        2150000   0.99276557     5.8161802      1.4890576      6.8643612        2160000   0.99987678     5.7985231      1.4997237      6.8580926        2170000   0.99193181     5.8115978      1.487807       6.8527644        2180000   1.0107651      5.7961605      1.5160552      6.8508844        2190000   1.003708       5.8096747      1.5054702      6.8618535        2200000   1.0034595      5.7969004      1.5050975      6.864446     
   2210000   0.99930869     5.7931618      1.4988716      6.8460503    
   2220000   1.0030609      5.7996527      1.5044997      6.8631672    
   2230000   1.0027488      5.810904       1.5040315      6.855776     
   2240000   1.0026041      5.7977264      1.5038144      6.8543454    
   2250000   1.0018755      5.7930313      1.5027217      6.865651     
   2260000   1.0040597      5.8015695      1.5059978      6.8585644        2270000   0.99657732     5.8072905      1.4947748      6.8575508        2280000   1.000233       5.7815141      1.5002581      6.8602052        2290000   0.9950973      5.7985863      1.4925549      6.8551229        2300000   0.99535858     5.8163234      1.4929468      6.8623427        2310000   1.0051141      5.8089866      1.5075792      6.8583798        2320000   1.0079593      5.7896527      1.5118467      6.8517671        2330000   0.99444173     5.8264456      1.4915716      6.8745967        2340000   1.0022206      5.8176737      1.5032393      6.8619507        2350000   1.0093565      5.8129075      1.5139424      6.8588446    
   2360000   1.005359       5.8144644      1.5079465      6.86242      
   2370000   0.99994811     5.8247167      1.4998307      6.8712863    
   2380000   0.99660338     5.8188577      1.4948139      6.8707137        2390000   1.0059146      5.8176925      1.5087799      6.8625583        2400000   1.0038703      5.8146158      1.5057136      6.8672725        2410000   1.0012366      5.7989386      1.5017633      6.8519722        2420000   0.99384751     5.8211438      1.4906804      6.8623491    
   2430000   1.0057125      5.8149084      1.5084768      6.8562436    
   2440000   1.0003546      5.8209755      1.5004404      6.8641219    
   2450000   1.007499       5.8138343      1.5111564      6.8746616    
   2460000   1.0079216      5.7999851      1.5117902      6.8529101        2470000   1.0036334      5.824655       1.5053584      6.865592         2480000   0.99717053     5.8208765      1.4956646      6.8625861        2490000   0.99633815     5.8269127      1.4944161      6.8627777        2500000   1.0105064      5.8178883      1.5156671      6.856831         2510000   1.0100666      5.8271965      1.5150075      6.861227         2520000   1.0063994      5.8048475      1.509507       6.8590697        2530000   0.99681556     5.8288645      1.4951322      6.8685057        2540000   1.003454       5.8143896      1.5050893      6.8589768        2550000   0.99693242     5.8087648      1.4953074      6.8568153        2560000   0.99899843     5.8001096      1.4984063      6.8643396        2570000   0.99613703     5.8024394      1.4941144      6.85951          2580000   0.99663437     5.8021733      1.4948604      6.8670788        2590000   0.99832529     5.8143808      1.4973966      6.8620513        2600000   1.00679        5.8287728      1.5100929      6.8623164        2610000   0.99569205     5.8141153      1.493447       6.8574576        2620000   0.99993014     5.7958225      1.4998038      6.8568048        2630000   0.99612171     5.8123195      1.4940914      6.8686464        2640000   0.98761429     5.7886492      1.4813311      6.844115         2650000   0.99102568     5.799603       1.4864479      6.8606717        2660000   0.99467233     5.7920781      1.4919175      6.8669282        2670000   0.99849201     5.7906816      1.4976467      6.8573751        2680000   0.9936899      5.788983       1.490444       6.8471874        2690000   0.99007644     5.8196395      1.4850241      6.8619221        2700000   0.99285402     5.806727       1.4891902      6.8546543        2710000   0.9939063      5.7994269      1.4907685      6.8510242        2720000   0.99335355     5.7979293      1.4899395      6.863719         2730000   1.0018192      5.804858       1.5026372      6.8553182        2740000   0.99353031     5.7991328      1.4902046      6.8637489        2750000   1.0121823      5.7739754      1.5181808      6.8557419        2760000   0.99826671     5.8024245      1.4973088      6.8644954        2770000   0.99459695     5.8072284      1.4918045      6.8606143        2780000   0.99006538     5.7953002      1.4850075      6.859881         2790000   0.99490964     5.7907529      1.4922735      6.8601114        2800000   1.0081215      5.8038725      1.51209        6.8691913        2810000   0.99206332     5.8184919      1.4880042      6.8520287        2820000   1.0019751      5.8085973      1.5028711      6.8619268        2830000   1.0070295      5.80111        1.5104521      6.8642949        2840000   1.001458       5.8019161      1.5020953      6.8619076        2850000   0.9999618      5.7954191      1.4998512      6.8672948        2860000   1.0004156      5.8044375      1.500532       6.85393          2870000   1.0020364      5.8079483      1.502963       6.8585487        2880000   0.99230338     5.8142365      1.4883643      6.8558688        2890000   1.0092894      5.7934365      1.5138417      6.8644658        2900000   0.99090285     5.8157826      1.4862636      6.858655         2910000   0.99631234     5.8134771      1.4943774      6.86791          2920000   0.99291212     5.8054847      1.4892774      6.8629273    
   2930000   0.99100502     5.8178396      1.4864169      6.8636931        2940000   0.99560122     5.8076045      1.4933108      6.856236         2950000   1.0099602      5.7988693      1.5148479      6.8604003        2960000   1.01177        5.7970333      1.5175624      6.8584056        2970000   1.0066316      5.7939368      1.5098553      6.8615387        2980000   0.99867859     5.8047021      1.4979265      6.8692427        2990000   1.0025115      5.8062067      1.5036756      6.8576669        3000000   0.9976601      5.7996423      1.4963989      6.8616796        3010000   1.0096793      5.7814284      1.5144266      6.8603823        3020000   1.0005928      5.8060459      1.5007977      6.8610825        3030000   0.99214389     5.8031193      1.4881251      6.8545395        3040000   1.0089311      5.7921747      1.5133044      6.8659557        3050000   0.99287148     5.8153871      1.4892164      6.8607307        3060000   0.99882019     5.8129828      1.4981389      6.8595407        3070000   0.99159489     5.7854686      1.4873016      6.8642832        3080000   0.99866107     5.7880541      1.4979003      6.8547896        3090000   0.99655437     5.7998071      1.4947404      6.867313         3100000   0.99448869     5.7860276      1.4916421      6.8564585        3110000   0.99757397     5.7879501      1.4962697      6.8523144        3120000   1.0002105      5.7929812      1.5002243      6.8632761        3130000   0.99675266     5.8145622      1.4950378      6.8656125    
   3140000   1.0092798      5.7883791      1.5138274      6.8528521    
   3150000   0.99795687     5.7942272      1.496844       6.8580003    
   3160000   0.99785059     5.8055447      1.4966846      6.8651664    
   3170000   1.0066754      5.7853761      1.5099211      6.8596361    
   3180000   1.0029908      5.7931384      1.5043944      6.8605751    
   3190000   0.9951641      5.7956912      1.4926551      6.8639477    
   3200000   0.996883       5.7850994      1.4952333      6.8603279        3210000   0.98990166     5.8050264      1.4847619      6.8593861        3220000   0.99157132     5.7909495      1.4872663      6.8621521        3230000   0.98994628     5.7968446      1.4848289      6.8608092        3240000   0.98510536     5.8003568      1.4775679      6.8559682        3250000   0.98339486     5.8165991      1.4750023      6.8622652        3260000   1.0025434      5.8040517      1.5037235      6.8695889        3270000   0.99560838     5.7960705      1.4933215      6.8614675    
   3280000   1.0009929      5.8078852      1.5013977      6.8509182    
   3290000   1.0023409      5.7872376      1.5034197      6.8531646    
   3300000   0.99755722     5.7797282      1.4962446      6.8554729    
   3310000   0.99698244     5.7971253      1.4953825      6.8566238    
   3320000   0.98550565     5.8007872      1.4781683      6.8607542    
   3330000   0.99673561     5.7923798      1.4950122      6.8587937    
   3340000   1.0020107      5.7927037      1.5029244      6.8593113    
   3350000   1.0058006      5.7825103      1.508609       6.8607504    
   3360000   1.0067888      5.7976604      1.5100911      6.8731061    
   3370000   0.99287306     5.7906822      1.4892188      6.8642576    
   3380000   0.99348722     5.8029858      1.49014        6.8600623    
   3390000   1.0040406      5.8072223      1.5059691      6.8556916    
   3400000   1.0002372      5.8142904      1.5002642      6.8650306    
   3410000   1.0025297      5.818144       1.5037029      6.8605584    
   3420000   0.99763348     5.7954115      1.496359       6.8649654    
   3430000   1.0073136      5.7868105      1.5108783      6.864435     
   3440000   0.99173098     5.8029232      1.4875058      6.8549825    
   3450000   0.99544727     5.8084524      1.4930799      6.8595346    
   3460000   1.0020083      5.7897881      1.5029207      6.8574919    
   3470000   1.0008059      5.8080975      1.5011174      6.8685382    
   3480000   1.0009685      5.8078219      1.5013612      6.8598011    
   3490000   0.98844745     5.824256       1.4825808      6.8635761    
   3500000   1.0022389      5.8113839      1.5032667      6.8636014    
   3510000   0.99419802     5.8415701      1.4912061      6.8557878    
   3520000   0.99846506     5.8020629      1.4976063      6.8610734    
   3530000   1.0001271      5.8072265      1.5000992      6.860043     
   3540000   0.9940514      5.8386867      1.4909862      6.8590979    
   3550000   0.99876164     5.807268       1.4980511      6.8605236    
   3560000   1.0035438      5.8100664      1.505224       6.8694989    
   3570000   0.99020554     5.8104085      1.4852177      6.8642472    
   3580000   0.99318247     5.7953205      1.4896829      6.8497271    
   3590000   0.9955103      5.8051827      1.4931744      6.8669699    
   3600000   1.0080096      5.810838       1.5119223      6.8659871    
   3610000   0.99847713     5.814203       1.4976244      6.8690281    
   3620000   0.99641776     5.8201797      1.4945355      6.8542742    
   3630000   1.0006544      5.7956396      1.5008901      6.8595696    
   3640000   1.0044154      5.7956058      1.5065312      6.860625     
   3650000   1.0019881      5.8021415      1.5028904      6.8519099    
   3660000   0.99615058     5.8315504      1.4941348      6.8665643    
   3670000   0.99339901     5.8386811      1.4900077      6.8590154    
   3680000   0.99996397     5.8218986      1.4998545      6.8620554    
   3690000   0.99962454     5.8271051      1.4993454      6.8621167    
   3700000   0.99719172     5.8278969      1.4956964      6.8632392    
   3710000   1.0113962      5.8167872      1.5170018      6.8562422    
   3720000   1.0000597      5.8153629      1.499998       6.8636008    
   3730000   0.99658573     5.806264       1.4947874      6.8609988    
   3740000   1.0053188      5.800457       1.5078862      6.8599971    
   3750000   0.9886271      5.8228114      1.4828502      6.8656057    
   3760000   0.99942349     5.7978765      1.4990438      6.8638446    
   3770000   0.9945682      5.8071439      1.4917613      6.8636868    
   3780000   1.0043534      5.8082962      1.5064383      6.8522493    
   3790000   1.0062464      5.812918       1.5092775      6.8719529    
   3800000   1.0128821      5.807134       1.5192305      6.8658044    
   3810000   1.005679       5.7909127      1.5084265      6.8599225    
   3820000   0.99636386     5.8117958      1.4944547      6.8643883    
   3830000   1.0050724      5.7965293      1.5075166      6.8644692    
   3840000   1.0042581      5.8087339      1.5062952      6.8577875    
   3850000   0.99789815     5.8138251      1.496756       6.8601461    
   3860000   1.0131253      5.8077017      1.5195953      6.8684974    
   3870000   0.99595283     5.8146187      1.4938381      6.8575551    
   3880000   0.99358324     5.815887       1.490284       6.8661867    
   3890000   0.98895161     5.8228782      1.483337       6.8648299    
   3900000   0.99825119     5.8151276      1.4972855      6.8615238    
   3910000   1.00218        5.8080752      1.5031783      6.8637925    
   3920000   0.99240126     5.8154762      1.4885111      6.8598319    
   3930000   0.99542098     5.7909757      1.4930404      6.8541258    
   3940000   1.0019052      5.8172089      1.5027661      6.8645348    
   3950000   0.99526491     5.8177216      1.4928063      6.8623243    
   3960000   1.0025497      5.8131657      1.5037328      6.8605948    
   3970000   0.99679364     5.7986969      1.4950993      6.8599542    
   3980000   0.9955678      5.8079201      1.4932606      6.8529684    
   3990000   0.99357996     5.8097974      1.4902791      6.8586671    
   4000000   1.0125381      5.796997       1.5187145      6.8604022    
   4010000   0.99754416     5.8303728      1.496225       6.869351     
   4020000   0.99904934     5.8191083      1.4984826      6.8601469    
   4030000   1.0009439      5.8175108      1.5013243      6.8629188    
   4040000   0.99845382     5.8074099      1.4975894      6.8620104    
   4050000   0.99290975     5.7916263      1.4892738      6.859768     
   4060000   0.98918816     5.7979519      1.4836918      6.8604006    
   4070000   0.99933134     5.7869151      1.4989056      6.8558672    
   4080000   0.99932045     5.77897        1.4988893      6.8559084    
   4090000   0.99098599     5.7815417      1.4863883      6.8565222    
   4100000   0.9891093      5.7746023      1.4835735      6.8551661    
   4110000   0.99145437     5.7679637      1.4870909      6.8476261    
   4120000   0.99443804     5.7830392      1.4915661      6.8510873    
   4130000   1.0050859      5.7656783      1.507537       6.8555466    
   4140000   0.98854614     5.7938341      1.4827288      6.8524353    
   4150000   0.98960929     5.8031142      1.4843234      6.858386     
   4160000   0.99378501     5.8147915      1.4905866      6.8653502    
   4170000   1.0035474      5.8064234      1.5052293      6.8676902    
   4180000   0.99495992     5.8060881      1.4923489      6.8735085    
   4190000   1.000988       5.807135       1.5013904      6.8659512    
   4200000   0.99862081     5.8259507      1.4978399      6.8705173    
   4210000   1.0161077      5.7806811      1.5240686      6.8549323    
   4220000   1.0047208      5.7991187      1.5069893      6.8704334    
   4230000   1.0046564      5.7972017      1.5068927      6.8558581    
   4240000   0.99543081     5.800458       1.4930552      6.8626851    
   4250000   0.98835369     5.8002803      1.4824401      6.859455     
   4260000   0.99752225     5.8011127      1.4961921      6.8516604    
   4270000   1.002618       5.8093932      1.5038352      6.8597875    
   4280000   0.99688491     5.8395268      1.4952362      6.8698875    
   4290000   1.0013429      5.8200783      1.5019228      6.8728406    
   4300000   0.9938426      5.8098808      1.490673       6.8618391    
   4310000   1.0047847      5.7846724      1.5070852      6.8539976    
   4320000   0.99292651     5.8004029      1.4892989      6.8529034    
   4330000   0.99460283     5.8010412      1.4918133      6.8499757    
   4340000   0.99296755     5.8276194      1.4893605      6.8678715    
   4350000   1.0202535      5.8139945      1.5302869      6.8692604    
   4360000   1.0110492      5.8275862      1.5164814      6.8693328    
   4370000   0.99845264     5.8462529      1.4975876      6.8742754    
   4380000   1.0076386      5.8354733      1.5113657      6.8687832    
   4390000   0.99513353     5.8354255      1.4926093      6.8599984    
   4400000   1.0100755      5.8105448      1.5150209      6.8582793    
   4410000   0.99927434     5.816279       1.4988201      6.8674862    
   4420000   1.0025492      5.8082196      1.5037321      6.8561983    
   4430000   0.99728907     5.7967451      1.4958424      6.8513139    
   4440000   1.0015331      5.7888622      1.502208       6.8578682    
   4450000   0.9939522      5.8146882      1.4908374      6.8595135    
   4460000   0.99921653     5.8187367      1.4987334      6.8556997    
   4470000   1.0020502      5.8169269      1.5029837      6.8564376    
   4480000   0.99956676     5.8305591      1.4992587      6.8632823    
   4490000   1.0068209      5.8171391      1.5101392      6.8568446    
   4500000   0.99767028     5.8115049      1.4964142      6.8567086    
   4510000   1.0098509      5.8018189      1.514684       6.8690573    
   4520000   1.001054       5.8155182      1.5014894      6.849339     
   4530000   0.99941514     5.803837       1.4990313      6.8595079    
   4540000   1.0014111      5.8007721      1.502025       6.8570842    
   4550000   0.99398279     5.8114607      1.4908833      6.8641628    
   4560000   1.006362       5.8003311      1.5094509      6.8641636    
   4570000   0.99618163     5.8016245      1.4941813      6.8655989    
   4580000   0.99634748     5.7920209      1.4944301      6.8577565    
   4590000   1.0038132      5.7991055      1.505628       6.8605797    
   4600000   1.0075146      5.7863266      1.5111797      6.8561674    
   4610000   0.99093284     5.7810816      1.4863086      6.8634324    
   4620000   0.99466518     5.7865142      1.4919068      6.8613099    
   4630000   0.98629465     5.782531       1.4793518      6.8547414    
   4640000   0.98929906     5.774912       1.4838581      6.8524919    
   4650000   0.98583449     5.7923133      1.4786616      6.8571147    
   4660000   1.0032081      5.7779309      1.5047205      6.8506601    
   4670000   0.99608174     5.7739876      1.4940315      6.8507825    
   4680000   0.99533458     5.7673404      1.4929108      6.8509285    
   4690000   0.9852401      5.7967675      1.47777        6.8558315    
   4700000   0.99926714     5.7868753      1.4988093      6.8678632    
   4710000   0.99521693     5.8001174      1.4927344      6.8591323    
   4720000   0.99471502     5.7878187      1.4919815      6.8699657    
   4730000   1.0032326      5.7861358      1.5047571      6.862386     
   4740000   1.0072845      5.7843682      1.5108347      6.8573641    
   4750000   0.99807912     5.7928862      1.4970274      6.859888     
   4760000   0.99234179     5.7880801      1.4884219      6.8551756    
   4770000   0.99785066     5.7918042      1.4966847      6.8577843    
   4780000   0.99699253     5.7838237      1.4953976      6.8529773    
   4790000   0.99467759     5.7830984      1.4919254      6.8687036    
   4800000   1.0119958      5.7828944      1.5179011      6.8550837    
   4810000   0.99813425     5.7918509      1.4971101      6.8626678    
   4820000   1.0061936      5.7872175      1.5091983      6.8521071    
   4830000   1.0039743      5.7967348      1.5058696      6.8625423    
   4840000   0.99237691     5.8117353      1.4884746      6.8599091    
   4850000   0.99467806     5.7777917      1.4919261      6.8540503    
   4860000   1.0017068      5.7816979      1.5024686      6.8505413    
   4870000   0.98391445     5.8128151      1.4757817      6.8671745    
   4880000   1.0058707      5.7935865      1.508714       6.8577778    
   4890000   0.99646139     5.7976462      1.4946009      6.8605499    
   4900000   1.0076058      5.7918985      1.5113165      6.8575097    
   4910000   0.99552802     5.8059579      1.493201       6.8664745    
   4920000   1.0127332      5.7920281      1.5190072      6.8590945    
   4930000   0.99935392     5.81082        1.4989395      6.8619472    
   4940000   1.006567       5.7981707      1.5097584      6.8565711    
   4950000   0.99799849     5.806549       1.4969065      6.8545922    
   4960000   1.0000382      5.8156446      1.4999658      6.8618787    
   4970000   1.0060467      5.8292565      1.508978       6.858639     
   4980000   0.99513008     5.8282075      1.4926041      6.8705465    
   4990000   1.0019668      5.8177252      1.5028586      6.869489     
   5000000   1.0053518      5.8056416      1.5079358      6.8595145    
   5010000   1.0093498      5.8110844      1.5139323      6.8589482    
   5020000   1.0035642      5.800344       1.5052546      6.8629563    
   5030000   1.003742       5.8020216      1.5055213      6.8558389    
   5040000   0.99603331     5.7934392      1.4939589      6.8601147    
   5050000   0.99408954     5.8042571      1.4910434      6.8544546    
   5060000   1.0065776      5.7981755      1.5097743      6.8508014    
   5070000   0.99858139     5.8199087      1.4977808      6.867273     
   5080000   1.000334       5.8036503      1.5004095      6.856935     
   5090000   1.0076809      5.8172649      1.5114292      6.8624633    
   5100000   0.9998811      5.8144613      1.4997302      6.8602502    
   5110000   0.997552       5.8253468      1.4962368      6.8642468    
   5120000   0.99506363     5.8188354      1.4925044      6.8598096    
   5130000   0.99864588     5.8222146      1.4978775      6.87074      
   5140000   0.99955907     5.8195425      1.4992472      6.863086     
   5150000   0.99670932     5.8121843      1.4949728      6.8601771    
   5160000   0.99763907     5.8080258      1.4963674      6.8651967    
   5170000   0.99898641     5.8122623      1.4983882      6.8670688    
   5180000   0.99450023     5.8197858      1.4916594      6.8658829    
   5190000   0.99595481     5.8087053      1.4938411      6.8642312    
   5200000   1.0029695      5.7988896      1.5043626      6.8449726    
   5210000   1.0088705      5.7916391      1.5132134      6.857353     
   5220000   0.99006529     5.8286735      1.4850074      6.8606652    
   5230000   1.0104198      5.809321       1.5155373      6.8641152    
   5240000   1.0074377      5.8210065      1.5110644      6.8672993    
   5250000   1.007277       5.8148654      1.5108234      6.8537125    
   5260000   1.0026547      5.813541       1.5038903      6.8647524    
   5270000   1.0017871      5.8228253      1.502589       6.8685523    
   5280000   1.0049689      5.8127465      1.5073614      6.8711009    
   5290000   1.0042929      5.7961331      1.5063476      6.8591086    
   5300000   1.0028951      5.8017457      1.5042509      6.8593008    
   5310000   1.0066352      5.7943532      1.5098607      6.8651238    
   5320000   0.99759004     5.8011146      1.4962938      6.858729     
   5330000   0.99477718     5.7959996      1.4920748      6.8553493    
   5340000   0.990163       5.8074306      1.4851539      6.850638     
   5350000   1.0000213      5.7996803      1.4999405      6.8574879    
   5360000   1.0097923      5.7672623      1.514596       6.8486716    
   5370000   0.99453401     5.790535       1.4917101      6.8478728    
   5380000   0.99558278     5.8040804      1.4932831      6.8573303    
   5390000   1.0018759      5.8092939      1.5027223      6.8651151    
   5400000   1.000517       5.807294       1.500684       6.8674314    
   5410000   1.0050366      5.799556       1.507463       6.8612391    
   5420000   0.99338779     5.8005025      1.4899908      6.8604331    
   5430000   0.98979319     5.8045456      1.4845993      6.867201     
   5440000   0.99680478     5.8291116      1.495116       6.8633452    
   5450000   1.0180589      5.8101427      1.5269952      6.8572887    
   5460000   1.0096891      5.8089409      1.5144413      6.8707063    
   5470000   0.9946973      5.8095345      1.491955       6.8640031    
   5480000   0.99815665     5.8120051      1.4971437      6.8622825    
   5490000   1.0057377      5.7829002      1.5085145      6.8571103    
   5500000   0.99701776     5.7767534      1.4954355      6.8428501    
   5510000   0.99827327     5.7814914      1.4973186      6.8574557    
   5520000   0.99434671     5.7907285      1.4914291      6.8645607    
   5530000   1.0032181      5.7923744      1.5047354      6.8603289    
   5540000   1.0098838      5.8057025      1.5147334      6.8580455    
   5550000   0.99197653     5.823245       1.4878741      6.8643566    
   5560000   0.99860811     5.8090713      1.4978208      6.8557793    
   5570000   1.0020833      5.8026454      1.5030334      6.8593129    
   5580000   1.0093461      5.8056406      1.5139269      6.8693392    
   5590000   1.0081055      5.8063705      1.512066       6.8616858    
   5600000   0.98403679     5.8016561      1.4759652      6.859556     
   5610000   0.99691015     5.7923752      1.495274       6.851481     
   5620000   0.99260014     5.7940633      1.4888094      6.858102     
   5630000   1.001869       5.7893857      1.5027119      6.8599305    
   5640000   0.99215965     5.8010064      1.4881487      6.8616591    
   5650000   1.0010702      5.7875979      1.5015137      6.8516011    
   5660000   1.0043092      5.8062174      1.506372       6.8683037    
   5670000   0.99474847     5.8198157      1.4920317      6.8684536    
   5680000   1.0000561      5.8233057      1.4999927      6.8632204    
   5690000   1.0031254      5.8078053      1.5045963      6.863923     
   5700000   0.9868187      5.8288039      1.4801378      6.8598287    
   5710000   1.0074515      5.8119915      1.5110852      6.8652247    
   5720000   0.99614853     5.8178544      1.4941317      6.8477792    
   5730000   1.0040395      5.8219809      1.5059674      6.8684391    
   5740000   1.002886       5.8254826      1.5042373      6.872807     
   5750000   1.0079736      5.8062068      1.5118683      6.8651337    
   5760000   1.0045399      5.8075071      1.506718       6.8664248    
   5770000   1.0101605      5.8043166      1.5151484      6.8563484    
   5780000   0.9959875      5.8318564      1.4938902      6.8719132    
   5790000   1.0100103      5.8114697      1.5149231      6.8621761    
   5800000   1.0122739      5.8144205      1.5183183      6.8609301    
   5810000   1.0061324      5.8175008      1.5091066      6.8679045    
   5820000   1.0018258      5.8260143      1.502647       6.8727165    
   5830000   1.0005121      5.8193417      1.5006767      6.8636386    
   5840000   1.001853       5.7942916      1.5026879      6.8603385    
   5850000   0.99001197     5.8005971      1.4849274      6.8695305    
   5860000   0.9967894      5.8047891      1.4950929      6.8576078    
   5870000   0.98868103     5.8255272      1.4829311      6.8676039    
   5880000   0.99027673     5.8173635      1.4853245      6.8616623    
   5890000   1.0018586      5.786085       1.5026963      6.8594077    
   5900000   0.98902475     5.802474       1.4834467      6.8563477    
   5910000   1.0036131      5.7821872      1.5053278      6.8582663    
   5920000   1.0048992      5.7686746      1.5072569      6.8429891    
   5930000   1.0001239      5.8142469      1.5000943      6.8635202    
   5940000   0.99732925     5.8197152      1.4959026      6.8664264    
   5950000   1.0008149      5.8053567      1.5011309      6.8694297    
   5960000   1.0009038      5.795962       1.5012641      6.8635651    
   5970000   1.0020419      5.7985955      1.5029713      6.8581642    
   5980000   0.99240723     5.8148216      1.4885201      6.8594199    
   5990000   1.0067771      5.8145367      1.5100736      6.856573     
   6000000   1.0044708      5.8130114      1.5066143      6.8669538    
   6010000   1.0001539      5.8156074      1.5001393      6.8693845    
   6020000   0.99877561     5.812765       1.4980721      6.8567082    
   6030000   1.0115521      5.8121013      1.5172356      6.8672044    
   6040000   1.0100206      5.8064088      1.5149385      6.8597865    
   6050000   0.99506129     5.8041179      1.4925009      6.8564136    
   6060000   1.002072       5.7961751      1.5030163      6.8615347    
   6070000   1.0003017      5.8007739      1.500361       6.860006     
   6080000   1.0008279      5.8322531      1.5011503      6.8715432    
   6090000   1.0107933      5.8140449      1.5160974      6.8580928    
   6100000   1.000185       5.819513       1.5001861      6.868973     
   6110000   0.99835779     5.8039143      1.4974454      6.8595724    
   6120000   1.0036847      5.7990245      1.5054352      6.8634262    
   6130000   1.0032475      5.8112153      1.5047795      6.8610573    
   6140000   0.99877027     5.8169045      1.498064       6.8567229    
   6150000   1.0080695      5.7907523      1.512012       6.8580605    
   6160000   1.0040458      5.8150874      1.5059769      6.8618552    
   6170000   1.0052495      5.7909653      1.5077824      6.8453279    
   6180000   1.0004031      5.7782048      1.5005131      6.8539131    
   6190000   1.0003405      5.8078437      1.5004193      6.8643233    
   6200000   1.0037498      5.7911795      1.5055329      6.8578205    
   6210000   0.98869139     5.7979348      1.4829467      6.8582646    
   6220000   0.99685095     5.7962159      1.4951852      6.8542221    
   6230000   1.0034695      5.7642096      1.5051125      6.850817     
   6240000   0.99881745     5.7941367      1.4981348      6.8630065    
   6250000   0.9888447      5.7970453      1.4831766      6.8558648    
   6260000   1.0033874      5.7845354      1.5049893      6.8542244    
   6270000   1.0055648      5.7988598      1.5082553      6.8623115    
   6280000   1.0076557      5.7882733      1.5113914      6.8563996    
   6290000   1.0020258      5.7969383      1.5029471      6.8705306    
   6300000   0.99933021     5.8282356      1.4989039      6.8705714    
   6310000   1.008678       5.8193345      1.5129248      6.8642623    
   6320000   1.0125003      5.8035139      1.5186578      6.8627844    
   6330000   1.0091324      5.8109236      1.5136063      6.8686673    
   6340000   1.0051816      5.8228627      1.5076805      6.8787195    
   6350000   0.99743348     5.8344507      1.496059       6.8725541    
   6360000   1.0098831      5.8079706      1.5147323      6.8706889    
   6370000   1.0184168      5.7863238      1.527532       6.8495134    
   6380000   0.9929338      5.8150617      1.4893099      6.8623197    
   6390000   1.0073611      5.8030015      1.5109496      6.8649055    
   6400000   1.0043479      5.818084       1.50643        6.8667851    
   6410000   1.0034539      5.8140571      1.505089       6.863398     
   6420000   1.0049285      5.8246744      1.5073008      6.8649332    
   6430000   1.0063163      5.8029771      1.5093824      6.8579697    
   6440000   1.0057768      5.7930004      1.5085732      6.8601535    
   6450000   1.0028647      5.8087603      1.5042054      6.8692166    
   6460000   0.99700497     5.8115783      1.4954163      6.8613699    
   6470000   1.0084653      5.7957085      1.5126057      6.8613643    
   6480000   0.9912896      5.8011046      1.4868437      6.859949     
   6490000   0.99488954     5.818434       1.4922433      6.8545513    
   6500000   1.010863       5.8062333      1.5162021      6.8594632    
   6510000   1.001832       5.8001193      1.5026564      6.8500555    
   6520000   0.99717556     5.8157383      1.4956721      6.8557772    
   6530000   0.99852969     5.8180549      1.4977032      6.8645772    
   6540000   1.004323       5.8308887      1.5063927      6.8650871    
   6550000   1.0069815      5.8396786      1.5103801      6.8610755    
   6560000   1.0026482      5.8309395      1.5038806      6.8611476    
   6570000   1.0012332      5.8081471      1.5017582      6.8534864    
   6580000   1.0013156      5.8304277      1.5018818      6.8679071    
   6590000   0.99434867     5.8400395      1.4914321      6.862659     
   6600000   1.0071211      5.8284882      1.5105895      6.8685082    
   6610000   1.0075991      5.8097608      1.5113064      6.8632872    
   6620000   0.99766117     5.8161897      1.4964005      6.871273     
   6630000   0.99120997     5.8112568      1.4867243      6.8669888    
   6640000   0.99942185     5.7816088      1.4990414      6.8627254    
   6650000   0.99260555     5.7944329      1.4888175      6.8516944    
   6660000   0.99247863     5.8048788      1.4886272      6.8608158    
   6670000   0.99741338     5.8063555      1.4960288      6.8620905    
   6680000   0.99930866     5.7943878      1.4988716      6.8592887    
   6690000   0.99163057     5.8047374      1.4873552      6.8601006    
   6700000   0.9975988      5.7923933      1.496307       6.8614601    
   6710000   0.99705894     5.7932927      1.4954972      6.8644477    
   6720000   0.98730209     5.8075211      1.4808628      6.867826     
   6730000   0.99584683     5.7835243      1.4936792      6.8610413    
   6740000   0.98640873     5.7857469      1.4795229      6.854657     
   6750000   0.99105553     5.7771177      1.4864926      6.8578948    
   6760000   1.0032531      5.7668068      1.5047878      6.8620085    
   6770000   0.99781616     5.7811198      1.496633       6.8643669    
   6780000   0.99806999     5.7619912      1.4970137      6.8520161    
   6790000   0.99407447     5.7587622      1.4910208      6.8516331    
   6800000   1.0028358      5.7510601      1.5041619      6.8466904    
   6810000   0.99389724     5.7553727      1.490755       6.8566083    
   6820000   0.99704953     5.7644527      1.4954831      6.8605647    
   6830000   0.99327997     5.7905249      1.4898291      6.8514107    
   6840000   0.99723904     5.7933844      1.4957673      6.8602768    
   6850000   1.0039175      5.7943838      1.5057844      6.8622587    
   6860000   0.97996642     5.8192857      1.46986        6.8683556    
   6870000   1.004927       5.8114247      1.5072986      6.8631916    
   6880000   1.0018421      5.8089888      1.5026716      6.8688041    
   6890000   1.0053483      5.7951593      1.5079305      6.860085     
   6900000   0.99225984     5.8269126      1.488299       6.8677778    
   6910000   1.0083906      5.8100044      1.5124937      6.854275     
   6920000   0.99919891     5.8182943      1.498707       6.8635066    
   6930000   0.98948948     5.8276446      1.4841437      6.8551729    
   6940000   0.99570236     5.8058035      1.4934625      6.8617462    
   6950000   0.99693719     5.8025868      1.4953146      6.8515666    
   6960000   0.99242229     5.8217916      1.4885427      6.8671834    
   6970000   0.99248161     5.8307194      1.4886316      6.8612812    
   6980000   0.99326325     5.8250217      1.489804       6.8665022    
   6990000   1.0033563      5.8023632      1.5049426      6.8645303    
   7000000   0.99841636     5.7843032      1.4975332      6.8497135    
   7010000   0.99616681     5.7829814      1.4941591      6.8692158    
   7020000   0.99953204     5.786933       1.4992066      6.8631334    
   7030000   0.99364707     5.7825458      1.4903797      6.8586752    
   7040000   0.98954867     5.7779981      1.4842325      6.8447591    
   7050000   0.99664692     5.7850085      1.4948792      6.8628083    
   7060000   0.99556607     5.7820668      1.4932581      6.8590493    
   7070000   0.9969169      5.8015438      1.4952842      6.8629264    
   7080000   1.0044774      5.7782163      1.5066242      6.8570083    
   7090000   1.0004134      5.7696728      1.5005286      6.8582988    
   7100000   0.99115474     5.8033121      1.4866415      6.8643611    
   7110000   0.98877868     5.8264712      1.4830776      6.8632211    
   7120000   0.99900445     5.8147584      1.4984153      6.8520443    
   7130000   0.99288072     5.8219763      1.4892303      6.8605138    
   7140000   1.002159       5.8095047      1.5031469      6.8684076    
   7150000   1.005742       5.8038021      1.5085211      6.863275     
   7160000   1.0047228      5.819809       1.5069922      6.8661321    
   7170000   1.0020149      5.8115191      1.5029307      6.8584027    
   7180000   1.0036233      5.8033891      1.5053431      6.8608762    
   7190000   1.0004404      5.822399       1.5005692      6.8661189    
   7200000   0.99685448     5.8374501      1.4951905      6.868047     
   7210000   1.0085897      5.8055046      1.5127923      6.8666701    
   7220000   0.99128028     5.8161267      1.4868298      6.8604524    
   7230000   1.0043172      5.8228794      1.5063839      6.8618374    
   7240000   1.0023378      5.827126       1.503415       6.8784252    
   7250000   0.9971204      5.8102478      1.4955894      6.8633742    
   7260000   1.0003213      5.8247366      1.5003905      6.8558618    
   7270000   1.0049807      5.8207573      1.5073791      6.8620002    
   7280000   1.0101344      5.8133975      1.5151093      6.8523499    
   7290000   0.99916897     5.8021219      1.4986621      6.8584674    
   7300000   0.99243227     5.8274177      1.4885576      6.8706189    
   7310000   0.99688        5.8232529      1.4952288      6.8704689    
   7320000   0.99933091     5.8171911      1.498905       6.8685328    
   7330000   1.0035614      5.8079725      1.5052502      6.8651336    
   7340000   0.99589886     5.7919576      1.4937572      6.8596199    
   7350000   0.99585263     5.7933545      1.4936879      6.8591509    
   7360000   1.0003799      5.7916434      1.5004783      6.862868     
   7370000   0.99968978     5.7931102      1.4994432      6.8525444    
   7380000   1.0036544      5.779256       1.5053898      6.8686006    
   7390000   0.99705719     5.7796361      1.4954946      6.8556149    
   7400000   1.0007102      5.7948695      1.5009738      6.8552002    
   7410000   1.0026823      5.7924885      1.5039317      6.8667373    
   7420000   1.0028312      5.7923265      1.5041551      6.8623148    
   7430000   1.0010469      5.7954897      1.5014788      6.8603003    
   7440000   0.98765538     5.8224794      1.4813927      6.8718617    
   7450000   0.99979646     5.7772858      1.4996032      6.8520794    
   7460000   0.99456811     5.793736       1.4917612      6.8491126    
   7470000   0.98241179     5.8018572      1.4735278      6.8527783    
   7480000   0.98536576     5.7919484      1.4779585      6.8557905    
   7490000   0.99576758     5.780451       1.4935603      6.866347     
   7500000   0.99334211     5.7884838      1.4899223      6.8519588    
   7510000   0.99945111     5.8057404      1.4990852      6.8651918    
   7520000   0.99973798     5.7989155      1.4995155      6.8636005    
   7530000   1.0002867      5.8061073      1.5003386      6.8564062    
   7540000   0.99942073     5.8039523      1.4990397      6.8749155    
   7550000   1.0022831      5.8058185      1.5033329      6.852828     
   7560000   0.99988772     5.8075336      1.4997401      6.8600915    
   7570000   1.0028129      5.8003549      1.5041276      6.8608258    
   7580000   1.0065813      5.7853309      1.5097799      6.8617815    
   7590000   1.0073887      5.8019244      1.510991       6.8637186    
   7600000   1.0133945      5.7912479      1.519999       6.864187     
   7610000   1.0040376      5.8072925      1.5059646      6.8689914    
   7620000   1.0183969      5.7981355      1.5275022      6.8535057    
   7630000   1.0141716      5.8037997      1.5211647      6.8615       
   7640000   1.0103417      5.8142117      1.5154201      6.8620797    
   7650000   0.99625902     5.8213264      1.4942974      6.8651918    
   7660000   1.0022809      5.805941       1.5033297      6.8607994    
   7670000   0.99748143     5.7874321      1.4961309      6.8492905    
   7680000   1.007771       5.7914867      1.5115644      6.8627539    
   7690000   1.0137         5.7965542      1.5204573      6.8581673    
   7700000   1.0006195      5.8100612      1.5008377      6.8624531    
   7710000   1.0019443      5.7964467      1.5028249      6.8688468    
   7720000   1.0018376      5.8028747      1.5026648      6.8717144    
   7730000   1.0076218      5.7993567      1.5113405      6.8585528    
   7740000   0.99641042     5.8205172      1.4945245      6.8609135    
   7750000   0.99822377     5.8205851      1.4972444      6.8763641    
   7760000   1.0022459      5.8257734      1.5032771      6.8709658    
   7770000   0.99526322     5.8364567      1.4928038      6.8742676    
   7780000   0.99572914     5.8205808      1.4935026      6.8581848    
   7790000   1.0002295      5.8039535      1.5002527      6.8662981    
   7800000   0.99289509     5.8235899      1.4892518      6.8647322    
   7810000   1.0010995      5.8063068      1.5015578      6.8667116    
   7820000   1.0037248      5.823785       1.5054954      6.8590671    
   7830000   1.0072805      5.82854        1.5108287      6.8603575    
   7840000   1.0011615      5.8408453      1.5016507      6.8594838    
   7850000   1.0108177      5.8269506      1.5161341      6.8639686    
   7860000   1.0071804      5.8228316      1.5106785      6.858871     
   7870000   0.99813499     5.82718        1.4971112      6.8689363    
   7880000   0.99414759     5.8359464      1.4911305      6.8668021    
   7890000   1.006972       5.7977184      1.510366       6.8625035    
   7900000   1.0064783      5.7986412      1.5096254      6.8580734    
   7910000   0.99738166     5.8108306      1.4959813      6.8547364    
   7920000   1.000309       5.8219677      1.500372       6.866597     
   7930000   1.0082039      5.8269497      1.5122136      6.860233     
   7940000   0.99673799     5.8340567      1.4950158      6.8749604    
   7950000   0.99889566     5.8227852      1.4982521      6.8618593    
   7960000   1.0071592      5.8158929      1.5106467      6.866        
   7970000   0.9936303      5.8261343      1.4903546      6.8691547    
   7980000   1.0032838      5.8096293      1.5048339      6.8606592    
   7990000   1.0046023      5.8206297      1.5068116      6.8581226    
   8000000   0.99475349     5.8314577      1.4920393      6.8651142    
   8010000   1.0030647      5.8279753      1.5045053      6.8545577    
   8020000   1.004082       5.8180123      1.5060312      6.8593038    
   8030000   0.99528622     5.8317922      1.4928383      6.8613008    
   8040000   0.99872205     5.8248485      1.4979917      6.8620825    
   8050000   0.9914793      5.8391011      1.4871283      6.8687373    
   8060000   1.0075697      5.8308025      1.5112624      6.8584978    
   8070000   1.0103326      5.8268343      1.5154065      6.8669524    
   8080000   1.0136202      5.8381117      1.5203376      6.8844871    
   8090000   1.0154345      5.8297539      1.5230589      6.8622371    
   8100000   1.0082761      5.8289146      1.512322       6.872692     
   8110000   1.0016467      5.8310674      1.5023784      6.8715586    
   8120000   0.99765204     5.8244152      1.4963868      6.8640251    
   8130000   0.99966042     5.8105679      1.4993992      6.8579511    
   8140000   1.004315       5.8153599      1.5063806      6.8607126    
   8150000   1.0065085      5.798084       1.5096707      6.8570204    
   8160000   1.0148917      5.8007906      1.5222447      6.8618069    
   8170000   1.008465       5.8285136      1.5126053      6.8623252    
   8180000   1.0044039      5.8290084      1.506514       6.8612708    
   8190000   1.0144394      5.8178033      1.5215663      6.8637813    
   8200000   0.99525392     5.840852       1.4927898      6.8614715    
   8210000   1.0095111      5.831912       1.5141743      6.8623514    
   8220000   1.0038418      5.8383995      1.5056708      6.8686868    
   8230000   1.0147515      5.8264449      1.5220344      6.8596529    
   8240000   0.99843811     5.8345773      1.4975658      6.8747927    
   8250000   1.0036296      5.8308889      1.5053526      6.8670798    
   8260000   1.0126589      5.8292107      1.5188957      6.8646484    
   8270000   0.99796365     5.8244442      1.4968542      6.8555824    
   8280000   1.0020592      5.828513       1.5029972      6.8626757    
   8290000   1.0005868      5.8266828      1.5007888      6.8661447    
   8300000   0.99620709     5.8404182      1.4942195      6.8706311    
   8310000   1.0074298      5.8179629      1.5110525      6.8722556    
   8320000   1.0122013      5.8167351      1.5182094      6.8694978    
   8330000   1.0027696      5.8415061      1.5040626      6.8719205    
   8340000   0.99876501     5.8296291      1.4980562      6.8751042    
   8350000   1.0084577      5.8175548      1.5125943      6.8635106    
   8360000   1.0154151      5.8113857      1.5230298      6.8613732    
   8370000   1.013461       5.810487       1.5200989      6.8549655    
   8380000   1.0042442      5.8120507      1.5062745      6.8556341    
   8390000   0.9941212      5.8120635      1.4910909      6.8552329    
   8400000   0.99979495     5.7977083      1.499601       6.8520561    
   8410000   1.0026818      5.7812995      1.5039311      6.8590552    
   8420000   0.98890147     5.7841399      1.4832618      6.8557889    
   8430000   0.98508651     5.7954602      1.4775397      6.8593533    
   8440000   0.98497166     5.7981314      1.4773674      6.8565807    
   8450000   0.99094228     5.7942992      1.4863228      6.8520382    
   8460000   0.99979393     5.7982175      1.4995994      6.8602029    
   8470000   1.0144328      5.7930781      1.5215564      6.8578852    
   8480000   0.99662503     5.8104953      1.4948464      6.8659703    
   8490000   1.0013634      5.8117194      1.5019535      6.8506389    
   8500000   0.99495261     5.8244588      1.4923379      6.8662877    
   8510000   0.99915956     5.8138907      1.498648       6.8623784    
   8520000   0.99275766     5.8248095      1.4890457      6.8646571    
   8530000   0.99956295     5.8236503      1.499253       6.8550121    
   8540000   0.99884751     5.8079638      1.4981799      6.8619852    
   8550000   0.99482309     5.7989912      1.4921436      6.8621965    
   8560000   0.99581146     5.7901576      1.4936261      6.8537805    
   8570000   0.98999385     5.8003806      1.4849002      6.8567613    
   8580000   0.99903376     5.7880998      1.4984593      6.8578017    
   8590000   0.98702983     5.8099909      1.4804545      6.8646918    
   8600000   0.99402365     5.8055594      1.4909446      6.8521417    
   8610000   1.0035596      5.7995724      1.5052477      6.8641469    
   8620000   0.99677395     5.7957042      1.4950698      6.8655256    
   8630000   0.99819662     5.7902249      1.4972036      6.8570995    
   8640000   0.99137302     5.8074832      1.4869689      6.860408     
   8650000   0.99986415     5.7968226      1.4997048      6.867636     
   8660000   1.0041467      5.7888124      1.5061282      6.8593999    
   8670000   0.99548242     5.7989962      1.4931326      6.869647     
   8680000   0.99735215     5.7949064      1.495937       6.8624993    
   8690000   1.0061162      5.7769016      1.5090822      6.8526531    
   8700000   1.0066015      5.79149        1.5098101      6.8659864    
   8710000   0.98946897     5.8205958      1.484113       6.8567231    
   8720000   0.99446026     5.8151607      1.4915994      6.8682813    
   8730000   0.98704716     5.8140455      1.4804805      6.8585518    
   8740000   0.99650817     5.8098614      1.4946711      6.8574888    
   8750000   0.99786492     5.7932217      1.4967061      6.8597864    
   8760000   0.99592352     5.7974048      1.4937942      6.8653901    
   8770000   0.99815706     5.8018887      1.4971443      6.856478     
   8780000   0.99795564     5.8101972      1.4968422      6.8601626    
   8790000   0.99661071     5.8203739      1.4948249      6.8581657    
   8800000   0.99796765     5.8082701      1.4968602      6.8641786    
   8810000   0.99728019     5.7920808      1.4958291      6.864296     
   8820000   0.99649602     5.8131147      1.4946529      6.85558      
   8830000   1.0078729      5.8020957      1.5117172      6.8521265    
   8840000   1.0065729      5.8091079      1.5097672      6.867888     
   8850000   0.99938614     5.8297088      1.4989878      6.8607205    
   8860000   1.0037159      5.8443228      1.505482       6.872645     
   8870000   1.0047832      5.8427793      1.5070829      6.8779306    
   8880000   1.0015812      5.8317822      1.5022802      6.8577053    
   8890000   1.0022181      5.8127744      1.5032354      6.8644162    
   8900000   1.0099129      5.8159888      1.514777       6.8590007    
   8910000   1.0017867      5.8360858      1.5025884      6.8638649    
   8920000   0.99628903     5.8458941      1.4943424      6.8679865    
   8930000   1.004043       5.8267987      1.5059726      6.862174     
   8940000   1.0037384      5.8250949      1.5055159      6.8636878    
   8950000   1.0041716      5.8295168      1.5061655      6.865069     
   8960000   0.99991957     5.8401393      1.4997879      6.8597309    
   8970000   1.0018054      5.8318878      1.5026164      6.863343     
   8980000   1.0024083      5.8188431      1.5035208      6.8674556    
   8990000   0.98425532     5.8198795      1.476293       6.870915     
   9000000   0.99463196     5.7961124      1.491857       6.8652466    
   9010000   0.99621708     5.8050906      1.4942345      6.8523371    
   9020000   0.99380471     5.8016952      1.4906162      6.8643778    
   9030000   1.0037306      5.7958234      1.505504       6.8652918    
   9040000   1.0006023      5.7888803      1.500812       6.8630615    
   9050000   0.99171922     5.8015312      1.4874881      6.8476704    
   9060000   0.98820987     5.7899788      1.4822244      6.8548944    
   9070000   1.0024831      5.7794034      1.503633       6.8567825    
   9080000   0.99282364     5.79062        1.4891447      6.8642547    
   9090000   0.99407733     5.7942594      1.4910251      6.861262     
   9100000   0.99663941     5.7888721      1.494868       6.8508463    
   9110000   0.99519926     5.8028312      1.4927079      6.8559462    
   9120000   1.0080928      5.7851549      1.512047       6.8622783    
   9130000   1.0021676      5.7948941      1.5031598      6.8556782    
   9140000   1.0086695      5.79742        1.5129119      6.8662545    
   9150000   0.99883619     5.8038515      1.4981629      6.8601439    
   9160000   1.0000913      5.8008094      1.5000454      6.8642857    
   9170000   0.9843658      5.8147866      1.4764587      6.8676541    
   9180000   1.0099751      5.7864736      1.5148703      6.8552854    
   9190000   0.9971849      5.8049581      1.4956861      6.8663559    
   9200000   0.99372252     5.8216372      1.4904929      6.8578725    
   9210000   0.99545068     5.8199126      1.493085       6.8654433    
   9220000   1.0001595      5.8030728      1.5001478      6.8658511    
   9230000   0.99829791     5.8026547      1.4973556      6.860619     
   9240000   1.0027591      5.8014374      1.504047       6.8595183    
   9250000   1.0012465      5.8094053      1.5017782      6.8699541    
   9260000   1.0051738      5.7980084      1.5076688      6.8604667    
   9270000   1.0149533      5.8069327      1.5223372      6.8669214    
   9280000   1.0035449      5.8315519      1.5052255      6.8692487    
   9290000   1.00249        5.8359101      1.5036433      6.874377     
   9300000   1.0048783      5.8202781      1.5072255      6.8727738    
   9310000   1.006224       5.7975045      1.509244       6.8645357    
   9320000   0.99750929     5.8199881      1.4961727      6.8787815    
   9330000   0.99666615     5.8249943      1.4949081      6.8708375    
   9340000   1.0058841      5.8366575      1.5087342      6.8632435    
   9350000   1.0029077      5.8367402      1.5042698      6.8644941    
   9360000   1.004573       5.8191276      1.5067676      6.8675775    
   9370000   1.001408       5.8100104      1.5020204      6.8504609    
   9380000   0.99405086     5.8217059      1.4909854      6.8681575    
   9390000   0.98978316     5.8321295      1.4845842      6.8710641    
   9400000   0.99918281     5.8102953      1.4986828      6.8718173    
   9410000   0.99610397     5.8019026      1.4940648      6.8581919    
   9420000   1.0016269      5.7953146      1.5023488      6.8662268    
   9430000   0.99962461     5.7987645      1.4993455      6.8619212    
   9440000   1.0027787      5.7841407      1.5040763      6.856946     
   9450000   0.99918116     5.7882616      1.4986804      6.8610389    
   9460000   0.99996286     5.7800686      1.4998528      6.8638796    
   9470000   0.99108693     5.8037693      1.4865397      6.8590153    
   9480000   1.0009181      5.7925608      1.5012857      6.8646271    
   9490000   0.991224       5.8037886      1.4867453      6.8643529    
   9500000   0.99646512     5.7986         1.4946065      6.8601318    
   9510000   0.99599585     5.8176823      1.4939027      6.8558114    
   9520000   1.0026084      5.8045247      1.5038209      6.8580449    
   9530000   0.98914145     5.8173524      1.4836217      6.8626456    
   9540000   0.99716154     5.8162788      1.4956511      6.8662406    
   9550000   0.99704184     5.8055028      1.4954716      6.8639447    
   9560000   1.0005093      5.8174605      1.5006724      6.8704799    
   9570000   0.99972278     5.8102003      1.4994927      6.8557788    
   9580000   0.9975466      5.82682        1.4962287      6.8604135    
   9590000   1.0111221      5.8245518      1.5165907      6.8698696    
   9600000   1.004499       5.8143933      1.5066566      6.8682163    
   9610000   0.99717565     5.8170544      1.4956723      6.8561226    
   9620000   1.008416       5.7859867      1.5125318      6.8572131    
   9630000   1.0016507      5.7951059      1.5023844      6.8559971    
   9640000   0.99399022     5.8154462      1.4908944      6.8667307    
   9650000   0.99963087     5.7929786      1.4993549      6.8565521    
   9660000   0.9998067      5.8036449      1.4996186      6.8624644    
   9670000   0.9988334      5.8170782      1.4981587      6.8713639    
   9680000   1.0034096      5.8089353      1.5050226      6.859941     
   9690000   0.99958207     5.8301642      1.4992817      6.8661499    
   9700000   1.0022456      5.8236932      1.5032767      6.8782191    
   9710000   1.0038583      5.8185144      1.5056956      6.865713     
   9720000   1.0107839      5.8180252      1.5160835      6.8601415    
   9730000   1.0013217      5.8176296      1.5018909      6.8598976    
   9740000   1.0069738      5.8303997      1.5103687      6.8595887    
   9750000   1.0066241      5.8255806      1.5098441      6.8648675    
   9760000   0.99797857     5.8344595      1.4968766      6.8672135    
   9770000   1.0034773      5.8257817      1.5051241      6.8643828    
   9780000   1.0078718      5.816018       1.5117156      6.8614546    
   9790000   1.003963       5.8064003      1.5058527      6.8544274    
   9800000   1.0011601      5.8011361      1.5016486      6.8636996    
   9810000   0.98966559     5.8130003      1.4844079      6.8676686    
   9820000   0.99117805     5.8134934      1.4866764      6.859165     
   9830000   0.99480088     5.81937        1.4921103      6.8714788    
   9840000   0.99748774     5.8247008      1.4961404      6.8662522    
   9850000   1.0059865      5.8195412      1.5088878      6.8664887    
   9860000   1.0080948      5.8026865      1.51205        6.8561084    
   9870000   1.0061417      5.8163632      1.5091206      6.8636955    
   9880000   0.99601749     5.8219214      1.4939351      6.8732498    
   9890000   0.99818736     5.8200131      1.4971897      6.8618914    
   9900000   0.99758879     5.7996905      1.4962919      6.8595885    
   9910000   1.0001824      5.7788797      1.5001821      6.8421452    
   9920000   0.99875862     5.812314       1.4980466      6.8606371    
   9930000   0.99752745     5.8110287      1.4961999      6.8518102    
   9940000   0.99172749     5.828022       1.4875005      6.8772447    
   9950000   0.99730459     5.8295264      1.4958657      6.866027     
   9960000   1.0093582      5.820999       1.513945       6.8596443    
   9970000   1.0047238      5.8265966      1.5069938      6.8597737    
   9980000   1.0040521      5.8238837      1.5059863      6.8731339    
   9990000   1.0139982      5.8043467      1.5209046      6.8638548    
  10000000   1.0117602      5.8101731      1.5175478      6.8540288    
  10010000   0.99368189     5.8244914      1.490432       6.8702747    
  10020000   1.0079076      5.8062263      1.5117692      6.8576492    
  10030000   1.007151       5.8194432      1.5106344      6.8685345    
  10040000   1.0053096      5.8298574      1.5078724      6.8594754    
  10050000   1.014296       5.8104006      1.5213512      6.8614174    
  10060000   1.0050859      5.821666       1.5075369      6.8669111    
  10070000   0.9931264      5.816975       1.4895988      6.8685501    
  10080000   1.0090474      5.8091612      1.5134789      6.8627542    
  10090000   0.99662127     5.8176585      1.4948408      6.8588747    
  10100000   1.0035058      5.8065558      1.505167       6.8656964    
  10110000   0.99643727     5.8214381      1.4945648      6.8602317    
  10120000   1.0145608      5.8040154      1.5217484      6.8701405    
  10130000   1.0058904      5.8271174      1.5087436      6.8668508    
  10140000   0.99902693     5.8332764      1.498449       6.85863      
  10150000   1.0000655      5.8174742      1.5000068      6.8640363    
  10160000   1.0084325      5.8170264      1.5125565      6.863332     
  10170000   1.0060792      5.8235538      1.5090268      6.8586361    
  10180000   1.0171648      5.8158311      1.5256542      6.8570452    
  10190000   1.0003022      5.8116023      1.5003618      6.856698     
  10200000   1.0045805      5.8058551      1.5067788      6.8539075    
  10210000   0.9977804      5.7984754      1.4965793      6.8652269    
  10220000   0.99989524     5.7908562      1.4997514      6.8553773    
  10230000   0.98934684     5.7984851      1.4839298      6.8603546    
  10240000   0.99558521     5.8069623      1.4932868      6.8535216    
  10250000   0.99347894     5.8105812      1.4901275      6.8597515    
  10260000   0.99852385     5.8003812      1.4976944      6.8560175    
  10270000   1.0088721      5.7891661      1.5132158      6.8603827    
  10280000   0.99441788     5.795066       1.4915359      6.8531336    
  10290000   0.99705076     5.8221444      1.4954849      6.8606908    
  10300000   0.99964217     5.8141663      1.4993718      6.8629313    
  10310000   0.99792806     5.8032433      1.4968008      6.8718852    
  10320000   1.0024163      5.7940355      1.5035328      6.8640541    
  10330000   0.99491233     5.8093957      1.4922775      6.8658557    
  10340000   1.0043514      5.7982089      1.5064352      6.85385      
  10350000   0.99889819     5.7930893      1.4982559      6.8586781    
  10360000   0.99412444     5.8016102      1.4910957      6.8581529    
  10370000   0.99075587     5.8164015      1.4860432      6.8701325    
  10380000   0.99689315     5.8055783      1.4952486      6.8556811    
  10390000   0.99851388     5.8059761      1.4976795      6.8635244    
  10400000   0.99950725     5.8207958      1.4991695      6.8588238    
  10410000   1.0027429      5.8222968      1.5040226      6.8652198    
  10420000   1.0079412      5.8000656      1.5118196      6.8671903    
  10430000   0.99951162     5.8127263      1.499176       6.8676047    
  10440000   1.0033862      5.8018434      1.5049876      6.858634     
  10450000   1.0001245      5.790762       1.5000952      6.8579454    
  10460000   0.99836644     5.7946638      1.4974583      6.8478808    
  10470000   0.98875668     5.800988       1.4830446      6.8574436    
  10480000   0.99452254     5.8011783      1.4916928      6.856095     
  10490000   1.0001834      5.7863425      1.5001835      6.8581611    
  10500000   1.003691       5.8049759      1.5054447      6.873588     
  10510000   0.99963345     5.8241282      1.4993587      6.8588645    
  10520000   1.000921       5.8211775      1.50129        6.8587205    
  10530000   1.0028061      5.8138728      1.5041175      6.8613329    
  10540000   1.000042       5.8229024      1.4999715      6.869908     
  10550000   0.99219125     5.8128434      1.4881961      6.8599928    
  10560000   1.0078201      5.809672       1.511638       6.8738064    
  10570000   0.99512576     5.8101706      1.4925976      6.8628916    
  10580000   0.99823529     5.8025965      1.4972616      6.8666817    
  10590000   1.0004453      5.8103588      1.5005765      6.8589126    
  10600000   0.99520272     5.8123649      1.4927131      6.8509093    
  10610000   0.99388508     5.8057628      1.4907367      6.8611479    
  10620000   0.99741802     5.7922707      1.4960358      6.8561676    
  10630000   1.0007742      5.7776313      1.5010697      6.8516837    
  10640000   1.0021527      5.7756238      1.5031374      6.8556177    
  10650000   0.99949176     5.8009301      1.4991462      6.8553344    
  10660000   1.0011618      5.8014422      1.5016511      6.8537636    
  10670000   1.0007306      5.8053993      1.5010044      6.862702     
  10680000   1.0084049      5.7924893      1.5125152      6.8570739    
  10690000   0.99661522     5.7961299      1.4948317      6.8561318    
  10700000   0.9919084      5.7983682      1.4877719      6.8550937    
  10710000   1.000209       5.8023825      1.500222       6.8633636    
  10720000   0.99572277     5.8218958      1.4934931      6.8672191    
  10730000   0.99067209     5.8232962      1.4859175      6.8708891    
  10740000   0.99406862     5.8242486      1.491012       6.868827     
  10750000   1.0161313      5.8055073      1.524104       6.8569993    
  10760000   1.0026836      5.8221035      1.5039338      6.8649755    
  10770000   0.99905223     5.8274902      1.498487       6.8700505    
  10780000   1.0060612      5.8114093      1.5089997      6.858141     
  10790000   1.0015098      5.80497        1.5021731      6.8520009    
  10800000   1.0035641      5.7984563      1.5052543      6.8566       
  10810000   1.007278       5.7867413      1.5108249      6.8496316    
  10820000   1.0009675      5.805352       1.5013598      6.8566171    
  10830000   0.99891806     5.8067988      1.4982857      6.8580396    
  10840000   1.0002858      5.809325       1.5003372      6.8617385    
  10850000   1.0005781      5.8100736      1.5007756      6.8677275    
  10860000   1.0095557      5.7904042      1.5142412      6.8622097    
  10870000   1.0031089      5.8167528      1.5045716      6.8716191    
  10880000   1.0023331      5.7983218      1.5034079      6.8608107    
  10890000   1.0003127      5.8119225      1.5003776      6.8595432    
  10900000   0.98765619     5.8232772      1.4813939      6.8623307    
  10910000   1.0015008      5.8166571      1.5021596      6.8583879    
  10920000   0.99220549     5.8014702      1.4882175      6.865279     
  10930000   0.99112934     5.8098874      1.4866034      6.8675321    
  10940000   0.99471268     5.8037057      1.491978       6.867104     
  10950000   0.99474151     5.8148915      1.4920213      6.8599445    
  10960000   1.0030052      5.7936628      1.504416       6.8559766    
  10970000   0.99646541     5.8135527      1.494607       6.8658763    
  10980000   1.0023812      5.8109036      1.5034801      6.8664348    
  10990000   1.0026957      5.8177587      1.5039518      6.8666226    
  11000000   1.0048215      5.8188013      1.5071404      6.8707315    
  11010000   1.0091223      5.8171718      1.5135912      6.8630918    
  11020000   0.99778655     5.8220173      1.4965886      6.8647774    
  11030000   1.000068       5.7899023      1.5000105      6.8481699    
  11040000   0.98657851     5.8011931      1.4797775      6.859613     
  11050000   0.99437396     5.7767174      1.49147        6.857678     
  11060000   0.99912423     5.7898017      1.498595       6.8565695    
  11070000   1.0119534      5.7816151      1.5178376      6.8600452    
  11080000   1.0086167      5.807124       1.5128328      6.8598996    
  11090000   1.0153186      5.8058585      1.5228851      6.8621186    
  11100000   1.0023917      5.8266742      1.5034959      6.8679117    
  11110000   1.0001733      5.8281918      1.5001684      6.8775164    
  11120000   0.99381237     5.8234258      1.4906277      6.8639678    
  11130000   1.0033926      5.8089782      1.5049971      6.8600172    
  11140000   0.99836641     5.8084616      1.4974583      6.8625256    
  11150000   0.99505512     5.8073726      1.4924917      6.8524257    
  11160000   0.99987051     5.7892303      1.4997143      6.8556855    
  11170000   0.99439514     5.7893514      1.4915018      6.8652231    
  11180000   1.0026176      5.7873676      1.5038347      6.8663205    
  11190000   0.99940809     5.8251609      1.4990207      6.8740445    
  11200000   1.0083008      5.8031316      1.5123589      6.8609619    
  11210000   1.0093007      5.8015292      1.5138588      6.8685008    
  11220000   1.0055989      5.8026991      1.5083064      6.8528161    
  11230000   1.0102264      5.8075165      1.5152473      6.8636037    
  11240000   1.0030681      5.8100877      1.5045104      6.8544431    
  11250000   1.0077442      5.8198601      1.5115242      6.8723227    
  11260000   0.99964714     5.8330602      1.4993793      6.8612721    
  11270000   1.0029203      5.819316       1.5042887      6.8717234    
  11280000   1.0033106      5.8042726      1.5048741      6.8636953    
  11290000   1.0003956      5.8142374      1.5005019      6.8747473    
  11300000   0.99781725     5.7960923      1.4966346      6.8575529    
  11310000   1.0064425      5.7923855      1.5095717      6.8540487    
  11320000   0.99959591     5.8015093      1.4993024      6.8674389    
  11330000   0.99012197     5.803795       1.4850924      6.8599965    
  11340000   1.0000824      5.7930774      1.5000321      6.861398     
  11350000   1.0016658      5.7869931      1.5024071      6.8602325    
  11360000   0.99630409     5.7841912      1.494365       6.8576667    
  11370000   0.99036912     5.7885643      1.4854631      6.8675364    
  11380000   0.98679787     5.8100436      1.4801065      6.8702406    
  11390000   1.0000211      5.8042779      1.4999401      6.8593307    
  11400000   1.011379       5.7849018      1.516976       6.8578737    
  11410000   1.007016       5.7978718      1.5104319      6.8597374    
  11420000   1.0083452      5.8078505      1.5124256      6.8598843    
  11430000   1.0065541      5.8192665      1.5097391      6.8662709    
  11440000   1.0085985      5.8202637      1.5128055      6.8587943    
  11450000   1.0087619      5.8256478      1.5130506      6.8650578    
  11460000   1.0118873      5.8139363      1.5177384      6.862768     
  11470000   1.0091783      5.8033645      1.5136752      6.8578834    
  11480000   0.99783417     5.8110833      1.49666        6.8515988    
  11490000   0.99964019     5.8128493      1.4993689      6.8688731    
  11500000   1.0076435      5.8160088      1.5113732      6.8664948    
  11510000   1.0017595      5.8318024      1.5025476      6.8671558    
  11520000   1.0020624      5.8195267      1.503002       6.8680874    
  11530000   0.99236107     5.819803       1.4884508      6.8609515    
  11540000   0.99879307     5.8035381      1.4980983      6.8570035    
  11550000   1.0014445      5.7957846      1.5020752      6.8705033    
  11560000   1.0022748      5.7964122      1.5033205      6.863791     
  11570000   0.9993308      5.8141208      1.4989048      6.8591766    
  11580000   1.0007709      5.793453       1.5010649      6.8528039    
  11590000   0.98434604     5.8220725      1.476429       6.8553541    
  11600000   0.99194581     5.8020794      1.487828       6.8569747    
  11610000   0.99006096     5.803339       1.4850009      6.8461349    
  11620000   1.000287       5.8170762      1.500339       6.8579283    
  11630000   1.0006758      5.8158482      1.5009222      6.8620072    
  11640000   1.0024385      5.83958        1.503566       6.8613364    
  11650000   1.0020784      5.8332105      1.5030259      6.8689157    
  11660000   1.0028246      5.8105996      1.5041452      6.8579013    
  11670000   0.9986556      5.8224054      1.4978921      6.8674758    
  11680000   1.0201312      5.7981153      1.5301034      6.8669869    
  11690000   0.99801626     5.8176546      1.4969331      6.8642218    
  11700000   1.0162376      5.7974772      1.5242634      6.8560318    
  11710000   1.0109173      5.8147412      1.5162835      6.8605735    
  11720000   1.002223       5.8221527      1.5032429      6.8647006    
  11730000   1.0000146      5.808167       1.4999304      6.8580466    
  11740000   0.99853608     5.8086707      1.4977128      6.8665944    
  11750000   1.0095111      5.796306       1.5141743      6.8571329    
  11760000   0.99525319     5.8154942      1.4927888      6.8565181    
  11770000   1.0030543      5.8110016      1.5044898      6.8664637    
  11780000   0.99891883     5.8084912      1.4982869      6.8630366    
  11790000   0.99521046     5.7938999      1.4927247      6.8468644    
  11800000   1.0047235      5.779353       1.5069934      6.8630494    
  11810000   0.99120746     5.8004401      1.4867205      6.8678998    
  11820000   1.0035095      5.7771257      1.5051725      6.8638794    
  11830000   0.9896467      5.7869246      1.4843795      6.8659073    
  11840000   0.99722747     5.8019271      1.49575        6.8541671    
  11850000   0.99567761     5.7901983      1.4934253      6.8556921    
  11860000   0.99969119     5.7899549      1.4994453      6.8483561    
  11870000   0.99650595     5.8080269      1.4946678      6.8664334    
  11880000   1.0047409      5.7913718      1.5070195      6.8530975    
  11890000   0.9993911      5.791407       1.4989952      6.8619939    
  11900000   0.98500136     5.8275115      1.477412       6.8698568    
  11910000   0.99675514     5.8091062      1.4950415      6.8587663    
  11920000   0.99704651     5.8088569      1.4954786      6.8565252    
  11930000   0.9926613      5.8076184      1.4889012      6.8560536    
  11940000   0.9938458      5.8187588      1.4906778      6.8620645    
  11950000   1.0032628      5.8015487      1.5048024      6.8524087    
  11960000   0.99486764     5.8099548      1.4922105      6.8637677    
  11970000   0.98924901     5.8049088      1.483783       6.8562895    
  11980000   0.99826781     5.8070893      1.4973104      6.8565476    
  11990000   1.0090915      5.7815166      1.513545       6.8512567    
  12000000   0.99355715     5.8116636      1.4902448      6.8699543    
  12010000   1.001764       5.8031162      1.5025544      6.8583558    
  12020000   1.001896       5.8128313      1.5027523      6.8557058    
  12030000   1.0106726      5.8024884      1.5159165      6.8582699    
  12040000   1.0018662      5.8185207      1.5027077      6.866579     
  12050000   1.0005907      5.81109        1.5007945      6.8598264    
  12060000   0.9990952      5.8176451      1.4985514      6.8677422    
  12070000   0.99930566     5.8262876      1.4988671      6.8736894    
  12080000   1.0070734      5.8197982      1.510518       6.8531916    
  12090000   1.0055204      5.8092121      1.5081886      6.8738308    
  12100000   0.99874411     5.8163899      1.4980248      6.8679725    
  12110000   0.9983484      5.8115631      1.4974313      6.8502075    
  12120000   0.99870981     5.8309708      1.4979734      6.8636124    
  12130000   0.99294444     5.8179384      1.4893258      6.8606684    
  12140000   1.0097123      5.8190172      1.5144761      6.867077     
  12150000   1.005209       5.8172139      1.5077215      6.8616311    
  12160000   0.99496782     5.8208671      1.4923607      6.8665205    
  12170000   0.99579647     5.8061954      1.4936036      6.8714673    
  12180000   1.0064272      5.805577       1.5095487      6.8673128    
  12190000   1.0015848      5.826253       1.5022855      6.8686376    
  12200000   1.007424       5.835668       1.5110439      6.86325      
  12210000   1.0103834      5.8176228      1.5154826      6.8537774    
  12220000   1.0063311      5.8330686      1.5094046      6.8668747    
  12230000   1.0029308      5.8178678      1.5043045      6.8729873    
  12240000   1.0048911      5.8197581      1.5072447      6.8659774    
  12250000   0.99861632     5.8201003      1.4978331      6.8671488    
  12260000   1.0033329      5.8106786      1.5049076      6.8628729    
  12270000   0.99661051     5.8018835      1.4948246      6.8510253    
  12280000   1.0025458      5.7924215      1.503727       6.8466175    
  12290000   0.99974454     5.8033395      1.4995254      6.8590564    
  12300000   0.9996461      5.8067568      1.4993777      6.8713939    
  12310000   0.98985425     5.8198093      1.4846908      6.8683354    
  12320000   0.99893732     5.8042222      1.4983146      6.8679796    
  12330000   1.0059346      5.8027268      1.50881        6.865729     
  12340000   0.9976185      5.8023561      1.4963365      6.8698327    
  12350000   0.99515239     5.82592        1.4926376      6.8666264    
  12360000   0.99731587     5.8259858      1.4958826      6.8723961    
  12370000   0.99738412     5.8223006      1.495985       6.8613279    
  12380000   0.99370025     5.8216401      1.4904595      6.8653382    
  12390000   1.0002561      5.8189274      1.5002927      6.8588022    
  12400000   1.0007162      5.8154611      1.5009828      6.8647191    
  12410000   0.99796453     5.8076975      1.4968555      6.845321     
  12420000   1.0079985      5.7950998      1.5119056      6.8602029    
  12430000   0.99924366     5.7976405      1.4987741      6.8568264    
  12440000   1.0006363      5.8070565      1.5008629      6.8629323    
  12450000   0.99921971     5.806938       1.4987382      6.8595522    
  12460000   0.99916548     5.8047054      1.4986568      6.8498538    
  12470000   1.0033042      5.8039451      1.5048645      6.8659055    
  12480000   0.9969549      5.797876       1.4953412      6.8584023    
  12490000   1.0004528      5.8063462      1.5005878      6.8556467    
  12500000   1.0009039      5.8125676      1.5012643      6.8632728    
  12510000   0.99511826     5.8249867      1.4925864      6.8583749    
  12520000   1.0009239      5.8107665      1.5012944      6.860254     
  12530000   1.0023979      5.7920138      1.5035052      6.8548568    
  12540000   0.9981733      5.814505       1.4971687      6.8651925    
  12550000   1.0008363      5.8153949      1.5011629      6.8657525    
  12560000   1.0170221      5.8094177      1.5254402      6.8626294    
  12570000   1.009819       5.8344387      1.5146362      6.8692222    
  12580000   1.0031248      5.8256925      1.5045955      6.861788     
  12590000   1.0037516      5.8069697      1.5055356      6.8635636    
  12600000   1.0009378      5.8184343      1.5013151      6.8678619    
  12610000   0.99845225     5.8316005      1.4975871      6.8701616    
  12620000   1.0066481      5.8262663      1.5098801      6.8731355    
  12630000   0.99583755     5.8246329      1.4936652      6.8680621    
  12640000   0.99795942     5.8027883      1.4968479      6.8577727    
  12650000   0.99601789     5.8212689      1.4939357      6.8616131    
  12660000   1.0000367      5.8096892      1.4999636      6.8556446    
  12670000   1.0072478      5.7915113      1.5107796      6.864999     
  12680000   0.99783135     5.802396       1.4966558      6.8705406    
  12690000   1.0006657      5.7985379      1.500907       6.8606471    
  12700000   0.99373676     5.8099875      1.4905142      6.8673636    
  12710000   1.0044872      5.8160366      1.5066389      6.8704638    
  12720000   1.0121532      5.8170625      1.5181373      6.8793945    
  12730000   1.0029392      5.8088856      1.504317       6.864461     
  12740000   1.003697       5.8276596      1.5054538      6.8598389    
  12750000   1.0032375      5.8146424      1.5047645      6.8556124    
  12760000   0.99523906     5.8076497      1.4927676      6.8655145    
  12770000   0.99724842     5.8080504      1.4957814      6.860351     
  12780000   1.0021501      5.7858894      1.5031335      6.8499857    
  12790000   0.99474108     5.8189709      1.4920206      6.8706258    
  12800000   1.0042154      5.8206526      1.5062313      6.8612036    
  12810000   0.99776859     5.8266273      1.4965616      6.8642472    
  12820000   1.0077937      5.8097285      1.5115984      6.8640068    
  12830000   1.0049977      5.8104143      1.5074046      6.8690674    
  12840000   1.0013895      5.8144634      1.5019927      6.8640016    
  12850000   0.99476741     5.8043278      1.4920601      6.8579262    
  12860000   0.99417562     5.8019606      1.4911725      6.861994     
  12870000   1.0066178      5.8133689      1.5098346      6.8639804    
  12880000   0.9998145      5.8139737      1.4996303      6.8631951    
  12890000   1.0028255      5.8134965      1.5041465      6.8540269    
  12900000   1.0003074      5.8051668      1.5003696      6.8703732    
  12910000   1.0001594      5.8064492      1.5001477      6.8640579    
  12920000   1.0049329      5.8039506      1.5073074      6.8509739    
  12930000   1.0014818      5.798835       1.5021311      6.8568535    
  12940000   0.9954302      5.8215216      1.4930542      6.8609434    
  12950000   0.99388287     5.8218018      1.4907334      6.8567113    
  12960000   0.98890067     5.8065787      1.4832606      6.8623045    
  12970000   0.99947396     5.7995882      1.4991195      6.850631     
  12980000   0.99843672     5.8024376      1.4975638      6.8614752    
  12990000   1.0035048      5.7975303      1.5051654      6.8529625    
  13000000   1.002988       5.8205144      1.5043903      6.8672241    
  13010000   1.0043927      5.800767       1.5064971      6.867937     
  13020000   0.99363606     5.833763       1.4903632      6.867941     
  13030000   1.0030915      5.7999912      1.5045455      6.8584331    
  13040000   0.99962575     5.8097124      1.4993472      6.8646462    
  13050000   0.99858243     5.8197888      1.4977823      6.856916     
  13060000   0.9926013      5.828133       1.4888112      6.8757639    
  13070000   1.0145496      5.7965688      1.5217317      6.8615541    
  13080000   1.0041075      5.8047813      1.5060694      6.8706609    
  13090000   1.0035215      5.800025       1.5051904      6.8538108    
  13100000   1.0027412      5.8028024      1.5040202      6.8643548    
  13110000   1.0075682      5.8001698      1.5112602      6.8689654    
  13120000   0.99909657     5.7984075      1.4985535      6.860456     
  13130000   0.99179197     5.8153488      1.4875972      6.8560424    
  13140000   0.99397313     5.8144128      1.4908688      6.8585815    
  13150000   1.0034216      5.8375424      1.5050407      6.8630944    
  13160000   1.0029173      5.8290828      1.5042843      6.8658738    
  13170000   1.0078667      5.8083794      1.5117078      6.8637443    
  13180000   0.99369718     5.8181078      1.4904549      6.8615506    
  13190000   0.99396382     5.8065977      1.4908548      6.8641427    
  13200000   0.99441032     5.8134576      1.4915245      6.8658523    
  13210000   1.005768       5.8246838      1.50856        6.8631642    
  13220000   1.0085296      5.816899       1.5127022      6.8656468    
  13230000   1.0041664      5.83292        1.5061577      6.8606516    
  13240000   1.0105414      5.8150097      1.5157196      6.8689005    
  13250000   1.0133129      5.804508       1.5198766      6.8580748    
  13260000   0.99930729     5.8136565      1.4988695      6.8630001    
  13270000   1.0057081      5.8022035      1.5084702      6.8660234    
  13280000   1.0043951      5.8010656      1.5065007      6.863272     
  13290000   1.0051438      5.7836585      1.5076238      6.8605455    
  13300000   1.0000487      5.7938802      1.4999815      6.8610365    
  13310000   0.99222712     5.7944952      1.4882499      6.8525331    
  13320000   0.99452932     5.7971964      1.491703       6.8623637    
  13330000   0.99284834     5.7940763      1.4891817      6.8635368    
  13340000   1.0020951      5.7956229      1.5030509      6.8631216    
  13350000   0.99463587     5.8257269      1.4918628      6.862464     
  13360000   1.0013948      5.8083305      1.5020006      6.8595015    
  13370000   0.99401413     5.8031368      1.4909303      6.8518917    
  13380000   0.99770858     5.8000214      1.4964716      6.8530672    
  13390000   0.99910175     5.7886791      1.4985612      6.8586667    
  13400000   0.99384234     5.802628       1.4906726      6.8620338    
  13410000   0.99882314     5.7872786      1.4981433      6.8657363    
  13420000   0.99071944     5.8060275      1.4859886      6.8693838    
  13430000   1.0022003      5.7952421      1.5032088      6.858333     
  13440000   1.0045684      5.7868635      1.5067607      6.8616278    
  13450000   0.99931807     5.8043444      1.4988857      6.85664      
  13460000   0.9969753      5.8161873      1.4953718      6.8641985    
  13470000   1.0036537      5.8030318      1.5053888      6.8636436    
  13480000   0.9989463      5.7914818      1.4983281      6.8521207    
  13490000   1.0031099      5.799879       1.504573       6.8628766    
  13500000   0.99846999     5.8025465      1.4976137      6.8564591    
  13510000   1.0027796      5.781625       1.5040776      6.8600459    
  13520000   0.99564545     5.7917615      1.4933771      6.8550777    
  13530000   1.0066167      5.7778634      1.5098331      6.8634576    
  13540000   0.99680037     5.7874391      1.4951094      6.857332     
  13550000   1.0143028      5.788432       1.5213615      6.8573982    
  13560000   1.0035809      5.8120915      1.5052796      6.8565424    
  13570000   1.0123099      5.8011548      1.5183722      6.8589306    
  13580000   0.99500124     5.8091811      1.4924109      6.8554997    
  13590000   1.0026749      5.8127977      1.5039207      6.8640242    
  13600000   1.0081342      5.8044806      1.5121091      6.8652503    
  13610000   1.0022583      5.8034292      1.5032958      6.8585988    
  13620000   1.0088008      5.7803279      1.513109       6.8662423    
  13630000   1.0009316      5.8006222      1.5013058      6.8583022    
  13640000   1.0078731      5.7928241      1.5117174      6.8551065    
  13650000   1.0068725      5.7942184      1.5102166      6.8577112    
  13660000   1.0044906      5.8108959      1.506644       6.8638916    
  13670000   1.0036853      5.8189746      1.5054361      6.8613714    
  13680000   0.98534253     5.8287023      1.4779237      6.8690963    
  13690000   1.005524       5.8176075      1.508194       6.8479202    
  13700000   1.0067956      5.8079308      1.5101014      6.8575416    
  13710000   0.99917682     5.8142498      1.4986738      6.8711039    
  13720000   1.0014087      5.8129579      1.5020215      6.8600155    
  13730000   1.0048948      5.8263122      1.5072502      6.8588897    
  13740000   0.99632338     5.8356381      1.4943939      6.8677811    
  13750000   1.0050131      5.8199898      1.5074277      6.8660749    
  13760000   0.99252015     5.8159954      1.4886894      6.8584824    
  13770000   0.98960506     5.8383594      1.4843171      6.8708739    
  13780000   0.99300758     5.8373774      1.4894206      6.8645097    
  13790000   0.99758465     5.8214214      1.4962857      6.8611724    
  13800000   0.99173182     5.8265339      1.487507       6.8577362    
  13810000   0.99587761     5.8283584      1.4937253      6.8610414    
  13820000   0.99563932     5.8178054      1.4933679      6.8606871    
  13830000   0.99828794     5.8138798      1.4973406      6.8552805    
  13840000   0.99904334     5.8222124      1.4984736      6.8581793    
  13850000   0.99162517     5.8241314      1.4873471      6.8661015    
  13860000   0.9975859      5.817574       1.4962876      6.8538277    
  13870000   0.99658064     5.8090619      1.4947798      6.8650384    
  13880000   1.001462       5.8217232      1.5021014      6.8551629    
  13890000   0.99153624     5.8349546      1.4872137      6.86822      
  13900000   1.0018321      5.8328035      1.5026566      6.866739     
  13910000   1.0069397      5.8011077      1.5103174      6.8609198    
  13920000   0.99152588     5.8242337      1.4871981      6.8687587    
  13930000   0.99926214     5.8109767      1.4988018      6.8483589    
  13940000   1.0062173      5.8102639      1.5092339      6.8608568    
  13950000   0.99505903     5.829046       1.4924975      6.8645499    
  13960000   1.0012352      5.8204125      1.5017613      6.8630526    
  13970000   1.0049083      5.809241       1.5072705      6.8599484    
  13980000   1.0151458      5.8076643      1.5226258      6.8723751    
  13990000   1.0043305      5.7975002      1.5064039      6.846272     
  14000000   1.0011521      5.8078042      1.5016366      6.861682     
  14010000   0.98970441     5.8260116      1.4844661      6.8640096    
  14020000   1.000045       5.8190228      1.499976       6.8662704    
  14030000   0.99807399     5.8367756      1.4970197      6.869438     
  14040000   1.0015725      5.8174174      1.5022672      6.8678347    
  14050000   0.99999537     5.813004       1.4999016      6.8575345    
  14060000   0.99879673     5.7926958      1.4981037      6.8530267    
  14070000   0.99821707     5.7835086      1.4972343      6.8499717    
  14080000   0.98683928     5.7991341      1.4801687      6.8672298    
  14090000   0.99180428     5.789941       1.4876157      6.8538108    
  14100000   0.99737348     5.795744       1.495969       6.854675     
  14110000   0.99726429     5.8094244      1.4958052      6.8556807    
  14120000   1.0004146      5.8066382      1.5005304      6.8595915    
  14130000   0.99941083     5.8213752      1.4990248      6.8619717    
  14140000   1.0012769      5.8186045      1.5018238      6.8710591    
  14150000   0.98643266     5.8074318      1.4795588      6.8587985    
  14160000   1.0004045      5.809984       1.5005153      6.8608386    
  14170000   0.99589044     5.8165032      1.4937446      6.8562424    
  14180000   0.99595631     5.8184892      1.4938434      6.8641782    
  14190000   0.99861749     5.8035975      1.4978349      6.8552291    
  14200000   0.9985394      5.8232589      1.4977178      6.8567522    
  14210000   1.0074279      5.8249233      1.5110497      6.8659808    
  14220000   0.99775261     5.8313326      1.4965377      6.8623317    
  14230000   1.0063383      5.8254985      1.5094154      6.8579806    
  14240000   1.0070092      5.824711       1.5104218      6.8588807    
  14250000   1.0068713      5.8220283      1.5102149      6.8651138    
  14260000   0.9986194      5.8255699      1.4978378      6.8651887    
  14270000   0.9991793      5.8294622      1.4986776      6.8625986    
  14280000   1.0037633      5.8054368      1.5055531      6.8636679    
  14290000   0.98642101     5.8361292      1.4795413      6.8637665    
  14300000   1.0036731      5.8110277      1.5054179      6.8624279    
  14310000   1.0060403      5.8139675      1.5089685      6.8651528    
  14320000   1.0046237      5.8038374      1.5068437      6.8649092    
  14330000   0.98263998     5.819598       1.4738701      6.8640498    
  14340000   0.99779508     5.7965004      1.4966014      6.8634879    
  14350000   0.99208747     5.7979061      1.4880405      6.8597834    
  14360000   0.99701217     5.8180632      1.4954271      6.8572269    
  14370000   0.99902035     5.8144629      1.4984391      6.8643857    
  14380000   0.99854835     5.8097414      1.4977312      6.8589584    
  14390000   0.99458087     5.8009746      1.4917803      6.8569936    
  14400000   0.99760372     5.815924       1.4963143      6.8691651    
  14410000   1.004653       5.8206957      1.5068877      6.8667356    
  14420000   0.99933368     5.8064066      1.4989091      6.8625973    
  14430000   0.99320946     5.8164995      1.4897234      6.8483982    
  14440000   1.0013286      5.8164827      1.5019013      6.8558784    
  14450000   1.0044363      5.8011859      1.5065626      6.8621606    
  14460000   0.99919612     5.8318113      1.4987028      6.861902     
  14470000   1.0011735      5.818517       1.5016687      6.8689649    
  14480000   1.0008842      5.806566       1.5012348      6.8558252    
  14490000   1.0017162      5.7998696      1.5024826      6.8572261    
  14500000   0.99194042     5.8015372      1.4878199      6.8525923    
  14510000   0.99698641     5.8093094      1.4953884      6.8528893    
  14520000   0.99909112     5.8049887      1.4985453      6.8592674    
  14530000   1.0105992      5.8021268      1.5158063      6.864352     
  14540000   1.0027857      5.841278       1.5040868      6.8666068    
  14550000   1.0120192      5.8176462      1.5179363      6.8639879    
  14560000   1.002064       5.8248992      1.5030043      6.8633876    
  14570000   0.99765428     5.8233034      1.4963902      6.855236     
  14580000   1.0026881      5.8152655      1.5039404      6.8591131    
  14590000   0.99692241     5.8280148      1.4952924      6.8721749    
  14600000   0.99543951     5.8090322      1.4930682      6.8546321    
  14610000   0.99980314     5.7897179      1.4996133      6.85057      
  14620000   1.0072237      5.7964057      1.5107435      6.8585224    
  14630000   1.0049311      5.8036234      1.5073048      6.8567216    
  14640000   1.0081616      5.8039667      1.5121502      6.8647912    
  14650000   1.0072873      5.8099044      1.5108389      6.873051     
  14660000   1.0024009      5.8061644      1.5035096      6.8695175    
  14670000   1.0027496      5.8113399      1.5040327      6.8663442    
  14680000   1.0045573      5.8045755      1.5067441      6.8607224    
  14690000   0.9931622      5.8144688      1.4896525      6.8660769    
  14700000   0.98980554     5.8071408      1.4846178      6.8616151    
  14710000   0.99097316     5.7947815      1.4863691      6.8488541    
  14720000   0.99139653     5.7898998      1.4870041      6.8530786    
  14730000   0.98905523     5.7948735      1.4834924      6.8574806    
  14740000   1.0013384      5.8059964      1.501916       6.8562475    
  14750000   0.9970423      5.8022292      1.4954723      6.8546728    
  14760000   1.0082135      5.808742       1.512228       6.8531511    
  14770000   1.0009469      5.8168944      1.5013288      6.8607395    
  14780000   1.014464       5.8310868      1.5216032      6.8638747    
  14790000   1.0078426      5.8546922      1.5116716      6.8749585    
  14800000   1.0058371      5.8464994      1.5086636      6.859274     
  14810000   1.0078456      5.8411332      1.5116763      6.8658611    
  14820000   1.0148504      5.8533907      1.5221827      6.8788282    
  14830000   1.0044221      5.8426134      1.5065412      6.8697773    
  14840000   1.0154212      5.8174005      1.5230389      6.8628835    
  14850000   1.0093329      5.8376026      1.513907       6.8609531    
  14860000   1.0043746      5.8180611      1.5064701      6.8644063    
  14870000   1.0033266      5.8132149      1.5048982      6.8602814    
  14880000   1.0021043      5.7957219      1.5030648      6.8531657    
  14890000   0.99026125     5.7930248      1.4853013      6.8545555    
  14900000   0.99761767     5.7815047      1.4963353      6.8495158    
  14910000   0.99837948     5.8024752      1.4974779      6.8571405    
  14920000   0.99021267     5.8027456      1.4852284      6.8542849    
  14930000   0.99531198     5.810157       1.4928769      6.8642503    
  14940000   1.0017348      5.7956385      1.5025105      6.8504482    
  14950000   0.99829881     5.8106229      1.4973569      6.8620432    
  14960000   1.0088127      5.7928939      1.5131268      6.8438638    
  14970000   0.99999664     5.8102722      1.4999035      6.8566628    
  14980000   0.99698579     5.8127819      1.4953875      6.8611997    
  14990000   1.0055387      5.7979835      1.5082161      6.8608286    
  15000000   0.99408391     5.80889        1.4910349      6.857631     
  15010000   0.99570131     5.8025144      1.4934609      6.8627706    
  15020000   1.0030863      5.825751       1.5045377      6.8726067    
  15030000   1.0068286      5.8209943      1.5101507      6.8569213    
  15040000   1.0129962      5.8220249      1.5194016      6.8669007    
  15050000   1.0084324      5.8360146      1.5125564      6.8694724    
  15060000   1.0104337      5.8163393      1.5155581      6.8680572    
  15070000   1.0049556      5.8075992      1.5073414      6.8536906    
  15080000   1.0032412      5.8255255      1.5047701      6.8624633    
  15090000   1.0010822      5.816747       1.5015318      6.8627096    
  15100000   1.008384       5.8138326      1.5124837      6.8628498    
  15110000   1.0115437      5.8174771      1.517223       6.8644503    
  15120000   1.0035525      5.8273908      1.505237       6.8701392    
  15130000   1.0125264      5.8253834      1.5186971      6.8633167    
  15140000   1.0049158      5.8270788      1.5072818      6.8682226    
  15150000   1.0093218      5.8203776      1.5138904      6.8636378    
  15160000   0.99636784     5.8145915      1.4944606      6.8600871    
  15170000   1.004871       5.7709126      1.5072146      6.8555786    
  15180000   0.99006347     5.803938       1.4850047      6.8626799    
  15190000   0.98812438     5.8010869      1.4820962      6.8584391    
  15200000   1.0055685      5.7862444      1.5082608      6.8502957    
  15210000   0.99163245     5.7927122      1.487358       6.8466218    
  15220000   0.99791263     5.7982051      1.4967777      6.8544881    
  15230000   0.9894114      5.8121422      1.4840266      6.8673482    
  15240000   0.9946447      5.8095871      1.4918761      6.8622398    
  15250000   0.99857784     5.8219806      1.4977754      6.8665569    
  15260000   0.99397492     5.8260704      1.4908715      6.8674993    
  15270000   1.0054232      5.7924877      1.5080428      6.8577848    
  15280000   1.0079808      5.7915535      1.5118789      6.8581781    
  15290000   1.0066363      5.8016991      1.5098624      6.8552988    
  15300000   0.99042802     5.8067584      1.4855514      6.8605982    
  15310000   0.98333509     5.8111109      1.4749127      6.8673932    
  15320000   0.99675191     5.797732       1.4950367      6.8557023    
  15330000   0.99259016     5.7993425      1.4887945      6.8539531    
  15340000   0.98555219     5.806448       1.4782381      6.8612787    
  15350000   0.98546241     5.8264267      1.4781035      6.8631308    
  15360000   1.0017537      5.7990414      1.5025389      6.8589055    
  15370000   1.0019858      5.7783124      1.5028871      6.8514212    
  15380000   0.98585549     5.7985521      1.4786931      6.8634271    
  15390000   1.0002572      5.7891953      1.5002943      6.8575243    
  15400000   0.99534333     5.8114239      1.492924       6.8569337    
  15410000   0.99348982     5.8208117      1.4901439      6.8640162    
  15420000   0.99914175     5.8052776      1.4986212      6.8637978    
  15430000   0.99242655     5.8098582      1.488549       6.8585958    
  15440000   1.0083448      5.7940053      1.512425       6.8509392    
  15450000   1.0070634      5.818509       1.510503       6.8676287    
  15460000   0.9946648      5.8350056      1.4919062      6.8584848    
  15470000   0.998866       5.8326321      1.4982076      6.853745     
  15480000   1.0026499      5.8112311      1.5038831      6.8608585    
  15490000   1.0025403      5.8151849      1.5037187      6.8612919    
  15500000   1.0010407      5.8120513      1.5014694      6.8552636    
  15510000   1.0040416      5.8153511      1.5059705      6.8608995    
  15520000   1.0058088      5.8239567      1.5086211      6.8665605    
  15530000   1.0021593      5.8259558      1.5031473      6.8670298    
  15540000   0.99177529     5.8371346      1.4875722      6.8669891    
  15550000   1.0093494      5.8029753      1.5139317      6.8625853    
  15560000   0.99618146     5.8307501      1.4941811      6.8678609    
  15570000   1.0079642      5.8053721      1.5118541      6.8742107    
  15580000   1.0008333      5.8247472      1.5011584      6.8612608    
  15590000   1.010109       5.8180042      1.5150712      6.8673204    
  15600000   0.99949053     5.8286937      1.4991444      6.8736592    
  15610000   0.99791888     5.821843       1.496787       6.8619376    
  15620000   0.99257732     5.8171133      1.4887752      6.8531713    
  15630000   1.0012346      5.8045501      1.5017603      6.8612888    
  15640000   0.99248504     5.7871293      1.4886368      6.8556713    
  15650000   1.0006013      5.7833188      1.5008105      6.862751     
  15660000   0.9981076      5.8003987      1.4970701      6.8555992    
  15670000   0.99921888     5.7832425      1.4987369      6.8577276    
  15680000   0.99951175     5.7957033      1.4991762      6.8653323    
  15690000   1.0092406      5.8005789      1.5137686      6.8558765    
  15700000   0.99388018     5.807547       1.4907294      6.8624965    
  15710000   1.0033349      5.8038122      1.5049106      6.8704166    
  15720000   0.99771016     5.8021589      1.496474       6.8647957    
  15730000   1.0055827      5.8063902      1.5082821      6.8540805    
  15740000   1.0073281      5.7958606      1.5109         6.8533635    
  15750000   0.98448226     5.8103423      1.4766334      6.8667952    
  15760000   0.9925206      5.7899001      1.4886901      6.8655511    
  15770000   1.0041693      5.8029206      1.5061621      6.8505006    
  15780000   1.0006532      5.8065369      1.5008883      6.8731458    
  15790000   1.0074283      5.8118119      1.5110502      6.865357     
  15800000   0.99796694     5.7998485      1.4968591      6.8503146    
  15810000   1.0015644      5.8158421      1.502255       6.8686567    
  15820000   1.0029961      5.821664       1.5044024      6.8628091    
  15830000   1.0075949      5.8111465      1.5113001      6.8530295    
  15840000   0.99380172     5.816877       1.4906117      6.8772511    
  15850000   0.99916745     5.8080457      1.4986598      6.8567784    
  15860000   1.0033095      5.7957572      1.5048725      6.8620358    
  15870000   1.0055829      5.8033682      1.5082824      6.8619829    
  15880000   0.99546233     5.8110265      1.4931024      6.8562733    
  15890000   1.0007989      5.8118706      1.5011067      6.8571871    
  15900000   0.98621489     5.8263742      1.4792321      6.8750305    
  15910000   1.0007237      5.8014259      1.5009941      6.8562135    
  15920000   0.99320105     5.8177486      1.4897107      6.8601693    
  15930000   0.99740347     5.8123484      1.496014       6.8519936    
  15940000   0.99707189     5.8153727      1.4955166      6.8554873    
  15950000   1.0005084      5.8178528      1.5006711      6.8667256    
  15960000   1.0143269      5.8120573      1.5213975      6.8573332    
  15970000   1.0070887      5.8053376      1.5105409      6.8715112    
  15980000   0.99172112     5.8300197      1.487491       6.8733177    
  15990000   0.99640759     5.8017653      1.4945202      6.8611572    
  16000000   1.0021045      5.8128918      1.5030651      6.8634752    
  16010000   0.99724712     5.8061719      1.4957795      6.8584013    
  16020000   0.99729736     5.8169307      1.4958548      6.866539     
  16030000   0.99138475     5.8228644      1.4869864      6.8605129    
  16040000   0.98952066     5.8118828      1.4841905      6.8623588    
  16050000   0.99780109     5.8185955      1.4966104      6.8665805    
  16060000   1.0064812      5.8140218      1.5096297      6.8665362    
  16070000   0.99970642     5.8044757      1.4994682      6.861443     
  16080000   0.99805235     5.8071872      1.4969872      6.8668331    
  16090000   1.0041775      5.7981228      1.5061744      6.8651187    
  16100000   0.99847198     5.8254007      1.4976166      6.8609748    
  16110000   0.99726878     5.8276708      1.495812       6.8631362    
  16120000   0.99990983     5.8243635      1.4997733      6.870614     
  16130000   1.0155945      5.8000858      1.5232989      6.8576841    
  16140000   1.0052093      5.8113311      1.507722       6.8678646    
  16150000   0.99329506     5.8035153      1.4898517      6.8583113    
  16160000   0.99481993     5.8088066      1.4921389      6.8521226    
  16170000   0.99948245     5.7931431      1.4991323      6.8479877    
  16180000   1.0050635      5.7998353      1.5075033      6.8600852    
  16190000   1.0130961      5.7980334      1.5195515      6.8604645    
  16200000   0.99653098     5.8234532      1.4947053      6.8586408    
  16210000   0.99058042     5.8285601      1.48578        6.8735062    
  16220000   0.99478691     5.8009096      1.4920894      6.8547448    
  16230000   0.99386627     5.812306       1.4907085      6.8621798    
  16240000   1.0031726      5.8241815      1.5046672      6.8707952    
  16250000   1.0044365      5.8223829      1.5065629      6.8632774    
  16260000   1.0034209      5.8134819      1.5050395      6.8717617    
  16270000   1.0103451      5.8077765      1.5154253      6.8755308    
  16280000   1.0075261      5.8083457      1.5111971      6.8577415    
  16290000   1.0037665      5.8109691      1.505558       6.8562918    
  16300000   0.99951128     5.8012186      1.4991755      6.8684081    
  16310000   0.99525051     5.7940562      1.4927847      6.863974     
  16320000   1.0054552      5.7868558      1.5080908      6.8671875    
  16330000   0.98954361     5.8038115      1.4842249      6.8592363    
  16340000   1.0003258      5.7824634      1.5003972      6.8564766    
  16350000   1.0009475      5.8046111      1.5013297      6.8467244    
  16360000   0.99228859     5.8078717      1.4883421      6.8642782    
  16370000   0.99523528     5.813578       1.4927619      6.8625529    
  16380000   0.99879396     5.79517        1.4980996      6.8646485    
  16390000   1.0036632      5.774136       1.5054031      6.8515632    
  16400000   0.99191375     5.786751       1.4877799      6.8579899    
  16410000   1.002444       5.7833833      1.5035743      6.8578997    
  16420000   0.99411726     5.8268382      1.491085       6.8725435    
  16430000   1.0039377      5.8129866      1.5058147      6.8614547    
  16440000   0.99845601     5.8352329      1.4975927      6.8620124    
  16450000   1.0061604      5.7983916      1.5091485      6.846481     
  16460000   0.99506701     5.8152331      1.4925095      6.8696343    
  16470000   1.0031773      5.8113987      1.5046742      6.8606841    
  16480000   0.99571657     5.8151504      1.4934838      6.8595502    
  16490000   1.0020658      5.7960495      1.5030071      6.8571277    
  16500000   0.99706905     5.8009544      1.4955124      6.8566065    
  16510000   1.0008721      5.819944       1.5012166      6.8674203    
  16520000   0.9959218      5.8300766      1.4937916      6.8757211    
  16530000   0.99736607     5.8423641      1.4959579      6.8715618    
  16540000   1.0092805      5.801838       1.5138285      6.8530446    
  16550000   1.0096974      5.818069       1.5144538      6.8667535    
  16560000   1.0036655      5.8105301      1.5054064      6.8587577    
  16570000   1.0044579      5.8034809      1.5065949      6.8530211    
  16580000   1.008372       5.8071138      1.5124658      6.864242     
  16590000   0.99999904     5.8138297      1.4999071      6.8576761    
  16600000   0.98952978     5.8018759      1.4842042      6.856185     
  16610000   0.9933121      5.7912478      1.4898773      6.8425259    
  16620000   0.99946759     5.7896813      1.49911        6.8571748    
  16630000   0.9997923      5.7867321      1.499597       6.8546032    
  16640000   0.99715083     5.8037467      1.495635       6.8518444    
  16650000   0.99985127     5.8135385      1.4996855      6.865577     
  16660000   0.9981903      5.8056284      1.4971942      6.8687542    
  16670000   1.0092408      5.7781198      1.5137689      6.8538579    
  16680000   1.0093248      5.7991013      1.5138949      6.865224     
  16690000   1.0030922      5.7761641      1.5045465      6.8571585    
  16700000   0.98996194     5.7864408      1.4848524      6.8458061    
  16710000   1.0038534      5.7742667      1.5056884      6.8540856    
  16720000   0.9929005      5.7973381      1.4892599      6.8688032    
  16730000   0.98749186     5.8104983      1.4811475      6.8704436    
  16740000   1.0079185      5.7928425      1.5117856      6.8530647    
  16750000   0.99652584     5.8094093      1.4946976      6.8670684    
  16760000   0.99867209     5.7906044      1.4979168      6.8564214    
  16770000   0.98656805     5.8202034      1.4797618      6.8608221    
  16780000   1.0049636      5.8041525      1.5073535      6.865478     
  16790000   0.98881699     5.8084392      1.483135       6.8594151    
  16800000   0.99778776     5.7961926      1.4965904      6.8554443    
  16810000   0.99530705     5.8017695      1.4928695      6.8649264    
  16820000   0.99492998     5.8047879      1.492304       6.8729794    
  16830000   1.0067272      5.7833611      1.5099986      6.8595739    
  16840000   0.99320818     5.8025114      1.4897214      6.8642358    
  16850000   0.99933639     5.7825401      1.4989132      6.8586703    
  16860000   0.99687841     5.7948114      1.4952264      6.8591346    
  16870000   1.000987       5.8246357      1.5013889      6.8718731    
  16880000   1.015157       5.7892345      1.5226427      6.8573062    
  16890000   0.99139414     5.8010984      1.4870005      6.8554474    
  16900000   1.0019925      5.7974545      1.5028971      6.8608614    
  16910000   0.99797532     5.7970976      1.4968717      6.8661278    
  16920000   1.0164356      5.799738       1.5245604      6.8663599    
  16930000   0.99142739     5.8186939      1.4870504      6.867428     
  16940000   0.9933119      5.8193855      1.489877       6.8598357    
  16950000   0.99515659     5.81782        1.4926439      6.8620776    
  16960000   0.99272968     5.8044829      1.4890037      6.8615548    
  16970000   1.0056154      5.7977937      1.5083311      6.8527781    
  16980000   0.99625086     5.8342922      1.4942852      6.8619508    
  16990000   1.013735       5.8132862      1.5205098      6.8623066    
  17000000   0.99621892     5.8139974      1.4942373      6.8685839    
  17010000   0.98738786     5.8269079      1.4809915      6.8697606    
  17020000   1.0064842      5.8108929      1.5096342      6.8706958    
  17030000   1.0125798      5.8002485      1.5187772      6.8603312    
  17040000   1.0069816      5.8290352      1.5103803      6.8745455    
  17050000   1.0029535      5.8136759      1.5043386      6.8606813    
  17060000   0.99867705     5.8171626      1.4979242      6.8636802    
  17070000   1.0021145      5.8236786      1.50308        6.871989     
  17080000   1.0034006      5.7990612      1.5050092      6.8526573    
  17090000   1.0100361      5.8002739      1.5149618      6.8621162    
  17100000   0.99302543     5.8349029      1.4894473      6.8752606    
  17110000   1.0154012      5.8090752      1.523009       6.8554995    
  17120000   1.0033815      5.821974       1.5049805      6.8556688    
  17130000   1.0033978      5.8194978      1.5050049      6.8572276    
  17140000   1.0030992      5.832649       1.5045571      6.8742411    
  17150000   1.0183185      5.823558       1.5273846      6.8648352    
  17160000   0.99831715     5.8193528      1.4973844      6.8534841    
  17170000   1.0016455      5.8204702      1.5023766      6.8674808    
  17180000   1.0088858      5.8028817      1.5132365      6.8498411    
  17190000   1.0109199      5.7987061      1.5162873      6.8621755    
  17200000   1.0024855      5.8155942      1.5036365      6.8584746    
  17210000   1.0103792      5.8088987      1.5154764      6.8590927    
  17220000   0.99335441     5.8210133      1.4899408      6.8723817    
  17230000   1.0000971      5.8013031      1.5000542      6.8594332    
  17240000   0.99670319     5.7947408      1.4949636      6.8520096    
  17250000   1.0085406      5.7955004      1.5127186      6.8607553    
  17260000   1.003103       5.8047291      1.5045628      6.8629461    
  17270000   1.020135       5.8052644      1.5301092      6.8598451    
  17280000   1.011724       5.8244756      1.5174935      6.8661166    
  17290000   1.0009107      5.828722       1.5012746      6.8768391    
  17300000   1.000545       5.8070646      1.500726       6.8715104    
  17310000   0.99145672     5.8139297      1.4870944      6.8577804    
  17320000   0.99867432     5.7981368      1.4979201      6.8530047    
  17330000   0.99398055     5.8186069      1.4908799      6.8642481    
  17340000   1.0013135      5.8016069      1.5018786      6.8597022    
  17350000   1.0049513      5.8003695      1.507335       6.8607088    
  17360000   1.0017518      5.8149134      1.5025361      6.8717513    
  17370000   0.99268032     5.8085978      1.4889297      6.8631411    
  17380000   0.99422127     5.7978713      1.491241       6.864673     
  17390000   0.98469344     5.7983119      1.4769501      6.8613335    
  17400000   1.0023278      5.7763328      1.5034001      6.8525187    
  17410000   0.99731484     5.7999442      1.495881       6.8599759    
  17420000   1.0074326      5.7824121      1.5110568      6.8529332    
  17430000   0.99644939     5.7950172      1.494583       6.8554926    
  17440000   0.98515248     5.8075366      1.4776386      6.8631939    
  17450000   0.98772348     5.8107687      1.4814949      6.862861     
  17460000   0.98618029     5.8036007      1.4791802      6.84975      
  17470000   0.99853655     5.801196       1.4977135      6.859949     
  17480000   0.98559055     5.8222414      1.4782957      6.8550794    
  17490000   0.99499518     5.8090207      1.4924018      6.8647886    
  17500000   0.98933418     5.8216487      1.4839108      6.8626185    
  17510000   0.98596498     5.8104505      1.4788573      6.8624193    
  17520000   0.99200798     5.7938024      1.4879212      6.854756     
  17530000   0.98526603     5.8014783      1.4778089      6.8646134    
  17540000   0.99399812     5.7835478      1.4909063      6.8463189    
  17550000   0.98535527     5.7961501      1.4779428      6.837605     
  17560000   0.98909787     5.7995021      1.4835563      6.8525999    
  17570000   0.99888575     5.798404       1.4982373      6.8519985    
  17580000   0.99374826     5.8012171      1.4905315      6.8659019    
  17590000   1.0007724      5.7942165      1.5010671      6.8561966    
  17600000   0.99138942     5.7950954      1.4869935      6.8605456    
  17610000   0.99579175     5.7926104      1.4935966      6.8515275    
  17620000   1.0028663      5.779224       1.5042077      6.8496074    
  17630000   0.9999155      5.7882923      1.4997818      6.8551421    
  17640000   1.0105083      5.7626303      1.51567        6.8557559    
  17650000   1.0007809      5.7920682      1.5010799      6.8615458    
  17660000   0.99694968     5.7776087      1.4953333      6.8541872    
  17670000   0.99542215     5.7890969      1.4930422      6.8552489    
  17680000   0.99293334     5.8012331      1.4893092      6.8543274    
  17690000   1.0047476      5.7746672      1.5070295      6.8439691    
  17700000   0.9967759      5.7947351      1.4950727      6.8646605    
  17710000   0.99274217     5.7949577      1.4890225      6.8554002    
  17720000   0.99438193     5.7942188      1.4914819      6.8590357    
  17730000   0.99887968     5.8046992      1.4982282      6.8589174    
  17740000   0.99829524     5.8059609      1.4973516      6.8531257    
  17750000   1.0152182      5.7787214      1.5227344      6.8580814    
  17760000   0.99588072     5.8163527      1.49373        6.8674269    
  17770000   0.9987027      5.8132116      1.4979627      6.8574401    
  17780000   1.0043344      5.8295159      1.5064097      6.8697817    
  17790000   0.99689447     5.8167763      1.4952505      6.8688914    
  17800000   1.0095973      5.814821       1.5143035      6.8649806    
  17810000   1.0050513      5.7967921      1.507485       6.8591871    
  17820000   1.0016035      5.8027481      1.5023136      6.8717064    
  17830000   1.0057715      5.8001651      1.5085652      6.8625135    
  17840000   1.0069988      5.8100793      1.5104061      6.8612419    
  17850000   0.99792996     5.8416194      1.4968037      6.8672113    
  17860000   1.0061384      5.8437978      1.5091156      6.8639799    
  17870000   1.0060838      5.8365402      1.5090336      6.8645713    
  17880000   1.0103419      5.8115486      1.5154204      6.8604877    
  17890000   1.0101559      5.7968092      1.5151415      6.8533232    
  17900000   1.0079851      5.827451       1.5118854      6.872678     
  17910000   1.0046559      5.8265002      1.506892       6.8569337    
  17920000   1.0005955      5.8311771      1.5008018      6.8641353    
  17930000   0.99763282     5.8274741      1.496358       6.8646076    
  17940000   1.0003169      5.8185754      1.5003838      6.8591989    
  17950000   1.0068189      5.817781       1.5101362      6.8578947    
  17960000   0.99878682     5.8241624      1.4980889      6.8593593    
  17970000   0.99984884     5.818873       1.4996818      6.8619064    
  17980000   0.99378836     5.8167247      1.4905917      6.858782     
  17990000   1.0015936      5.7986234      1.5022988      6.8649165    
  18000000   1.0024649      5.7907104      1.5036056      6.8544449    
  18010000   0.99570344     5.796225       1.4934641      6.8557631    
  18020000   0.99811464     5.8036526      1.4970807      6.8607633    
  18030000   0.99735982     5.8059584      1.4959485      6.8535347    
  18040000   0.99911533     5.7921388      1.4985816      6.8516037    
  18050000   1.0011153      5.8002134      1.5015814      6.8551024    
  18060000   0.99645619     5.8177195      1.4945931      6.8669828    
  18070000   0.99543328     5.8181245      1.4930589      6.8678379    
  18080000   0.99889666     5.7977991      1.4982536      6.8645687    
  18090000   0.99487391     5.7987624      1.4922199      6.8479956    
  18100000   1.0068626      5.7824862      1.5102018      6.8541931    
  18110000   0.99954032     5.7986888      1.4992191      6.8502958    
  18120000   0.99421618     5.7815839      1.4912333      6.8539044    
  18130000   0.99726368     5.8031982      1.4958043      6.8616792    
  18140000   1.0013298      5.8101469      1.5019031      6.8574485    
  18150000   1.004589       5.8031432      1.5067916      6.8685305    
  18160000   1.002971       5.8149421      1.5043647      6.8588378    
  18170000   0.99962384     5.8028376      1.4993443      6.8621847    
  18180000   1.0054287      5.7872287      1.508051       6.8417095    
  18190000   0.98834092     5.8161516      1.482421       6.8686551    
  18200000   0.99930973     5.7980377      1.4988732      6.8608229    
  18210000   0.99568719     5.8330555      1.4934397      6.8740972    
  18220000   1.0004869      5.8211324      1.5006388      6.8657863    
  18230000   1.008877       5.8165931      1.5132232      6.8547069    
  18240000   1.0050714      5.82503        1.5075152      6.8653452    
  18250000   0.99462488     5.8233327      1.4918463      6.8734474    
  18260000   1.0025725      5.8221278      1.503767       6.8693298    
  18270000   0.9914353      5.8048232      1.4870623      6.8540117    
  18280000   1.0012835      5.7967684      1.5018337      6.8538592    
  18290000   1.0076771      5.7972224      1.5114235      6.8576031    
  18300000   1.0075522      5.7971846      1.5112361      6.8568412    
  18310000   1.0091798      5.7937735      1.5136773      6.8607999    
  18320000   1.0040039      5.813133       1.505914       6.8705864    
  18330000   0.9959889      5.8077711      1.4938923      6.8514779    
  18340000   0.98736214     5.8108223      1.4809529      6.8545307    
  18350000   0.9842409      5.8149793      1.4762713      6.8610971    
  18360000   1.0003807      5.7973102      1.5004795      6.85129      
  18370000   1.0074802      5.8210411      1.5111281      6.8663499    
  18380000   0.99192225     5.8312769      1.4877926      6.8648194    
  18390000   1.0027674      5.8175981      1.5040594      6.8648597    
  18400000   1.0060049      5.8138831      1.5089153      6.8579689    
  18410000   0.98843855     5.8389333      1.4825674      6.8697553    
  18420000   0.99638194     5.8091948      1.4944818      6.8579501    
  18430000   0.9939199      5.8183292      1.4907889      6.8655397    
  18440000   0.99907525     5.8035255      1.4985215      6.8594976    
  18450000   0.99413825     5.8057926      1.4911164      6.8552372    
  18460000   0.98965662     5.8078932      1.4843944      6.8613979    
  18470000   1.0068423      5.793792       1.5101714      6.8557053    
  18480000   0.99687362     5.8206857      1.4952193      6.8658041    
  18490000   1.0002635      5.8148301      1.5003038      6.8589471    
  18500000   1.0008758      5.8226914      1.5012222      6.8600489    
  18510000   0.99743967     5.8257682      1.4960683      6.8542566    
  18520000   0.99868682     5.815563       1.4979389      6.8619759    
  18530000   0.99872386     5.8256154      1.4979944      6.8663894    
  18540000   1.0050083      5.8140951      1.5074206      6.8544101    
  18550000   1.0078978      5.8075123      1.5117545      6.8577082    
  18560000   1.0022075      5.8204142      1.5032195      6.8601858    
  18570000   1.0060147      5.8085815      1.50893        6.8644129    
  18580000   1.0057807      5.8216168      1.5085791      6.8741313    
  18590000   1.0111425      5.8053775      1.5166213      6.8681458    
  18600000   0.99679323     5.8184388      1.4950987      6.8633474    
  18610000   0.99162075     5.8151399      1.4873404      6.8656896    
  18620000   1.009375       5.8211615      1.5139702      6.8746768    
  18630000   1.004821       5.8255808      1.5071396      6.8668228    
  18640000   0.99935812     5.8313657      1.4989458      6.8736777    
  18650000   1.0044521      5.827637       1.5065863      6.8607292    
  18660000   1.0081436      5.819949       1.5121231      6.8581617    
  18670000   1.0094261      5.815632       1.5140469      6.8709195    
  18680000   1.0062631      5.8203584      1.5093026      6.8599242    
  18690000   1.002758       5.8190602      1.5040453      6.8543017    
  18700000   1.0006054      5.809562       1.5008166      6.8632878    
  18710000   0.99817373     5.8186908      1.4971693      6.8669459    
  18720000   1.000211       5.8197837      1.5002251      6.8588411    
  18730000   0.99499913     5.821115       1.4924077      6.868218     
  18740000   1.0026332      5.8205761      1.5038581      6.8573907    
  18750000   1.0116349      5.8059153      1.5173597      6.862857     
  18760000   0.99797351     5.8310662      1.496869       6.8730269    
  18770000   1.0113387      5.8206786      1.5169155      6.8700383    
  18780000   0.9969347      5.8194486      1.4953109      6.8609818    
  18790000   1.0065586      5.7959251      1.5097458      6.8634461    
  18800000   1.0051539      5.8010492      1.5076389      6.8589189    
  18810000   1.0054244      5.7958637      1.5080447      6.862368     
  18820000   0.9986929      5.8321805      1.497948       6.8727857    
  18830000   1.0009343      5.8224071      1.5013098      6.8656458    
  18840000   1.0068139      5.8326311      1.5101288      6.8591141    
  18850000   1.0006687      5.826328       1.5009115      6.8609446    
  18860000   1.003091       5.8203941      1.5045448      6.8633785    
  18870000   0.99578058     5.8191959      1.4935798      6.8661925    
  18880000   1.0022664      5.8166016      1.503308       6.8614033    
  18890000   1.0038935      5.8005669      1.5057484      6.8609905    
  18900000   0.99317166     5.8036107      1.4896666      6.8581601    
  18910000   1.0047257      5.7930558      1.5069967      6.8572595    
  18920000   0.9930618      5.8008278      1.4895019      6.8603558    
  18930000   0.99941088     5.8131411      1.4990249      6.8613546    
  18940000   1.014877       5.7967758      1.5222226      6.8655688    
  18950000   1.0060127      5.8190245      1.508927       6.8571312    
  18960000   1.0070405      5.8249076      1.5104686      6.8690982    
  18970000   0.99821552     5.8345629      1.497232       6.862694     
  18980000   1.0070286      5.8288309      1.5104509      6.8671005    
  18990000   1.004748       5.8361866      1.5070301      6.8497021    
  19000000   1.0021152      5.8350128      1.5030812      6.8647222    
  19010000   0.99701683     5.8394107      1.4954341      6.8658795    
  19020000   0.9991949      5.8403311      1.498701       6.8726683    
  19030000   1.0008609      5.8183936      1.5011998      6.8647479    
  19040000   1.0033316      5.8005137      1.5049057      6.8610668    
  19050000   0.99774608     5.8107119      1.4965279      6.864875     
  19060000   1.0012864      5.8089816      1.501838       6.863397     
  19070000   1.0018649      5.7999169      1.5027057      6.8603493    
  19080000   0.99808007     5.8139227      1.4970288      6.856559     
  19090000   1.0015606      5.8042739      1.5022492      6.8534418    
  19100000   0.99527925     5.8238389      1.4928278      6.863494     
  19110000   0.99957325     5.8210878      1.4992684      6.8621361    
  19120000   1.009821       5.7960678      1.5146391      6.8561171    
  19130000   1.002599       5.8152453      1.5038068      6.8645467    
  19140000   0.99681189     5.8119967      1.4951267      6.8624172    
  19150000   1.003689       5.8064988      1.5054417      6.8624006    
  19160000   1.0058737      5.7984088      1.5087186      6.8698742    
  19170000   1.0013694      5.8069642      1.5019625      6.8596358    
  19180000   0.98742012     5.8060441      1.4810399      6.8758354    
  19190000   0.99745971     5.7899777      1.4960983      6.8581429    
  19200000   0.99750715     5.7986797      1.4961695      6.8447718    
  19210000   0.99997335     5.8203546      1.4998686      6.8572276    
  19220000   0.99485363     5.8124138      1.4921894      6.8641567    
  19230000   1.0008273      5.7979193      1.5011495      6.849342     
  19240000   0.99919016     5.7984821      1.4986938      6.8591306    
  19250000   0.99339627     5.8214479      1.4900036      6.8654128    
  19260000   0.99299055     5.8155018      1.489395       6.8635925    
  19270000   0.99554461     5.8197727      1.4932259      6.8751226    
  19280000   1.005122       5.7852973      1.507591       6.8581017    
  19290000   1.0028437      5.7837566      1.5041738      6.8603954    
  19300000   0.99049217     5.8107518      1.4856477      6.8515358    
  19310000   0.98982384     5.8081471      1.4846452      6.8678328    
  19320000   1.0021669      5.7870923      1.5031586      6.8537673    
  19330000   0.99036626     5.7966994      1.4854588      6.8675939    
  19340000   0.99361268     5.7858514      1.4903281      6.8622122    
  19350000   0.98524872     5.8027297      1.477783       6.8691323    
  19360000   0.99461703     5.7855935      1.4918346      6.8584995    
  19370000   1.0036795      5.7718402      1.5054275      6.86403      
  19380000   0.99336056     5.7904467      1.48995        6.8651409    
  19390000   0.98791982     5.7892089      1.4817894      6.8578087    
  19400000   0.99821888     5.767991       1.497237       6.861614     
  19410000   1.0043018      5.7890964      1.5063608      6.8614076    
  19420000   1.0082392      5.7960422      1.5122666      6.8686723    
  19430000   1.0050741      5.791871       1.5075192      6.8542582    
  19440000   0.99454453     5.8067801      1.4917258      6.8649815    
  19450000   1.0039863      5.807957       1.5058876      6.8607869    
  19460000   1.004564       5.7970638      1.5067541      6.8630841    
  19470000   1.0082205      5.8007576      1.5122386      6.8662669    
  19480000   1.0030534      5.8114223      1.5044884      6.8710002    
  19490000   1.0065134      5.8064575      1.5096781      6.8652148    
  19500000   1.0045372      5.8134619      1.5067139      6.8590399    
  19510000   1.010977       5.8119086      1.5163731      6.8669875    
  19520000   0.99692655     5.8017304      1.4952986      6.860237     
  19530000   1.0022387      5.7821703      1.5032663      6.8661225    
  19540000   0.99538232     5.8088907      1.4929824      6.8606149    
  19550000   1.0100285      5.8120808      1.5149503      6.8640429    
  19560000   1.0073221      5.8158404      1.5108911      6.8691598    
  19570000   1.0074194      5.8018414      1.511037       6.8617789    
  19580000   1.0056247      5.8151382      1.5083451      6.859683     
  19590000   0.99918348     5.8308586      1.4986838      6.8660554    
  19600000   1.0031197      5.8112336      1.5045878      6.8659982    
  19610000   0.98824959     5.8309793      1.482284       6.869507     
  19620000   1.0033998      5.8081892      1.5050079      6.860694     
  19630000   0.99462794     5.79456        1.4918509      6.84856      
  19640000   1.0010002      5.8040502      1.5014088      6.8503174    
  19650000   1.0006992      5.7907299      1.5009573      6.859721     
  19660000   1.0011384      5.793361       1.501616       6.8526828    
  19670000   1.0057216      5.7913529      1.5084905      6.8547611    
  19680000   0.99327598     5.8047355      1.4898231      6.862869     
  19690000   0.99716355     5.8015984      1.4956541      6.8672556    
  19700000   1.0002338      5.8013537      1.5002592      6.8627961    
  19710000   1.0036622      5.7944743      1.5054015      6.853305     
  19720000   0.99417999     5.8048922      1.4911791      6.8573864    
  19730000   0.99127227     5.800273       1.4868177      6.8627601    
  19740000   0.99633904     5.8001929      1.4944174      6.8585644    
  19750000   1.005206       5.7900526      1.5077171      6.8462       
  19760000   1.0071023      5.7932089      1.5105614      6.8710665    
  19770000   0.9884478      5.8016359      1.4825813      6.8673428    
  19780000   0.99871151     5.7930507      1.4979759      6.8604868    
  19790000   0.99534425     5.7962253      1.4929253      6.8595047    
  19800000   1.0077953      5.7979944      1.5116008      6.8558893    
  19810000   1.0091222      5.8119332      1.513591       6.85562      
  19820000   1.0047305      5.814548       1.5070039      6.8616955    
  19830000   0.99761776     5.8117968      1.4963354      6.8740587    
  19840000   1.003126       5.8062755      1.5045972      6.8651526    
  19850000   1.0031724      5.8054378      1.5046669      6.8587822    
  19860000   1.0030919      5.7839704      1.5045461      6.8499358    
  19870000   1.0047801      5.7737322      1.5070782      6.8562913    
  19880000   1.0024         5.7819912      1.5035084      6.8620643    
  19890000   0.99615767     5.7842914      1.4941454      6.8540162    
  19900000   0.99322837     5.8015168      1.4897517      6.866173     
  19910000   0.98860773     5.8086323      1.4828212      6.8628493    
  19920000   1.002405       5.7894464      1.5035159      6.850902     
  19930000   0.99134171     5.7868457      1.4869219      6.8530303    
  19940000   1.0017595      5.8063412      1.5025476      6.861036     
  19950000   0.99436178     5.801954       1.4914517      6.8566348    
  19960000   1.004025       5.8009654      1.5059457      6.8502362    
  19970000   1.0004106      5.7885058      1.5005244      6.8559251    
  19980000   1.0013519      5.7919846      1.5019362      6.8498246    
  19990000   0.99155014     5.8129992      1.4872345      6.8581124    
  20000000   1.0061206      5.8285473      1.5090889      6.8725961    
  20010000   0.99842153     5.825847       1.497541       6.8609173    
  20020000   0.99918833     5.8343594      1.4986911      6.8729708    
  20030000   1.0026212      5.8312465      1.50384        6.8679067    
  20040000   1.0061721      5.8140854      1.5091662      6.8672854    
  20050000   1.0035292      5.7953958      1.505202       6.8549845    
  20060000   0.99847287     5.8065166      1.497618       6.8617666    
  20070000   0.99516718     5.8211533      1.4926597      6.862954     
  20080000   1.0034193      5.7978214      1.5050372      6.8733042    
  20090000   1.004002       5.8138988      1.5059111      6.86584      
  20100000   1.0045516      5.8210796      1.5067355      6.8658978    
  20110000   0.9952853      5.8403618      1.4928369      6.8666632    
Loop time of 243084 on 1 procs for 20000000 steps with 16400 atoms

Performance: 35543.312 tau/day, 82.276 timesteps/s
87.2% CPU use with 1 MPI tasks x 1 OpenMP threads

MPI task timing breakdown:
Section |  min time  |  avg time  |  max time  |%varavg| %total
---------------------------------------------------------------
Pair    | 1.2701e+05 | 1.2701e+05 | 1.2701e+05 |   0.0 | 52.25
Bond    | 8620.2     | 8620.2     | 8620.2     |   0.0 |  3.55
Neigh   | 82624      | 82624      | 82624      |   0.0 | 33.99
Comm    | 1704.7     | 1704.7     | 1704.7     |   0.0 |  0.70
Output  | 31.864     | 31.864     | 31.864     |   0.0 |  0.01
Modify  | 22015      | 22015      | 22015      |   0.0 |  9.06
Other   |            | 1080       |            |       |  0.44

Nlocal:          16400 ave       16400 max       16400 min
Histogram: 1 0 0 0 0 0 0 0 0 0
Nghost:           5245 ave        5245 max        5245 min
Histogram: 1 0 0 0 0 0 0 0 0 0
Neighs:         370070 ave      370070 max      370070 min
Histogram: 1 0 0 0 0 0 0 0 0 0

Total # of neighbors = 370070
Ave neighs/atom = 22.565244
Ave special neighs/atom = 1.902439
Neighbor list builds = 1795304
Dangerous builds = 269022


write_data data*.xyz
System init for write_data ...
Generated 0 of 1 mixed pair_coeff terms from geometric mixing rule
WARNING: Not all mixed pair coeffs generated from mixing. Use write_data with 'pair ij' option to store all pair coeffs. (src/write_data.cpp:309)
write_restart 	restart.polymer_ring
System init for write_restart ...
Generated 0 of 1 mixed pair_coeff terms from geometric mixing rule

print "ALL done"
ALL done
Total wall time: 67:33:53
