pair_style lj/cut 4.0
pair_modify shift yes

read_restart prod.restart1
Reading restart file ...
  restart file = 23 Jun 2022, LAMMPS = 23 Jun 2022
  restoring atom style bond from restart
  orthogonal box = (-30 -30 -35) to (30 30 35)
  1 by 1 by 1 MPI processor grid
  restoring pair style lj/cut from restart
  restoring bond style fene from restart
  16250 atoms
  15600 bonds
Finding 1-2 1-3 1-4 neighbors ...
  special bond factors lj:    0        1        1       
  special bond factors coul:  0        1        1       
     2 = max # of 1-2 neighbors
     6 = max # of special neighbors
  special bonds CPU = 0.002 seconds
  read_restart CPU = 0.012 seconds
bond_style fene
special_bonds fene

bond_coeff 1 10.0 2.0 1.0 1.0
group polymer type 1
16250 atoms in group polymer

pair_coeff	1 1 0.5 1.0 2.5
pair_coeff 	1 2 50.0 1.0 4.0
pair_coeff	2 2 1.0 1.0 1.1225


neighbor       0.5 bin

region upper_box block -30 30 -30 30 32.2 34.8
create_atoms 2 random 300 998273 upper_box
Created 300 atoms
  using lattice units in orthogonal box = (-30 -30 -35) to (30 30 35)
  create_atoms CPU = 0.001 seconds


group ligand type 2
300 atoms in group ligand

fix 1 polymer wall/lj126 zlo -32 1.0 1.0 1.1225 zhi 32 1.0 1.0 1.1225
fix 2 ligand wall/lj126 zlo 32 1.0 1.0 1.1225 zhi 35 1.0 1.0 1.1225

#minimize 1.0e-4 1.0e-6 100 1000

fix 3 all nve/limit 0.01
run 10000
Generated 0 of 1 mixed pair_coeff terms from geometric mixing rule
Neighbor list info ...
  update every 1 steps, delay 10 steps, check yes
  max neighbors/atom: 2000, page size: 100000
  master list distance cutoff = 4.5
  ghost atom cutoff = 4.5
  binsize = 2.25, bins = 27 27 32
  1 neighbor lists, perpetual/occasional/extra = 1 0 0
  (1) pair lj/cut, perpetual
      attributes: half, newton on
      pair build: half/bin/newton
      stencil: half/bin/3d
      bin: standard
Per MPI rank memory allocation (min/avg/max) = 13.55 | 13.55 | 13.55 Mbytes
   Step          Temp          E_pair         E_mol          TotEng         Press     
    100000   0.97930744     20924818       7.3202128      20924827       5496927.9    
    110000   0.24446886    -2.4984186      6.3556978      4.2239604     -0.013137276  
Loop time of 123.733 on 1 procs for 10000 steps with 16550 atoms

Performance: 34913.930 tau/day, 80.819 timesteps/s
99.8% CPU use with 1 MPI tasks x 1 OpenMP threads

MPI task timing breakdown:
Section |  min time  |  avg time  |  max time  |%varavg| %total
---------------------------------------------------------------
Pair    | 95.133     | 95.133     | 95.133     |   0.0 | 76.89
Bond    | 3.4701     | 3.4701     | 3.4701     |   0.0 |  2.80
Neigh   | 21.356     | 21.356     | 21.356     |   0.0 | 17.26
Comm    | 0.47724    | 0.47724    | 0.47724    |   0.0 |  0.39
Output  | 7.4394e-05 | 7.4394e-05 | 7.4394e-05 |   0.0 |  0.00
Modify  | 2.6605     | 2.6605     | 2.6605     |   0.0 |  2.15
Other   |            | 0.6361     |            |       |  0.51

Nlocal:          16550 ave       16550 max       16550 min
Histogram: 1 0 0 0 0 0 0 0 0 0
Nghost:           2954 ave        2954 max        2954 min
Histogram: 1 0 0 0 0 0 0 0 0 0
Neighs:         754952 ave      754952 max      754952 min
Histogram: 1 0 0 0 0 0 0 0 0 0

Total # of neighbors = 754952
Ave neighs/atom = 45.616435
Ave special neighs/atom = 1.8851964
Neighbor list builds = 397
Dangerous builds = 0uunfix 3

fix 3 all nve
fix		4 all langevin 1 1 100.0 90428

thermo_style	custom step temp pe ke ebond
thermo_modify flush yes
thermo          10000

timestep	0.005

dump 1 all custom 50000 file_trajectory.bin id type x y z xu yu zu vx vy vz

restart 100000  prod.restart2 prod.restart3

run 20000000
Generated 0 of 1 mixed pair_coeff terms from geometric mixing rule
Per MPI rank memory allocation (min/avg/max) = 13.88 | 13.88 | 13.88 Mbytes
   Step          Temp          PotEng         KinEng         E_bond    
    110000   0.24446886     3.8572793      0.36668114     6.3556978         120000   0.50070854     4.3918714      0.75101743     6.4859557         130000   0.66883962     4.7353327      1.0031988      6.5695628         140000   0.77026175     4.9790344      1.1553228      6.6422505         150000   0.84909583     5.135251       1.2735668      6.6830301         160000   0.89530557     5.2725115      1.3428772      6.7230667         170000   0.92862271     5.3515907      1.3928499      6.7509299         180000   0.9559251      5.4074568      1.433801       6.7573685         190000   0.96002375     5.4578242      1.4399486      6.769716          200000   0.96431997     5.5011742      1.4463925      6.772957          210000   0.98331839     5.4891662      1.4748885      6.7802176         220000   0.98999745     5.5243529      1.4849064      6.7876342         230000   0.99296514     5.5348742      1.4893577      6.7948845         240000   0.99225973     5.5444618      1.4882997      6.7916317         250000   1.0039087      5.5433335      1.5057721      6.796923          260000   0.99300296     5.5674539      1.4894144      6.795345          270000   0.99280399     5.5873793      1.489116       6.8013976         280000   1.0019021      5.5976167      1.5027623      6.8113418         290000   0.99121832     5.5983423      1.4867376      6.7969431         300000   0.99555767     5.600568       1.4932463      6.8065242         310000   1.0046715      5.5892205      1.5069162      6.7988954         320000   0.99299915     5.604449       1.4894087      6.7948914         330000   1.0017689      5.5953597      1.5025625      6.798004          340000   1.003783       5.5918543      1.5055836      6.8064806         350000   0.99440497     5.5816828      1.4915173      6.7984241         360000   0.99555214     5.5865506      1.493238       6.7989115         370000   1.0043883      5.584685       1.5064914      6.8002645         380000   0.99842372     5.5769757      1.4975451      6.7847468         390000   1.0005904      5.5766496      1.500795       6.792362          400000   1.0017444      5.5756628      1.5025258      6.7949578         410000   1.0041196      5.5702556      1.5060885      6.7987            420000   0.99357877     5.5902922      1.4902781      6.7980016         430000   1.0024439      5.5866668      1.503575       6.8018322         440000   1.0025894      5.6034655      1.5037933      6.8059861         450000   0.99476538     5.6018557      1.4920579      6.7988691         460000   1.0007518      5.6001948      1.501037       6.8001575         470000   0.99834092     5.603123       1.4974209      6.8002189         480000   0.99927576     5.6093507      1.4988231      6.7990269         490000   1.0018017      5.5905894      1.5026117      6.7944024         500000   1.0083642      5.5973023      1.5124549      6.7958043         510000   1.0080157      5.578306       1.5119322      6.801257          520000   0.99689507     5.5867564      1.4952522      6.7928791         530000   1.006048       5.5836924      1.5089809      6.8020553         540000   1.0061075      5.5867936      1.5090701      6.8093479         550000   1.002213       5.5697472      1.5032286      6.7846421         560000   0.99955403     5.5793774      1.4992404      6.7959105         570000   0.99719607     5.5833391      1.4957037      6.7997367         580000   0.99826871     5.5766382      1.4973126      6.7985356         590000   0.99860895     5.5703102      1.4978229      6.7966827         600000   0.99612641     5.5985938      1.4940993      6.8078745         610000   0.9893812      5.6041534      1.4839821      6.7970716         620000   1.0034867      5.591752       1.505139       6.79909           630000   0.99362059     5.6134078      1.4903408      6.8053442         640000   1.0092118      5.5871049      1.5137263      6.7947779         650000   1.0072412      5.5942918      1.5107706      6.8082179         660000   1.0013403      5.6017951      1.5019197      6.8061428         670000   0.99721509     5.5929357      1.4957323      6.7872555         680000   0.99729776     5.5952917      1.4958563      6.8053877         690000   1.0009804      5.6064133      1.5013799      6.8071484         700000   1.0032514      5.6048284      1.5047862      6.7880408         710000   1.0001928      5.5811275      1.5001985      6.7989819         720000   0.98614867     5.59383        1.4791336      6.7886647         730000   1.0062436      5.5684329      1.5092742      6.8014879         740000   0.99317446     5.578339       1.4896717      6.7926439         750000   0.9993493      5.5815746      1.4989334      6.7886795         760000   0.99090426     5.6034084      1.4862666      6.7881673         770000   1.0141602      5.5868971      1.5211484      6.7983334         780000   1.0013633      5.5965151      1.5019542      6.7988113         790000   0.99579908     5.5971094      1.4936084      6.8099357         800000   0.99903361     5.5909029      1.4984599      6.7930799         810000   0.99496864     5.605198       1.4923628      6.8022765         820000   1.0057247      5.6005402      1.5084959      6.7975806         830000   1.0015118      5.590382       1.5021769      6.8073756         840000   1.0058675      5.5956773      1.5087102      6.8053171         850000   1.0014593      5.6013674      1.5020982      6.7980171         860000   1.0069962      5.5949572      1.510403       6.7925642         870000   0.99716115     5.5909914      1.4956513      6.7964007         880000   0.99467925     5.5991274      1.4919287      6.7950184         890000   0.99987346     5.5843799      1.4997196      6.8003437         900000   0.99918516     5.5913399      1.4986872      6.7943924         910000   0.99658788     5.5915581      1.4947915      6.7990167         920000   1.0036309      5.5694515      1.5053553      6.7963174         930000   0.99049736     5.5971287      1.4856563      6.7951684         940000   0.99541561     5.5645409      1.4930332      6.8001173         950000   1.0025123      5.5514704      1.5036775      6.7940204         960000   1.0008844      5.5666604      1.5012358      6.79197           970000   1.0092135      5.549978       1.5137288      6.790217          980000   0.99241665     5.5694364      1.488535       6.7940641         990000   1.0030919      5.5725777      1.5045469      6.7946125        1000000   0.99722554     5.5803076      1.4957479      6.7980314        1010000   1.0013207      5.5776703      1.5018903      6.7953991        1020000   1.006237       5.5705237      1.5092643      6.7964684        1030000   1.0035444      5.5907752      1.5052257      6.8050703        1040000   1.0093426      5.5789946      1.5139224      6.8025228        1050000   1.0021657      5.5964028      1.5031577      6.7966007        1060000   1.002398       5.5830319      1.5035062      6.7989658        1070000   1.0034888      5.5956807      1.5051423      6.8016379        1080000   0.9972664      5.5918718      1.4958092      6.7909094        1090000   1.0037643      5.5755924      1.5055555      6.795249         1100000   1.0035968      5.5861848      1.5053043      6.7955023        1110000   0.99004874     5.5942248      1.4849834      6.8108602        1120000   0.99880041     5.5799631      1.4981101      6.7940048        1130000   1.0012175      5.5781478      1.5017355      6.8030844        1140000   1.0026734      5.5724196      1.5039192      6.8007781        1150000   1.0008107      5.5895741      1.5011254      6.7925822        1160000   0.99623611     5.5986514      1.4942639      6.7873185        1170000   0.99507405     5.5931045      1.4925209      6.8022648        1180000   0.99056118     5.6083469      1.485752       6.8054085        1190000   0.99557971     5.6046659      1.4932793      6.7957938        1200000   1.0003912      5.6067956      1.5004962      6.8014226        1210000   1.0010585      5.6049157      1.5014971      6.8071337        1220000   1.0046291      5.6112921      1.5068526      6.8025245        1230000   1.0024102      5.6082541      1.5035245      6.8055224        1240000   0.99858865     5.605736       1.4977925      6.8055599        1250000   0.99567623     5.6010717      1.4934241      6.8147352        1260000   0.99971547     5.5728903      1.4994826      6.7906884        1270000   0.99584851     5.5791132      1.4936825      6.7868782        1280000   1.0042213      5.5816374      1.5062409      6.7986316        1290000   0.99692787     5.5767983      1.4953014      6.7894013        1300000   1.0017895      5.6033531      1.5025934      6.802584         1310000   1.0013458      5.6062989      1.501928       6.8003028        1320000   1.0108034      5.5937839      1.5161136      6.7930764        1330000   1.0039936      5.5910631      1.5058993      6.8011978        1340000   1.0090036      5.596427       1.513414       6.7942131        1350000   0.99478536     5.5700893      1.4920879      6.7939049        1360000   0.98671814     5.5869388      1.4799878      6.8006743        1370000   0.99132045     5.5879939      1.4868908      6.7958616        1380000   1.0001909      5.589847       1.5001957      6.8018194        1390000   1.0030155      5.5736173      1.5044324      6.8030121        1400000   0.98578327     5.6214987      1.4785856      6.8078425        1410000   1.0029168      5.6006931      1.5042843      6.7962916        1420000   1.0048722      5.6195215      1.5072172      6.799845         1430000   1.011648       5.6026068      1.5173803      6.7995345        1440000   1.0039965      5.5999388      1.5059038      6.7996762        1450000   1.0111842      5.5921313      1.5166846      6.7945242        1460000   1.0102588      5.5901178      1.5152966      6.7964404        1470000   1.0085102      5.5769835      1.5126739      6.7973367        1480000   1.0071684      5.588554       1.5106612      6.7972942        1490000   0.99930378     5.580048       1.4988651      6.8005077        1500000   0.9957601      5.5924997      1.4935499      6.7933983        1510000   0.99188515     5.5951821      1.4877378      6.7935674        1520000   1.0056768      5.5828994      1.508424       6.8108106    
   1530000   1.0105997      5.5810816      1.515808       6.7998302    
   1540000   1.0003018      5.5818285      1.5003621      6.7942017    
   1550000   0.99571535     5.5828836      1.4934828      6.797394     
   1560000   1.004828       5.5843806      1.5071509      6.7929239    
   1570000   1.013875       5.5578228      1.5207206      6.7989339    
   1580000   1.0088814      5.5730986      1.5132306      6.7954996    
   1590000   0.99863422     5.5857039      1.4978608      6.8000268    
   1600000   1.0000936      5.6063424      1.5000498      6.8072915    
   1610000   1.0040534      5.6063238      1.505989       6.8016632    
   1620000   0.99788525     5.5992869      1.4967374      6.7956685    
   1630000   1.0095994      5.5840867      1.5143076      6.8055973    
   1640000   0.99966862     5.5901364      1.4994123      6.8000172    
   1650000   0.99436145     5.5891162      1.491452       6.80174      
   1660000   0.99053668     5.5982855      1.4857152      6.7979958    
   1670000   1.005846       5.5792452      1.5086779      6.7879555    
   1680000   0.99565809     5.6006404      1.4933969      6.7953263    
   1690000   0.99683737     5.5964356      1.4951657      6.7932519    
   1700000   0.98765189     5.6063706      1.4813883      6.8068882    
   1710000   0.99299529     5.5842199      1.4894029      6.7968459    
   1720000   0.99887462     5.5648386      1.4982214      6.8020449    
   1730000   1.0028904      5.5738224      1.5042446      6.7976977    
   1740000   0.99870471     5.5921858      1.4979665      6.8028379    
   1750000   0.99617065     5.5662348      1.4941657      6.7911047    
   1760000   0.98865478     5.5712994      1.4828926      6.7981582    
   1770000   0.99652578     5.5726777      1.4946984      6.7895729    
   1780000   0.99494006     5.5961762      1.4923199      6.7935216    
   1790000   0.99930691     5.5939297      1.4988698      6.7921197    
   1800000   1.0000585      5.6039244      1.4999971      6.7988369    
   1810000   1.0047959      5.5919021      1.5071028      6.8002536    
   1820000   0.99851273     5.5765418      1.4976786      6.7973057    
   1830000   1.0051412      5.5821986      1.5076207      6.7929093    
   1840000   0.99732126     5.5911805      1.4958915      6.8033469    
   1850000   1.0058003      5.5821456      1.5086093      6.788768     
   1860000   1.0102585      5.5846569      1.5152962      6.7971005    
   1870000   1.0074679      5.5816298      1.5111106      6.7966828    
   1880000   1.0026719      5.5868793      1.503917       6.7950296    
   1890000   0.99925562     5.5958383      1.4987929      6.805248     
   1900000   0.99809443     5.5765843      1.4970512      6.79537      
   1910000   0.9947835      5.5799126      1.4920851      6.7858451    
   1920000   0.99931219     5.5856156      1.4988777      6.7900151    
   1930000   1.0063698      5.5834118      1.5094634      6.7901209    
   1940000   0.99035517     5.6093777      1.485443       6.8014549    
   1950000   1.0027419      5.5864274      1.504022       6.7965407    
   1960000   0.98925046     5.5673018      1.483786       6.7947874    
   1970000   0.99389401     5.5819276      1.4907509      6.7901479    
   1980000   0.99543099     5.5963218      1.4930563      6.7938475    
   1990000   1.0041222      5.5799757      1.5060923      6.8026391    
   2000000   1.0046465      5.5655164      1.5068787      6.7982437    
   2010000   1.0034891      5.5806439      1.5051426      6.8064835    
   2020000   0.98293661     5.608362       1.4743158      6.8032204    
   2030000   1.0058667      5.5988523      1.5087088      6.797788     
   2040000   0.99895188     5.592444       1.4983373      6.8114747    
   2050000   0.9969873      5.6101986      1.4953906      6.8050685    
   2060000   0.99084391     5.599275       1.4861761      6.8026653    
   2070000   0.99766315     5.5870739      1.4964043      6.7915781    
   2080000   0.98764192     5.5999357      1.4813734      6.7936853    
   2090000   1.0004202      5.5896548      1.5005397      6.7900036    
   2100000   1.0030358      5.6010445      1.5044628      6.799143     
   2110000   1.0032754      5.611729       1.5048221      6.7971481    
   2120000   1.0039014      5.5872714      1.5057612      6.8036565    
   2130000   1.0049423      5.5825267      1.5073224      6.8023366    
   2140000   0.99598208     5.583232       1.4938829      6.7911495    
   2150000   0.99700692     5.5867372      1.49542        6.7955092    
   2160000   0.996575       5.5893441      1.4947722      6.7961235    
   2170000   0.99503359     5.5923437      1.4924602      6.7937509    
   2180000   0.99540796     5.5775371      1.4930217      6.7934892    
   2190000   0.99860281     5.5885736      1.4978137      6.8007275    
   2200000   0.98912741     5.607833       1.4836015      6.8000168    
   2210000   1.0000104      5.5702266      1.499925       6.7988712    
   2220000   0.99344637     5.5794435      1.4900795      6.790111     
   2230000   0.9870925      5.5745915      1.4805493      6.800418     
   2240000   0.99826979     5.5758071      1.4973142      6.7951447    
   2250000   1.004732       5.5834655      1.5070069      6.7976733    
   2260000   0.99454302     5.5906318      1.4917244      6.8000016    
   2270000   1.0011249      5.6062251      1.5015966      6.797593     
   2280000   1.0097341      5.6138706      1.5145096      6.8078404    
   2290000   0.99632444     5.6120478      1.4943964      6.8017358    
   2300000   1.0056634      5.5960263      1.508404       6.7946471    
   2310000   0.99666394     5.6083013      1.4949056      6.8025493    
   2320000   1.0157354      5.5794829      1.523511       6.8037836    
   2330000   1.001098       5.6026086      1.5015563      6.8088165    
   2340000   1.0117426      5.5928529      1.5175222      6.796526     
   2350000   1.0023886      5.6136469      1.5034921      6.7973623    
   2360000   1.0051631      5.5882933      1.5076535      6.7962183    
   2370000   1.0115425      5.5973418      1.517222       6.7921407    
   2380000   1.0108872      5.6038433      1.5162392      6.803783     
   2390000   1.0000334      5.5996753      1.4999595      6.8084049    
   2400000   0.99055287     5.6133815      1.4857395      6.8087993    
   2410000   1.0031569      5.5862401      1.5046444      6.8002935    
   2420000   1.0092612      5.5670287      1.5138003      6.7903445    
   2430000   1.0017173      5.5795643      1.5024851      6.7941651    
   2440000   0.99056779     5.5868034      1.4857619      6.789579     
   2450000   0.99877533     5.5737335      1.4980725      6.7993199    
   2460000   0.9958351      5.5936552      1.4936624      6.8089349    
   2470000   1.0029847      5.5883013      1.5043862      6.8070402    
   2480000   1.0042093      5.5728846      1.5062229      6.7961874    
   2490000   1.0036389      5.5805887      1.5053674      6.7994862    
   2500000   1.0053152      5.5765619      1.5078817      6.7961489    
   2510000   1.0031904      5.5798375      1.5046947      6.7973324    
   2520000   0.98676843     5.5916547      1.4800632      6.810715     
   2530000   1.003381       5.5699438      1.5049805      6.7891672    
   2540000   1.0048646      5.5822041      1.5072058      6.7978244    
   2550000   0.99790767     5.582085       1.4967711      6.7945624    
   2560000   1.0022292      5.5771583      1.5032529      6.8068326    
   2570000   0.98839177     5.5861196      1.4824981      6.8003454    
   2580000   1.0017138      5.5921396      1.5024799      6.7987132    
   2590000   1.0010188      5.5904389      1.5014375      6.7976977    
   2600000   0.99880847     5.5968889      1.4981222      6.7981407    
   2610000   1.0056852      5.5841141      1.5084367      6.795597     
   2620000   1.0030613      5.5937016      1.504501       6.7973609    
   2630000   0.99583012     5.5896663      1.4936549      6.7953296    
   2640000   1.0052954      5.5735238      1.507852       6.7972261    
   2650000   0.99814282     5.5797772      1.4971238      6.783193     
   2660000   0.99285052     5.5991823      1.4891858      6.8081201    
   2670000   0.99809498     5.5952804      1.497052       6.8035983    
   2680000   0.99491703     5.6030647      1.4922854      6.8016205    
   2690000   1.0005025      5.5894694      1.5006631      6.801745     
   2700000   1.0050776      5.5776164      1.5075253      6.7986708    
   2710000   0.99915678     5.6058207      1.4986446      6.8066712    
   2720000   1.0017268      5.5915232      1.5024994      6.7873954    
   2730000   1.0056999      5.6014544      1.5084587      6.8072606    
   2740000   0.99517799     5.5997045      1.4926768      6.8027481    
   2750000   1.0140487      5.5756452      1.5209811      6.8013676    
   2760000   0.9867606      5.5849896      1.4800515      6.7899569    
   2770000   1.0006713      5.592163       1.5009163      6.8004101    
   2780000   1.0042859      5.5705697      1.5063379      6.7981593    
   2790000   1.0110297      5.5715794      1.516453       6.793747     
   2800000   1.0026953      5.598826       1.5039521      6.803398     
   2810000   0.99569691     5.600612       1.4934551      6.798916     
   2820000   1.0163192      5.5699593      1.5243867      6.7833914    
   2830000   1.0017803      5.5736523      1.5025796      6.7953774    
   2840000   0.99204688     5.5752495      1.4879804      6.7936488    
   2850000   0.98676756     5.5757182      1.4800619      6.799512     
   2860000   0.9877245      5.5619395      1.4814972      6.7957766    
   2870000   0.9921188      5.576827       1.4880883      6.7912685    
   2880000   0.9996576      5.5758786      1.4993958      6.7989141    
   2890000   1.0008658      5.574309       1.501208       6.8027179    
   2900000   0.99506061     5.598475       1.4925007      6.7930306    
   2910000   0.99859516     5.5753431      1.4978022      6.7968839    
   2920000   1.0006081      5.5938815      1.5008215      6.8011453    
   2930000   1.006699       5.5633168      1.5099573      6.7980772    
   2940000   0.99271925     5.5917908      1.4889889      6.7948509    
   2950000   1.0080747      5.5913247      1.5120207      6.7914652    
   2960000   1.0010897      5.5875826      1.5015439      6.7977318    
   2970000   0.99973498     5.5978011      1.4995119      6.7988691    
   2980000   1.0039336      5.5622914      1.5058094      6.7927504    
   2990000   1.001648       5.5693312      1.5023812      6.7864672    
   3000000   0.98695727     5.5915491      1.4803465      6.7856161    
   3010000   0.99785713     5.5672699      1.4966953      6.793584     
   3020000   1.0036509      5.5793754      1.5053853      6.7929058    
   3030000   1.0037302      5.5777736      1.5055043      6.7903733    
   3040000   1.0038184      5.6043684      1.5056366      6.7986127    
   3050000   1.0071086      5.5916565      1.5105717      6.8009686    
   3060000   0.99185451     5.6158977      1.4876919      6.809929     
   3070000   1.0114735      5.5804291      1.5171186      6.7908533    
   3080000   0.99797916     5.5984163      1.4968783      6.7941348    
   3090000   1.008635       5.5962756      1.5128611      6.8064362    
   3100000   1.0034338      5.5888868      1.5050597      6.7975661    
   3110000   0.99528758     5.5940125      1.4928412      6.7978628    
   3120000   1.0001862      5.6021745      1.5001886      6.7932693    
   3130000   1.0021086      5.6066974      1.5030721      6.8065798    
   3140000   0.99578476     5.6164237      1.4935869      6.8039636    
   3150000   1.0062231      5.6049833      1.5092435      6.8026911    
   3160000   0.99962911     5.606312       1.4993531      6.8025131    
   3170000   0.99639795     5.607974       1.4945066      6.8088377    
   3180000   1.0068315      5.6120223      1.510156       6.7992458    
   3190000   0.99933216     5.6175438      1.4989077      6.8046493    
   3200000   1.0009342      5.6116633      1.5013106      6.8035719    
   3210000   1.0023916      5.5885237      1.5034965      6.7986164    
   3220000   0.99912365     5.5801564      1.4985949      6.7911554    
   3230000   0.99412813     5.5849431      1.4911021      6.7992604    
   3240000   1.0022544      5.5870814      1.5032908      6.7909602    
   3250000   0.99944505     5.5840994      1.499077       6.7885371    
   3260000   0.98773243     5.6000248      1.4815091      6.8002721    
   3270000   0.99895553     5.5795413      1.4983428      6.7915276    
   3280000   1.0020483      5.6012603      1.5029816      6.7979628    
   3290000   0.99793679     5.604446       1.4968147      6.7985901    
   3300000   0.99255622     5.5941424      1.4887444      6.7970873    
   3310000   0.99023731     5.5880518      1.4852662      6.7957919    
   3320000   0.98967162     5.5892669      1.4844177      6.795676     
   3330000   0.99778494     5.5707566      1.496587       6.7959752    
   3340000   1.0009474      5.5896191      1.5013304      6.789043     
   3350000   0.99893507     5.5999692      1.4983121      6.8029243    
   3360000   1.0079772      5.5869055      1.5118745      6.8005255    
   3370000   1.0017212      5.5827373      1.5024909      6.7988232    
   3380000   1.0016944      5.6012487      1.5024508      6.800191     
   3390000   1.0006256      5.5988273      1.5008477      6.8002505    
   3400000   1.0032086      5.6006211      1.504722       6.8049041    
   3410000   0.99745938     5.6046501      1.4960987      6.8038512    
   3420000   0.99763032     5.60281        1.4963551      6.8059815    
   3430000   0.98722562     5.6162742      1.480749       6.8026775    
   3440000   0.99596329     5.5981008      1.4938547      6.8085253    
   3450000   1.0034396      5.5823123      1.5050684      6.7970724    
   3460000   0.9890618      5.5777356      1.4835031      6.7938979    
   3470000   0.99153883     5.58766        1.4872184      6.7971434    
   3480000   0.99812906     5.5843005      1.4971031      6.7930433    
   3490000   1.0039194      5.5853275      1.5057881      6.7847947    
   3500000   0.99425225     5.5974318      1.4912883      6.8065199    
   3510000   1.00664        5.5692344      1.5098687      6.7980308    
   3520000   1.0032094      5.5886281      1.5047231      6.7990545    
   3530000   1.0106775      5.5964353      1.5159246      6.7981994    
   3540000   0.98843591     5.5976339      1.4825643      6.7970053    
   3550000   1.0040655      5.575991       1.5060073      6.7961661    
   3560000   0.99353176     5.5737168      1.4902076      6.7967442    
   3570000   0.99573914     5.5733952      1.4935185      6.7963877    
   3580000   1.0013036      5.576484       1.5018646      6.7994698    
   3590000   0.99711194     5.5690864      1.4955775      6.798685     
   3600000   0.99627569     5.5725473      1.4943232      6.7871446    
   3610000   0.98931001     5.6104531      1.4838754      6.7984835    
   3620000   0.99865572     5.5869314      1.4978931      6.7915005    
   3630000   1.0017186      5.5902587      1.5024871      6.7951683    
   3640000   0.98870436     5.6062903      1.4829669      6.8029492    
   3650000   0.99003062     5.6019413      1.4849562      6.7929976    
   3660000   1.0025565      5.5861185      1.5037439      6.7977733    
   3670000   1.0001946      5.5969985      1.5002012      6.800794     
   3680000   1.0049078      5.5877633      1.5072706      6.7960418    
   3690000   0.99915646     5.5788906      1.4986441      6.7942141    
   3700000   0.99240595     5.5761161      1.488519       6.7989989    
   3710000   0.99744271     5.5639502      1.4960737      6.781614     
   3720000   0.98782383     5.5615281      1.4816462      6.7970009    
   3730000   0.99762334     5.564142       1.4963446      6.7921818    
   3740000   0.99272153     5.5632676      1.4889923      6.7897346    
   3750000   0.99231783     5.5711249      1.4883868      6.7905837    
   3760000   0.99704975     5.5739574      1.4954843      6.7906733    
   3770000   1.0028247      5.5912865      1.5041461      6.7972693    
   3780000   0.99454306     5.5714266      1.4917245      6.7930554    
   3790000   1.008436       5.5623152      1.5125626      6.7937513    
   3800000   0.99853579     5.5807558      1.4977132      6.8002821    
   3810000   0.99850569     5.5796413      1.497668       6.8033943    
   3820000   0.98938153     5.5602689      1.4839826      6.7961037    
   3830000   0.99476432     5.5627862      1.4920563      6.7958594    
   3840000   0.99257524     5.5732497      1.4887729      6.7979061    
   3850000   1.0061093      5.5665127      1.5090728      6.789758     
   3860000   0.99557255     5.5741242      1.4932686      6.7963774    
   3870000   1.0014899      5.5686685      1.5021442      6.7953855    
   3880000   0.99573184     5.5819241      1.4935075      6.7992977    
   3890000   0.99305102     5.5844004      1.4894865      6.8005302    
   3900000   0.99730737     5.5919912      1.4958707      6.7933234    
   3910000   0.99936795     5.5907443      1.4989613      6.7945251    
   3920000   1.0065078      5.6067587      1.5096705      6.7913166    
   3930000   1.0021636      5.6162392      1.5031546      6.8019481    
   3940000   1.0084032      5.6140499      1.5125134      6.8104227    
   3950000   1.012452       5.5958534      1.5185863      6.7976333    
   3960000   0.99282898     5.5982148      1.4891535      6.8027207    
   3970000   1.0075057      5.5650413      1.5111672      6.7885618    
   3980000   0.99226504     5.5853458      1.4883076      6.7954799    
   3990000   1.0067625      5.5767451      1.5100524      6.7961914    
   4000000   0.99833104     5.5742531      1.4974061      6.7989602    
   4010000   0.99925751     5.5779584      1.4987957      6.7965051    
   4020000   0.99546361     5.6119881      1.4931052      6.7930543    
   4030000   1.0055203      5.6011322      1.5081893      6.8062596    
   4040000   1.0031508      5.60135        1.5046352      6.7886159    
   4050000   0.99005968     5.6138157      1.4849998      6.806417     
   4060000   1.0039936      5.5837089      1.5058994      6.7965286    
   4070000   1.0018278      5.5856476      1.5026509      6.7957068    
   4080000   1.00415        5.5747592      1.506134       6.7912276    
   4090000   0.9933424      5.5943124      1.4899236      6.7990214    
   4100000   0.99388243     5.5887666      1.4907336      6.8070725    
   4110000   0.99221018     5.601546       1.4882253      6.8127475    
   4120000   1.0006879      5.5739694      1.5009411      6.7878163    
   4130000   0.99846255     5.5880329      1.4976033      6.795946     
   4140000   1.0033885      5.6018549      1.5049918      6.8023397    
   4150000   1.0105983      5.5934742      1.5158058      6.8029486    
   4160000   1.0086159      5.589074       1.5128325      6.797098     
   4170000   0.9996915      5.6209444      1.4994467      6.8046586    
   4180000   1.0054042      5.5923498      1.5080151      6.7980219    
   4190000   0.99798475     5.6098496      1.4968867      6.8042427    
   4200000   1.0050222      5.5825394      1.5074423      6.8057311    
   4210000   0.99481174     5.59517        1.4921275      6.7931014    
   4220000   0.99687034     5.5751474      1.4952152      6.8056742    
   4230000   0.99899376     5.5912891      1.4984001      6.7944253    
   4240000   1.0065968      5.5938675      1.509804       6.7933673    
   4250000   1.0066125      5.5952529      1.5098275      6.7941433    
   4260000   0.99756313     5.594267       1.4962543      6.7971298    
   4270000   1.0062463      5.5881744      1.5092782      6.7927381    
   4280000   1.0059748      5.5925675      1.508871       6.79246      
   4290000   1.0071435      5.5976337      1.510624       6.8055618    
   4300000   1.0059917      5.6026868      1.5088964      6.8025706    
   4310000   1.0038106      5.6049387      1.5056249      6.7969945    
   4320000   0.99985343     5.6037211      1.4996895      6.796983     
   4330000   0.99660631     5.5854856      1.4948191      6.7956279    
   4340000   0.99873558     5.5820182      1.4980128      6.7902406    
   4350000   0.98980215     5.5720992      1.4846135      6.7991361    
   4360000   0.99042228     5.574693       1.4855437      6.7887175    
   4370000   0.99551396     5.5807492      1.4931807      6.7909075    
   4380000   0.99600347     5.5712059      1.4939149      6.7945902    
   4390000   0.99326711     5.5863187      1.4898106      6.7903532    
   4400000   0.98895907     5.5693322      1.483349       6.7950067    
   4410000   0.98667163     5.5689886      1.479918       6.7946156    
   4420000   1.0038541      5.5780006      1.5056901      6.7951801    
   4430000   0.99747059     5.5848507      1.4961155      6.7966324    
   4440000   0.99483277     5.5706735      1.492159       6.7998503    
   4450000   1.0110339      5.569588       1.5164592      6.8002155    
   4460000   0.99807808     5.5986874      1.4970267      6.8038909    
   4470000   0.99861536     5.5746335      1.4978325      6.7928187    
   4480000   0.98999609     5.5838985      1.4849044      6.7994282    
   4490000   1.000714       5.5800658      1.5009804      6.8105394    
   4500000   1.0004417      5.5814005      1.5005719      6.8072485    
   4510000   0.9989013      5.5819726      1.4982614      6.8006004    
   4520000   0.98996007     5.5872405      1.4848504      6.7975317    
   4530000   0.99916797     5.5788561      1.4986614      6.7853218    
   4540000   1.0070257      5.5849511      1.5104472      6.8012015    
   4550000   1.00962        5.5749977      1.5143384      6.804199     
   4560000   1.0093185      5.5711908      1.5138863      6.7933672    
   4570000   1.0047321      5.5934015      1.5070071      6.801415     
   4580000   0.99087575     5.6079328      1.4862238      6.803645     
   4590000   1.0061079      5.5955811      1.5090707      6.8102615    
   4600000   1.0018978      5.5811502      1.5027558      6.7949333    
   4610000   0.99733162     5.5666593      1.495907       6.7909612    
   4620000   1.0003201      5.5823905      1.5003895      6.8013034    
   4630000   0.99920106     5.5779591      1.498711       6.7976245    
   4640000   1.0003075      5.5842173      1.5003706      6.7903658    
   4650000   0.99056808     5.5849823      1.4857623      6.7967256    
   4660000   1.0025628      5.5814936      1.5037533      6.7971069    
   4670000   1.0068154      5.5753961      1.5101319      6.789823     
   4680000   1.0016064      5.5597892      1.5023189      6.7886708    
   4690000   1.0004595      5.567572       1.5005986      6.7850595    
   4700000   0.99808786     5.5828884      1.4970413      6.7976694    
   4710000   0.99727961     5.5838866      1.495829       6.8064957    
   4720000   0.99944653     5.5761675      1.4990792      6.8010842    
   4730000   0.98686471     5.5992787      1.4802076      6.7933785    
   4740000   1.0063294      5.5768698      1.5094028      6.801575     
   4750000   0.99766392     5.5684444      1.4964055      6.7947209    
   4760000   0.99695551     5.566504       1.4953429      6.7973203    
   4770000   0.98401934     5.600494       1.4759398      6.7957844    
   4780000   1.0016904      5.5938239      1.5024448      6.7963341    
   4790000   1.0101481      5.5858188      1.5151306      6.7961833    
   4800000   1.0037605      5.587442       1.5055498      6.8052579    
   4810000   0.99998541     5.5905231      1.4998875      6.7933102    
   4820000   1.0044431      5.6061243      1.5065736      6.8046227    
   4830000   1.0006956      5.5749793      1.5009527      6.795904     
   4840000   1.0066603      5.5934536      1.5098992      6.7959696    
   4850000   1.0057437      5.5940984      1.5085244      6.7939975    
   4860000   1.0004586      5.6011971      1.5005972      6.7926224    
   4870000   0.99938307     5.600005       1.498984       6.7921173    
   4880000   0.99970957     5.5978599      1.4994737      6.7994841    
   4890000   0.99760494     5.5727102      1.496317       6.7979473    
   4900000   0.99430147     5.5830483      1.4913621      6.7934109    
   4910000   0.9972397      5.5926506      1.4957692      6.7933541    
   4920000   0.99968022     5.583407       1.4994297      6.8013821    
   4930000   1.0052998      5.5955727      1.5078585      6.7799767    
   4940000   1.006652       5.6036452      1.5098868      6.8045686    
   4950000   1.0093353      5.5909706      1.5139114      6.8013565    
   4960000   1.0002806      5.5867982      1.5003302      6.7918691    
   4970000   1.0043816      5.5794218      1.5064814      6.8049735    
   4980000   0.99869805     5.6147246      1.4979566      6.8027586    
   4990000   1.0086517      5.6017892      1.5128862      6.8130451    
   5000000   1.0013544      5.6058259      1.5019408      6.794587     
   5010000   1.0065543      5.602657       1.5097402      6.79451      
   5020000   1.0005003      5.5880232      1.5006597      6.8009012    
   5030000   0.99402955     5.6069938      1.4909542      6.7990189    
   5040000   1.0004064      5.6043195      1.500519       6.8026409    
   5050000   1.0045809      5.5949141      1.5067803      6.7982129    
   5060000   1.0124181      5.5949085      1.5185354      6.7874638    
   5070000   0.99418583     5.61987        1.4911886      6.8098416    
   5080000   0.99874989     5.6180684      1.4980343      6.8124313    
   5090000   1.0102355      5.6075655      1.5152616      6.7926611    
   5100000   1.0004935      5.6019085      1.5006495      6.7995148    
   5110000   1.0002798      5.5958746      1.500329       6.7992797    
   5120000   1.0024571      5.5973498      1.5035948      6.8049404    
   5130000   1.0021178      5.5915466      1.5030858      6.8057997    
   5140000   0.9978246      5.5933232      1.4966465      6.7975106    
   5150000   1.0066776      5.5651098      1.5099251      6.7944553    
   5160000   0.99659773     5.5812796      1.4948063      6.796679     
   5170000   0.99917906     5.5797332      1.498678       6.7961568    
   5180000   1.0013028      5.5960395      1.5018635      6.8048494    
   5190000   0.99678837     5.5891937      1.4950922      6.7972618    
   5200000   1.0017438      5.5692314      1.5025248      6.7858368    
   5210000   0.99973664     5.5721516      1.4995143      6.7871545    
   5220000   1.0035915      5.5788232      1.5052963      6.8017882    
   5230000   1.0042094      5.5811983      1.506223       6.7969326    
   5240000   0.9950868      5.5989336      1.49254        6.7952235    
   5250000   0.9943133      5.5891879      1.4913798      6.7978207    
   5260000   1.0010109      5.5899001      1.5014257      6.8001172    
   5270000   0.99463544     5.5960595      1.491863       6.7904095    
   5280000   0.99679867     5.5983436      1.4951077      6.7892729    
   5290000   1.0038806      5.597714       1.50573        6.7974792    
   5300000   1.0062873      5.5903907      1.5093397      6.8030199    
   5310000   0.99763293     5.5954098      1.496359       6.7980385    
   5320000   0.99602475     5.6042232      1.4939469      6.8011074    
   5330000   1.009035       5.5798572      1.513461       6.7933507    
   5340000   1.0039859      5.5820898      1.5058878      6.7999728    
   5350000   1.0024155      5.5875113      1.5035324      6.7927401    
   5360000   0.99873609     5.592831       1.4980136      6.8009491    
   5370000   0.99431486     5.5910955      1.4913822      6.7979367    
   5380000   0.99286858     5.5924806      1.4892129      6.8068751    
   5390000   1.0037147      5.5907242      1.5054811      6.7989087    
   5400000   1.0099339      5.5956297      1.5148094      6.8130085    
   5410000   1.0082514      5.5979488      1.5122857      6.8032286    
   5420000   0.99206391     5.609152       1.4880059      6.8010986    
   5430000   1.0096711      5.5836225      1.5144152      6.8005022    
   5440000   1.0122886      5.5830411      1.5183412      6.7936556    
   5450000   1.0008398      5.5962405      1.501169       6.8011007    
   5460000   1.0043079      5.604292       1.5063708      6.8003434    
   5470000   1.0085797      5.5955174      1.5127781      6.8030574    
   5480000   1.0077745      5.5954017      1.5115704      6.7950094    
   5490000   1.000541       5.5950891      1.5007208      6.7933732    
   5500000   1.0009381      5.5736316      1.5013164      6.7975802    
   5510000   1.0028519      5.5882902      1.5041869      6.7951198    
   5520000   0.99742891     5.6066003      1.496053       6.8059441    
   5530000   1.0003427      5.5850064      1.5004234      6.7913897    
   5540000   0.99626968     5.586066       1.4943142      6.7955043    
   5550000   1.000487       5.5824678      1.5006398      6.792791     
   5560000   0.99959409     5.5907085      1.4993005      6.7880873    
   5570000   1.0044693      5.5914165      1.5066128      6.8031951    
   5580000   0.99431354     5.5943588      1.4913802      6.8009736    
   5590000   0.99882723     5.5857911      1.4981503      6.7993425    
   5600000   0.99455271     5.6053363      1.4917389      6.7938579    
   5610000   1.0037482      5.5845101      1.5055313      6.7905157    
   5620000   0.99940533     5.5830561      1.4990174      6.7897298    
   5630000   0.99992427     5.5914004      1.4997958      6.8024838    
   5640000   1.0043051      5.5931032      1.5063666      6.7918329    
   5650000   0.9939275      5.6043207      1.4908012      6.8017913    
   5660000   0.99511004     5.5954159      1.4925749      6.7989146    
   5670000   0.99801959     5.5885428      1.4969389      6.8052122    
   5680000   0.99677737     5.5786082      1.4950757      6.8026355    
   5690000   0.99519328     5.5914412      1.4926997      6.8062738    
   5700000   0.99421317     5.583966       1.4912296      6.794936     
   5710000   1.0045974      5.5709425      1.5068051      6.794539     
   5720000   0.99338794     5.5914124      1.4899919      6.7957915    
   5730000   0.9934626      5.5768636      1.4901039      6.7976335    
   5740000   0.98796092     5.5816751      1.4818518      6.7881806    
   5750000   1.0020494      5.5804257      1.5029833      6.7953949    
   5760000   0.99224906     5.5852746      1.4882837      6.7935632    
   5770000   0.99674423     5.6005992      1.495026       6.7957855    
   5780000   1.0150492      5.5740894      1.5224819      6.7915653    
   5790000   0.99640251     5.5939507      1.4945135      6.8002034    
   5800000   0.99771742     5.6279164      1.4964857      6.8004908    
   5810000   0.99541681     5.6350823      1.493035       6.8149228    
   5820000   1.0055465      5.6001904      1.5082287      6.7954134    
   5830000   1.0099835      5.5899751      1.5148837      6.7891711    
   5840000   1.0061143      5.5874722      1.5090802      6.7928034    
   5850000   1.0097949      5.5857318      1.5146008      6.7917109    
   5860000   1.0039715      5.6021044      1.5058663      6.8032087    
   5870000   1.0096123      5.5825213      1.514327       6.7955996    
   5880000   0.99846309     5.5872248      1.4976041      6.7946992    
   5890000   1.0019892      5.5985228      1.502893       6.8018596    
   5900000   0.98921033     5.5981127      1.4837258      6.8149263    
   5910000   0.99350671     5.5806469      1.49017        6.786705     
   5920000   0.99944864     5.573          1.4990824      6.7884511    
   5930000   0.9933649      5.5648489      1.4899573      6.7879421    
   5940000   0.99687984     5.5804272      1.4952294      6.7970536    
   5950000   0.9960218      5.600198       1.4939424      6.7985713    
   5960000   0.99801803     5.5895477      1.4969366      6.7940278    
   5970000   0.99587224     5.5758453      1.4937181      6.7981741    
   5980000   1.0028592      5.5599566      1.504198       6.7906463    
   5990000   0.99333176     5.576144       1.4899076      6.7999596    
   6000000   0.9931911      5.5870143      1.4896966      6.8054668    
   6010000   0.98730938     5.5843871      1.4808746      6.79793      
   6020000   0.98768712     5.569276       1.4814412      6.7907854    
   6030000   0.98877782     5.5638841      1.4830771      6.7990208    
   6040000   1.0052743      5.5807913      1.5078204      6.7962433    
   6050000   1.0016595      5.5868224      1.5023985      6.7941884    
   6060000   1.0110509      5.5527515      1.5164847      6.7860505    
   6070000   0.9897666      5.5861093      1.4845602      6.8032241    
   6080000   0.99740107     5.5715904      1.4960112      6.8013034    
   6090000   0.98886176     5.5749369      1.483203       6.795645     
   6100000   0.99292233     5.5891799      1.4892935      6.7936423    
   6110000   1.0068294      5.5580715      1.5101529      6.7873442    
   6120000   1.0007722      5.5719211      1.5010676      6.7983624    
   6130000   0.98251222     5.5792961      1.4736793      6.7923257    
   6140000   0.99582054     5.5666851      1.4936406      6.7834132    
   6150000   0.99041781     5.5885228      1.485537       6.7906495    
   6160000   0.99490434     5.605706       1.4922663      6.806287     
   6170000   1.0029441      5.5775938      1.5043253      6.7972279    
   6180000   0.99622163     5.5859188      1.4942422      6.792401     
   6190000   1.0123747      5.5835881      1.5184702      6.7949815    
   6200000   1.0005146      5.5831747      1.5006812      6.7935007    
   6210000   0.9925128      5.5759138      1.4886792      6.7912408    
   6220000   0.99915922     5.5783336      1.4986483      6.7979354    
   6230000   1.0004428      5.5779747      1.5005735      6.7822516    
   6240000   1.0027163      5.5865461      1.5039835      6.803601     
   6250000   0.99404916     5.5941063      1.4909836      6.8035131    
   6260000   0.99887706     5.606041       1.4982251      6.8070821    
   6270000   1.002433       5.6042233      1.5035587      6.801223     
   6280000   0.99996991     5.5889306      1.4998642      6.7957622    
   6290000   1.0056645      5.5903258      1.5084056      6.7949234    
   6300000   1.0006646      5.6131633      1.5009062      6.8054196    
   6310000   1.0099562      5.5893225      1.5148428      6.790414     
   6320000   0.99550665     5.6003798      1.4931698      6.8045995    
   6330000   1.0047318      5.6157445      1.5070066      6.7989131    
   6340000   0.99546735     5.616832       1.4931108      6.7992921    
   6350000   1.0005638      5.6132512      1.500755       6.8036041    
   6360000   1.0040688      5.6079952      1.5060121      6.8038533    
   6370000   1.0059299      5.5981146      1.5088037      6.7979217    
   6380000   0.9993768      5.6049161      1.4989746      6.8124296    
   6390000   1.011728       5.5824091      1.5175003      6.7935524    
   6400000   1.0041984      5.607419       1.5062066      6.8003497    
   6410000   0.99783165     5.6095627      1.496657       6.7946639    
   6420000   0.98949304     5.6053051      1.4841499      6.7931722    
   6430000   1.0017603      5.5809624      1.5025497      6.7898882    
   6440000   0.99439204     5.5947698      1.4914979      6.7965965    
   6450000   1.0055375      5.5822601      1.5082152      6.7911265    
   6460000   0.98895879     5.6000887      1.4833486      6.8039281    
   6470000   0.98921886     5.602968       1.4837386      6.8055967    
   6480000   0.99624261     5.57249        1.4942736      6.7881834    
   6490000   0.98945571     5.5978674      1.4840939      6.8020175    
   6500000   1.0067428      5.5768404      1.510023       6.7907684    
   6510000   1.0031541      5.5835079      1.5046403      6.7876975    
   6520000   0.99031344     5.5833724      1.4853804      6.7962868    
   6530000   0.99101003     5.5627673      1.4864252      6.7915445    
   6540000   0.99526695     5.5693216      1.4928102      6.7936867    
   6550000   1.0024535      5.5888641      1.5035894      6.7949921    
   6560000   1.0022884      5.585009       1.5033417      6.802182     
   6570000   1.0022097      5.5766486      1.5032237      6.8027033    
   6580000   1.0016698      5.5851008      1.5024139      6.8050697    
   6590000   1.000463       5.5925967      1.5006038      6.7953429    
   6600000   1.0103901      5.5923292      1.5154936      6.7974685    
   6610000   1.0152395      5.5860742      1.5227672      6.7989707    
   6620000   1.0085317      5.5914978      1.5127062      6.8081031    
   6630000   1.0071608      5.5890215      1.5106499      6.7999037    
   6640000   1.0065677      5.5951475      1.5097603      6.7924973    
   6650000   0.99529578     5.6173577      1.4928535      6.8146601    
   6660000   0.99249126     5.610536       1.4886469      6.8021453    
   6670000   1.0049969      5.5877517      1.5074043      6.7953613    
   6680000   1.0006741      5.567681       1.5009204      6.7994817    
   6690000   1.0007633      5.5865811      1.5010543      6.8001287    
   6700000   1.002381       5.5753407      1.5034806      6.795912     
   6710000   1.0000597      5.6000042      1.4999989      6.7948579    
   6720000   0.9905976      5.5879204      1.4858066      6.7952881    
   6730000   0.99871528     5.5878421      1.4979824      6.8028982    
   6740000   1.003747       5.5852258      1.5055295      6.7950242    
   6750000   1.0043317      5.6063875      1.5064066      6.8025778    
   6760000   1.0085672      5.6029032      1.5127594      6.7976384    
   6770000   1.0053798      5.6085801      1.5079786      6.7896205    
   6780000   1.0070953      5.6088092      1.5105517      6.7972973    
   6790000   1.001639       5.5878308      1.5023677      6.8050534    
   6800000   1.0032054      5.5834081      1.5047172      6.7919489    
   6810000   1.00935        5.5788988      1.5139335      6.7922583    
   6820000   0.99609213     5.5934773      1.4940479      6.8046616    
   6830000   0.99600124     5.5884889      1.4939116      6.8002334    
   6840000   0.99881853     5.5890293      1.4981373      6.803181     
   6850000   1.0092891      5.5754312      1.5138422      6.7995607    
   6860000   1.0019325      5.5995347      1.502808       6.7964333    
   6870000   0.99900212     5.5995065      1.4984126      6.7925647    
   6880000   1.0006918      5.5925914      1.5009471      6.8005446    
   6890000   0.99167445     5.5995828      1.4874218      6.8013845    
   6900000   1.0001936      5.575803       1.5001998      6.7923786    
   6910000   1.0015775      5.5772501      1.5022755      6.7819475    
   6920000   1.0026173      5.593574       1.5038351      6.7980364    
   6930000   1.0014702      5.60776        1.5021145      6.8014017    
   6940000   1.0074054      5.5973202      1.5110168      6.8028782    
   6950000   1.006962       5.605687       1.5103517      6.7939172    
   6960000   1.0036287      5.6243213      1.5053521      6.804737     
   6970000   1.0084095      5.6197198      1.5125228      6.7951031    
   6980000   1.0067381      5.6277972      1.5100159      6.798706     
   6990000   1.0113245      5.5977373      1.5168952      6.797966     
   7000000   1.0106019      5.5947787      1.5158112      6.8013181    
   7010000   1.0049671      5.6032297      1.5073596      6.7934225    
   7020000   1.0162067      5.5876091      1.524218       6.7982647    
   7030000   1.0031267      5.5856777      1.5045991      6.802556     
   7040000   1.001261       5.5764598      1.5018008      6.7991436    
   7050000   1.0046629      5.5863492      1.5069032      6.7958745    
   7060000   1.0041668      5.5792164      1.5061592      6.7953012    
   7070000   1.0111715      5.5890945      1.5166656      6.802596     
   7080000   1.0095321      5.5859204      1.5142066      6.7981454    
   7090000   1.0031381      5.5985643      1.5046162      6.7902788    
   7100000   0.99449866     5.6055081      1.4916579      6.7955779    
   7110000   1.0072355      5.5917026      1.510762       6.7964182    
   7120000   1.0039413      5.5992925      1.5058209      6.8041451    
   7130000   0.99369897     5.5970869      1.4904584      6.8017593    
   7140000   0.99158941     5.5715964      1.4872942      6.7896803    
   7150000   0.99024064     5.570628       1.4852712      6.7956805    
   7160000   0.99659565     5.5702336      1.4948031      6.8009839    
   7170000   0.98893618     5.5646446      1.4833146      6.7965256    
   7180000   1.0016982      5.559379       1.5024565      6.7888767    
   7190000   1.0096563      5.5633324      1.514393       6.8004268    
   7200000   1.0107823      5.558729       1.5160819      6.7890877    
   7210000   0.99643155     5.5817312      1.494557       6.801501     
   7220000   0.99247054     5.5974619      1.4886159      6.7918146    
   7230000   0.99725371     5.5694264      1.4957902      6.7912619    
   7240000   0.99705548     5.6050389      1.4954929      6.7954426    
   7250000   1.0026371      5.6037608      1.5038648      6.7920494    
   7260000   1.0063328      5.5954826      1.5094081      6.7958867    
   7270000   0.99899037     5.5788314      1.498395       6.793699     
   7280000   0.99762601     5.6166859      1.4963486      6.8096226    
   7290000   1.0079162      5.5955865      1.511783       6.7995146    
   7300000   0.9998025      5.5944511      1.4996131      6.8012707    
   7310000   1.0009606      5.5959764      1.5013502      6.8025196    
   7320000   1.001916       5.6000286      1.5027832      6.7986284    
   7330000   1.0094158      5.6020916      1.5140322      6.8081864    
   7340000   1.0071473      5.593493       1.5106297      6.7960593    
   7350000   0.99318191     5.6002122      1.4896828      6.8058154    
   7360000   1.0121287      5.56586        1.5181013      6.7916276    
   7370000   0.98557018     5.5979447      1.4782659      6.7944527    
   7380000   1.004178       5.5999197      1.5061759      6.7861236    
   7390000   1.0049583      5.6005144      1.5073463      6.8010148    
   7400000   0.99593314     5.6026031      1.4938094      6.7961927    
   7410000   1.0072651      5.5778439      1.5108063      6.7943154    
   7420000   0.99627689     5.5873065      1.494325       6.8030734    
   7430000   0.99591226     5.579559       1.4937781      6.7941585    
   7440000   0.99448682     5.5921125      1.4916401      6.7898702    
   7450000   1.0014948      5.5908047      1.5021515      6.8007959    
   7460000   1.0011488      5.5884495      1.5016324      6.7984569    
   7470000   1.0071938      5.5768349      1.5106994      6.7974674    
   7480000   1.0060322      5.5708478      1.5089571      6.7932724    
   7490000   1.0048276      5.5908776      1.5071504      6.7911281    
   7500000   0.98651222     5.6035203      1.4796789      6.8051413    
   7510000   0.98499583     5.6096008      1.4774045      6.8044765    
   7520000   1.0039939      5.6026494      1.5058998      6.7973776    
   7530000   0.99222029     5.6010619      1.4882405      6.7936348    
   7540000   0.99120251     5.6049075      1.4867139      6.7955905    
   7550000   1.0006426      5.5763423      1.5008733      6.7948213    
   7560000   1.0000573      5.573636       1.4999954      6.7864448    
   7570000   0.99640784     5.5816258      1.4945215      6.8038581    
   7580000   0.9841423      5.597676       1.4761243      6.7996188    
   7590000   1.0004493      5.5853091      1.5005833      6.7977552    
   7600000   0.98715048     5.5916335      1.4806363      6.7970883    
   7610000   0.99472259     5.5789223      1.4919937      6.7930293    
   7620000   1.0038419      5.5737637      1.5056719      6.8042836    
   7630000   1.0031011      5.5877553      1.5045608      6.7997746    
   7640000   1.0009342      5.5721442      1.5013106      6.7879632    
   7650000   0.9878063      5.5970171      1.4816199      6.7955408    
   7660000   0.98770744     5.5968661      1.4814716      6.812513     
   7670000   0.99390006     5.5715077      1.49076        6.7918314    
   7680000   0.9953301      5.5635772      1.4929049      6.7960423    
   7690000   0.99131257     5.5883677      1.486879       6.7989699    
   7700000   0.99456828     5.5882499      1.4917623      6.7998243    
   7710000   0.99673564     5.5810477      1.4950131      6.7934133    
   7720000   0.99494599     5.5618991      1.4923288      6.7915517    
   7730000   1.0000932      5.5752212      1.5000492      6.7960636    
   7740000   1.0122923      5.5787474      1.5183467      6.8009802    
   7750000   0.99822136     5.577127       1.4972416      6.796596     
   7760000   0.99184658     5.585355       1.48768        6.8004714    
   7770000   1.0038512      5.5713947      1.5056858      6.7994178    
   7780000   0.99555664     5.5721288      1.4932447      6.7910455    
   7790000   1.0007479      5.578055       1.5010312      6.7962934    
   7800000   1.0045784      5.5871295      1.5067766      6.7981728    
   7810000   0.98838884     5.5947936      1.4824937      6.7959904    
   7820000   1.0002872      5.5552263      1.5003402      6.7892842    
   7830000   1.0006671      5.5615865      1.50091        6.7883806    
   7840000   1.0011491      5.5822125      1.5016329      6.8037797    
   7850000   0.99224559     5.6030851      1.4882784      6.8027027    
   7860000   1.0014732      5.5872571      1.502119       6.7988378    
   7870000   1.0061401      5.5847932      1.509119       6.8095772    
   7880000   1.0089346      5.5772166      1.5133104      6.8040265    
   7890000   0.99791183     5.5972227      1.4967773      6.8079826    
   7900000   1.0127264      5.5645941      1.5189978      6.7944084    
   7910000   0.99381513     5.5888205      1.4906326      6.8031439    
   7920000   0.99977456     5.5734714      1.4995712      6.7957963    
   7930000   1.0058757      5.5730281      1.5087224      6.7938568    
   7940000   0.99625683     5.5861701      1.494295       6.7884049    
   7950000   0.99254755     5.5833907      1.4887314      6.7833546    
   7960000   0.99985881     5.5930972      1.4996976      6.7984747    
   7970000   0.99920178     5.5864877      1.4987121      6.7971317    
   7980000   0.99594364     5.6015327      1.4938252      6.8017453    
   7990000   0.99842073     5.586086       1.4975406      6.8004284    
   8000000   1.0012311      5.5867454      1.5017559      6.8023445    
   8010000   1.0011272      5.5934476      1.5016001      6.7973497    
   8020000   0.99803003     5.5936569      1.4969546      6.7984576    
   8030000   0.99990189     5.5888431      1.4997622      6.8020049    
   8040000   1.001191       5.5798833      1.5016957      6.8029416    
   8050000   1.0066286      5.5894031      1.5098517      6.7986647    
   8060000   1.0012725      5.5777036      1.5018179      6.7904389    
   8070000   1.0103516      5.5759268      1.5154358      6.7971958    
   8080000   1.0126566      5.5890083      1.5188931      6.7940624    
   8090000   1.0055159      5.6067804      1.5081827      6.8111289    
   8100000   1.0054367      5.5911615      1.508064       6.8061829    
   8110000   0.99238371     5.6017793      1.4884856      6.7970097    
   8120000   1.0070468      5.5874226      1.5104789      6.7990192    
   8130000   0.99558744     5.5955808      1.4932909      6.7998058    
   8140000   1.0036534      5.5803016      1.5053892      6.7996269    
   8150000   1.0088273      5.5866048      1.5131495      6.8001922    
   8160000   1.0075932      5.5826313      1.5112985      6.7980502    
   8170000   1.0057624      5.5741355      1.5085525      6.7954571    
   8180000   0.9975578      5.5696         1.4962463      6.7886954    
   8190000   1.0009298      5.5734565      1.5013039      6.8015769    
   8200000   0.98950921     5.5807027      1.4841741      6.7944348    
   8210000   0.99736513     5.5648364      1.4959573      6.800606     
   8220000   0.99401027     5.5784935      1.4909253      6.7886912    
   8230000   0.99913668     5.5792234      1.4986145      6.7934146    
   8240000   0.99814701     5.5657166      1.4971301      6.792166     
   8250000   1.0002751      5.5930933      1.5003221      6.8039136    
   8260000   1.0012175      5.5842679      1.5017356      6.7992836    
   8270000   0.9988925      5.5748341      1.4982482      6.7897961    
   8280000   1.0055789      5.5608114      1.5082772      6.7901484    
   8290000   0.99800453     5.5880146      1.4969163      6.787879     
   8300000   0.99759913     5.5954721      1.4963083      6.8008452    
   8310000   0.99193823     5.6042437      1.4878174      6.8006604    
   8320000   1.0114625      5.5937129      1.5171021      6.8019053    
   8330000   1.0118726      5.625836       1.5177171      6.8036344    
   8340000   1.009094       5.6102376      1.5135495      6.8038509    
   8350000   1.0093986      5.6014626      1.5140065      6.8051094    
   8360000   0.99470661     5.5888058      1.4919698      6.8007334    
   8370000   0.99954086     5.5747208      1.4992207      6.7915255    
   8380000   0.99757851     5.5667768      1.4962773      6.7905115    
   8390000   0.99349147     5.5848938      1.4901472      6.7928681    
   8400000   0.99519264     5.5724227      1.4926988      6.809552     
   8410000   0.99649086     5.5757934      1.494646       6.7927509    
   8420000   1.0060431      5.5732526      1.5089735      6.7995749    
   8430000   0.99343545     5.5839044      1.4900631      6.7971873    
   8440000   1.0036051      5.5689374      1.5053167      6.8010757    
   8450000   1.0004679      5.5633443      1.5006112      6.8049256    
   8460000   1.0033584      5.5830375      1.5049467      6.7927424    
   8470000   0.99325019     5.5959062      1.4897853      6.7886297    
   8480000   0.99935933     5.5674244      1.4989484      6.7988636    
   8490000   1.0011355      5.5619046      1.5016126      6.7953058    
   8500000   0.9968015      5.5717702      1.4951119      6.7959052    
   8510000   0.98681927     5.5822552      1.4801395      6.8080278    
   8520000   1.0033909      5.5573843      1.5049954      6.7896821    
   8530000   1.0042135      5.5786278      1.5062292      6.7904612    
   8540000   0.99853632     5.5651724      1.497714       6.8011806    
   8550000   1.005813       5.5763192      1.5086283      6.8035902    
   8560000   1.0017164      5.5862764      1.5024838      6.7939985    
   8570000   0.99711892     5.5817216      1.495588       6.803973     
   8580000   1.0093036      5.5755297      1.513864       6.7922607    
   8590000   0.99414481     5.5907934      1.4911271      6.7979132    
   8600000   1.0015828      5.5679108      1.5022834      6.7860161    
   8610000   0.99702173     5.5917098      1.4954422      6.7895581    
   8620000   1.0022738      5.5897676      1.5033198      6.7941513    
   8630000   1.0026185      5.5788237      1.5038369      6.7994104    
   8640000   1.0014909      5.5927448      1.5021455      6.7959635    
   8650000   0.99142268     5.5981968      1.4870442      6.7943272    
   8660000   0.99286003     5.6010314      1.4892001      6.8007868    
   8670000   1.0027489      5.5980735      1.5040325      6.7963357    
   8680000   0.99521042     5.6061536      1.4927254      6.8034986    
   8690000   0.99764881     5.5995575      1.4963828      6.799347     
   8700000   1.0080606      5.6067946      1.5119995      6.8034257    
   8710000   1.0121318      5.5975717      1.5181059      6.7989414    
   8720000   1.0048536      5.597218       1.5071894      6.8039472    
   8730000   0.99843837     5.6018494      1.4975671      6.7975963    
   8740000   1.0109516      5.5996265      1.5163358      6.7932942    
   8750000   0.99938997     5.5928996      1.4989944      6.8078488    
   8760000   1.0054081      5.5714813      1.5080211      6.787505     
   8770000   1.0000161      5.5736819      1.4999335      6.8040019    
   8780000   1.0010716      5.603627       1.5015166      6.7966627    
   8790000   0.99969507     5.6038244      1.499452       6.8007576    
   8800000   0.99360413     5.5865665      1.4903161      6.7937594    
   8810000   0.99587143     5.5736531      1.4937169      6.8007879    
   8820000   0.98562052     5.5800213      1.4783414      6.7861467    
   8830000   1.0019638      5.5727058      1.5028549      6.7905634    
   8840000   0.99990331     5.5924911      1.4997643      6.8073915    
   8850000   0.99688472     5.5932332      1.4952367      6.7940193    
   8860000   0.99173875     5.6108495      1.4875182      6.8016339    
   8870000   0.99027313     5.6089933      1.4853199      6.7959988    
   8880000   0.99632094     5.5926249      1.4943911      6.8014718    
   8890000   0.99476071     5.5984723      1.4920509      6.7964974    
   8900000   1.0000285      5.6031422      1.4999521      6.7927292    
   8910000   0.99465644     5.5682188      1.4918945      6.7863159    
   8920000   1.0028709      5.5666269      1.5042154      6.8049132    
   8930000   0.99281978     5.5692867      1.4891397      6.7905619    
   8940000   0.99461029     5.5835645      1.4918253      6.7964037    
   8950000   0.99143394     5.5915716      1.487061       6.7949389    
   8960000   0.99789872     5.5929838      1.4967576      6.7978002    
   8970000   1.0006143      5.598375       1.5008308      6.7950945    
   8980000   1.0033096      5.5818178      1.5048734      6.7872843    
   8990000   1.0009626      5.5922935      1.5013532      6.7986372    
   9000000   0.99377916     5.5905528      1.4905787      6.7899685    
   9010000   0.99906975     5.5797132      1.4985141      6.7932423    
   9020000   0.9932393      5.5808995      1.4897689      6.7985554    
   9030000   0.9919688      5.587696       1.4878633      6.7982144    
   9040000   1.0009971      5.5805825      1.501405       6.7966789    
   9050000   0.99854518     5.5845001      1.4977273      6.7944633    
   9060000   0.99553676     5.5932056      1.4932149      6.7987791    
   9070000   0.98741644     5.61438        1.4810352      6.808333     
   9080000   0.99327597     5.5956332      1.4898239      6.8026784    
   9090000   0.99420753     5.5902576      1.4912212      6.8008072    
   9100000   1.0020998      5.5759206      1.5030589      6.7982103    
   9110000   0.99988864     5.5764177      1.4997423      6.8021807    
   9120000   0.99472122     5.5801393      1.4919917      6.8043206    
   9130000   0.99865639     5.5978136      1.4978941      6.8074626    
   9140000   1.0034679      5.5937892      1.5051109      6.8104176    
   9150000   0.99646711     5.576567       1.4946103      6.7994478    
   9160000   0.99149118     5.5900725      1.4871469      6.7926213    
   9170000   0.98998808     5.5833348      1.4848924      6.7960948    
   9180000   0.99543733     5.5722295      1.4930658      6.7943225    
   9190000   0.99821286     5.5918322      1.4972288      6.7994586    
   9200000   0.99577162     5.6041437      1.4935672      6.8027709    
   9210000   1.0039891      5.5851358      1.5058926      6.8013055    
   9220000   1.0025718      5.5893059      1.5037669      6.7971206    
   9230000   0.99588956     5.5919564      1.4937441      6.8005307    
   9240000   0.99460256     5.5658846      1.4918137      6.7929592    
   9250000   0.99552847     5.5735712      1.4932025      6.7986443    
   9260000   0.99156119     5.5740193      1.4872519      6.7870052    
   9270000   0.99846404     5.5753252      1.4976056      6.7989507    
   9280000   1.0040101      5.5891997      1.5059242      6.801602     
   9290000   0.99551644     5.599734       1.4931844      6.8083483    
   9300000   1.0194027      5.5830187      1.5290117      6.7961796    
   9310000   1.0103834      5.5904665      1.5154836      6.7921443    
   9320000   0.99673915     5.5909285      1.4950184      6.8103533    
   9330000   0.99760337     5.586258       1.4963146      6.7983254    
   9340000   0.9957306      5.571017       1.4935057      6.7954693    
   9350000   1.0017158      5.550737       1.5024828      6.7936944    
   9360000   1.0087795      5.5682944      1.5130778      6.781197     
   9370000   1.0079334      5.5735305      1.5118087      6.7961635    
   9380000   1.0023712      5.5761517      1.5034659      6.7892766    
   9390000   0.99439443     5.579495       1.4915015      6.7990999    
   9400000   0.99544931     5.5759857      1.4930837      6.7960894    
   9410000   0.99385113     5.5700565      1.4906866      6.7900428    
   9420000   0.98825444     5.583489       1.4822921      6.7980725    
   9430000   0.99618943     5.5676007      1.4941939      6.8139091    
   9440000   0.99721466     5.5787135      1.4957316      6.7977342    
   9450000   1.0077352      5.5812457      1.5115115      6.8013621    
   9460000   1.0012876      5.5859981      1.5018407      6.7952825    
   9470000   0.99027668     5.5959019      1.4853253      6.7950882    
   9480000   0.99842495     5.6081206      1.4975469      6.8014935    
   9490000   0.99198352     5.5970241      1.4878854      6.8033478    
   9500000   1.0080346      5.5777675      1.5119606      6.8017751    
   9510000   1.0020721      5.5842797      1.5030173      6.7993017    
   9520000   1.0025872      5.5797794      1.5037899      6.7982335    
   9530000   0.9990386      5.5924224      1.4984673      6.7995786    
   9540000   1.0066737      5.5720209      1.5099193      6.7925376    
   9550000   0.98929944     5.6012702      1.4838595      6.8058532    
   9560000   1.0006297      5.5741846      1.5008539      6.7960588    
   9570000   0.98937572     5.5826493      1.4839739      6.8042498    
   9580000   0.99647434     5.5632201      1.4946212      6.8024556    
   9590000   0.99437851     5.5846252      1.4914776      6.8000341    
   9600000   0.9990448      5.5727612      1.4984767      6.7980946    
   9610000   1.0017804      5.5621332      1.5025799      6.7937401    
   9620000   1.0005385      5.5879052      1.5007171      6.7984225    
   9630000   0.996657       5.5842829      1.4948952      6.799556     
   9640000   0.99154207     5.5931911      1.4872232      6.7987327    
   9650000   1.004805       5.5710794      1.5071164      6.7901289    
   9660000   0.98697642     5.5908858      1.4803752      6.7903122    
   9670000   0.99016331     5.5841732      1.4851552      6.7944782    
   9680000   0.98914309     5.5785823      1.483625       6.7942709    
   9690000   0.99089679     5.5762448      1.4862554      6.7956835    
   9700000   0.97466573     5.6004904      1.4619103      6.7936302    
   9710000   0.99923211     5.5738669      1.4987576      6.7935625    
   9720000   1.0012071      5.5814851      1.50172        6.793524     
   9730000   0.99102912     5.5898647      1.4864539      6.7985128    
   9740000   0.99794266     5.5764883      1.4968235      6.7983602    
   9750000   1.0026131      5.5871408      1.5038287      6.797599     
   9760000   1.0008871      5.5965364      1.5012399      6.8045402    
   9770000   0.99933362     5.5830748      1.4989099      6.7863789    
   9780000   0.98802428     5.5890165      1.4819469      6.7958067    
   9790000   0.99967299     5.566442       1.4994189      6.7962303    
   9800000   0.99817473     5.5715515      1.4971716      6.80526      
   9810000   0.99627772     5.5794469      1.4943263      6.8043164    
   9820000   0.99804678     5.5760406      1.4969797      6.8028282    
   9830000   0.99917856     5.5655468      1.4986773      6.7877762    
   9840000   0.99951013     5.5693717      1.4991746      6.8004522    
   9850000   0.98581489     5.5651305      1.478633       6.7901371    
   9860000   1.0002204      5.5634592      1.50024        6.7925362    
   9870000   0.98931473     5.5817956      1.4838824      6.7930068    
   9880000   0.99871467     5.5959939      1.4979815      6.802192     
   9890000   1.0042587      5.58345        1.506297       6.7928786    
   9900000   1.0019637      5.5896499      1.5028547      6.8006224    
   9910000   1.0094061      5.580728       1.5140177      6.7931778    
   9920000   0.99411758     5.5913068      1.4910863      6.793106     
   9930000   0.99783022     5.5754056      1.4966549      6.7952904    
   9940000   1.0049932      5.5858248      1.5073987      6.7956201    
   9950000   1.0030017      5.5769556      1.5044116      6.8032895    
   9960000   0.99717995     5.5864081      1.4956796      6.8086327    
   9970000   1.0038497      5.5858981      1.5056836      6.7907007    
   9980000   1.0029292      5.5924549      1.5043028      6.7953289    
   9990000   1.0058312      5.5994966      1.5086557      6.8087483    
  10000000   1.0020666      5.6078097      1.503009       6.808598     
  10010000   1.001123       5.6019835      1.5015937      6.8026844    
  10020000   1.0053918      5.5829691      1.5079966      6.7938954    
  10030000   0.99624941     5.5871698      1.4942838      6.8013679    
  10040000   0.99944102     5.5756285      1.499071       6.7920219    
  10050000   0.98712285     5.5776783      1.4805948      6.796074     
  10060000   0.98901138     5.5691155      1.4834274      6.7924212    
  10070000   1.0067995      5.5817343      1.510108       6.8123049    
  10080000   0.99859105     5.5794264      1.4977961      6.7975211    
  10090000   1.0081369      5.5843223      1.512114       6.7901813    
  10100000   1.0011389      5.5834946      1.5016176      6.7810649    
  10110000   1.000395       5.6072243      1.5005018      6.7985535    
  10120000   0.99926889     5.5948949      1.4988128      6.7987356    
  10130000   0.98781664     5.5817888      1.4816354      6.804183     
  10140000   0.99553735     5.5930024      1.4932158      6.7921143    
  10150000   1.0015744      5.5858448      1.5022709      6.7943682    
  10160000   1.0108419      5.5908196      1.5161712      6.8001287    
  10170000   0.9990038      5.6006317      1.4984152      6.794385     
  10180000   0.99298651     5.6071762      1.4893898      6.8009075    
  10190000   0.99904955     5.6085947      1.4984838      6.8106625    
  10200000   0.99892512     5.616682       1.4982971      6.799112     
  10210000   1.0061317      5.5891285      1.5091064      6.7996326    
  10220000   0.99482809     5.5903366      1.492152       6.7996706    
  10230000   1.0063567      5.5910399      1.5094438      6.797114     
  10240000   1.000143       5.5863184      1.5001239      6.7945918    
  10250000   0.98980699     5.5816649      1.4846208      6.792954     
  10260000   0.98432579     5.5913547      1.4763995      6.8091969    
  10270000   0.99647044     5.5780778      1.4946154      6.7897025    
  10280000   0.99558467     5.5708792      1.4932868      6.791742     
  10290000   0.98627615     5.575543       1.4793248      6.7881718    
  10300000   0.99708252     5.5795296      1.4955334      6.7957015    
  10310000   0.9892377      5.5831783      1.4837669      6.8032519    
  10320000   0.99554587     5.5839619      1.4932286      6.7920909    
  10330000   1.0048743      5.5795526      1.5072203      6.7988875    
  10340000   1.0055353      5.5956785      1.5082117      6.8036239    
  10350000   0.99623534     5.6153817      1.4942627      6.7979675    
  10360000   1.0011299      5.6048755      1.5016041      6.7960414    
  10370000   1.0070485      5.5887192      1.5104814      6.7982907    
  10380000   1.0028152      5.5972683      1.504132       6.7969152    
  10390000   0.99458021     5.5971181      1.4917802      6.7962767    
  10400000   0.99367018     5.6027109      1.4904152      6.8035299    
  10410000   0.99909993     5.6023709      1.4985593      6.8024667    
  10420000   0.99261281     5.5867969      1.4888292      6.8050785    
  10430000   0.99307053     5.6014365      1.4895158      6.7923571    
  10440000   0.99798492     5.601717       1.4968869      6.8023829    
  10450000   1.009128       5.5777296      1.5136005      6.7948323    
  10460000   1.0026764      5.5763256      1.5039237      6.792399     
  10470000   1.0094521      5.5856578      1.5140866      6.7989099    
  10480000   0.99976834     5.5999065      1.4995619      6.7916713    
  10490000   1.0085371      5.5901876      1.5127142      6.7912897    
  10500000   0.99804751     5.618996       1.4969808      6.8003647    
  10510000   1.0005816      5.6142576      1.5007817      6.8008036    
  10520000   1.0106317      5.6110513      1.5158559      6.8079458    
  10530000   1.0018356      5.6081856      1.5026626      6.7982191    
  10540000   0.98945815     5.6200796      1.4840975      6.7962388    
  10550000   1.0050422      5.5851807      1.5074721      6.7964293    
  10560000   1.0091374      5.5896683      1.5136146      6.8031337    
  10570000   0.99879        5.5992795      1.4980945      6.801899     
  10580000   1.0126468      5.5980206      1.5188784      6.7986387    
  10590000   1.0098801      5.5916111      1.5147286      6.800848     
  10600000   0.99779151     5.5986676      1.4965968      6.7960401    
  10610000   1.0015484      5.5813302      1.5022318      6.7919354    
  10620000   1.0056858      5.5815854      1.5084376      6.7855435    
  10630000   1.0046793      5.5691964      1.5069279      6.798895     
  10640000   0.99702213     5.5988705      1.4954428      6.8060782    
  10650000   0.99649924     5.5841566      1.4946585      6.7856414    
  10660000   0.99635973     5.5769414      1.4944493      6.8017531    
  10670000   0.98633529     5.5972099      1.4794135      6.7974654    
  10680000   0.9993563      5.574242       1.4989439      6.7970228    
  10690000   0.99835559     5.5741705      1.4974429      6.8045624    
  10700000   0.99808034     5.5837533      1.4970301      6.7968997    
  10710000   0.99578551     5.5968043      1.493588       6.7980435    
  10720000   0.99665034     5.6006741      1.4948852      6.8019307    
  10730000   0.99618997     5.6029785      1.4941947      6.7954424    
  10740000   0.99283956     5.5942971      1.4891694      6.807795     
  10750000   1.0046672      5.5951557      1.5069097      6.8026895    
  10760000   1.0064858      5.5835799      1.5096375      6.8042312    
  10770000   1.0146973      5.5791656      1.521954       6.7902568    
  10780000   1.0040869      5.5789547      1.5060393      6.7972532    
  10790000   1.001203       5.584131       1.5017137      6.7930155    
  10800000   1.009616       5.5853379      1.5143325      6.7949462    
  10810000   1.0036751      5.5856837      1.5054217      6.7971445    
  10820000   1.0112971      5.5733839      1.516854       6.7912661    
  10830000   1.0088683      5.5909065      1.5132111      6.7928045    
  10840000   1.0076215      5.5823345      1.5113409      6.7985049    
  10850000   0.99231512     5.5920799      1.4883827      6.7915782    
  10860000   1.0006409      5.581635       1.5008707      6.7970046    
  10870000   0.99912906     5.5773083      1.498603       6.7959022    
  10880000   1.0091836      5.5800115      1.5136839      6.7978668    
  10890000   1.0125586      5.5954125      1.5187462      6.7937126    
  10900000   0.9979097      5.6031404      1.4967741      6.7945416    
  10910000   1.0064025      5.5859612      1.5095125      6.7979835    
  10920000   1.0052316      5.5946508      1.5077563      6.799625     
  10930000   0.99913176     5.6056646      1.4986071      6.7953076    
  10940000   1.0084971      5.6224258      1.5126543      6.801245     
  10950000   1.0062239      5.6145229      1.5092446      6.802394     
  10960000   0.99682431     5.6137098      1.4951461      6.7960359    
  10970000   0.99922165     5.596811       1.4987419      6.7907185    
  10980000   1.0076505      5.6032182      1.5113845      6.806916     
  10990000   1.0128692      5.5894011      1.519212       6.7910217    
  11000000   1.0045745      5.6023924      1.5067706      6.797011     
  11010000   0.99672426     5.5871925      1.4949961      6.802088     
  11020000   0.98845754     5.6055268      1.4825967      6.8053059    
  11030000   1.0012556      5.5923879      1.5017926      6.7972986    
  11040000   1.0021346      5.588507       1.503111       6.7920102    
  11050000   1.0051886      5.5847061      1.5076917      6.8053412    
  11060000   0.99164762     5.5822769      1.4873816      6.7898775    
  11070000   1.0037464      5.5768654      1.5055287      6.7977272    
  11080000   1.0059416      5.5920458      1.5088213      6.7963715    
  11090000   1.0061243      5.5827563      1.5090952      6.7910558    
  11100000   0.98572502     5.5904286      1.4784982      6.8033465    
  11110000   0.99455505     5.5889656      1.4917424      6.7918236    
  11120000   1.006654       5.5887889      1.5098897      6.8030559    
  11130000   1.0001581      5.6035395      1.5001465      6.7970115    
  11140000   0.99833473     5.6102385      1.4974116      6.8039768    
  11150000   0.99878538     5.6014422      1.4980875      6.7904463    
  11160000   1.0011947      5.6005814      1.5017012      6.80166      
  11170000   0.99969011     5.6021303      1.4994446      6.794799     
  11180000   0.9996932      5.5798864      1.4994492      6.8010377    
  11190000   1.0008672      5.5826545      1.5012101      6.8031411    
  11200000   1.0006965      5.5763069      1.500954       6.7960097    
  11210000   0.9956646      5.5707784      1.4934067      6.7883184    
  11220000   0.99656138     5.5814505      1.4947517      6.7905812    
  11230000   0.99122448     5.5854753      1.4867469      6.8000452    
  11240000   1.0048395      5.5772018      1.5071682      6.7908803    
  11250000   0.99591005     5.597934       1.4937748      6.8002153    
  11260000   0.99889291     5.6001982      1.4982488      6.7922191    
  11270000   1.0091814      5.614026       1.5136807      6.8071091    
  11280000   1.0098723      5.6083517      1.5147169      6.7982181    
  11290000   1.0132078      5.5987694      1.5197199      6.8033059    
  11300000   1.0078513      5.5986723      1.5116856      6.8028512    
  11310000   0.99938057     5.6012368      1.4989803      6.8139636    
  11320000   1.0001527      5.582541       1.5001385      6.7966399    
  11330000   0.99802851     5.5915483      1.4969523      6.7956937    
  11340000   0.99508525     5.5844782      1.4925377      6.7955345    
  11350000   1.0030696      5.5682862      1.5045136      6.7791347    
  11360000   0.99002049     5.5777599      1.484941       6.7978272    
  11370000   0.98970992     5.5853355      1.4844752      6.7980013    
  11380000   0.99165609     5.5832263      1.4873943      6.7923334    
  11390000   0.99545163     5.5693966      1.4930872      6.7881467    
  11400000   1.0010715      5.5685971      1.5015165      6.7936164    
  11410000   1.0022618      5.5793777      1.5033019      6.7966328    
  11420000   1.0062128      5.5727565      1.5092279      6.801699     
  11430000   1.0034368      5.5896824      1.5050642      6.8019843    
  11440000   0.99675848     5.5954332      1.4950474      6.7951709    
  11450000   1.0008253      5.5897438      1.5011472      6.7959844    
  11460000   0.99701058     5.5998545      1.4954255      6.7963165    
  11470000   1.0065778      5.5977464      1.5097754      6.8058314    
  11480000   1.0033072      5.5996291      1.5048698      6.8007064    
  11490000   0.99487079     5.6136342      1.492216       6.801722     
  11500000   1.0002421      5.6000729      1.5002724      6.8013297    
  11510000   0.99815591     5.5984378      1.4971434      6.8084736    
  11520000   0.99967482     5.606836       1.4994216      6.8038237    
  11530000   1.0004056      5.5854811      1.5005178      6.804801     
  11540000   0.99764534     5.5635804      1.4963776      6.800874     
  11550000   0.99536435     5.5815187      1.4929563      6.8071087    
  11560000   1.006608       5.5623879      1.5098207      6.7877398    
  11570000   0.9932412      5.5847492      1.4897718      6.7889576    
  11580000   0.99445548     5.5737687      1.4915931      6.7945054    
  11590000   0.98601436     5.5683951      1.4789322      6.7981475    
  11600000   0.99950343     5.5474578      1.4991646      6.7757617    
  11610000   0.99935353     5.5594145      1.4989397      6.7879447    
  11620000   0.98922974     5.5687012      1.483755       6.7943503    
  11630000   0.99563126     5.570221       1.4933567      6.7984635    
  11640000   0.99808624     5.5759467      1.4970389      6.7947926    
  11650000   1.0136511      5.5597553      1.5203847      6.7911891    
  11660000   1.0000902      5.5845707      1.5000446      6.7975561    
  11670000   1.0005483      5.5911751      1.5007317      6.7967298    
  11680000   0.99673362     5.603067       1.4950101      6.8039773    
  11690000   0.99598484     5.594438       1.493887       6.7977141    
  11700000   1.0083348      5.5747343      1.5124108      6.7977638    
  11710000   0.99498233     5.5939383      1.4923833      6.7967751    
  11720000   0.99674404     5.6098986      1.4950257      6.7914894    
  11730000   0.99668115     5.6066468      1.4949314      6.798763     
  11740000   1.0048325      5.5891162      1.5071576      6.7900796    
  11750000   1.0039093      5.5967701      1.505773       6.8023977    
  11760000   1.0010851      5.5776732      1.5015369      6.799635     
  11770000   0.99355512     5.573822       1.4902426      6.7871333    
  11780000   0.99459499     5.5718128      1.4918023      6.7958618    
  11790000   0.99493076     5.600398       1.492306       6.7950679    
  11800000   1.0030741      5.5785151      1.5045202      6.778981     
  11810000   0.99818667     5.5800282      1.4971895      6.7881089    
  11820000   0.9941262      5.5991914      1.4910992      6.7947182    
  11830000   0.99045318     5.6015475      1.48559        6.7977157    
  11840000   1.0100961      5.5814346      1.5150526      6.8043171    
  11850000   0.99931344     5.5857366      1.4988796      6.7926983    
  11860000   1.0088122      5.5826704      1.5131269      6.7985088    
  11870000   0.99433301     5.6064964      1.4914094      6.79498      
  11880000   1.0037843      5.5858099      1.5055855      6.7883262    
  11890000   1.0001475      5.5934275      1.5001305      6.7985861    
  11900000   1.0117414      5.5795281      1.5175204      6.7863361    
  11910000   1.0022322      5.5851902      1.5032575      6.7972401    
  11920000   0.99413322     5.6219147      1.4911097      6.7966886    
  11930000   1.0026951      5.6072858      1.5039518      6.8071359    
  11940000   1.0077945      5.594741       1.5116004      6.7946096    
  11950000   0.99912823     5.5916086      1.4986018      6.7981195    
  11960000   1.0031117      5.5897758      1.5045767      6.7947393    
  11970000   1.0097461      5.5711722      1.5145277      6.7902992    
  11980000   1.0023263      5.5695371      1.5033986      6.7938701    
  11990000   0.99657557     5.5739823      1.494773       6.7837612    
  12000000   0.99783794     5.5859972      1.4966665      6.7981986    
  12010000   0.98558688     5.58187        1.478291       6.7989131    
  12020000   0.99302562     5.5813543      1.4894484      6.7909278    
  12030000   0.99329258     5.5838076      1.4898488      6.7973948    
  12040000   0.98402344     5.5799153      1.475946       6.8057601    
  12050000   1.0027442      5.5693905      1.5040254      6.7897919    
  12060000   0.99830378     5.5863136      1.4973652      6.7981291    
  12070000   0.99289718     5.5842328      1.4892558      6.7957517    
  12080000   0.99914758     5.5750615      1.4986308      6.7932415    
  12090000   0.98310518     5.6005585      1.4745687      6.7913929    
  12100000   0.99764152     5.5971938      1.4963719      6.7949834    
  12110000   0.99704434     5.607643       1.4954761      6.8186226    
  12120000   1.0143053      5.5652979      1.521366       6.7952487    
  12130000   0.99915044     5.57616        1.4986351      6.806317     
  12140000   0.99782872     5.5740668      1.4966526      6.792409     
  12150000   0.99701598     5.5731056      1.4954336      6.7983514    
  12160000   1.001356       5.5711355      1.5019433      6.7922362    
  12170000   1.0007912      5.590098       1.5010961      6.7943144    
  12180000   0.99599756     5.5945914      1.4939061      6.7999378    
  12190000   1.0022419      5.6014689      1.503272       6.7989724    
  12200000   1.0082866      5.6044423      1.5123385      6.807129     
  12210000   1.0092335      5.5880454      1.5137588      6.7973109    
  12220000   1.0063977      5.595953       1.5095053      6.8017305    
  12230000   1.0039895      5.6080791      1.5058933      6.806309     
  12240000   1.0074887      5.6024741      1.5111418      6.7975514    
  12250000   1.00518        5.583542       1.5076789      6.7971142    
  12260000   1.0160247      5.5918638      1.5239449      6.8027619    
  12270000   1.0074287      5.6129914      1.5110517      6.8016404    
  12280000   1.0016527      5.5990047      1.5023883      6.8027112    
  12290000   0.99512937     5.5847829      1.4926039      6.7962541    
  12300000   0.98737536     5.5954059      1.4809736      6.7956931    
  12310000   1.0020612      5.5875843      1.503001       6.8037449    
  12320000   1.0019679      5.5842363      1.5028611      6.7998796    
  12330000   0.99404143     5.5867617      1.490972       6.8065425    
  12340000   0.99366681     5.585354       1.4904102      6.8018591    
  12350000   1.0039488      5.5948445      1.5058321      6.8027788    
  12360000   0.99715766     5.6030179      1.4956461      6.8048272    
  12370000   0.99739768     5.6012515      1.4960061      6.7938077    
  12380000   1.0100107      5.5846638      1.5149244      6.7929305    
  12390000   0.99472778     5.5854757      1.4920015      6.791269     
  12400000   1.0009402      5.5634366      1.5013197      6.8059406    
  12410000   1.0035151      5.5582326      1.5051818      6.7896279    
  12420000   1.0057183      5.5729442      1.5084864      6.7917463    
  12430000   0.99744325     5.5874715      1.4960745      6.8011544    
  12440000   1.007339       5.5840961      1.5109172      6.80075      
  12450000   1.0094773      5.6050176      1.5141245      6.8036099    
  12460000   1.0065768      5.5891679      1.5097739      6.7975377    
  12470000   1.0004327      5.5939791      1.5005584      6.8031098    
  12480000   1.0065551      5.577349       1.5097415      6.8018442    
  12490000   1.0099949      5.5760107      1.5149008      6.7760402    
  12500000   0.99640785     5.616058       1.4945215      6.797983     
  12510000   0.99021391     5.6016744      1.4852311      6.7929325    
  12520000   1.008342       5.5783931      1.5124217      6.7921271    
  12530000   1.0043434      5.5964988      1.506424       6.7906294    
  12540000   1.0008948      5.6228789      1.5012514      6.8062161    
  12550000   1.0048858      5.6181287      1.5072377      6.804405     
  12560000   1.0073759      5.6001356      1.5109726      6.8008729    
  12570000   1.0034565      5.5983148      1.5050938      6.7993008    
  12580000   1.0153236      5.5975677      1.5228934      6.8016501    
  12590000   1.0099564      5.6051219      1.514843       6.7993453    
  12600000   1.0013785      5.6023502      1.501977       6.7931278    
  12610000   1.009522       5.6052605      1.5141916      6.8080829    
  12620000   1.0093357      5.6029153      1.5139121      6.8009285    
  12630000   1.0081148      5.5981944      1.5120809      6.8061524    
  12640000   1.0001499      5.621419       1.5001342      6.7964022    
  12650000   1.0052549      5.6230153      1.5077912      6.8025854    
  12660000   1.0010471      5.6037208      1.5014799      6.7949248    
  12670000   0.99803479     5.6264087      1.4969617      6.801762     
  12680000   0.99699103     5.6165785      1.4953962      6.7998051    
  12690000   1.0033987      5.6156493      1.5050071      6.794844     
  12700000   0.99726234     5.6026992      1.4958031      6.802381     
  12710000   0.99895288     5.6145236      1.4983388      6.8012759    
  12720000   1.0080364      5.6057497      1.5119632      6.7970312    
  12730000   1.0112458      5.6138405      1.516777       6.8041562    
  12740000   1.0063402      5.6058863      1.5094191      6.808045     
  12750000   1.0075238      5.6031228      1.5111944      6.805289     
  12760000   1.0063731      5.5929345      1.5094684      6.7957518    
  12770000   1.0063028      5.5774043      1.509363       6.7938384    
  12780000   0.9977871      5.5858352      1.4965902      6.7962497    
  12790000   0.99677917     5.6081728      1.4950784      6.8058641    
  12800000   0.99851852     5.5885316      1.4976873      6.805861     
  12810000   0.99386521     5.6134779      1.4907077      6.7950554    
  12820000   1.0146542      5.5790382      1.5218894      6.7920973    
  12830000   0.99424867     5.62325        1.4912829      6.8026571    
  12840000   0.99802799     5.5979139      1.4969515      6.7902232    
  12850000   0.99891305     5.6058105      1.498279       6.7902068    
  12860000   0.99494015     5.606595       1.49232        6.7971401    
  12870000   1.006464       5.5985552      1.5096047      6.7969542    
  12880000   0.99875181     5.5931967      1.4980372      6.7997245    
  12890000   0.98987097     5.6009928      1.4847167      6.7969987    
  12900000   1.0028685      5.5950063      1.5042119      6.8028435    
  12910000   0.99770639     5.6009718      1.4964692      6.8035717    
  12920000   1.00035        5.6097577      1.5004344      6.7989126    
  12930000   1.0020602      5.6101706      1.5029994      6.8057794    
  12940000   1.0033018      5.6027233      1.5048618      6.8045405    
  12950000   0.99859694     5.5857976      1.4978049      6.8023613    
  12960000   0.99752054     5.5647131      1.4961904      6.798183     
  12970000   0.99437424     5.5834458      1.4914712      6.802059     
  12980000   1.0099323      5.5612082      1.5148069      6.7984584    
  12990000   1.0011008      5.5806106      1.5015605      6.8062618    
  13000000   1.0039887      5.5739634      1.5058921      6.789586     
  13010000   0.99249871     5.582527       1.4886581      6.7956459    
  13020000   0.99335345     5.6009948      1.4899401      6.7961555    
  13030000   1.0156837      5.5770419      1.5234335      6.7868167    
  13040000   1.0015791      5.607555       1.5022778      6.7975813    
  13050000   1.00189        5.5875259      1.5027442      6.8004738    
  13060000   1.0025779      5.5822631      1.503776       6.7995092    
  13070000   1.0023452      5.5933946      1.503427       6.7988885    
  13080000   0.9972391      5.5757932      1.4957683      6.7955326    
  13090000   0.99678585     5.573724       1.4950884      6.799583     
  13100000   0.99675146     5.5723385      1.4950368      6.7993414    
  13110000   1.0022099      5.5682779      1.503224       6.7951004    
  13120000   0.99591095     5.5784265      1.4937762      6.7858169    
  13130000   0.99607115     5.5870511      1.4940164      6.8010879    
  13140000   0.99370815     5.591386       1.4904722      6.7968842    
  13150000   1.0055159      5.5975071      1.5081827      6.8013807    
  13160000   0.99460459     5.5839516      1.4918167      6.7954031    
  13170000   0.99728714     5.5926614      1.4958403      6.7994264    
  13180000   0.99804789     5.5884955      1.4969814      6.7967689    
  13190000   1.0003024      5.5827297      1.500363       6.7849282    
  13200000   0.99668848     5.5868364      1.4949424      6.801901     
  13210000   0.99701898     5.583289       1.4954381      6.7979962    
  13220000   0.99426016     5.5799838      1.4913001      6.7966434    
  13230000   0.99803078     5.5828913      1.4969557      6.8006611    
  13240000   0.99604817     5.5857899      1.493982       6.7978087    
  13250000   1.007943       5.5798205      1.5118232      6.7890913    
  13260000   0.98827509     5.6086699      1.4823231      6.7991842    
  13270000   0.9942011      5.5879124      1.4912115      6.7922956    
  13280000   0.99475812     5.5962749      1.492047       6.7985107    
  13290000   1.0034778      5.5904465      1.5051258      6.7937162    
  13300000   1.0090652      5.5957395      1.5135064      6.7976966    
  13310000   1.0115747      5.5874527      1.5172704      6.8041929    
  13320000   1.0120899      5.5743988      1.5180432      6.7970552    
  13330000   0.99973623     5.6000741      1.4995137      6.8045542    
  13340000   0.98991247     5.6159304      1.484779       6.8062324    
  13350000   1.0032577      5.6073352      1.5047957      6.7967504    
  13360000   1.007196       5.5773407      1.5107027      6.7954472    
  13370000   0.99730311     5.5752514      1.4958643      6.8017842    
  13380000   0.99493605     5.5769369      1.4923139      6.7841314    
  13390000   0.99558401     5.5967602      1.4932858      6.7899058    
  13400000   0.99853533     5.5984184      1.4977125      6.7933029    
  13410000   0.98955202     5.5771051      1.4842383      6.7974531    
  13420000   0.9976841      5.5807609      1.4964357      6.7826311    
  13430000   0.99477275     5.6011532      1.492069       6.7934051    
  13440000   1.010521       5.5741764      1.5156899      6.7880324    
  13450000   1.0103599      5.5999737      1.5154482      6.8075364    
  13460000   1.0208226      5.5870859      1.5311413      6.8009238    
  13470000   1.0021536      5.6221908      1.5031396      6.80769      
  13480000   0.99654823     5.5968953      1.494732       6.8055862    
  13490000   1.0073769      5.6032068      1.510974       6.7987114    
  13500000   1.0054221      5.600464       1.508042       6.7995654    
  13510000   0.99550555     5.5898408      1.4931681      6.807974     
  13520000   1.0061314      5.5333858      1.509106       6.7865611    
  13530000   0.99698721     5.5608121      1.4953905      6.7887165    
  13540000   0.99123679     5.5818338      1.4867653      6.7998085    
  13550000   0.99173024     5.5682194      1.4875055      6.7905189    
  13560000   0.99484473     5.5491654      1.4921769      6.7925862    
  13570000   1.0107859      5.5260998      1.5160873      6.7806726    
  13580000   0.99673861     5.5682819      1.4950176      6.7992615    
  13590000   0.98850626     5.5785556      1.4826698      6.796937     
  13600000   0.99982824     5.5627921      1.4996517      6.8005365    
  13610000   0.99209476     5.5665055      1.4880522      6.7933249    
  13620000   0.99758295     5.5746732      1.496284       6.795829     
  13630000   0.99868416     5.5783828      1.4979357      6.794825     
  13640000   0.99971311     5.5933918      1.4994791      6.79438      
  13650000   0.99869919     5.5891011      1.4979583      6.7939982    
  13660000   0.99542901     5.5668126      1.4930533      6.799611     
  13670000   0.99163813     5.5590191      1.4873673      6.7980315    
  13680000   0.9963022      5.5664888      1.494363       6.79228      
  13690000   0.99828384     5.5574691      1.4973353      6.7956353    
  13700000   0.99613455     5.5577427      1.4941115      6.7964382    
  13710000   0.99941443     5.5573206      1.4990311      6.7923014    
  13720000   0.99843232     5.5669291      1.497558       6.7981395    
  13730000   0.99626802     5.5905804      1.4943117      6.7896933    
  13740000   1.0002261      5.5798265      1.5002485      6.7992799    
  13750000   0.99394443     5.5847377      1.4908266      6.8062297    
  13760000   0.99655739     5.5803596      1.4947458      6.7984097    
  13770000   0.99395618     5.6033929      1.4908442      6.8049526    
  13780000   1.0065822      5.5792124      1.509782       6.7932529    
  13790000   0.99925644     5.5898379      1.4987941      6.799218     
  13800000   1.0089397      5.6016455      1.5133181      6.7931987    
  13810000   1.000292       5.5955904      1.5003473      6.8095618    
  13820000   0.99908159     5.603016       1.4985318      6.7990306    
  13830000   1.0019077      5.5996418      1.5027707      6.8031795    
  13840000   1.0039966      5.5901584      1.5059039      6.811125     
  13850000   1.0038581      5.5967099      1.5056961      6.8022912    
  13860000   1.0016567      5.5883193      1.5023942      6.7954631    
  13870000   0.99502915     5.5955616      1.4924535      6.7984304    
  13880000   1.0106778      5.5941907      1.5159251      6.807362     
  13890000   1.0140545      5.6084195      1.5209898      6.8105417    
  13900000   1.0053113      5.6149629      1.5078759      6.8054394    
  13910000   0.99933637     5.603171       1.498914       6.8010794    
  13920000   1.0061273      5.5727519      1.5090998      6.7910821    
  13930000   0.99944545     5.5884337      1.4990776      6.7981692    
  13940000   0.99475492     5.5883492      1.4920422      6.7904555    
  13950000   0.99379719     5.5844074      1.4906057      6.8039649    
  13960000   0.98954793     5.5622285      1.4842322      6.7880442    
  13970000   0.99896252     5.5798642      1.4983532      6.7977643    
  13980000   0.99258518     5.5731927      1.4887878      6.7941559    
  13990000   1.0013046      5.5721727      1.5018662      6.7893544    
  14000000   1.0078419      5.5602195      1.5116715      6.8018727    
  14010000   1.0030258      5.5909415      1.5044478      6.796479     
  14020000   1.0038976      5.5733187      1.5057554      6.7888332    
  14030000   1.0081686      5.5751384      1.5121615      6.8032623    
  14040000   0.99298771     5.6047588      1.4893916      6.797936     
  14050000   0.99836086     5.5657684      1.4974508      6.7971404    
  14060000   1.0067617      5.5569378      1.5100513      6.7949554    
  14070000   1.0032308      5.5707214      1.5047553      6.7882619    
  14080000   0.99980189     5.597591       1.4996122      6.7912852    
  14090000   0.99945995     5.5966332      1.4990993      6.7985067    
  14100000   0.9977048      5.5883583      1.4964668      6.8024896    
  14110000   0.99671694     5.5925326      1.4949851      6.7948858    
  14120000   1.0032749      5.5911382      1.5048214      6.7985297    
  14130000   1.0027127      5.6027035      1.5039782      6.8017799    
  14140000   0.9993336      5.6025709      1.4989098      6.8034117    
  14150000   1.0122653      5.6040159      1.5183062      6.7996807    
  14160000   1.0117885      5.6096847      1.5175911      6.8102555    
  14170000   1.0141888      5.5973989      1.5211912      6.8012922    
  14180000   1.0061145      5.5902767      1.5090805      6.7935384    
  14190000   0.99997148     5.5893181      1.4998666      6.8016303    
  14200000   1.0013309      5.5814455      1.5019055      6.7990916    
  14210000   0.99478052     5.5791626      1.4920806      6.800554     
  14220000   0.99991052     5.5842988      1.4997751      6.7994643    
  14230000   0.99677275     5.5873604      1.4950688      6.7896005    
  14240000   0.99730765     5.5939046      1.4958711      6.8000515    
  14250000   0.9877898      5.5702981      1.4815952      6.7906621    
  14260000   1.006516       5.5768206      1.5096828      6.7895052    
  14270000   1.0035769      5.5813978      1.5052744      6.7942652    
  14280000   0.99648928     5.6131161      1.4946436      6.8025497    
  14290000   1.0057878      5.5827961      1.5085905      6.7842698    
  14300000   1.0060211      5.595809       1.5089405      6.7905034    
  14310000   0.99458239     5.619057       1.4917834      6.7968699    
  14320000   1.0088569      5.6028776      1.5131939      6.8070242    
  14330000   0.99874317     5.611081       1.4980242      6.7957369    
  14340000   0.9895725      5.6219017      1.4842691      6.8050694    
  14350000   1.0040356      5.611042       1.5059624      6.806551     
  14360000   1.00009        5.6159748      1.5000443      6.8044714    
  14370000   0.99436475     5.6165122      1.491457       6.7900218    
  14380000   1.0125574      5.6324283      1.5187443      6.8015852    
  14390000   1.0000967      5.6351945      1.5000544      6.808273     
  14400000   1.0052786      5.6213022      1.5078267      6.800073     
  14410000   1.0044203      5.6120092      1.5065394      6.7959427    
  14420000   1.0033023      5.6107704      1.5048626      6.8083735    
  14430000   1.0062081      5.606687       1.509221       6.791581     
  14440000   1.0103029      5.5891749      1.5153627      6.7941305    
  14450000   0.99514526     5.5878365      1.4926277      6.7888122    
  14460000   0.99778849     5.5860373      1.4965923      6.7997152    
  14470000   0.99909872     5.5764124      1.4985575      6.7992701    
  14480000   1.0078203      5.5814901      1.511639       6.7954856    
  14490000   1.0016974      5.6023829      1.5024554      6.7979928    
  14500000   1.0048441      5.6061857      1.507175       6.7952648    
  14510000   1.0019022      5.6066249      1.5027625      6.7981733    
  14520000   1.0103993      5.5789715      1.5155073      6.7933475    
  14530000   0.99874006     5.5989301      1.4980196      6.8006461    
  14540000   1.0055751      5.5837495      1.5082715      6.8031904    
  14550000   0.99883916     5.5836152      1.4981682      6.7933886    
  14560000   0.99874362     5.6027749      1.4980249      6.8035272    
  14570000   1.0070623      5.5993864      1.5105022      6.7942624    
  14580000   1.0147112      5.5994259      1.5219748      6.792202     
  14590000   1.0002857      5.5899724      1.5003379      6.7972462    
  14600000   0.99722397     5.5963491      1.4957456      6.7926197    
  14610000   0.99716943     5.5968687      1.4956638      6.7999185    
  14620000   0.99260409     5.5918376      1.4888162      6.7915441    
  14630000   1.0110517      5.5933995      1.516486       6.7960078    
  14640000   1.0036766      5.6025267      1.5054239      6.8024721    
  14650000   1.0002545      5.5991579      1.500291       6.8081972    
  14660000   1.0022469      5.5871409      1.5032795      6.79558      
  14670000   1.0121143      5.5703583      1.5180797      6.7891272    
  14680000   0.9992943      5.596428       1.4988509      6.8063954    
  14690000   1.003375       5.5860873      1.5049716      6.8073164    
  14700000   1.0131963      5.603065       1.5197026      6.805699     
  14710000   1.0130361      5.5858104      1.5194623      6.7997831    
  14720000   1.0001499      5.6072511      1.5001342      6.7998933    
  14730000   1.0023649      5.5967736      1.5034564      6.8058198    
  14740000   1.0000456      5.5998133      1.4999777      6.8013629    
  14750000   1.0042977      5.5647403      1.5063556      6.7837454    
  14760000   0.99756052     5.5751098      1.4962504      6.7922868    
  14770000   1.0082279      5.5642031      1.5122504      6.8020626    
  14780000   0.99283954     5.5935558      1.4891693      6.8037597    
  14790000   1.0087445      5.5842238      1.5130253      6.8075689    
  14800000   0.99260748     5.6011721      1.4888213      6.7988835    
  14810000   0.99614477     5.5991454      1.4941269      6.8004661    
  14820000   1.003215       5.5942729      1.5047316      6.8005297    
  14830000   1.0049194      5.5997463      1.5072881      6.7935906    
  14840000   1.0040894      5.5995112      1.5060431      6.797322     
  14850000   1.0033551      5.5917783      1.5049417      6.7990019    
  14860000   1.0015865      5.5779952      1.502289       6.7929896    
  14870000   0.99770554     5.5875898      1.4964679      6.8090311    
  14880000   0.99508629     5.5666859      1.4925392      6.8028782    
  14890000   0.99933204     5.5786527      1.4989075      6.7904047    
  14900000   0.99343192     5.5754043      1.4900578      6.7907656    
  14910000   1.0041735      5.5777122      1.5061692      6.7997757    
  14920000   0.9996065      5.5866798      1.4993192      6.79746      
  14930000   1.003481       5.5814225      1.5051306      6.7873401    
  14940000   0.99862238     5.6065379      1.4978431      6.7910565    
  14950000   0.99855092     5.6146231      1.4977359      6.8147533    
  14960000   1.0196567      5.5757433      1.5293926      6.7905013    
  14970000   1.0151617      5.5965815      1.5226506      6.7967621    
  14980000   1.0014436      5.5992765      1.5020747      6.8041552    
  14990000   1.000953       5.5896462      1.5013387      6.8060076    
  15000000   1.008619       5.5824273      1.5128371      6.7922977    
  15010000   0.99541788     5.5830913      1.4930366      6.7914095    
  15020000   1.0057926      5.5721198      1.5085977      6.7871901    
  15030000   0.99756243     5.5831506      1.4962532      6.788595     
  15040000   1.0101631      5.5872901      1.5151531      6.7948567    
  15050000   0.99482418     5.5834745      1.4921461      6.79433      
  15060000   0.99070967     5.593878       1.4859747      6.7955466    
  15070000   0.99652083     5.5927165      1.4946909      6.8047015    
  15080000   1.0078827      5.5883045      1.5117327      6.7973021    
  15090000   1.0091422      5.5908294      1.5136218      6.7949927    
  15100000   1.0057764      5.6055915      1.5085735      6.7925539    
  15110000   0.99967371     5.6152017      1.49942        6.7974984    
  15120000   1.0045959      5.603634       1.5068027      6.7962663    
  15130000   1.0043594      5.6134495      1.506448       6.8016848    
  15140000   1.0108085      5.5956105      1.5161211      6.7971583    
  15150000   1.0103584      5.598365       1.515446       6.8043243    
  15160000   0.99968666     5.626236       1.4994394      6.8153088    
  15170000   1.0031135      5.6166706      1.5045794      6.8129578    
  15180000   1.0092223      5.6188831      1.5137421      6.8018195    
  15190000   1.0038199      5.6073214      1.5056389      6.7952433    
  15200000   1.0007861      5.5899912      1.5010885      6.7962517    
  15210000   0.99672861     5.6088681      1.4950026      6.8092187    
  15220000   0.99914103     5.6053512      1.498621       6.8080165    
  15230000   0.99874268     5.6122844      1.4980235      6.808352     
  15240000   1.0052635      5.5841124      1.5078041      6.7934954    
  15250000   0.99867346     5.604676       1.4979197      6.7901437    
  15260000   1.0044305      5.5977835      1.5065547      6.7922049    
  15270000   0.9948197      5.6051508      1.4921394      6.7977231    
  15280000   0.99658167     5.6118871      1.4947822      6.7962647    
  15290000   0.99627849     5.6019859      1.4943274      6.7981248    
  15300000   1.0019624      5.6029102      1.5028528      6.8030112    
  15310000   0.99417992     5.6129506      1.4911798      6.80116      
  15320000   0.99989813     5.6045855      1.4997566      6.786458     
  15330000   1.0043717      5.5905634      1.5064665      6.7920702    
  15340000   1.0012352      5.6073371      1.501762       6.803919     
  15350000   1.0113901      5.5985982      1.5169935      6.7967476    
  15360000   1.0059208      5.6134894      1.50879        6.7957615    
  15370000   1.0075727      5.6204383      1.5112678      6.801435     
  15380000   1.0039411      5.6178054      1.5058206      6.792003     
  15390000   1.0039778      5.6186407      1.5058757      6.7982473    
  15400000   1.0130607      5.6111415      1.5194992      6.8017848    
  15410000   1.0043042      5.604844       1.5063653      6.79878      
  15420000   1.0035703      5.6025322      1.5052645      6.7944125    
  15430000   1.0009016      5.5928736      1.5012617      6.8030206    
  15440000   1.0038549      5.5720552      1.5056914      6.7914819    
  15450000   1.0085843      5.58107        1.512785       6.7896464    
  15460000   1.0108895      5.608805       1.5162426      6.8013879    
  15470000   0.9996468      5.5987982      1.4993796      6.7934667    
  15480000   0.99309386     5.5979038      1.4895508      6.807258     
  15490000   0.99584701     5.6066184      1.4936803      6.795342     
  15500000   1.004651       5.6015494      1.5068854      6.7963259    
  15510000   1.0017893      5.6053612      1.5025932      6.7922426    
  15520000   0.99086203     5.6019186      1.4862032      6.7935648    
  15530000   1.0104783      5.577845       1.5156258      6.7915349    
  15540000   0.99242702     5.6080896      1.4885506      6.8067129    
  15550000   1.0023852      5.5904148      1.5034869      6.7967326    
  15560000   1.0068528      5.5896333      1.5101879      6.7953488    
  15570000   1.0029429      5.6095387      1.5043234      6.8027418    
  15580000   1.006542       5.6006336      1.5097218      6.8064904    
  15590000   1.0057283      5.5813209      1.5085013      6.7947941    
  15600000   1.0050384      5.586173       1.5074665      6.7898894    
  15610000   1.006633       5.5891378      1.5098583      6.8029931    
  15620000   0.99693435     5.6024031      1.4953112      6.8022913    
  15630000   1.0086289      5.5880365      1.512852       6.8030214    
  15640000   1.0118366      5.5937642      1.5176632      6.7978285    
  15650000   1.0036216      5.6011576      1.5053415      6.8049988    
  15660000   1.0015078      5.6065638      1.5021709      6.8038749    
  15670000   1.0035153      5.5803396      1.505182       6.7838641    
  15680000   1.0014164      5.5785331      1.5020339      6.79248      
  15690000   0.99683685     5.5976281      1.4951649      6.8006255    
  15700000   0.98929115     5.6004569      1.4838471      6.8005579    
  15710000   0.99724098     5.5903919      1.4957711      6.7898085    
  15720000   0.99690267     5.5856852      1.4952636      6.7955634    
  15730000   1.0046688      5.5716107      1.5069121      6.7864745    
  15740000   0.99222633     5.5814663      1.4882496      6.797201     
  15750000   0.99084641     5.5881301      1.4861798      6.7939637    
  15760000   0.99405876     5.5868805      1.490998       6.7954274    
  15770000   0.99687447     5.5839607      1.4952214      6.7832402    
  15780000   0.99527117     5.5889804      1.4928165      6.7993477    
  15790000   0.99465507     5.5866888      1.4918925      6.793488     
  15800000   1.0000935      5.5820183      1.5000496      6.7894869    
  15810000   0.99459472     5.5945164      1.4918019      6.8001756    
  15820000   0.99924813     5.5829257      1.4987816      6.7989886    
  15830000   0.99435735     5.571485       1.4914459      6.7971368    
  15840000   0.99816065     5.575422       1.4971505      6.7990697    
  15850000   1.0041984      5.5706447      1.5062066      6.7908789    
  15860000   1.0113718      5.57983        1.516966       6.7912984    
  15870000   1.0051469      5.6012166      1.5076293      6.7988795    
  15880000   1.0093052      5.6035679      1.5138664      6.805914     
  15890000   1.0039484      5.6170844      1.5058316      6.7971387    
  15900000   1.0058754      5.587231       1.508722       6.8000555    
  15910000   1.003838       5.5754625      1.505666       6.7946608    
  15920000   1.0016221      5.5676382      1.5023423      6.803069     
  15930000   1.0002863      5.5814223      1.5003387      6.7972938    
  15940000   0.99412678     5.5868417      1.4911001      6.800498     
  15950000   0.99995744     5.5928994      1.4998455      6.7967236    
  15960000   0.99585862     5.5818787      1.4936977      6.791065     
  15970000   0.99081609     5.6060151      1.4861343      6.7981513    
  15980000   1.0008053      5.5801009      1.5011172      6.7967917    
  15990000   1.0025599      5.5846169      1.503749       6.8075135    
  16000000   1.0022923      5.5900772      1.5033476      6.805147     
  16010000   0.99852146     5.5989109      1.4976917      6.7818964    
  16020000   1.0147611      5.5826947      1.5220496      6.7981219    
  16030000   1.0080888      5.5919786      1.5120419      6.8145127    
  16040000   1.0054196      5.5871982      1.5080382      6.8035719    
  16050000   0.99776204     5.6008291      1.4965526      6.7954365    
  16060000   1.0018831      5.593476       1.5027338      6.7970207    
  16070000   1.0003386      5.5725427      1.5004173      6.8052944    
  16080000   0.9998944      5.5613728      1.499751       6.7948857    
  16090000   0.99938311     5.5572117      1.4989841      6.7898997    
  16100000   0.9986329      5.568392       1.4978588      6.7886106    
  16110000   0.98844206     5.5821979      1.4825735      6.8020349    
  16120000   1.0010541      5.5768334      1.5014905      6.7925555    
  16130000   0.99568966     5.581584       1.4934442      6.7957351    
  16140000   0.98538548     5.5878935      1.4779889      6.8001297    
  16150000   0.99752945     5.5769882      1.4962038      6.7937274    
  16160000   0.99670939     5.5687696      1.4949738      6.7893176    
  16170000   0.99614887     5.5740089      1.494133       6.7963002    
  16180000   0.99043689     5.5884215      1.4855656      6.7908431    
  16190000   1.0040849      5.5779847      1.5060364      6.7963282    
  16200000   0.99689344     5.593048       1.4952498      6.7921164    
  16210000   1.0053024      5.5819455      1.5078625      6.8017796    
  16220000   0.99719328     5.5625802      1.4956995      6.7930476    
  16230000   0.98922503     5.5704906      1.4837479      6.8002183    
  16240000   0.99569341     5.5536544      1.4934499      6.7871629    
  16250000   0.98664003     5.572998       1.4798706      6.7920782    
  16260000   1.0018283      5.5574169      1.5026517      6.7786368    
  16270000   1.0106495      5.5772658      1.5158826      6.7908427    
  16280000   1.004525       5.5866361      1.5066965      6.7983611    
  16290000   0.99905803     5.6092088      1.4984965      6.7999299    
  16300000   0.99782706     5.6086694      1.4966501      6.7950004    
  16310000   1.0015119      5.6073955      1.5021771      6.7916056    
  16320000   1.0077816      5.5983009      1.5115811      6.8025632    
  16330000   0.99158479     5.6184324      1.4872873      6.8073534    
  16340000   1.006125       5.6121611      1.5090963      6.7961068    
  16350000   1.0087375      5.5983758      1.5130148      6.8017976    
  16360000   1.0069349      5.5938576      1.5103111      6.8015727    
  16370000   1.0005258      5.5791994      1.5006981      6.7951386    
  16380000   1.0018151      5.5770326      1.5026319      6.7932624    
  16390000   0.99825774     5.5731643      1.4972961      6.8025995    
  16400000   0.99559856     5.5959429      1.4933076      6.8075115    
  16410000   1.0062158      5.5655533      1.5092325      6.7947926    
  16420000   1.0022556      5.5686085      1.5032925      6.8034773    
  16430000   1.0023245      5.5846135      1.503396       6.8030079    
  16440000   0.9990356      5.5991409      1.4984629      6.7979654    
  16450000   1.0007118      5.5889072      1.5009769      6.8011483    
  16460000   0.99796101     5.5850306      1.4968511      6.7992037    
  16470000   0.99162186     5.5880633      1.4873429      6.7987098    
  16480000   0.99220236     5.5835091      1.4882136      6.7914339    
  16490000   1.002686       5.5803008      1.5039381      6.7966189    
  16500000   0.98596065     5.6321775      1.4788516      6.8089441    
  16510000   1.0011835      5.6086887      1.5016844      6.8080353    
  16520000   1.0041379      5.5997316      1.5061158      6.808152     
  16530000   0.99845131     5.5841365      1.4975865      6.7989829    
  16540000   0.99981895     5.5709637      1.4996378      6.7886613    
  16550000   0.9904915      5.5853558      1.4856475      6.7987396    
  16560000   0.99916793     5.5729648      1.4986613      6.7916715    
  16570000   0.99665852     5.5640238      1.4948975      6.7874261    
  16580000   0.98738286     5.5784276      1.4809848      6.7881758    
  16590000   0.99175932     5.5867824      1.4875491      6.7982724    
  16600000   0.99479849     5.6000616      1.4921076      6.79593      
  16610000   1.0066846      5.5784668      1.5099357      6.784937     
  16620000   0.99865942     5.6069517      1.4978986      6.7950412    
  16630000   1.0044125      5.5924188      1.5065277      6.7931775    
  16640000   0.99870665     5.5810031      1.4979695      6.7996499    
  16650000   1.0020561      5.5645954      1.5029934      6.8029386    
  16660000   0.99715615     5.5705348      1.4956438      6.7862357    
  16670000   0.9982619      5.560227       1.4973024      6.7901008    
  16680000   1.0020968      5.5727175      1.5030544      6.7961474    
  16690000   1.0034301      5.5655038      1.5050542      6.7969763    
  16700000   1.0049924      5.6007709      1.5073975      6.7965986    
  16710000   1.0041921      5.5716976      1.5061971      6.8045742    
  16720000   0.99791766     5.5921896      1.496786       6.801884     
  16730000   1.0114716      5.589103       1.5171157      6.8019662    
  16740000   0.99950655     5.6019731      1.4991692      6.7933262    
  16750000   1.0030209      5.6024128      1.5044404      6.8050197    
  16760000   0.99730731     5.5912375      1.4958706      6.7967446    
  16770000   0.99510187     5.582674       1.4925626      6.7979134    
  16780000   0.99524229     5.5913898      1.4927732      6.7993563    
  16790000   0.98558797     5.5958935      1.4782926      6.7876705    
  16800000   1.0038005      5.5783807      1.5056098      6.7910599    
  16810000   0.99738793     5.5738761      1.4959915      6.797225     
  16820000   0.9992933      5.5843203      1.4988494      6.8003003    
  16830000   0.99944515     5.5889587      1.4990771      6.7990303    
  16840000   1.0024641      5.5780366      1.5036053      6.7981697    
  16850000   1.0005692      5.6003142      1.5007632      6.7916808    
  16860000   0.99439029     5.5974818      1.4914953      6.7947486    
  16870000   1.0130874      5.5993051      1.5195393      6.8109961    
  16880000   1.0040581      5.6003466      1.5059961      6.7944756    
  16890000   0.99443856     5.5926504      1.4915677      6.7970056    
  16900000   0.99407664     5.5743677      1.4910249      6.7975912    
  16910000   0.99614211     5.557043       1.4941229      6.7917473    
  16920000   1.0050113      5.5587655      1.5074259      6.7927782    
  16930000   0.99767053     5.5711413      1.4964154      6.7962234    
  16940000   1.0131527      5.5617162      1.5196373      6.7882403    
  16950000   1.0004254      5.5804218      1.5005474      6.7976414    
  16960000   1.0040687      5.5927731      1.506012       6.7967641    
  16970000   0.99784889     5.5932952      1.4966829      6.7945885    
  16980000   1.0058563      5.5861616      1.5086933      6.7939398    
  16990000   1.007813       5.5840879      1.5116281      6.7973938    
  17000000   1.0008258      5.5867505      1.501148       6.7992211    
  17010000   1.0039522      5.5907635      1.5058374      6.7969842    
  17020000   0.9922374      5.5907807      1.4882662      6.7962582    
  17030000   1.0070615      5.5795389      1.5105009      6.8009684    
  17040000   1.0060962      5.589711       1.5090532      6.7980798    
  17050000   1.0008298      5.6049869      1.501154       6.8066965    
  17060000   1.0004829      5.6088479      1.5006336      6.807627     
  17070000   1.0009526      5.6098097      1.5013382      6.8007951    
  17080000   1.0080686      5.6230714      1.5120115      6.8028655    
  17090000   1.0062657      5.6380461      1.5093074      6.8180897    
  17100000   1.0078249      5.6220943      1.5116461      6.7984192    
  17110000   1.0051761      5.6199734      1.5076731      6.8091717    
  17120000   1.0093597      5.63777        1.5139481      6.8004439    
  17130000   1.0052217      5.6204943      1.5077414      6.8001987    
  17140000   0.99512573     5.6117155      1.4925984      6.7975818    
  17150000   1.0036593      5.6031191      1.5053981      6.8064848    
  17160000   0.99887546     5.6114936      1.4982227      6.8025068    
  17170000   1.001842       5.6063763      1.5026722      6.7997354    
  17180000   1.0038688      5.6183139      1.5057123      6.8060851    
  17190000   1.0096718      5.6197952      1.5144162      6.808893     
  17200000   1.0096944      5.589056       1.51445        6.8026709    
  17210000   0.99580332     5.5864572      1.4936147      6.7884898    
  17220000   1.0062079      5.5716086      1.5092207      6.7940312    
  17230000   0.99777446     5.5794534      1.4965713      6.7950897    
  17240000   0.98880647     5.6011163      1.4831201      6.8019105    
  17250000   1.0065417      5.5809616      1.5097213      6.7936155    
  17260000   1.0042736      5.5849438      1.5063194      6.7872474    
  17270000   0.99423024     5.5766939      1.4912553      6.807818     
  17280000   0.99759716     5.5864223      1.4963053      6.7914837    
  17290000   1.0022557      5.5831762      1.5032927      6.7902015    
  17300000   1.0017918      5.6023446      1.5025968      6.7911338    
  17310000   1.0004873      5.6028431      1.5006403      6.7927162    
  17320000   0.9992921      5.5906045      1.4988476      6.8060859    
  17330000   0.99766817     5.5945156      1.4964118      6.807075     
  17340000   0.99871662     5.5935931      1.4979844      6.7966073    
  17350000   1.0014173      5.6024665      1.5020351      6.8015091    
  17360000   1.0028688      5.5942113      1.5042123      6.8084355    
  17370000   1.0055486      5.5902141      1.5082317      6.797495     
  17380000   0.99891249     5.5948137      1.4982782      6.788484     
  17390000   1.0048467      5.5924721      1.507179       6.78997      
  17400000   1.0036045      5.5818811      1.5053159      6.7989194    
  17410000   1.0013586      5.6137973      1.5019472      6.8060962    
  17420000   0.99814479     5.6055182      1.4971267      6.7976945    
  17430000   1.0058373      5.6018379      1.5086649      6.7979286    
  17440000   1.000456       5.5793078      1.5005933      6.7951381    
  17450000   1.0068928      5.5930088      1.5102479      6.7941464    
  17460000   0.99457414     5.6205416      1.4917711      6.7875898    
  17470000   0.99641237     5.6066458      1.4945283      6.7984996    
  17480000   1.0068252      5.5749405      1.5101465      6.7785021    
  17490000   1.0104926      5.5810456      1.5156473      6.7913127    
  17500000   0.99889303     5.6154138      1.498249       6.8004581    
  17510000   1.0073679      5.5964275      1.5109606      6.790896     
  17520000   1.0075838      5.6027         1.5112844      6.7937547    
  17530000   1.0013039      5.6006202      1.5018651      6.8033545    
  17540000   0.99439642     5.5999694      1.4915045      6.789775     
  17550000   1.0038283      5.5916787      1.5056515      6.7925848    
  17560000   1.0097154      5.5798622      1.5144816      6.7865904    
  17570000   1.0076983      5.5914963      1.5114562      6.7798455    
  17580000   0.99467743     5.6032528      1.491926       6.793647     
  17590000   1.0104169      5.5745669      1.5155337      6.7862325    
  17600000   1.0074954      5.5907618      1.5111518      6.7910183    
  17610000   0.99458        5.606793       1.4917799      6.8084926    
  17620000   1.006126       5.5943144      1.5090978      6.80003      
  17630000   1.0003093      5.5848623      1.5003733      6.7955306    
  17640000   0.99810023     5.5746968      1.4970599      6.8023409    
  17650000   1.002073       5.5909296      1.5030187      6.7962973    
  17660000   0.99343057     5.5978758      1.4900558      6.8040354    
  17670000   0.98988352     5.609799       1.4847356      6.7970764    
  17680000   0.99371205     5.6036796      1.490478       6.7928811    
  17690000   1.0050028      5.6117376      1.5074132      6.798865     
  17700000   1.0118848      5.6050836      1.5177354      6.8046734    
  17710000   1.0048985      5.6043786      1.5072567      6.7969111    
  17720000   0.99868098     5.6087353      1.497931       6.8038793    
  17730000   0.99373863     5.6029409      1.4905179      6.8004828    
  17740000   1.0000465      5.593611       1.4999792      6.7880267    
  17750000   1.0013825      5.6074377      1.501983       6.8040059    
  17760000   0.99578395     5.6045923      1.4935857      6.813477     
  17770000   1.0081592      5.5832896      1.5121475      6.7877298    
  17780000   1.0034358      5.5867932      1.5050628      6.7953975    
  17790000   0.99797857     5.6105409      1.4968774      6.8008003    
  17800000   1.0002525      5.6033392      1.5002881      6.8021694    
  17810000   0.99547819     5.6126956      1.4931271      6.8245484    
  17820000   1.0019014      5.617783       1.5027613      6.7988935    
  17830000   1.0133532      5.6043217      1.519938       6.8052555    
  17840000   1.0131484      5.6006751      1.5196308      6.7985922    
  17850000   0.9898137      5.6377861      1.4846308      6.8011324    
  17860000   1.0071868      5.602963       1.510689       6.8001682    
  17870000   1.0116097      5.5904175      1.5173229      6.7916995    
  17880000   0.99717859     5.601597       1.4956775      6.801158     
  17890000   0.99419328     5.5982257      1.4911998      6.7986764    
  17900000   1.0163643      5.6217239      1.5244543      6.800073     
  17910000   1.0173121      5.6130068      1.5258759      6.7970028    
  17920000   0.99843222     5.6376602      1.4975578      6.8116312    
  17930000   1.0004862      5.6400846      1.5006387      6.7989598    
  17940000   0.99923015     5.623869       1.4987547      6.8074019    
  17950000   0.99739152     5.6201391      1.4959969      6.8042972    
  17960000   1.0060858      5.5943129      1.5090376      6.7882531    
  17970000   1.0020646      5.5876746      1.5030061      6.80318      
  17980000   0.9975589      5.5947801      1.4962479      6.8014098    
  17990000   0.99821759     5.5932995      1.4972359      6.8004157    
  18000000   1.0017081      5.5901452      1.5024713      6.7926698    
  18010000   0.99638601     5.595803       1.4944887      6.7961118    
  18020000   0.98857429     5.597921       1.4827718      6.8055572    
  18030000   0.99599301     5.5884914      1.4938992      6.7909387    
  18040000   0.99826955     5.592297       1.4973138      6.7959139    
  18050000   0.99151132     5.6060914      1.4871771      6.8082385    
  18060000   0.99025693     5.6077781      1.4852956      6.7992822    
  18070000   0.99984817     5.5888991      1.4996816      6.7925371    
  18080000   1.001733       5.5841002      1.5025087      6.7968535    
  18090000   0.99760376     5.5900431      1.4963152      6.8068694    
  18100000   0.99838936     5.6016625      1.4974936      6.8008654    
  18110000   1.0150692      5.5754113      1.5225117      6.7896571    
  18120000   0.99204623     5.6102617      1.4879794      6.7980268    
  18130000   0.99309603     5.5821476      1.489554       6.793262     
  18140000   0.98887364     5.6016556      1.4832208      6.8081259    
  18150000   0.99441251     5.5814445      1.4915286      6.7914028    
  18160000   1.0024941      5.5798372      1.5036502      6.7982828    
  18170000   1.0038595      5.5845633      1.5056982      6.7994986    
  18180000   0.99372141     5.5893062      1.490492       6.7914034    
  18190000   0.99688014     5.5855909      1.4952299      6.7937986    
  18200000   1.0076291      5.5763829      1.5113524      6.7970006    
  18210000   1.0019195      5.5859204      1.5027884      6.797644     
  18220000   1.0150783      5.578947       1.5225255      6.7899838    
  18230000   1.0096339      5.5690349      1.5143593      6.7947769    
  18240000   0.99975444     5.585593       1.4995411      6.802224     
  18250000   0.99709554     5.5955691      1.4955529      6.8073645    
  18260000   0.99692477     5.5831629      1.4952968      6.798199     
  18270000   0.99094012     5.5671759      1.4863204      6.7955401    
  18280000   0.98743106     5.5649565      1.4810571      6.7952438    
  18290000   0.98644667     5.5670721      1.4795806      6.7943105    
  18300000   0.98633858     5.5748752      1.4794185      6.8067726    
  18310000   0.98659242     5.5647224      1.4797992      6.7943454    
  18320000   1.0101603      5.5449819      1.5151489      6.7943717    
  18330000   0.99951573     5.579526       1.499183       6.7980131    
  18340000   1.0065428      5.5792544      1.5097229      6.8066287    
  18350000   0.98406104     5.5981808      1.4760024      6.793575     
  18360000   0.9967779      5.5898281      1.4950765      6.7983014    
  18370000   0.9952476      5.5749799      1.4927812      6.792836     
  18380000   0.99893764     5.5925454      1.4983159      6.7954422    
  18390000   1.0051818      5.589793       1.5076817      6.7947786    
  18400000   1.0001809      5.5782154      1.5001807      6.8004225    
  18410000   0.99654877     5.5769698      1.4947328      6.7986048    
  18420000   0.99444237     5.5585623      1.4915734      6.7925916    
  18430000   0.98435029     5.5804774      1.4764362      6.7966332    
  18440000   0.99716955     5.5783397      1.4956639      6.7866116    
  18450000   0.99539284     5.578168       1.492999       6.7929378    
  18460000   1.0054056      5.5860112      1.5080173      6.7889324    
  18470000   1.0031282      5.5902802      1.5046015      6.8006138    
  18480000   0.99564701     5.5845987      1.4933803      6.8027321    
  18490000   0.99045733     5.5809717      1.4855962      6.792389     
  18500000   0.99756375     5.5689515      1.4962552      6.7910138    
  18510000   0.98496223     5.5739083      1.4773541      6.791586     
  18520000   0.99759687     5.59725        1.4963049      6.8030458    
  18530000   0.99837149     5.6027512      1.4974667      6.7971891    
  18540000   1.003124       5.579566       1.5045951      6.7949437    
  18550000   1.0006259      5.5888671      1.5008482      6.7948628    
  18560000   1.0000696      5.6107167      1.5000137      6.7951236    
  18570000   1.003911       5.5984861      1.5057755      6.8083248    
  18580000   1.0014507      5.5858252      1.5020853      6.8011038    
  18590000   1.0055773      5.5731314      1.5082748      6.7873124    
  18600000   0.99710823     5.58624        1.495572       6.8009498    
  18610000   1.0005385      5.5869586      1.5007171      6.7946174    
  18620000   0.99540263     5.574005       1.4930137      6.792045     
  18630000   0.99711561     5.5694147      1.495583       6.8001173    
  18640000   0.99695026     5.5822197      1.495335       6.7930652    
  18650000   1.0045596      5.5900523      1.5067484      6.78864      
  18660000   1.0036149      5.5646667      1.5053314      6.7802358    
  18670000   0.98831808     5.5818633      1.4823876      6.7884459    
  18680000   0.99213212     5.5652534      1.4881083      6.7865074    
  18690000   0.9887902      5.5818207      1.4830957      6.7957777    
  18700000   1.010681       5.584392       1.5159299      6.7970538    
  18710000   0.99752887     5.6007824      1.4962029      6.802373     
  18720000   0.99060682     5.5975688      1.4858205      6.8015044    
  18730000   1.0004574      5.58975        1.5005955      6.7932589    
  18740000   1.0078149      5.5721801      1.5116311      6.7913743    
  18750000   0.99941734     5.5784676      1.4990354      6.7897022    
  18760000   0.99473454     5.5983455      1.4920117      6.7869194    
  18770000   0.99968624     5.6097863      1.4994388      6.8062955    
  18780000   1.0137886      5.5909772      1.5205909      6.792503     
  18790000   1.0004046      5.6166448      1.5005163      6.8057301    
  18800000   1.0196372      5.5865021      1.5293634      6.7946479    
  18810000   1.0135757      5.6106673      1.5202716      6.8046925    
  18820000   1.0052456      5.6114634      1.5077773      6.7978893    
  18830000   0.99064893     5.6172681      1.4858836      6.8110666    
  18840000   1.0103523      5.5877559      1.5154369      6.8044277    
  18850000   1.0018431      5.6111676      1.5026739      6.8075076    
  18860000   0.99863263     5.6098476      1.4978584      6.7962283    
  18870000   1.0005906      5.612603       1.5007952      6.8096554    
  18880000   0.99042572     5.5989566      1.4855488      6.8008511    
  18890000   0.99659534     5.585144       1.4948027      6.7910439    
  18900000   0.99693171     5.5709283      1.4953072      6.7859547    
  18910000   1.0038521      5.5668035      1.5056872      6.7914173    
  18920000   1.0137079      5.5656698      1.5204699      6.7981331    
  18930000   1.0025787      5.6009371      1.5037772      6.7963254    
  18940000   1.0021294      5.5848594      1.5031033      6.8029898    
  18950000   0.99828989     5.5967861      1.4973444      6.8026214    
  18960000   1.0081146      5.5865887      1.5120806      6.8015234    
  18970000   1.0072075      5.5817772      1.51072        6.7935953    
  18980000   1.0108838      5.6107805      1.516234       6.7999763    
  18990000   0.98982552     5.621968       1.4846486      6.7996601    
  19000000   1.0061185      5.6019378      1.5090865      6.8011404    
  19010000   0.99615021     5.5987939      1.494135       6.8020612    
  19020000   1.0004326      5.5879427      1.5005582      6.8001772    
  19030000   1.0026435      5.5909042      1.5038743      6.7932065    
  19040000   1.0065723      5.6007256      1.5097672      6.8003355    
  19050000   0.99962134     5.5880676      1.4993414      6.7962591    
  19060000   1.0015516      5.5938897      1.5022367      6.8070027    
  19070000   0.99577296     5.6229962      1.4935692      6.8037681    
  19080000   1.0025714      5.6037912      1.5037662      6.8046123    
  19090000   0.997104       5.6007135      1.4955656      6.794433     
  19100000   0.99863629     5.6149143      1.4978639      6.7990202    
  19110000   0.99982891     5.6174751      1.4996528      6.8097693    
  19120000   1.0120903      5.6096041      1.5180438      6.8001508    
  19130000   1.0004503      5.6241695      1.5005848      6.8087046    
  19140000   1.0057659      5.6378344      1.5085576      6.8072975    
  19150000   1.0135439      5.5915098      1.520224       6.7980178    
  19160000   1.0065419      5.5977625      1.5097216      6.8077474    
  19170000   0.99427842     5.6316463      1.4913275      6.812448     
  19180000   1.0044249      5.6169901      1.5065463      6.8023474    
  19190000   1.0108632      5.5975664      1.5162032      6.7929628    
  19200000   1.0071913      5.5953926      1.5106957      6.8011651    
  19210000   1.0114428      5.5950993      1.5170725      6.7874675    
  19220000   1.0104674      5.588145       1.5156096      6.7946999    
  19230000   1.0026314      5.5997094      1.5038563      6.7844281    
  19240000   1.0157647      5.5995746      1.523555       6.7867204    
  19250000   0.99926136     5.6079222      1.4988015      6.7991494    
  19260000   0.99941701     5.5819928      1.4990349      6.7866757    
  19270000   0.99703679     5.6036404      1.4954648      6.7942397    
  19280000   1.0033345      5.5896833      1.5049108      6.7988024    
  19290000   1.0052675      5.6039232      1.5078101      6.8068833    
  19300000   0.99955241     5.5992754      1.499238       6.7992119    
  19310000   1.0066883      5.588216       1.5099413      6.7920211    
  19320000   1.0052446      5.5973534      1.5077757      6.7998115    
  19330000   1.0035586      5.5767764      1.5052469      6.7872712    
  19340000   0.99963764     5.5896979      1.4993659      6.7956349    
  19350000   1.0084994      5.5708337      1.5126576      6.7871522    
  19360000   1.0084754      5.5714243      1.5126216      6.7938677    
  19370000   1.0061308      5.5808829      1.509105       6.7957457    
  19380000   0.99597368     5.5963136      1.4938703      6.8102316    
  19390000   0.99340543     5.6035946      1.4900181      6.8098396    
  19400000   0.99572481     5.6001796      1.493497       6.8042861    
  19410000   1.0027418      5.5825184      1.5040218      6.8012805    
  19420000   1.0119085      5.5682661      1.517771       6.7883153    
  19430000   1.0003009      5.5787294      1.5003607      6.7897944    
  19440000   0.99938574     5.5725199      1.498988       6.7952154    
  19450000   0.99200207     5.5665999      1.4879132      6.7873954    
  19460000   0.99035376     5.5692713      1.4854409      6.7875698    
  19470000   0.99731189     5.5793339      1.4958775      6.796579     
  19480000   0.99872565     5.5870541      1.497998       6.8033962    
  19490000   1.0042009      5.5949201      1.5062104      6.8040212    
  19500000   1.0015712      5.6133517      1.502266       6.8026773    
  19510000   0.99991926     5.5986063      1.4997883      6.8023824    
  19520000   0.99912307     5.588822       1.4985941      6.7942496    
  19530000   0.99615392     5.5907288      1.4941406      6.7855897    
  19540000   0.99175329     5.6041817      1.48754        6.7997121    
  19550000   1.0064772      5.5972106      1.5096246      6.7964943    
  19560000   1.0024357      5.5888444      1.5035627      6.7977395    
  19570000   1.0160991      5.5952535      1.5240566      6.8041435    
  19580000   1.0038531      5.6239105      1.5056887      6.8061163    
  19590000   1.0073193      5.6395912      1.5108877      6.8096515    
  19600000   1.0052543      5.6307455      1.5077904      6.8052122    
  19610000   1.0208327      5.6052247      1.5311565      6.8005214    
  19620000   1.0060069      5.6186034      1.5089192      6.794912     
  19630000   1.0079818      5.6271253      1.5118814      6.8060892    
  19640000   1.0059111      5.6044138      1.5087755      6.7994244    
  19650000   1.008683       5.5830632      1.512933       6.7966176    
  19660000   1.0081738      5.6040847      1.5121693      6.7980507    
  19670000   1.0066411      5.5975452      1.5098704      6.8002085    
  19680000   1.0084214      5.6071813      1.5125406      6.7978823    
  19690000   1.0109517      5.5925529      1.5163359      6.795288     
  19700000   1.0136818      5.5837213      1.5204309      6.7965017    
  19710000   0.99889301     5.5907164      1.498249       6.8037424    
  19720000   1.0103409      5.5764091      1.5154198      6.7982944    
  19730000   1.0070852      5.5738108      1.5105365      6.787732     
  19740000   1.0052021      5.5809826      1.5077121      6.7925885    
  19750000   1.0028655      5.590116       1.5042073      6.7979366    
  19760000   0.99643671     5.5867815      1.4945647      6.7867615    
  19770000   1.0036237      5.563014       1.5053446      6.7857433    
  19780000   1.003106       5.5710566      1.5045681      6.7880297    
  19790000   0.9937105      5.5907567      1.4904757      6.801855     
  19800000   0.99876983     5.5907349      1.4980642      6.8005687    
  19810000   0.99829959     5.6008236      1.4973589      6.7936874    
  19820000   1.0001081      5.6076269      1.5000715      6.7970197    
  19830000   0.99721475     5.6086643      1.4957317      6.7928445    
  19840000   1.0005163      5.6003548      1.5006837      6.8053043    
  19850000   0.99807629     5.6073231      1.497024       6.807395     
  19860000   0.9982479      5.5978472      1.4972814      6.7942415    
  19870000   1.0090363      5.588412       1.513463       6.7934473    
  19880000   1.0070503      5.5843368      1.5104842      6.7845045    
  19890000   1.0030967      5.5927838      1.5045542      6.8008317    
  19900000   1.0048085      5.5945644      1.5071217      6.8029118    
  19910000   0.99861156     5.5818579      1.4978268      6.79947      
  19920000   0.9960147      5.5945426      1.4939318      6.8014229    
  19930000   0.9951943      5.6134298      1.4927012      6.7994207    
  19940000   1.0028546      5.5988978      1.504191       6.8024362    
  19950000   1.0109471      5.5968241      1.516329       6.7998548    
  19960000   1.0005006      5.6007628      1.5006603      6.79549      
  19970000   0.99829928     5.5909687      1.4973584      6.8182637    
  19980000   1.0028661      5.5838561      1.5042082      6.7970939    
  19990000   1.0020576      5.5764695      1.5029956      6.7857835    
  20000000   0.99140255     5.603256       1.487014       6.7967922    
  20010000   1.0017219      5.5933761      1.5024921      6.797409     
  20020000   0.99682415     5.6062827      1.4951459      6.7933186    
  20030000   0.99947169     5.5869771      1.499117       6.788563     
  20040000   0.99744754     5.5823961      1.4960809      6.7956698    
  20050000   0.9925608      5.5819193      1.4887512      6.7988128    
  20060000   1.008632       5.563065       1.5128566      6.7930979    
  20070000   0.99914365     5.5806987      1.4986249      6.801438     
  20080000   0.99944997     5.574827       1.4990844      6.7951364    
  20090000   0.9905051      5.582907       1.4856679      6.7969854    
  20100000   0.99901018     5.5745139      1.4984247      6.79621      
  20110000   0.99616511     5.570717       1.4941574      6.8004186    
Loop time of 219258 on 1 procs for 20000000 steps with 16550 atoms

Performance: 39405.610 tau/day, 91.217 timesteps/s
99.7% CPU use with 1 MPI tasks x 1 OpenMP threads

MPI task timing breakdown:
Section |  min time  |  avg time  |  max time  |%varavg| %total
---------------------------------------------------------------
Pair    | 1.147e+05  | 1.147e+05  | 1.147e+05  |   0.0 | 52.31
Bond    | 7083.6     | 7083.6     | 7083.6     |   0.0 |  3.23
Neigh   | 73891      | 73891      | 73891      |   0.0 | 33.70
Comm    | 1534.2     | 1534.2     | 1534.2     |   0.0 |  0.70
Output  | 66.375     | 66.375     | 66.375     |   0.0 |  0.03
Modify  | 21097      | 21097      | 21097      |   0.0 |  9.62
Other   |            | 890.4      |            |       |  0.41

Nlocal:          16550 ave       16550 max       16550 min
Histogram: 1 0 0 0 0 0 0 0 0 0
Nghost:           3163 ave        3163 max        3163 min
Histogram: 1 0 0 0 0 0 0 0 0 0
Neighs:         400297 ave      400297 max      400297 min
Histogram: 1 0 0 0 0 0 0 0 0 0

Total # of neighbors = 400297
Ave neighs/atom = 24.18713
Ave special neighs/atom = 1.8851964
Neighbor list builds = 1795575
Dangerous builds = 269638


write_data data*.xyz
System init for write_data ...
Generated 0 of 1 mixed pair_coeff terms from geometric mixing rule
WARNING: Not all mixed pair coeffs generated from mixing. Use write_data with 'pair ij' option to store all pair coeffs. (src/write_data.cpp:309)
write_restart 	restart.polymer_ring
System init for write_restart ...
Generated 0 of 1 mixed pair_coeff terms from geometric mixing rule

print "ALL done"
ALL done
Total wall time: 60:56:22
