
pair_style      lj/cut 4.0
pair_modify     shift yes
read_restart    prod.restart1
Reading restart file ...
  restart file = 23 Jun 2022, LAMMPS = 23 Jun 2022
  restoring atom style bond from restart
  orthogonal box = (-40 -40 -35) to (40 40 35)
  1 by 1 by 1 MPI processor grid
  restoring pair style lj/cut from restart
  restoring bond style fene from restart
  30000 atoms
  28800 bonds
Finding 1-2 1-3 1-4 neighbors ...
  special bond factors lj:    0        1        1       
  special bond factors coul:  0        1        1       
     2 = max # of 1-2 neighbors
     6 = max # of special neighbors
  special bonds CPU = 0.006 seconds
  read_restart CPU = 0.015 seconds

bond_style      fene
special_bonds   fene
bond_coeff      1 10.0 2.0 1.0 1.0

group polymerA type 1
15000 atoms in group polymerA
group polymerB type 2
15000 atoms in group polymerB
group receptorC type 3
0 atoms in group receptorC
group receptorD type 4
0 atoms in group receptorD
group polymer union polymerA polymerB
30000 atoms in group polymer
group ligand union receptorC receptorD
0 atoms in group ligand

# Polymer-Polymer
pair_coeff 1 1 0.5 1.0 2.5      # A-A
pair_coeff 2 2 0.5 1.0 2.5      # B-B
pair_coeff 1 2 0.5 1.0 2.5   # A-B

# Polymer-Receptor
pair_coeff 1 3 50.0 1.0 4.0     # A-C
pair_coeff 1 4 50.0 1.0 1.1225  # A-D
pair_coeff 2 3 50.0 1.0 1.1225  # B-C
pair_coeff 2 4 50.0 1.0 4.0     # B-D

# Receptor-Receptor
pair_coeff 3 3 1.0 1.0 1.1225
pair_coeff 4 4 1.0 1.0 1.1225
pair_coeff 3 4 1.0 1.0 1.1225

neighbor        1.0 bin

region upper_box block -40 40 -40 40 32.2 34.8
create_atoms 3 random 50 998273 upper_box   # receptor C
Created 50 atoms
  using lattice units in orthogonal box = (-40 -40 -35) to (40 40 35)
  create_atoms CPU = 0.000 seconds
create_atoms 4 random 50 123456 upper_box   # receptor D
Created 50 atoms
  using lattice units in orthogonal box = (-40 -40 -35) to (40 40 35)
  create_atoms CPU = 0.000 seconds

group receptorC type 3
50 atoms in group receptorC
group receptorD type 4
50 atoms in group receptorD
group ligand union receptorC receptorD
100 atoms in group ligand

fix wall_poly polymer wall/lj126 zlo -32 1.0 1.0 1.1225 zhi 32 1.0 1.0 1.1225

fix wall_lig ligand wall/lj126 zlo 32 1.0 1.0 1.1225 zhi 35 1.0 1.0 1.1225

#minimize 1.0e-4 1.0e-6 100 1000

fix 3 all nve/limit 0.01
run 10000
Generated 0 of 6 mixed pair_coeff terms from geometric mixing rule
Neighbor list info ...
  update every 1 steps, delay 10 steps, check yes
  max neighbors/atom: 2000, page size: 100000
  master list distance cutoff = 5
  ghost atom cutoff = 5
  binsize = 2.5, bins = 32 32 28
  1 neighbor lists, perpetual/occasional/extra = 1 0 0
  (1) pair lj/cut, perpetual
      attributes: half, newton on
      pair build: half/bin/newton
      stencil: half/bin/3d
      bin: standard
Per MPI rank memory allocation (min/avg/max) = 23.04 | 23.04 | 23.04 Mbytes
   Step          Temp          E_pair         E_mol          TotEng         Press     
     20000   0.99271394     3.5579769      8.0627278      13.109726      3.1908352    
     30000   0.23482311    -2.4181179      6.4442958      4.3784009      0.0025923154 
Loop time of 165.758 on 1 procs for 10000 steps with 30100 atoms

Performance: 26062.020 tau/day, 60.329 timesteps/s
100.0% CPU use with 1 MPI tasks x 1 OpenMP threads

MPI task timing breakdown:
Section |  min time  |  avg time  |  max time  |%varavg| %total
---------------------------------------------------------------
Pair    | 145.34     | 145.34     | 145.34     |   0.0 | 87.68
Bond    | 3.3101     | 3.3101     | 3.3101     |   0.0 |  2.00
Neigh   | 13.45      | 13.45      | 13.45      |   0.0 |  8.11
Comm    | 0.14733    | 0.14733    | 0.14733    |   0.0 |  0.09
Output  | 0.00013065 | 0.00013065 | 0.00013065 |   0.0 |  0.00
Modify  | 2.7203     | 2.7203     | 2.7203     |   0.0 |  1.64
Other   |            | 0.7873     |            |       |  0.47

Nlocal:          30100 ave       30100 max       30100 min
Histogram: 1 0 0 0 0 0 0 0 0 0
Nghost:           1100 ave        1100 max        1100 min
Histogram: 1 0 0 0 0 0 0 0 0 0
Neighs:    2.13549e+06 ave 2.13549e+06 max 2.13549e+06 min
Histogram: 1 0 0 0 0 0 0 0 0 0

Total # of neighbors = 2135490
Ave neighs/atom = 70.946512
Ave special neighs/atom = 1.9136213
Neighbor list builds = 196
Dangerous builds = 0
unfix 3

fix 3 all nve
fix 4 all langevin 1 1 1.0 90428

thermo_style    custom step temp pe ke ebond
thermo_modify   flush yes
thermo          10000
timestep        0.005

dump 1 all custom 50000 file_trajectory.bin id type x y z xu yu zu vx vy vz

restart 100000 prod.restart2 prod.restart3
run 20000000
Generated 0 of 6 mixed pair_coeff terms from geometric mixing rule
Per MPI rank memory allocation (min/avg/max) = 23.2 | 23.2 | 23.2 Mbytes
   Step          Temp          PotEng         KinEng         E_bond    
     30000   0.23482311     4.0261779      0.35222297     6.4442958    
     40000   1.0001381      5.846149       1.5001573      6.9087991    
     50000   0.9958122      5.8843949      1.4936687      6.8992666    
     60000   0.99581477     5.8898373      1.4936725      6.9001929    
     70000   0.99340984     5.9224453      1.4900653      6.9021155    
     80000   1.0024929      5.9092151      1.5036894      6.8953665    
     90000   0.99599542     5.9302363      1.4939435      6.9068987    
    100000   1.0082252      5.9180668      1.5122875      6.8998081    
    110000   0.99704172     5.9286583      1.4955129      6.9068973    
    120000   0.99350032     5.9126979      1.490201       6.8958458    
    130000   0.99550069     5.9284663      1.4932014      6.9040379    
    140000   0.99850883     5.9296014      1.4977135      6.9034201    
    150000   1.0021371      5.9163482      1.5031557      6.899748     
    160000   1.0005267      5.9183863      1.5007401      6.8979209    
    170000   1.0024133      5.9161936      1.5035701      6.8997679    
    180000   0.99733824     5.9225075      1.4959577      6.8953419    
    190000   0.99755945     5.9286334      1.4962895      6.8949808    
    200000   0.99748198     5.9339734      1.4961733      6.9042732    
    210000   0.99621976     5.9378405      1.49428        6.9015008    
    220000   1.0069243      5.9392451      1.5103363      6.8991898    
    230000   1.0022499      5.9347474      1.5033249      6.9001728    
    240000   0.9960035      5.9377018      1.4939556      6.904616     
    250000   0.98992086     5.9337317      1.484832       6.9015679    
    260000   1.0066147      5.9354456      1.5098719      6.8967215    
    270000   0.99674722     5.9474959      1.4950712      6.9056342    
    280000   1.0020563      5.9502857      1.5030344      6.9093023    
    290000   0.99768524     5.9501047      1.4964781      6.907557     
    300000   0.99664246     5.9513647      1.494914       6.908123     
    310000   1.0071196      5.9279605      1.5106292      6.8960421    
    320000   0.99543553     5.9304205      1.4931037      6.8984204    
    330000   0.99815814     5.9302621      1.4971875      6.8973241    
    340000   1.0064463      5.9330445      1.5096193      6.9006967    
    350000   1.001553       5.9429567      1.5022795      6.9052453    
    360000   0.99336899     5.9337235      1.490004       6.9012762    
    370000   0.99528644     5.9430356      1.4928801      6.8968565    
    380000   1.0007424      5.9462916      1.5010637      6.9088567    
    390000   0.98974039     5.9458133      1.4845613      6.9018654    
    400000   1.0004511      5.9278368      1.5006267      6.8985127    
    410000   0.99940845     5.9462445      1.4990629      6.9006975    
    420000   1.0068833      5.9365782      1.5102748      6.9031015    
    430000   1.0021541      5.9457705      1.5031811      6.9076218    
    440000   0.99423672     5.941411       1.4913055      6.8976422    
    450000   1.0045172      5.9652507      1.5067257      6.9139638    
    460000   1.0081886      5.9439857      1.5122327      6.8988604    
    470000   0.99692773     5.9458038      1.4953419      6.903767     
    480000   0.99570169     5.9392423      1.4935029      6.901469     
    490000   1.0026829      5.9368699      1.5039743      6.9041266    
    500000   1.0010066      5.9456251      1.50146        6.9040965    
    510000   1.0060735      5.9371777      1.5090601      6.9009425    
    520000   1.004283       5.9478129      1.5063745      6.9091661    
    530000   0.99356763     5.9398827      1.4903019      6.9025712    
    540000   1.0002922      5.9312561      1.5003884      6.8947821    
    550000   0.99787011     5.9374857      1.4967554      6.9047759    
    560000   1.002632       5.9323925      1.503898       6.8977443    
    570000   1.0020495      5.9337207      1.5030243      6.9001322    
    580000   1.0021269      5.9464519      1.5031405      6.9033703    
    590000   1.0003936      5.9535295      1.5005406      6.906406     
    600000   1.0103274      5.9496325      1.5154408      6.9027761    
    610000   1.0008918      5.948413       1.5012878      6.9029477    
    620000   1.0054341      5.9421373      1.508101       6.9016983    
    630000   0.99898956     5.9468068      1.4984346      6.9066787    
    640000   1.0053575      5.9448848      1.5079862      6.9007376    
    650000   1.0002151      5.9399724      1.5002728      6.8986461    
    660000   1.003606       5.949398       1.505359       6.9063077    
    670000   0.99767289     5.9370168      1.4964596      6.9002136    
    680000   0.99598222     5.9448975      1.4939237      6.8996377    
    690000   0.98776662     5.9381143      1.4816007      6.9044575    
    700000   0.98935664     5.9504514      1.4839857      6.9040537    
    710000   0.99619637     5.9246167      1.4942449      6.89607      
    720000   1.0066904      5.9394128      1.5099854      6.8996497    
    730000   0.9930707      5.9462277      1.4895566      6.9051335    
    740000   0.99382257     5.9500013      1.4906843      6.9014177    
    750000   0.99161458     5.9364102      1.4873725      6.9010743    
    760000   1.0024182      5.9415094      1.5035774      6.9115256    
    770000   1.0029519      5.941583       1.5043779      6.9067514    
    780000   0.99846147     5.9236472      1.4976424      6.8984636    
    790000   1.0048459      5.927649       1.5072188      6.8957345    
    800000   1.001317       5.9262328      1.5019257      6.8952498    
    810000   0.99313119     5.9405546      1.4896473      6.9007017    
    820000   0.99975609     5.9365781      1.4995843      6.8971323    
    830000   1.0006061      5.9311458      1.5008592      6.8980322    
    840000   1.0039089      5.9365867      1.5058134      6.8977839    
    850000   0.99885424     5.9456991      1.4982316      6.9027076    
    860000   1.000587       5.9403394      1.5008307      6.903789     
    870000   1.0020507      5.936287       1.5030261      6.8896137    
    880000   1.0042922      5.952891       1.5063882      6.9104603    
    890000   1.0069587      5.9463658      1.5103878      6.8979129    
    900000   0.99063827     5.9366951      1.485908       6.9045709    
    910000   0.99993557     5.942708       1.4998535      6.8994901    
    920000   1.0026771      5.9626752      1.5039657      6.9068003    
    930000   1.0015008      5.9590555      1.5022013      6.9042895    
    940000   0.99515116     5.9617381      1.4926772      6.9078043    
    950000   1.0021275      5.9579631      1.5031414      6.9009214    
    960000   0.99577816     5.9621299      1.4936176      6.9037794    
    970000   0.99081618     5.95707        1.4861749      6.9036813    
    980000   0.99516816     5.9509613      1.4927026      6.9055313    
    990000   1.0023124      5.9579953      1.5034186      6.90488      
   1000000   0.99690191     5.9615931      1.4953032      6.8984543    
   1010000   1.0035278      5.9582117      1.5052417      6.907854     
   1020000   0.99665676     5.9539526      1.4949355      6.8999784    
   1030000   0.99990595     5.9552074      1.4998091      6.9060167    
   1040000   0.99611526     5.9519447      1.4941233      6.9039105    
   1050000   1.0029376      5.9483378      1.5043565      6.8994694    
   1060000   1.0101397      5.966545       1.5151592      6.908205     
   1070000   0.99590407     5.9665181      1.4938065      6.9120268    
   1080000   1.0053982      5.9460737      1.5080473      6.8982957    
   1090000   0.99959619     5.9538156      1.4993445      6.9012729    
   1100000   1.0005536      5.9625179      1.5007806      6.9100222    
   1110000   1.0001234      5.970309       1.5001353      6.9144898    
   1120000   0.99736801     5.9533897      1.4960023      6.9053623    
   1130000   1.0007336      5.9471241      1.5010506      6.9028816    
   1140000   0.99484438     5.9554713      1.492217       6.9010115    
   1150000   1.0045146      5.976273       1.5067219      6.9161191    
   1160000   1.0034273      5.9562429      1.5050909      6.9062922    
   1170000   1.008499       5.9457472      1.5126982      6.9000548    
   1180000   1.00261        5.9457581      1.503865       6.9070546    
   1190000   0.99878693     5.9427771      1.4981306      6.8961969    
   1200000   1.0045274      5.9455722      1.506741       6.9018347    
   1210000   0.99670837     5.9510237      1.4950129      6.907587     
   1220000   0.99776695     5.9481088      1.4966007      6.9019009    
   1230000   0.9960315      5.9663163      1.4939976      6.9084376    
   1240000   0.99994746     5.9673215      1.4998714      6.9101165    
   1250000   1.0063236      5.9516848      1.5094352      6.8998339    
   1260000   1.0072647      5.9446717      1.5108468      6.8955862    
   1270000   0.99827761     5.9520945      1.4973667      6.902844     
   1280000   1.0131732      5.9618252      1.5197093      6.9051461    
   1290000   0.99800326     5.9626761      1.4969551      6.9043696    
   1300000   1.0017368      5.9619662      1.5025552      6.9066736    
   1310000   0.99152937     5.9707111      1.4872446      6.9118699    
   1320000   0.99916135     5.9371986      1.4986922      6.8852393    
   1330000   1.0021805      5.9580097      1.5032208      6.9004382    
   1340000   0.99856696     5.937094       1.4978007      6.8923424    
   1350000   1.0017409      5.9428236      1.5025614      6.9019569    
   1360000   0.99809165     5.9576068      1.4970877      6.9062776    
   1370000   1.0013304      5.9448389      1.5019457      6.9008007    
   1380000   0.9988394      5.9452229      1.4982093      6.8995065    
   1390000   1.0052607      5.9469947      1.507841       6.9021552    
   1400000   0.99064798     5.9380985      1.4859226      6.9051677    
   1410000   0.99920259     5.9382147      1.4987541      6.9012016    
   1420000   1.0041575      5.9408508      1.5061863      6.8995601    
   1430000   1.0068796      5.92348        1.5102693      6.8951672    
   1440000   1.002222       5.9327862      1.503283       6.8912291    
   1450000   1.0034889      5.9488497      1.5051833      6.9042679    
   1460000   0.9981908      5.949107       1.4972365      6.8994095    
   1470000   0.99914957     5.953583       1.4986746      6.9140006    
   1480000   1.0009002      5.9497584      1.5013004      6.8968119    
   1490000   0.99685742     5.9583735      1.4952364      6.9092722    
   1500000   0.98866108     5.9528109      1.4829424      6.9129178    
   1510000   0.99370544     5.9492389      1.4905086      6.9024367    
   1520000   0.99464301     5.9422769      1.4919149      6.9016914    
   1530000   1.0008138      5.9586916      1.5011708      6.9100308    
   1540000   0.99133482     5.9579675      1.4869528      6.9039988    
   1550000   1.0058808      5.942416       1.5087711      6.9071619    
   1560000   0.99727603     5.9468628      1.4958643      6.8954351    
   1570000   1.0027818      5.9658815      1.5041227      6.9032011    
   1580000   1.0012116      5.9442855      1.5017675      6.9076883    
   1590000   0.99779667     5.9679379      1.4966453      6.9117175    
   1600000   0.99689015     5.9621907      1.4952855      6.9014001    
   1610000   0.9971262      5.9671406      1.4956396      6.9060969    
   1620000   1.0036447      5.9542776      1.5054171      6.9021883    
   1630000   0.997754       5.9550631      1.4965813      6.8971082    
   1640000   0.99777075     5.9422265      1.4966064      6.9032587    
   1650000   1.0012748      5.9560406      1.5018624      6.9081576    
   1660000   0.99982411     5.9631074      1.4996863      6.9054714    
   1670000   0.99740485     5.9422351      1.4960576      6.9012127    
   1680000   1.0135105      5.9401021      1.5202153      6.895544     
   1690000   1.0007102      5.9526323      1.5010154      6.9007084    
   1700000   0.99505053     5.9446016      1.4925262      6.9019406    
   1710000   1.0026245      5.9507045      1.5038868      6.9031075    
   1720000   0.99526512     5.9429309      1.4928481      6.8995979    
   1730000   1.0010283      5.962337       1.5014926      6.9082715    
   1740000   0.9988677      5.9622991      1.4982518      6.9052097    
   1750000   1.0044795      5.9647167      1.5066692      6.9054179    
   1760000   1.0027328      5.9761107      1.5040492      6.9126905    
   1770000   1.0010927      5.9619548      1.5015892      6.9001036    
   1780000   0.99787661     5.9576811      1.4967652      6.9022957    
   1790000   1.0036682      5.951905       1.5054524      6.8923285    
   1800000   0.99084138     5.956025       1.4862127      6.9070326    
   1810000   1.0035169      5.9593335      1.5052254      6.9062748    
   1820000   1.0061078      5.9633419      1.5091115      6.9144906    
   1830000   1.0020052      5.9594372      1.5029578      6.8992679    
   1840000   1.0038861      5.9417443      1.5057791      6.894447     
   1850000   0.99596189     5.9463931      1.4938932      6.9037918    
   1860000   1.003964       5.9524146      1.505896       6.8992903    
   1870000   0.99040475     5.9583788      1.4855578      6.9069778    
   1880000   1.0010208      5.9536591      1.5014813      6.8982845    
   1890000   0.99339208     5.9693884      1.4900386      6.9144525    
   1900000   1.0001778      5.9490109      1.5002169      6.8913619    
   1910000   0.99744625     5.9866306      1.4961197      6.9115328    
   1920000   0.99750616     5.9694608      1.4962095      6.9079867    
   1930000   0.99904104     5.9667826      1.4985118      6.9055014    
   1940000   0.99818577     5.9535721      1.4972289      6.9003277    
   1950000   1.0005748      5.9517928      1.5008123      6.9036016    
   1960000   1.0019537      5.9574845      1.5028806      6.9019581    
   1970000   1.0059789      5.9439592      1.5089183      6.8975348    
   1980000   1.0043239      5.9442633      1.5064358      6.8983211    
   1990000   1.0002682      5.9573369      1.5003525      6.906005     
   2000000   1.0014202      5.9476181      1.5020803      6.9008496    
   2010000   0.99208927     5.9612332      1.4880845      6.9105626    
   2020000   1.0017867      5.950478       1.5026301      6.8979338    
   2030000   0.99872299     5.9634752      1.4980347      6.9146921    
   2040000   0.99661296     5.934034       1.4948698      6.8940115    
   2050000   0.9909895      5.9443328      1.4864349      6.8980614    
   2060000   0.99200384     5.9596713      1.4879563      6.9011339    
   2070000   1.0004862      5.9556891      1.5006794      6.9058092    
   2080000   1.0007601      5.9490723      1.5010903      6.8989247    
   2090000   0.99983078     5.9598105      1.4996963      6.9059396    
   2100000   1.0003704      5.9483187      1.5005057      6.8990517    
   2110000   1.0021884      5.9527837      1.5032326      6.906139     
   2120000   0.99383309     5.9351634      1.4907001      6.9079241    
   2130000   1.0036886      5.9427057      1.5054829      6.9010245    
   2140000   1.0055119      5.9468352      1.5082177      6.9061365    
   2150000   1.001572       5.9377834      1.502308       6.9010224    
   2160000   0.99605213     5.9332444      1.4940286      6.900644     
   2170000   0.99896535     5.9450623      1.4983982      6.9034733    
   2180000   0.99791956     5.9505768      1.4968296      6.9034119    
   2190000   0.9964718      5.9427489      1.494658       6.8985743    
   2200000   0.99869227     5.9559751      1.4979886      6.8993904    
   2210000   0.99476694     5.9552807      1.4921008      6.9014572    
   2220000   0.99651661     5.9406034      1.4947252      6.902018     
   2230000   1.0027945      5.9462469      1.5041418      6.9011551    
   2240000   0.99542689     5.9515465      1.4930907      6.9037606    
   2250000   1.0052109      5.949313       1.5077662      6.9073324    
   2260000   1.0023914      5.9516474      1.5035372      6.9104032    
   2270000   0.99598227     5.9537175      1.4939238      6.8995347    
   2280000   0.99893972     5.9540745      1.4983598      6.9050664    
   2290000   1.0089321      5.9462521      1.5133479      6.8972128    
   2300000   1.0079413      5.9577015      1.5118618      6.9046301    
   2310000   0.994628       5.9485654      1.4918924      6.898822     
   2320000   0.99660492     5.9544164      1.4948577      6.906004     
   2330000   0.99333511     5.9425186      1.4899532      6.9032185    
   2340000   1.0074175      5.9527022      1.5110761      6.9031706    
   2350000   1.000386       5.9529421      1.5005292      6.9041441    
   2360000   1.0076391      5.9664574      1.5114085      6.9111775    
   2370000   0.99686999     5.9364666      1.4952553      6.8996379    
   2380000   0.99870829     5.9598299      1.4980127      6.9097751    
   2390000   0.9987191      5.9623542      1.4980289      6.9002453    
   2400000   0.99711917     5.9562775      1.4956291      6.9009476    
   2410000   0.99387864     5.9618385      1.4907684      6.9078835    
   2420000   1.000375       5.9523371      1.5005126      6.8957173    
   2430000   0.99424164     5.9494846      1.4913129      6.9022304    
   2440000   1.0004069      5.9544128      1.5005605      6.9063041    
   2450000   1.0017734      5.9451805      1.5026102      6.8996968    
   2460000   1.0052498      5.9553016      1.5078246      6.9030207    
   2470000   1.0034908      5.9562763      1.5051862      6.9070961    
   2480000   1.004516       5.9444017      1.506724       6.8971074    
   2490000   0.99939994     5.9570202      1.4990501      6.8995451    
   2500000   0.99911468     5.9655145      1.4986222      6.9054944    
   2510000   0.99691733     5.9485242      1.4953263      6.8976126    
   2520000   0.99786825     5.946884       1.4967527      6.8998547    
   2530000   1.0007931      5.9503254      1.5011398      6.9012604    
   2540000   1.0059358      5.967928       1.5088536      6.9103541    
   2550000   1.0058741      5.956148       1.5087611      6.9017432    
   2560000   0.99911929     5.954183       1.4986291      6.9014069    
   2570000   1.001146       5.9669974      1.5016691      6.9024259    
   2580000   0.99585131     5.9483891      1.4937273      6.9082006    
   2590000   0.99417228     5.9552412      1.4912089      6.9112275    
   2600000   0.99877076     5.9523896      1.4981064      6.9090762    
   2610000   1.0096608      5.9386618      1.5144409      6.894601     
   2620000   0.99257154     5.9456691      1.4888078      6.8999128    
   2630000   0.99830595     5.9382593      1.4974092      6.8959112    
   2640000   0.99802844     5.9489313      1.4969929      6.9066323    
   2650000   1.0061751      5.9507334      1.5092125      6.9066091    
   2660000   1.0002949      5.9427448      1.5003925      6.9091374    
   2670000   0.998059       5.9525059      1.4970388      6.91084      
   2680000   0.99975211     5.9446854      1.4995783      6.8966393    
   2690000   1.0064677      5.9382597      1.5096513      6.9062603    
   2700000   1.0052452      5.9539487      1.5078176      6.9055298    
   2710000   1.0008917      5.9632825      1.5012876      6.9016601    
   2720000   0.99075555     5.9582955      1.4860839      6.9009267    
   2730000   0.99743636     5.9476514      1.4961048      6.9038063    
   2740000   1.00697        5.956528       1.5104048      6.9075674    
   2750000   1.0009117      5.9523181      1.5013176      6.906586     
   2760000   1.0059306      5.9457176      1.5088458      6.8968534    
   2770000   0.99854682     5.9528778      1.4977705      6.9016521    
   2780000   1.01111        5.9517416      1.5166146      6.9023953    
   2790000   1.0002448      5.9340314      1.5003174      6.8916885    
   2800000   1.0060521      5.9520244      1.509028       6.897111     
   2810000   0.9942948      5.9574221      1.4913927      6.9029108    
   2820000   0.99471117     5.9498106      1.4920172      6.9001598    
   2830000   1.0010886      5.9640789      1.5015831      6.908817     
   2840000   0.99882429     5.9581645      1.4981867      6.9028195    
   2850000   0.9974111      5.9565921      1.4960669      6.9048484    
   2860000   0.99640057     5.9639516      1.4945512      6.9033177    
   2870000   0.99733927     5.972702       1.4959592      6.9033912    
   2880000   1.0073514      5.9477056      1.5109769      6.8952992    
   2890000   0.99879347     5.9520533      1.4981404      6.9003907    
   2900000   1.002423       5.9688159      1.5035846      6.9095389    
   2910000   0.99933655     5.9655379      1.498955       6.9027309    
   2920000   1.0029588      5.9622605      1.5043882      6.9045324    
   2930000   0.98869591     5.9485577      1.4829946      6.8926483    
   2940000   1.0064468      5.9650245      1.50962        6.9064872    
   2950000   1.005058       5.9563944      1.5075369      6.9007779    
   2960000   0.99816319     5.9545656      1.497195       6.9056223    
   2970000   1.0014893      5.9562908      1.502184       6.9045334    
   2980000   0.99953801     5.970187       1.4992572      6.9047663    
   2990000   1.0035936      5.9485535      1.5053403      6.8994047    
   3000000   0.99812019     5.9525261      1.4971305      6.9097962    
   3010000   0.99682885     5.955214       1.4951936      6.9117472    
   3020000   1.0093155      5.9542663      1.513923       6.909698     
   3030000   1.0040933      5.9304264      1.5060899      6.8945559    
   3040000   0.99333107     5.9452499      1.4899471      6.9096909    
   3050000   0.99176316     5.9639046      1.4875953      6.9049011    
   3060000   1.0021875      5.9557621      1.5032314      6.9013833    
   3070000   1.0023025      5.9432112      1.5034038      6.8971057    
   3080000   0.99665123     5.9513901      1.4949272      6.9013582    
   3090000   0.99892866     5.9543336      1.4983432      6.8979813    
   3100000   1.0033104      5.9637593      1.5049155      6.9106362    
   3110000   0.99585091     5.9346959      1.4937267      6.8985342    
   3120000   0.9944852      5.9587541      1.4916782      6.9042598    
   3130000   0.99804089     5.9790685      1.4970116      6.9115908    
   3140000   1.0029422      5.968039       1.5043633      6.9027089    
   3150000   0.99585745     5.9499179      1.4937365      6.9027163    
   3160000   1.0080627      5.9673836      1.5120439      6.912664     
   3170000   0.99629792     5.9654456      1.4943972      6.9136447    
   3180000   0.99913521     5.9495066      1.498653       6.9043149    
   3190000   0.9957502      5.9622618      1.4935757      6.9143355    
   3200000   1.0037262      5.9523441      1.5055393      6.9012592    
   3210000   0.9934376      5.9613313      1.4901069      6.9061748    
   3220000   1.004677       5.9590629      1.5069654      6.9062886    
   3230000   0.99741912     5.9290162      1.496079       6.8921999    
   3240000   1.0059377      5.9444919      1.5088564      6.9035312    
   3250000   1.003105       5.9651258      1.5046075      6.9087455    
   3260000   0.99606906     5.9536344      1.494054       6.9003528    
   3270000   0.99909221     5.9596672      1.4985885      6.8934158    
   3280000   1.0033786      5.959762       1.5050179      6.9023661    
   3290000   1.0050227      5.9558308      1.507484       6.9040694    
   3300000   1.0037186      5.9531326      1.5055278      6.9011058    
   3310000   1.005409       5.9659077      1.5080634      6.9092957    
   3320000   0.99635679     5.960859       1.4944855      6.908385     
   3330000   0.99227975     5.9581752      1.4883702      6.899442     
   3340000   1.0069692      5.9588353      1.5104036      6.8992904    
   3350000   0.99605201     5.9546604      1.4940284      6.8985029    
   3360000   1.0021063      5.9569048      1.5031095      6.8985505    
   3370000   0.99835219     5.9647814      1.4974785      6.9030831    
   3380000   1.0002052      5.9507616      1.5002579      6.9035695    
   3390000   1.0023178      5.9453555      1.5034268      6.89697      
   3400000   0.99316602     5.9612398      1.4896995      6.9006938    
   3410000   1.0032559      5.9509639      1.5048338      6.8976183    
   3420000   1.0061109      5.9647601      1.5091162      6.9068528    
   3430000   0.99989903     5.9527098      1.4997987      6.9030478    
   3440000   0.99515991     5.9647099      1.4926903      6.9086624    
   3450000   1.0124767      5.9579677      1.5186645      6.8978975    
   3460000   1.0013831      5.9724111      1.5020247      6.9106887    
   3470000   1.0015591      5.9556891      1.5022887      6.9024419    
   3480000   0.99567746     5.9478298      1.4934666      6.9041168    
   3490000   1.0078034      5.9471024      1.5116548      6.9028632    
   3500000   1.0026465      5.9639396      1.5039198      6.9067221    
   3510000   1.0134092      5.9512424      1.5200633      6.8971757    
   3520000   1.001281       5.9738664      1.5018717      6.908441     
   3530000   0.99747263     5.9758142      1.4961592      6.9108197    
   3540000   1.0064446      5.9549382      1.5096167      6.9003645    
   3550000   1.0003618      5.9622987      1.5004928      6.9068601    
   3560000   1.004354       5.9790446      1.506481       6.9080946    
   3570000   0.99212664     5.9658227      1.4881405      6.9099717    
   3580000   0.99680601     5.9550972      1.4951593      6.8971014    
   3590000   0.99578106     5.9554816      1.493622       6.8921703    
   3600000   0.99448284     5.9582699      1.4916747      6.9052678    
   3610000   0.99703393     5.9529603      1.4955012      6.8989613    
   3620000   1.0081666      5.9636513      1.5121997      6.9123258    
   3630000   0.98905637     5.9699747      1.4835353      6.9121978    
   3640000   0.99168918     5.935197       1.4874843      6.897248     
   3650000   1.0013675      5.9475995      1.5020014      6.9025652    
   3660000   0.99945983     5.9579463      1.4991399      6.9084606    
   3670000   1.0002863      5.9577946      1.5003795      6.9045458    
   3680000   0.99938503     5.9610082      1.4990277      6.9026336    
   3690000   1.0044932      5.9574817      1.5066897      6.8957372    
   3700000   0.99794196     5.9449267      1.4968632      6.8999063    
   3710000   1.0026502      5.9444584      1.5039254      6.8970441    
   3720000   0.99777754     5.9579214      1.4966166      6.9111263    
   3730000   0.99910755     5.9448838      1.4986115      6.9029462    
   3740000   0.99685942     5.9687107      1.4952395      6.9115171    
   3750000   0.99605697     5.938887       1.4940358      6.8952189    
   3760000   0.99250671     5.9517779      1.4887106      6.9062206    
   3770000   1.0007213      5.9568093      1.501032       6.9027993    
   3780000   0.99499675     5.9523109      1.4924455      6.9018122    
   3790000   1.0033873      5.9639243      1.5050309      6.8974569    
   3800000   0.9971124      5.9612452      1.4956189      6.9004899    
   3810000   1.0087565      5.950841       1.5130845      6.9043246    
   3820000   1.001945       5.9539502      1.5028676      6.9064039    
   3830000   1.0064273      5.9437103      1.5095907      6.9000038    
   3840000   0.99420002     5.9529824      1.4912505      6.9017045    
   3850000   1.0027958      5.9512139      1.5041438      6.9005391    
   3860000   1.0048703      5.9525166      1.5072554      6.8988725    
   3870000   0.99718513     5.9536578      1.495728       6.9001691    
   3880000   0.99709167     5.953506       1.4955878      6.9060031    
   3890000   1.0014651      5.9486819      1.5021478      6.900999     
   3900000   1.0056635      5.9677652      1.5084451      6.9177038    
   3910000   0.99173662     5.9499485      1.4875555      6.8929981    
   3920000   1.0114123      5.949232       1.5170681      6.9034834    
   3930000   0.99926769     5.9486492      1.4988517      6.9040845    
   3940000   0.9907491      5.9507014      1.4860743      6.9041674    
   3950000   1.0050757      5.9490277      1.5075635      6.9044184    
   3960000   1.0043592      5.9550738      1.5064887      6.9068678    
   3970000   0.99837343     5.9589942      1.4975104      6.9003498    
   3980000   1.0082788      5.9632065      1.5123679      6.9013905    
   3990000   0.99858819     5.9416206      1.4978325      6.893604     
   4000000   1.0061526      5.9427483      1.5091788      6.8977657    
   4010000   0.99419461     5.9492188      1.4912424      6.8989457    
   4020000   0.99634573     5.9516644      1.4944689      6.8976999    
   4030000   1.0013661      5.9627894      1.5019992      6.9052866    
   4040000   1.0080606      5.9699548      1.5120407      6.9007901    
   4050000   0.99224276     5.9709263      1.4883147      6.9031715    
   4060000   0.99204447     5.9654391      1.4880173      6.9038086    
   4070000   1.0029318      5.9555669      1.5043477      6.9024152    
   4080000   0.99713961     5.9620984      1.4956597      6.9045434    
   4090000   1.000149       5.9529135      1.5001736      6.9049469    
   4100000   0.99751055     5.961025       1.4962161      6.9108952    
   4110000   0.99422153     5.954572       1.4912828      6.9058723    
   4120000   1.0021624      5.9426483      1.5031937      6.9014622    
   4130000   0.99902863     5.9502295      1.4984932      6.8933842    
   4140000   1.0037297      5.9564559      1.5055446      6.9035676    
   4150000   1.0055967      5.9584604      1.508345       6.9041643    
   4160000   0.99554525     5.9486308      1.4932683      6.9015914    
   4170000   0.98966556     5.9648934      1.484449       6.9041466    
   4180000   0.99973947     5.9690123      1.4995594      6.9037076    
   4190000   0.99623087     5.9742544      1.4942967      6.9096973    
   4200000   1.0004011      5.9718734      1.5005517      6.9100069    
   4210000   0.99287255     5.9636882      1.4892593      6.8994301    
   4220000   0.99609638     5.9518434      1.4940949      6.8982514    
   4230000   1.0033165      5.9713581      1.5049248      6.9074381    
   4240000   1.0055866      5.9606503      1.5083298      6.9057885    
   4250000   1.0030474      5.950264       1.5045211      6.8969604    
   4260000   1.0047087      5.9505669      1.507013       6.9051444    
   4270000   1.0033387      5.9533029      1.5049581      6.9064226    
   4280000   0.995918       5.9546832      1.4938274      6.9059144    
   4290000   0.99627681     5.9536903      1.4943656      6.9072622    
   4300000   0.98691805     5.9605203      1.4803279      6.9058998    
   4310000   0.99930664     5.956596       1.4989102      6.9010484    
   4320000   0.99599276     5.9652721      1.4939395      6.9091337    
   4330000   0.99442806     5.9514084      1.4915925      6.9000277    
   4340000   0.99724522     5.9448995      1.4958181      6.8967203    
   4350000   0.99912592     5.9539704      1.4986391      6.9035137    
   4360000   0.99566948     5.9655896      1.4934546      6.9021983    
   4370000   0.99716718     5.9557789      1.4957011      6.8966015    
   4380000   1.0010918      5.9420093      1.5015879      6.8923322    
   4390000   0.99822523     5.9548608      1.4972881      6.8984639    
   4400000   0.99964397     5.9551738      1.4994161      6.901421     
   4410000   1.0031408      5.9615252      1.5046612      6.9094507    
   4420000   1.0014941      5.9621287      1.5021912      6.9010597    
   4430000   1.0059571      5.9565803      1.5088855      6.9020378    
   4440000   0.99802534     5.9624559      1.4969883      6.9007776    
   4450000   1.0019307      5.9624972      1.5028461      6.9069358    
   4460000   0.99700592     5.9452749      1.4954592      6.8983897    
   4470000   1.0093136      5.9454313      1.5139202      6.9030774    
   4480000   1.0076509      5.9568048      1.5114262      6.9007006    
   4490000   0.99717889     5.9634507      1.4957186      6.9079103    
   4500000   1.0015454      5.9604907      1.5022682      6.903038     
   4510000   1.0025519      5.9551924      1.503778       6.9054853    
   4520000   1.0006161      5.9502811      1.5008742      6.906171     
   4530000   0.98944359     5.949501       1.4841161      6.9023041    
   4540000   1.0034656      5.9427394      1.5051484      6.8941061    
   4550000   0.99424539     5.962652       1.4913185      6.9079255    
   4560000   1.001252       5.9683816      1.5018281      6.90339      
   4570000   0.99658109     5.9799867      1.494822       6.9113535    
   4580000   0.99517715     5.9699714      1.4927161      6.9048885    
   4590000   0.99362282     5.9696469      1.4903847      6.9051142    
   4600000   0.99290713     5.983619       1.4893112      6.9041471    
   4610000   0.99307989     5.9642461      1.4895703      6.9039428    
   4620000   0.99398391     5.9633085      1.4909263      6.9061209    
   4630000   1.00168        5.9611224      1.50247        6.9018367    
   4640000   0.99992204     5.9670442      1.4998332      6.9053573    
   4650000   0.99265746     5.9534256      1.4889367      6.9011487    
   4660000   0.99620593     5.9668345      1.4942593      6.9074405    
   4670000   1.004308       5.9591582      1.5064119      6.8988981    
   4680000   1.0006218      5.9528983      1.5008828      6.9032405    
   4690000   0.99562154     5.9585325      1.4933827      6.9065005    
   4700000   1.0040361      5.9621075      1.5060041      6.9079752    
   4710000   1.0065447      5.948424       1.5097669      6.894892     
   4720000   0.99696645     5.9530794      1.4954         6.9007379    
   4730000   0.99935943     5.9604074      1.4989893      6.9017522    
   4740000   1.0028171      5.9527567      1.5041757      6.8983633    
   4750000   0.99959348     5.9523747      1.4993404      6.9046029    
   4760000   0.9874323      5.9578377      1.4810992      6.9067737    
   4770000   1.0020402      5.9723218      1.5030104      6.9188708    
   4780000   0.99374444     5.9663857      1.4905671      6.9081414    
   4790000   1.0011597      5.9475792      1.5016896      6.9028945    
   4800000   1.0085569      5.9561243      1.5127851      6.9006794    
   4810000   0.99838954     5.9536099      1.4975346      6.902296     
   4820000   1.003362       5.9425196      1.504993       6.9028547    
   4830000   0.99810933     5.94763        1.4971143      6.9071916    
   4840000   1.0029873      5.9560428      1.504431       6.9049521    
   4850000   0.99469202     5.9574607      1.4919885      6.9035156    
   4860000   1.0001842      5.9660751      1.5002265      6.9081929    
   4870000   1.0014305      5.9538701      1.5020959      6.8988929    
   4880000   1.0041903      5.9603379      1.5062354      6.9046626    
   4890000   0.99997833     5.9490648      1.4999177      6.9001794    
   4900000   1.0080236      5.9623457      1.5119852      6.9084472    
   4910000   1.001853       5.95668        1.5027296      6.8994291    
   4920000   1.000563       5.9750656      1.5007947      6.9077268    
   4930000   0.99829431     5.9544158      1.4973917      6.9001465    
   4940000   1.0015837      5.9539001      1.5023256      6.8935295    
   4950000   0.99753876     5.9705306      1.4962584      6.908484     
   4960000   1.0046316      5.9554722      1.5068973      6.8927345    
   4970000   1.0005971      5.9752625      1.5008457      6.9081532    
   4980000   0.9972208      5.9644123      1.4957815      6.9068308    
   4990000   1.0028929      5.9740416      1.5042894      6.9045538    
   5000000   0.99879648     5.9701687      1.4981449      6.9063515    
   5010000   1.0033889      5.9706532      1.5050334      6.9063332    
   5020000   1.0074145      5.9615048      1.5110715      6.9049477    
   5030000   1.0006428      5.9596598      1.5009143      6.9032991    
   5040000   0.99158971     5.9581511      1.4873351      6.8954101    
   5050000   1.0059112      5.9626725      1.5088167      6.9065144    
   5060000   1.0101697      5.9570471      1.5152041      6.8977134    
   5070000   1.0053621      5.9631092      1.5079931      6.9010535    
   5080000   0.99753792     5.9589912      1.4962572      6.8998279    
   5090000   0.99881351     5.9606535      1.4981705      6.9031444    
   5100000   1.0023454      5.9721082      1.5034682      6.9085647    
   5110000   1.0014875      5.9652712      1.5021814      6.9004568    
   5120000   1.0096724      5.9770582      1.5144582      6.9083767    
   5130000   1.0064271      5.9730119      1.5095905      6.9014063    
   5140000   0.99386458     5.9650772      1.4907473      6.905095     
   5150000   1.0048188      5.9667792      1.5071782      6.9063674    
   5160000   0.99460812     5.96166        1.4918626      6.9099837    
   5170000   0.99496695     5.9538608      1.4924008      6.9053002    
   5180000   0.99867681     5.9648652      1.4979654      6.911316     
   5190000   0.99187425     5.9476026      1.487762       6.8981999    
   5200000   1.0042122      5.9499184      1.5062683      6.8965423    
   5210000   1.0036139      5.9533856      1.5053708      6.8982077    
   5220000   0.99027781     5.9696834      1.4853674      6.9044816    
   5230000   1.0051848      5.9769165      1.5077272      6.9060327    
   5240000   0.99874779     5.9592935      1.4980719      6.8981197    
   5250000   1.0120342      5.968045       1.5180009      6.8997159    
   5260000   0.99444854     5.9641921      1.4916233      6.9023332    
   5270000   0.9979125      5.9530228      1.496819       6.8985837    
   5280000   0.99994481     5.9731171      1.4998674      6.9074093    
   5290000   0.99936117     5.9619612      1.498992       6.9093118    
   5300000   1.0046725      5.9589949      1.5069588      6.9024868    
   5310000   1.0048255      5.9599958      1.5071882      6.9062831    
   5320000   1.0015558      5.9709051      1.5022838      6.9077553    
   5330000   0.99690289     5.9570104      1.4953047      6.8986483    
   5340000   1.0081352      5.9690056      1.5121525      6.9000283    
   5350000   1.0028309      5.9639897      1.5041964      6.9037074    
   5360000   1.0025524      5.9607168      1.5037787      6.9050798    
   5370000   1.0023185      5.958892       1.5034278      6.9040134    
   5380000   0.99979955     5.9487606      1.4996495      6.8949949    
   5390000   1.0062659      5.9611982      1.5093486      6.9050352    
   5400000   1.0010667      5.9605356      1.5015501      6.9069542    
   5410000   0.9967421      5.9579981      1.4950635      6.9008771    
   5420000   0.9944849      5.9532633      1.4916778      6.8945899    
   5430000   1.0050011      5.9636107      1.5074515      6.9036599    
   5440000   0.99669724     5.9584213      1.4949962      6.897923     
   5450000   0.9985102      5.9588553      1.4977155      6.9042841    
   5460000   0.99959236     5.9453041      1.4993387      6.8952107    
   5470000   0.99546173     5.9596481      1.493143       6.8994605    
   5480000   0.99376366     5.9513072      1.490596       6.8955748    
   5490000   1.0048995      5.942583       1.5072991      6.9023931    
   5500000   1.0016518      5.9605221      1.5024278      6.9114738    
   5510000   1.0051384      5.9454936      1.5076576      6.9060515    
   5520000   1.0067162      5.9496645      1.5100242      6.8979225    
   5530000   0.99511918     5.9596985      1.4926292      6.9061203    
   5540000   0.99141525     5.9480875      1.4870735      6.8952464    
   5550000   0.9955546      5.9639666      1.4932823      6.9034662    
   5560000   0.99977293     5.9531802      1.4996096      6.9020447    
   5570000   1.0033949      5.9619747      1.5050423      6.9033382    
   5580000   1.0032823      5.9629996      1.5048735      6.9044826    
   5590000   0.99912082     5.964636       1.4986314      6.9090703    
   5600000   1.000628       5.945277       1.5008921      6.9065627    
   5610000   0.99330584     5.9532507      1.4899093      6.9005401    
   5620000   0.99664272     5.9432547      1.4949144      6.8933097    
   5630000   0.99454051     5.9490462      1.4917612      6.8986602    
   5640000   1.0015662      5.9290998      1.5022993      6.8958091    
   5650000   0.9958563      5.9443874      1.4937348      6.9010181    
   5660000   1.0026038      5.9491004      1.5038558      6.8974298    
   5670000   0.98920866     5.9565413      1.4837637      6.9012453    
   5680000   0.99837102     5.9395389      1.4975068      6.9048764    
   5690000   0.99694674     5.9593615      1.4953704      6.9037771    
   5700000   0.99884082     5.9583157      1.4982115      6.9005621    
   5710000   1.0041912      5.9650146      1.5062367      6.9064269    
   5720000   0.99968857     5.9636321      1.499483       6.9015579    
   5730000   1.0039901      5.9522529      1.5059352      6.9006131    
   5740000   1.0046165      5.9608852      1.5068746      6.8938238    
   5750000   1.0048741      5.9780592      1.5072611      6.9116752    
   5760000   1.0064053      5.9640918      1.5095578      6.898686     
   5770000   1.0079448      5.9540137      1.511867       6.9083909    
   5780000   0.99257        5.9652373      1.4888055      6.9024098    
   5790000   0.99731964     5.9647452      1.4959298      6.8988189    
   5800000   0.99938556     5.960252       1.4990285      6.9046813    
   5810000   1.0001253      5.9423306      1.5001382      6.9006712    
   5820000   0.99517557     5.9542471      1.4927138      6.90915      
   5830000   0.9974405      5.9544586      1.496111       6.909959     
   5840000   1.0015984      5.9451013      1.5023476      6.9006422    
   5850000   1.0048053      5.9376036      1.5071579      6.9014391    
   5860000   1.0080778      5.9474189      1.5120664      6.9043041    
   5870000   0.99853039     5.9592651      1.4977458      6.9086315    
   5880000   0.99595519     5.9601744      1.4938832      6.9059682    
   5890000   1.0032628      5.9507208      1.5048441      6.8995526    
   5900000   1.0040116      5.9477502      1.5059674      6.8963732    
   5910000   1.0020413      5.9528394      1.503012       6.8984425    
   5920000   1.0002052      5.9537361      1.500258       6.9004731    
   5930000   1.0011532      5.953627       1.5016799      6.9041783    
   5940000   0.99843836     5.9571724      1.4976078      6.9055005    
   5950000   0.9950516      5.9406369      1.4925278      6.9062097    
   5960000   0.99543828     5.9567351      1.4931078      6.9135424    
   5970000   1.0030284      5.9470239      1.5044926      6.9042213    
   5980000   1.0027889      5.9623678      1.5041334      6.9175495    
   5990000   1.0009382      5.9518771      1.5013573      6.8943092    
   6000000   1.0017849      5.9539916      1.5026275      6.9062793    
   6010000   0.99710993     5.9541337      1.4956152      6.9001329    
   6020000   1.0001843      5.9327096      1.5002266      6.9000516    
   6030000   1.0016477      5.9357239      1.5024217      6.9042508    
   6040000   0.99878229     5.9581251      1.4981237      6.901486     
   6050000   1.0112097      5.9548         1.5167641      6.8994406    
   6060000   0.99721911     5.9518169      1.495779       6.8925362    
   6070000   1.0057819      5.9773532      1.5086228      6.9120255    
   6080000   1.0004959      5.9679299      1.5006941      6.8962324    
   6090000   1.0033137      5.9511953      1.5049206      6.9049889    
   6100000   1.0078879      5.9554274      1.5117817      6.897743     
   6110000   0.99350971     5.9525496      1.4902151      6.8992778    
   6120000   1.0011027      5.954871       1.5016042      6.9037167    
   6130000   0.99406371     5.9557719      1.491046       6.9013928    
   6140000   1.0031438      5.9500003      1.5046658      6.9080373    
   6150000   1.0110703      5.95112        1.5165551      6.9088269    
   6160000   1.0078716      5.9558536      1.5117572      6.897326     
   6170000   0.99451611     5.9518722      1.4917246      6.8983012    
   6180000   1.0042415      5.9511006      1.5063122      6.9018871    
   6190000   0.99503938     5.9670996      1.4925095      6.9127933    
   6200000   0.9967428      5.9488541      1.4950645      6.902776     
   6210000   1.0012518      5.949153       1.5018278      6.9026151    
   6220000   1.0029592      5.9541563      1.5043889      6.9011981    
   6230000   1.0027702      5.9482875      1.5041053      6.8983682    
   6240000   1.0004963      5.9463184      1.5006945      6.8984883    
   6250000   1.0050846      5.9473017      1.5075768      6.8984257    
   6260000   1.0076024      5.9424308      1.5113534      6.9009692    
   6270000   0.99748247     5.9456488      1.496174       6.9096633    
   6280000   0.99521534     5.9353         1.4927734      6.9066159    
   6290000   1.0073397      5.9326762      1.5109594      6.8992031    
   6300000   0.9936954      5.9592612      1.4904936      6.9088906    
   6310000   1.0075417      5.9397588      1.5112624      6.8981638    
   6320000   0.99848037     5.943802       1.4976708      6.9050216    
   6330000   1.0019767      5.9508578      1.5029151      6.9020778    
   6340000   1.0094644      5.9415408      1.5141462      6.8983097    
   6350000   1.0040234      5.9448642      1.5059851      6.9006729    
   6360000   1.0029083      5.9499889      1.5043125      6.9004679    
   6370000   1.0073785      5.9474498      1.5110176      6.9037277    
   6380000   1.0033358      5.9494048      1.5049538      6.9013457    
   6390000   1.0089817      5.9527282      1.5134223      6.904532     
   6400000   1.0067663      5.9448842      1.5100992      6.901356     
   6410000   0.99411566     5.9600098      1.491124       6.908509     
   6420000   1.0134789      5.9457608      1.5201678      6.9046434    
   6430000   1.0020945      5.9533639      1.5030918      6.9066161    
   6440000   1.013121       5.9511053      1.519631       6.8953656    
   6450000   1.0014623      5.9355208      1.5021435      6.8955685    
   6460000   1.0008471      5.9479715      1.5012207      6.9000513    
   6470000   0.9880865      5.9387944      1.4820805      6.8994585    
   6480000   1.0028671      5.9398974      1.5042507      6.9030212    
   6490000   0.9984479      5.9393638      1.4976221      6.9037368    
   6500000   0.99981469     5.9508001      1.4996722      6.9071291    
   6510000   0.99459766     5.9365935      1.4918469      6.8971167    
   6520000   1.0080252      5.947633       1.5119876      6.9089885    
   6530000   0.99669081     5.9413343      1.4949865      6.9021575    
   6540000   1.0005732      5.9558987      1.5008099      6.9087494    
   6550000   0.99640937     5.9659004      1.4945644      6.9065518    
   6560000   1.00035        5.9569574      1.5004752      6.8912677    
   6570000   0.99297474     5.9692932      1.4894126      6.9062693    
   6580000   0.99341636     5.9733611      1.490075       6.9084316    
   6590000   1.0045174      5.9585583      1.506726       6.895783     
   6600000   0.99010283     5.9576919      1.4851049      6.9084814    
   6610000   1.0061642      5.9502965      1.5091962      6.9022514    
   6620000   0.99981554     5.9604686      1.4996735      6.8993106    
   6630000   0.99957831     5.9678932      1.4993177      6.9009754    
   6640000   1.0015946      5.9822869      1.502342       6.9087132    
   6650000   1.0009665      5.9631973      1.5013998      6.8994674    
   6660000   1.0086829      5.9597647      1.5129741      6.9061973    
   6670000   0.99755884     5.9712444      1.4962886      6.9094921    
   6680000   0.99370504     5.9661682      1.490508       6.9000761    
   6690000   1.0020177      5.9649435      1.5029767      6.9057524    
   6700000   0.99548467     5.9717055      1.4931774      6.9089789    
   6710000   1.0053822      5.9623173      1.5080232      6.9020707    
   6720000   0.99894456     5.9679748      1.4983671      6.9011382    
   6730000   1.0059557      5.9699965      1.5088834      6.9022033    
   6740000   1.0018697      5.9585996      1.5027546      6.8925755    
   6750000   0.99891792     5.9775088      1.4983271      6.9034083    
   6760000   1.0065327      5.9628573      1.5097489      6.9022185    
   6770000   1.0092551      5.9638472      1.5138324      6.9010282    
   6780000   1.0029888      5.9698653      1.5044332      6.8990805    
   6790000   1.0057203      5.972919       1.5085304      6.9049965    
   6800000   1.0063561      5.9779843      1.509484       6.9043772    
   6810000   1.0049865      5.955257       1.5074297      6.9020905    
   6820000   1.0046296      5.9487891      1.5068943      6.8997921    
   6830000   0.99994724     5.9600898      1.499871       6.9042698    
   6840000   1.0017209      5.9555167      1.5025314      6.8978682    
   6850000   0.99623482     5.9592972      1.4943026      6.9024138    
   6860000   1.0037787      5.9633559      1.505618       6.8985374    
   6870000   0.99717293     5.9693954      1.4957097      6.9053084    
   6880000   1.0036975      5.9527349      1.5054963      6.8973183    
   6890000   0.99963995     5.9629313      1.4994101      6.9054035    
   6900000   1.0004092      5.9627686      1.5005639      6.901261     
   6910000   1.0041901      5.9596537      1.5062351      6.897156     
   6920000   1.0013162      5.9793622      1.5019244      6.9077939    
   6930000   1.00127        5.9682985      1.501855       6.8988266    
   6940000   0.99520009     5.9709646      1.4927505      6.9107175    
   6950000   0.9943296      5.9676542      1.4914449      6.9022717    
   6960000   0.99856413     5.9643218      1.4977964      6.9041244    
   6970000   0.99305914     5.9611816      1.4895392      6.8978725    
   6980000   0.99495455     5.9793603      1.4923822      6.9098158    
   6990000   0.9977764      5.9704443      1.4966149      6.9046753    
   7000000   0.9958321      5.9921329      1.4936985      6.9145146    
   7010000   0.99762548     5.9721101      1.4963885      6.903393     
   7020000   0.99862761     5.9758323      1.4978916      6.9004644    
   7030000   0.99906404     5.9753268      1.4985463      6.9089985    
   7040000   0.99969859     5.9709654      1.4994981      6.9048473    
   7050000   1.0031218      5.9672047      1.5046327      6.9084408    
   7060000   1.0083136      5.9646744      1.5124202      6.9059335    
   7070000   1.0061199      5.9694795      1.5091298      6.8975268    
   7080000   1.0068973      5.9818673      1.5102958      6.9063437    
   7090000   0.99219468     5.9744118      1.4882426      6.9033613    
   7100000   1.0003271      5.975012       1.5004409      6.90025      
   7110000   1.0045583      5.9752457      1.5067874      6.9042202    
   7120000   1.0055072      5.9738863      1.5082107      6.9031073    
   7130000   0.99783006     5.9673921      1.4966954      6.8957423    
   7140000   0.99849732     5.9627524      1.4976962      6.8997146    
   7150000   0.99726212     5.9608598      1.4958435      6.9046071    
   7160000   0.98880303     5.957273       1.4831553      6.9036265    
   7170000   0.99791081     5.9467016      1.4968165      6.8955458    
   7180000   1.0019908      5.9644721      1.5029362      6.9116307    
   7190000   0.99369441     5.9653833      1.4904921      6.905553     
   7200000   1.0061427      5.9709845      1.5091639      6.9069276    
   7210000   1.004694       5.9620227      1.5069909      6.9032246    
   7220000   1.0015448      5.9522589      1.5022673      6.900869     
   7230000   1.0063787      5.9472988      1.5095178      6.9026722    
   7240000   0.99527842     5.9473193      1.492868       6.9021487    
   7250000   1.0039245      5.9345844      1.5058367      6.896926     
   7260000   1.0003236      5.9478762      1.5004356      6.9050243    
   7270000   0.99802522     5.9675733      1.4969881      6.9085275    
   7280000   0.99753586     5.9601059      1.4962541      6.9068627    
   7290000   0.99949804     5.9480037      1.4991972      6.8968211    
   7300000   1.0022512      5.9566638      1.5033269      6.896901     
   7310000   0.99726753     5.9537335      1.4958516      6.8971026    
   7320000   1.004558       5.9638958      1.5067869      6.8930473    
   7330000   0.99035255     5.9736846      1.4854795      6.9049928    
   7340000   1.0039193      5.9747906      1.505829       6.9011591    
   7350000   1.0016741      5.9556324      1.5024612      6.8989689    
   7360000   0.99940286     5.9750005      1.4990545      6.9035007    
   7370000   1.0003261      5.9597961      1.5004392      6.9061477    
   7380000   1.0018878      5.9593336      1.5027818      6.9037679    
   7390000   1.0030223      5.9618755      1.5044834      6.9064673    
   7400000   0.99886617     5.9498192      1.4982495      6.8967573    
   7410000   1.0016374      5.9560078      1.5024062      6.8997085    
   7420000   1.0001158      5.95726        1.5001238      6.9041295    
   7430000   1.0006107      5.9538902      1.5008662      6.9034807    
   7440000   1.0081139      5.949806       1.5121207      6.8966221    
   7450000   0.99258015     5.9617322      1.4888208      6.9102798    
   7460000   1.0009537      5.9574304      1.5013807      6.9017139    
   7470000   1.0026331      5.9576995      1.5038997      6.9036209    
   7480000   0.99424563     5.9580721      1.4913189      6.9002283    
   7490000   1.0089996      5.9610392      1.5134491      6.9071848    
   7500000   0.99197299     5.9686661      1.48791        6.9055066    
   7510000   1.0026706      5.9688059      1.5039559      6.9058385    
   7520000   0.99708755     5.954005       1.4955816      6.8967833    
   7530000   0.99370837     5.957854       1.490513       6.9030525    
   7540000   0.99779101     5.9665101      1.4966368      6.9032484    
   7550000   0.99894092     5.9546376      1.4983616      6.9002046    
   7560000   1.0037486      5.9653556      1.5055728      6.9077281    
   7570000   1.0022024      5.9676171      1.5032536      6.9078186    
   7580000   1.0003775      5.9617673      1.5005164      6.9080673    
   7590000   1.0003856      5.95286        1.5005286      6.9041167    
   7600000   0.99857698     5.9436135      1.4978157      6.8961752    
   7610000   1.000402       5.9597029      1.5005532      6.9101428    
   7620000   0.99849857     5.9526413      1.4976981      6.9040824    
   7630000   0.99979192     5.9462794      1.4996381      6.9005819    
   7640000   0.99627271     5.9502776      1.4943594      6.9043945    
   7650000   1.002619       5.9488465      1.5038785      6.9057641    
   7660000   0.99486337     5.9563776      1.4922455      6.9005639    
   7670000   0.99831233     5.9585188      1.4974187      6.8999499    
   7680000   1.0037868      5.9673805      1.5056302      6.9106434    
   7690000   1.0183718      5.9541065      1.5275069      6.9042984    
   7700000   1.0014274      5.9635808      1.5020911      6.9080971    
   7710000   1.0047639      5.9544816      1.5070959      6.901073     
   7720000   0.99543089     5.9585588      1.4930967      6.9054056    
   7730000   0.99927119     5.9542253      1.498857       6.900146     
   7740000   0.99528773     5.9646691      1.492882       6.9128222    
   7750000   0.99995542     5.9590981      1.4998833      6.9001141    
   7760000   0.99574514     5.9588654      1.4935681      6.9027336    
   7770000   0.99805659     5.9616115      1.4970351      6.9074141    
   7780000   0.99439058     5.953118       1.4915363      6.8971791    
   7790000   1.0117685      5.9669064      1.5176023      6.9074022    
   7800000   1.006691       5.9623167      1.5099863      6.8976455    
   7810000   0.9965593      5.9686831      1.4947893      6.9108759    
   7820000   0.99325269     5.9602269      1.4898295      6.901119     
   7830000   0.99464088     5.9632092      1.4919118      6.8995037    
   7840000   1.0052551      5.961136       1.5078325      6.8998442    
   7850000   1.0057728      5.9664828      1.508609       6.9055261    
   7860000   1.0056096      5.95148        1.5083643      6.9016525    
   7870000   0.99199865     5.9631527      1.4879485      6.9063233    
   7880000   1.0046997      5.9528529      1.5069994      6.90466      
   7890000   1.0076746      5.9406211      1.5114617      6.9016091    
   7900000   1.0023197      5.9578798      1.5034296      6.9081334    
   7910000   1.0008563      5.9518201      1.5012345      6.8993937    
   7920000   0.99867938     5.9537034      1.4979693      6.9021277    
   7930000   0.99619544     5.9527074      1.4942435      6.9112597    
   7940000   0.99906698     5.9419281      1.4985507      6.8966845    
   7950000   1.0021241      5.9459428      1.5031362      6.893648     
   7960000   0.99736554     5.959892       1.4959986      6.9084078    
   7970000   0.99940703     5.9549562      1.4990607      6.9036466    
   7980000   0.99191709     5.9365015      1.4878262      6.8904573    
   7990000   0.99965286     5.960179       1.4994295      6.9046996    
   8000000   0.99456834     5.9512244      1.4918029      6.9054022    
   8010000   0.99384039     5.9583153      1.4907111      6.9045196    
   8020000   0.99613215     5.943567       1.4941486      6.8985637    
   8030000   1.0018547      5.939316       1.5027321      6.8975409    
   8040000   0.99021894     5.9517473      1.4852791      6.9050358    
   8050000   1.0001048      5.9688275      1.5001074      6.9056189    
   8060000   1.0036759      5.955142       1.5054639      6.9010857    
   8070000   0.99271796     5.9810667      1.4890275      6.9026729    
   8080000   0.99884306     5.9514531      1.4982148      6.8934062    
   8090000   0.98531506     5.960972       1.4779235      6.9047144    
   8100000   0.99700166     5.9533334      1.4954528      6.8996981    
   8110000   1.0066298      5.9613509      1.5098945      6.9010382    
   8120000   0.99952098     5.9579597      1.4992317      6.9046063    
   8130000   1.0077504      5.9629263      1.5115754      6.9023029    
   8140000   1.0046834      5.9723426      1.5069751      6.9090259    
   8150000   0.99627598     5.9661478      1.4943643      6.902926     
   8160000   0.99600995     5.9512321      1.4939653      6.9045464    
   8170000   1.004611       5.9492566      1.5068664      6.9005826    
   8180000   1.0037539      5.9607908      1.5055808      6.9029075    
   8190000   0.9988736      5.9586723      1.4982606      6.8978402    
   8200000   1.0007996      5.9498934      1.5011496      6.9027824    
   8210000   0.99743754     5.9467849      1.4961066      6.9021439    
   8220000   1.0025944      5.9521028      1.5038416      6.8992339    
   8230000   1.0052097      5.9512698      1.5077645      6.9005658    
   8240000   1.0041947      5.9480043      1.506242       6.8987929    
   8250000   0.99739385     5.9489463      1.4960411      6.8988099    
   8260000   1.0028922      5.9587518      1.5042884      6.9052617    
   8270000   0.99278786     5.9567028      1.4891323      6.9011406    
   8280000   0.99715726     5.9442164      1.4956862      6.8978313    
   8290000   0.99639927     5.9547411      1.4945492      6.9059634    
   8300000   1.0021432      5.9491498      1.5031649      6.9041116    
   8310000   0.99219882     5.9447865      1.4882488      6.9047775    
   8320000   1.0027957      5.9605744      1.5041436      6.9041568    
   8330000   0.99498266     5.9485274      1.4924244      6.9016551    
   8340000   0.99812281     5.9465333      1.4971345      6.9000464    
   8350000   0.99916549     5.956175       1.4986984      6.9025323    
   8360000   0.99588587     5.954517       1.4937792      6.9015221    
   8370000   0.98739163     5.9544336      1.4810382      6.9057718    
   8380000   0.99756938     5.9618237      1.4963044      6.9031797    
   8390000   1.0016185      5.9477547      1.5023779      6.8950181    
   8400000   1.0072746      5.961638       1.5108616      6.9028468    
   8410000   0.99446253     5.9542826      1.4916442      6.9001898    
   8420000   0.99979181     5.9461334      1.4996379      6.9010889    
   8430000   0.99958657     5.9680134      1.49933        6.9110119    
   8440000   0.99887931     5.9505074      1.4982692      6.9028194    
   8450000   1.0084569      5.9385088      1.5126351      6.8943196    
   8460000   1.0026044      5.9496221      1.5038567      6.8933372    
   8470000   0.99540342     5.9624255      1.4930555      6.909533     
   8480000   1.0048607      5.9596625      1.5072409      6.9009759    
   8490000   1.0022919      5.9372566      1.5033879      6.8928823    
   8500000   0.99934385     5.9535785      1.498966       6.9025839    
   8510000   1.0009267      5.96069        1.5013401      6.9075917    
   8520000   0.99806186     5.9527746      1.497043       6.8971593    
   8530000   1.0018904      5.9721059      1.5027857      6.9078401    
   8540000   1.005134       5.9549841      1.5076508      6.9083339    
   8550000   1.007395       5.9547634      1.5110424      6.9050078    
   8560000   0.99872074     5.9510357      1.4980313      6.8995346    
   8570000   0.99568337     5.9538448      1.4934754      6.900323     
   8580000   1.0014501      5.9446924      1.5021252      6.8945427    
   8590000   0.99754205     5.9494654      1.4962634      6.9016458    
   8600000   0.99938528     5.9539511      1.4990281      6.8986971    
   8610000   1.0021239      5.9462572      1.503136       6.9000051    
   8620000   0.99675325     5.9521332      1.4950802      6.9050558    
   8630000   1.0002015      5.9602269      1.5002524      6.9058764    
   8640000   0.99908356     5.9678061      1.4985756      6.9076416    
   8650000   0.99818524     5.954705       1.4972281      6.9068314    
   8660000   0.9968187      5.934819       1.4951784      6.9003068    
   8670000   0.99102291     5.9519178      1.486485       6.9053781    
   8680000   0.9984866      5.9575553      1.4976801      6.9037166    
   8690000   1.0009803      5.9555273      1.5014205      6.9071296    
   8700000   0.9954183      5.9485941      1.4930779      6.9055087    
   8710000   0.99521986     5.9578229      1.4927802      6.912671     
   8720000   0.99168819     5.9487758      1.4874829      6.8970725    
   8730000   0.99929487     5.9640398      1.4988925      6.9032547    
   8740000   0.99308635     5.9719353      1.48958        6.9069037    
   8750000   1.0076004      5.962452       1.5113504      6.8980487    
   8760000   0.99245401     5.9634373      1.4886316      6.9034021    
   8770000   0.99843025     5.9593217      1.4975956      6.8999738    
   8780000   0.99174983     5.9673079      1.4875753      6.9078471    
   8790000   0.99123118     5.967578       1.4867974      6.9103256    
   8800000   1.0024211      5.9557179      1.5035816      6.9032463    
   8810000   0.99983142     5.9620949      1.4996973      6.904273     
   8820000   1.0010403      5.971856       1.5015106      6.9066838    
   8830000   0.9947636      5.9566149      1.4920958      6.9020821    
   8840000   1.0038711      5.9703287      1.5057566      6.9062991    
   8850000   0.99899192     5.9667646      1.4984381      6.9116629    
   8860000   0.9984855      5.9628244      1.4976785      6.9067925    
   8870000   0.99674736     5.9530401      1.4950714      6.8982622    
   8880000   1.000893       5.9506984      1.5012896      6.9051814    
   8890000   0.99486217     5.9520733      1.4922437      6.9092462    
   8900000   0.99887784     5.955855       1.498267       6.9041213    
   8910000   1.0016137      5.9649835      1.5023707      6.9069972    
   8920000   1.0052062      5.9604315      1.5077591      6.906197     
   8930000   1.0014134      5.9479873      1.5020702      6.9011837    
   8940000   1.0076244      5.9486858      1.5113865      6.9007471    
   8950000   0.99850285     5.9498806      1.4977045      6.9048314    
   8960000   1.0075496      5.9610038      1.5112742      6.9088672    
   8970000   0.99888577     5.9665734      1.4982789      6.9055312    
   8980000   1.0047817      5.9575753      1.5071225      6.9004779    
   8990000   0.99947479     5.9552776      1.4991624      6.8985012    
   9000000   0.99588758     5.9572677      1.4937817      6.9008549    
   9010000   0.99812971     5.9564796      1.4971448      6.9033447    
   9020000   0.98972799     5.9495163      1.4845427      6.8954383    
   9030000   1.0135215      5.955535       1.5202317      6.9018082    
   9040000   1.0015319      5.9475606      1.5022479      6.895209     
   9050000   0.99551834     5.9538897      1.4932279      6.9080517    
   9060000   1.0002547      5.9441601      1.5003321      6.9013343    
   9070000   1.0017693      5.9489687      1.5026041      6.8934766    
   9080000   0.99142637     5.9719908      1.4870901      6.9116968    
   9090000   0.99793248     5.9403645      1.496849       6.8978744    
   9100000   0.99442048     5.943441       1.4915812      6.8974028    
   9110000   0.99957524     5.9630041      1.499313       6.9069646    
   9120000   1.0062469      5.9441674      1.5093202      6.8969118    
   9130000   1.0026284      5.9599013      1.5038927      6.8985521    
   9140000   0.99559032     5.9736128      1.4933359      6.9094386    
   9150000   1.0032972      5.9494383      1.5048959      6.9015413    
   9160000   1.0031244      5.9442374      1.5046365      6.9052235    
   9170000   0.99858206     5.9369331      1.4978233      6.9012171    
   9180000   0.99640254     5.9469469      1.4945542      6.9080297    
   9190000   0.99878544     5.9495697      1.4981284      6.9069017    
   9200000   0.99725707     5.9688535      1.4958359      6.904383     
   9210000   0.99807413     5.9643292      1.4970615      6.9050599    
   9220000   1.0026955      5.9596761      1.5039933      6.9023574    
   9230000   0.99845218     5.9664215      1.4976285      6.9063127    
   9240000   0.9996916      5.9772772      1.4994876      6.9113666    
   9250000   0.99876241     5.9634368      1.4980938      6.9004716    
   9260000   1.0015019      5.976492       1.502203       6.9061339    
   9270000   0.99454043     5.9657874      1.4917611      6.8993175    
   9280000   1.0075626      5.9668409      1.5112937      6.8999099    
   9290000   1.0036493      5.9679935      1.505424       6.89979      
   9300000   1.0035969      5.9650815      1.5053453      6.9030974    
   9310000   1.0067731      5.9665227      1.5101095      6.9060286    
   9320000   0.99830004     5.9556923      1.4974003      6.8955537    
   9330000   0.99515116     5.9595234      1.4926771      6.9087062    
   9340000   1.0058702      5.9607881      1.5087552      6.8981125    
   9350000   0.99450114     5.9531197      1.4917022      6.9008611    
   9360000   1.0040554      5.9692118      1.5060331      6.9019344    
   9370000   1.006868       5.9597262      1.5102519      6.9015234    
   9380000   1.0055836      5.9394295      1.5083253      6.8958773    
   9390000   0.99733716     5.9540404      1.495956       6.9028366    
   9400000   1.0005497      5.9605203      1.5007747      6.9072131    
   9410000   1.0056815      5.9632302      1.5084722      6.9046674    
   9420000   1.0040617      5.9687063      1.5060425      6.9120753    
   9430000   0.99405088     5.9620366      1.4910268      6.9014964    
   9440000   1.0024139      5.9580023      1.5035708      6.9028318    
   9450000   0.99074076     5.9655562      1.4860618      6.9111405    
   9460000   1.0073224      5.9589623      1.5109335      6.8980089    
   9470000   1.0044931      5.9741581      1.5066896      6.9092339    
   9480000   1.0002304      5.9706571      1.5002958      6.8980939    
   9490000   0.99607717     5.9760228      1.4940661      6.9033982    
   9500000   1.0164871      5.9520302      1.5246801      6.8940709    
   9510000   0.99812938     5.9686032      1.4971443      6.9105173    
   9520000   1.003375       5.9674468      1.5050125      6.9050868    
   9530000   0.9963562      5.9651309      1.4944846      6.9094863    
   9540000   0.99240261     5.9694461      1.4885545      6.9064316    
   9550000   0.99431536     5.9568567      1.4914235      6.9014701    
   9560000   0.99639381     5.9562051      1.4945411      6.9008408    
   9570000   0.99920769     5.9496943      1.4987617      6.8985249    
   9580000   1.0030671      5.9636803      1.5045506      6.9045866    
   9590000   0.99591951     5.9566953      1.4938296      6.8996052    
   9600000   0.99044311     5.9676717      1.4856153      6.9087699    
   9610000   0.99822558     5.9558736      1.4972886      6.898579     
   9620000   0.99182246     5.9649239      1.4876843      6.9011998    
   9630000   0.99407255     5.9531019      1.4910593      6.9021651    
   9640000   0.99792329     5.959577       1.4968352      6.9022301    
   9650000   1.0047282      5.9694228      1.5070422      6.9070932    
   9660000   0.99997099     5.9607125      1.4999067      6.897863     
   9670000   0.99651954     5.9719455      1.4947296      6.9074615    
   9680000   1.0017569      5.960184       1.5025854      6.9123992    
   9690000   0.99722548     5.9744752      1.4957885      6.9108918    
   9700000   0.99580744     5.9720971      1.4936615      6.9089427    
   9710000   1.0039043      5.9636557      1.5058065      6.9022088    
   9720000   0.99844466     5.9550496      1.4976172      6.8961746    
   9730000   0.99723616     5.9609819      1.4958045      6.899426     
   9740000   0.99686763     5.9531882      1.4952518      6.8979278    
   9750000   0.99837906     5.9538682      1.4975188      6.9025195    
   9760000   1.004229       5.9697659      1.5062934      6.9018066    
   9770000   0.99233749     5.9742581      1.4884568      6.9055166    
   9780000   0.99968986     5.9780826      1.499485       6.9070247    
   9790000   1.0047319      5.9635144      1.5070478      6.8975114    
   9800000   0.99891391     5.9751871      1.4983211      6.907749     
   9810000   1.0049489      5.9763475      1.5073733      6.9053351    
   9820000   0.99574224     5.9629892      1.4935637      6.8948787    
   9830000   0.99089826     5.9625007      1.486298       6.8987512    
   9840000   0.9957167      5.9693863      1.4935254      6.9019725    
   9850000   1.0043168      5.9722367      1.5064252      6.9066834    
   9860000   0.99594509     5.9649516      1.493868       6.9020341    
   9870000   0.99364423     5.9645041      1.4904168      6.9022146    
   9880000   0.99719531     5.9510182      1.4957433      6.8947924    
   9890000   0.99978265     5.9555548      1.4996242      6.9012499    
   9900000   1.0006363      5.9598692      1.5009046      6.9055334    
   9910000   1.002367       5.9435759      1.5035006      6.8981637    
   9920000   0.9984703      5.9435484      1.4976557      6.8975073    
   9930000   1.0114589      5.9589598      1.517138       6.9026325    
   9940000   0.99806241     5.9611855      1.4970439      6.9012859    
   9950000   1.0090377      5.9540724      1.5135062      6.9043274    
   9960000   1.0074816      5.9614764      1.5111723      6.9032704    
   9970000   1.005487       5.9519058      1.5081804      6.9066695    
   9980000   0.99955846     5.9519447      1.4992879      6.9013181    
   9990000   1.0058719      5.9385535      1.5087577      6.9011938    
  10000000   0.99446046     5.9706316      1.4916411      6.9102306    
  10010000   1.003539       5.9680572      1.5052584      6.9135755    
  10020000   0.99492763     5.9500169      1.4923419      6.9026274    
  10030000   0.99793868     5.9453542      1.4968583      6.9011529    
  10040000   0.9953741      5.9563339      1.4930115      6.9045777    
  10050000   1.00279        5.9591946      1.504135       6.908637     
  10060000   0.99901587     5.9700235      1.498474       6.9088205    
  10070000   0.99477006     5.9506308      1.4921055      6.9044543    
  10080000   1.0045675      5.9533493      1.5068012      6.8925965    
  10090000   0.99911414     5.9625379      1.4986214      6.9014058    
  10100000   0.99856044     5.9619196      1.4977909      6.9072214    
  10110000   0.99526391     5.961274       1.4928463      6.9052901    
  10120000   1.0086639      5.9708047      1.5129456      6.9125075    
  10130000   1.0105617      5.9606234      1.5157922      6.9058503    
  10140000   0.99133494     5.9610508      1.486953       6.8979935    
  10150000   1.0049995      5.9611667      1.5074492      6.9065182    
  10160000   1.0007034      5.9550777      1.5010052      6.903151     
  10170000   0.99731871     5.9537554      1.4959284      6.8993712    
  10180000   0.99791227     5.9527968      1.4968187      6.9013236    
  10190000   1.003934       5.9504282      1.505851       6.8934744    
  10200000   0.99926357     5.9669197      1.4988456      6.9053537    
  10210000   0.99553621     5.9665453      1.4932547      6.9115059    
  10220000   0.99638498     5.9590893      1.4945278      6.8954054    
  10230000   0.99684226     5.9711692      1.4952137      6.9097674    
  10240000   1.0008306      5.9462824      1.501196       6.8960104    
  10250000   0.99170559     5.9469206      1.487509       6.9013618    
  10260000   1.0040796      5.9517274      1.5060694      6.9021103    
  10270000   1.0026677      5.9381305      1.5039515      6.8914957    
  10280000   0.99979316     5.9578253      1.4996399      6.905209     
  10290000   0.99906785     5.9612921      1.498552       6.9072208    
  10300000   1.00606        5.9591537      1.5090399      6.9023629    
  10310000   1.0055364      5.9657324      1.5082544      6.8997524    
  10320000   0.99553959     5.9708951      1.4932598      6.9037151    
  10330000   0.9986375      5.9645083      1.4979065      6.9024679    
  10340000   0.99808238     5.9666547      1.4970738      6.9100481    
  10350000   0.99260863     5.9731311      1.4888635      6.9056272    
  10360000   0.99623773     5.9673509      1.4943069      6.9000535    
  10370000   1.0005928      5.9746601      1.5008394      6.8997559    
  10380000   0.99525206     5.9730615      1.4928285      6.9061676    
  10390000   1.0005951      5.9859152      1.5008428      6.9067007    
  10400000   1.0042798      5.9818957      1.5063697      6.9135886    
  10410000   0.99759686     5.9806621      1.4963456      6.9085944    
  10420000   0.9920909      5.9741256      1.4880869      6.9037013    
  10430000   1.0012032      5.9608162      1.5017548      6.9026688    
  10440000   0.99706377     5.9667446      1.495546       6.8990781    
  10450000   0.99858895     5.9613825      1.4978337      6.8996216    
  10460000   1.0011393      5.9656878      1.5016591      6.9047019    
  10470000   1.0054608      5.9506709      1.5081411      6.9002266    
  10480000   0.99530789     5.960677       1.4929122      6.9040211    
  10490000   0.99588095     5.9633753      1.4937718      6.9048881    
  10500000   0.99091058     5.9518222      1.4863165      6.8974087    
  10510000   1.0052063      5.9586182      1.5077594      6.9008292    
  10520000   0.98720535     5.9611289      1.4807588      6.8988872    
  10530000   1.0032777      5.9684269      1.5048666      6.9030872    
  10540000   0.99812996     5.9500986      1.4971452      6.8992162    
  10550000   0.99989918     5.9726446      1.4997989      6.9029575    
  10560000   1.0021753      5.9724327      1.5032131      6.9043176    
  10570000   0.99774472     5.9669514      1.4965674      6.898346     
  10580000   1.0000452      5.9540643      1.5000179      6.8991624    
  10590000   1.0072275      5.9723853      1.510791       6.9087067    
  10600000   1.0022815      5.9766528      1.5033724      6.9101843    
  10610000   0.99433283     5.9913914      1.4914497      6.9119121    
  10620000   0.99789491     5.9719855      1.4967926      6.8995711    
  10630000   1.0079501      5.9825653      1.5118749      6.9041538    
  10640000   1.00733        5.9622361      1.5109448      6.8953949    
  10650000   1.0014622      5.9672979      1.5021434      6.9019992    
  10660000   1.000051       5.9650074      1.5000267      6.9073892    
  10670000   1.0023719      5.9663611      1.503508       6.9054038    
  10680000   0.99768044     5.9680547      1.4964709      6.909512     
  10690000   1.000108       5.9508854      1.5001121      6.9046389    
  10700000   0.9993075      5.9577896      1.4989114      6.9005891    
  10710000   0.99507382     5.9546277      1.4925611      6.9101003    
  10720000   1.0019801      5.9525325      1.5029203      6.9030354    
  10730000   1.0037713      5.9635258      1.505607       6.9058977    
  10740000   1.0041135      5.9601961      1.5061203      6.9075419    
  10750000   0.99786002     5.9561454      1.4967403      6.9069335    
  10760000   0.99332343     5.9530011      1.4899356      6.902344     
  10770000   0.98746235     5.9660458      1.4811443      6.9110408    
  10780000   1.0059592      5.9721606      1.5088887      6.9073664    
  10790000   1.0018782      5.9633745      1.5027673      6.905055     
  10800000   1.009058       5.9701956      1.5135368      6.9024026    
  10810000   0.99760755     5.9687073      1.4963616      6.9006663    
  10820000   0.991682       5.9564795      1.4874736      6.8977649    
  10830000   1.0008197      5.9671959      1.5011797      6.9084185    
  10840000   1.0066839      5.9684121      1.5099757      6.903909     
  10850000   0.99613732     5.9647627      1.4941563      6.9040617    
  10860000   1.0002194      5.9636916      1.5002792      6.9088429    
  10870000   1.0008245      5.9456429      1.5011869      6.8998589    
  10880000   0.99567864     5.9591557      1.4934683      6.8979175    
  10890000   1.0019464      5.9759135      1.5028696      6.9078606    
  10900000   0.99811788     5.9715238      1.4971271      6.9098358    
  10910000   0.99848406     5.9688924      1.4976763      6.903904     
  10920000   0.9976133      5.9681139      1.4963702      6.9121141    
  10930000   0.99645762     5.9586351      1.4946368      6.9052997    
  10940000   0.99497554     5.9639683      1.4924137      6.9023145    
  10950000   0.99139857     5.9652808      1.4870485      6.9024975    
  10960000   1.0088517      5.984113       1.5132273      6.9096434    
  10970000   0.99116826     5.9776433      1.486703       6.899074     
  10980000   1.0044919      5.9823118      1.5066877      6.9056016    
  10990000   1.0025859      5.9736561      1.5038289      6.8988341    
  11000000   0.99955666     5.9745115      1.4992852      6.9028779    
  11010000   1.0026759      5.9602839      1.5039639      6.8977442    
  11020000   0.99307943     5.9729777      1.4895697      6.9029196    
  11030000   1.0111231      5.9653347      1.5166342      6.9034943    
  11040000   0.99642251     5.9666375      1.4945841      6.8997108    
  11050000   1.0038017      5.9659867      1.5056525      6.9033372    
  11060000   0.99464676     5.9743153      1.4919206      6.9055146    
  11070000   0.99728845     5.963528       1.495883       6.9057577    
  11080000   1.0034018      5.9629653      1.5050527      6.905936     
  11090000   1.0031693      5.9719825      1.504704       6.9144465    
  11100000   1.000588       5.9377902      1.5008321      6.8938105    
  11110000   0.99803693     5.9778011      1.4970057      6.9103318    
  11120000   0.99741515     5.9604015      1.496073       6.894941     
  11130000   0.99650507     5.9684486      1.4947079      6.9005003    
  11140000   0.99450083     5.9572213      1.4917017      6.8943947    
  11150000   1.0075564      5.9768821      1.5112844      6.9061811    
  11160000   0.992744       5.9827728      1.4890665      6.9077549    
  11170000   0.99240463     5.9754747      1.4885575      6.9069633    
  11180000   1.0002084      5.9736998      1.5002628      6.9058082    
  11190000   1.0021819      5.9654591      1.5032228      6.9060754    
  11200000   1.0033962      5.9605023      1.5050443      6.9050566    
  11210000   1.0027218      5.9659479      1.5040327      6.9027834    
  11220000   0.99266072     5.9838238      1.4889416      6.9178313    
  11230000   1.0016487      5.9609332      1.5024231      6.8951636    
  11240000   1.0004739      5.963349       1.500661       6.8988042    
  11250000   0.99970771     5.9801362      1.4995117      6.9047345    
  11260000   1.0056743      5.9699201      1.5084613      6.8963583    
  11270000   1.0058179      5.9590892      1.5086767      6.9025253    
  11280000   0.99777597     5.9538146      1.4966142      6.8969673    
  11290000   0.99241337     5.9743197      1.4885706      6.914304     
  11300000   0.99793221     5.9606541      1.4968486      6.902076     
  11310000   1.0006871      5.9617562      1.5009808      6.9036476    
  11320000   0.99382745     5.9607713      1.4906916      6.9063668    
  11330000   1.0000325      5.9686011      1.4999989      6.9038034    
  11340000   0.99833124     5.9627851      1.4974471      6.8989846    
  11350000   1.0069089      5.9866518      1.5103131      6.9143855    
  11360000   0.99049297     5.9534405      1.4856901      6.8999297    
  11370000   1.0094785      5.9405651      1.5141674      6.8903681    
  11380000   0.99094106     5.9508322      1.4863622      6.9002091    
  11390000   1.0009776      5.9501986      1.5014165      6.8995197    
  11400000   0.99537061     5.9631028      1.4930063      6.9083281    
  11410000   1.0030441      5.9550118      1.5045161      6.9055682    
  11420000   0.99914264     5.9612218      1.4986642      6.9017268    
  11430000   1.0009014      5.9673408      1.5013022      6.9044232    
  11440000   1.0051386      5.9639992      1.5076579      6.9017536    
  11450000   1.0048373      5.9622668      1.5072059      6.9063032    
  11460000   1.0096334      5.9706142      1.5143998      6.9004681    
  11470000   1.0006801      5.9637967      1.5009703      6.9124848    
  11480000   1.0008901      5.947428       1.5012852      6.9047497    
  11490000   0.99153632     5.9620139      1.4872551      6.9043814    
  11500000   0.99978527     5.9392244      1.4996281      6.8980133    
  11510000   0.99707396     5.9596557      1.4955612      6.9038173    
  11520000   0.99479588     5.9687473      1.4921443      6.8962291    
  11530000   0.99376852     5.9597584      1.4906033      6.8988038    
  11540000   0.99960512     5.9654143      1.4993579      6.9077245    
  11550000   1.0001839      5.9585384      1.500226       6.8999028    
  11560000   1.0058553      5.9562371      1.5087328      6.8970129    
  11570000   0.99509443     5.9529158      1.4925921      6.8939832    
  11580000   0.99776983     5.9548805      1.496605       6.9063674    
  11590000   1.0069992      5.9597478      1.5104487      6.9082433    
  11600000   0.99308919     5.9631313      1.4895843      6.9027284    
  11610000   1.0049281      5.9673579      1.507342       6.9060871    
  11620000   1.0002652      5.9652911      1.500348       6.9055029    
  11630000   0.99257936     5.9539068      1.4888196      6.9060336    
  11640000   1.0024757      5.9591315      1.5036635      6.9059844    
  11650000   0.99108401     5.9583223      1.4865766      6.8964762    
  11660000   0.99857009     5.9688432      1.4978054      6.9040762    
  11670000   0.9953069      5.9646075      1.4929107      6.9100279    
  11680000   1.0041835      5.9508527      1.5062252      6.9078179    
  11690000   0.99430706     5.9738283      1.491411       6.9017663    
  11700000   0.99361605     5.9738269      1.4903746      6.9059929    
  11710000   0.99354186     5.9654954      1.4902633      6.9003539    
  11720000   0.99008801     5.9546896      1.4850827      6.9050439    
  11730000   1.0029851      5.9603927      1.5044277      6.9062471    
  11740000   0.9962398      5.9602693      1.4943101      6.9002225    
  11750000   1.003604       5.9684192      1.5053559      6.9084356    
  11760000   0.99758396     5.9624651      1.4963262      6.9003844    
  11770000   0.99651777     5.949321       1.494727       6.8989883    
  11780000   1.0012113      5.9566189      1.501767       6.8999033    
  11790000   0.99364012     5.9512559      1.4904107      6.9026192    
  11800000   1.0082692      5.9693223      1.5123535      6.9078236    
  11810000   1.0044818      5.9605549      1.5066726      6.903469     
  11820000   0.99038591     5.9516678      1.4855295      6.9005089    
  11830000   1.002284       5.9689216      1.5033761      6.9050468    
  11840000   0.9949122      5.971799       1.4923187      6.8986196    
  11850000   1.0038562      5.9761737      1.5057343      6.9050589    
  11860000   0.99702659     5.9703195      1.4954902      6.8987882    
  11870000   1.0012572      5.9606544      1.5018358      6.9030123    
  11880000   1.0032892      5.9558041      1.5048838      6.9030307    
  11890000   1.0008345      5.9617745      1.5012018      6.9043109    
  11900000   1.0104369      5.9616168      1.515605       6.8942802    
  11910000   1.0008567      5.9640626      1.5012351      6.9113447    
  11920000   1.0092264      5.9577098      1.5137893      6.9027077    
  11930000   1.0008394      5.9680277      1.5012092      6.9045655    
  11940000   1.0038754      5.9654946      1.5057631      6.9036919    
  11950000   0.99707352     5.9590659      1.4955606      6.8996449    
  11960000   0.99106719     5.9829788      1.4865514      6.9019327    
  11970000   0.99465115     5.9589244      1.4919272      6.8974329    
  11980000   1.0045444      5.9763036      1.5067665      6.9010704    
  11990000   0.99644368     5.9871399      1.4946159      6.9090605    
  12000000   0.99003111     5.9686156      1.4849973      6.9016567    
  12010000   0.99419137     5.9737134      1.4912375      6.9019565    
  12020000   0.99342597     5.9618472      1.4900894      6.9050768    
  12030000   1.0043219      5.9736304      1.5064328      6.9029293    
  12040000   1.0050562      5.9658397      1.5075342      6.9057459    
  12050000   1.0061474      5.9534514      1.509171       6.89548      
  12060000   0.99986164     5.9495674      1.4997426      6.8999291    
  12070000   0.9965972      5.9529234      1.4948461      6.8968027    
  12080000   1.0071555      5.9534268      1.5106831      6.9067723    
  12090000   1.0035019      5.9630606      1.5052029      6.9052537    
  12100000   0.99883237     5.9599956      1.4981988      6.9055005    
  12110000   0.99673635     5.945658       1.4950549      6.8970229    
  12120000   1.0071636      5.9473199      1.5106952      6.9016949    
  12130000   1.0010943      5.9478811      1.5015915      6.8963763    
  12140000   1.0011303      5.9440558      1.5016455      6.903728     
  12150000   0.99543662     5.9420023      1.4931053      6.8964306    
  12160000   1.0003834      5.9540117      1.5005253      6.9035043    
  12170000   1.0101995      5.9638125      1.515249       6.904816     
  12180000   0.99833951     5.9701635      1.4974595      6.9095646    
  12190000   0.9937385      5.9643705      1.4905582      6.8980103    
  12200000   1.0046122      5.9695353      1.5068682      6.8957513    
  12210000   0.99998379     5.9711905      1.4999259      6.9028978    
  12220000   1.0066734      5.9686706      1.5099599      6.8982927    
  12230000   0.99930524     5.9626143      1.4989081      6.9031908    
  12240000   0.99550628     5.9741409      1.4932098      6.9031855    
  12250000   1.0073175      5.9588307      1.5109261      6.9019763    
  12260000   1.0047335      5.966398       1.5070502      6.9007803    
  12270000   0.99936279     5.9663546      1.4989944      6.9064154    
  12280000   0.99255841     5.9549889      1.4887882      6.9021891    
  12290000   1.0047172      5.9725853      1.5070257      6.908226     
  12300000   0.99906143     5.9738142      1.4985424      6.9078371    
  12310000   0.9963701      5.9601194      1.4945055      6.8970541    
  12320000   0.99915161     5.9857628      1.4986776      6.9086861    
  12330000   0.9949139      5.9764515      1.4923213      6.902007     
  12340000   0.99804908     5.9672361      1.4970239      6.9026094    
  12350000   1.0022006      5.9777041      1.503251       6.9089237    
  12360000   1.0051668      5.9726166      1.5077001      6.9058834    
  12370000   1.0066988      5.9728512      1.509998       6.9117283    
  12380000   0.99438845     5.9701148      1.4915331      6.9004227    
  12390000   0.99900845     5.970089       1.4984629      6.8963763    
  12400000   1.009864       5.9753655      1.5147457      6.9100706    
  12410000   0.99557559     5.9697075      1.4933138      6.9092351    
  12420000   0.99847707     5.977199       1.4976658      6.9054432    
  12430000   0.99992294     5.9640403      1.4998346      6.9003823    
  12440000   1.0037379      5.97092        1.5055569      6.9042173    
  12450000   0.99381969     5.9781647      1.49068        6.9200653    
  12460000   1.0067243      5.9609684      1.5100362      6.9012839    
  12470000   1.0040093      5.97786        1.505964       6.9080183    
  12480000   0.99704755     5.9725481      1.4955216      6.9070935    
  12490000   0.9904961      5.9555681      1.4856948      6.8977333    
  12500000   0.99969595     5.9579672      1.4994941      6.8991364    
  12510000   0.99324266     5.9625101      1.4898145      6.9057212    
  12520000   1.0004355      5.9793587      1.5006034      6.9096183    
  12530000   0.99855676     5.9671848      1.4977854      6.9068691    
  12540000   0.99886233     5.9602212      1.4982437      6.9010074    
  12550000   0.99305887     5.9788906      1.4895388      6.9062115    
  12560000   0.98993811     5.9694066      1.4848578      6.9041262    
  12570000   1.0060467      5.9549981      1.50902        6.9027429    
  12580000   0.99604668     5.9655435      1.4940204      6.9038657    
  12590000   1.0017978      5.9626544      1.5026467      6.9061223    
  12600000   1.0012559      5.9761606      1.501834       6.904565     
  12610000   0.99496441     5.968004       1.492397       6.8992242    
  12620000   1.0010138      5.9787939      1.5014708      6.9041531    
  12630000   0.99888736     5.9631702      1.4982813      6.8966963    
  12640000   1.0044051      5.9622541      1.5065576      6.9032116    
  12650000   1.0108349      5.9644446      1.5162019      6.9050255    
  12660000   0.99591596     5.9544987      1.4938243      6.9034463    
  12670000   0.99067356     5.9525199      1.485961       6.8980383    
  12680000   1.0042707      5.9549719      1.5063561      6.9087652    
  12690000   0.99804072     5.9455978      1.4970113      6.8966725    
  12700000   0.99882283     5.9583648      1.4981845      6.9097522    
  12710000   1.0006293      5.9542582      1.5008941      6.9007044    
  12720000   1.000111       5.9394371      1.5001167      6.8985702    
  12730000   0.98577304     5.9680975      1.4786104      6.9010705    
  12740000   1.0012194      5.9627968      1.5017792      6.8984489    
  12750000   1.0037957      5.9548945      1.5056436      6.9033293    
  12760000   1.0000926      5.9640567      1.500089       6.8995535    
  12770000   1.0060018      5.9550525      1.5089526      6.9091272    
  12780000   1.0027251      5.9526402      1.5040376      6.9007418    
  12790000   0.99866352     5.9522867      1.4979455      6.9077169    
  12800000   0.99791983     5.9535722      1.49683        6.9049691    
  12810000   0.99992249     5.9437927      1.4998339      6.9006877    
  12820000   1.0017905      5.9570444      1.5026358      6.9067341    
  12830000   1.0035759      5.9674862      1.5053139      6.9042446    
  12840000   1.0056151      5.9528493      1.5083726      6.904026     
  12850000   1.0054287      5.9501559      1.508093       6.900554     
  12860000   1.0000548      5.9456108      1.5000323      6.8980397    
  12870000   1.0008389      5.94744        1.5012085      6.891998     
  12880000   0.99701571     5.9560835      1.4954739      6.9004774    
  12890000   1.0030096      5.9459406      1.5044644      6.8996137    
  12900000   1.008297       5.9533946      1.5123952      6.9107451    
  12910000   0.99629996     5.9626029      1.4944003      6.8988504    
  12920000   1.0023724      5.9786294      1.5035086      6.9150162    
  12930000   1.0007617      5.96252        1.5010927      6.9002814    
  12940000   0.98950435     5.9660318      1.4842072      6.896995     
  12950000   0.99732335     5.96962        1.4959353      6.9025935    
  12960000   0.99633516     5.9614288      1.4944531      6.9030307    
  12970000   0.99825285     5.965678       1.4973295      6.9058741    
  12980000   1.0005737      5.961821       1.5008107      6.9054982    
  12990000   0.99994659     5.9577197      1.4998701      6.9034364    
  13000000   1.0007955      5.9513907      1.5011433      6.9079877    
  13010000   0.99689876     5.9478103      1.4952985      6.8995789    
  13020000   1.0031271      5.9497259      1.5046407      6.9015418    
  13030000   0.99907333     5.9361743      1.4985602      6.8979032    
  13040000   1.000361       5.9542542      1.5004917      6.9032926    
  13050000   1.0002824      5.9412794      1.5003737      6.9022487    
  13060000   0.99265381     5.9558051      1.4889313      6.9031224    
  13070000   1.0057469      5.9414245      1.5085703      6.8993473    
  13080000   1.0053879      5.9466331      1.5080318      6.9001019    
  13090000   1.0037173      5.964554       1.505526       6.9055841    
  13100000   0.998446       5.9490294      1.4976192      6.9042007    
  13110000   1.0033686      5.9468038      1.5050028      6.9024724    
  13120000   0.99543211     5.9430417      1.4930986      6.8991232    
  13130000   0.99721415     5.9397176      1.4957715      6.8970343    
  13140000   1.0044011      5.9482062      1.5065516      6.8968403    
  13150000   1.0026403      5.9563383      1.5039104      6.9038826    
  13160000   0.99716846     5.9505058      1.495703       6.9025764    
  13170000   1.0042209      5.962209       1.5062814      6.9011101    
  13180000   1.0016717      5.9477832      1.5024576      6.898914     
  13190000   1.0043596      5.9683561      1.5064893      6.9059627    
  13200000   0.99799        5.962531       1.4969353      6.902861     
  13210000   0.99926522     5.959702       1.498848       6.9064669    
  13220000   0.99524141     5.9507102      1.4928125      6.8990856    
  13230000   0.99620918     5.9693201      1.4942641      6.9128326    
  13240000   0.99802208     5.9526592      1.4969834      6.9071619    
  13250000   0.99811805     5.952463       1.4971273      6.9056568    
  13260000   0.99707114     5.9763871      1.495557       6.9111679    
  13270000   1.0000767      5.9644666      1.5000651      6.8986494    
  13280000   1.0016163      5.9523686      1.5023746      6.9040571    
  13290000   1.0028357      5.9454866      1.5042036      6.9062895    
  13300000   1.003525       5.9558846      1.5052375      6.9001057    
  13310000   0.99802028     5.9529533      1.4969807      6.8963646    
  13320000   1.0016113      5.9582832      1.5023671      6.9081166    
  13330000   1.0074775      5.9580076      1.511166       6.9068758    
  13340000   0.99995526     5.9495883      1.4998831      6.9033247    
  13350000   0.99724376     5.9552804      1.4958159      6.9044668    
  13360000   1.0009993      5.9615471      1.5014491      6.9014769    
  13370000   1.0029384      5.9564446      1.5043576      6.902232     
  13380000   0.99994148     5.9637453      1.4998624      6.9064246    
  13390000   1.0005147      5.9698559      1.5007222      6.905278     
  13400000   0.99676612     5.9640265      1.4950995      6.9037549    
  13410000   0.98980798     5.9625893      1.4846626      6.9090195    
  13420000   1.0011135      5.9384573      1.5016203      6.8973497    
  13430000   1.0076236      5.9479328      1.5113852      6.8943302    
  13440000   0.99501339     5.9532516      1.4924705      6.9062422    
  13450000   0.99625828     5.9540064      1.4943378      6.9052491    
  13460000   0.99482061     5.9543038      1.4921813      6.9110082    
  13470000   0.997071       5.9539086      1.4955568      6.9049625    
  13480000   1.0005954      5.9528011      1.5008432      6.8928018    
  13490000   0.99924241     5.9573296      1.4988138      6.8988263    
  13500000   1.0001273      5.9775146      1.5001411      6.9105279    
  13510000   0.99398567     5.9772332      1.490929       6.9047806    
  13520000   1.0108046      5.9694816      1.5161566      6.9111115    
  13530000   1.0080511      5.9521663      1.5120265      6.9031497    
  13540000   1.000344       5.9708796      1.5004662      6.905946     
  13550000   1.0025676      5.9654269      1.5038014      6.9082012    
  13560000   1.0018935      5.9570086      1.5027903      6.8985758    
  13570000   0.99210298     5.9643321      1.488105       6.903657     
  13580000   0.99694386     5.9550493      1.4953661      6.8993113    
  13590000   0.99706554     5.9663662      1.4955486      6.903207     
  13600000   0.99094712     5.9642641      1.4863713      6.9013011    
  13610000   1.0042175      5.9425964      1.5062762      6.8962161    
  13620000   0.99906895     5.9518514      1.4985536      6.9084643    
  13630000   0.99817645     5.951814       1.4972149      6.8979451    
  13640000   0.99849751     5.9498729      1.4976965      6.8973708    
  13650000   0.99989805     5.949498       1.4997972      6.9009083    
  13660000   1.0015644      5.9494549      1.5022967      6.9020483    
  13670000   0.9981051      5.9575594      1.4971079      6.9050943    
  13680000   1.0100447      5.9605264      1.5150168      6.9035214    
  13690000   1.0087047      5.9510957      1.5130068      6.9009584    
  13700000   1.0026593      5.9421558      1.503939       6.8979627    
  13710000   0.99607662     5.9311626      1.4940653      6.8965839    
  13720000   1.0043301      5.9483613      1.5064452      6.9021605    
  13730000   0.99668922     5.9448991      1.4949842      6.899147     
  13740000   0.99724602     5.9602952      1.4958193      6.910413     
  13750000   1.0065815      5.9379387      1.5098222      6.9004545    
  13760000   1.00138        5.9439609      1.5020201      6.9042128    
  13770000   1.0030387      5.9460188      1.504508       6.9028948    
  13780000   0.99301884     5.9405467      1.4894788      6.8888032    
  13790000   0.99110038     5.9547967      1.4866012      6.9034604    
  13800000   1.0002562      5.9636775      1.5003344      6.9046819    
  13810000   1.0058916      5.9608422      1.5087872      6.8987052    
  13820000   1.001863       5.9632313      1.5027445      6.8993011    
  13830000   0.99444355     5.9721496      1.4916158      6.9099805    
  13840000   0.99175297     5.9569303      1.48758        6.8991422    
  13850000   1.0014049      5.958815       1.5020574      6.9119024    
  13860000   1.0011151      5.9455851      1.5016227      6.9006188    
  13870000   0.98996492     5.956156       1.484898       6.9079529    
  13880000   1.0015634      5.9514498      1.5022951      6.9022189    
  13890000   1.0043125      5.9413493      1.5064186      6.8970444    
  13900000   0.9968184      5.9557064      1.4951779      6.9072892    
  13910000   1.0040175      5.9490283      1.5059762      6.9014057    
  13920000   1.0037267      5.9463745      1.5055401      6.8976455    
  13930000   1.0011663      5.9453276      1.5016996      6.8979148    
  13940000   0.99342468     5.9479625      1.4900875      6.9004304    
  13950000   0.99676969     5.9565489      1.4951049      6.9012239    
  13960000   1.0013755      5.9406718      1.5020133      6.9021648    
  13970000   0.99373951     5.939935       1.4905597      6.9010552    
  13980000   1.0034461      5.9551527      1.5051191      6.9041222    
  13990000   0.99724145     5.9576226      1.4958125      6.904439     
  14000000   1.0089097      5.9606803      1.5133143      6.9087551    
  14010000   0.99360297     5.9524326      1.4903549      6.9035866    
  14020000   1.0111881      5.9555535      1.5167318      6.9076873    
  14030000   0.99188749     5.9438665      1.4877818      6.8966822    
  14040000   0.99685655     5.9494938      1.4952352      6.8922761    
  14050000   1.0012045      5.9525314      1.5017568      6.9019514    
  14060000   0.99595328     5.9485262      1.4938803      6.9031984    
  14070000   0.99632452     5.9792486      1.4944371      6.9167949    
  14080000   0.99755222     5.9445129      1.4962786      6.8950908    
  14090000   0.99790698     5.9566864      1.4968107      6.9109645    
  14100000   1.0082124      5.9449863      1.5122683      6.8999378    
  14110000   0.99946459     5.9572173      1.4991471      6.9033237    
  14120000   1.0048236      5.9603807      1.5071853      6.9049046    
  14130000   1.003694       5.9579125      1.505491       6.9062314    
  14140000   1.0018688      5.9503817      1.5027533      6.8990174    
  14150000   0.99984406     5.9592402      1.4997163      6.9051401    
  14160000   0.9934209      5.9562859      1.4900819      6.903362     
  14170000   1.0091896      5.9624478      1.5137341      6.9136426    
  14180000   1.0062469      5.9600742      1.5093202      6.9021863    
  14190000   0.99726431     5.9547015      1.4958468      6.9049845    
  14200000   1.0039613      5.9555463      1.505892       6.8986558    
  14210000   1.0029136      5.9660125      1.5043204      6.9038718    
  14220000   0.99848357     5.9613847      1.4976756      6.911582     
  14230000   1.0014134      5.9288663      1.5020702      6.8930287    
  14240000   0.99871797     5.9626645      1.4980272      6.9065645    
  14250000   1.0008924      5.9582578      1.5012887      6.9015036    
  14260000   0.99941017     5.9602976      1.4990655      6.8976325    
  14270000   0.99653428     5.9684827      1.4947518      6.9112672    
  14280000   1.0012819      5.9683842      1.501873       6.9031386    
  14290000   0.99554846     5.9702412      1.4932731      6.9124389    
  14300000   0.99451654     5.9538966      1.4917252      6.8926783    
  14310000   0.99464346     5.9519199      1.4919156      6.902115     
  14320000   1.0002675      5.9498545      1.5003514      6.8986121    
  14330000   0.99819225     5.9514689      1.4972386      6.9043708    
  14340000   0.99976323     5.9648518      1.499595       6.9115973    
  14350000   1.0009773      5.9690211      1.5014161      6.9082189    
  14360000   0.99723797     5.9563181      1.4958073      6.8993346    
  14370000   1.0006553      5.957798       1.5009331      6.9060507    
  14380000   0.99262923     5.9612797      1.4888944      6.9013755    
  14390000   0.99554662     5.9511084      1.4932703      6.8944086    
  14400000   1.0032379      5.9410537      1.5048069      6.9019829    
  14410000   0.99817003     5.9466414      1.4972053      6.9014846    
  14420000   0.99401943     5.9446062      1.4909796      6.8988644    
  14430000   0.9935804      5.9510796      1.4903211      6.9006274    
  14440000   0.98972571     5.952077       1.4845392      6.9040657    
  14450000   1.0038942      5.965824       1.5057913      6.9044331    
  14460000   0.99887655     5.9612647      1.498265       6.9019422    
  14470000   1.0003795      5.9636313      1.5005194      6.9043155    
  14480000   1.0042203      5.9617239      1.5062804      6.8971075    
  14490000   1.0081373      5.9733459      1.5121557      6.9115172    
  14500000   1.0066345      5.9628961      1.5099016      6.9061382    
  14510000   0.99818494     5.9553159      1.4972277      6.9057698    
  14520000   1.0052555      5.9497711      1.5078331      6.9031577    
  14530000   0.9946716      5.94933        1.4919578      6.9029599    
  14540000   0.99681869     5.9554856      1.4951784      6.9101449    
  14550000   0.99973874     5.9523476      1.4995583      6.9017914    
  14560000   1.0101983      5.9497798      1.5152471      6.8972738    
  14570000   0.99966437     5.936881       1.4994467      6.8951899    
  14580000   1.0019613      5.9681465      1.502892       6.907131     
  14590000   1.000417       5.9581733      1.5005757      6.8995715    
  14600000   0.99337155     5.9635624      1.4900078      6.9005371    
  14610000   1.0005355      5.9541479      1.5007534      6.9031439    
  14620000   1.0047362      5.9616885      1.5070543      6.9024943    
  14630000   1.0019361      5.950881       1.5028542      6.8980882    
  14640000   1.0023974      5.9604574      1.5035461      6.9083346    
  14650000   1.0011439      5.9364549      1.501666       6.8992072    
  14660000   1.0088052      5.9509578      1.5131575      6.9073851    
  14670000   0.9976332      5.9574772      1.4964001      6.9115819    
  14680000   0.99688968     5.9600828      1.4952848      6.9021977    
  14690000   0.99989009     5.9501747      1.4997853      6.9019402    
  14700000   1.0025408      5.9419529      1.5037612      6.8991897    
  14710000   1.0030581      5.9594712      1.5045372      6.9078997    
  14720000   0.99509378     5.9576033      1.4925911      6.8993392    
  14730000   1.0016825      5.945791       1.5024738      6.8959184    
  14740000   0.99166837     5.9598957      1.4874531      6.9040037    
  14750000   1.0078503      5.9711495      1.5117253      6.9077834    
  14760000   0.99846264     5.9496472      1.4976442      6.9069508    
  14770000   1.0003029      5.9533521      1.5004045      6.9029318    
  14780000   0.99623806     5.953461       1.4943074      6.904037     
  14790000   0.99759196     5.947018       1.4963382      6.9049851    
  14800000   0.99597483     5.9450187      1.4939126      6.8955203    
  14810000   0.99914378     5.9581552      1.4986659      6.9063745    
  14820000   0.99588112     5.954008       1.4937721      6.9062273    
  14830000   0.99724403     5.9558042      1.4958164      6.9065387    
  14840000   1.0041422      5.9499669      1.5061633      6.9072655    
  14850000   1.0009652      5.9346124      1.501398       6.9023463    
  14860000   0.9989556      5.9513345      1.4983836      6.9033884    
  14870000   1.0032782      5.9412831      1.5048673      6.8993711    
  14880000   0.98947179     5.9480402      1.4841584      6.9012728    
  14890000   1.0016188      5.9524264      1.5023783      6.895568     
  14900000   0.99757291     5.9570696      1.4963097      6.9034363    
  14910000   0.99916901     5.9619329      1.4987037      6.907957     
  14920000   0.99590692     5.9539574      1.4938107      6.9023727    
  14930000   0.99002279     5.9675804      1.4849848      6.903597     
  14940000   1.0004092      5.9518535      1.5005639      6.9000647    
  14950000   0.99580975     5.9588548      1.493665       6.9013051    
  14960000   0.99537293     5.9672936      1.4930098      6.9039964    
  14970000   1.0005146      5.9666404      1.500722       6.9064631    
  14980000   0.99750664     5.9661787      1.4962102      6.9034332    
  14990000   0.99547781     5.9554034      1.4931671      6.8945065    
  15000000   1.0047181      5.9557083      1.5070271      6.8938855    
  15010000   1.0028127      5.9546337      1.5041691      6.9030778    
  15020000   1.0064533      5.9466033      1.5096298      6.8970758    
  15030000   0.99916658     5.9351795      1.4987001      6.8983994    
  15040000   0.995053       5.9509948      1.4925299      6.8955804    
  15050000   0.99128227     5.9326966      1.486874       6.9014989    
  15060000   1.002231       5.9474553      1.5032965      6.8967396    
  15070000   0.99887835     5.9603876      1.4982677      6.9098118    
  15080000   0.99619362     5.9625028      1.4942408      6.9024981    
  15090000   1.0004489      5.9543491      1.5006235      6.905175     
  15100000   0.99781311     5.9452167      1.4966699      6.8984372    
  15110000   0.99377314     5.9509883      1.4906102      6.9045741    
  15120000   0.99663077     5.9499046      1.4948965      6.8975931    
  15130000   1.0110493      5.9516182      1.5165235      6.9077473    
  15140000   0.99759407     5.952343       1.4963414      6.8949714    
  15150000   1.0011737      5.9602492      1.5017106      6.9038148    
  15160000   1.0041663      5.9553733      1.5061994      6.9010181    
  15170000   1.0034731      5.9449184      1.5051597      6.899151     
  15180000   1.0028498      5.9449147      1.5042248      6.900641     
  15190000   0.99865935     5.9567701      1.4979393      6.9084804    
  15200000   0.99702422     5.9650843      1.4954867      6.9072124    
  15210000   1.0047386      5.9578273      1.5070579      6.9109676    
  15220000   1.0045604      5.9637342      1.5067905      6.9024741    
  15230000   1.0031219      5.9590115      1.5046328      6.9098243    
  15240000   1.0003129      5.9470387      1.5004196      6.8987309    
  15250000   0.99570982     5.9542426      1.4935151      6.9044469    
  15260000   0.98953115     5.950939       1.4842474      6.9021671    
  15270000   0.99873099     5.9656778      1.4980467      6.9000173    
  15280000   1.0027244      5.951474       1.5040367      6.905801     
  15290000   0.99815778     5.9596187      1.4971869      6.9064007    
  15300000   1.0002982      5.9633978      1.5003975      6.9050305    
  15310000   0.98831524     5.9509496      1.4824236      6.9016144    
  15320000   1.0093516      5.9535957      1.5139771      6.8984501    
  15330000   1.0072821      5.95177        1.510873       6.8989113    
  15340000   1.0063276      5.9511091      1.5094412      6.898505     
  15350000   1.0001229      5.9601122      1.5001345      6.9035073    
  15360000   1.0040981      5.9538476      1.5060972      6.9059636    
  15370000   1.0047484      5.960849       1.5070725      6.9037281    
  15380000   0.99104439     5.9450101      1.4865172      6.9026214    
  15390000   1.0010451      5.9671871      1.5015178      6.9100903    
  15400000   1.004844       5.9588489      1.5072159      6.8981996    
  15410000   0.99622491     5.9644654      1.4942877      6.9026506    
  15420000   0.99378109     5.9564035      1.4906221      6.9014079    
  15430000   0.99909555     5.9491413      1.4985935      6.9010242    
  15440000   1.0005133      5.9579246      1.5007201      6.9011527    
  15450000   0.99987295     5.9560204      1.4997596      6.8972372    
  15460000   0.99737863     5.9497223      1.4960182      6.8988186    
  15470000   1.0030552      5.9577144      1.5045328      6.8988088    
  15480000   0.99941209     5.9575137      1.4990683      6.9054614    
  15490000   1.0015381      5.9553483      1.5022573      6.9021831    
  15500000   0.99590382     5.9682863      1.4938061      6.9061927    
  15510000   0.99361829     5.9645109      1.4903779      6.9063014    
  15520000   0.9919557      5.9619517      1.4878841      6.9052013    
  15530000   1.0028202      5.9617275      1.5041803      6.9090986    
  15540000   1.0012963      5.9441281      1.5018945      6.8985724    
  15550000   0.99887698     5.9463524      1.4982657      6.9072746    
  15560000   1.003561       5.9463499      1.5052915      6.9047646    
  15570000   1.0040532      5.9578679      1.5060297      6.9015037    
  15580000   1.001557       5.9625319      1.5022856      6.9048481    
  15590000   1.0021979      5.9664762      1.5032469      6.904189     
  15600000   0.99610354     5.9617805      1.4941057      6.9042399    
  15610000   1.0062845      5.9507333      1.5093766      6.8979706    
  15620000   0.9937345      5.9573075      1.4905522      6.9016799    
  15630000   0.99980276     5.9675385      1.4996543      6.9110355    
  15640000   0.99862136     5.9554702      1.4978823      6.9075736    
  15650000   0.99360675     5.9500605      1.4903606      6.9012339    
  15660000   0.99102344     5.9526859      1.4864858      6.8958681    
  15670000   0.98944904     5.9549312      1.4841243      6.899035     
  15680000   1.003879       5.9596967      1.5057685      6.9019488    
  15690000   1.0091111      5.9555315      1.5136163      6.8949892    
  15700000   0.99471663     5.9547694      1.4920254      6.899523     
  15710000   0.99424606     5.9460229      1.4913195      6.9114542    
  15720000   1.0024712      5.9449024      1.5036569      6.8959839    
  15730000   0.99051303     5.9576083      1.4857202      6.9045806    
  15740000   0.99638873     5.9569288      1.4945334      6.9015834    
  15750000   1.0002141      5.9626131      1.5002713      6.9009962    
  15760000   1.0019238      5.962083       1.5028357      6.9102297    
  15770000   1.0028154      5.9591841      1.5041732      6.9029167    
  15780000   0.99917102     5.9686824      1.4987067      6.9058844    
  15790000   0.99392328     5.9735782      1.4908354      6.9070103    
  15800000   0.99746172     5.9594957      1.4961429      6.9016835    
  15810000   1.0026867      5.9579243      1.5039801      6.9030006    
  15820000   1.0006124      5.9493324      1.5008687      6.9008722    
  15830000   1.0072099      5.957029       1.5107646      6.9006924    
  15840000   1.0044573      5.9624605      1.5066359      6.8990509    
  15850000   1.0018244      5.9699958      1.5026867      6.9126652    
  15860000   1.0042438      5.9715799      1.5063156      6.9092333    
  15870000   1.0036793      5.9524093      1.5054689      6.9023758    
  15880000   0.99619414     5.9530465      1.4942416      6.8968429    
  15890000   0.99537287     5.9684055      1.4930097      6.9061622    
  15900000   1.0034784      5.9668011      1.5051675      6.9075268    
  15910000   1.0067528      5.9544963      1.510079       6.8985447    
  15920000   1.0024001      5.9518931      1.5035501      6.9023289    
  15930000   1.0096703      5.9556186      1.5144551      6.8989673    
  15940000   0.99782997     5.9632619      1.4966952      6.9036773    
  15950000   0.99402755     5.9523025      1.4909918      6.909022     
  15960000   0.99930682     5.9576932      1.4989104      6.9018713    
  15970000   1.0065974      5.9408258      1.5098459      6.9007108    
  15980000   0.9956303      5.9468521      1.4933958      6.8945662    
  15990000   1.0027216      5.9485639      1.5040325      6.8939752    
  16000000   1.0030048      5.9526954      1.5044572      6.900128     
  16010000   0.99933056     5.953628       1.498946       6.9005106    
  16020000   1.0013541      5.9628036      1.5019812      6.9081097    
  16030000   1.0007703      5.9631902      1.5011056      6.9108809    
  16040000   0.99702591     5.9699751      1.4954892      6.9100266    
  16050000   1.001253       5.9603605      1.5018296      6.9085574    
  16060000   0.9971051      5.9596539      1.495608       6.9085556    
  16070000   1.0003186      5.9542449      1.5004281      6.8991591    
  16080000   1.0001273      5.9640871      1.5001411      6.9036071    
  16090000   1.0023543      5.958011       1.5034815      6.9104202    
  16100000   0.99507677     5.9640106      1.4925656      6.9115905    
  16110000   0.99567136     5.9551781      1.4934574      6.902477     
  16120000   1.0016139      5.9615377      1.502371       6.9050702    
  16130000   1.0013242      5.9570409      1.5019364      6.9046051    
  16140000   0.99809713     5.9608707      1.497096       6.9106965    
  16150000   0.99924102     5.963281       1.4988117      6.9109336    
  16160000   1.0059213      5.9529258      1.5088318      6.9003087    
  16170000   0.9961977      5.9476525      1.4942469      6.9016542    
  16180000   0.99893312     5.9393679      1.4983499      6.9047505    
  16190000   0.99725576     5.9276694      1.4958339      6.9023615    
  16200000   1.0089238      5.9551556      1.5133354      6.9105685    
  16210000   1.004059       5.9562111      1.5060385      6.911182     
  16220000   1.0036387      5.9490244      1.505408       6.8975488    
  16230000   1.005755       5.9612074      1.5085823      6.9047209    
  16240000   0.99775513     5.9456108      1.496583       6.9020374    
  16250000   0.99874966     5.9227155      1.4980747      6.8939159    
  16260000   0.99822759     5.9452389      1.4972916      6.9013095    
  16270000   0.99736327     5.9448675      1.4959952      6.9017466    
  16280000   1.0007252      5.9401965      1.5010379      6.8979008    
  16290000   1.0073423      5.9458683      1.5109633      6.8928103    
  16300000   1.0036298      5.9505255      1.5053946      6.8976843    
  16310000   1.0081657      5.9514912      1.5121983      6.9032898    
  16320000   0.99792606     5.9708737      1.4968394      6.9016833    
  16330000   1.0056422      5.9658076      1.5084132      6.905259     
  16340000   0.99519572     5.9524548      1.492744       6.9044647    
  16350000   0.99964731     5.9645984      1.4994211      6.9141293    
  16360000   0.99993561     5.9497228      1.4998536      6.9023654    
  16370000   0.99541732     5.9657921      1.4930764      6.905823     
  16380000   1.0086734      5.9455285      1.5129599      6.9023781    
  16390000   0.99379441     5.962207       1.4906421      6.9070928    
  16400000   1.0058058      5.9498191      1.5086586      6.9049663    
  16410000   0.99731644     5.9485666      1.495925       6.8958757    
  16420000   1.0038203      5.9492336      1.5056804      6.9051756    
  16430000   1.0084009      5.9628806      1.512551       6.9078287    
  16440000   0.99848451     5.9537789      1.497677       6.9009899    
  16450000   1.0027168      5.9662937      1.5040252      6.9158952    
  16460000   1.001197       5.9474219      1.5017457      6.9052725    
  16470000   1.0017829      5.9607175      1.5026244      6.9090233    
  16480000   1.0002698      5.9415992      1.5003549      6.8945517    
  16490000   1.0032848      5.9417338      1.5048772      6.9048073    
  16500000   0.99805333     5.9513719      1.4970303      6.9055737    
  16510000   1.010079       5.952253       1.5150682      6.9062998    
  16520000   0.992192       5.9566924      1.4882386      6.9105151    
  16530000   0.99311616     5.9683475      1.4896248      6.9086197    
  16540000   0.99792246     5.9522803      1.496834       6.9002291    
  16550000   1.0052963      5.9642368      1.5078944      6.9073354    
  16560000   0.99681534     5.9663699      1.4951733      6.9049085    
  16570000   1.0082262      5.9612348      1.5122891      6.9044176    
  16580000   0.99066785     5.961252       1.4859524      6.9021052    
  16590000   0.9996572      5.9698263      1.499436       6.9050082    
  16600000   0.99977226     5.9522447      1.4996086      6.9011615    
  16610000   0.99577954     5.9459553      1.4936197      6.8980491    
  16620000   0.99943987     5.9579539      1.49911        6.9067005    
  16630000   1.0042945      5.9492487      1.5063918      6.9011387    
  16640000   1.0016591      5.9581989      1.5024388      6.9063345    
  16650000   0.99893426     5.9505435      1.4983516      6.897535     
  16660000   1.0019118      5.9399582      1.5028178      6.9021615    
  16670000   1.0003849      5.9470617      1.5005274      6.8991462    
  16680000   1.0029842      5.9501998      1.5044263      6.9013523    
  16690000   0.99235716     5.9456148      1.4884863      6.8965429    
  16700000   0.99652164     5.9550808      1.4947328      6.9007506    
  16710000   0.99904105     5.9760137      1.4985118      6.9059356    
  16720000   0.99231199     5.9542206      1.4884185      6.9017816    
  16730000   0.99297443     5.9474495      1.4894122      6.893986     
  16740000   0.99466871     5.9506452      1.4919535      6.9091768    
  16750000   1.008575       5.9474445      1.5128122      6.9055851    
  16760000   0.99660949     5.9468338      1.4948646      6.9000646    
  16770000   1.007198       5.9487664      1.5107469      6.9030389    
  16780000   0.99906716     5.9393906      1.498551       6.8937363    
  16790000   0.99987932     5.9545955      1.4997691      6.9056984    
  16800000   0.99915098     5.9549237      1.4986767      6.9053639    
  16810000   1.0006098      5.9439118      1.5008649      6.9018812    
  16820000   0.99329912     5.9576565      1.4898992      6.9077759    
  16830000   1.001997       5.9535577      1.5029455      6.8982343    
  16840000   0.99908508     5.965548       1.4985778      6.908751     
  16850000   0.99583262     5.9488179      1.4936993      6.9052824    
  16860000   1.0083693      5.9686611      1.5125037      6.9083609    
  16870000   1.0080187      5.9465798      1.5119777      6.8990254    
  16880000   0.998121       5.9572906      1.4971318      6.9046854    
  16890000   1.006158       5.9696908      1.5091869      6.9097805    
  16900000   1.0000237      5.9664852      1.4999858      6.9096245    
  16910000   1.0015567      5.9443052      1.5022851      6.8966679    
  16920000   0.99487669     5.9585904      1.4922655      6.902822     
  16930000   0.99253258     5.9532008      1.4887494      6.9074399    
  16940000   0.99607108     5.9625334      1.494057       6.9044668    
  16950000   1.0027041      5.9512715      1.5040062      6.9077871    
  16960000   1.0006127      5.9554618      1.5008692      6.8987013    
  16970000   0.99727079     5.9629451      1.4958565      6.9054507    
  16980000   1.0077625      5.9647062      1.5115935      6.9110417    
  16990000   1.002656       5.9615285      1.5039341      6.8995663    
  17000000   0.99399564     5.9713862      1.4909439      6.9052337    
  17010000   0.99487904     5.9639594      1.492269       6.907131     
  17020000   0.99682341     5.9816886      1.4951854      6.9091835    
  17030000   1.000081       5.9709344      1.5000717      6.9028084    
  17040000   1.0050226      5.9638826      1.5074838      6.9047032    
  17050000   1.0003128      5.9642853      1.5004193      6.9019279    
  17060000   1.0095728      5.9731807      1.514309       6.9130744    
  17070000   1.0010711      5.9610897      1.5015567      6.9042362    
  17080000   1.0059927      5.95505        1.5089389      6.9016802    
  17090000   0.99177837     5.9541675      1.4876181      6.9053879    
  17100000   0.99657521     5.9574108      1.4948132      6.902667     
  17110000   1.0058565      5.9636678      1.5087346      6.8966892    
  17120000   1.0026509      5.9618668      1.5039264      6.9019354    
  17130000   0.99304356     5.9593274      1.4895158      6.9010508    
  17140000   0.99545674     5.9576189      1.4931355      6.898229     
  17150000   1.0047485      5.9586564      1.5070727      6.9008212    
  17160000   1.0033156      5.9548892      1.5049233      6.9016278    
  17170000   0.99103306     5.9702793      1.4865002      6.9141571    
  17180000   0.998048       5.9650426      1.4970223      6.9063163    
  17190000   0.99847738     5.9586082      1.4976663      6.8958804    
  17200000   1.0001637      5.9769436      1.5001957      6.9114092    
  17210000   0.99916141     5.9626172      1.4986923      6.8998595    
  17220000   1.0066047      5.9796181      1.5098568      6.9072501    
  17230000   0.99983809     5.9592538      1.4997073      6.9018162    
  17240000   1.0025473      5.9598432      1.5037709      6.9012217    
  17250000   1.0086562      5.9472399      1.512934       6.89995      
  17260000   0.99899482     5.950053       1.4984424      6.9017676    
  17270000   0.99485559     5.9565039      1.4922338      6.9055383    
  17280000   1.0003501      5.9586459      1.5004752      6.9064764    
  17290000   1.0050032      5.9528649      1.5074546      6.9019249    
  17300000   0.99725981     5.9499091      1.49584        6.8950854    
  17310000   0.99732956     5.9624896      1.4959446      6.9027634    
  17320000   1.0029986      5.9590575      1.5044479      6.9027662    
  17330000   0.99838548     5.9476904      1.4975285      6.8995479    
  17340000   0.99797097     5.9444768      1.4969067      6.8952717    
  17350000   0.99931292     5.9583253      1.4989196      6.9038629    
  17360000   1.0022107      5.956153       1.5032661      6.9003277    
  17370000   1.005496       5.954833       1.508194       6.9007375    
  17380000   0.99725717     5.9710804      1.4958361      6.9125261    
  17390000   1.0068849      5.9741974      1.5102772      6.9037453    
  17400000   0.99362666     5.9665261      1.4903905      6.9019765    
  17410000   1.0047702      5.9740334      1.5071052      6.8996659    
  17420000   0.99503829     5.9665499      1.4925078      6.8950249    
  17430000   0.99270174     5.9659218      1.4890031      6.9076704    
  17440000   0.99889723     5.9557043      1.4982961      6.8966521    
  17450000   1.0015176      5.9610975      1.5022265      6.8964507    
  17460000   1.0060121      5.967766       1.508968       6.9056786    
  17470000   1.0038878      5.9499134      1.5057817      6.8981986    
  17480000   1.0034613      5.9561033      1.5051419      6.8927166    
  17490000   0.992433       5.9557074      1.4886         6.9066576    
  17500000   1.0077446      5.9556094      1.5115667      6.9044316    
  17510000   1.0054201      5.9589086      1.50808        6.8969748    
  17520000   0.99909256     5.9492498      1.498589       6.8932324    
  17530000   0.99967329     5.9597657      1.4994601      6.9013582    
  17540000   0.99776434     5.9495925      1.4965968      6.8944638    
  17550000   1.0034852      5.9445574      1.5051778      6.8994931    
  17560000   1.0006463      5.9514417      1.5009196      6.9006483    
  17570000   0.99966968     5.9650499      1.4994547      6.907706     
  17580000   1.003371       5.9608559      1.5050065      6.9046588    
  17590000   1.0039369      5.9577         1.5058553      6.9069117    
  17600000   1.0038943      5.9479713      1.5057914      6.8954213    
  17610000   0.99714651     5.964267       1.4956701      6.9039315    
  17620000   0.99799277     5.9508453      1.4969394      6.8962035    
  17630000   0.98671597     5.9489541      1.4800248      6.8960182    
  17640000   1.002016       5.9650275      1.5029741      6.9038464    
  17650000   0.99656299     5.9694563      1.4947948      6.906799     
  17660000   1.0087083      5.9590962      1.5130121      6.9025269    
  17670000   1.003648       5.9661097      1.505422       6.9015935    
  17680000   1.0089715      5.9554572      1.513407       6.8979312    
  17690000   0.99806752     5.9376519      1.4970515      6.8987856    
  17700000   1.0027111      5.9505467      1.5040166      6.9077396    
  17710000   0.9949411      5.9652928      1.4923621      6.9068952    
  17720000   0.99304472     5.9493235      1.4895176      6.9050377    
  17730000   1.010973       5.9584431      1.5164091      6.9080996    
  17740000   1.0047601      5.951257       1.50709        6.9028871    
  17750000   1.0036122      5.9307358      1.5053683      6.896734     
  17760000   0.99902939     5.9330175      1.4984943      6.9055714    
  17770000   1.0025503      5.9451759      1.5037755      6.9047024    
  17780000   0.99697222     5.9589322      1.4954087      6.9009505    
  17790000   1.0016247      5.9491344      1.5023871      6.8982098    
  17800000   0.99791811     5.9487406      1.4968274      6.9083719    
  17810000   1.0062304      5.9471398      1.5092955      6.8995634    
  17820000   0.99544417     5.956265       1.4931167      6.9048284    
  17830000   0.9881458      5.9495298      1.4821695      6.9085733    
  17840000   0.99443538     5.9650684      1.4916035      6.9128222    
  17850000   0.99942702     5.9608499      1.4990907      6.9023218    
  17860000   1.0066159      5.9517936      1.5098737      6.9007763    
  17870000   1.00407        5.959476       1.506055       6.9082849    
  17880000   0.99184766     5.9590701      1.4877221      6.9020939    
  17890000   0.99904845     5.9612508      1.4985229      6.9052104    
  17900000   1.0004274      5.9732491      1.5005913      6.9171947    
  17910000   0.99296066     5.9592774      1.4893915      6.902124     
  17920000   1.0037424      5.9619682      1.5055636      6.9061734    
  17930000   0.99938974     5.9570419      1.4990348      6.9103726    
  17940000   0.99525084     5.9469268      1.4928267      6.8936066    
  17950000   1.0039974      5.9576738      1.505946       6.9025529    
  17960000   0.99482563     5.9636231      1.4921889      6.9035463    
  17970000   0.9949049      5.9680222      1.4923078      6.9068785    
  17980000   1.0090476      5.9716336      1.5135211      6.9059208    
  17990000   0.99365426     5.957674       1.4904319      6.8949173    
  18000000   0.9983013      5.9563459      1.4974022      6.9033781    
  18010000   0.99452601     5.9481471      1.4917395      6.8995527    
  18020000   1.0040798      5.9536202      1.5060696      6.9035632    
  18030000   1.0014042      5.9638195      1.5020563      6.9073089    
  18040000   1.000007       5.9497418      1.4999607      6.901538     
  18050000   0.99818418     5.9628814      1.4972265      6.9033346    
  18060000   1.0014799      5.9603091      1.50217        6.9063781    
  18070000   1.0066483      5.9580969      1.5099222      6.8997359    
  18080000   0.99511912     5.9546711      1.4926291      6.8946989    
  18090000   0.99844289     5.9544262      1.4976146      6.8983524    
  18100000   0.99736669     5.9728815      1.4960003      6.9119643    
  18110000   1.0070242      5.9610622      1.5104862      6.9059715    
  18120000   0.9953751      5.9650938      1.4930131      6.9022842    
  18130000   1.0038691      5.9628208      1.5057536      6.9066012    
  18140000   0.99943466     5.9482322      1.4991022      6.8968447    
  18150000   0.9992052      5.9650833      1.498758       6.9065617    
  18160000   0.99374783     5.9729808      1.4905722      6.9125664    
  18170000   1.0012468      5.9655912      1.5018203      6.9048582    
  18180000   1.0002433      5.9540562      1.500315       6.8996678    
  18190000   0.99985305     5.9566764      1.4997297      6.9069001    
  18200000   0.99748526     5.9548334      1.4961782      6.9030597    
  18210000   0.99837905     5.9685396      1.4975188      6.9124343    
  18220000   0.9996129      5.9638232      1.4993695      6.8983391    
  18230000   1.0015196      5.9688975      1.5022294      6.9065324    
  18240000   0.99747803     5.9724509      1.4961673      6.9069012    
  18250000   0.99882285     5.9691917      1.4981845      6.9080829    
  18260000   1.0082098      5.9756421      1.5122644      6.9090863    
  18270000   1.0018867      5.9566648      1.5027801      6.9079711    
  18280000   0.99929809     5.9567094      1.4988973      6.9077516    
  18290000   0.99564156     5.954312       1.4934127      6.9021864    
  18300000   0.99617117     5.9511173      1.4942071      6.8991172    
  18310000   0.99629609     5.9418558      1.4943945      6.9026569    
  18320000   0.99291252     5.9398966      1.4893193      6.8988829    
  18330000   1.0018458      5.9390733      1.5027188      6.899065     
  18340000   0.99611643     5.9335145      1.494125       6.9001392    
  18350000   1.0007418      5.9498181      1.5010628      6.8986121    
  18360000   1.004139       5.9475402      1.5061585      6.8997548    
  18370000   1.0095946      5.9509895      1.5143416      6.9042906    
  18380000   0.98831796     5.9525352      1.4824277      6.9046071    
  18390000   0.99227991     5.9381557      1.4883704      6.8965352    
  18400000   0.99965071     5.9568092      1.4994262      6.9019743    
  18410000   1.0078288      5.9489691      1.511693       6.8961212    
  18420000   0.99736743     5.9636957      1.4960014      6.9077351    
  18430000   1.001083       5.9447116      1.5015746      6.8978558    
  18440000   1.0011094      5.9402192      1.5016142      6.9031913    
  18450000   0.99502441     5.9500809      1.492487       6.9025263    
  18460000   0.99956053     5.958678       1.499291       6.9072186    
  18470000   0.99860146     5.959621       1.4978524      6.9052996    
  18480000   0.99216693     5.94965        1.4882009      6.9066501    
  18490000   1.0021634      5.963756       1.5031951      6.9145018    
  18500000   1.0014057      5.9466415      1.5020587      6.9045659    
  18510000   1.0029287      5.9399027      1.5043431      6.8952808    
  18520000   1.0077665      5.9539527      1.5115996      6.9103511    
  18530000   1.0043384      5.9543727      1.5064575      6.8991278    
  18540000   1.001434       5.9535112      1.5021011      6.9028338    
  18550000   1.0005909      5.9632071      1.5008365      6.9059074    
  18560000   1.0014241      5.9485368      1.5020862      6.8979867    
  18570000   0.99706758     5.951193       1.4955517      6.9064717    
  18580000   0.99930599     5.9483994      1.4989092      6.9066976    
  18590000   0.99309882     5.9602095      1.4895987      6.9108339    
  18600000   0.99784191     5.9452913      1.4967131      6.8974663    
  18610000   0.99920391     5.9355553      1.4987561      6.8892864    
  18620000   1.0064607      5.9599172      1.5096409      6.8989912    
  18630000   1.000298       5.9575406      1.5003971      6.9024116    
  18640000   1.0020306      5.9656286      1.502996       6.9113755    
  18650000   0.99852469     5.9639307      1.4977373      6.9059035    
  18660000   1.0002981      5.9661923      1.5003972      6.906845     
  18670000   1.003928       5.9587527      1.505842       6.9096975    
  18680000   1.0037229      5.9476128      1.5055343      6.8983396    
  18690000   0.99743866     5.9627167      1.4961083      6.9096877    
  18700000   1.005214       5.9449592      1.5077709      6.8989246    
  18710000   0.99866988     5.9642684      1.4979551      6.9127935    
  18720000   0.99568372     5.9701102      1.493476       6.9049041    
  18730000   0.99969832     5.9630482      1.4994977      6.9012898    
  18740000   1.0037083      5.9623863      1.5055125      6.9039349    
  18750000   0.9980991      5.9663195      1.4970989      6.901682     
  18760000   0.99536591     5.9688629      1.4929993      6.9014458    
  18770000   1.0000767      5.9594913      1.5000651      6.9031912    
  18780000   1.0054104      5.9569782      1.5080656      6.9013801    
  18790000   1.0062705      5.9581495      1.5093555      6.9036601    
  18800000   1.0010512      5.9694041      1.501527       6.9078428    
  18810000   0.99972958     5.9547922      1.4995445      6.9043093    
  18820000   0.99377276     5.9524338      1.4906096      6.9005392    
  18830000   0.99208351     5.9609714      1.4880758      6.8977752    
  18840000   0.99642239     5.9637809      1.4945839      6.9068479    
  18850000   1.0000306      5.956409       1.499996       6.9048726    
  18860000   0.99217537     5.9544016      1.4882136      6.9011804    
  18870000   1.0068043      5.9622599      1.5101562      6.9095551    
  18880000   1.0063418      5.9535753      1.5094626      6.9010313    
  18890000   0.99849824     5.962997       1.4976976      6.9025496    
  18900000   0.99661945     5.9508144      1.4948795      6.8989036    
  18910000   1.0023841      5.9531819      1.5035263      6.9027093    
  18920000   0.98973839     5.9715116      1.4845583      6.9046144    
  18930000   0.99573049     5.9681959      1.4935461      6.9094783    
  18940000   1.0013283      5.9681334      1.5019426      6.9082117    
  18950000   0.99305327     5.9754456      1.4895304      6.9068226    
  18960000   1.0061296      5.9650136      1.5091443      6.8972771    
  18970000   1.0043824      5.9597345      1.5065235      6.897821     
  18980000   0.99517272     5.9551742      1.4927095      6.8980727    
  18990000   0.99926335     5.9649872      1.4988452      6.9097257    
  19000000   0.99797596     5.9542396      1.4969142      6.8920959    
  19010000   0.99845741     5.9642108      1.4976364      6.9121762    
  19020000   1.013211       5.9703786      1.5197659      6.9067802    
  19030000   1.0006626      5.9661007      1.500944       6.9028737    
  19040000   0.99930724     5.9613182      1.4989111      6.9007087    
  19050000   1.0002237      5.9551475      1.5002857      6.8974666    
  19060000   0.99409722     5.9516007      1.4910963      6.8958234    
  19070000   1.0070455      5.96481        1.5105181      6.9074845    
  19080000   0.99110558     5.9565227      1.486609       6.9015798    
  19090000   0.99227586     5.9604446      1.4883643      6.9076935    
  19100000   0.99869843     5.9652987      1.4979979      6.9105235    
  19110000   0.99796911     5.95621        1.4969039      6.9066255    
  19120000   0.99770505     5.9500848      1.4965079      6.9064993    
  19130000   1.0057245      5.9600666      1.5085367      6.9014627    
  19140000   1.0026072      5.9509426      1.5038608      6.9023665    
  19150000   1.0000577      5.9581276      1.5000367      6.9075614    
  19160000   1.001608       5.9604304      1.5023621      6.8933252    
  19170000   1.0057689      5.9595155      1.5086032      6.8995414    
  19180000   1.0027293      5.953768       1.504044       6.9014076    
  19190000   1.0058997      5.9531552      1.5087995      6.9004706    
  19200000   1.002906       5.95308        1.504309       6.9060958    
  19210000   1.0019407      5.9428356      1.5028611      6.9014624    
  19220000   1.0021608      5.9561702      1.5031912      6.9015399    
  19230000   0.99409313     5.9525912      1.4910902      6.9034933    
  19240000   0.99626791     5.9515698      1.4943522      6.9026884    
  19250000   0.99682839     5.9607703      1.4951929      6.9019225    
  19260000   1.0069525      5.9586203      1.5103785      6.9015369    
  19270000   1.0065472      5.9464325      1.5097707      6.9059205    
  19280000   0.99187239     5.9597535      1.4877592      6.9075234    
  19290000   0.99807147     5.9502061      1.4970575      6.898584     
  19300000   0.99747581     5.952413       1.496164       6.9103852    
  19310000   1.008002       5.9489965      1.5119527      6.9033019    
  19320000   1.0006048      5.9476703      1.5008573      6.8993714    
  19330000   0.99741601     5.9362902      1.4960743      6.897096     
  19340000   0.9956034      5.9451742      1.4933555      6.9039485    
  19350000   0.99976531     5.9571921      1.4995981      6.9008976    
  19360000   0.99919805     5.9363257      1.4987473      6.8935753    
  19370000   0.99864791     5.9578778      1.4979221      6.905423     
  19380000   0.99604441     5.9563697      1.494017       6.9031093    
  19390000   0.99769954     5.9725506      1.4964996      6.9061302    
  19400000   0.99961718     5.9605139      1.499376       6.9021025    
  19410000   0.99665772     5.9671935      1.4949369      6.9081308    
  19420000   1.001807       5.957005       1.5026606      6.906548     
  19430000   0.99386976     5.9507413      1.4907551      6.9007397    
  19440000   0.99865807     5.9422719      1.4979373      6.9062831    
  19450000   0.99734286     5.9531697      1.4959646      6.9086968    
  19460000   1.0039924      5.9372029      1.5059385      6.9033664    
  19470000   0.99818444     5.9535061      1.4972269      6.9036476    
  19480000   1.002768       5.9374018      1.504102       6.903249     
  19490000   0.99813178     5.9431266      1.4971479      6.8989071    
  19500000   1.0021979      5.9502494      1.5032469      6.9099043    
  19510000   0.99618315     5.9484299      1.4942251      6.903436     
  19520000   1.0055846      5.9269301      1.5083268      6.8966133    
  19530000   0.99446782     5.9518113      1.4916522      6.9094911    
  19540000   0.99525528     5.954353       1.4928333      6.9019549    
  19550000   0.99542834     5.9565127      1.4930929      6.9065539    
  19560000   1.0008162      5.9465154      1.5011745      6.9033555    
  19570000   0.99536441     5.9529826      1.492997       6.9078059    
  19580000   1.0088216      5.9348064      1.5131821      6.892278     
  19590000   0.99842232     5.9382862      1.4975837      6.894494     
  19600000   1.0016949      5.9471705      1.5024924      6.9062668    
  19610000   0.9951317      5.9561004      1.492648       6.9035735    
  19620000   0.99927384     5.9629458      1.498861       6.9067709    
  19630000   0.99313206     5.9572347      1.4896486      6.9003976    
  19640000   1.0020164      5.9422902      1.5029747      6.8989516    
  19650000   0.99538629     5.9304115      1.4930298      6.890475     
  19660000   1.0021634      5.9620805      1.5031952      6.9060388    
  19670000   1.0049697      5.9515372      1.5074045      6.9042423    
  19680000   0.99409782     5.9564394      1.4910972      6.9031626    
  19690000   0.99611934     5.9675826      1.4941294      6.9068282    
  19700000   1.0013599      5.960703       1.5019899      6.9064357    
  19710000   1.0031049      5.95209        1.5046073      6.897046     
  19720000   0.99692458     5.9530837      1.4953372      6.8963276    
  19730000   1.0021612      5.9597573      1.5031918      6.89892      
  19740000   0.9943177      5.9542284      1.491427       6.9039135    
  19750000   1.0038958      5.9498028      1.5057936      6.893492     
  19760000   1.0029092      5.9658689      1.5043139      6.9076358    
  19770000   0.9984327      5.961332       1.4975993      6.9023248    
  19780000   1.000708       5.9410908      1.5010121      6.8966818    
  19790000   1.0064848      5.9518431      1.5096771      6.9034181    
  19800000   1.0011035      5.969844       1.5016054      6.9104232    
  19810000   1.0008668      5.9648111      1.5012504      6.9014796    
  19820000   1.0018891      5.9714879      1.5027837      6.9065268    
  19830000   1.0018002      5.9834368      1.5026504      6.9049522    
  19840000   0.99866266     5.9647195      1.4979442      6.9033682    
  19850000   0.99238148     5.9576049      1.4885228      6.9079113    
  19860000   0.99468247     5.9615728      1.4919741      6.9034334    
  19870000   0.99944782     5.9607612      1.4991219      6.9033479    
  19880000   0.99533627     5.9563953      1.4929548      6.9046153    
  19890000   1.0038561      5.956433       1.5057341      6.8999233    
  19900000   0.99445816     5.9737286      1.4916377      6.9005608    
  19910000   1.0068301      5.973398       1.510195       6.9109299    
  19920000   0.99857361     5.9615356      1.4978107      6.9043267    
  19930000   0.99881714     5.9578249      1.4981759      6.9032539    
  19940000   0.99488907     5.9666087      1.492284       6.8997119    
  19950000   0.99712155     5.9574853      1.4956326      6.9025924    
  19960000   0.99874707     5.957753       1.4980708      6.8946852    
  19970000   0.99980995     5.9550107      1.4996651      6.9011503    
  19980000   1.0037373      5.9485097      1.5055559      6.9001745    
  19990000   1.0001451      5.9488725      1.5001678      6.9025621    
  20000000   0.99987456     5.9556676      1.499762       6.8953402    
  20010000   0.9992259      5.9554883      1.4987891      6.9035259    
  20020000   1.0054985      5.9622738      1.5081976      6.9019576    
  20030000   1.0016464      5.9586465      1.5024197      6.9030247    
Loop time of 306025 on 1 procs for 20000000 steps with 30100 atoms

Performance: 28232.983 tau/day, 65.354 timesteps/s
100.0% CPU use with 1 MPI tasks x 1 OpenMP threads

MPI task timing breakdown:
Section |  min time  |  avg time  |  max time  |%varavg| %total
---------------------------------------------------------------
Pair    | 2.0428e+05 | 2.0428e+05 | 2.0428e+05 |   0.0 | 66.75
Bond    | 10839      | 10839      | 10839      |   0.0 |  3.54
Neigh   | 54774      | 54774      | 54774      |   0.0 | 17.90
Comm    | 949.54     | 949.54     | 949.54     |   0.0 |  0.31
Output  | 2.8037     | 2.8037     | 2.8037     |   0.0 |  0.00
Modify  | 33564      | 33564      | 33564      |   0.0 | 10.97
Other   |            | 1620       |            |       |  0.53

Nlocal:          30100 ave       30100 max       30100 min
Histogram: 1 0 0 0 0 0 0 0 0 0
Nghost:           5761 ave        5761 max        5761 min
Histogram: 1 0 0 0 0 0 0 0 0 0
Neighs:    1.09665e+06 ave 1.09665e+06 max 1.09665e+06 min
Histogram: 1 0 0 0 0 0 0 0 0 0

Total # of neighbors = 1096654
Ave neighs/atom = 36.433688
Ave special neighs/atom = 1.9136213
Neighbor list builds = 887622
Dangerous builds = 0

write_data data*.xyz
System init for write_data ...
Generated 0 of 6 mixed pair_coeff terms from geometric mixing rule
WARNING: Not all mixed pair coeffs generated from mixing. Use write_data with 'pair ij' option to store all pair coeffs. (src/write_data.cpp:309)
write_restart 	restart.polymer_ring
System init for write_restart ...
Generated 0 of 6 mixed pair_coeff terms from geometric mixing rule

print "ALL done"
ALL done
Total wall time: 85:03:11
