pair_style lj/cut 4.0
pair_modify shift yes

read_restart prod.restart1
Reading restart file ...
  restart file = 23 Jun 2022, LAMMPS = 23 Jun 2022
  restoring atom style bond from restart
  orthogonal box = (-30 -30 -35) to (30 30 35)
  1 by 1 by 1 MPI processor grid
  restoring pair style lj/cut from restart
  restoring bond style fene from restart
  16250 atoms
  15600 bonds
Finding 1-2 1-3 1-4 neighbors ...
  special bond factors lj:    0        1        1       
  special bond factors coul:  0        1        1       
     2 = max # of 1-2 neighbors
     6 = max # of special neighbors
  special bonds CPU = 0.003 seconds
  read_restart CPU = 0.008 seconds
bond_style fene
special_bonds fene

bond_coeff 1 10.0 2.0 1.0 1.0
group polymer type 1
16250 atoms in group polymer

pair_coeff	1 1 0.5 1.0 1.1225
pair_coeff 	1 2 50.0 1.0 4.0
pair_coeff	2 2 1.0 1.0 1.1225


neighbor       0.5 bin

region upper_box block -30 30 -30 30 32.2 34.8
create_atoms 2 random 200 998273 upper_box
Created 200 atoms
  using lattice units in orthogonal box = (-30 -30 -35) to (30 30 35)
  create_atoms CPU = 0.001 seconds


group ligand type 2
200 atoms in group ligand
delete_atoms group ligand
WARNING: Ignoring 'compress yes' for molecular system (src/delete_atoms.cpp:140)
Deleted 200 atoms, new total = 16250
fix 1 polymer wall/lj126 zlo -32 1.0 1.0 1.1225 zhi 32 1.0 1.0 1.1225
fix 2 ligand wall/lj126 zlo 32 1.0 1.0 1.1225 zhi 35 1.0 1.0 1.1225

#minimize 1.0e-4 1.0e-6 100 1000

fix 3 all nve/limit 0.01
run 10000
Generated 0 of 1 mixed pair_coeff terms from geometric mixing rule
Neighbor list info ...
  update every 1 steps, delay 10 steps, check yes
  max neighbors/atom: 2000, page size: 100000
  master list distance cutoff = 4.5
  ghost atom cutoff = 4.5
  binsize = 2.25, bins = 27 27 32
  1 neighbor lists, perpetual/occasional/extra = 1 0 0
  (1) pair lj/cut, perpetual
      attributes: half, newton on
      pair build: half/bin/newton
      stencil: half/bin/3d
      bin: standard
Per MPI rank memory allocation (min/avg/max) = 9.35 | 9.35 | 9.35 Mbytes
   Step          Temp          E_pair         E_mol          TotEng         Press     
    100000   0.99738808     7.4013483      7.4553551      16.352693      3.1192032    
    110000   0.25930374     0.0059985237   6.4591947      6.8541249      0.0058671915 
Loop time of 11.1159 on 1 procs for 10000 steps with 16250 atoms

Performance: 388633.590 tau/day, 899.615 timesteps/s
100.0% CPU use with 1 MPI tasks x 1 OpenMP threads

MPI task timing breakdown:
Section |  min time  |  avg time  |  max time  |%varavg| %total
---------------------------------------------------------------
Pair    | 2.5564     | 2.5564     | 2.5564     |   0.0 | 23.00
Bond    | 1.6811     | 1.6811     | 1.6811     |   0.0 | 15.12
Neigh   | 4.8462     | 4.8462     | 4.8462     |   0.0 | 43.60
Comm    | 0.22852    | 0.22852    | 0.22852    |   0.0 |  2.06
Output  | 6.0542e-05 | 6.0542e-05 | 6.0542e-05 |   0.0 |  0.00
Modify  | 1.5049     | 1.5049     | 1.5049     |   0.0 | 13.54
Other   |            | 0.2987     |            |       |  2.69

Nlocal:          16250 ave       16250 max       16250 min
Histogram: 1 0 0 0 0 0 0 0 0 0
Nghost:           4397 ave        4397 max        4397 min
Histogram: 1 0 0 0 0 0 0 0 0 0
Neighs:          15303 ave       15303 max       15303 min
Histogram: 1 0 0 0 0 0 0 0 0 0

Total # of neighbors = 15303
Ave neighs/atom = 0.94172308
Ave special neighs/atom = 1.92
Neighbor list builds = 384
Dangerous builds = 0
unfix 3

fix 3 all nve
fix		4 all langevin 1 1 100.0 90428

thermo_style	custom step temp pe ke ebond
thermo_modify flush yes
thermo          10000

timestep	0.005

dump 1 all custom 50000 file_trajectory.bin id type x y z xu yu zu vx vy vz

restart 100000  prod.restart2 prod.restart3

run 20000000
Generated 0 of 1 mixed pair_coeff terms from geometric mixing rule
Per MPI rank memory allocation (min/avg/max) = 9.549 | 9.549 | 9.549 Mbytes
   Step          Temp          PotEng         KinEng         E_bond    
    110000   0.25930374     6.4651932      0.38893167     6.4591947    
    120000   0.63698781     6.7094357      0.95542292     6.6942732    
    130000   0.81536371     6.8545248      1.2229703      6.8332565    
    140000   0.90685779     6.9137467      1.360203       6.8902665    
    150000   0.94471321     6.9527989      1.4169826      6.9277644    
    160000   0.97912268     6.9632345      1.4685936      6.9395934    
    170000   1.0007542      6.9852868      1.5010389      6.9606919    
    180000   1.0019904      6.9854429      1.5028931      6.9602435    
    190000   1.0049912      6.9952788      1.507394       6.9725123    
    200000   1.0128647      6.9921314      1.5192035      6.96816      
    210000   1.0142223      6.9963997      1.5212398      6.973236     
    220000   1.015546       6.9837274      1.5232252      6.9586271    
    230000   1.0062947      6.9870574      1.5093491      6.9648496    
    240000   1.0113854      6.9863057      1.5169847      6.9629252    
    250000   0.9965781      6.9874085      1.4947752      6.9622431    
    260000   0.9919387      6.9896861      1.4878165      6.9661147    
    270000   0.99910199     6.9784742      1.4985608      6.9540508    
    280000   1.0032391      6.9809587      1.5047661      6.9576566    
    290000   0.99926428     6.9894502      1.4988042      6.9652361    
    300000   1.0030092      6.988541       1.5044213      6.9638447    
    310000   1.0147789      6.981463       1.5220746      6.9572755    
    320000   0.99717299     6.9905995      1.4956674      6.9648805    
    330000   0.9925091      6.99693        1.488672       6.9701539    
    340000   1.0063043      6.9803154      1.5093636      6.9546437    
    350000   1.0047507      6.977391       1.5070333      6.9534093    
    360000   1.006383       6.9846009      1.5094816      6.9604834    
    370000   1.0047699      7.0023536      1.5070621      6.9767528    
    380000   0.99847788     6.9886597      1.4976246      6.9655628    
    390000   1.0051848      6.9824016      1.5076844      6.9578696    
    400000   1.0016348      6.9851644      1.5023597      6.9602701    
    410000   1.0001398      6.9890067      1.5001174      6.9643498    
    420000   0.99700321     6.9902749      1.4954128      6.9675142    
    430000   1.0014509      6.9863191      1.502084       6.9630086    
    440000   0.99983777     6.9909722      1.4996644      6.9659173    
    450000   1.0063835      6.9807612      1.5094824      6.9550679    
    460000   1.002316       6.9854149      1.5033816      6.9624358    
    470000   0.99891255     6.982066       1.4982766      6.9591055    
    480000   0.99817449     6.9922575      1.4971696      6.9681692    
    490000   1.0066117      6.9934277      1.5098247      6.9689369    
    500000   0.9924171      6.9899855      1.488534       6.9664373    
    510000   0.99798594     6.9869638      1.4968868      6.9618288    
    520000   1.0017708      6.9893473      1.5025638      6.9642349    
    530000   1.0002822      6.9865438      1.500331       6.9604256    
    540000   0.99313772     6.9802921      1.4896149      6.9562762    
    550000   0.98379738     6.9882624      1.4756053      6.962162     
    560000   0.99436588     6.9846512      1.491457       6.962157     
    570000   0.98800862     6.9899998      1.4819217      6.9677001    
    580000   0.99424939     6.9878335      1.4912823      6.9635117    
    590000   0.99820282     6.977829       1.4972121      6.9526188    
    600000   0.99849741     6.9789213      1.4976539      6.9541434    
    610000   1.0061939      6.9828335      1.5091979      6.9592587    
    620000   0.99737609     6.9897642      1.4959721      6.9641402    
    630000   1.0007305      6.9803091      1.5010033      6.9576067    
    640000   0.99983956     6.9826179      1.4996671      6.9609951    
    650000   0.99554842     6.9949893      1.4932307      6.9721711    
    660000   1.0020747      6.9854625      1.5030195      6.9599752    
    670000   1.0039664      6.989162       1.5058569      6.9633917    
    680000   1.001351       6.9773697      1.501934       6.9544062    
    690000   1.0046677      6.9809485      1.5069088      6.9569656    
    700000   0.99621246     6.9874639      1.4942267      6.9651894    
    710000   0.99029728     6.9922714      1.4853545      6.9686303    
    720000   0.99583801     6.9842287      1.4936651      6.9598641    
    730000   1.0090038      6.9848438      1.5134126      6.9640279    
    740000   1.006521       6.9792162      1.5096886      6.9559037    
    750000   1.009869       6.9799415      1.5147103      6.9564378    
    760000   0.99990277     6.9952316      1.4997619      6.9698492    
    770000   1.0009799      6.9891235      1.5013775      6.966207     
    780000   1.0111695      6.9840115      1.5166609      6.9575423    
    790000   1.0081531      6.9875115      1.5121367      6.9633584    
    800000   1.0004336      6.9881355      1.5005581      6.9649871    
    810000   0.99325277     6.9858269      1.4897875      6.962067     
    820000   0.99883755     6.9926823      1.4981641      6.9642264    
    830000   0.99899786     6.9922205      1.4984046      6.9686152    
    840000   1.014057       6.9785312      1.5209919      6.9541363    
    850000   0.99301165     6.9957262      1.4894258      6.9705251    
    860000   1.0064902      6.9890861      1.5096424      6.9681066    
    870000   0.99835134     6.9720945      1.4974348      6.9470696    
    880000   1.0012079      6.9789476      1.5017194      6.9556483    
    890000   1.0059342      6.9886407      1.5088084      6.9653528    
    900000   1.0110863      6.9917155      1.5165361      6.9695642    
    910000   0.99787153     6.9886447      1.4967152      6.9648569    
    920000   0.99663416     6.9871004      1.4948592      6.9628159    
    930000   1.0015534      6.9917374      1.5022377      6.9685726    
    940000   1.0081018      6.978758       1.5120596      6.9556515    
    950000   0.98887227     6.9751826      1.4832171      6.9513053    
    960000   0.99629121     6.9830297      1.4943449      6.9574585    
    970000   1.003622       6.9792634      1.5053403      6.957255     
    980000   1.0083992      6.9846647      1.5125058      6.9625989    
    990000   1.0126161      6.9857638      1.5188307      6.9618135    
   1000000   0.99655538     6.991295       1.4947411      6.9703667    
   1010000   0.99691419     6.9822045      1.4952793      6.9577877    
   1020000   1.0047325      6.9798581      1.5070059      6.9547971    
   1030000   0.99038688     6.9988505      1.4854889      6.9736204    
   1040000   1.0107391      6.9870107      1.5160154      6.9654293    
   1050000   0.99546768     6.9737705      1.4931096      6.9483261    
   1060000   0.98069361     6.9819001      1.4709499      6.957966     
   1070000   0.99653288     6.9812242      1.4947073      6.9571727    
   1080000   0.98839583     6.9939239      1.4825025      6.9708373    
   1090000   1.0041277      6.9815064      1.5060989      6.957533     
   1100000   1.0045938      6.9852683      1.5067979      6.9609489    
   1110000   1.0053522      6.9946703      1.5079355      6.9684342    
   1120000   0.99497282     6.9747361      1.4923674      6.9521936    
   1130000   0.98871375     6.9797439      1.4829794      6.9570969    
   1140000   0.99593398     6.9735629      1.493809       6.9492622    
   1150000   0.99713681     6.9768873      1.4956132      6.9534272    
   1160000   0.98655958     6.9991283      1.4797483      6.974361     
   1170000   1.0070169      6.9820841      1.5104324      6.9563352    
   1180000   1.0040027      6.9796541      1.5059113      6.9555104    
   1190000   0.99543265     6.9855542      1.4930571      6.9596181    
   1200000   0.99858351     6.9890801      1.4977831      6.9640753    
   1210000   1.0071485      6.9882942      1.5106298      6.9650299    
   1220000   0.99222185     6.9929463      1.4882412      6.9699401    
   1230000   1.0029014      6.9770064      1.5042595      6.9511121    
   1240000   0.99712615     6.9965617      1.4955972      6.9737681    
   1250000   1.009022       6.9761713      1.5134399      6.9547818    
   1260000   1.0008097      6.9931558      1.5011221      6.9684731    
   1270000   1.0103562      6.9792748      1.515441       6.9559852    
   1280000   0.99649866     6.9795898      1.494656       6.9529611    
   1290000   0.99162386     6.9856601      1.4873443      6.9594487    
   1300000   1.0024012      6.9817631      1.5035093      6.9550708    
   1310000   0.99315968     6.9830715      1.4896478      6.9599995    
   1320000   1.0012079      6.9838982      1.5017194      6.9579387    
   1330000   0.99512353     6.9870848      1.4925934      6.9626922    
   1340000   1.0007877      6.9757719      1.5010891      6.9517615    
   1350000   1.0102856      6.9749255      1.5153352      6.951566     
   1360000   0.99581919     6.9932843      1.4936369      6.9667305    
   1370000   1.002088       6.9877636      1.5030394      6.9611307    
   1380000   1.0054209      6.984274       1.5080385      6.9611191    
   1390000   0.99769541     6.977788       1.496451       6.9544779    
   1400000   0.99928257     6.9804791      1.4988316      6.9548463    
   1410000   0.99868856     7.0002776      1.4979406      6.9768158    
   1420000   1.0085125      6.9871749      1.5126757      6.9612773    
   1430000   1.0031854      6.9868842      1.5046854      6.960015     
   1440000   0.99252189     6.9900214      1.4886912      6.9656637    
   1450000   0.99650452     6.9877445      1.4946648      6.9635864    
   1460000   1.0032403      6.98681        1.5047678      6.9631927    
   1470000   0.99861655     6.97922        1.4978326      6.9525831    
   1480000   1.0013712      6.9735968      1.5019643      6.9501992    
   1490000   0.99799441     6.9923439      1.4968995      6.9669649    
   1500000   1.0041188      6.9921668      1.5060855      6.9680316    
   1510000   1.00394        6.989355       1.5058173      6.9646933    
   1520000   1.0000912      6.9896521      1.5000445      6.9639615    
   1530000   0.99487657     6.9915615      1.492223       6.9672199    
   1540000   1.0014774      6.9906893      1.5021237      6.9672591    
   1550000   0.99357741     6.9907624      1.4902744      6.9662588    
   1560000   0.99443059     6.9763363      1.4915541      6.9526974    
   1570000   0.9906424      6.9721263      1.4858721      6.9485242    
   1580000   1.0003251      6.9734576      1.5003953      6.9485283    
   1590000   0.99687941     6.987676       1.4952271      6.9625762    
   1600000   0.99773849     6.9835785      1.4965156      6.9586906    
   1610000   0.99644289     6.9725517      1.4945724      6.949117     
   1620000   0.99563117     6.9773721      1.4933548      6.9529006    
   1630000   0.99685283     6.9805244      1.4951872      6.9548737    
   1640000   0.99791854     6.9862641      1.4967857      6.960443     
   1650000   0.99606479     6.9849045      1.4940052      6.959311     
   1660000   1.0098791      6.9769052      1.5147254      6.9551301    
   1670000   1.0173127      6.992187       1.5258752      6.96617      
   1680000   1.0178686      6.9796627      1.5267089      6.9549201    
   1690000   1.0104304      6.9881174      1.5155523      6.9619322    
   1700000   1.0018565      6.9911626      1.5026922      6.9685647    
   1710000   0.99830069     6.984179       1.4973589      6.9604865    
   1720000   0.98890164     6.9827728      1.4832612      6.9591555    
   1730000   0.99210655     6.9905976      1.4880683      6.9665623    
   1740000   0.98855828     6.9737185      1.4827462      6.9483711    
   1750000   0.99801985     6.9710109      1.4969376      6.9465091    
   1760000   1.0030654      6.9749642      1.5045055      6.9524923    
   1770000   1.003463       6.9776888      1.5051019      6.9535025    
   1780000   0.99802045     6.989054       1.4969386      6.962847     
   1790000   1.0088891      6.9848529      1.5132405      6.9607704    
   1800000   1.0118204      6.9963309      1.5176371      6.9728866    
   1810000   1.0046569      7.0008376      1.5068925      6.9761892    
   1820000   1.0067973      6.984708       1.510103       6.9611549    
   1830000   1.0006791      6.9860098      1.5009263      6.9620287    
   1840000   0.99496888     6.9718013      1.4923615      6.9474713    
   1850000   0.9839266      6.9896868      1.4757991      6.9649648    
   1860000   0.99501528     6.9749536      1.4924311      6.9505168    
   1870000   0.98957754     6.9759599      1.484275       6.9519504    
   1880000   0.99653034     6.987888       1.4947035      6.9621922    
   1890000   1.0029398      6.972264       1.5043171      6.9506844    
   1900000   0.99811286     6.9924278      1.4970772      6.9677788    
   1910000   0.99669835     6.9850003      1.4949555      6.9615707    
   1920000   0.99670183     6.9821712      1.4949607      6.9578037    
   1930000   0.99508046     6.9738208      1.4925288      6.9494092    
   1940000   0.99722711     6.9797089      1.4957486      6.9562209    
   1950000   1.0028636      6.9934633      1.5042028      6.9686438    
   1960000   1.0036936      6.9844418      1.5054477      6.9596635    
   1970000   1.0019553      6.9749534      1.5028404      6.9499144    
   1980000   0.99135924     6.9807589      1.4869474      6.9556642    
   1990000   0.9922008      6.974402       1.4882096      6.9507976    
   2000000   0.99922043     6.9778843      1.4987384      6.9546641    
   2010000   0.99606272     6.9866384      1.4940021      6.9635481    
   2020000   0.99457538     6.9769588      1.4917713      6.952498     
   2030000   0.991926       6.9920818      1.4877974      6.9675983    
   2040000   0.99784071     6.9921473      1.496669       6.9677893    
   2050000   1.0114541      6.9738821      1.5170877      6.9488233    
   2060000   0.99689855     6.9891855      1.4952558      6.9664781    
   2070000   1.0005099      6.9836455      1.5006726      6.9581798    
   2080000   0.98918132     6.979365       1.4836807      6.957759     
   2090000   1.008137       6.9703775      1.5121124      6.94718      
   2100000   1.0032424      6.9757518      1.504771       6.9508223    
   2110000   1.0018821      6.9931677      1.5027306      6.9688179    
   2120000   1.0101876      6.9901956      1.5151881      6.9650691    
   2130000   1.0071153      6.9953307      1.51058        6.9720924    
   2140000   1.0048752      6.9892232      1.50722        6.9653839    
   2150000   1.0091296      6.9899256      1.5136013      6.9647372    
   2160000   0.99912168     6.9936216      1.4985903      6.9678656    
   2170000   0.99568254     6.9953086      1.4934319      6.9712741    
   2180000   1.0076585      6.9783661      1.5113948      6.952262     
   2190000   1.0057465      6.9855338      1.508527       6.9644841    
   2200000   1.0014874      6.9898408      1.5021386      6.9670917    
   2210000   0.99656369     6.9887066      1.4947536      6.9646724    
   2220000   0.99679103     6.9919816      1.4950945      6.9666569    
   2230000   0.998789       6.9817038      1.4980913      6.9565269    
   2240000   0.99610726     6.9816301      1.4940689      6.9606013    
   2250000   1.0001931      6.9879498      1.5001973      6.9625085    
   2260000   0.99974145     6.9919448      1.4995199      6.9684534    
   2270000   1.0061142      6.9801917      1.5090784      6.9526532    
   2280000   1.0015607      6.9775759      1.5022486      6.9496709    
   2290000   1.0000494      6.973885       1.4999818      6.9490704    
   2300000   0.99441014     6.9842441      1.4915234      6.9599109    
   2310000   0.99467946     6.984701       1.4919274      6.9613506    
   2320000   0.99821438     6.9898829      1.4972294      6.9646758    
   2330000   0.99790665     6.9852223      1.4967679      6.9597433    
   2340000   1.0084189      6.9847334      1.5125353      6.9584231    
   2350000   1.0090318      6.9801717      1.5134546      6.9563457    
   2360000   1.0041141      6.9828373      1.5060785      6.9595619    
   2370000   0.98813412     6.9939796      1.48211        6.9678206    
   2380000   0.98810711     6.9871179      1.4820694      6.9626855    
   2390000   0.99721139     6.9877048      1.495725       6.9621486    
   2400000   0.99557649     6.9964822      1.4932728      6.9722319    
   2410000   0.99606662     6.9732176      1.494008       6.9497186    
   2420000   0.99775482     6.9821687      1.4965401      6.9574625    
   2430000   0.99562776     6.9857533      1.4933497      6.9625733    
   2440000   0.98995013     6.9758227      1.4848338      6.9535027    
   2450000   0.99143915     6.9844615      1.4870672      6.959754     
   2460000   1.0018747      6.983418       1.5027196      6.9600171    
   2470000   0.99919775     6.97915        1.4987044      6.9547358    
   2480000   0.99899905     6.9801103      1.4984064      6.9560523    
   2490000   0.99851771     6.9831519      1.4976844      6.9561799    
   2500000   1.0054817      6.9834276      1.5081297      6.9593813    
   2510000   1.0096264      6.991947       1.5143464      6.9665125    
   2520000   1.0003444      6.9892401      1.5004243      6.9655773    
   2530000   0.98216259     6.9811352      1.4731532      6.95607      
   2540000   0.99334465     6.9841511      1.4899253      6.9605436    
   2550000   0.99711917     6.9888505      1.4955867      6.9654607    
   2560000   1.0038611      6.9898407      1.5056991      6.9636919    
   2570000   1.0117239      6.9831861      1.5174925      6.9579145    
   2580000   1.0040188      6.9828075      1.5059355      6.958767     
   2590000   0.99398932     6.9941712      1.4908922      6.9694088    
   2600000   0.98912504     6.9882078      1.4835962      6.9651186    
   2610000   0.99383014     6.9848547      1.4906535      6.9605087    
   2620000   1.0010279      6.9825836      1.5014495      6.9573862    
   2630000   1.0079987      6.9866034      1.5119049      6.9627387    
   2640000   0.99212701     6.9855591      1.4880989      6.960486     
   2650000   0.99702033     6.9803531      1.4954385      6.9574951    
   2660000   1.0030124      6.9773496      1.504426       6.9540535    
   2670000   1.0066333      6.9823937      1.5098571      6.9576244    
   2680000   1.0032629      6.9870617      1.5048017      6.9628634    
   2690000   1.0108514      6.9910932      1.5161837      6.96697      
   2700000   1.0086801      7.0015327      1.512927       6.9777634    
   2710000   1.003111       6.9912457      1.504574       6.9676523    
   2720000   1.005754       6.9817363      1.5085382      6.9571624    
   2730000   0.99210412     6.9816689      1.4880646      6.9582852    
   2740000   1.0025739      6.9789349      1.5037683      6.9553917    
   2750000   0.99715851     6.9854593      1.4956457      6.9610177    
   2760000   0.99770885     6.9882652      1.4964712      6.9628113    
   2770000   0.99119084     6.9913734      1.4866948      6.9643903    
   2780000   0.99512729     6.9811667      1.4925991      6.9597161    
   2790000   1.0020506      6.9847292      1.5029834      6.9606635    
   2800000   1.0040813      6.9857429      1.5060293      6.9634211    
   2810000   0.99743858     6.9941182      1.4960658      6.9698357    
   2820000   1.0011681      6.986121       1.5016597      6.9619267    
   2830000   0.99744485     6.9893693      1.4960752      6.9650759    
   2840000   0.9996998      6.978778       1.4994574      6.9553412    
   2850000   0.99501037     6.9820742      1.4924237      6.9585662    
   2860000   0.99702511     6.9894368      1.4954456      6.9645015    
   2870000   0.99312759     6.9920224      1.4895997      6.9675811    
   2880000   0.99915763     6.9946022      1.4986442      6.9713371    
   2890000   0.99221976     6.9848709      1.4882381      6.9578407    
   2900000   1.0029601      6.9851999      1.5043475      6.9620612    
   2910000   0.99688193     6.9934017      1.4952309      6.9690762    
   2920000   0.9978045      6.9893538      1.4966147      6.9658885    
   2930000   0.99694931     6.97225        1.4953319      6.9499574    
   2940000   1.0059731      6.9924347      1.5088668      6.9678077    
   2950000   1.0022052      6.9864057      1.5032153      6.9616862    
   2960000   1.0018079      6.9919935      1.5026194      6.9660353    
   2970000   1.009086       6.9905793      1.5135359      6.9653816    
   2980000   1.0101102      6.9956793      1.515072       6.9726624    
   2990000   1.0104219      6.9923819      1.5155396      6.9671436    
   3000000   1.0087469      6.9782449      1.5130273      6.9521892    
   3010000   1.0107975      6.9909788      1.516103       6.9650328    
   3020000   1.0010455      6.998046       1.5014759      6.974047     
   3030000   1.0094784      6.9856988      1.5141245      6.9624209    
   3040000   1.0025844      6.9890152      1.503784       6.9636231    
   3050000   1.0079128      6.9830119      1.5117761      6.9579459    
   3060000   0.99846643     6.9925142      1.4976075      6.9669078    
   3070000   1.002257       6.9833953      1.503293       6.9602308    
   3080000   0.99913014     6.9888666      1.498603       6.9632985    
   3090000   0.99289621     7.0040968      1.4892527      6.9802537    
   3100000   1.0036542      6.98774        1.5053886      6.9633389    
   3110000   0.99558449     6.9877077      1.4932848      6.9630325    
   3120000   0.99049536     6.9900053      1.4856516      6.9664355    
   3130000   1.003473       6.9944493      1.5051168      6.9696943    
   3140000   1.0044555      6.9866679      1.5065905      6.9627011    
   3150000   1.0011477      6.9873982      1.5016292      6.9644558    
   3160000   0.9936484      6.994603       1.4903809      6.9691131    
   3170000   0.99567218     6.9800661      1.4934164      6.9567342    
   3180000   0.99017389     6.9886236      1.4851694      6.9631459    
   3190000   0.99841277     6.9778715      1.497527       6.9526894    
   3200000   0.99285793     6.9890552      1.4891952      6.9638384    
   3210000   1.0027554      6.9827225      1.5040405      6.9567343    
   3220000   1.0019707      6.9921385      1.5028635      6.968951     
   3230000   1.0042771      6.989155       1.506323       6.9660672    
   3240000   1.0098284      6.9970247      1.5146493      6.9739152    
   3250000   1.0096495      6.9813315      1.514381       6.9571313    
   3260000   1.0027781      6.9915997      1.5040746      6.9667786    
   3270000   1.0124404      6.9856369      1.5185672      6.962501     
   3280000   1.0078817      6.9894782      1.5117295      6.9662246    
   3290000   1.0105718      6.9818086      1.5157644      6.9559822    
   3300000   1.0094581      6.9715617      1.514094       6.9470741    
   3310000   0.99470942     6.9756998      1.4919723      6.9488763    
   3320000   0.98985026     6.9829562      1.484684       6.9566345    
   3330000   0.99218489     6.9725913      1.4881858      6.9468394    
   3340000   0.99237386     6.9765487      1.4884692      6.952124     
   3350000   1.0023965      6.9832679      1.5035023      6.9598968    
   3360000   0.99849044     6.9869187      1.4976435      6.9620444    
   3370000   0.9977683      6.9788789      1.4965603      6.9532733    
   3380000   0.99047972     6.9907729      1.4856281      6.9647207    
   3390000   1.0067393      6.9780075      1.5100161      6.9519288    
   3400000   0.9969049      6.9877922      1.4952653      6.9641129    
   3410000   1.0008465      6.9837855      1.5011774      6.957574     
   3420000   0.99436099     6.9851151      1.4914497      6.9612723    
   3430000   1.0003584      6.9783425      1.5004452      6.9548599    
   3440000   0.99247876     6.9909592      1.4886265      6.9674434    
   3450000   0.99367529     6.9804866      1.4904212      6.955809     
   3460000   0.99206291     6.9846648      1.4880028      6.9613608    
   3470000   0.9957388      6.9752377      1.4935163      6.9497897    
   3480000   0.98606776     6.9821074      1.4790106      6.9566712    
   3490000   0.99616653     6.994205       1.4941578      6.9707742    
   3500000   1.0051796      6.9941318      1.5076767      6.9685131    
   3510000   1.0134111      6.9818388      1.520023       6.9595495    
   3520000   1.0080656      6.9861934      1.5120054      6.9637637    
   3530000   1.009904       6.9841923      1.5147628      6.9590212    
   3540000   1.0031939      6.9927038      1.5046982      6.9668035    
   3550000   1.0073774      6.9874349      1.5109731      6.9655654    
   3560000   0.99897826     6.9890773      1.4983752      6.9641786    
   3570000   1.0020711      6.9737568      1.5030142      6.9494629    
   3580000   1.0016538      6.9774347      1.5023882      6.9550224    
   3590000   0.99762867     6.9775662      1.4963509      6.953795     
   3600000   0.99949251     6.9797292      1.4991465      6.9541921    
   3610000   0.99212715     6.9930612      1.4880991      6.9706756    
   3620000   0.99571462     6.98358        1.49348        6.9578927    
   3630000   0.99525394     6.9789583      1.492789       6.954818     
   3640000   0.992907       6.9813718      1.4892689      6.9586674    
   3650000   1.0049917      6.9849434      1.5073948      6.9642175    
   3660000   1.0121625      6.9882719      1.5181504      6.9619362    
   3670000   1.0092441      7.0013902      1.513773       6.9755261    
   3680000   1.0007185      6.99507        1.5009854      6.9710142    
   3690000   1.0034943      6.986069       1.5051488      6.9634953    
   3700000   0.99793949     6.9781137      1.4968171      6.9557259    
   3710000   0.99521455     6.9878983      1.49273        6.9658301    
   3720000   0.9975732      6.9768145      1.4962677      6.9528846    
   3730000   0.99322085     6.9835719      1.4897396      6.9594468    
   3740000   1.0008243      6.9752879      1.5011441      6.9515407    
   3750000   1.0058919      6.9749144      1.5087451      6.9519868    
   3760000   1.011806       6.9792196      1.5176155      6.9554252    
   3770000   1.0062136      6.9896857      1.5092276      6.9640005    
   3780000   1.0013561      6.9805812      1.5019417      6.9549197    
   3790000   0.99056122     6.9968137      1.4857504      6.9721654    
   3800000   1.0082098      6.980167       1.5122217      6.956713     
   3810000   1.0111891      6.9868353      1.5166903      6.9619868    
   3820000   1.0032966      6.9752532      1.5048523      6.9538793    
   3830000   0.99492342     6.9945161      1.4922933      6.9703529    
   3840000   0.99836853     6.9858239      1.4974606      6.9611097    
   3850000   1.0053879      6.9895108      1.5079891      6.9647851    
   3860000   0.99845685     6.9887358      1.4975931      6.9649866    
   3870000   1.0064797      6.9960844      1.5096267      6.9718259    
   3880000   0.99990944     6.9859604      1.4997719      6.9624798    
   3890000   0.9987661      6.9906646      1.4980569      6.9659109    
   3900000   0.99965562     6.9859889      1.4993912      6.9618963    
   3910000   0.99841293     6.9874806      1.4975272      6.9640139    
   3920000   1.0019098      6.9831107      1.5027722      6.9598842    
   3930000   0.99949149     6.9743893      1.499145       6.9507414    
   3940000   1.006          6.9813544      1.5089071      6.9584802    
   3950000   0.9894682      6.9861651      1.484111       6.9625666    
   3960000   0.9963724      6.9731498      1.4944666      6.9506204    
   3970000   1.0007971      6.9762903      1.5011033      6.953115     
   3980000   0.99235835     6.99257        1.4884459      6.9698333    
   3990000   1.0072623      6.9765306      1.5108005      6.9539193    
   4000000   1.0001955      6.9839166      1.5002009      6.9602758    
   4010000   1.0067025      6.9779165      1.5099609      6.9530378    
   4020000   0.99008406     6.9799434      1.4850347      6.9580832    
   4030000   0.9976654      6.9856677      1.496406       6.9619829    
   4040000   0.99458432     6.989136       1.4917847      6.9673743    
   4050000   1.0011845      6.9877399      1.5016844      6.9623988    
   4060000   0.99836554     6.9797276      1.4974562      6.95657      
   4070000   0.99823958     6.9769896      1.4972672      6.9539232    
   4080000   0.99638771     6.9857454      1.4944896      6.9612525    
   4090000   1.007015       6.9902542      1.5104295      6.9654363    
   4100000   1.0063222      6.9902328      1.5093904      6.9675402    
   4110000   1.0031184      6.9883204      1.504585       6.9636856    
   4120000   1.0025153      6.9810615      1.5036805      6.9560134    
   4130000   0.99015666     6.9791746      1.4851436      6.9573566    
   4140000   1.0037775      6.9667712      1.5055737      6.9440827    
   4150000   0.99530413     6.9847257      1.4928643      6.9606808    
   4160000   0.99269264     6.982682       1.4889473      6.9575388    
   4170000   0.99812797     6.9781412      1.4970998      6.9536037    
   4180000   0.99640014     6.9857931      1.4945082      6.9610613    
   4190000   1.0018852      6.987987       1.5027353      6.9652548    
   4200000   1.0021158      6.9890111      1.5030812      6.9659288    
   4210000   0.99618652     6.9836902      1.4941878      6.9567876    
   4220000   1.0009611      6.9852309      1.5013493      6.9613149    
   4230000   0.99919021     6.986338       1.4986931      6.9621115    
   4240000   1.0102392      7.0019146      1.5152656      6.9777455    
   4250000   1.0051004      6.9918154      1.5075579      6.9677233    
   4260000   1.0066295      6.9861024      1.5098513      6.9602957    
   4270000   1.0071447      6.9822795      1.5106241      6.9601571    
   4280000   0.99634055     6.9933405      1.4944188      6.9696891    
   4290000   1.0001869      6.9845025      1.500188       6.95966      
   4300000   0.99170887     6.9924541      1.4874718      6.9669446    
   4310000   0.99750718     6.9794347      1.4961687      6.9549559    
   4320000   0.99066844     6.9931611      1.4859112      6.9688129    
   4330000   0.99764498     6.975582       1.4963754      6.9517115    
   4340000   1.0059041      6.9859495      1.5087633      6.962076     
   4350000   0.99542718     6.9883899      1.4930489      6.9650614    
   4360000   0.99599778     6.9733599      1.4939047      6.9519639    
   4370000   0.99541732     6.9655566      1.4930341      6.9417081    
   4380000   0.98290634     6.9816288      1.4742688      6.957273     
   4390000   0.98886759     6.9868926      1.4832101      6.9636629    
   4400000   1.0067285      6.9762729      1.5099998      6.9528888    
   4410000   0.99953759     6.9790173      1.4992141      6.9546377    
   4420000   1.0056559      6.9791498      1.508391       6.9528594    
   4430000   1.0029506      6.9843625      1.5043333      6.9593112    
   4440000   1.0015082      6.9927244      1.5021699      6.9671011    
   4450000   1.0044811      6.9954215      1.5066289      6.9713186    
   4460000   1.0019457      6.9977265      1.502826       6.9732843    
   4470000   1.004527       6.9839532      1.5066978      6.9592542    
   4480000   0.9997534      6.9966953      1.4995378      6.971368     
   4490000   0.99777722     6.9744793      1.4965737      6.951987     
   4500000   1.0098481      6.9818371      1.514679       6.9589301    
   4510000   1.0121275      6.981595       1.5180978      6.9565393    
   4520000   1.0063628      6.9859479      1.5094513      6.9619824    
   4530000   1.0092808      6.9874286      1.5138281      6.961933     
   4540000   1.0094762      6.9870877      1.5141211      6.9625992    
   4550000   1.0038726      6.9869168      1.5057163      6.9624778    
   4560000   1.0023459      6.9848273      1.5034263      6.9608964    
   4570000   1.007776       6.9865837      1.5115709      6.9661109    
   4580000   1.0026388      6.9897107      1.5038657      6.9657487    
   4590000   1.0051524      6.9869703      1.5076358      6.9624532    
   4600000   1.0106222      6.9939542      1.51584        6.9702887    
   4610000   1.0029154      6.9909237      1.5042804      6.9654853    
   4620000   0.99604552     6.9947579      1.4939763      6.9704842    
   4630000   1.0022948      6.9873542      1.5033496      6.9624092    
   4640000   1.0171626      6.9929833      1.52565        6.9683255    
   4650000   1.0074275      7.0015832      1.5110483      6.9782434    
   4660000   1.0120764      6.9885483      1.5180212      6.9661345    
   4670000   1.0112464      6.9869834      1.5167762      6.961551     
   4680000   1.0164631      6.9869167      1.5246009      6.9625459    
   4690000   1.0015105      6.9813209      1.5021733      6.9579205    
   4700000   0.99428291     6.9833847      1.4913326      6.9589153    
   4710000   0.99224867     6.9804836      1.4882814      6.9571787    
   4720000   0.9941273      6.973799       1.4910992      6.9492853    
   4730000   1.0120617      6.9863644      1.5179991      6.9639123    
   4740000   0.99389011     6.9919154      1.4907434      6.9675521    
   4750000   0.99751257     6.9757071      1.4961768      6.9522415    
   4760000   0.99583618     6.984912       1.4936624      6.958402     
   4770000   0.99648683     6.9856105      1.4946383      6.9618185    
   4780000   1.0018014      6.9952997      1.5026097      6.9728       
   4790000   1.0146269      6.9865137      1.5218467      6.9629369    
   4800000   0.99984649     6.9775791      1.4996774      6.9503891    
   4810000   0.9973925      6.9975387      1.4959967      6.9717956    
   4820000   1.0017973      6.9817377      1.5026035      6.9574103    
   4830000   1.0034015      6.9810291      1.5050096      6.9576602    
   4840000   1.0002347      6.9892344      1.5002597      6.9657565    
   4850000   0.99716148     6.9875117      1.4956502      6.96339      
   4860000   1.0009432      6.9899082      1.5013224      6.963329     
   4870000   0.99633502     6.9889961      1.4944106      6.9672426    
   4880000   0.99977675     6.982376       1.4995728      6.9582437    
   4890000   1.0000411      6.9666331      1.4999693      6.9464805    
   4900000   0.99356283     6.9810715      1.4902525      6.9571421    
   4910000   1.0055277      6.9715364      1.5081988      6.9483906    
   4920000   0.99091385     6.9868985      1.4862793      6.9630271    
   4930000   0.99065066     6.9847018      1.4858845      6.9603266    
   4940000   0.99853868     6.9815244      1.4977158      6.958588     
   4950000   0.98924168     6.9815254      1.4837712      6.9570865    
   4960000   0.99970186     6.9923986      1.4994605      6.9694901    
   4970000   1.0105549      6.9930694      1.515739       6.9699382    
   4980000   1.017149       6.9823841      1.5256295      6.9590015    
   4990000   1.012564       6.9886861      1.5187525      6.9652832    
   5000000   1.0143045      6.984734       1.5213632      6.9609621    
   5010000   1.0037091      6.9902842      1.5054711      6.9655634    
   5020000   1.0054417      6.9932237      1.5080697      6.9659617    
   5030000   1.0037114      6.992185       1.5054744      6.96414      
   5040000   0.99680677     6.9887281      1.4951181      6.9653477    
   5050000   1.0008267      6.9890684      1.5011477      6.9639988    
   5060000   1.0002174      6.9874098      1.5002338      6.9622161    
   5070000   1.0102658      6.9820978      1.5153054      6.9574803    
   5080000   1.0006683      6.9900291      1.5009101      6.9664071    
   5090000   1.000101       6.9758516      1.5000592      6.9518498    
   5100000   0.99820058     6.9973265      1.4972087      6.9742413    
   5110000   1.0127259      6.9918884      1.5189953      6.9681884    
   5120000   1.0090097      6.9960046      1.5134213      6.9725037    
   5130000   0.99807212     6.9949859      1.497016       6.9726314    
   5140000   1.0082095      6.990597       1.5122213      6.9664224    
   5150000   1.0071834      6.9794993      1.5106822      6.956095     
   5160000   1.0010058      6.9791783      1.5014163      6.9537968    
   5170000   0.99951125     6.9803534      1.4991746      6.9578228    
   5180000   1.0136266      6.9824111      1.5203464      6.9618761    
   5190000   0.99759698     6.989541       1.4963034      6.9649038    
   5200000   0.99779782     6.9943188      1.4966046      6.9672536    
   5210000   1.0078049      6.9773534      1.5116142      6.9536388    
   5220000   0.99810947     6.9719106      1.4970721      6.9477928    
   5230000   0.99613475     6.9872893      1.4941102      6.961896     
   5240000   0.99835672     6.9779408      1.4974429      6.9539309    
   5250000   1.0041406      6.9962539      1.5061182      6.9717117    
   5260000   0.99297784     6.9923612      1.4893751      6.9656712    
   5270000   1.0002067      6.9818418      1.5002177      6.96023      
   5280000   0.98911742     6.9790213      1.4835848      6.9540218    
   5290000   0.9922243      6.9820329      1.4882449      6.9588354    
   5300000   1.0023556      6.9848511      1.5034409      6.9608793    
   5310000   0.9989631      6.9797791      1.4983524      6.9561336    
   5320000   0.99764876     6.9709721      1.4963811      6.9476423    
   5330000   1.0021893      6.9775908      1.5031914      6.9540173    
   5340000   1.0050302      6.978128       1.5074526      6.9552907    
   5350000   1.00394        6.9855255      1.5058173      6.9625331    
   5360000   0.99347205     6.9888893      1.4901164      6.9664769    
   5370000   1.0006918      6.9770976      1.5009454      6.9556568    
   5380000   0.99357718     6.9863186      1.4902741      6.9633147    
   5390000   1.0053352      6.9733052      1.50791        6.9504625    
   5400000   1.0069884      6.9854693      1.5103897      6.961362     
   5410000   0.99052497     6.9846039      1.485696       6.9605754    
   5420000   0.988599       6.9951102      1.4828073      6.9721192    
   5430000   0.99426665     6.9795574      1.4913082      6.9560527    
   5440000   0.99215569     6.9806063      1.4881419      6.9566099    
   5450000   0.99664256     6.9835243      1.4948718      6.9580243    
   5460000   0.99369091     6.9880916      1.4904446      6.9630979    
   5470000   1.0008881      6.9897276      1.5012397      6.9635174    
   5480000   1.0148374      6.9910011      1.5221624      6.9664055    
   5490000   1.0060702      6.9822879      1.5090125      6.9590407    
   5500000   1.007459       6.9782869      1.5110956      6.9526269    
   5510000   1.0037533      6.9822036      1.5055373      6.9575658    
   5520000   0.9940749      6.9827671      1.4910206      6.9589515    
   5530000   0.99591625     6.9773022      1.4937824      6.953132     
   5540000   0.99939456     6.979215       1.4989996      6.9553511    
   5550000   0.98897013     6.9827182      1.4833639      6.9585955    
   5560000   0.99881682     6.9851253      1.498133       6.96195      
   5570000   1.0093285      6.976888       1.5138995      6.9505052    
   5580000   0.99881288     6.9885816      1.4981271      6.965759     
   5590000   1.0022064      6.9980193      1.5032171      6.974476     
   5600000   1.0085344      7.0017127      1.5127086      6.9767448    
   5610000   0.99887125     6.9901285      1.4982147      6.9680134    
   5620000   1.0022471      6.9817199      1.5032782      6.9581218    
   5630000   1.0068873      6.9822209      1.5102379      6.9614447    
   5640000   0.99991124     6.9876174      1.4997746      6.964457     
   5650000   1.003261       6.9769517      1.504799       6.9536075    
   5660000   1.0052638      6.9892883      1.507803       6.964957     
   5670000   0.99774331     6.9798832      1.4965229      6.9538616    
   5680000   0.98769371     6.9838183      1.4814494      6.9590262    
   5690000   0.99757623     6.9885041      1.4962723      6.9614009    
   5700000   0.99189103     6.9835509      1.487745       6.9572066    
   5710000   0.99383462     6.981628       1.4906602      6.9589201    
   5720000   0.99386132     6.9939505      1.4907002      6.9684335    
   5730000   1.0089699      6.9828059      1.5133617      6.957097     
   5740000   0.99863126     6.9910919      1.4978547      6.9675324    
   5750000   0.99792396     6.9844539      1.4967938      6.9611633    
   5760000   0.99893252     6.9803658      1.4983066      6.9573207    
   5770000   1.0058119      6.990768       1.508625       6.9668753    
   5780000   1.0161855      6.9856161      1.5241845      6.9611417    
   5790000   1.0066629      6.9898294      1.5099014      6.9651004    
   5800000   0.99954684     6.9916114      1.499228       6.9673477    
   5810000   0.99675655     6.9963709      1.4950428      6.9730707    
   5820000   1.0034601      6.9894194      1.5050976      6.9658534    
   5830000   0.99239948     6.9875494      1.4885076      6.9624353    
   5840000   0.99712263     6.9847389      1.4955919      6.9612755    
   5850000   1.0016232      6.9940572      1.5023423      6.9695155    
   5860000   0.99297596     6.9894118      1.4893723      6.9652261    
   5870000   1.005733       6.9902959      1.5085066      6.9661823    
   5880000   1.0085958      6.9878317      1.5128006      6.9641272    
   5890000   1.0088729      6.9726993      1.5132163      6.9459331    
   5900000   1.0015537      6.9744766      1.5022381      6.9526319    
   5910000   0.99517335     6.9825726      1.4926682      6.9590103    
   5920000   1.0029127      6.9901577      1.5042765      6.9665739    
   5930000   1.0022621      6.9914823      1.5033006      6.9666276    
   5940000   1.0058798      6.9734419      1.5087269      6.9529699    
   5950000   1.0057928      6.987232       1.5085964      6.9637995    
   5960000   0.99760072     6.9727359      1.496309       6.947902     
   5970000   0.99829952     6.9825432      1.4973571      6.9591132    
   5980000   0.99577054     6.9854089      1.4935639      6.9590295    
   5990000   0.99820402     6.9859202      1.4972139      6.9622146    
   6000000   0.99430386     6.9837471      1.491364       6.9603861    
   6010000   1.0032672      6.9677745      1.5048081      6.944108     
   6020000   1.0024998      6.9891427      1.5036571      6.9649225    
   6030000   1.0028903      6.9873869      1.5042429      6.9628975    
   6040000   0.99864145     6.976219       1.49787        6.9524529    
   6050000   0.99001194     6.9734011      1.4849265      6.9490648    
   6060000   0.9948767      6.9703654      1.4922232      6.9468755    
   6070000   1.0017331      6.9813737      1.5025072      6.9567496    
   6080000   1.0068183      6.9725921      1.5101344      6.9450057    
   6090000   1.00194        6.9871539      1.5028176      6.9621503    
   6100000   1.0014182      6.9906392      1.5020349      6.9666431    
   6110000   1.0035395      6.979602       1.5052166      6.9544312    
   6120000   0.99553475     6.9810411      1.4932102      6.9570773    
   6130000   0.99560006     6.9909023      1.4933082      6.9667114    
   6140000   0.99764899     6.9777237      1.4963814      6.9535139    
   6150000   0.99948859     6.9824238      1.4991406      6.9602119    
   6160000   0.99909871     6.9791192      1.4985558      6.9530662    
   6170000   0.99993271     6.9958919      1.4998068      6.9738246    
   6180000   0.99938592     6.9831355      1.4989866      6.9575432    
   6190000   1.0011527      6.9792212      1.5016366      6.9545261    
   6200000   0.99719196     6.9910248      1.4956959      6.9662026    
   6210000   1.0056111      6.9873589      1.5083239      6.9630964    
   6220000   1.0064616      6.9856166      1.5095995      6.9589162    
   6230000   1.0099544      6.9885498      1.5148383      6.9639575    
   6240000   1.0066513      6.9842513      1.509884       6.9632251    
   6250000   0.99622453     6.9920984      1.4942448      6.9664798    
   6260000   1.0068265      6.9903337      1.5101469      6.9682785    
   6270000   1.0045955      6.9947154      1.5068006      6.9716746    
   6280000   1.004528       6.9889115      1.5066993      6.9660085    
   6290000   0.994207       7.0009774      1.4912187      6.977335     
   6300000   1.0066205      6.9867278      1.5098378      6.9620572    
   6310000   1.0083679      6.9807258      1.5124587      6.9577115    
   6320000   0.99840463     6.9810833      1.4975148      6.9593267    
   6330000   0.99869972     6.9824669      1.4979574      6.9597155    
   6340000   0.9916461      6.9928058      1.4873776      6.9670909    
   6350000   1.0014431      6.987844       1.5020722      6.9649124    
   6360000   1.0033486      6.985213       1.5049302      6.9612952    
   6370000   1.0070832      6.9796485      1.5105319      6.9573274    
   6380000   0.99770037     6.9818316      1.4964585      6.9569814    
   6390000   1.001225       6.9951611      1.5017451      6.9726667    
   6400000   0.99447041     6.9871521      1.4916138      6.9629594    
   6410000   0.99020548     6.9866887      1.4852168      6.9612624    
   6420000   0.98592118     6.9968736      1.4787908      6.9740248    
   6430000   0.99856033     6.9974151      1.4977483      6.9728808    
   6440000   1.0058184      6.9838205      1.5086347      6.960054     
   6450000   1.0034399      6.9809605      1.5050673      6.9559205    
   6460000   0.99820777     6.9706272      1.4972195      6.9467006    
   6470000   0.99333001     6.9873594      1.4899033      6.9645546    
   6480000   1.0072929      6.9804213      1.5108464      6.9545767    
   6490000   1.0017302      6.9843859      1.5025028      6.9593909    
   6500000   1.0047087      6.975495       1.5069702      6.9511888    
   6510000   0.99974455     6.98942        1.4995245      6.9656956    
   6520000   1.0040194      6.9836274      1.5059365      6.9590462    
   6530000   1.0014257      6.9867073      1.5020461      6.9626053    
   6540000   1.0009113      6.9829901      1.5012745      6.959309     
   6550000   0.99332256     6.984133       1.4898922      6.961287     
   6560000   0.99100073     6.9861682      1.4864096      6.9630546    
   6570000   0.99975963     6.97247        1.4995472      6.9487051    
   6580000   0.9938741      6.9754453      1.4907194      6.9511271    
   6590000   0.9996571      6.9830033      1.4993934      6.9597728    
   6600000   0.99640662     6.9834853      1.4945179      6.9580681    
   6610000   0.99664445     6.9815549      1.4948747      6.9575596    
   6620000   0.99767706     6.9767544      1.4964235      6.9538865    
   6630000   0.99563088     6.9798458      1.4933544      6.9561688    
   6640000   0.9908462      6.9790791      1.4861778      6.9544847    
   6650000   1.0019401      6.9938706      1.5028177      6.9663008    
   6660000   0.99397323     6.9853294      1.4908681      6.9633514    
   6670000   1.0002871      6.988897       1.5003384      6.9638524    
   6680000   0.9992115      6.9847847      1.498725       6.9600637    
   6690000   0.99415007     6.9920206      1.4911333      6.9676872    
   6700000   1.0021045      6.9776961      1.5030643      6.9536736    
   6710000   0.99700943     6.9722543      1.4954221      6.9477215    
   6720000   0.99756677     6.983141       1.4962581      6.9588666    
   6730000   1.0014189      6.9892778      1.5020359      6.9631659    
   6740000   1.000891       6.9930849      1.5012442      6.9702884    
   6750000   1.0105353      6.9827921      1.5157096      6.9590544    
   6760000   0.99852566     6.9731206      1.4976963      6.950185     
   6770000   0.98669354     6.9742736      1.4799492      6.951178     
   6780000   0.98980341     6.9781412      1.4846138      6.9554222    
   6790000   0.99684038     6.9762195      1.4951685      6.9512346    
   6800000   0.98437636     6.9763177      1.4764737      6.9531618    
   6810000   0.98355033     6.9709673      1.4752347      6.9482338    
   6820000   0.99425699     6.9886684      1.4912937      6.9650655    
   6830000   0.99330287     6.9917208      1.4898626      6.9674171    
   6840000   0.99563674     6.9908699      1.4933632      6.9644868    
   6850000   1.0037062      6.9850081      1.5054667      6.9646451    
   6860000   1.0022142      6.9791698      1.5032288      6.9564403    
   6870000   0.98688737     6.9755578      1.48024        6.9500891    
   6880000   0.99437903     6.9770484      1.4914768      6.9548174    
   6890000   1.0079218      6.988446       1.5117896      6.9645563    
   6900000   0.99461585     6.993998       1.491832       6.9702997    
   6910000   0.99890927     6.9871503      1.4982717      6.9631897    
   6920000   1.0041388      6.9788749      1.5061155      6.9539058    
   6930000   0.99365299     6.986285       1.4903878      6.9618499    
   6940000   1.0017429      6.9735328      1.5025219      6.9492102    
   6950000   0.99974592     6.9769869      1.4995266      6.9549103    
   6960000   0.99615801     6.9947865      1.4941451      6.9720333    
   6970000   0.99848819     6.9921824      1.4976401      6.9693992    
   6980000   1.0047712      6.9836912      1.507064       6.9605095    
   6990000   0.99899904     6.985973       1.4984063      6.9633402    
   7000000   0.98777921     6.9812906      1.4815776      6.9574019    
   7010000   1.0032545      6.9698783      1.5047892      6.9459205    
   7020000   1.0016988      6.9888759      1.5024557      6.9627527    
   7030000   0.99466305     6.974361       1.4919028      6.9495453    
   7040000   0.99399333     6.9773976      1.4908982      6.9541776    
   7050000   0.99936374     6.9802965      1.4989534      6.9582491    
   7060000   1.0009816      6.9871867      1.50138        6.9622035    
   7070000   1.0009722      6.988641       1.5013658      6.9644507    
   7080000   1.0045289      7.0018413      1.5067006      6.9751005    
   7090000   1.0013785      6.9980355      1.5019753      6.97014      
   7100000   1.0068324      6.9854613      1.5101557      6.9604402    
   7110000   0.99569219     6.9892967      1.4934464      6.9653164    
   7120000   0.99320249     6.9816229      1.4897121      6.9588655    
   7130000   0.99310389     6.9732152      1.4895642      6.951711     
   7140000   1.0028462      6.9733396      1.5041768      6.9479861    
   7150000   1.0152031      6.9902555      1.5227109      6.9664971    
   7160000   1.0056438      6.9897547      1.5083729      6.9642606    
   7170000   0.99646828     6.9819409      1.4946104      6.9571068    
   7180000   0.99890752     6.9812956      1.4982691      6.9590531    
   7190000   1.0036215      6.9976479      1.5053396      6.9738629    
   7200000   0.99572765     6.9927999      1.4934996      6.9673514    
   7210000   1.0053674      6.9790406      1.5079582      6.9552459    
   7220000   1.0045825      6.9736783      1.5067811      6.9488007    
   7230000   0.99396812     6.9867869      1.4908604      6.9646382    
   7240000   1.0001994      6.9843677      1.5002068      6.9629127    
   7250000   0.99580394     6.9872347      1.493614       6.9614013    
   7260000   0.99223377     6.9747805      1.4882591      6.9490343    
   7270000   1.0031308      6.9857819      1.5046036      6.9625395    
   7280000   1.0061664      6.988197       1.5091567      6.9642984    
   7290000   1.0107487      6.9905639      1.5160298      6.9667415    
   7300000   0.99263739     6.9807147      1.4888645      6.9567486    
   7310000   0.99336281     6.9808419      1.4899525      6.9539524    
   7320000   0.99674136     6.9706587      1.49502        6.9473671    
   7330000   0.99109592     6.9861501      1.4865524      6.9636741    
   7340000   0.99595269     6.984865       1.4938371      6.9608883    
   7350000   0.99198074     6.9914007      1.4878795      6.9684885    
   7360000   0.99734803     6.9810139      1.49593        6.9566578    
   7370000   1.0017368      6.9882649      1.5025127      6.9628596    
   7380000   1.0018174      6.9818621      1.5026336      6.9599999    
   7390000   0.99027301     6.9924729      1.4853181      6.9673978    
   7400000   0.99781731     6.9938077      1.4966339      6.9699395    
   7410000   0.99655397     6.9860376      1.494739       6.9661595    
   7420000   0.99309621     6.9850051      1.4895526      6.9616109    
   7430000   0.99474647     6.9948309      1.4920279      6.969637     
   7440000   0.9906982      6.9876171      1.4859559      6.9666214    
   7450000   0.99587812     6.9826926      1.4937253      6.957727     
   7460000   1.0015823      6.9875546      1.5022809      6.9658531    
   7470000   0.99867337     6.9823674      1.4979179      6.9575338    
   7480000   1.0115673      6.9777177      1.5172575      6.9549415    
   7490000   1.0065412      6.9899875      1.5097189      6.9656527    
   7500000   0.99478061     6.9860714      1.4920791      6.9636323    
   7510000   0.99827005     6.9751351      1.4973129      6.9497413    
   7520000   0.99471677     6.9868744      1.4919833      6.9640034    
   7530000   0.9995907      6.9824583      1.4992938      6.9589196    
   7540000   0.9997248      6.984465       1.4994949      6.9627421    
   7550000   0.99185892     6.9735771      1.4876968      6.9506993    
   7560000   0.99814589     6.9712446      1.4971267      6.9455516    
   7570000   0.99141483     6.9802628      1.4870307      6.9557778    
   7580000   1.0027607      6.9755786      1.5040485      6.9529917    
   7590000   0.99612694     6.9923985      1.4940985      6.9683873    
   7600000   1.0016478      6.991502       1.5023793      6.9679626    
   7610000   1.0065518      6.9777767      1.5097347      6.9517825    
   7620000   1.0046875      6.9896789      1.5069385      6.967601     
   7630000   1.0079881      6.9845176      1.5118891      6.9606881    
   7640000   0.99723767     7.001083       1.4957645      6.9770449    
   7650000   0.99155899     7.0010715      1.487247       6.9768989    
   7660000   0.99543029     6.9754764      1.4930535      6.9512251    
   7670000   0.98986296     6.9839846      1.4847031      6.9606006    
   7680000   1.0002332      6.9810647      1.5002574      6.9560217    
   7690000   1.0069688      6.9912255      1.5103602      6.9649044    
   7700000   1.011011       6.9958185      1.5164232      6.9724542    
   7710000   1.0022079      6.996539       1.5032193      6.9704359    
   7720000   1.004978       6.9906354      1.5073743      6.9662869    
   7730000   1.0132737      6.9824848      1.5198171      6.9568025    
   7740000   1.0055209      6.9854218      1.5081886      6.9633842    
   7750000   1.0030999      6.9886407      1.5045572      6.9636205    
   7760000   1.0132898      6.9909988      1.5198412      6.9644722    
   7770000   0.99993907     6.9958056      1.4998163      6.9698761    
   7780000   0.99602681     6.9815112      1.4939483      6.9560975    
   7790000   0.99702164     6.9832058      1.4954404      6.9592664    
   7800000   0.99246383     6.9852568      1.4886041      6.9588585    
   7810000   0.99242648     6.9816088      1.4885481      6.9569526    
   7820000   0.99867447     6.9862217      1.4979195      6.9619623    
   7830000   1.0051613      6.9805019      1.5076492      6.9559035    
   7840000   1.0075247      6.9808044      1.5111941      6.955292     
   7850000   0.99863955     6.9710988      1.4978671      6.9461237    
   7860000   0.99681893     6.984494       1.4951364      6.9614266    
   7870000   1.0024927      6.989552       1.5036465      6.9641256    
   7880000   0.99899889     6.9856894      1.4984061      6.9605687    
   7890000   0.9964882      6.9951119      1.4946403      6.9705172    
   7900000   0.99701624     6.9906414      1.4954323      6.9677291    
   7910000   1.0079652      6.9849333      1.5118547      6.9617206    
   7920000   0.99197254     6.9970345      1.4878673      6.9734769    
   7930000   0.99546262     6.9930611      1.493102       6.9702992    
   7940000   1.0050386      6.9815329      1.5074651      6.9570751    
   7950000   1.0014925      6.988386       1.5021464      6.9613895    
   7960000   1.0032681      6.9910341      1.5048096      6.9652228    
   7970000   1.0024396      6.9925515      1.5035668      6.9697049    
   7980000   0.9984377      6.9846738      1.4975644      6.9609591    
   7990000   0.98593778     6.9905333      1.4788157      6.9654164    
   8000000   1.0025324      6.9783227      1.503706       6.9553706    
   8010000   0.99655        6.9870215      1.494733       6.9609629    
   8020000   0.99994598     6.9869003      1.4998267      6.9614835    
   8030000   1.008991       6.9950658      1.5133933      6.9687364    
   8040000   1.0106954      6.992845       1.5159498      6.9680924    
   8050000   0.99771639     6.9941182      1.4964825      6.9698292    
   8060000   1.0074689      6.9812264      1.5111103      6.9557613    
   8070000   1.0053113      7.0068819      1.5078742      6.9801272    
   8080000   1.0036835      6.998997       1.5054326      6.977792     
   8090000   1.0051468      6.9988101      1.5076274      6.9737849    
   8100000   1.0139635      6.9834291      1.5208516      6.9602395    
   8110000   1.0067146      6.9796325      1.509979       6.9561901    
   8120000   1.0141116      6.9726715      1.5210737      6.9503163    
   8130000   1.0047246      6.9896962      1.5069941      6.9674399    
   8140000   1.0041839      6.9774869      1.5061832      6.9515445    
   8150000   0.99978268     6.9701984      1.4995817      6.9469642    
   8160000   0.9938715      6.9788249      1.4907155      6.955654     
   8170000   0.99116448     6.974814       1.4866552      6.9502816    
   8180000   1.0016646      6.9749546      1.5024045      6.9520279    
   8190000   1.000095       6.9855643      1.5000502      6.9615897    
   8200000   0.99677608     6.9838115      1.4950721      6.9591796    
   8210000   1.0074418      6.9882336      1.5110697      6.964894     
   8220000   0.99518387     6.9992198      1.4926839      6.9755465    
   8230000   0.99848778     6.9803483      1.4976395      6.9571012    
   8240000   1.0065368      6.9869834      1.5097123      6.9632519    
   8250000   0.99661112     6.9911087      1.4948247      6.968455     
   8260000   1.0070397      6.9744856      1.5104666      6.9506827    
   8270000   0.995747       6.9906491      1.4935286      6.968508     
   8280000   0.99758204     6.9757931      1.496281       6.9546969    
   8290000   1.0011308      6.9729157      1.5016037      6.9497529    
   8300000   0.99663808     6.9830806      1.4948651      6.9601991    
   8310000   0.99277121     6.9804616      1.4890652      6.9560193    
   8320000   0.99783372     6.9897548      1.4966585      6.9688638    
   8330000   0.99571048     6.990447       1.4934738      6.9665321    
   8340000   1.0056271      6.9834784      1.5083478      6.9583836    
   8350000   0.99602471     6.9867133      1.4939451      6.9619266    
   8360000   1.0000968      6.9731838      1.5000529      6.9487133    
   8370000   0.99291847     6.9750153      1.489286       6.9506063    
   8380000   0.99426925     6.9845859      1.4913121      6.9624926    
   8390000   0.99816598     6.9905471      1.4971568      6.9685792    
   8400000   1.0015078      6.9847821      1.5021693      6.9598395    
   8410000   0.99505063     6.9853129      1.4924841      6.958979     
   8420000   0.99267513     6.9796249      1.4889211      6.9565861    
   8430000   0.99952855     6.9778057      1.4992006      6.9537631    
   8440000   0.99975463     6.9822815      1.4995397      6.9579726    
   8450000   0.99730792     6.9775701      1.4958698      6.9538879    
   8460000   1.004234       6.976792       1.5062583      6.9543153    
   8470000   0.98766433     6.9949031      1.4814053      6.9677032    
   8480000   0.98726545     6.9836291      1.480807       6.9600449    
   8490000   1.0017441      6.9899621      1.5025237      6.9646095    
   8500000   1.0010136      6.9891509      1.501428       6.9652772    
   8510000   0.98987828     6.9993247      1.4847261      6.9769856    
   8520000   1.0027071      6.9854295      1.5039681      6.9609958    
   8530000   0.9993325      6.9795635      1.4989065      6.9594572    
   8540000   1.0012604      6.9826024      1.5017982      6.9564756    
   8550000   0.99737949     6.9950867      1.4959772      6.9718741    
   8560000   0.9926516      6.9869891      1.4888858      6.9635091    
   8570000   0.9959492      6.9763158      1.4938319      6.950432     
   8580000   1.0032969      6.9771859      1.5048528      6.9542576    
   8590000   0.99565679     6.9880506      1.4933933      6.9634789    
   8600000   1.000774       6.9850057      1.5010687      6.9623216    
   8610000   0.99555873     6.985049       1.4932462      6.9603505    
   8620000   1.0007967      6.9922052      1.5011026      6.9686533    
   8630000   0.99660211     6.9809975      1.4948112      6.955691     
   8640000   0.9912905      6.9775635      1.4868442      6.9532025    
   8650000   0.99617581     6.9782122      1.4941718      6.9555286    
   8660000   0.9964144      6.9797001      1.4945296      6.9554134    
   8670000   0.99833957     6.9899931      1.4974172      6.9660036    
   8680000   1.005565       6.9744418      1.5082546      6.950179     
   8690000   0.99206605     6.9814365      1.4880075      6.9572567    
   8700000   0.99442649     6.9958276      1.4915479      6.9708411    
   8710000   0.99082673     6.9957187      1.4861486      6.9694039    
   8720000   1.0008333      6.9962607      1.5011575      6.969136     
   8730000   0.99733946     6.9757356      1.4959171      6.9497184    
   8740000   0.98862574     6.9876694      1.4828474      6.9632166    
   8750000   1.0099771      6.9881892      1.5148724      6.9637554    
   8760000   1.0106035      6.9890879      1.515812       6.964765     
   8770000   1.0025744      6.9936433      1.5037691      6.9705061    
   8780000   1.0118285      6.9849498      1.5176493      6.9617824    
   8790000   1.0027546      6.9764674      1.5040393      6.9549861    
   8800000   1.0083005      6.9881727      1.5123576      6.9651873    
   8810000   0.99175528     6.9839947      1.4875414      6.9602626    
   8820000   0.98433816     6.9917304      1.4764164      6.9647145    
   8830000   0.99580893     6.9839436      1.4936215      6.9601376    
   8840000   0.99742098     6.9762081      1.4960394      6.9528287    
   8850000   1.0035175      6.9771833      1.5051836      6.9549134    
   8860000   0.99792054     6.9768004      1.4967887      6.954773     
   8870000   0.99843337     6.9815974      1.4975579      6.957807     
   8880000   0.99800764     6.9820886      1.4969193      6.9575772    
   8890000   0.9947242      6.980423       1.4919945      6.9584541    
   8900000   1.0036875      6.9855437      1.5054387      6.9606753    
   8910000   1.0064463      6.9823226      1.5095766      6.9588799    
   8920000   1.0172541      6.9830449      1.5257872      6.9562406    
   8930000   1.0003349      6.9786169      1.5004101      6.9561072    
   8940000   0.98717328     6.9923886      1.4806688      6.9677072    
   8950000   0.99255381     6.9871305      1.4887391      6.9631243    
   8960000   1.0132539      6.9860682      1.5197874      6.9622015    
   8970000   1.0003781      6.9952345      1.5004749      6.9721309    
   8980000   1.0039661      6.9914898      1.5058565      6.9666167    
   8990000   0.99613813     6.9856987      1.4941152      6.9622251    
   9000000   1.0065166      6.9733863      1.5096821      6.94782      
   9010000   0.98287129     6.9897967      1.4742162      6.9649008    
   9020000   0.99294015     6.9818027      1.4893186      6.9585172    
   9030000   0.99854753     6.9780916      1.4977291      6.9558779    
   9040000   0.99620653     6.9791696      1.4942178      6.9545271    
   9050000   0.99880973     6.9900959      1.4981224      6.9676153    
   9060000   0.99771663     6.9899339      1.4964828      6.9669783    
   9070000   1.0066247      6.9887068      1.5098442      6.9643066    
   9080000   1.0033834      6.9797511      1.5049825      6.9557561    
   9090000   0.99948919     6.9885112      1.4991415      6.9613893    
   9100000   1.0016381      6.9853867      1.5023647      6.9606598    
   9110000   1.0067451      6.9730446      1.5100247      6.9520041    
   9120000   1.0079881      6.9738093      1.5118892      6.9495286    
   9130000   1.0120769      6.9844481      1.518022       6.958823     
   9140000   1.0011822      6.9879051      1.5016809      6.9623634    
   9150000   1.0040858      6.975688       1.506036       6.9501883    
   9160000   1.0031981      6.9824456      1.5047046      6.9563861    
   9170000   0.99801788     6.9840687      1.4969347      6.9602105    
   9180000   0.99904969     6.9887811      1.4984823      6.9651318    
   9190000   1.0128977      6.9861014      1.5192531      6.9627065    
   9200000   1.0117529      6.9910478      1.517536       6.9662234    
   9210000   1.0059503      6.9818656      1.5088326      6.9555056    
   9220000   1.0040435      6.9929038      1.5059726      6.9690759    
   9230000   1.0041996      6.9805406      1.5062067      6.9568058    
   9240000   0.99192655     6.9953647      1.4877983      6.9709081    
   9250000   1.0051193      6.9886769      1.5075862      6.96447      
   9260000   0.99208613     6.9840768      1.4880376      6.9598306    
   9270000   0.99235835     6.9822546      1.4884459      6.9575208    
   9280000   0.99212303     6.990294       1.488093       6.9664356    
   9290000   0.99693636     6.974122       1.4953125      6.9503015    
   9300000   0.99588849     6.9669688      1.4937408      6.9415308    
   9310000   0.99603074     6.9811756      1.4939542      6.958229     
   9320000   0.99470197     6.9819717      1.4919611      6.9589236    
   9330000   1.0020256      6.9854226      1.5029459      6.9625734    
   9340000   0.99961195     6.9839207      1.4993257      6.9606338    
   9350000   1.0039394      6.9787935      1.5058165      6.9562536    
   9360000   1.0048551      6.9679176      1.5071899      6.9443526    
   9370000   1.0006085      6.9916981      1.5008204      6.9673266    
   9380000   1.0021461      6.9884769      1.5031267      6.9628206    
   9390000   1.0042745      6.9759846      1.5063191      6.9504504    
   9400000   1.000254       6.9803102      1.5002886      6.9547009    
   9410000   0.99295142     7.000204       1.4893355      6.9754281    
   9420000   1.0107393      6.9920672      1.5160156      6.9660848    
   9430000   1.0072732      6.9848918      1.5108169      6.9608779    
   9440000   0.99465958     6.9844704      1.4918976      6.9614084    
   9450000   1.0042867      6.9854167      1.5063374      6.961024     
   9460000   0.99820387     6.9833085      1.4972137      6.9610671    
   9470000   0.98980465     6.9847321      1.4846156      6.9604516    
   9480000   0.99034105     6.9871519      1.4854202      6.9612813    
   9490000   0.99159857     6.9890654      1.4873063      6.9644535    
   9500000   1.0034129      6.9816285      1.5050268      6.9584019    
   9510000   1.0083352      6.9833548      1.5124098      6.9599728    
   9520000   1.0066878      6.9880702      1.5099388      6.9643966    
   9530000   0.99870329     6.9916735      1.4979627      6.968502     
   9540000   1.0057521      6.9847032      1.5085354      6.9607865    
   9550000   0.9920247      6.980236       1.4879455      6.9578237    
   9560000   0.984645       6.9847648      1.4768766      6.9618318    
   9570000   0.99468283     6.9852872      1.4919324      6.962022     
   9580000   1.0041584      6.9847633      1.506145       6.959498     
   9590000   0.99985522     6.9868387      1.4996905      6.9626895    
   9600000   0.98966043     6.9897838      1.4843993      6.9665784    
   9610000   1.0023429      6.9873849      1.5034219      6.9631257    
   9620000   1.0048201      6.9864329      1.5071374      6.9628241    
   9630000   1.0032934      6.983158       1.5048476      6.9573106    
   9640000   1.0064876      6.9826658      1.5096385      6.959118     
   9650000   1.0050241      6.9813415      1.5074434      6.9563176    
   9660000   1.0068082      6.9851241      1.5101193      6.9619463    
   9670000   1.0145676      6.9869863      1.5217577      6.9633068    
   9680000   1.0001115      6.9800018      1.5000749      6.9569287    
   9690000   1.0063405      6.9970328      1.5094178      6.971315     
   9700000   1.0033292      6.9965227      1.5049013      6.9711689    
   9710000   1.0029703      6.989981       1.5043628      6.9664979    
   9720000   1.0008772      6.9804981      1.5012234      6.9579354    
   9730000   1.0027358      6.9847035      1.5040112      6.960224     
   9740000   1.0011558      6.9927568      1.5016412      6.967324     
   9750000   0.99288193     6.9806579      1.4892312      6.9564837    
   9760000   0.99227606     6.9775179      1.4883225      6.9524461    
   9770000   1.0085522      6.9680923      1.5127352      6.9457541    
   9780000   0.99629986     6.9748797      1.4943578      6.9527731    
   9790000   0.98660247     6.9878793      1.4798126      6.9615215    
   9800000   1.0019358      6.9824142      1.5028112      6.958861     
   9810000   1.0049627      6.9902571      1.5073513      6.9657257    
   9820000   1.0028177      6.9966334      1.5041339      6.9727563    
   9830000   1.0099447      6.9921559      1.5148239      6.9674071    
   9840000   1.0033717      6.9937791      1.504965       6.9689118    
   9850000   0.99749557     6.987547       1.4961513      6.9624944    
   9860000   0.9978187      6.9897978      1.4966359      6.9659685    
   9870000   1.0013474      6.9816994      1.5019287      6.9571813    
   9880000   1.0079679      6.9934234      1.5118589      6.9694196    
   9890000   1.0057601      6.9947266      1.5085473      6.9702186    
   9900000   1.0106839      6.9878525      1.5159325      6.9628023    
   9910000   1.0061402      6.9991443      1.5091174      6.9729104    
   9920000   1.0103367      6.9837789      1.5154119      6.9592871    
   9930000   0.99498067     6.9770312      1.4923792      6.9524246    
   9940000   1.0002701      6.9915783      1.5003128      6.9669296    
   9950000   1.0009546      6.9769731      1.5013395      6.9522091    
   9960000   0.99883272     6.980001       1.4981569      6.9568761    
   9970000   0.98688382     6.9973602      1.4802346      6.971602     
   9980000   0.99906135     6.9891795      1.4984998      6.9664682    
   9990000   1.0070427      6.9727981      1.5104711      6.948316     
  10000000   0.98848321     6.9782909      1.4826336      6.9536537    
  10010000   0.99768581     6.9747894      1.4964366      6.9483203    
  10020000   1.0071426      6.9835108      1.5106209      6.9624008    
  10030000   1.0048202      6.9783113      1.5071375      6.9521711    
  10040000   0.9984921      6.9853323      1.497646       6.9613855    
  10050000   1.0007046      6.991475       1.5009645      6.9678729    
  10060000   1.0024117      6.9770886      1.503525       6.9516036    
  10070000   0.99731381     6.9882836      1.4958787      6.964836     
  10080000   1.0082993      6.9752356      1.5123559      6.9510593    
  10090000   0.99553249     6.9839561      1.4932068      6.9593217    
  10100000   0.99492489     6.9867307      1.4922955      6.9617241    
  10110000   0.99392012     6.9848605      1.4907884      6.9614546    
  10120000   1.004127       6.9707147      1.5060977      6.9472692    
  10130000   0.99146427     6.9914553      1.4871049      6.9698242    
  10140000   1.0087661      6.9738404      1.513056       6.948896     
  10150000   0.99604263     6.9941537      1.493972       6.968823     
  10160000   0.99782482     6.9867772      1.4966451      6.9626306    
  10170000   0.99002236     6.9948726      1.4849422      6.9712408    
  10180000   0.9796142      6.9852233      1.4693309      6.9585733    
  10190000   0.9899924      6.9748779      1.4848972      6.9522437    
  10200000   0.99203767     6.9823439      1.4879649      6.95841      
  10210000   0.99721382     6.968272       1.4957287      6.9425996    
  10220000   0.99189073     6.9821284      1.4877445      6.9603499    
  10230000   0.9973075      6.9821784      1.4958692      6.9587966    
  10240000   1.0004165      6.9899367      1.5005323      6.9651214    
  10250000   1.0017768      6.9808681      1.5025728      6.9592112    
  10260000   1.0039765      6.980956       1.505872       6.9564361    
  10270000   1.0044782      6.9768724      1.5066245      6.9522759    
  10280000   1.0047145      6.983144       1.5069791      6.959608     
  10290000   0.99487815     6.977375       1.4922254      6.9517094    
  10300000   0.99890036     6.9821733      1.4982583      6.9578637    
  10310000   0.98441757     6.9822316      1.4765355      6.958653     
  10320000   0.99983314     6.9793163      1.4996574      6.9542161    
  10330000   0.99602916     6.9815663      1.4939518      6.9584106    
  10340000   1.0013561      6.9776515      1.5019416      6.9539988    
  10350000   0.99405042     6.9807889      1.4909839      6.9551023    
  10360000   0.99897225     6.9796012      1.4983662      6.956645     
  10370000   1.0007492      6.9873631      1.5010314      6.964171     
  10380000   1.0119548      6.9853401      1.5178388      6.9619042    
  10390000   1.010624       6.9825616      1.5158427      6.9561602    
  10400000   0.99602711     6.9910936      1.4939487      6.9676221    
  10410000   0.99618947     6.984369       1.4941922      6.9593008    
  10420000   0.99400974     6.977624       1.4909229      6.9511454    
  10430000   0.98806194     6.9876071      1.4820017      6.9645597    
  10440000   1.0042738      6.9711958      1.5063179      6.9469006    
  10450000   1.0002559      6.9822464      1.5002915      6.9563434    
  10460000   1.0056253      6.9864229      1.5083451      6.9596339    
  10470000   0.99540799     6.9816876      1.4930201      6.9603668    
  10480000   0.99926854     6.9892308      1.4988106      6.9636378    
  10490000   0.99775242     6.9883703      1.4965365      6.9644471    
  10500000   1.0065696      6.9739196      1.5097615      6.9506208    
  10510000   1.0061523      6.9863398      1.5091356      6.9623099    
  10520000   0.99616319     6.9891761      1.4941528      6.9629097    
  10530000   0.99504538     6.9856156      1.4924762      6.9615431    
  10540000   0.99261729     6.9867754      1.4888343      6.9616829    
  10550000   0.9979562      6.9756797      1.4968422      6.9521467    
  10560000   0.98992005     6.9785255      1.4847887      6.9544157    
  10570000   0.99182841     6.980752       1.4876511      6.9556455    
  10580000   0.99361848     6.9826838      1.490336       6.9574124    
  10590000   0.99355635     6.9894123      1.4902428      6.965052     
  10600000   0.99949527     6.979387       1.4991506      6.9542795    
  10610000   1.0015111      6.9751973      1.5021741      6.9529654    
  10620000   1.0008835      6.9721723      1.5012328      6.947389     
  10630000   1.0095633      6.97777        1.5142517      6.9525972    
  10640000   1.0155204      6.9864175      1.5231869      6.9619913    
  10650000   1.0014859      6.9857337      1.5021364      6.9620471    
  10660000   1.0054673      6.9874176      1.5081082      6.963734     
  10670000   1.00674        6.9846668      1.510017       6.9599308    
  10680000   1.0049505      6.9812085      1.507333       6.956607     
  10690000   0.99709758     6.9820552      1.4955543      6.9577888    
  10700000   0.99062664     6.9800831      1.4858485      6.9597465    
  10710000   0.99853344     6.9750272      1.497708       6.9498243    
  10720000   0.99777438     6.9761484      1.4965695      6.9520452    
  10730000   1.0039553      6.9839039      1.5058403      6.9600261    
  10740000   1.0060632      6.9775672      1.5090019      6.9545423    
  10750000   1.005083       6.9852085      1.5075318      6.9591014    
  10760000   1.0019574      6.9924499      1.5028437      6.968451     
  10770000   1.0100019      6.9818537      1.5149097      6.955744     
  10780000   1.0012768      6.9890448      1.5018228      6.9657445    
  10790000   0.99843603     6.990154       1.4975619      6.9664518    
  10800000   0.99766841     6.9751901      1.4964105      6.9527976    
  10810000   0.99617185     6.976106       1.4941658      6.9529571    
  10820000   1.0023008      6.9899766      1.5033587      6.9643084    
  10830000   0.99777825     6.998514       1.4965753      6.9745856    
  10840000   1.0088639      6.9835568      1.5132027      6.9572861    
  10850000   0.99572522     6.9998598      1.4934959      6.9723142    
  10860000   0.99483831     6.9960975      1.4921656      6.9710843    
  10870000   0.99811169     6.990381       1.4970754      6.9673812    
  10880000   0.99610976     6.9832358      1.4940727      6.958617     
  10890000   0.99464101     6.9792209      1.4918697      6.9545895    
  10900000   1.003438       6.9747967      1.5050644      6.9503238    
  10910000   1.0019491      6.9825886      1.5028312      6.960787     
  10920000   1.0020495      6.9867124      1.5029817      6.9621262    
  10930000   0.98869685     6.9756339      1.482954       6.9519213    
  10940000   0.99340016     6.9796516      1.4900085      6.95605      
  10950000   0.99149905     6.9814439      1.4871571      6.9561101    
  10960000   0.9900594      6.9894804      1.4849977      6.9644452    
  10970000   0.99653035     6.9854257      1.4947035      6.9598217    
  10980000   0.99482888     6.9847765      1.4921515      6.9599526    
  10990000   1.0021821      6.9839659      1.5031806      6.9586696    
  11000000   1.0139495      6.9871369      1.5208307      6.9619351    
  11010000   1.008199       6.9902428      1.5122054      6.9666201    
  11020000   1.005698       6.9943691      1.5084541      6.9707538    
  11030000   1.0041377      6.9897982      1.5061139      6.9679603    
  11040000   1.0169454      6.9810935      1.5253242      6.9563871    
  11050000   0.99754308     6.9860862      1.4962225      6.9641721    
  11060000   0.99393024     6.9857367      1.4908036      6.9617453    
  11070000   1.0013189      6.9774972      1.501886       6.9540233    
  11080000   0.9979052      6.9771442      1.4967657      6.953569     
  11090000   0.99653967     6.9883554      1.4947175      6.9642466    
  11100000   1.0043063      6.9996113      1.5063668      6.9742535    
  11110000   1.0079958      6.9858108      1.5119007      6.9622945    
  11120000   1.0042943      6.9832001      1.5063488      6.9600414    
  11130000   0.99958098     6.9905791      1.4992792      6.9672773    
  11140000   0.98851467     6.9925419      1.4826808      6.9679167    
  11150000   1.0111781      6.979996       1.5166737      6.9570464    
  11160000   0.99821793     6.9855265      1.4972348      6.9615576    
  11170000   1.0003208      6.98715        1.5003888      6.96475      
  11180000   1.0004184      6.9894924      1.5005353      6.9658339    
  11190000   0.99622442     6.9904948      1.4942447      6.9665824    
  11200000   1.0032666      6.9851417      1.5048073      6.9592744    
  11210000   1.0085492      6.9754716      1.5127308      6.9528527    
  11220000   0.99151665     6.9841109      1.4871834      6.9585312    
  11230000   0.98989455     6.9849923      1.4847504      6.9605914    
  11240000   0.99598685     6.979054       1.4938883      6.9557577    
  11250000   0.98600118     6.9823428      1.4789108      6.9596111    
  11260000   0.99062735     6.9746058      1.4858496      6.9514674    
  11270000   0.99484002     6.9971927      1.4921682      6.9715818    
  11280000   1.0065098      6.9927786      1.5096718      6.9678814    
  11290000   1.0051149      6.9840577      1.5075796      6.9603905    
  11300000   1.0081485      6.9839729      1.5121297      6.9582036    
  11310000   1.004716       6.9794626      1.5069813      6.956456     
  11320000   0.99785054     6.9826566      1.4966837      6.9585656    
  11330000   1.0033979      6.9730225      1.5050042      6.9473957    
  11340000   1.0059024      6.9778702      1.5087607      6.9531466    
  11350000   1.0056927      6.9875479      1.5084462      6.963104     
  11360000   1.0073329      6.9740013      1.5109064      6.9495067    
  11370000   0.98396236     6.9919094      1.4758527      6.9677983    
  11380000   1.0009424      6.9855201      1.5013213      6.9617606    
  11390000   0.99012815     6.9892541      1.4851008      6.9639388    
  11400000   0.99905182     6.9725046      1.4984855      6.9487907    
  11410000   0.99459494     6.9887519      1.4918006      6.965454     
  11420000   0.99755683     6.9827697      1.4962432      6.9576807    
  11430000   0.99855052     6.9903643      1.4977336      6.9670369    
  11440000   1.0034775      6.9909267      1.5051235      6.966821     
  11450000   1.0010189      6.988605       1.5014359      6.9634732    
  11460000   1.0007903      6.9851904      1.501093       6.9601484    
  11470000   1.0070156      6.984404       1.5104305      6.961253     
  11480000   1.0106558      6.9819296      1.5158904      6.9567749    
  11490000   1.0127888      6.9889538      1.5190898      6.9650915    
  11500000   0.99903895     6.9934329      1.4984662      6.9692289    
  11510000   1.0101966      6.9824775      1.5152017      6.9548122    
  11520000   0.99684608     6.9828029      1.4951771      6.9610013    
  11530000   0.98678506     6.9892824      1.4800865      6.9645765    
  11540000   1.0017491      6.9755177      1.5025311      6.9523627    
  11550000   0.99418908     6.9854525      1.4911919      6.960981     
  11560000   0.99585926     6.9871443      1.493697       6.9640058    
  11570000   1.0015261      6.9910167      1.5021967      6.9671731    
  11580000   1.0057227      6.9829753      1.5084912      6.9566864    
  11590000   1.0035898      6.9896287      1.505292       6.9625177    
  11600000   1.0077345      6.9930849      1.5115087      6.9687515    
  11610000   1.0111377      6.9952614      1.5166132      6.9692762    
  11620000   1.0224335      6.9747334      1.5335559      6.9522292    
  11630000   1.0043672      6.9811165      1.5064581      6.9586037    
  11640000   1.0068617      6.976834       1.5101996      6.9526473    
  11650000   0.99850254     6.980511       1.4976616      6.9557863    
  11660000   1.0025571      6.9835684      1.5037431      6.9595483    
  11670000   1.0093934      6.9730079      1.513997       6.950276     
  11680000   0.99791667     6.9889236      1.4967829      6.965272     
  11690000   1.0001629      6.992629       1.5001521      6.9664818    
  11700000   0.99456802     6.9874031      1.4917602      6.9597833    
  11710000   0.99323008     6.9969001      1.4897534      6.9738342    
  11720000   1.0079002      6.9779245      1.5117573      6.9550271    
  11730000   1.0042238      6.9845661      1.506243       6.9609202    
  11740000   1.0022589      6.9955845      1.5032959      6.9724197    
  11750000   1.008551       6.9938158      1.5127334      6.9705428    
  11760000   1.0133801      6.9876844      1.5199766      6.963041     
  11770000   1.0003382      6.990789       1.500415       6.9672844    
  11780000   0.99603376     6.9886379      1.4939587      6.9637697    
  11790000   0.99947107     6.9763373      1.4991144      6.953984     
  11800000   0.99139909     6.9871555      1.4870071      6.9628205    
  11810000   1.0078266      6.9936569      1.5116469      6.968654     
  11820000   1.0153718      6.9850562      1.522964       6.9591363    
  11830000   1.0024855      6.9784195      1.5036357      6.9551511    
  11840000   0.99499193     6.9821215      1.492396       6.9567749    
  11850000   1.0007296      6.9801433      1.5010021      6.9556048    
  11860000   1.0068597      6.976813       1.5101966      6.9528851    
  11870000   1.0026278      6.9836392      1.5038492      6.9606052    
  11880000   1.0068518      6.9826546      1.5101848      6.9588878    
  11890000   1.0053729      6.9822921      1.5079665      6.9576919    
  11900000   0.9915908      6.9882806      1.4872947      6.9638295    
  11910000   0.99976704     6.981493       1.4995583      6.9574605    
  11920000   0.99824484     6.9837004      1.4972751      6.9603829    
  11930000   0.99926651     6.9817129      1.4988075      6.9571663    
  11940000   1.0039791      6.9824761      1.505876       6.9586411    
  11950000   0.9912417      7.0029055      1.486771       6.9810042    
  11960000   1.0001516      6.9839829      1.500135       6.9608044    
  11970000   0.98299354     6.9960545      1.4743996      6.9711029    
  11980000   1.0004356      6.9838087      1.500561       6.9618954    
  11990000   1.0017087      6.9765783      1.5024706      6.9532745    
  12000000   0.99497915     6.9936342      1.4923769      6.9695345    
  12010000   1.0067978      6.9875722      1.5101038      6.962861     
  12020000   1.0073749      6.9749226      1.5109694      6.9515142    
  12030000   1.0033372      6.9826682      1.5049132      6.9608381    
  12040000   1.0011762      6.994931       1.5016718      6.9688487    
  12050000   1.0020997      7.0004164      1.5030571      6.9748628    
  12060000   1.0052349      6.9813873      1.5077596      6.9558806    
  12070000   0.99986169     6.9748829      1.4997002      6.9504917    
  12080000   0.99515823     6.9879426      1.4926455      6.9647114    
  12090000   0.98730253     6.986779       1.4808627      6.9639018    
  12100000   1.0011166      6.9844318      1.5015824      6.9611827    
  12110000   1.0041312      6.988258       1.506104       6.9627206    
  12120000   0.99290093     6.9894612      1.4892597      6.9656953    
  12130000   0.98888862     6.9908014      1.4832417      6.9661792    
  12140000   0.99362952     6.9807713      1.4903526      6.9575169    
  12150000   1.0021857      6.9813939      1.503186       6.9564743    
  12160000   1.0091141      6.9844285      1.513578       6.9606776    
  12170000   1.0075756      6.9873573      1.5112703      6.9632394    
  12180000   1.0015271      6.9806313      1.5021982      6.9573499    
  12190000   1.0036338      6.9838137      1.5053581      6.9618646    
  12200000   1.0103938      6.9877735      1.5154975      6.9643677    
  12210000   1.0076308      6.997555       1.5113532      6.9755933    
  12220000   1.0100418      6.9882264      1.5149694      6.964859     
  12230000   1.0138831      6.9898239      1.520731       6.9659688    
  12240000   1.0104575      6.972627       1.515593       6.9512245    
  12250000   0.99563641     6.991445       1.4933627      6.9654457    
  12260000   1.0001026      6.9877718      1.5000615      6.9650895    
  12270000   0.99670635     6.9781461      1.4949675      6.9545075    
  12280000   0.98667731     6.98394        1.4799249      6.9593883    
  12290000   1.0008131      6.975533       1.5011273      6.952893     
  12300000   1.0052036      6.9853435      1.5077126      6.9605465    
  12310000   1.0026254      6.9743237      1.5038455      6.9501167    
  12320000   0.99898589     6.9798621      1.4983866      6.9552865    
  12330000   0.98871504     6.9893722      1.4829813      6.9650948    
  12340000   0.99577776     6.9944101      1.4935747      6.9724669    
  12350000   0.99748565     6.9866489      1.4961364      6.9620694    
  12360000   1.0115013      6.9785414      1.5171585      6.9561243    
  12370000   1.0052227      6.9909951      1.5077412      6.9690895    
  12380000   1.0057508      6.9954921      1.5085334      6.9689549    
  12390000   1.0110101      6.9760684      1.5164219      6.9538653    
  12400000   1.0091472      6.9834441      1.5136276      6.957874     
  12410000   1.0071998      6.9760239      1.5107068      6.9514511    
  12420000   0.99497668     7.0001487      1.4923732      6.9765006    
  12430000   1.0156816      6.9703065      1.5234287      6.9468142    
  12440000   1.0131577      6.9862717      1.519643       6.9640139    
  12450000   1.0033979      6.9799325      1.5050042      6.9541188    
  12460000   0.99663791     6.9859782      1.4948649      6.9636804    
  12470000   0.99539243     6.9876237      1.4929968      6.9624065    
  12480000   1.0011351      6.9875432      1.5016102      6.96349      
  12490000   1.0050343      6.9748811      1.5074587      6.9510314    
  12500000   1.0056007      6.9814495      1.5083082      6.9559636    
  12510000   1.001801       6.9915173      1.502609       6.9652622    
  12520000   0.99905006     6.9820694      1.4984829      6.9592397    
  12530000   0.9967136      6.9733913      1.4949784      6.9477577    
  12540000   0.99788433     6.9780729      1.4967344      6.9553112    
  12550000   0.99664716     6.9808437      1.4948787      6.95755      
  12560000   0.9897656      6.9963761      1.484557       6.9693908    
  12570000   0.99654433     6.9958847      1.4947245      6.9724719    
  12580000   1.0004809      6.9916247      1.500629       6.9667333    
  12590000   1.0033839      6.9854453      1.5049833      6.9595446    
  12600000   0.99346314     6.9858032      1.490103       6.9612222    
  12610000   0.98880439     6.9814257      1.4831153      6.9563597    
  12620000   0.99589561     6.9891615      1.4937515      6.9660365    
  12630000   0.99678902     6.9890964      1.4950915      6.9634125    
  12640000   1.0039967      6.9826842      1.5059023      6.959699     
  12650000   1.002231       6.9994381      1.5032539      6.975058     
  12660000   0.99592327     6.9766772      1.493793       6.9518512    
  12670000   0.9938502      6.979689       1.4906836      6.9583891    
  12680000   1.00495        6.9781502      1.5073323      6.9538289    
  12690000   1.0034535      6.9848353      1.5050876      6.9609191    
  12700000   1.0054601      6.9756453      1.5080974      6.9528828    
  12710000   0.99338993     6.9851923      1.4899932      6.9621727    
  12720000   0.99213653     6.9769697      1.4881132      6.9524361    
  12730000   0.98516649     6.9997781      1.4776588      6.9739767    
  12740000   0.99833826     6.983465       1.4974152      6.9586228    
  12750000   1.0069488      6.9823574      1.5103302      6.9586105    
  12760000   1.0024944      6.9867619      1.503649       6.9648471    
  12770000   1.017053       6.9996569      1.5254856      6.9730077    
  12780000   1.0113385      6.9933733      1.5169145      6.9689919    
  12790000   1.0067018      6.9944368      1.5099598      6.970225     
  12800000   1.0142367      6.9796513      1.5212615      6.9561112    
  12810000   1.0070037      6.9746174      1.5104126      6.9519447    
  12820000   0.99483103     6.994251       1.4921547      6.9690119    
  12830000   1.0027367      6.9851021      1.5040125      6.9616029    
  12840000   1.0089543      6.9750682      1.5133384      6.9510155    
  12850000   0.9995879      6.9864498      1.4992896      6.9640277    
  12860000   1.0046893      6.9778735      1.5069412      6.9563632    
  12870000   1.0129572      6.9906502      1.5193423      6.965498     
  12880000   1.003442       6.9855214      1.5050704      6.9631073    
  12890000   1.0083972      6.9792157      1.5125027      6.9571786    
  12900000   0.99934548     6.9842343      1.498926       6.9613218    
  12910000   0.99381416     6.9941958      1.4906295      6.9701719    
  12920000   1.0060707      6.9802972      1.5090131      6.9564039    
  12930000   1.0042604      6.9715629      1.5062979      6.9478654    
  12940000   1.0084121      6.9828215      1.5125251      6.9600432    
  12950000   0.99654878     6.9888818      1.4947312      6.963308     
  12960000   0.99980434     6.9772134      1.4996142      6.9532697    
  12970000   0.9913213      6.9812982      1.4868904      6.9570924    
  12980000   0.99070705     6.9896952      1.4859691      6.9660091    
  12990000   1.0005673      6.9708733      1.5007585      6.9445953    
  13000000   1.0025526      6.9840213      1.5037364      6.9611699    
  13010000   0.99398257     6.979198       1.4908821      6.9560877    
  13020000   0.9906505      6.9871137      1.4858843      6.9629807    
  13030000   0.99406321     6.9881234      1.4910031      6.9634735    
  13040000   0.99922451     6.9879069      1.4987445      6.9642711    
  13050000   0.99782733     6.984131       1.4966489      6.9598709    
  13060000   0.99559284     6.9806972      1.4932974      6.9568437    
  13070000   0.99496258     6.9809056      1.492352       6.9545928    
  13080000   0.99136204     6.9924305      1.4869516      6.9670933    
  13090000   0.99600669     6.9865711      1.4939181      6.9630198    
  13100000   0.9996458      6.9830076      1.4993764      6.957618     
  13110000   0.99911378     6.9778214      1.4985784      6.9513138    
  13120000   1.000292       6.985657       1.5003456      6.9634829    
  13130000   0.99957034     6.9945984      1.4992632      6.9721665    
  13140000   1.0045525      6.9757515      1.5067361      6.9514038    
  13150000   1.0002344      6.992187       1.5002593      6.9668729    
  13160000   0.99889629     6.9870398      1.4982522      6.9631371    
  13170000   0.99277186     6.9847611      1.4890662      6.9618253    
  13180000   0.99627343     6.982347       1.4943182      6.9590841    
  13190000   0.99903339     6.9780825      1.4984579      6.9529152    
  13200000   0.99941724     6.9739356      1.4990336      6.950435     
  13210000   0.99151203     6.9740446      1.4871765      6.9496041    
  13220000   0.99549634     6.9723086      1.4931526      6.9480247    
  13230000   0.98907617     6.9797569      1.483523       6.9544667    
  13240000   0.99608418     6.971897       1.4940343      6.9482967    
  13250000   0.99748924     6.9901012      1.4961418      6.9668451    
  13260000   0.99993608     6.979518       1.4998118      6.9565303    
  13270000   0.9986935      6.9952731      1.4979481      6.9723699    
  13280000   0.99932113     6.9944589      1.4988895      6.9707579    
  13290000   1.0050055      6.9792782      1.5074155      6.9569872    
  13300000   0.99404064     6.9819099      1.4909692      6.9582876    
  13310000   0.99366946     6.9838369      1.4904125      6.9577587    
  13320000   0.98193115     6.9899743      1.4728061      6.9664184    
  13330000   0.99257039     6.9793172      1.488764       6.9562551    
  13340000   0.99159824     6.9823448      1.4873058      6.9590354    
  13350000   0.99296962     6.9914813      1.4893628      6.9680117    
  13360000   1.0009978      6.9868024      1.5014043      6.9648405    
  13370000   0.99926465     6.9868219      1.4988047      6.9637114    
  13380000   1.0071391      6.9736076      1.5106156      6.9489357    
  13390000   1.0042754      6.9800181      1.5063205      6.9555461    
  13400000   1.0009824      6.9778603      1.5013813      6.95326      
  13410000   1.0010091      6.9846016      1.5014213      6.9582913    
  13420000   0.99572547     6.9791739      1.4934963      6.9556852    
  13430000   0.99393803     6.9872684      1.4908153      6.9633194    
  13440000   1.0050745      6.9855701      1.507519       6.9608824    
  13450000   0.9996327      6.9813469      1.4993568      6.9576308    
  13460000   0.99154388     6.9960181      1.4872243      6.9719751    
  13470000   1.0106802      6.9834594      1.515927       6.9573433    
  13480000   1.0044087      6.985848       1.5065203      6.9597315    
  13490000   1.0086693      6.9817903      1.5129109      6.957614     
  13500000   1.0036155      6.9951542      1.5053307      6.9707299    
  13510000   1.0079673      6.9797762      1.511858       6.9570339    
  13520000   0.99773244     6.9961666      1.4965066      6.9711684    
  13530000   1.0009345      6.9861045      1.5013094      6.9616186    
  13540000   1.010316       6.9801275      1.5153807      6.9575079    
  13550000   1.007674       6.9916325      1.5114179      6.9670847    
  13560000   1.0037843      6.9927057      1.5055837      6.9698683    
  13570000   0.99696933     6.9929769      1.495362       6.9681871    
  13580000   1.0078998      6.9771824      1.5117567      6.953179     
  13590000   0.99978948     6.9701972      1.4995919      6.9481027    
  13600000   1.0014082      6.974458       1.5020198      6.9498665    
  13610000   0.98807564     6.9877493      1.4820223      6.9616499    
  13620000   1.0020522      6.9827103      1.5029857      6.9581307    
  13630000   0.99390081     6.9865028      1.4907595      6.965066     
  13640000   1.00128        6.9933747      1.5018276      6.9690597    
  13650000   1.0090401      6.983212       1.513467       6.9600757    
  13660000   0.99843158     6.9884521      1.4975552      6.9635463    
  13670000   1.0088266      6.9763652      1.5131467      6.9523686    
  13680000   0.9891972      6.9859678      1.4837045      6.9622507    
  13690000   1.0030791      6.9796632      1.504526       6.9557615    
  13700000   1.0044419      6.9721477      1.5065701      6.9482754    
  13710000   1.0007926      6.9840732      1.5010965      6.9583101    
  13720000   0.99902478     6.9793222      1.4984449      6.9558337    
  13730000   1.0043718      6.989981       1.5064649      6.9660423    
  13740000   1.0018048      6.9695968      1.5026147      6.9455554    
  13750000   0.98820872     6.9900833      1.4822219      6.9646859    
  13760000   1.0028138      6.9837442      1.5041282      6.9596721    
  13770000   0.99444063     6.9880102      1.4915691      6.9640871    
  13780000   0.99778879     6.975947       1.4965911      6.9530049    
  13790000   0.99104114     6.975283       1.4864702      6.954234     
  13800000   0.99400574     6.992097       1.4909169      6.9672946    
  13810000   1.0052208      6.9831476      1.5077384      6.9616691    
  13820000   1.0039823      6.9902167      1.5058808      6.9672078    
  13830000   1.0083318      6.9717109      1.5124047      6.9480994    
  13840000   1.001991       6.9948556      1.502894       6.9668975    
  13850000   0.99604376     6.9750531      1.4939737      6.9508001    
  13860000   1.0011605      6.9733189      1.5016484      6.9478647    
  13870000   0.99966891     6.9869511      1.4994111      6.9636813    
  13880000   0.9882252      6.9942591      1.4822466      6.9698832    
  13890000   0.99630028     6.9866361      1.4943585      6.9638032    
  13900000   0.99254196     6.9875909      1.4887213      6.9611199    
  13910000   0.99890958     7.005313       1.4982722      6.9815603    
  13920000   1.0104001      6.9904761      1.5155069      6.9648481    
  13930000   0.99511563     6.986466       1.4925816      6.9626426    
  13940000   0.99226294     6.9938033      1.4883028      6.9716807    
  13950000   0.99331937     6.9895367      1.4898874      6.966519     
  13960000   1.0010617      6.9799052      1.5015002      6.9572104    
  13970000   0.9844219      6.9912902      1.476542       6.967451     
  13980000   0.99997073     6.9787332      1.4998638      6.955522     
  13990000   1.0017845      6.98623        1.5025842      6.9622141    
  14000000   1.0015265      6.9860601      1.5021974      6.9624823    
  14010000   1.0017184      6.9877529      1.5024851      6.9654266    
  14020000   0.98801566     6.9907912      1.4819323      6.9656411    
  14030000   0.9912391      6.9915573      1.4867671      6.9657042    
  14040000   0.99386907     6.9799212      1.4907119      6.9558119    
  14050000   0.9949854      6.9801654      1.4923863      6.9579551    
  14060000   0.99371234     6.9816852      1.4904768      6.9578121    
  14070000   0.9937975      6.9902533      1.4906045      6.9658377    
  14080000   0.9954844      6.9872611      1.4931347      6.9644661    
  14090000   1.0006966      6.9862283      1.5009525      6.9653261    
  14100000   0.99881186     6.9782704      1.4981256      6.9523133    
  14110000   0.98775877     6.9895643      1.481547       6.9667686    
  14120000   1.0021266      6.9808267      1.5030974      6.9567986    
  14130000   1.0046924      6.9809947      1.5069458      6.9577128    
  14140000   1.0048571      6.9908519      1.5071929      6.9649247    
  14150000   1.0080543      6.9835452      1.5119884      6.9592113    
  14160000   1.003662       6.9765838      1.5054003      6.9527318    
  14170000   1.0021845      6.9793896      1.5031843      6.9581206    
  14180000   0.99354771     6.977359       1.4902298      6.9535549    
  14190000   0.9956773      6.9870122      1.493424       6.9631398    
  14200000   0.99640142     6.9850994      1.4945102      6.9629413    
  14210000   0.99513346     6.9828425      1.4926083      6.9579187    
  14220000   0.99649346     6.9750458      1.4946482      6.9505086    
  14230000   1.003884       6.9832385      1.5057333      6.9578091    
  14240000   0.99479051     6.9756359      1.4920939      6.9515846    
  14250000   0.99130528     6.9865848      1.4868664      6.9640654    
  14260000   0.99495893     6.9771703      1.4923466      6.9540852    
  14270000   0.99214626     6.9911441      1.4881278      6.965101     
  14280000   1.0017295      6.9917131      1.5025017      6.9677422    
  14290000   1.0024467      6.9949158      1.5035775      6.9706686    
  14300000   0.99912238     6.9854192      1.4985913      6.9615797    
  14310000   0.99820187     6.9889059      1.4972107      6.9637943    
  14320000   1.0022386      6.9931546      1.5032654      6.9706541    
  14330000   0.99625995     6.9955576      1.494298       6.9694204    
  14340000   1.0056217      6.9851825      1.5083397      6.9611856    
  14350000   1.0083263      6.9867793      1.5123963      6.9629791    
  14360000   1.0104124      6.9928117      1.5155253      6.9680154    
  14370000   1.0002898      6.9900007      1.5003423      6.9643708    
  14380000   1.0096965      6.9918011      1.5144515      6.9676738    
  14390000   0.9978367      6.9868149      1.4966629      6.9625027    
  14400000   0.99781717     6.9861997      1.4966336      6.9604934    
  14410000   1.008458       6.9932256      1.512594       6.9671932    
  14420000   0.99929165     6.9830662      1.4988452      6.9584332    
  14430000   1.0085246      6.9770975      1.5126939      6.9537402    
  14440000   0.99734455     6.9915881      1.4959248      6.9679769    
  14450000   1.0006356      6.9759188      1.5008611      6.9516287    
  14460000   1.0076798      6.9782889      1.5114267      6.95307      
  14470000   0.99545838     6.9801201      1.4930957      6.9584931    
  14480000   0.99808623     6.9860545      1.4970372      6.9621993    
  14490000   0.99047662     6.9806417      1.4856235      6.9563184    
  14500000   0.9899547      6.9806745      1.4848407      6.9579176    
  14510000   0.98665288     6.9803301      1.4798882      6.9552485    
  14520000   0.99930022     6.9816587      1.4988581      6.9564804    
  14530000   1.0133538      6.979806       1.5199371      6.9566926    
  14540000   1.0147559      6.9927013      1.5220402      6.9708298    
  14550000   1.0073506      6.9894718      1.5109329      6.9645956    
  14560000   0.99781648     6.9827554      1.4966326      6.9589715    
  14570000   0.99273855     6.9865155      1.4890162      6.9626876    
  14580000   0.99180786     6.9735028      1.4876202      6.9528391    
  14590000   0.99664617     6.9782044      1.4948773      6.9537628    
  14600000   1.0054452      6.9820924      1.508075       6.9581689    
  14610000   1.001895       6.9870004      1.50275        6.9630124    
  14620000   1.0056488      6.9822718      1.5083804      6.958693     
  14630000   0.99694449     6.9775235      1.4953247      6.953442     
  14640000   1.0037694      6.9692502      1.5055615      6.9452812    
  14650000   1.0009022      6.9737863      1.5012609      6.9511717    
  14660000   0.99308986     6.9841615      1.4895431      6.9610208    
  14670000   0.99745952     6.9765469      1.4960972      6.9548036    
  14680000   0.99465172     6.9757315      1.4918858      6.9540273    
  14690000   1.0028088      6.9915881      1.5041206      6.9680301    
  14700000   1.006619       6.9866413      1.5098356      6.9647184    
  14710000   1.0069742      6.9861784      1.5103683      6.9619113    
  14720000   1.0028151      6.9759349      1.50413        6.9518416    
  14730000   1.0058939      6.9770418      1.508748       6.9538588    
  14740000   1.0068137      6.9838751      1.5101276      6.9581632    
  14750000   1.0030587      6.9989472      1.5044954      6.9762754    
  14760000   1.0009371      6.9858224      1.5013132      6.9621915    
  14770000   1.0038934      6.9843102      1.5057474      6.960942     
  14780000   0.99862258     6.9838137      1.4978417      6.9579577    
  14790000   1.0032781      6.9878476      1.5048246      6.9652858    
  14800000   1.0012544      6.9867948      1.5017892      6.9645652    
  14810000   1.0049027      6.9805245      1.5072613      6.9542064    
  14820000   0.99505153     6.9778312      1.4924854      6.9555248    
  14830000   0.99050726     6.9833908      1.4856695      6.9614811    
  14840000   0.9979827      6.9771166      1.4968819      6.9524656    
  14850000   0.9958244      6.9889341      1.4936447      6.9636563    
  14860000   1.0041731      6.9817954      1.506167       6.9593178    
  14870000   1.0019557      6.9910681      1.502841       6.9677776    
  14880000   1.0084104      6.977281       1.5125226      6.9525399    
  14890000   1.0014383      6.9876445      1.5020651      6.9624008    
  14900000   0.98387688     6.9908156      1.4757245      6.9674537    
  14910000   0.99275527     6.9862318      1.4890413      6.9617533    
  14920000   1.0006438      6.985936       1.5008734      6.9608647    
  14930000   1.0128227      6.9878023      1.5191405      6.9622471    
  14940000   1.0049585      6.9906298      1.507345       6.9664751    
  14950000   1.0040558      6.9855976      1.505991       6.9612422    
  14960000   0.99821492     6.9933672      1.4972302      6.9702277    
  14970000   1.0102492      6.9889159      1.5152806      6.9644904    
  14980000   1.0016178      6.9874696      1.5023342      6.9650405    
  14990000   0.99492768     6.9938744      1.4922997      6.9714564    
  15000000   1.0011556      6.9809047      1.501641       6.9559873    
  15010000   0.99942308     6.9770407      1.4990424      6.953008     
  15020000   1.0025877      6.9793613      1.503789       6.9550568    
  15030000   1.0024567      6.9843665      1.5035925      6.9623318    
  15040000   1.0030533      6.9713658      1.5044874      6.9477227    
  15050000   1.0014395      6.9798812      1.5020668      6.9566971    
  15060000   0.99877079     6.9839243      1.498064       6.9600776    
  15070000   1.001194       6.9756364      1.5016986      6.9495553    
  15080000   0.99784947     6.9725945      1.4966821      6.9479421    
  15090000   0.99925392     6.9792671      1.4987886      6.9553728    
  15100000   1.0069003      6.9772682      1.5102575      6.9530361    
  15110000   0.99565372     6.9968184      1.4933887      6.9714098    
  15120000   0.9987602      6.9764338      1.4980481      6.9520569    
  15130000   0.99687335     6.9844807      1.495218       6.9586543    
  15140000   1.0028714      6.9806666      1.5042145      6.954527     
  15150000   1.0033119      6.9853681      1.5048752      6.9624037    
  15160000   0.99802392     6.986692       1.4969438      6.9647805    
  15170000   0.99220902     6.9966703      1.4882219      6.974107     
  15180000   1.0090438      6.9906925      1.5134726      6.9668208    
  15190000   1.0092527      6.9690352      1.5137858      6.9471186    
  15200000   1.0019388      6.9913826      1.5028157      6.9685334    
  15210000   1.0085884      6.9925071      1.5127895      6.967865     
  15220000   1.013901       6.9798293      1.5207579      6.9559518    
  15230000   1.0061345      6.9989776      1.5091089      6.9707224    
  15240000   1.0190542      6.9798964      1.5284872      6.9577726    
  15250000   1.0078058      6.9787455      1.5116156      6.9537119    
  15260000   1.0017402      6.9861773      1.5025178      6.9614521    
  15270000   1.009931       6.9810129      1.5148033      6.955924     
  15280000   1.0019307      6.9861759      1.5028036      6.9611834    
  15290000   1.0005244      6.9882664      1.5006942      6.9650811    
  15300000   1.0020733      6.9896425      1.5030175      6.9637993    
  15310000   0.99583338     6.9862445      1.4936581      6.9625673    
  15320000   1.009865       6.987602       1.5147044      6.9629686    
  15330000   1.0031771      6.9786285      1.5046731      6.9580571    
  15340000   0.99503652     6.9890855      1.4924629      6.9651688    
  15350000   1.0015867      6.9817148      1.5022875      6.9572587    
  15360000   0.98552555     6.9878557      1.4781974      6.96468      
  15370000   0.98877308     6.9966548      1.4830684      6.971831     
  15380000   0.99874829     6.9823645      1.4980302      6.9568743    
  15390000   1.008451       6.9825515      1.5125834      6.9579292    
  15400000   1.004612       6.989908       1.5068253      6.965097     
  15410000   0.99740669     6.9924707      1.496018       6.967581     
  15420000   1.0091999      6.9801897      1.5137067      6.9545285    
  15430000   0.99533277     6.9885126      1.4929073      6.9625937    
  15440000   1.012069       6.9810919      1.51801        6.9572618    
  15450000   1.0115775      6.9784931      1.5172729      6.9551454    
  15460000   1.0075163      6.9859181      1.5111814      6.962188     
  15470000   1.0108818      6.9768281      1.5162293      6.9521293    
  15480000   1.0060756      6.9880139      1.5090206      6.963533     
  15490000   1.0037742      6.9975586      1.5055687      6.9727895    
  15500000   1.0121773      6.992915       1.5181725      6.9680583    
  15510000   1.0114517      6.9893454      1.5170842      6.9650812    
  15520000   0.9982738      6.9940859      1.4973186      6.9696027    
  15530000   1.0026972      6.9816026      1.5039532      6.9565397    
  15540000   1.0005958      6.980234       1.5008014      6.9552603    
  15550000   0.99990655     6.9887073      1.4997675      6.9625321    
  15560000   0.99257995     6.9716872      1.4887783      6.9474233    
  15570000   0.99017517     6.9760457      1.4851714      6.9507409    
  15580000   0.9915348      6.9712489      1.4872107      6.9466573    
  15590000   1.0040827      6.9724899      1.5060314      6.9487738    
  15600000   0.99158546     6.9861028      1.4872867      6.9630857    
  15610000   0.98340816     6.979216       1.4750215      6.9569777    
  15620000   0.99290452     6.9772929      1.4892651      6.9530613    
  15630000   0.99256777     6.9833378      1.48876        6.9576767    
  15640000   0.99926028     6.9770446      1.4987982      6.9540832    
  15650000   0.99660173     6.9893255      1.4948106      6.9641638    
  15660000   0.9990531      6.9906192      1.4984874      6.9686806    
  15670000   1.0027101      6.9867944      1.5039726      6.9639571    
  15680000   1.0072503      6.9904623      1.5107824      6.9669602    
  15690000   0.99336931     6.9998178      1.4899623      6.9761459    
  15700000   0.98861146     6.9971918      1.4828259      6.9722021    
  15710000   0.99763256     6.9803295      1.4963567      6.9558679    
  15720000   0.99762814     6.9870417      1.4963501      6.9635607    
  15730000   0.99067479     6.9797393      1.4859207      6.9538754    
  15740000   1.0031937      6.9824928      1.504698       6.9579245    
  15750000   0.9999066      6.9720704      1.4997676      6.9478268    
  15760000   1.0108626      6.9691511      1.5162006      6.9451412    
  15770000   0.99472308     6.9905187      1.4919928      6.9670411    
  15780000   1.0008179      6.981458       1.5011345      6.9558396    
  15790000   1.0064947      6.9907284      1.5096491      6.965838     
  15800000   1.0055174      7.0017233      1.5081832      6.9760875    
  15810000   1.0128139      6.9709771      1.5191274      6.9452462    
  15820000   1.0096961      6.9825124      1.514451       6.957984     
  15830000   1.0013408      6.9853476      1.5019188      6.9628243    
  15840000   1.0013456      6.9771248      1.5019259      6.950869     
  15850000   1.0073762      6.9707289      1.5109714      6.9483939    
  15860000   0.99943411     6.9893807      1.4990589      6.9667532    
  15870000   0.99374591     6.9894453      1.4905271      6.9669743    
  15880000   1.0049805      6.9749129      1.5073779      6.9506358    
  15890000   1.007071       6.9794623      1.5105135      6.9562524    
  15900000   1.0095512      6.9925476      1.5142335      6.9687949    
  15910000   1.0009652      6.9916316      1.5013553      6.9680276    
  15920000   1.0019172      6.9915482      1.5027833      6.9686089    
  15930000   1.0029031      6.9851883      1.504262       6.9618079    
  15940000   0.99303574     6.988956       1.4894619      6.9662188    
  15950000   0.99398332     6.9917337      1.4908832      6.9675395    
  15960000   1.0001504      6.9933489      1.5001333      6.9667847    
  15970000   1.0084781      6.9872464      1.512624       6.9653792    
  15980000   0.99625797     6.9918368      1.494295       6.966572     
  15990000   1.0060112      6.976826       1.508924       6.9532912    
  16000000   1.0084453      6.9835         1.5125748      6.9615784    
  16010000   0.9948254      6.9952668      1.4921463      6.9720572    
  16020000   1.0032043      6.9913854      1.5047138      6.9692459    
  16030000   1.0173229      6.9905258      1.5258905      6.9661693    
  16040000   1.0019364      6.9847682      1.5028121      6.9585054    
  16050000   0.99996577     6.9796804      1.4998564      6.9548362    
  16060000   0.99194745     6.9863858      1.4878296      6.9635658    
  16070000   0.99731176     6.9764388      1.4958756      6.9517695    
  16080000   0.99626799     6.9713141      1.49431        6.94853      
  16090000   1.004972       6.9796966      1.5073653      6.9569051    
  16100000   0.99249123     6.9947671      1.4886452      6.9700655    
  16110000   0.99580621     6.9877208      1.4936174      6.9638852    
  16120000   1.0024926      6.9779487      1.5036463      6.9525919    
  16130000   0.99801324     6.9833087      1.4969277      6.9587555    
  16140000   0.97986063     6.9912707      1.4697005      6.9671988    
  16150000   0.99387571     6.9862546      1.4907218      6.9610097    
  16160000   0.99637323     6.9775091      1.4944679      6.9524429    
  16170000   1.0001116      6.9990862      1.500075       6.9756511    
  16180000   1.0057678      6.9972097      1.5085588      6.9724475    
  16190000   1.0043947      6.9959601      1.5064993      6.9713346    
  16200000   1.005576       6.9881313      1.5082712      6.9650332    
  16210000   0.9980039      6.9928696      1.4969137      6.9697473    
  16220000   1.0030617      6.9881804      1.5045         6.9652304    
  16230000   1.0068397      6.9962978      1.5101666      6.9744761    
  16240000   1.00529        6.9803877      1.5078422      6.9550429    
  16250000   1.0046992      6.984601       1.506956       6.9603105    
  16260000   1.0070258      6.9853224      1.5104458      6.9620681    
  16270000   1.0004685      6.9879779      1.5006104      6.9623028    
  16280000   1.0081513      6.981937       1.5121339      6.9594097    
  16290000   1.0032394      6.997823       1.5047665      6.9748944    
  16300000   1.0071957      6.9986265      1.5107005      6.9734697    
  16310000   1.0029446      6.9987786      1.5043243      6.9759629    
  16320000   1.0108052      6.9909112      1.5161145      6.96857      
  16330000   1.0072848      6.9833661      1.5108343      6.9585918    
  16340000   1.0066233      6.9835258      1.509842       6.9609827    
  16350000   0.98867581     6.9799524      1.4829225      6.953868     
  16360000   0.98910638     6.9819682      1.4835683      6.958651     
  16370000   0.99414768     6.9805159      1.4911297      6.9563828    
  16380000   0.99925757     6.9723306      1.4987941      6.9475305    
  16390000   0.99249604     6.9897468      1.4886524      6.965739     
  16400000   0.99473001     6.9832448      1.4920032      6.9615949    
  16410000   0.99499091     6.9922765      1.4923945      6.9676001    
  16420000   1.0006701      6.9838843      1.5009128      6.9605745    
  16430000   0.99999987     6.9849651      1.4999075      6.9606886    
  16440000   1.000545       6.9772258      1.5007251      6.9513584    
  16450000   0.99401428     6.9850683      1.4909297      6.9613998    
  16460000   1.0046124      6.9806904      1.5068259      6.9594258    
  16470000   1.0089811      6.9916298      1.5133785      6.9685836    
  16480000   0.99361189     6.993858       1.4903261      6.9688907    
  16490000   1.0078999      6.9816172      1.5117568      6.9554534    
  16500000   1.0142237      6.9898624      1.5212419      6.966315     
  16510000   0.99551412     7.0001113      1.4931793      6.9757585    
  16520000   0.99922606     6.9871242      1.4987469      6.9639498    
  16530000   0.99102963     6.987262       1.486453       6.9622085    
  16540000   0.99629019     6.9812073      1.4943433      6.9550846    
  16550000   1.0049261      6.9953689      1.5072964      6.9706798    
  16560000   1.0126207      6.987169       1.5188376      6.962879     
  16570000   1.0159972      6.9894432      1.5239021      6.9670213    
  16580000   1.0139868      6.989828       1.5208866      6.9653721    
  16590000   0.99951802     6.9879474      1.4991848      6.9639631    
  16600000   0.99804549     6.9824413      1.4969761      6.9571879    
  16610000   1.0035793      6.9941419      1.5052763      6.9710588    
  16620000   1.0000387      6.9935682      1.4999658      6.970861     
  16630000   1.0142592      6.9753903      1.5212951      6.9536424    
  16640000   0.99457355     6.9989982      1.4917685      6.9747303    
  16650000   1.0097435      6.9829014      1.514522       6.9571765    
  16660000   0.99611247     6.9991958      1.4940768      6.9748693    
  16670000   0.99338719     6.9842627      1.4899891      6.9627588    
  16680000   0.99549136     6.9871517      1.4931452      6.9628281    
  16690000   1.000003       6.9822648      1.4999121      6.9583492    
  16700000   1.0032186      6.987124       1.5047353      6.9631583    
  16710000   1.004863       6.9761857      1.5072017      6.9523241    
  16720000   1.0076062      6.9765598      1.5113162      6.9520188    
  16730000   0.9971304      6.9773322      1.4956036      6.9533791    
  16740000   1.0033025      6.9858774      1.5048612      6.9626055    
  16750000   1.0073037      6.9842962      1.5108625      6.9605961    
  16760000   1.0092597      6.9845923      1.5137965      6.9599724    
  16770000   1.0152985      6.9978057      1.522854       6.9726678    
  16780000   0.99603785     6.987679       1.4939648      6.963877     
  16790000   1.0079679      6.9720707      1.5118588      6.9478089    
  16800000   0.99815322     6.9871328      1.4971377      6.9624563    
  16810000   1.0061601      6.9920276      1.5091473      6.967558     
  16820000   0.99617069     6.9972651      1.4941641      6.9721528    
  16830000   1.0007709      6.9866922      1.501064       6.963816     
  16840000   0.99695185     6.9883437      1.4953358      6.9626874    
  16850000   1.0066149      6.9907816      1.5098294      6.9671395    
  16860000   0.99248622     6.9843462      1.4886377      6.9598727    
  16870000   0.99602583     6.9886302      1.4939468      6.9632653    
  16880000   0.98819098     6.9751372      1.4821953      6.9531785    
  16890000   1.0009149      6.9813045      1.5012799      6.9592338    
  16900000   1.0088427      6.9871271      1.5131709      6.9639375    
  16910000   0.99818352     6.9964678      1.4971831      6.9726053    
  16920000   1.0026815      6.9940266      1.5039297      6.9741816    
  16930000   1.015592       6.9978973      1.5232943      6.9737295    
  16940000   1.0158044      6.9837862      1.5236128      6.9592508    
  16950000   1.0016554      6.9826575      1.5023906      6.9612449    
  16960000   1.0025881      6.9739208      1.5037896      6.9492757    
  16970000   0.99978921     6.9860198      1.4995915      6.9601774    
  16980000   1.0065592      6.989629       1.5097459      6.9637313    
  16990000   1.0040408      6.9896312      1.5059685      6.9659666    
  17000000   1.0030014      6.9824348      1.5044095      6.9590594    
  17010000   1.0152084      6.987959       1.5227189      6.9626707    
  17020000   1.0065466      6.9914435      1.509727       6.9665314    
  17030000   1.005261       6.9916669      1.5077987      6.967472     
  17040000   1.0073501      6.9979414      1.5109322      6.9724532    
  17050000   1.0124412      6.9898025      1.5185684      6.9651427    
  17060000   1.0196134      6.9841807      1.5293259      6.9593266    
  17070000   1.0111893      6.9873019      1.5166907      6.9624467    
  17080000   1.0099524      6.9763557      1.5148353      6.9525798    
  17090000   1.0084596      6.9836741      1.5125963      6.9572497    
  17100000   1.0020871      6.982347       1.5030381      6.9599257    
  17110000   0.99423602     6.9847859      1.4912623      6.9601416    
  17120000   0.99296989     6.991094       1.4893632      6.9667377    
  17130000   0.99193753     6.9883768      1.4878147      6.9623905    
  17140000   1.0055522      6.978105       1.5082354      6.9541519    
  17150000   0.98751171     6.9807934      1.4811764      6.9578049    
  17160000   1.0017436      6.9857753      1.502523       6.9600975    
  17170000   0.99213348     6.9857555      1.4881086      6.9626469    
  17180000   1.0003644      6.9828525      1.5004542      6.9573886    
  17190000   0.99052628     7.0021588      1.485698       6.9776842    
  17200000   1.0041555      6.9909235      1.5061405      6.9678538    
  17210000   1.006114       6.9925039      1.5090781      6.9678158    
  17220000   1.0048047      6.9963449      1.5071143      6.9724866    
  17230000   1.0075746      6.9842475      1.511269       6.9600127    
  17240000   1.0035765      6.9839067      1.5052721      6.9597482    
  17250000   0.99998735     6.9700305      1.4998887      6.9462637    
  17260000   0.98331811     6.9895358      1.4748864      6.9662652    
  17270000   0.99893485     6.9906089      1.4983101      6.9674522    
  17280000   1.0002985      6.9823811      1.5003554      6.9591775    
  17290000   0.99978323     6.9940999      1.4995826      6.968548     
  17300000   1.0052518      6.990079       1.5077849      6.9663211    
  17310000   1.0062119      6.990971       1.509225       6.9659098    
  17320000   1.0078189      6.9911214      1.5116353      6.9647137    
  17330000   1.0086367      6.9915151      1.5128619      6.9680737    
  17340000   1.0062827      6.9865467      1.5093311      6.9620978    
  17350000   1.0058833      6.9939207      1.5087322      6.9702794    
  17360000   1.0082907      6.9814682      1.512343       6.9572897    
  17370000   1.0111519      6.9778486      1.5166345      6.9543563    
  17380000   1.0073242      6.9878716      1.5108933      6.9628525    
  17390000   1.0004445      6.9989483      1.5005744      6.9749996    
  17400000   0.99679792     6.992893       1.4951049      6.9643812    
  17410000   1.004968       6.9707425      1.5073592      6.9446091    
  17420000   1.008609       6.9766043      1.5128204      6.9525457    
  17430000   0.98805226     6.9793122      1.4819872      6.9549959    
  17440000   0.98681736     6.9967073      1.4801349      6.9725754    
  17450000   0.9935979      6.9827699      1.4903051      6.9579974    
  17460000   1.0000511      6.9701134      1.4999843      6.9485422    
  17470000   0.99727968     6.985881       1.4958275      6.9632197    
  17480000   1.0021739      6.9919911      1.5031683      6.9685465    
  17490000   0.98634487     6.9894055      1.4794263      6.9620245    
  17500000   0.99708741     6.9818438      1.4955391      6.9564713    
  17510000   0.98853502     6.9885483      1.4827113      6.9671379    
  17520000   0.99713041     6.975246       1.4956036      6.9520219    
  17530000   1.0013005      6.9861801      1.5018584      6.9621918    
  17540000   1.0030822      6.9774835      1.5045307      6.9550789    
  17550000   0.99266007     6.9791245      1.4888985      6.9549333    
  17560000   1.0025908      6.9896782      1.5037937      6.9653557    
  17570000   0.99944168     6.9899075      1.4990703      6.9659891    
  17580000   1.0039884      6.9877896      1.5058899      6.9651741    
  17590000   1.0113944      6.9767621      1.5169982      6.9547717    
  17600000   1.0097642      6.9925248      1.5145531      6.9701691    
  17610000   1.0152658      6.9822614      1.522805       6.958078     
  17620000   1.0042414      6.9897587      1.5062694      6.96409      
  17630000   0.9938935      6.9893456      1.4907485      6.9646655    
  17640000   0.99513759     6.970278       1.4926145      6.9489268    
  17650000   0.99175677     6.985523       1.4875436      6.9638679    
  17660000   1.000009       6.9871206      1.4999212      6.9610044    
  17670000   0.99932134     6.9856678      1.4988898      6.9622538    
  17680000   0.99824784     6.9805584      1.4972796      6.9560751    
  17690000   0.99004373     6.9873256      1.4849742      6.9615276    
  17700000   0.98832328     6.9834153      1.4823937      6.9583731    
  17710000   0.99099459     6.9859592      1.4864004      6.9617494    
  17720000   1.003976       6.9754083      1.5058714      6.9509927    
  17730000   1.0018818      6.9767261      1.5027302      6.9494587    
  17740000   0.99496281     6.9729126      1.4923524      6.9507567    
  17750000   0.99150292     6.9857807      1.4871629      6.9636414    
  17760000   0.99915189     6.990427       1.4986356      6.9663923    
  17770000   1.0061556      6.9794571      1.5091406      6.9555521    
  17780000   1.0006813      6.9842129      1.5009295      6.9594678    
  17790000   1.0039486      6.9910156      1.5058303      6.9682022    
  17800000   1.0027251      6.990308       1.5039951      6.965399     
  17810000   1.0101105      6.9858892      1.5150724      6.9647671    
  17820000   1.0013419      6.9894317      1.5019204      6.9650344    
  17830000   1.0098433      6.9897661      1.5146717      6.9655985    
  17840000   1.0036696      6.9930566      1.5054117      6.9671849    
  17850000   1.0083855      6.9829395      1.5124851      6.9567458    
  17860000   0.99567945     6.9834855      1.4934273      6.9604116    
  17870000   0.99853571     6.9831802      1.4977114      6.9580765    
  17880000   0.99336948     6.9835653      1.4899625      6.9607401    
  17890000   0.9909782      6.9901579      1.4863758      6.9651096    
  17900000   0.9992302      6.9829578      1.4987531      6.9592027    
  17910000   0.99724706     6.9757739      1.4957785      6.9512513    
  17920000   0.99700487     6.9829931      1.4954153      6.9602279    
  17930000   0.99966988     6.9866619      1.4994125      6.9617733    
  17940000   1.0009818      6.986457       1.5013803      6.9614499    
  17950000   0.99593269     6.9908645      1.4938071      6.9667235    
  17960000   0.99413282     6.9907906      1.4911075      6.9665846    
  17970000   0.99951577     6.9812735      1.4991814      6.9591866    
  17980000   1.0004294      6.9807953      1.5005517      6.9556524    
  17990000   0.99714821     6.9691428      1.4956303      6.9479864    
  18000000   0.99354342     6.9834819      1.4902234      6.9599089    
  18010000   0.99317296     6.9866183      1.4896678      6.962611     
  18020000   0.99758987     6.9857484      1.4962927      6.9618445    
  18030000   0.99942331     6.9901124      1.4990427      6.9665919    
  18040000   0.99809572     6.983647       1.4970515      6.9617335    
  18050000   0.99238608     6.9919901      1.4884875      6.9687854    
  18060000   0.99726072     6.9701648      1.495799       6.9472052    
  18070000   1.006893       6.9845347      1.5102466      6.9602785    
  18080000   0.99095224     6.98497        1.4863369      6.9622998    
  18090000   0.99577943     6.9731021      1.4935772      6.9480503    
  18100000   0.99457004     6.9692799      1.4917633      6.9448955    
  18110000   0.99436503     6.9754286      1.4914558      6.952655     
  18120000   0.99558378     6.9703517      1.4932838      6.9455528    
  18130000   1.0123889      6.9726158      1.5184899      6.9479477    
  18140000   1.0043705      6.9886639      1.5064631      6.9638265    
  18150000   0.99961704     6.9907718      1.4993333      6.9690986    
  18160000   0.99712132     6.9871569      1.4955899      6.9614196    
  18170000   1.0001162      6.9804544      1.5000819      6.9556477    
  18180000   1.0062633      6.983997       1.509302       6.9600738    
  18190000   1.0056839      6.9795223      1.5084331      6.9538091    
  18200000   0.99755063     6.9955227      1.4962339      6.9701679    
  18210000   0.99436813     6.9873367      1.4914604      6.9646492    
  18220000   1.0006075      6.9877466      1.5008189      6.9635445    
  18230000   0.99718708     6.9840576      1.4956886      6.9603125    
  18240000   0.9995556      6.9816337      1.4992411      6.9556777    
  18250000   1.005707       6.9886831      1.5084677      6.964432     
  18260000   1.0033428      6.9806039      1.5049217      6.9562023    
  18270000   0.99981002     6.9797769      1.4996227      6.9561511    
  18280000   0.99994433     6.9905157      1.4998242      6.9665546    
  18290000   0.9994235      6.9923522      1.499043       6.968777     
  18300000   0.99103607     6.9851582      1.4864626      6.9624603    
  18310000   1.0026361      6.9887307      1.5038616      6.9666864    
  18320000   1.0123432      6.9793217      1.5184213      6.9559769    
  18330000   1.0031964      6.9875592      1.5047019      6.9635249    
  18340000   1.0086234      6.9862693      1.512842       6.9602975    
  18350000   1.0082939      6.9960343      1.5123478      6.9714781    
  18360000   1.0115993      6.9847254      1.5173056      6.9621228    
  18370000   1.005432       6.9841968      1.5080552      6.9622564    
  18380000   0.99358237     6.9862129      1.4902818      6.9623457    
  18390000   0.99418945     6.9904509      1.4911924      6.9664178    
  18400000   1.0060751      6.9821059      1.5090198      6.9579594    
  18410000   1.002175       6.9776728      1.50317        6.9525582    
  18420000   0.99598196     6.9857803      1.493881       6.963069     
  18430000   0.98947729     6.9916333      1.4841246      6.9670201    
  18440000   0.99676509     6.9863608      1.4950556      6.9597154    
  18450000   0.9983834      6.985119       1.4974829      6.9619648    
  18460000   1.0034789      6.9733071      1.5051258      6.9497007    
  18470000   1.0019337      6.9857747      1.5028081      6.9614098    
  18480000   1.0063056      6.9840218      1.5093655      6.95927      
  18490000   1.0034842      6.980763       1.5051337      6.9569045    
  18500000   0.99653787     6.9815558      1.4947148      6.9577243    
  18510000   0.99509194     6.9746846      1.4925461      6.9503061    
  18520000   0.99930692     6.9768986      1.4988681      6.9529855    
  18530000   1.0009266      6.9799643      1.5012976      6.9564048    
  18540000   0.99057512     6.9883255      1.4857712      6.9640457    
  18550000   1.0008701      6.981636       1.5012128      6.9599973    
  18560000   0.997312       6.9873704      1.4958759      6.9637298    
  18570000   1.0021892      6.9892853      1.5031913      6.9639677    
  18580000   1.0001195      6.9867021      1.5000869      6.9627393    
  18590000   1.007616       6.9926756      1.5113309      6.96757      
  18600000   1.0012088      6.9900701      1.5017208      6.9662554    
  18610000   0.99800667     6.9739038      1.4969179      6.9512328    
  18620000   0.99887232     6.9856467      1.4982163      6.9606283    
  18630000   0.99892204     6.9830508      1.4982909      6.9579906    
  18640000   1.0033393      6.9691725      1.5049164      6.9458104    
  18650000   0.99867557     6.9889265      1.4979212      6.9661447    
  18660000   1.0004716      6.9906955      1.5006151      6.9677207    
  18670000   1.0008776      6.9786263      1.5012239      6.955498     
  18680000   1.0007525      6.9914506      1.5010363      6.9672015    
  18690000   0.9975797      6.9862272      1.4962775      6.9616013    
  18700000   0.99953761     6.9887652      1.4992141      6.963203     
  18710000   0.98938307     6.9825809      1.4839833      6.95846      
  18720000   0.99790927     6.9738222      1.4967718      6.9496668    
  18730000   1.0012533      6.9871065      1.5017876      6.9658961    
  18740000   1.005565       6.9725918      1.5082546      6.9475888    
  18750000   0.9910746      6.9808123      1.4865204      6.9584123    
  18760000   0.98978045     6.9890061      1.4845793      6.9653016    
  18770000   0.9969194      6.9886594      1.4952871      6.9657511    
  18780000   0.99628741     6.9659689      1.4943392      6.9427908    
  18790000   0.99477831     6.9793199      1.4920756      6.9559766    
  18800000   1.0020438      6.9839358      1.5029732      6.958648     
  18810000   1.0017279      6.9757136      1.5024994      6.9522968    
  18820000   0.9983431      6.9783984      1.4974225      6.9534614    
  18830000   0.99307039     6.9898839      1.4895139      6.9669033    
  18840000   1.0019506      6.9787464      1.5028335      6.9545901    
  18850000   0.98911601     6.9950079      1.4835827      6.9705172    
  18860000   0.98959377     6.9815499      1.4842993      6.9573034    
  18870000   0.99494795     6.9790374      1.4923301      6.9552348    
  18880000   0.98762718     6.9847677      1.4813496      6.9588848    
  18890000   0.99899011     6.983215       1.498393       6.9594811    
  18900000   0.99800042     7.001388       1.4969085      6.9772652    
  18910000   1.0071809      6.9901616      1.5106783      6.9645281    
  18920000   1.0054136      6.989086       1.5080276      6.9646898    
  18930000   0.99823969     6.9840251      1.4972674      6.9567507    
  18940000   0.99900459     6.9774663      1.4984147      6.9528935    
  18950000   1.002837       6.9934763      1.504163       6.968124     
  18960000   1.0056442      6.9911685      1.5083735      6.9671157    
  18970000   1.0129571      6.9880678      1.5193421      6.9646752    
  18980000   1.0069839      6.9761748      1.5103828      6.9519165    
  18990000   1.0043725      6.9773507      1.506466       6.9532569    
  19000000   1.0035542      7.0000188      1.5052387      6.9745421    
  19010000   0.99681386     7.0013282      1.4951288      6.9777476    
  19020000   0.9938288      6.9968556      1.4906515      6.9701243    
  19030000   0.99503962     6.9799962      1.4924676      6.9577844    
  19040000   0.99846958     6.9806038      1.4976122      6.9556499    
  19050000   0.99791517     6.9895808      1.4967806      6.9659234    
  19060000   1.0040838      6.9863643      1.506033       6.9644784    
  19070000   1.0047306      6.9737655      1.5070032      6.949999     
  19080000   0.99914451     6.9882954      1.4986245      6.9655005    
  19090000   1.0074652      6.9809214      1.5111048      6.9580594    
  19100000   0.99602757     6.9897894      1.4939494      6.9662876    
  19110000   0.9999949      6.9831097      1.4999         6.9572831    
  19120000   0.98957577     6.9910432      1.4842723      6.9679691    
  19130000   0.99531857     6.9929401      1.492886       6.9696188    
  19140000   0.9942795      6.9862012      1.4913275      6.9618426    
  19150000   1.0014076      6.9699851      1.502019       6.9440353    
  19160000   0.99440118     6.969855       1.49151        6.9470772    
  19170000   0.99750299     6.9946257      1.4961624      6.9702479    
  19180000   0.99235462     6.985535       1.4884403      6.9625562    
  19190000   0.99615038     6.9820942      1.4941336      6.9568793    
  19200000   0.99124948     6.9841383      1.4867827      6.9595542    
  19210000   1.0045873      6.9885611      1.5067882      6.9657501    
  19220000   1.0109796      6.9850804      1.516376       6.9621566    
  19230000   1.0134597      6.9891775      1.520096       6.9634103    
  19240000   1.0138701      6.9895147      1.5207115      6.9658633    
  19250000   1.0067377      6.9978726      1.5100136      6.9729164    
  19260000   0.99936141     6.9845481      1.4989499      6.9612728    
  19270000   0.99291617     6.9871799      1.4892826      6.9643833    
  19280000   1.0049795      6.988657       1.5073764      6.9633117    
  19290000   1.0059409      6.9927942      1.5088186      6.968333     
  19300000   1.0048609      6.9816751      1.5071986      6.9571994    
  19310000   1.0034246      6.9860267      1.5050442      6.9600128    
  19320000   1.0103703      6.9907881      1.5154622      6.9678905    
  19330000   0.99909441     6.9913981      1.4985494      6.9644851    
  19340000   1.0041615      6.9798031      1.5061496      6.9558724    
  19350000   1.0007541      6.9748772      1.5010388      6.9500847    
  19360000   1.0003368      6.988426       1.5004129      6.9658005    
  19370000   1.0005149      6.9862381      1.50068        6.9600938    
  19380000   1.007773       6.9876715      1.5115664      6.9624503    
  19390000   0.99226538     6.978582       1.4883065      6.9547729    
  19400000   1.0063111      6.9833296      1.5093738      6.9587137    
  19410000   1.0053351      6.9719936      1.5079098      6.9468689    
  19420000   0.99829023     6.9900559      1.4973432      6.9670917    
  19430000   1.0105639      6.9798498      1.5157526      6.9573738    
  19440000   1.0077393      6.9732439      1.511516       6.9489903    
  19450000   0.99843667     6.9704343      1.4975628      6.9484461    
  19460000   0.99264887     6.9860656      1.4888817      6.9632723    
  19470000   0.99216512     6.9883801      1.4881561      6.9627499    
  19480000   0.9955991      6.9956364      1.4933067      6.9693588    
  19490000   0.99918768     6.9760456      1.4986893      6.952254     
  19500000   1.0026115      6.9744703      1.5038247      6.9525857    
  19510000   1.004359       6.9831439      1.5064458      6.9601735    
  19520000   1.0028083      6.9953455      1.5041199      6.9716723    
  19530000   0.99878574     6.9862915      1.4980864      6.9638148    
  19540000   0.99311295     6.9755573      1.4895777      6.9522436    
  19550000   1.0067423      6.9804357      1.5100206      6.9567943    
  19560000   0.99977537     6.9786696      1.4995708      6.9529188    
  19570000   1.0081024      6.9812392      1.5120606      6.9571202    
  19580000   1.0005589      6.983265       1.500746       6.9623219    
  19590000   0.99764996     6.9929516      1.4963829      6.9697       
  19600000   1.0043776      6.985578       1.5064736      6.9597695    
  19610000   0.9972034      6.9875143      1.495713       6.9629239    
  19620000   1.0040133      6.9817059      1.5059272      6.9558171    
  19630000   1.0020843      6.9821941      1.503034       6.9587534    
  19640000   0.99490212     6.9911041      1.4922614      6.9675518    
  19650000   1.0063287      6.9833941      1.5094002      6.9582274    
  19660000   1.0030244      6.9825533      1.504444       6.9585699    
  19670000   0.99458729     6.9926602      1.4917891      6.9690453    
  19680000   1.0072106      6.9828278      1.5107229      6.9603193    
  19690000   0.99905757     6.9814265      1.4984941      6.9577962    
  19700000   1.0030817      6.9823344      1.5045299      6.9597443    
  19710000   1.0011335      6.9725928      1.5016078      6.9491193    
  19720000   0.99680289     6.98327        1.4951123      6.9605803    
  19730000   1.0045654      6.9779461      1.5067554      6.9515307    
  19740000   0.99106898     6.9966409      1.486512       6.9710245    
  19750000   1.0030877      6.9947201      1.504539       6.9711004    
  19760000   1.0071097      6.9834858      1.5105715      6.959783     
  19770000   1.0049325      6.9969063      1.507306       6.9736018    
  19780000   1.0094735      6.9811273      1.514117       6.9561143    
  19790000   1.0031827      6.9964424      1.5046815      6.9719003    
  19800000   0.99274304     6.9926653      1.4890229      6.9667437    
  19810000   1.0037597      6.9823027      1.5055469      6.9597091    
  19820000   1.0005621      6.9828618      1.5007508      6.9577818    
  19830000   1.0004901      6.9820546      1.5006428      6.9577656    
  19840000   0.99989605     7.002384       1.4997518      6.9767747    
  19850000   0.9989218      6.9943416      1.4982905      6.9706491    
  19860000   1.0041701      6.9738013      1.5061625      6.951572     
  19870000   1.0022594      6.9810934      1.5032966      6.9585812    
  19880000   0.99777167     6.9832323      1.4965654      6.959063     
  19890000   1.0022677      6.9874315      1.5033091      6.9629484    
  19900000   0.99569344     6.9787266      1.4934482      6.95458      
  19910000   0.99187937     6.9888345      1.4877275      6.9639121    
  19920000   0.99123685     6.9848476      1.4867638      6.9596924    
  19930000   0.99660746     6.9797562      1.4948192      6.9566885    
  19940000   1.003051       6.9835935      1.504484       6.9595889    
  19950000   0.98930478     6.9939398      1.4838659      6.9705191    
  19960000   0.99729914     6.9771189      1.4958566      6.9522816    
  19970000   0.98991035     6.9834169      1.4847742      6.9614343    
  19980000   0.98993405     6.9762545      1.4848097      6.9522137    
  19990000   0.99426282     6.97827        1.4913024      6.9537644    
  20000000   1.0081774      6.9794406      1.512173       6.9550901    
  20010000   0.99809851     6.9902809      1.4970556      6.966286     
  20020000   0.99937664     6.9833269      1.4989727      6.9583659    
  20030000   0.99413077     6.9766166      1.4911044      6.9517619    
  20040000   0.99147228     6.9824738      1.4871169      6.9578486    
  20050000   1.0026158      6.9860026      1.5038311      6.9623424    
  20060000   1.0041465      6.9855413      1.5061271      6.9624807    
  20070000   0.99866994     6.9904367      1.4979127      6.9687117    
  20080000   1.0029346      6.9832076      1.5043094      6.960357     
  20090000   1.0025751      6.9806026      1.5037701      6.9572743    
  20100000   0.99652777     6.988439       1.4946997      6.9648657    
  20110000   0.99254278     6.9796767      1.4887226      6.9557265    
Loop time of 40328.6 on 1 procs for 20000000 steps with 16250 atoms

Performance: 214240.276 tau/day, 495.927 timesteps/s
100.0% CPU use with 1 MPI tasks x 1 OpenMP threads

MPI task timing breakdown:
Section |  min time  |  avg time  |  max time  |%varavg| %total
---------------------------------------------------------------
Pair    | 3511.1     | 3511.1     | 3511.1     |   0.0 |  8.71
Bond    | 3884       | 3884       | 3884       |   0.0 |  9.63
Neigh   | 17241      | 17241      | 17241      |   0.0 | 42.75
Comm    | 744.74     | 744.74     | 744.74     |   0.0 |  1.85
Output  | 1.7329     | 1.7329     | 1.7329     |   0.0 |  0.00
Modify  | 14537      | 14537      | 14537      |   0.0 | 36.05
Other   |            | 409        |            |       |  1.01

Nlocal:          16250 ave       16250 max       16250 min
Histogram: 1 0 0 0 0 0 0 0 0 0
Nghost:           5182 ave        5182 max        5182 min
Histogram: 1 0 0 0 0 0 0 0 0 0
Neighs:          11523 ave       11523 max       11523 min
Histogram: 1 0 0 0 0 0 0 0 0 0

Total # of neighbors = 11523
Ave neighs/atom = 0.70910769
Ave special neighs/atom = 1.92
Neighbor list builds = 1804498
Dangerous builds = 299500


write_data data*.xyz
System init for write_data ...
Generated 0 of 1 mixed pair_coeff terms from geometric mixing rule
WARNING: Not all mixed pair coeffs generated from mixing. Use write_data with 'pair ij' option to store all pair coeffs. (src/write_data.cpp:309)
write_restart 	restart.polymer_ring
System init for write_restart ...
Generated 0 of 1 mixed pair_coeff terms from geometric mixing rule

print "ALL done"
ALL done
Total wall time: 11:12:19
