pair_style lj/cut 4.0
pair_modify shift yes

read_restart prod.restart1
Reading restart file ...
  restart file = 23 Jun 2022, LAMMPS = 23 Jun 2022
  restoring atom style bond from restart
  orthogonal box = (-30 -30 -35) to (30 30 35)
  1 by 1 by 1 MPI processor grid
  restoring pair style lj/cut from restart
  restoring bond style fene from restart
  16250 atoms
  15600 bonds
Finding 1-2 1-3 1-4 neighbors ...
  special bond factors lj:    0        1        1       
  special bond factors coul:  0        1        1       
     2 = max # of 1-2 neighbors
     6 = max # of special neighbors
  special bonds CPU = 0.003 seconds
  read_restart CPU = 0.006 seconds
bond_style fene
special_bonds fene

bond_coeff 1 10.0 2.0 1.0 1.0
group polymer type 1
16250 atoms in group polymer

pair_coeff	1 1 0.5 1.0 1.225
pair_coeff 	1 2 50.0 1.0 4.0
pair_coeff	2 2 1.0 1.0 1.1225


neighbor       0.5 bin

region upper_box block -30 30 -30 30 32.2 34.8
create_atoms 2 random 50 998273 upper_box
Created 50 atoms
  using lattice units in orthogonal box = (-30 -30 -35) to (30 30 35)
  create_atoms CPU = 0.000 seconds


group ligand type 2
50 atoms in group ligand

fix 1 polymer wall/lj126 zlo -32 1.0 1.0 1.1225 zhi 32 1.0 1.0 1.1225
fix 2 ligand wall/lj126 zlo 32 1.0 1.0 1.1225 zhi 35 1.0 1.0 1.1225

#minimize 1.0e-4 1.0e-6 100 1000

fix 3 all nve/limit 0.01
run 10000
Generated 0 of 1 mixed pair_coeff terms from geometric mixing rule
Neighbor list info ...
  update every 1 steps, delay 10 steps, check yes
  max neighbors/atom: 2000, page size: 100000
  master list distance cutoff = 4.5
  ghost atom cutoff = 4.5
  binsize = 2.25, bins = 27 27 32
  1 neighbor lists, perpetual/occasional/extra = 1 0 0
  (1) pair lj/cut, perpetual
      attributes: half, newton on
      pair build: half/bin/newton
      stencil: half/bin/3d
      bin: standard
Per MPI rank memory allocation (min/avg/max) = 9.357 | 9.357 | 9.357 Mbytes
   Step          Temp          E_pair         E_mol          TotEng         Press     
    100000   0.99432842     6.9962472      7.432486       15.920134      3.1065298    
    110000   0.25536515    -0.048390916    6.4408218      6.7754551      0.0017039153 
Loop time of 29.6775 on 1 procs for 10000 steps with 16300 atoms

Performance: 145564.998 tau/day, 336.956 timesteps/s
73.2% CPU use with 1 MPI tasks x 1 OpenMP threads

MPI task timing breakdown:
Section |  min time  |  avg time  |  max time  |%varavg| %total
---------------------------------------------------------------
Pair    | 7.9838     | 7.9838     | 7.9838     |   0.0 | 26.90
Bond    | 4.4631     | 4.4631     | 4.4631     |   0.0 | 15.04
Neigh   | 12.106     | 12.106     | 12.106     |   0.0 | 40.79
Comm    | 0.74247    | 0.74247    | 0.74247    |   0.0 |  2.50
Output  | 9.9353e-05 | 9.9353e-05 | 9.9353e-05 |   0.0 |  0.00
Modify  | 3.527      | 3.527      | 3.527      |   0.0 | 11.88
Other   |            | 0.8553     |            |       |  2.88

Nlocal:          16300 ave       16300 max       16300 min
Histogram: 1 0 0 0 0 0 0 0 0 0
Nghost:           4280 ave        4280 max        4280 min
Histogram: 1 0 0 0 0 0 0 0 0 0
Neighs:          25895 ave       25895 max       25895 min
Histogram: 1 0 0 0 0 0 0 0 0 0

Total # of neighbors = 25895
Ave neighs/atom = 1.5886503
Ave special neighs/atom = 1.9141104
Neighbor list builds = 384
Dangerous builds = 0
unfix 3

fix 3 all nve
fix		4 all langevin 1 1 100.0 90428

thermo_style	custom step temp pe ke ebond
thermo_modify flush yes
thermo          10000

timestep	0.005

dump 1 all custom 50000 file_trajectory.bin id type x y z xu yu zu vx vy vz

restart 100000  prod.restart2 prod.restart3

run 20000000
Generated 0 of 1 mixed pair_coeff terms from geometric mixing rule
Per MPI rank memory allocation (min/avg/max) = 9.566 | 9.566 | 9.566 Mbytes
   Step          Temp          PotEng         KinEng         E_bond    
    110000   0.25536515     6.3924309      0.38302422     6.4408218         120000   0.6251966      6.6440406      0.93773736     6.6697367         130000   0.80396771     6.7879513      1.2058776      6.8041696         140000   0.90186397     6.8578935      1.352713       6.8658922         150000   0.93867224     6.9033498      1.407922       6.9039504         160000   0.97107098     6.917318       1.4565171      6.9164471         170000   0.9822751      6.9276901      1.4733223      6.9266219         180000   0.99631124     6.932757       1.4943752      6.9274224         190000   1.0036148      6.9292968      1.5053299      6.9240716         200000   0.99913665     6.9464719      1.498613       6.935921          210000   1.0061985      6.9548531      1.5092051      6.9456684         220000   1.0021372      6.9619552      1.5031135      6.9471332         230000   0.99985346     6.9479901      1.4996882      6.9337988         240000   0.99877512     6.9561781      1.4980708      6.9391901         250000   0.99754994     6.95469        1.4962331      6.9422859         260000   1.00374        6.9503354      1.5055177      6.9364987         270000   0.99365696     6.9472506      1.490394       6.9334778         280000   0.99085496     6.9477326      1.4861913      6.9344784         290000   0.9914094      6.9374797      1.4870229      6.9233105         300000   0.99043656     6.9641533      1.4855637      6.95012           310000   0.99798844     6.9554492      1.4968908      6.9391114         320000   0.99607145     6.9447034      1.4940155      6.9319768         330000   0.98921781     6.9514881      1.4837357      6.9405297         340000   0.99348763     6.9510191      1.49014        6.9367539         350000   0.99962724     6.9525181      1.4993489      6.9415699         360000   1.0020403      6.9563894      1.5029682      6.9436463         370000   0.99537715     6.9593627      1.4929741      6.9429468         380000   0.99609134     6.955097       1.4940453      6.9423748         390000   0.99547751     6.9472135      1.4931247      6.9342185         400000   1.0007341      6.9526147      1.5010091      6.9407534         410000   1.0014884      6.9552721      1.5021404      6.9411168         420000   1.0151728      6.9438789      1.5226657      6.9296012       430000   1.0046041      6.9449934      1.5068137      6.9334001    
      440000   1.0056213      6.957373       1.5083394      6.9420539         450000   0.99149435     6.9532973      1.4871503      6.9415971         460000   1.007115       6.9456078      1.5105798      6.9311486         470000   0.99576354     6.9637549      1.4935537      6.9495166         480000   0.99985384     6.9554063      1.4996888      6.9432721         490000   1.0017489      6.9464652      1.5025312      6.9337019         500000   1.0045331      6.9711348      1.5067072      6.9554995         510000   1.0027912      6.9549681      1.5040944      6.9421527         520000   0.99910602     6.9517794      1.4985671      6.9395946         530000   1.0018775      6.9475097      1.5027241      6.9350411         540000   0.99663656     6.9568853      1.4948631      6.9447907         550000   0.99805011     6.9554166      1.4969833      6.9429829    
    560000   1.0095422      6.9560002      1.5142204      6.9405349    
    570000   1.0146596      6.9466643      1.5218961      6.9326223         580000   0.9966198      6.9493544      1.494838       6.934892          590000   1.0048846      6.9545509      1.5072344      6.9423916         600000   1.005977       6.9619089      1.5088729      6.9493603         610000   1.0113771      6.9672134      1.5169726      6.9527907         620000   1.0067509      6.958442       1.5100336      6.945048          630000   1.0087129      6.9528546      1.5129766      6.9402274         640000   0.99901296     6.959214       1.4984275      6.9456937         650000   0.99012975     6.9527472      1.4851035      6.9421797         660000   0.98816285     6.9489598      1.4821533      6.9379845         670000   0.99694303     6.9504577      1.4953228      6.9385255         680000   1.0145015      6.9516844      1.5216589      6.9389405         690000   0.99152702     6.9487633      1.4871993      6.9357292         700000   1.0008224      6.9527731      1.5011415      6.9414903         710000   1.011068       6.9454553      1.516509       6.932             720000   1.0032899      6.9478155      1.5048426      6.933018        730000   0.9967438      6.9562388      1.495024       6.9432066    
      740000   1.0010266      6.9477537      1.5014478      6.9332424         750000   1.0062818      6.9483768      1.5093301      6.9335666       760000   0.99667627     6.9527672      1.4949227      6.9383343    
      770000   0.99652572     6.951656       1.4946969      6.9384883       780000   0.99827107     6.9616596      1.4973147      6.9472829    
    790000   1.0070276      6.9514706      1.5104488      6.9376171    
    800000   1.0024246      6.9634466      1.5035446      6.9504845    
    810000   1.0008191      6.9626798      1.5011366      6.9480332    
    820000   0.99739073     6.9546295      1.4959943      6.9405369    
    830000   1.0003224      6.9443126      1.5003915      6.9304151    
    840000   0.99633434     6.9540646      1.4944098      6.9402157    
    850000   0.99920693     6.9521023      1.4987184      6.939895     
    860000   1.0063294      6.9520568      1.5094015      6.9388587    
    870000   1.0032548      6.9596818      1.5047898      6.9474771    
    880000   1.0062741      6.966479       1.5093186      6.9505012    
    890000   1.0046458      6.946498       1.5068763      6.9310166    
    900000   1.0034267      6.9613891      1.5050477      6.9470101    
    910000   1.0036981      6.9480055      1.5054549      6.934846     
    920000   0.99785753     6.9589926      1.4966945      6.9458873    
    930000   1.0107486      6.9534061      1.5160299      6.9397768    
    940000   1.0107141      6.9527209      1.5159782      6.9386453    
    950000   1.0072307      6.9522446      1.5107533      6.9391193    
    960000   0.99475487     6.9607697      1.4920408      6.9482       
    970000   1.0016181      6.9506195      1.502335       6.9387367    
    980000   1.0007391      6.9582937      1.5010165      6.9439451    
    990000   0.99314802     6.9481532      1.4896306      6.935377     
   1000000   1.000677       6.942136       1.5009234      6.9280477    
   1010000   0.99346462     6.9431875      1.4901055      6.9303391    
   1020000   0.99843735     6.9485329      1.4975641      6.9362308    
   1030000   0.99725399     6.9519747      1.4957892      6.9408541    
   1040000   0.9957752      6.939838       1.4935712      6.9273499    
   1050000   0.99356138     6.9608237      1.4902506      6.9472151    
   1060000   0.99101383     6.9509544      1.4864295      6.9382504    
   1070000   1.0025523      6.9419705      1.5037362      6.9287861    
   1080000   1.0054734      6.9440549      1.5081175      6.9301339    
   1090000   0.99548213     6.9529369      1.4931316      6.9403188    
   1100000   1.0017308      6.9387928      1.502504       6.9266343    
   1110000   0.99929339     6.949953       1.4988481      6.9370835    
   1120000   0.98765484     6.942609       1.4813914      6.9272315    
   1130000   0.99152051     6.9347915      1.4871895      6.923083     
   1140000   0.99383108     6.9393956      1.4906552      6.9260351    
   1150000   0.98671551     6.9690716      1.4799825      6.9575228    
   1160000   1.0000748      6.9577298      1.5000201      6.9451051    
   1170000   1.0107233      6.9465594      1.5159919      6.9329319    
   1180000   0.9926919      6.9525913      1.4889465      6.9395902    
   1190000   0.99840504     6.9512229      1.4975157      6.9373117    
   1200000   0.99793505     6.9620201      1.4968107      6.9499093    
   1210000   1.0003286      6.947317       1.5004009      6.9323605    
   1220000   1.0012838      6.9561946      1.5018336      6.9420594    
   1230000   1.0106007      6.9503882      1.515808       6.9394507    
   1240000   1.0094649      6.9644786      1.5141044      6.949958     
   1250000   1.0031114      6.9527286      1.5045748      6.9388716    
   1260000   1.0127948      6.9550972      1.5190991      6.9410752    
   1270000   0.9988607      6.9530305      1.4981991      6.9399553    
   1280000   1.0022137      6.9533325      1.5032283      6.9430402    
   1290000   1.0024273      6.9476355      1.5035487      6.9357581    
   1300000   1.0024059      6.9574145      1.5035166      6.9453867    
   1310000   1.0072379      6.9512278      1.5107642      6.9392574    
   1320000   0.99947328     6.9472074      1.4991179      6.9332882    
   1330000   1.0112393      6.9532129      1.5167659      6.9396705    
   1340000   0.99873175     6.9599821      1.4980057      6.9448358    
   1350000   0.99906158     6.9559312      1.4985004      6.9439851    
   1360000   1.0036035      6.9597661      1.5053128      6.9453155    
   1370000   1.0050169      6.9412634      1.5074328      6.927435     
   1380000   0.9966217      6.9516596      1.4948408      6.9405264    
   1390000   1.0096809      6.9413136      1.5144285      6.929281     
   1400000   1.0100272      6.9507654      1.5149479      6.9373258    
   1410000   1.0035611      6.9447111      1.5052493      6.9317734    
   1420000   0.99800704     6.950966       1.4969187      6.9384955    
   1430000   0.99600558     6.957093       1.4939167      6.9408526    
   1440000   1.0006576      6.9491289      1.5008944      6.9352522    
   1450000   1.0091128      6.9592245      1.5135763      6.943868     
   1460000   1.0030106      6.9659537      1.5044236      6.9515       
   1470000   1.0109642      6.9479528      1.5163532      6.9337719    
   1480000   1.0070697      6.9413795      1.5105119      6.9293004    
   1490000   1.0086092      6.9542406      1.5128209      6.9411826    
   1500000   1.0030408      6.9653458      1.504469       6.9524154    
   1510000   0.99835679     6.9546262      1.4974433      6.9409256    
   1520000   0.99937091     6.9372173      1.4989644      6.9235055    
   1530000   0.98914259     6.9533874      1.4836229      6.939869     
   1540000   0.99632137     6.9521604      1.4943904      6.9403667    
   1550000   1.000859       6.9476596      1.5011963      6.9334599    
   1560000   1.0055985      6.9559208      1.5083052      6.9426858    
   1570000   0.99806661     6.9596898      1.4970081      6.9466784    
   1580000   0.99259809     6.9438213      1.4888058      6.9328047    
   1590000   0.99894727     6.9363093      1.498329       6.9208206    
   1600000   0.98692525     6.9486133      1.4802971      6.9380274    
   1610000   0.99739432     6.9458766      1.4959997      6.9336579    
   1620000   1.0012424      6.9540759      1.5017715      6.9395089    
   1630000   0.99439087     6.9542097      1.4914948      6.9437584    
   1640000   1.005445       6.9568635      1.508075       6.943546     
   1650000   0.99859732     6.9526712      1.4978041      6.9397856    
   1660000   0.9981975      6.9514208      1.4972044      6.9388595    
   1670000   0.99382264     6.9495958      1.4906425      6.9351051    
   1680000   0.99817195     6.9509998      1.4971661      6.9379492    
   1690000   1.0077976      6.9548884      1.5116037      6.9403029    
   1700000   1.0016742      6.9555438      1.5024192      6.93931      
   1710000   0.9988047      6.9472509      1.4981151      6.9351878    
   1720000   0.9970697      6.9491501      1.4955128      6.9384849    
   1730000   1.0035849      6.9473027      1.5052851      6.9333025    
   1740000   1.0088352      6.9603879      1.51316        6.945681     
   1750000   1.0054133      6.9773108      1.5080274      6.9625722    
   1760000   1.0029058      6.9597328      1.5042664      6.9459316    
   1770000   1.007807       6.9550251      1.5116178      6.9416348    
   1780000   0.99664288     6.9575277      1.4948726      6.9438741    
   1790000   1.0008206      6.9635602      1.5011388      6.9492314    
   1800000   1.0124418      6.9545103      1.5185695      6.9400426    
   1810000   1.0134049      6.9653495      1.5200141      6.9516958    
   1820000   1.0116131      6.9638603      1.5173266      6.94922      
   1830000   1.0008475      6.9686959      1.5011792      6.9553878    
   1840000   1.0036583      6.9507297      1.5053951      6.9373454    
   1850000   1.0004502      6.9520962      1.5005832      6.9387133    
   1860000   0.9993825      6.9528029      1.4989818      6.9391437    
   1870000   1.0003324      6.9486474      1.5004065      6.9353649    
   1880000   0.99034293     6.953724       1.4854233      6.9387059    
   1890000   1.010561       6.955051       1.5157485      6.9402477    
   1900000   0.99567348     6.9515994      1.4934186      6.9379692    
   1910000   1.0007694      6.9573262      1.501062       6.9437175    
   1920000   1.0048881      6.9610603      1.5072396      6.9494056    
   1930000   1.0020135      6.9536442      1.502928       6.940071     
   1940000   0.99433726     6.960172       1.4914144      6.9443001    
   1950000   0.9956048      6.9598392      1.4933156      6.9470992    
   1960000   0.99402579     6.9544266      1.4909472      6.9382649    
   1970000   0.99977826     6.9584196      1.4995754      6.945307     
   1980000   1.0020435      6.9641092      1.502973       6.9486551    
   1990000   0.99712523     6.9527279      1.4955961      6.9402718    
   2000000   0.99818051     6.9577579      1.4971789      6.9422685    
   2010000   1.0010564      6.9529867      1.5014924      6.937579     
   2020000   1.0047277      6.9639783      1.5069992      6.9513355    
   2030000   0.99678235     6.9678277      1.4950818      6.9539768    
   2040000   0.9969111      6.9619489      1.4952749      6.9493205    
   2050000   1.0047476      6.9391326      1.507029       6.9249847    
   2060000   1.0069959      6.9556427      1.5104012      6.941476     
   2070000   1.0129507      6.9420097      1.5193329      6.9274007    
   2080000   0.99414946     6.9545119      1.4911327      6.941038     
   2090000   0.99673493     6.9560219      1.4950107      6.9401851    
   2100000   0.99945642     6.9518534      1.4990926      6.938155     
   2110000   0.99382297     6.9594521      1.490643       6.9467979    
   2120000   1.0008503      6.9552085      1.5011834      6.9401763    
   2130000   1.0008031      6.9560543      1.5011126      6.9443024    
   2140000   0.99652258     6.9503021      1.4946922      6.9377574    
   2150000   0.98796156     6.9617029      1.4818514      6.9466768    
   2160000   1.0019787      6.9520863      1.5028759      6.9391391    
   2170000   0.99838978     6.9626231      1.4974928      6.9517501    
   2180000   1.0021551      6.9408579      1.5031404      6.9265536    
   2190000   0.99972324     6.9504774      1.4994929      6.9363293    
   2200000   1.0056496      6.9488162      1.5083819      6.9347036    
   2210000   1.000148       6.9511573      1.50013        6.9387542    
   2220000   0.9969548      6.9546382      1.4953405      6.9411195    
   2230000   0.99744149     6.9495953      1.4960705      6.9347714    
   2240000   0.99320855     6.9478556      1.4897214      6.9343201    
   2250000   1.0019136      6.9576511      1.5027782      6.9438223    
   2260000   1.0074395      6.9560059      1.5110665      6.942548     
   2270000   1.0052567      6.9434838      1.5077926      6.9302966    
   2280000   1.0041305      6.9534627      1.5061033      6.9388961    
   2290000   1.0010423      6.9619819      1.5014713      6.9509495    
   2300000   1.0105602      6.9559743      1.5157473      6.9417723    
   2310000   1.00758        6.9518828      1.5112773      6.9364221    
   2320000   1.0055141      6.9576478      1.5081786      6.9440792    
   2330000   0.99873882     6.9553986      1.4980163      6.941063     
   2340000   1.0028566      6.9567505      1.5041926      6.943043     
   2350000   1.0112695      6.9512952      1.5168112      6.9376294    
   2360000   0.99859232     6.9551484      1.4977966      6.9398194    
   2370000   1.0096654      6.9519331      1.5144051      6.9347504    
   2380000   1.0039709      6.9566982      1.505864       6.9440698    
   2390000   1.0064062      6.9580629      1.5095167      6.9462281    
   2400000   1.0009686      6.9587858      1.5013609      6.9442819    
   2410000   1.0023139      6.9491638      1.5033786      6.935541     
   2420000   1.0014035      6.9584436      1.5020131      6.9457238    
   2430000   0.99214561     6.9442608      1.4881271      6.9307731    
   2440000   0.98950785     6.9465597      1.4841707      6.9335424    
   2450000   1.0038901      6.9448235      1.5057428      6.9313773    
   2460000   0.99579587     6.9566734      1.4936022      6.9426237    
   2470000   0.99598416     6.9553798      1.4938846      6.9412433    
   2480000   1.0014151      6.9579412      1.5020305      6.9457076    
   2490000   1.0073768      6.9562924      1.5109724      6.9425519    
   2500000   1.0120388      6.9636783      1.5179651      6.9520731    
   2510000   1.0009476      6.9444964      1.5013293      6.9320578    
   2520000   0.99729843     6.9472033      1.4958559      6.9342973    
   2530000   0.9919379      6.9473186      1.4878156      6.9336705    
   2540000   0.99098537     6.9488716      1.4863869      6.9361935    
   2550000   0.9846986      6.9511338      1.4769573      6.9392605    
   2560000   0.99788153     6.9449064      1.4967305      6.931493     
   2570000   0.99427513     6.9398286      1.4913212      6.9276728    
   2580000   0.99997651     6.9510273      1.4998727      6.9358279    
   2590000   0.9971267      6.9491905      1.4955983      6.9346481    
   2600000   0.99468503     6.9576182      1.491936       6.9437521    
   2610000   1.0076916      6.9503925      1.5114446      6.9360794    
   2620000   1.0092403      6.954263       1.5137676      6.940401     
   2630000   1.0008337      6.953956       1.5011584      6.940824     
   2640000   1.0038351      6.9476247      1.5056602      6.9334765    
   2650000   1.002363       6.9582146      1.5034523      6.9418665    
   2660000   1.0051357      6.9517016      1.5076111      6.9399993    
   2670000   1.0037275      6.9533706      1.5054989      6.9368079    
   2680000   0.99065391     6.9516273      1.4858897      6.9378589    
   2690000   0.99472775     6.9550267      1.4920001      6.9404127    
   2700000   0.99476061     6.9475341      1.4920494      6.9331836    
   2710000   0.99423926     6.9477634      1.4912674      6.9330627    
   2720000   1.0030607      6.9489651      1.5044987      6.9355416    
   2730000   0.99215043     6.9579385      1.4881343      6.9450273    
   2740000   0.98702089     6.9461778      1.4804405      6.9313235    
   2750000   0.999592       6.9481452      1.499296       6.9334055    
   2760000   0.99400464     6.9614603      1.4909155      6.9461343    
   2770000   0.98591119     6.9421513      1.4787761      6.9314082    
   2780000   0.99587651     6.9455255      1.4937231      6.9309059    
   2790000   0.9927808      6.9579907      1.4890798      6.9430218    
   2800000   1.001451       6.9437725      1.5020843      6.9291698    
   2810000   0.99683205     6.9489483      1.4951563      6.9347727    
   2820000   0.9951213      6.9495573      1.4925904      6.936649     
   2830000   0.99396512     6.9468836      1.4908562      6.931241     
   2840000   1.0044375      6.9400876      1.5065639      6.9286071    
   2850000   0.99909083     6.9531225      1.4985443      6.9398953    
   2860000   0.99906581     6.9431844      1.4985068      6.9314402    
   2870000   1.007423       6.9437894      1.5110418      6.9297621    
   2880000   1.0045201      6.9642206      1.5066877      6.9487606    
   2890000   0.99959687     6.9498575      1.4993033      6.9365174    
   2900000   0.99439199     6.9503411      1.4914965      6.9377021    
   2910000   0.99110907     6.9625713      1.4865724      6.9487548    
   2920000   1.004339       6.9500981      1.5064161      6.936472     
   2930000   0.99739014     6.9475072      1.4959934      6.9355322    
   2940000   0.9921309      6.9530646      1.488105       6.9411599    
   2950000   0.99788763     6.9553293      1.4967396      6.9402822    
   2960000   1.0034719      6.9473167      1.5051155      6.935131     
   2970000   0.99630936     6.9478703      1.4943724      6.9344416    
   2980000   1.0033923      6.9445834      1.5049961      6.9332951    
   2990000   0.99598294     6.9649019      1.4938828      6.9490402    
   3000000   1.0021289      6.9576438      1.5031011      6.9417788    
   3010000   1.0007034      6.9490703      1.5009631      6.935229     
   3020000   0.99838375     6.9566419      1.4974838      6.9406886    
   3030000   1.0104678      6.9547473      1.5156088      6.9413786    
   3040000   1.0024108      6.9555173      1.5035239      6.942689     
   3050000   1.0034715      6.9490912      1.5051149      6.9360566    
   3060000   1.0016089      6.9641886      1.5023212      6.9516533    
   3070000   1.0071295      6.9603489      1.5106016      6.9478221    
   3080000   1.0001026      6.9508524      1.5000618      6.9376554    
   3090000   1.0024047      6.9569344      1.5035148      6.943154     
   3100000   0.99548247     6.9517934      1.4931321      6.9396142    
   3110000   1.0032462      6.9513267      1.504777       6.9380728    
   3120000   0.99768682     6.9568855      1.4964384      6.942514     
   3130000   1.0002406      6.9634585      1.5002688      6.9494371    
   3140000   1.0029184      6.959552       1.5042852      6.9467739    
   3150000   1.0036491      6.9498553      1.5053812      6.9371986    
   3160000   1.0132878      6.9573616      1.5198384      6.9446682    
   3170000   0.99981528     6.9609522      1.4996309      6.9458841    
   3180000   0.99782189     6.9522986      1.496641       6.9403551    
   3190000   0.99721365     6.9486405      1.4957287      6.9368097    
   3200000   1.0052686      6.9588089      1.5078103      6.9426757    
   3210000   1.0010301      6.9610154      1.5014531      6.9480252    
   3220000   1.0003072      6.966081       1.5003687      6.9490427    
   3230000   1.0000607      6.9488589      1.499999       6.9361251    
   3240000   0.9995659      6.9493639      1.4992569      6.9364154    
   3250000   0.98973478     6.9525611      1.4845111      6.9396819    
   3260000   0.99846252     6.9524113      1.4976019      6.9395374    
   3270000   0.99819558     6.94563        1.4972015      6.9322638    
   3280000   0.99135225     6.9469287      1.4869372      6.9335762    
   3290000   1.0028169      6.950918       1.5041331      6.9371672    
   3300000   0.99698719     6.9681362      1.495389       6.9524789    
   3310000   1.0034225      6.9536668      1.5050414      6.9400194    
   3320000   1.0046864      6.9564217      1.5069372      6.9444678    
   3330000   1.0004972      6.9681818      1.5006537      6.957335     
   3340000   0.99844096     6.9567634      1.4975696      6.9434892    
   3350000   0.99739804     6.9615827      1.4960053      6.9505561    
   3360000   0.99880141     6.9566192      1.4981102      6.9428072    
   3370000   1.0016762      6.963083       1.5024221      6.9492838    
   3380000   0.99788108     6.9546774      1.4967298      6.9418411    
   3390000   0.99652369     6.9432538      1.4946938      6.9271644    
   3400000   0.99468771     6.9448244      1.49194        6.9287372    
   3410000   0.99833128     6.9486181      1.4974051      6.9355499    
   3420000   0.99813501     6.9481237      1.4971107      6.9380688    
   3430000   1.0063744      6.9428975      1.509469       6.9290882    
   3440000   0.99293117     6.9541668      1.4893054      6.9406616    
   3450000   0.99592095     6.950061       1.4937898      6.9388734    
   3460000   1.0011242      6.9653112      1.5015942      6.9533429    
   3470000   1.0034728      6.9517662      1.5051169      6.9398976    
   3480000   1.0055026      6.9423722      1.5081614      6.9303665    
   3490000   0.99722845     6.9564357      1.4957509      6.9428409    
   3500000   0.99340806     6.9613003      1.4900207      6.9488732    
   3510000   0.99275057     6.9480635      1.4890345      6.934868     
   3520000   1.0091694      6.9438293      1.5136613      6.9305801    
   3530000   0.99897567     6.952224       1.4983716      6.9388156    
   3540000   0.99126885     6.9417633      1.4868121      6.9295236    
   3550000   0.98601431     6.948748       1.4789307      6.9342847    
   3560000   0.9996674      6.9477183      1.4994091      6.934936     
   3570000   0.99196274     6.959415       1.4878528      6.9444474    
   3580000   0.99772657     6.9447746      1.496498       6.9311475    
   3590000   1.0048089      6.9476191      1.5071208      6.9355988    
   3600000   0.99746922     6.9465842      1.496112       6.9353086    
   3610000   0.99649073     6.9670524      1.4946444      6.9538422    
   3620000   0.99831584     6.9423466      1.4973819      6.9305183    
   3630000   1.00022        6.9487299      1.5002379      6.9352624    
   3640000   0.99310936     6.9528126      1.4895726      6.9388972    
   3650000   1.0011589      6.95749        1.5016462      6.9427663    
   3660000   1.0053078      6.9639128      1.5078691      6.9512742    
   3670000   1.0016923      6.9610284      1.5024463      6.9481267    
   3680000   1.0132533      6.9489956      1.5197867      6.9330527    
   3690000   1.0021212      6.9679425      1.5030896      6.9559809    
   3700000   0.99719998     6.9567961      1.4957082      6.9439647    
   3710000   1.0007848      6.9575425      1.501085       6.9431816    
   3720000   0.99890106     6.9535105      1.4982597      6.9415279    
   3730000   0.99728108     6.9467882      1.4958298      6.9325919    
   3740000   0.98761301     6.9573075      1.4813286      6.9444176    
   3750000   1.0081727      6.9446499      1.5121663      6.9314557    
   3760000   0.9991774      6.9651006      1.4986741      6.9518599    
   3770000   1.0055991      6.9579953      1.5083061      6.9425635    
   3780000   0.99830201     6.9483814      1.4973612      6.9339817    
   3790000   0.99620941     6.9391253      1.4942224      6.9260679    
   3800000   0.99764624     6.952094       1.4963775      6.9390193    
   3810000   1.0005852      6.9462686      1.5007857      6.9334005    
   3820000   1.0026357      6.9524514      1.5038613      6.9389563    
   3830000   1.0071784      6.9646338      1.5106748      6.9495785    
   3840000   0.99562632     6.9562956      1.4933479      6.9437957    
   3850000   1.0008068      6.9594377      1.5011181      6.9469555    
   3860000   1.0014364      6.9540641      1.5020624      6.9394539    
   3870000   1.0022374      6.9495803      1.5032639      6.9344728    
   3880000   0.9978373      6.9531222      1.4966641      6.9394048    
   3890000   1.0057145      6.9613813      1.5084792      6.9478677    
   3900000   1.0044506      6.9641801      1.5065835      6.9486778    
   3910000   1.0021386      6.9569103      1.5031157      6.9415681    
   3920000   1.0042245      6.9625143      1.5062444      6.9479453    
   3930000   1.0062634      6.9600204      1.5093026      6.9462831    
   3940000   1.0049001      6.9549185      1.5072577      6.9432817    
   3950000   0.99951375     6.9540841      1.4991786      6.9414624    
   3960000   0.997528       6.9545733      1.4962002      6.9399726    
   3970000   0.99674142     6.9431264      1.4950204      6.9301362    
   3980000   0.99902618     6.9456463      1.4984473      6.9322415    
   3990000   0.99664772     6.9481903      1.4948799      6.9342885    
   4000000   0.99753893     6.9554286      1.4962166      6.9394551    
   4010000   0.99490181     6.9484591      1.4922612      6.9337968    
   4020000   0.98807218     6.9599004      1.4820173      6.9465008    
   4030000   0.99070297     6.9371111      1.4859633      6.9259437    
   4040000   0.99218159     6.9476134      1.4881811      6.9332417    
   4050000   0.99374522     6.9431096      1.4905264      6.9296638    
   4060000   0.99532432     6.9474009      1.4928949      6.9316443    
   4070000   0.995441       6.9505015      1.4930699      6.9373278    
   4080000   0.98687713     6.9451694      1.4802249      6.9305621    
   4090000   0.99340264     6.9611764      1.4900125      6.9467434    
   4100000   1.0023836      6.9486326      1.5034832      6.9343758    
   4110000   0.99990422     6.9574654      1.4997643      6.9436395    
   4120000   1.0067991      6.9583652      1.5101059      6.9443096    
   4130000   1.0032473      6.9605585      1.5047786      6.9474456    
   4140000   1.0086899      6.9659065      1.5129421      6.9533554    
   4150000   1.0230512      6.9479723      1.5344826      6.9311046    
   4160000   1.0055217      6.9583202      1.50819        6.9428676    
   4170000   1.00756        6.9487642      1.5112472      6.9381733    
   4180000   1.0059621      6.9584701      1.5088506      6.9445851    
   4190000   1.0129216      6.9544101      1.5192892      6.9428554    
   4200000   1.0139274      6.9535623      1.5207978      6.9387522    
   4210000   1.0078571      6.9610731      1.5116928      6.947259     
   4220000   1.0071992      6.9609885      1.5107061      6.9482696    
   4230000   1.0023656      6.9580568      1.5034562      6.9471146    
   4240000   1.0122374      6.9605814      1.518263       6.9497506    
   4250000   1.008829       6.9433664      1.5131507      6.9313443    
   4260000   0.99659197     6.9579997      1.4947962      6.9429852    
   4270000   1.0081654      6.9519959      1.5121553      6.9382937    
   4280000   1.0058293      6.9547828      1.5086513      6.9379447    
   4290000   1.0082477      6.9514792      1.5122788      6.9377632    
   4300000   1.0020205      6.9568082      1.5029386      6.9406276    
   4310000   1.0036447      6.9494925      1.5053747      6.9370141    
   4320000   0.99939313     6.9570191      1.4989977      6.9448132    
   4330000   0.99329286     6.9449115      1.4898479      6.9316653    
   4340000   0.99965519     6.9451123      1.4993908      6.9307083    
   4350000   1.0021906      6.9461819      1.5031936      6.9303979    
   4360000   0.99694798     6.9533976      1.4953302      6.9396408    
   4370000   1.001076       6.9590354      1.5015218      6.9451971    
   4380000   0.99804783     6.9461222      1.4969799      6.931764     
   4390000   1.0058446      6.956647       1.5086744      6.9453988    
   4400000   0.99469554     6.9645696      1.4919518      6.9480123    
   4410000   1.0055286      6.9567992      1.5082003      6.9430074    
   4420000   0.9937272      6.9631858      1.4904993      6.9516576    
   4430000   1.0013114      6.9564935      1.501875       6.9427252    
   4440000   0.99639091     6.9507682      1.4944947      6.9364257    
   4450000   0.98932024     6.9493805      1.4838893      6.9373839    
   4460000   0.99857607     6.9387608      1.4977722      6.9264414    
   4470000   1.0095168      6.9571392      1.5141823      6.9450152    
   4480000   1.0065507      6.9489909      1.5097334      6.9342087    
   4490000   1.0089601      6.9400911      1.5133473      6.9272541    
   4500000   1.0000584      6.948619       1.4999955      6.9374949    
   4510000   0.99942198     6.9489174      1.499041       6.9361243    
   4520000   1.0030953      6.9458631      1.5045506      6.9320398    
   4530000   0.99185873     6.9524371      1.4876968      6.9393323    
   4540000   0.9937286      6.9483787      1.4905015      6.9354994    
   4550000   0.99974074     6.9580001      1.4995191      6.9453454    
   4560000   1.0083111      6.9594778      1.5123739      6.9456706    
   4570000   1.0007031      6.9533098      1.5009625      6.9404756    
   4580000   1.0046751      6.9526909      1.5069202      6.9378025    
   4590000   1.0000706      6.9594425      1.5000138      6.9459218    
   4600000   0.99900404     6.9435038      1.4984141      6.932916     
   4610000   0.99502184     6.94386        1.4924412      6.9316906    
   4620000   1.0000328      6.9531764      1.4999572      6.9412343    
   4630000   1.0023759      6.9542478      1.5034717      6.9408165    
   4640000   1.0158428      6.9544757      1.5236706      6.9420385    
   4650000   1.0099767      6.9470916      1.5148721      6.9338486    
   4660000   0.99903143     6.967461       1.4984552      6.9521524    
   4670000   1.0036548      6.9498438      1.5053898      6.936004     
   4680000   0.99611526     6.9539579      1.4940812      6.9420705    
   4690000   0.99200191     6.9583879      1.4879116      6.9438205    
   4700000   0.99550652     6.9539048      1.4931682      6.9392095    
   4710000   0.99951787     6.9569618      1.4991848      6.9449604    
   4720000   0.99866614     6.9464601      1.4979073      6.9337951    
   4730000   0.99550117     6.944405       1.4931601      6.9306973    
   4740000   0.99741754     6.9520916      1.4960345      6.9382545    
   4750000   0.99331765     6.9544487      1.4898851      6.9388954    
   4760000   1.0093102      6.9535498      1.5138724      6.9370204    
   4770000   0.99812728     6.9654781      1.4970991      6.9509993    
   4780000   1.006717       6.9447252      1.5099828      6.929927     
   4790000   0.99740344     6.9529826      1.4960134      6.9398167    
   4800000   1.0106187      6.9501582      1.515835       6.9343787    
   4810000   1.0053727      6.9493519      1.5079665      6.9346042    
   4820000   1.0021127      6.9548832      1.5030769      6.9420489    
   4830000   0.99701218     6.9611717      1.4954265      6.9480339    
   4840000   0.99797766     6.9415581      1.4968746      6.9288644    
   4850000   0.99635707     6.9526898      1.4944439      6.9393218    
   4860000   0.99556214     6.9417251      1.4932516      6.9297572    
   4870000   0.99598122     6.9524234      1.4938802      6.9390638    
   4880000   0.9993059      6.9474348      1.4988669      6.9327507    
   4890000   0.99231579     6.9444883      1.4883824      6.9298279    
   4900000   0.99674206     6.9456773      1.4950214      6.9326859    
   4910000   0.99956027     6.9440523      1.4992484      6.9289834    
   4920000   0.99863033     6.9552397      1.4978536      6.940885     
   4930000   1.0026351      6.9525956      1.5038603      6.9378933    
   4940000   1.0110582      6.9484913      1.5164943      6.9338086    
   4950000   1.0005974      6.9607071      1.500804       6.9484026    
   4960000   1.0016899      6.9646909      1.5024427      6.9501371    
   4970000   1.013203       6.9546607      1.5197113      6.941375     
   4980000   0.99468092     6.9597579      1.4919298      6.9454636    
   4990000   1.0005108      6.9578256      1.5006741      6.9456336    
   5000000   1.011679       6.9425723      1.5174254      6.9314792    
   5010000   1.0010785      6.948526       1.5015257      6.9366446    
   5020000   1.004244       6.9525825      1.5062736      6.9389609    
   5030000   0.99575466     6.9365422      1.4935404      6.925848     
   5040000   0.99510625     6.9482841      1.4925678      6.9342559    
   5050000   0.99506157     6.9500273      1.4925008      6.9338482    
   5060000   0.99451707     6.9493563      1.4916841      6.9373443    
   5070000   1.0025246      6.9447679      1.5036946      6.93165      
   5080000   0.99645848     6.9547095      1.494596       6.9408568    
   5090000   1.0009873      6.954598       1.5013888      6.9416067    
   5100000   1.0002457      6.9540643      1.5002766      6.9405328    
   5110000   1.0089241      6.95197        1.5132933      6.9397647    
   5120000   1.0035309      6.962102       1.505204       6.9455697    
   5130000   0.99522723     6.9566888      1.4927493      6.9410262    
   5140000   0.98851009     6.954869       1.4826742      6.9420199    
   5150000   0.99072857     6.9515746      1.4860017      6.9372203    
   5160000   0.98782009     6.9392933      1.4816392      6.9276981    
   5170000   0.99741689     6.9529657      1.4960335      6.9395109    
   5180000   0.99405894     6.9531051      1.4909969      6.9402863    
   5190000   0.98758822     6.9509393      1.4812914      6.9358489    
   5200000   0.99348108     6.9506629      1.4901302      6.9392929    
   5210000   0.99374184     6.9445066      1.4905213      6.9318582    
   5220000   1.0031587      6.9344134      1.5046458      6.9200012    
   5230000   0.99467928     6.954381       1.4919274      6.939095     
   5240000   0.98940921     6.9474507      1.4840228      6.9342977    
   5250000   0.99024916     6.9563016      1.4852826      6.9422089    
   5260000   0.9984906      6.9496907      1.497644       6.9365668    
   5270000   1.0020265      6.9560336      1.5029475      6.9433235    
   5280000   1.0054949      6.9348243      1.5081498      6.9221683    
   5290000   0.99639984     6.9495388      1.4945081      6.9341106    
   5300000   0.99696126     6.9459582      1.4953501      6.9332706    
   5310000   0.99670654     6.9492747      1.4949681      6.9360092    
   5320000   0.99784451     6.9516035      1.4966749      6.9401267    
   5330000   0.99894325     6.9360735      1.4983229      6.9231514    
   5340000   0.99791816     6.9475631      1.4967854      6.9336112    
   5350000   0.99721607     6.9535257      1.4957323      6.9384167    
   5360000   0.99571271     6.9498601      1.4934774      6.9370107    
   5370000   0.99777782     6.9492417      1.4965749      6.9337194    
   5380000   1.0005993      6.9383801      1.5008069      6.9258242    
   5390000   1.0052892      6.9512102      1.5078413      6.9397247    
   5400000   1.0071286      6.951372       1.5106002      6.9365257    
   5410000   0.99880704     6.9526239      1.4981186      6.9373882    
   5420000   1.0136739      6.9419173      1.5204175      6.9289224    
   5430000   1.000946       6.9647395      1.5013269      6.9524398    
   5440000   0.99828302     6.9601125      1.4973327      6.947023     
   5450000   1.0016474      6.9663154      1.502379       6.9515963    
   5460000   1.0110586      6.954676       1.5164948      6.9412226    
   5470000   1.0090206      6.9594818      1.5134381      6.9450654    
   5480000   0.9922702      6.9465427      1.488314       6.9319928    
   5490000   0.9989271      6.9523727      1.4982987      6.9391496    
   5500000   1.0009482      6.9435732      1.5013302      6.9305269    
   5510000   1.0032307      6.9545739      1.5047537      6.9404056    
   5520000   0.99548483     6.9515152      1.4931356      6.9389036    
   5530000   1.0005498      6.9433991      1.5007327      6.9278165    
   5540000   1.0026333      6.9499147      1.5038576      6.9379409    
   5550000   1.0216717      6.950038       1.5324136      6.9390726    
   5560000   1.008277       6.9556244      1.5123227      6.9434609    
   5570000   1.0019563      6.9561671      1.5028422      6.9426909    
   5580000   0.99302471     6.9551143      1.4894457      6.943177     
   5590000   0.9925363      6.9461146      1.4887131      6.9328122    
   5600000   0.99548728     6.9602706      1.4931393      6.945918     
   5610000   0.99938787     6.9612792      1.4989898      6.9467292    
   5620000   1.0057781      6.9482549      1.5085746      6.9359826    
   5630000   1.0042054      6.9496112      1.5062156      6.93745      
   5640000   1.0032428      6.9573814      1.5047719      6.9444623    
   5650000   1.0062371      6.9519323      1.509263       6.9373926    
   5660000   1.0014551      6.9512892      1.5020906      6.9370868    
   5670000   1.0061897      6.9582554      1.5091919      6.9474008    
   5680000   1.0151577      6.9484386      1.5226432      6.9342622    
   5690000   1.007063       6.9587221      1.5105019      6.944005     
   5700000   1.0008145      6.9579529      1.5011297      6.944834     
   5710000   1.0059258      6.9577038      1.5087961      6.9442553    
   5720000   0.99258623     6.9616096      1.488788       6.9471371    
   5730000   1.0119089      6.9589315      1.5177702      6.9455063    
   5740000   0.99317265     6.9556959      1.4896676      6.9418398    
   5750000   1.0038575      6.9502076      1.5056939      6.9359235    
   5760000   0.99776235     6.9634828      1.4965517      6.9483821    
   5770000   1.0017121      6.9586187      1.5024759      6.9421753    
   5780000   1.0000059      6.9624416      1.4999168      6.9486096    
   5790000   0.99603281     6.9599486      1.4939576      6.9467068    
   5800000   1.0034971      6.9534186      1.5051533      6.9418977    
   5810000   0.99706368     6.9445858      1.4955038      6.9309276    
   5820000   0.99534022     6.9447121      1.4929187      6.9307134    
   5830000   0.9946045      6.9476323      1.4918152      6.9332675    
   5840000   0.99741782     6.9584535      1.4960349      6.9438159    
   5850000   0.99467046     6.9516527      1.4919142      6.9396756    
   5860000   0.99913994     6.9425592      1.498618       6.9290291    
   5870000   1.0033368      6.9477851      1.5049128      6.936038     
   5880000   1.0037449      6.960201       1.505525       6.9443859    
   5890000   1.0014037      6.9382492      1.5020134      6.9253547    
   5900000   1.0003287      6.9476625      1.500401       6.9344644    
   5910000   1.0047904      6.9370919      1.5070931      6.9261587    
   5920000   1.0014732      6.9482281      1.5021177      6.9354652    
   5930000   0.99498306     6.9555887      1.492383       6.9438694    
   5940000   0.99569511     6.9523786      1.493451       6.9377563    
   5950000   0.99633467     6.9568623      1.4944103      6.9433732    
   5960000   1.000755       6.9611469      1.5010404      6.9483007    
   5970000   1.0025348      6.9480216      1.5037099      6.9357946    
   5980000   0.98607279     6.9476733      1.4790184      6.9349477    
   5990000   0.99652694     6.9391254      1.4946987      6.9247713    
   6000000   0.99538475     6.9417073      1.4929855      6.9286503    
   6010000   1.00144        6.9381923      1.5020679      6.9261816    
   6020000   1.0141949      6.9452732      1.521199       6.930378     
   6030000   1.0030554      6.9610734      1.5044907      6.9465887    
   6040000   1.0038801      6.9573262      1.5057278      6.9427811    
   6050000   1.0005597      6.9530555      1.5007474      6.9414012    
   6060000   0.99884668     6.9540333      1.4981781      6.9429037    
   6070000   0.99480072     6.9481823      1.4921095      6.9324157    
   6080000   0.99611994     6.9561281      1.4940882      6.9412648    
   6090000   0.99457304     6.9480245      1.491768       6.9361089    
   6100000   1.0014704      6.9487498      1.5021134      6.9359192    
   6110000   1.0015473      6.9426988      1.5022288      6.9305152    
   6120000   1.000677       6.9527881      1.5009235      6.9406937    
   6130000   1.0013889      6.9505995      1.5019912      6.9378914    
   6140000   1.0040359      6.9506431      1.5059614      6.9372034    
   6150000   0.99910838     6.9630423      1.4985706      6.9500563    
   6160000   1.0117263      6.9603756      1.5174963      6.9487275    
   6170000   1.0053642      6.9544649      1.5079538      6.9413319    
   6180000   0.99179637     6.9620411      1.4876033      6.9503809    
   6190000   0.99999886     6.9571999      1.4999063      6.9447112    
   6200000   1.0013158      6.9541058      1.5018816      6.9394216    
   6210000   1.0082953      6.9530593      1.5123501      6.9392371    
   6220000   1.0045102      6.9542058      1.5066729      6.94203      
   6230000   0.99799721     6.9542795      1.496904       6.9394822    
   6240000   1.0011819      6.9497362      1.5016808      6.9377134    
   6250000   1.0105779      6.9456545      1.5157738      6.9318715    
   6260000   1.004583       6.9514815      1.506782       6.9409269    
   6270000   0.99075379     6.9478051      1.4860395      6.9334669    
   6280000   1.003328       6.9509532      1.5048997      6.9382506    
   6290000   1.0094732      6.957022       1.5141169      6.9419266    
   6300000   1.0077699      6.9511375      1.5115621      6.938072     
   6310000   0.99927791     6.9543303      1.4988249      6.940872     
   6320000   1.004517       6.9509769      1.5066831      6.9397843    
   6330000   1.0044525      6.9494869      1.5065862      6.9356197    
   6340000   0.99264425     6.9463854      1.488875       6.9332799    
   6350000   0.99108188     6.9481018      1.4865316      6.9366477    
   6360000   0.99024676     6.9454863      1.485279       6.9339795    
   6370000   0.99195396     6.9520879      1.4878397      6.9372385    
   6380000   0.98633788     6.9617325      1.4794161      6.9485171    
   6390000   1.0034382      6.9429819      1.5050649      6.9307443    
   6400000   1.000919       6.9500224      1.5012865      6.9360869    
   6410000   0.9958127      6.9547313      1.4936274      6.9427591    
   6420000   1.0163933      6.9567535      1.5244964      6.9435731    
   6430000   1.014314       6.95717        1.5213777      6.9467585    
   6440000   1.0070897      6.9661556      1.5105419      6.95102      
   6450000   1.0077584      6.9613102      1.5115449      6.9469229    
   6460000   0.996216       6.9612903      1.4942323      6.9473008    
   6470000   0.99913325     6.9524712      1.4986079      6.9376358    
   6480000   0.98431129     6.9563638      1.4763764      6.9416982    
   6490000   0.98705954     6.9587672      1.4804985      6.944353     
   6500000   0.9949393      6.9525955      1.4923174      6.9387585    
   6510000   1.0016653      6.9531775      1.5024058      6.9381795    
   6520000   1.0025703      6.9476415      1.5037632      6.9348417    
   6530000   0.99959469     6.9509148      1.4993         6.938406     
   6540000   1.0016212      6.9410599      1.5023396      6.9272698    
   6550000   0.99691842     6.9496542      1.4952859      6.934995     
   6560000   0.99528827     6.9404462      1.4928408      6.926058     
   6570000   0.99765779     6.9460156      1.4963949      6.9318572    
   6580000   1.001483       6.942471       1.5021323      6.9277817    
   6590000   0.99972048     6.9461527      1.4994887      6.9325402    
   6600000   0.99549735     6.9424825      1.4931544      6.9295367    
   6610000   0.98733258     6.9485524      1.480908       6.9341653    
   6620000   1.0001074      6.9421428      1.5000691      6.9274806    
   6630000   1.0008434      6.944336       1.5011729      6.9295712    
   6640000   1.0094272      6.9452606      1.5140479      6.930454     
   6650000   1.005793       6.9520161      1.508597       6.9389035    
   6660000   0.99079393     6.9495352      1.4860997      6.934705     
   6670000   0.98540261     6.9475422      1.4780132      6.9344562    
   6680000   0.98920616     6.9499454      1.4837182      6.9369022    
   6690000   0.99292918     6.9475078      1.4893024      6.9345728    
   6700000   0.98774421     6.9447211      1.4815254      6.9314843    
   6710000   0.99287995     6.9557683      1.4892286      6.9428905    
   6720000   0.98884499     6.9450702      1.4831765      6.9297634    
   6730000   0.99670914     6.9481135      1.494972       6.935002     
   6740000   0.99825146     6.9561867      1.4972853      6.9435513    
   6750000   0.99517627     6.9605808      1.4926728      6.9438889    
   6760000   1.0057574      6.9538048      1.5085436      6.9388526    
   6770000   0.99693319     6.9550416      1.495308       6.9417989    
   6780000   0.99068601     6.9507769      1.4859378      6.9381927    
   6790000   0.98677831     6.9622195      1.4800767      6.9484946    
   6800000   0.98850802     6.9533148      1.4826711      6.9414118    
   6810000   0.99005736     6.9483661      1.4849949      6.9338419    
   6820000   1.0041197      6.9552104      1.5060872      6.9440532    
   6830000   1.0009437      6.9433607      1.5013235      6.9306281    
   6840000   1.0024982      6.9547889      1.503655       6.942602     
   6850000   1.0052435      6.9505849      1.5077728      6.9377629    
   6860000   1.0052248      6.9573002      1.5077447      6.9442091    
   6870000   1.0123576      6.9608891      1.5184432      6.9480441    
   6880000   1.0148004      6.9623031      1.5221072      6.9466255    
   6890000   0.99998503     6.9622849      1.4998855      6.949122     
   6900000   0.99729185     6.9530287      1.495846       6.9386569    
   6910000   0.99620389     6.9508902      1.4942142      6.9366188    
   6920000   0.98990388     6.9678931      1.4847647      6.9521102    
   6930000   0.9959848      6.945739       1.4938855      6.934086     
   6940000   0.99627296     6.9499459      1.4943178      6.9358363    
   6950000   1.0108298      6.9608123      1.5161516      6.945895     
   6960000   1.0106915      6.9480549      1.5159443      6.938142     
   6970000   0.99613274     6.9497821      1.4941074      6.9367096    
   6980000   1.0000701      6.9563405      1.5000131      6.944199     
   6990000   1.0063357      6.9500094      1.5094109      6.9359191    
   7000000   0.99816939     6.9544821      1.4971622      6.9398405    
   7010000   1.0025928      6.9482378      1.5037969      6.93742      
   7020000   0.99675681     6.9455968      1.4950435      6.9334943    
   7030000   0.99813955     6.9552549      1.4971175      6.9435033    
   7040000   1.0000848      6.9492163      1.5000351      6.935991     
   7050000   1.0037871      6.9559721      1.5055883      6.9421104    
   7060000   1.0075147      6.9505922      1.5111793      6.9368778    
   7070000   1.0002487      6.9609316      1.5002811      6.9482722    
   7080000   1.0083429      6.9510931      1.5124215      6.9385477    
   7090000   1.0056892      6.9535303      1.5084413      6.9388764    
   7100000   1.005796       6.9572735      1.5086015      6.9446609    
   7110000   0.99688191     6.949464       1.4952311      6.9376635    
   7120000   0.99996698     6.9566887      1.4998584      6.943562     
   7130000   0.99545699     6.9395276      1.4930939      6.9273439    
   7140000   1.0061569      6.9489347      1.5091427      6.9354537    
   7150000   1.0036698      6.943782       1.5054123      6.9298951    
   7160000   1.0012104      6.950531       1.5017235      6.9352377    
   7170000   1.0037588      6.9549557      1.5055459      6.9404916    
   7180000   1.0038678      6.9499955      1.5057093      6.936641     
   7190000   1.0003074      6.9484237      1.5003691      6.9354448    
   7200000   0.99359472     6.9598502      1.4903006      6.9465055    
   7210000   1.0086172      6.9481388      1.512833       6.9334353    
   7220000   0.9908271      6.9544103      1.4861495      6.9417744    
   7230000   1.0022487      6.9515787      1.5032808      6.9361745    
   7240000   1.0157852      6.9551464      1.5235843      6.9405691    
   7250000   1.0123552      6.9481349      1.5184396      6.934904     
   7260000   1.0013435      6.9466235      1.5019231      6.9336232    
   7270000   1.0050197      6.9451131      1.5074371      6.9324452    
   7280000   0.99032201     6.9540263      1.4853919      6.9400831    
   7290000   0.99969535     6.9544282      1.499451       6.9401311    
   7300000   1.0026771      6.9452994      1.5039235      6.9327787    
   7310000   1.0067944      6.9554062      1.510099       6.9422798    
   7320000   1.0088701      6.9562193      1.5132124      6.9446169    
   7330000   1.0083233      6.9549512      1.5123922      6.9408114    
   7340000   1.0157375      6.9500047      1.5235128      6.9368267    
   7350000   1.0018625      6.9640013      1.5027016      6.9482364    
   7360000   1.0015141      6.9560492      1.5021789      6.9425809    
   7370000   0.99803566     6.9522243      1.4969616      6.9381415    
   7380000   1.0114048      6.9522363      1.5170141      6.9408304    
   7390000   1.0162617      6.9552783      1.5242991      6.9409798    
   7400000   1.0049975      6.9626881      1.5074037      6.9502804    
   7410000   1.0086859      6.9616215      1.512936       6.9497816    
   7420000   1.0091219      6.9563324      1.51359        6.943917     
   7430000   0.99799341     6.9601133      1.4968983      6.9457623    
   7440000   1.0112376      6.9442552      1.5167633      6.9300031    
   7450000   1.0042621      6.9602373      1.5063007      6.9461459    
   7460000   1.0042489      6.9383184      1.5062809      6.9259024    
   7470000   0.99915895     6.9617377      1.4986465      6.9484979    
   7480000   0.99866744     6.9478772      1.4979093      6.9331122    
   7490000   0.99268763     6.9598182      1.4889401      6.9465447    
   7500000   0.99659273     6.9468623      1.4947974      6.9329326    
   7510000   0.99820478     6.956994       1.4972153      6.941967     
   7520000   1.0019057      6.955685       1.5027663      6.9436327    
   7530000   1.0015031      6.9425515      1.5021625      6.9302721    
   7540000   1.0084486      6.9466438      1.5125801      6.9337785    
   7550000   0.99666388     6.9632388      1.4949041      6.9488759    
   7560000   1.0020485      6.9541221      1.5029806      6.9415685    
   7570000   0.99768357     6.9529065      1.4964335      6.938837     
   7580000   1.0005881      6.952508       1.50079        6.9413458    
   7590000   0.99810165     6.947512       1.4970606      6.9339252    
   7600000   0.99751419     6.9615345      1.4961795      6.949223     
   7610000   1.005841       6.9482429      1.5086689      6.9326726    
   7620000   0.99912396     6.9506181      1.498594       6.9372908    
   7630000   0.99242293     6.9490019      1.4885431      6.936012     
   7640000   0.99063806     6.9547192      1.4858659      6.939352     
   7650000   0.99590507     6.9455883      1.493766       6.9288716    
   7660000   0.9859463      6.9559565      1.4788287      6.9424269    
   7670000   1.00097        6.9523369      1.5013629      6.9390985    
   7680000   0.99942713     6.9619552      1.4990487      6.9460024    
   7690000   1.0068206      6.9456319      1.5101383      6.933264     
   7700000   1.0042266      6.9472009      1.5062474      6.9328878    
   7710000   0.99122409     6.9588091      1.4867449      6.9462929    
   7720000   0.99776569     6.9570286      1.4965567      6.9423703    
   7730000   1.0054862      6.9501786      1.5081368      6.9353448    
   7740000   0.99927216     6.9519652      1.4988163      6.9380809    
   7750000   0.99779161     6.9482383      1.4965956      6.9345977    
   7760000   0.9971597      6.9526806      1.4956478      6.9393576    
   7770000   0.99622174     6.9452873      1.4942409      6.9317144    
   7780000   0.99703059     6.9581102      1.4954541      6.9446374    
   7790000   0.99672011     6.9529519      1.4949884      6.9372316    
   7800000   1.0016232      6.945427       1.5023426      6.9328983    
   7810000   0.99632286     6.9521749      1.4943926      6.9399951    
   7820000   1.004024       6.9561947      1.5059436      6.9415537    
   7830000   0.99829103     6.9526913      1.4973447      6.9389223    
   7840000   0.99779502     6.9583359      1.4966007      6.9461206    
   7850000   0.98995245     6.943634       1.4848376      6.9307545    
   7860000   1.003591       6.943143       1.5052942      6.9310224    
   7870000   1.0066938      6.9555872      1.5099481      6.9433906    
   7880000   1.0153976      6.9590385      1.5230029      6.945805     
   7890000   1.0047022      6.952752       1.5069608      6.9413331    
   7900000   1.0000493      6.9546874      1.4999819      6.941912     
   7910000   1.0002099      6.9619285      1.5002229      6.9498403    
   7920000   0.99609511     6.9635489      1.494051       6.9481482    
   7930000   1.002496       6.951287       1.5036517      6.939526     
   7940000   1.006716       6.9447291      1.5099813      6.931015     
   7950000   0.99249147     6.9504797      1.4886459      6.9366196    
   7960000   0.99680336     6.9398162      1.4951133      6.9294751    
   7970000   1.001359       6.9458032      1.5019464      6.9317245    
   7980000   1.0062345      6.9448701      1.5092592      6.9309968    
   7990000   1.0003182      6.9580956      1.5003852      6.9447172    
   8000000   0.99843435     6.9559652      1.4975596      6.9419557    
   8010000   0.99289181     6.9536779      1.4892463      6.9389983    
   8020000   1.0053843      6.9506448      1.5079839      6.9389633    
   8030000   0.99487188     6.9688333      1.4922163      6.9533126    
   8040000   1.0043662      6.949111       1.5064569      6.9343216    
   8050000   1.0035122      6.9617661      1.505176       6.948882     
   8060000   1.0082498      6.9580081      1.5122819      6.9440214    
   8070000   1.0082937      6.9489118      1.5123477      6.9345504    
   8080000   0.99931334     6.9514459      1.498878       6.9360821    
   8090000   1.0051331      6.9595259      1.5076071      6.9467896    
   8100000   1.0096709      6.9498634      1.5144134      6.9347491    
   8110000   1.0040311      6.9502839      1.5059543      6.9356337    
   8120000   1.0026272      6.9669888      1.5038485      6.9548742    
   8130000   0.99865685     6.9497359      1.4978934      6.9360536    
   8140000   0.99402304     6.9525014      1.4909431      6.9380776    
   8150000   0.99925425     6.9433619      1.4987894      6.930425     
   8160000   0.99347776     6.9603878      1.4901252      6.9455043    
   8170000   1.0005214      6.9487954      1.50069        6.9359188    
   8180000   0.99732999     6.9425278      1.4959032      6.9292683    
   8190000   0.99930943     6.9467199      1.4988722      6.9323616    
   8200000   1.0048255      6.9443323      1.5071458      6.9306904    
   8210000   0.99580375     6.9556307      1.493614       6.9437714    
   8220000   1.0049634      6.94257        1.5073527      6.9309509    
   8230000   0.99796893     6.9450128      1.4968616      6.9316691    
   8240000   1.0084038      6.9488703      1.5125129      6.9358256    
   8250000   1.0069956      6.9462271      1.5104007      6.9341172    
   8260000   1.003881       6.9553828      1.5057291      6.9423112    
   8270000   1.0020691      6.9522256      1.5030114      6.9397915    
   8280000   0.99877961     6.9460551      1.4980775      6.9322712    
   8290000   0.99133716     6.9505449      1.4869145      6.9347947    
   8300000   0.98555088     6.9429751      1.4782356      6.9313255    
   8310000   0.99817947     6.9331516      1.4971774      6.9218066    
   8320000   0.99493792     6.9498115      1.4923153      6.9380695    
   8330000   1.003563       6.9397376      1.5052522      6.9262802    
   8340000   0.98433844     6.9550797      1.4764171      6.9415747    
   8350000   0.98889708     6.9535652      1.4832546      6.9401246    
   8360000   1.0091065      6.9428889      1.5135669      6.9309545    
   8370000   0.99482085     6.9504762      1.4921397      6.9376984    
   8380000   0.98835694     6.9483248      1.4824445      6.9361551    
   8390000   0.99418351     6.9464495      1.4911838      6.9351639    
   8400000   0.99548022     6.9598587      1.4931287      6.9442873    
   8410000   1.0036912      6.9478497      1.5054445      6.9333562    
   8420000   0.99521706     6.9499747      1.492734       6.936973     
   8430000   0.99820276     6.949336       1.4972123      6.9358824    
   8440000   0.9925451      6.9525467      1.4887263      6.9368366    
   8450000   0.9981928      6.958381       1.4971973      6.9449704    
   8460000   0.999712       6.9645416      1.499476       6.9509194    
   8470000   1.0042873      6.9480472      1.5063385      6.9360402    
   8480000   1.0029912      6.9576105      1.5043945      6.9455119    
   8490000   1.0091507      6.9545119      1.5136331      6.9398589    
   8500000   1.0089043      6.9480933      1.5132636      6.9328954    
   8510000   1.0129607      6.9442503      1.5193478      6.9330428    
   8520000   1.0024072      6.9523699      1.5035186      6.9401999    
   8530000   0.99732136     6.9519426      1.4958903      6.9385803    
   8540000   0.99553441     6.9520998      1.49321        6.9372897    
   8550000   1.0000031      6.9580951      1.4999126      6.9443851    
   8560000   0.99898976     6.9596315      1.4983927      6.944995     
   8570000   1.0021693      6.9570536      1.5031618      6.9438131    
   8580000   0.99540562     6.9457558      1.4930168      6.9339921    
   8590000   1.0057863      6.9485808      1.5085869      6.9352696    
   8600000   1.0028968      6.9459388      1.504253       6.9340577    
   8610000   0.99591032     6.9527788      1.4937738      6.9393074    
   8620000   0.98655062     6.956638       1.4797351      6.94046      
   8630000   0.99494134     6.942311       1.4923204      6.9290771    
   8640000   0.99476853     6.9471172      1.4920612      6.9346178    
   8650000   0.9965911      6.9448213      1.4947949      6.9308684    
   8660000   0.99649879     6.9461719      1.4946565      6.9341351    
   8670000   1.0011568      6.9437727      1.5016431      6.9298703    
   8680000   0.99900421     6.9596506      1.4984144      6.9472917    
   8690000   1.0003729      6.9489172      1.5004673      6.938172     
   8700000   0.99058568     6.9550374      1.4857874      6.9428785    
   8710000   0.9942859      6.9626666      1.4913374      6.9482611    
   8720000   1.005847       6.9525694      1.5086779      6.939053     
   8730000   1.0023179      6.9593259      1.5033846      6.944684     
   8740000   0.99788913     6.9498727      1.4967419      6.9354637    
   8750000   0.99851599     6.9483113      1.4976821      6.9356519    
   8760000   1.0024132      6.9462824      1.5035275      6.9316746    
   8770000   1.0054735      6.9487239      1.5081177      6.9365476    
   8780000   0.9965556      6.9443219      1.4947417      6.9309949    
   8790000   0.99117661     6.9599768      1.4866737      6.9471659    
   8800000   1.002503       6.9513236      1.5036623      6.9397192    
   8810000   0.99297814     6.9729053      1.4893758      6.959636     
   8820000   1.0099122      6.9481626      1.5147754      6.9348519    
   8830000   1.0123094      6.9570591      1.518371       6.9430331    
   8840000   1.0099183      6.9565188      1.5147844      6.9422132    
   8850000   1.0079201      6.9551177      1.5117874      6.9428749    
   8860000   1.0025083      6.9469681      1.5036701      6.9332312    
   8870000   1.0128216      6.9429753      1.5191392      6.9277643    
   8880000   1.0049102      6.956922       1.5072728      6.9423147    
   8890000   1.0069959      6.9496247      1.5104012      6.9355858    
   8900000   0.99959881     6.9548672      1.4993062      6.9402914    
   8910000   0.99806869     6.9445844      1.4970112      6.9311674    
   8920000   0.99445055     6.9544922      1.4915843      6.9419166    
   8930000   0.99156512     6.9547469      1.4872564      6.9429276    
   8940000   0.99752759     6.9607897      1.4961996      6.9470817    
   8950000   1.0141748      6.9548243      1.5211689      6.9426262    
   8960000   0.99554914     6.9675337      1.4932321      6.9536481    
   8970000   1.0002029      6.9592251      1.5002123      6.945632     
   8980000   0.99589318     6.9569713      1.4937481      6.9435025    
   8990000   1.0075391      6.9473439      1.5112159      6.9342581    
   9000000   1.008323       6.9488081      1.5123917      6.9336977    
   9010000   1.0088012      6.9420429      1.513109       6.9287437    
   9020000   1.0101615      6.9393021      1.5151492      6.9245242    
   9030000   0.99746925     6.9492068      1.4961121      6.9346009    
   9040000   1.0015782      6.9504265      1.5022752      6.9384801    
   9050000   1.0045939      6.9455379      1.5067983      6.9321663    
   9060000   0.99881904     6.9534925      1.4981366      6.938848     
   9070000   1.0065433      6.9640201      1.5097224      6.9494742    
   9080000   1.0105577      6.9517743      1.5157436      6.9379455    
   9090000   0.996065       6.9548153      1.4940058      6.9411104    
   9100000   1.0010126      6.9415907      1.5014267      6.9290645    
   9110000   1.001717       6.9372857      1.5024834      6.927027     
   9120000   0.99187574     6.9475848      1.4877223      6.9334257    
   9130000   0.99987682     6.9480125      1.4997232      6.934853     
   9140000   1.0017333      6.9532051      1.5025078      6.9384256    
   9150000   1.0032741      6.957062       1.5048188      6.9431495    
   9160000   1.0004436      6.9616195      1.5005734      6.9478161    
   9170000   0.99658262     6.9573116      1.4947822      6.9466071    
   9180000   1.0029683      6.9499811      1.5043602      6.9376557    
   9190000   1.0029623      6.954429       1.5043512      6.9412712    
   9200000   1.0083158      6.9575692      1.5123809      6.9449398    
   9210000   1.004733       6.9577048      1.5070071      6.941857     
   9220000   1.0037103      6.9559181      1.505473       6.9417582    
   9230000   0.99668873     6.9563382      1.4949414      6.9441219    
   9240000   0.99606752     6.9567459      1.4940096      6.9436871    
   9250000   1.0061834      6.9435104      1.5091825      6.93007      
   9260000   1.0049459      6.9454473      1.5073263      6.9314214    
   9270000   0.99327505     6.9545721      1.4898212      6.9392354    
   9280000   1.0009996      6.9504245      1.5014072      6.9365104    
   9290000   0.98835597     6.9504518      1.482443       6.9378125    
   9300000   0.98962528     6.954689       1.4843469      6.9423553    
   9310000   0.99597593     6.9425335      1.4938722      6.9268668    
   9320000   0.99656438     6.9479493      1.4947549      6.93591      
   9330000   1.0035996      6.9526679      1.505307       6.9392425    
   9340000   1.0034202      6.9464104      1.5050379      6.9335614    
   9350000   0.99251228     6.9574747      1.4886771      6.9431778    
   9360000   0.99484881     6.9559902      1.4921817      6.9420883    
   9370000   0.99610317     6.9568475      1.4940631      6.9448843    
   9380000   0.99759359     6.9655167      1.4962986      6.9526987    
   9390000   1.0023929      6.9616735      1.5034971      6.9469595    
   9400000   1.0028158      6.9506275      1.5041315      6.9371038    
   9410000   0.99465474     6.9510662      1.4918906      6.938548     
   9420000   0.99613293     6.9513488      1.4941077      6.9385252    
   9430000   1.0036166      6.9439535      1.5053326      6.9311609    
   9440000   0.99592716     6.9559339      1.4937991      6.9429284    
   9450000   1.0037783      6.9364722      1.505575       6.9243332    
   9460000   1.0005021      6.9562712      1.5006611      6.9444324    
   9470000   1.00278        6.9484467      1.5040778      6.9367688    
   9480000   0.99632933     6.9466864      1.4944023      6.9354441    
   9490000   1.0059393      6.9435945      1.5088164      6.9322234    
   9500000   0.99786102     6.9477628      1.4966997      6.9371137    
   9510000   1.0016333      6.9608655      1.5023578      6.9462243    
   9520000   0.99999402     6.9518601      1.499899       6.9386748    
   9530000   1.0081798      6.9552295      1.5121769      6.9407606    
   9540000   1.0080654      6.9631073      1.5120053      6.9506995    
   9550000   0.99648982     6.9580613      1.494643       6.9453375    
   9560000   0.99102127     6.9547383      1.4864407      6.9408101    
   9570000   1.0059903      6.9547946      1.5088929      6.9432565    
   9580000   1.0021152      6.9624448      1.5030805      6.9482936    
   9590000   1.0103764      6.9505006      1.5154716      6.9378165    
   9600000   1.0123969      6.9397239      1.5185022      6.9273174    
   9610000   0.99579379     6.9534445      1.493599       6.9407148    
   9620000   0.99494011     6.9532049      1.4923186      6.9379131    
   9630000   0.99906642     6.954728       1.4985077      6.942147     
   9640000   1.0042305      6.9485726      1.5062533      6.9340801    
   9650000   0.99495153     6.9376224      1.4923357      6.9236904    
   9660000   0.98698392     6.9525804      1.4803851      6.9373205    
   9670000   0.9945486      6.9446933      1.4917314      6.9311732    
   9680000   1.0001347      6.9553355      1.50011        6.9410889    
   9690000   0.9963871      6.9406515      1.494489       6.9275511    
   9700000   0.98833902     6.9527752      1.4824176      6.9379937    
   9710000   0.99708275     6.9464065      1.4955324      6.9326033    
   9720000   1.0038369      6.9506119      1.505663       6.9388784    
   9730000   1.005134       6.9558451      1.5076085      6.9433802    
   9740000   1.0090762      6.9413667      1.5135214      6.927985     
   9750000   0.99668819     6.9547456      1.4949406      6.9409321    
   9760000   1.0011359      6.95122        1.5016118      6.9362976    
   9770000   0.99978563     6.9418295      1.4995864      6.9293866    
   9780000   1.0044069      6.9537946      1.506518       6.9400234    
   9790000   0.99550884     6.9476609      1.4931717      6.9330729    
   9800000   0.99677863     6.9566167      1.4950762      6.9435365    
   9810000   0.99552364     6.9513683      1.4931938      6.9361999    
   9820000   1.0053832      6.9452002      1.5079823      6.9338461    
   9830000   0.99680343     6.9570557      1.4951134      6.9457071    
   9840000   1.0046826      6.9587381      1.5069314      6.9469115    
   9850000   1.0002759      6.9488049      1.5003218      6.9355708    
   9860000   0.99756782     6.946198       1.4962599      6.9345429    
   9870000   1.0022531      6.9483155      1.5032874      6.9344932    
   9880000   0.99697926     6.9562125      1.4953771      6.9438611    
   9890000   1.0037421      6.9612304      1.5055207      6.9489217    
   9900000   1.0082794      6.9549032      1.5123264      6.9427189    
   9910000   1.0046776      6.9530218      1.5069239      6.9398825    
   9920000   1.0119961      6.9538358      1.517901       6.9385023    
   9930000   1.0128602      6.9443206      1.5191971      6.9301475    
   9940000   0.99897875     6.94825        1.4983762      6.9338253    
   9950000   1.0005857      6.9513296      1.5007865      6.9399558    
   9960000   0.9944683      6.9580252      1.4916109      6.9448575    
   9970000   1.0127124      6.9542673      1.5189754      6.9418839    
   9980000   1.0052013      6.9644923      1.5077095      6.9521811    
   9990000   1.0040739      6.9472002      1.5060184      6.9337602    
  10000000   0.98904542     6.9494975      1.4834771      6.9393106    
  10010000   1.0068894      6.9554307      1.5102415      6.9422729    
  10020000   0.9985092      6.964128       1.4976719      6.9516774    
  10030000   1.002535       6.9471534      1.5037102      6.935794     
  10040000   1.0064649      6.9524985      1.5096047      6.9376603    
  10050000   1.0040608      6.9485317      1.5059988      6.9348814    
  10060000   1.0011095      6.9597818      1.5015721      6.9481198    
  10070000   1.0067175      6.9512277      1.5099836      6.9363325    
  10080000   1.0027009      6.952621       1.503959       6.937899     
  10090000   1.0080795      6.9655317      1.5120265      6.9541403    
  10100000   1.0128417      6.9540163      1.5191694      6.9405302    
  10110000   1.0050244      6.9467644      1.5074442      6.9344127    
  10120000   0.99142369     6.9559572      1.4870443      6.941567     
  10130000   0.99755201     6.9550758      1.4962362      6.9437054    
  10140000   1.0043377      6.9454205      1.5064142      6.9322597    
  10150000   1.0008359      6.9558712      1.5011617      6.9412317    
  10160000   0.99963476     6.9625209      1.4993601      6.9499227    
  10170000   1.0043504      6.9507203      1.5064332      6.9395532    
  10180000   1.0034793      6.9431169      1.5051266      6.927993     
  10190000   1.0022185      6.9518346      1.5032355      6.9400982    
  10200000   1.0005614      6.9541596      1.5007501      6.9375724    
  10210000   1.0053474      6.9595247      1.5079286      6.9448362    
  10220000   1.0042462      6.9637682      1.5062768      6.9506467    
  10230000   0.99686622     6.9489105      1.4952076      6.9367938    
  10240000   0.99134079     6.9469966      1.48692        6.9358177    
  10250000   1.0053357      6.941411       1.5079111      6.9264586    
  10260000   1.0012963      6.9557866      1.5018523      6.9416945    
  10270000   1.0024236      6.9534036      1.5035431      6.9422872    
  10280000   1.0037175      6.9530584      1.5054839      6.9419294    
  10290000   0.99345059     6.9535667      1.4900845      6.9417123    
  10300000   0.99976605     6.9466398      1.4995571      6.9351617    
  10310000   0.99681523     6.9487872      1.4951311      6.9353944    
  10320000   1.0039264      6.9520717      1.5057973      6.9361277    
  10330000   0.99779579     6.95713        1.4966019      6.9439055    
  10340000   1.0083699      6.950187       1.5124621      6.9363614    
  10350000   1.0009264      6.9494527      1.5012974      6.9373883    
  10360000   1.0020089      6.9601182      1.5029212      6.9477127    
  10370000   1.0049617      6.9491297      1.50735        6.9341518    
  10380000   0.99843698     6.9537097      1.4975636      6.9394581    
  10390000   0.99273433     6.9619125      1.4890101      6.9482049    
  10400000   0.99641949     6.9483876      1.4945375      6.9361979    
  10410000   0.99659657     6.9632351      1.4948031      6.9502257    
  10420000   1.0110094      6.9600263      1.516421       6.9457798    
  10430000   1.0010196      6.9589167      1.5014373      6.9446127    
  10440000   1.0033053      6.9548072      1.5048656      6.9406291    
  10450000   1.0044279      6.9562984      1.5065495      6.9428387    
  10460000   0.99726931     6.9623134      1.4958122      6.947758     
  10470000   1.0008358      6.9587567      1.5011616      6.944642     
  10480000   1.0078181      6.9465635      1.5116345      6.934586     
  10490000   1.0034732      6.9543682      1.5051175      6.9389455    
  10500000   0.99641602     6.9528846      1.4945323      6.9435284    
  10510000   1.0070673      6.9448399      1.5105083      6.9293066    
  10520000   1.0094557      6.9534309      1.5140907      6.9385687    
  10530000   0.9998921      6.9528077      1.4997461      6.941788     
  10540000   0.99733319     6.9530788      1.495908       6.9395041    
  10550000   0.9968346      6.9503915      1.4951602      6.9377522    
  10560000   1.000078       6.951082       1.500025       6.9394502    
  10570000   0.99980547     6.94395        1.4996162      6.9298523    
  10580000   0.99065687     6.95227        1.4858941      6.9383586    
  10590000   1.0056814      6.9434278      1.5084296      6.9274252    
  10600000   0.99969527     6.9551149      1.4994509      6.9425557    
  10610000   0.99301937     6.9547319      1.4894377      6.9405328    
  10620000   1.0048269      6.9436014      1.5071478      6.9318765    
  10630000   1.0042344      6.9530813      1.5062591      6.9389872    
  10640000   1.0033153      6.946832       1.5048805      6.9338034    
  10650000   1.0046273      6.9519796      1.5068485      6.9388374    
  10660000   0.99616239     6.9519584      1.4941519      6.9378552    
  10670000   1.0065973      6.9461954      1.5098033      6.9319653    
  10680000   0.99705469     6.9495594      1.4954903      6.9362447    
  10690000   0.99650762     6.9356769      1.4946697      6.9233303    
  10700000   1.0059854      6.9508886      1.5088856      6.9375761    
  10710000   1.0024913      6.945115       1.5036447      6.9323798    
  10720000   0.99281392     6.9451616      1.4891295      6.9330199    
  10730000   0.99008513     6.9487903      1.4850366      6.9353811    
  10740000   0.9830082      6.9534832      1.4744218      6.9381793    
  10750000   0.99721172     6.949178       1.4957258      6.9346151    
  10760000   1.0039387      6.9531122      1.5058156      6.9405326    
  10770000   0.99712295     6.9570941      1.4955927      6.9444118    
  10780000   1.0063603      6.9546499      1.5094478      6.9414428    
  10790000   1.0145211      6.9545254      1.5216883      6.9417029    
  10800000   1.0014799      6.9600591      1.5021277      6.9465172    
  10810000   1.0031132      6.9567893      1.5045775      6.943954     
  10820000   1.0116063      6.9545286      1.5173164      6.9408418    
  10830000   1.0103453      6.9582507      1.515425       6.9444809    
  10840000   1.0064151      6.9495611      1.50953        6.9345691    
  10850000   1.0043181      6.9475722      1.5063847      6.9334207    
  10860000   1.004865       6.9455885      1.507205       6.932173     
  10870000   1.0028169      6.9512221      1.5041331      6.9379779    
  10880000   1.0041316      6.9522648      1.506105       6.9408981    
  10890000   1.0019007      6.9627102      1.5027589      6.9491687    
  10900000   1.0086256      6.9574023      1.5128456      6.9439715    
  10910000   0.99892859     6.9674798      1.498301       6.9520584    
  10920000   1.0047441      6.9477322      1.5070236      6.935401     
  10930000   0.98915954     6.9496584      1.4836483      6.9343654    
  10940000   1.0026994      6.9407129      1.5039569      6.9272625    
  10950000   1.0015539      6.960748       1.5022387      6.9485182    
  10960000   1.0091235      6.959202       1.5135924      6.946691     
  10970000   1.0005021      6.9616901      1.500661       6.9490456    
  10980000   1.012576       6.9463318      1.5187708      6.9321198    
  10990000   1.0018046      6.9466922      1.5026147      6.9338248    
  11000000   1.0071968      6.9409127      1.5107025      6.927239     
  11010000   1.0006872      6.9542925      1.5009387      6.9428498    
  11020000   1.0037703      6.9553168      1.5055631      6.9388257    
  11030000   0.99466659     6.9497402      1.4919083      6.9366857    
  11040000   0.99194048     6.9603889      1.4878194      6.9483938    
  11050000   1.0058735      6.9555055      1.5087177      6.9413248    
  11060000   1.0156087      6.9558818      1.5233196      6.9469563    
  11070000   1.0157595      6.966155       1.5235458      6.9514679    
  11080000   1.0112938      6.9597883      1.5168476      6.9451952    
  11090000   1.0144107      6.9601128      1.5215227      6.9456604    
  11100000   1.0034452      6.9519835      1.5050755      6.9385934    
  11110000   1.0107364      6.9533422      1.5160115      6.939828     
  11120000   0.9951725      6.9525116      1.4926672      6.9372276    
  11130000   0.99325395     6.9528756      1.4897895      6.9388074    
  11140000   0.9935414      6.95142        1.4902207      6.9361809    
  11150000   1.0074799      6.9386915      1.5111272      6.924446     
  11160000   0.99966413     6.9373048      1.4994042      6.9241365    
  11170000   0.9993363      6.957107       1.4989125      6.9422426    
  11180000   1.0019213      6.9533481      1.5027897      6.938826     
  11190000   0.9953802      6.9544208      1.4929787      6.9405073    
  11200000   1.007393       6.9520699      1.5109968      6.9373226    
  11210000   0.99693516     6.9558704      1.495311       6.9438348    
  11220000   0.99766138     6.9529198      1.4964003      6.938938     
  11230000   0.9975975      6.9366758      1.4963044      6.9225051    
  11240000   0.9927415      6.9497364      1.4890209      6.9373553    
  11250000   0.99743308     6.958643       1.4960578      6.945567     
  11260000   1.0055021      6.9439244      1.5081607      6.9298321    
  11270000   1.0034409      6.9483868      1.505069       6.9353325    
  11280000   1.0025545      6.9489784      1.5037396      6.9357742    
  11290000   1.0030022      6.9515279      1.504411       6.9369228    
  11300000   1.0053395      6.9485293      1.5079168      6.9350952    
  11310000   1.000926       6.9529038      1.5012969      6.9380039    
  11320000   1.0077963      6.9520474      1.5116017      6.9390025    
  11330000   1.0078698      6.9596327      1.5117119      6.9469682    
  11340000   0.99898168     6.965635       1.4983806      6.9521128    
  11350000   1.0069376      6.9502385      1.5103138      6.9373696    
  11360000   1.0003936      6.9494985      1.5004984      6.9346478    
  11370000   1.0134961      6.957167       1.5201508      6.9439848    
  11380000   1.012178       6.965          1.5181738      6.951278     
  11390000   1.0100868      6.9634767      1.5150372      6.9505089    
  11400000   1.0147129      6.9579526      1.521976       6.9427264    
  11410000   1.0046605      6.9600231      1.5068983      6.9468952    
  11420000   0.99376438     6.9575749      1.4905551      6.9441863    
  11430000   0.9965286      6.9486549      1.4947012      6.9379308    
  11440000   0.99426447     6.9486003      1.4913052      6.935254     
  11450000   1.0009282      6.9424861      1.5013002      6.9280978    
  11460000   0.99232727     6.9534601      1.4883996      6.9405147    
  11470000   1.0009077      6.9473449      1.5012695      6.9313615    
  11480000   0.99952136     6.9582831      1.4991901      6.9445953    
  11490000   1.0049589      6.9505827      1.5073459      6.9374722    
  11500000   1.0074224      6.9504929      1.5110409      6.9362128    
  11510000   0.99170075     6.9466972      1.4874599      6.9316036    
  11520000   1.000466       6.9391114      1.5006069      6.9268457    
  11530000   1.0033435      6.9486067      1.5049229      6.9348049    
  11540000   1.0035417      6.956068       1.5052202      6.9421402    
  11550000   0.99538387     6.9552887      1.4929842      6.9417052    
  11560000   1.0030313      6.940027       1.5044546      6.9272778    
  11570000   1.0021433      6.9394156      1.5031227      6.9264308    
  11580000   1.0080268      6.9515047      1.5119474      6.9407384    
  11590000   1.0022134      6.9532634      1.5032279      6.9399142    
  11600000   1.0083073      6.9451144      1.5123681      6.9305548    
  11610000   0.99498755     6.9535652      1.4923898      6.9402129    
  11620000   1.0133556      6.9384299      1.5199401      6.9262791    
  11630000   1.0039606      6.943255       1.5058485      6.9317609    
  11640000   0.99302869     6.9641559      1.4894517      6.9515122    
  11650000   1.001804       6.9539117      1.5026138      6.9411618    
  11660000   1.0058429      6.9516795      1.5086718      6.9381471    
  11670000   1.0084191      6.9642671      1.5125359      6.9518323    
  11680000   1.0105201      6.9564979      1.5156871      6.9424128    
  11690000   1.0034294      6.951559       1.5050518      6.9382834    
  11700000   0.99146987     6.9558797      1.4871136      6.9406722    
  11710000   0.99593689     6.9500549      1.4938137      6.9383646    
  11720000   1.0018394      6.9400082      1.5026669      6.9263872    
  11730000   1.0013342      6.9506876      1.5019091      6.939414     
  11740000   1.0041364      6.9520615      1.5061122      6.9377067    
  11750000   1.0003723      6.9461307      1.5004664      6.9314504    
  11760000   0.99528001     6.9475064      1.4928284      6.93651      
  11770000   0.99252739     6.9521592      1.4886997      6.9376848    
  11780000   0.97738914     6.9566286      1.4659938      6.9438251    
  11790000   1.0018313      6.942734       1.5026547      6.9315492    
  11800000   1.0005913      6.9519835      1.5007948      6.938318     
  11810000   0.99294623     6.9590806      1.489328       6.9466939    
  11820000   0.99718505     6.9495244      1.4956858      6.9374443    
  11830000   0.99655501     6.9504008      1.4947408      6.937813     
  11840000   0.98909225     6.9506123      1.4835474      6.9391082    
  11850000   0.99376096     6.9544646      1.49055        6.9403137    
  11860000   0.99885974     6.9619658      1.4981977      6.9496307    
  11870000   0.99676412     6.9512324      1.4950545      6.9387405    
  11880000   1.0086746      6.9489566      1.5129191      6.9355174    
  11890000   1.0081685      6.9409589      1.51216        6.9279426    
  11900000   1.0009514      6.9535407      1.501335       6.9414015    
  11910000   0.9984436      6.9329928      1.4975735      6.9205686    
  11920000   0.99709009     6.944693       1.4955434      6.9337754    
  11930000   0.99419499     6.9514925      1.491201       6.9366136    
  11940000   0.99695377     6.9540325      1.4953389      6.9425877    
  11950000   0.99001018     6.9677954      1.4849242      6.9531499    
  11960000   0.99585986     6.954592       1.4936981      6.942765     
  11970000   0.99717434     6.9515505      1.4956697      6.9374896    
  11980000   0.99524647     6.9605733      1.4927781      6.9460421    
  11990000   1.0052152      6.9555602      1.5077303      6.9430684    
  12000000   1.0108334      6.9421486      1.5161571      6.9318731    
  12010000   1.0005123      6.9602279      1.5006764      6.9454113    
  12020000   1.0064137      6.9498345      1.5095279      6.9369412    
  12030000   1.0109164      6.9652729      1.5162815      6.9513827    
  12040000   1.0110647      6.9529293      1.5165041      6.9402277    
  12050000   1.0052009      6.954355       1.5077089      6.9410251    
  12060000   1.0023995      6.9594917      1.503507       6.9469706    
  12070000   1.0066103      6.9533953      1.5098228      6.9392158    
  12080000   0.99791022     6.9582933      1.4967735      6.9449167    
  12090000   0.99276877     6.9511122      1.4890618      6.9371896    
  12100000   0.99048182     6.9514932      1.4856316      6.9406646    
  12110000   0.99418919     6.9489383      1.4911923      6.9358901    
  12120000   0.99154534     6.9585036      1.4872268      6.945626     
  12130000   1.0003638      6.9622064      1.5004537      6.9474528    
  12140000   1.0064199      6.9593128      1.5095372      6.9433556    
  12150000   1.0199211      6.9529444      1.5297878      6.938626     
  12160000   0.99892124     6.9642123      1.4982899      6.9488642    
  12170000   1.0132693      6.954125       1.5198107      6.9438326    
  12180000   1.0065323      6.9524081      1.5097059      6.9392841    
  12190000   0.99954586     6.9590245      1.4992268      6.9475603    
  12200000   1.0057284      6.9462409      1.5085001      6.9334792    
  12210000   0.9992965      6.9484033      1.4988528      6.9350681    
  12220000   1.0015743      6.949603       1.5022692      6.9353229    
  12230000   1.0055894      6.9424988      1.5082916      6.9290406    
  12240000   1.0037096      6.9430855      1.5054721      6.9306296    
  12250000   0.98778531     6.9564127      1.4815871      6.9446837    
  12260000   0.9914654      6.9608505      1.4871069      6.9481594    
  12270000   1.004745       6.9492222      1.5070251      6.9370817    
  12280000   0.99825203     6.9366535      1.4972862      6.9249437    
  12290000   0.99646439     6.9422793      1.4946049      6.9312179    
  12300000   0.99725635     6.9519646      1.4957928      6.939202     
  12310000   0.99886191     6.9537062      1.498201       6.938654     
  12320000   0.99788539     6.9633363      1.4967363      6.9506254    
  12330000   1.0029214      6.9620984      1.5042897      6.9491986    
  12340000   1.0009913      6.9610225      1.5013948      6.9450926    
  12350000   1.0081945      6.9494104      1.512199       6.9356169    
  12360000   0.99977621     6.9587105      1.4995723      6.9440187    
  12370000   1.0035908      6.9416862      1.5052938      6.9284123    
  12380000   0.99397252     6.9455344      1.4908673      6.9322075    
  12390000   0.99876785     6.9484089      1.4980599      6.932636     
  12400000   0.99397952     6.9518205      1.4908778      6.935797     
  12410000   1.0038036      6.9467933      1.505613       6.9341457    
  12420000   0.99553286     6.9586027      1.4932077      6.9462142    
  12430000   1.0107719      6.9498223      1.5160649      6.9352639    
  12440000   1.0023245      6.9563415      1.5033945      6.9436256    
  12450000   1.0003376      6.962752       1.5004143      6.94942      
  12460000   1.0058248      6.9558868      1.5086447      6.9415708    
  12470000   1.0000947      6.9570725      1.50005        6.9416739    
  12480000   0.99767591     6.9599997      1.4964221      6.9469129    
  12490000   1.0014946      6.956766       1.5021497      6.9434649    
  12500000   0.99799673     6.9395115      1.4969033      6.9254934    
  12510000   0.99330101     6.9420097      1.4898601      6.9295236    
  12520000   1.0046529      6.950647       1.5068869      6.9383059    
  12530000   1.0028154      6.9489887      1.5041309      6.934332     
  12540000   0.99664522     6.9475028      1.4948761      6.9339568    
  12550000   0.99928097     6.9446081      1.4988295      6.9292871    
  12560000   1.0008084      6.9493054      1.5011205      6.938573     
  12570000   1.0014081      6.9449677      1.5020199      6.9329384    
  12580000   1.0027811      6.9556889      1.5040793      6.9429347    
  12590000   1.001204       6.956285       1.5017139      6.94248      
  12600000   0.99518197     6.9509857      1.4926814      6.9351391    
  12610000   0.99785186     6.9519588      1.496686       6.9386192    
  12620000   1.0084302      6.9469113      1.5125525      6.9349261    
  12630000   1.0090073      6.9512402      1.5134181      6.9385913    
  12640000   0.99941233     6.9665783      1.4990265      6.9520066    
  12650000   1.002202       6.9612887      1.5032108      6.9470726    
  12660000   1.009868       6.9495356      1.5147091      6.93521      
  12670000   1.0038934      6.9477687      1.5057478      6.9336088    
  12680000   1.0018576      6.9523174      1.5026943      6.939936     
  12690000   1.0076104      6.9506463      1.5113229      6.936977     
  12700000   0.99625376     6.9586613      1.494289       6.9452983    
  12710000   1.0020161      6.9615486      1.5029319      6.948628     
  12720000   1.0138187      6.9583654      1.5206347      6.9447752    
  12730000   1.0032084      6.9576898      1.5047203      6.9416156    
  12740000   0.99672637     6.9619995      1.4949978      6.9477145    
  12750000   1.0015496      6.9497988      1.5022322      6.937474     
  12760000   1.0066956      6.9406947      1.5099507      6.9261985    
  12770000   0.99747818     6.9635799      1.4961255      6.950496     
  12780000   1.0080965      6.9597429      1.512052       6.9446305    
  12790000   0.99781533     6.9603398      1.4966312      6.9471523    
  12800000   1.0014908      6.9568707      1.5021441      6.9448203    
  12810000   0.99793212     6.9561954      1.4968063      6.9434709    
  12820000   0.99068839     6.9595457      1.4859414      6.9471594    
  12830000   1.0011615      6.9494296      1.5016501      6.9343364    
  12840000   1.0094772      6.9517255      1.5141229      6.939364     
  12850000   1.0032332      6.9556833      1.5047575      6.9394234    
  12860000   1.0042868      6.9580438      1.5063377      6.9446637    
  12870000   0.99832157     6.9496767      1.4973905      6.9379033    
  12880000   0.99692418     6.9644762      1.4952945      6.9492022    
  12890000   1.0070144      6.9502443      1.5104289      6.9399937    
  12900000   0.99325667     6.9411628      1.4897936      6.9285613    
  12910000   1.0001064      6.9491622      1.5000676      6.9374191    
  12920000   0.99970393     6.9545792      1.4994639      6.9423533    
  12930000   1.0086783      6.9565667      1.5129246      6.9452285    
  12940000   1.0007481      6.9558364      1.50103        6.9412873    
  12950000   1.004407       6.9515759      1.5065181      6.9386089    
  12960000   1.0061896      6.966923       1.5091918      6.9556269    
  12970000   1.0121845      6.9545575      1.5181836      6.9423131    
  12980000   1.015912       6.9575008      1.5237746      6.9441553    
  12990000   1.0049293      6.9512905      1.5073015      6.9363573    
  13000000   0.99007277     6.952429       1.485018       6.9393318    
  13010000   1.0031097      6.9438614      1.5045722      6.9332336    
  13020000   0.99115224     6.9592872      1.4866371      6.9442802    
  13030000   0.99773615     6.947686       1.4965124      6.9342607    
  13040000   0.99736363     6.9566157      1.4959537      6.9426408    
  13050000   1.0035535      6.9693853      1.5052379      6.9543452    
  13060000   1.0044854      6.9537852      1.5066357      6.9405921    
  13070000   0.99192253     6.9567055      1.4877925      6.9447784    
  13080000   1.0033404      6.9490925      1.5049182      6.9365839    
  13090000   1.0005084      6.9498602      1.5006706      6.9388296    
  13100000   0.99733218     6.966343       1.4959065      6.9533572    
  13110000   1.0073162      6.9417224      1.5108817      6.9273414    
  13120000   1.0028573      6.9532257      1.5041937      6.9380632    
  13130000   1.0040274      6.9547796      1.5059487      6.9410879    
  13140000   1.0109271      6.9602606      1.5162976      6.9469572    
  13150000   1.0024293      6.9500904      1.5035518      6.9380878    
  13160000   0.99424411     6.9556525      1.4912747      6.9408535    
  13170000   0.9984428      6.9533797      1.4975723      6.9404797    
  13180000   0.99772679     6.9462771      1.4964984      6.9333097    
  13190000   1.0013234      6.9515927      1.501893       6.9387518    
  13200000   0.9984196      6.9397986      1.4975375      6.926001     
  13210000   0.99451146     6.9547741      1.4916757      6.9426585    
  13220000   0.9942265      6.9505536      1.4912483      6.9344622    
  13230000   1.0013232      6.9602303      1.5018927      6.9482516    
  13240000   1.0072534      6.9638364      1.5107874      6.9508362    
  13250000   1.005319       6.958014       1.507886       6.9418293    
  13260000   0.99695064     6.9549336      1.4953342      6.9389212    
  13270000   0.99342796     6.9561935      1.4900505      6.9430059    
  13280000   0.99969404     6.9527053      1.4994491      6.9378659    
  13290000   0.99675021     6.9499743      1.4950336      6.9353644    
  13300000   0.99057672     6.9514714      1.4857739      6.9362398    
  13310000   0.98881111     6.9558497      1.4831257      6.9400005    
  13320000   0.99481135     6.9524055      1.4921255      6.9363726    
  13330000   1.0049896      6.9525261      1.507392       6.9412602    
  13340000   1.007648       6.9578165      1.5113793      6.9455713    
  13350000   1.0068689      6.956555       1.5102107      6.9431237    
  13360000   1.0018836      6.9527997      1.5027332      6.9394012    
  13370000   0.99769028     6.9522615      1.4964436      6.9386814    
  13380000   1.0049058      6.9508458      1.5072661      6.9380676    
  13390000   1.0049778      6.940716       1.5073743      6.9293886    
  13400000   0.99312387     6.9575988      1.4895944      6.9445669    
  13410000   0.9967044      6.9554534      1.4949649      6.9389361    
  13420000   0.98693305     6.9536095      1.4803088      6.9373621    
  13430000   0.98740586     6.9547339      1.4810179      6.9402761    
  13440000   0.9963023      6.9460834      1.4943618      6.9335726    
  13450000   0.98963514     6.9524387      1.4843616      6.9391012    
  13460000   0.99466573     6.9430914      1.4919071      6.9316926    
  13470000   1.0028191      6.9529683      1.5041364      6.9401928    
  13480000   1.0045841      6.9650148      1.5067838      6.9505625    
  13490000   1.0036228      6.9543905      1.5053418      6.939474     
  13500000   1.0016755      6.9525976      1.5024211      6.9405073    
  13510000   1.009255       6.9507878      1.5137896      6.9394066    
  13520000   1.0010535      6.9534825      1.5014881      6.9393936    
  13530000   0.99306414     6.956151       1.4895048      6.9411727    
  13540000   1.0032433      6.9594667      1.5047726      6.9444478    
  13550000   0.99484595     6.9530406      1.4921774      6.9393544    
  13560000   0.99871324     6.9497948      1.497978       6.9367697    
  13570000   1.0002044      6.9590942      1.5002145      6.9468123    
  13580000   1.0105283      6.9560398      1.5156994      6.9422835    
  13590000   0.99892338     6.9576433      1.4982932      6.9445975    
  13600000   1.0032991      6.9467479      1.5048563      6.9323287    
  13610000   1.0014677      6.9513717      1.5021093      6.9385055    
  13620000   1.0007684      6.9443313      1.5010605      6.9312084    
  13630000   1.0025015      6.9535086      1.5036601      6.9421184    
  13640000   0.99803426     6.9497418      1.4969595      6.9362333    
  13650000   1.0016327      6.9550161      1.5023568      6.9392828    
  13660000   1.0110219      6.9491311      1.5164398      6.9349046    
  13670000   1.0104776      6.9517032      1.5156234      6.9397142    
  13680000   0.99983521     6.9518149      1.4996608      6.9383084    
  13690000   1.0087156      6.9504529      1.5129806      6.9335754    
  13700000   0.99587192     6.9579943      1.4937162      6.9436086    
  13710000   1.0001277      6.9530333      1.5000995      6.9372142    
  13720000   0.9860895      6.9615458      1.4790435      6.9479298    
  13730000   1.0065019      6.9364497      1.5096602      6.9235961    
  13740000   0.99848986     6.9348045      1.4976429      6.9215148    
  13750000   0.9969539      6.9441289      1.4953391      6.9317734    
  13760000   1.007523       6.9483522      1.5111918      6.934447     
  13770000   1.0018887      6.948877       1.5027409      6.9360017    
  13780000   1.0037879      6.9583944      1.5055895      6.9463194    
  13790000   0.99855629     6.9501443      1.4977425      6.9346252    
  13800000   0.99883381     6.9436703      1.4981588      6.931026     
  13810000   1.0118116      6.9401178      1.5176243      6.9257885    
  13820000   1.0154953      6.9438665      1.5231495      6.9324591    
  13830000   1.0009192      6.9534468      1.5012866      6.9415067    
  13840000   0.99840537     6.9586931      1.4975162      6.946125     
  13850000   1.0030036      6.9600808      1.5044131      6.9453971    
  13860000   0.99348901     6.9533315      1.4901421      6.9412777    
  13870000   1.0033661      6.9564921      1.5049568      6.9418666    
  13880000   0.99889238     6.9514094      1.4982466      6.9397455    
  13890000   0.99549283     6.9542872      1.4931476      6.941461     
  13900000   1.0030504      6.9473171      1.5044833      6.9353114    
  13910000   1.0007364      6.9424282      1.5010126      6.9283684    
  13920000   0.99438003     6.9498712      1.4914785      6.9375095    
  13930000   0.99432206     6.9520864      1.4913916      6.9379258    
  13940000   1.0006196      6.9541979      1.5008373      6.938215     
  13950000   0.99317302     6.9474236      1.4896681      6.9334599    
  13960000   0.9985257      6.9547553      1.4976967      6.9430997    
  13970000   1.0015255      6.9472099      1.5021961      6.9336349    
  13980000   1.0065828      6.9504238      1.5097816      6.937054     
  13990000   0.99164426     6.9494979      1.4873751      6.9394255    
  14000000   0.9932281      6.9497712      1.4897508      6.9357581    
  14010000   0.98784648     6.938614       1.4816788      6.9258511    
  14020000   0.9918049      6.9409351      1.4876161      6.9275734    
  14030000   0.99869862     6.9426569      1.497956       6.9313665    
  14040000   0.99828556     6.9595937      1.4973365      6.947727     
  14050000   0.9972816      6.9560287      1.4958306      6.9418334    
  14060000   0.99700749     6.9416644      1.4954195      6.9299094    
  14070000   1.0008085      6.9476412      1.5011206      6.9315751    
  14080000   0.99428348     6.9566791      1.4913337      6.9416059    
  14090000   0.99818906     6.9602024      1.4971917      6.947182     
  14100000   0.98668173     6.9519927      1.4799318      6.9365632    
  14110000   0.99980267     6.9357897      1.499612       6.9223088    
  14120000   0.99954186     6.950193       1.4992208      6.9364834    
  14130000   0.99553749     6.9612794      1.4932146      6.9466138    
  14140000   1.002459       6.958429       1.5035963      6.9459882    
  14150000   1.0115282      6.9584553      1.5171992      6.9450689    
  14160000   1.000904       6.9513749      1.5012639      6.9386437    
  14170000   1.0051181      6.9510609      1.5075846      6.9375163    
  14180000   1.0068638      6.9404814      1.510203       6.9285834    
  14190000   1.0049552      6.9630538      1.5073403      6.948454     
  14200000   0.99383166     6.9610958      1.490656       6.9475959    
  14210000   1.0027262      6.9502458      1.503997       6.9373565    
  14220000   0.99255814     6.9528382      1.4887459      6.9413667    
  14230000   0.99841564     6.951605       1.4975316      6.9384541    
  14240000   0.98885331     6.9534673      1.483189       6.9392398    
  14250000   0.99630923     6.9549786      1.4943722      6.9421457    
  14260000   1.0016057      6.9447838      1.5023163      6.9315303    
  14270000   0.9918209      6.9518526      1.4876401      6.938117     
  14280000   0.99725629     6.95541        1.4957927      6.9405389    
  14290000   1.0024951      6.9543331      1.5036504      6.9406798    
  14300000   1.0009116      6.9490027      1.5012753      6.9354705    
  14310000   1.0133813      6.9460197      1.5199787      6.933148     
  14320000   0.99702526     6.9641994      1.4954461      6.9512101    
  14330000   1.0011272      6.9463956      1.5015987      6.9334919    
  14340000   1.0037932      6.9488547      1.5055974      6.937492     
  14350000   0.99943517     6.9587231      1.4990608      6.945247     
  14360000   1.0050444      6.9480251      1.5074741      6.9315406    
  14370000   0.99537363     6.9622921      1.4929688      6.9490258    
  14380000   0.99192733     6.9496239      1.4877997      6.9349912    
  14390000   1.0064813      6.9588092      1.5096293      6.9454372    
  14400000   0.99317178     6.9593646      1.4896663      6.9484457    
  14410000   1.0055299      6.9460772      1.5082023      6.9322565    
  14420000   1.0006611      6.959431       1.5008995      6.9437084    
  14430000   1.0071459      6.9565898      1.5106262      6.9413346    
  14440000   0.99799219     6.9543035      1.4968964      6.9421713    
  14450000   0.99860933     6.9515613      1.4978221      6.9379429    
  14460000   1.0086436      6.9687394      1.5128727      6.955846     
  14470000   1.0056766      6.9609338      1.5084224      6.9480755    
  14480000   0.99674779     6.9612395      1.49503        6.947138     
  14490000   0.99300555     6.9517442      1.4894169      6.9359568    
  14500000   1.0032841      6.9484724      1.5048338      6.934612     
  14510000   1.0039384      6.9530048      1.5058152      6.937797     
  14520000   1.0031304      6.9542678      1.5046033      6.9405816    
  14530000   0.99586914     6.9455005      1.4937121      6.9299501    
  14540000   1.0040457      6.9515629      1.5059762      6.9398002    
  14550000   1.0009942      6.9574856      1.5013992      6.9451834    
  14560000   0.99931795     6.9533401      1.498885       6.941446     
  14570000   1.0010713      6.9603636      1.5015148      6.9458594    
  14580000   1.0098667      6.9505336      1.5147072      6.9382979    
  14590000   1.0057156      6.9497828      1.5084809      6.9385824    
  14600000   1.01653        6.956089       1.5247015      6.9429309    
  14610000   0.9947659      6.9618233      1.4920573      6.9485218    
  14620000   0.99983856     6.9573526      1.4996658      6.9419404    
  14630000   0.99621274     6.9453588      1.4942274      6.9345492    
  14640000   0.99603634     6.9534674      1.4939628      6.937481     
  14650000   1.0089358      6.9384374      1.5133108      6.926853     
  14660000   1.0010895      6.9517961      1.5015421      6.9363075    
  14670000   1.0091187      6.9521709      1.5135852      6.939911     
  14680000   1.0040851      6.9518466      1.5060352      6.9369813    
  14690000   1.0063171      6.9548485      1.5093831      6.94266      
  14700000   1.0082315      6.9544246      1.5122545      6.9408656    
  14710000   1.0004709      6.9535077      1.5006143      6.9383412    
  14720000   1.000533       6.956892       1.5007074      6.9422981    
  14730000   1.0026461      6.9476422      1.5038769      6.9364663    
  14740000   0.98833888     6.9554976      1.4824174      6.9441543    
  14750000   0.98762855     6.9568171      1.4813519      6.9452902    
  14760000   0.99974615     6.9523949      1.4995272      6.9407463    
  14770000   1.0002522      6.9663192      1.5002863      6.951582     
  14780000   0.99972709     6.9560685      1.4994986      6.9409901    
  14790000   0.99432456     6.9519159      1.4913953      6.9381507    
  14800000   0.99695331     6.9674419      1.4953382      6.9527668    
  14810000   1.0026415      6.9485395      1.5038699      6.9335971    
  14820000   0.99075755     6.9558784      1.4860451      6.9433044    
  14830000   0.99339421     6.9496635      1.4899999      6.9370306    
  14840000   0.98822538     6.9507729      1.4822471      6.9400095    
  14850000   0.99729866     6.9528387      1.4958562      6.9389886    
  14860000   0.99297224     6.9517219      1.489367       6.9365714    
  14870000   0.9956738      6.9446427      1.4934191      6.9307256    
  14880000   0.98712108     6.9510781      1.4805908      6.9359691    
  14890000   0.98557491     6.950586       1.4782717      6.9370962    
  14900000   0.99738745     6.9467909      1.4959894      6.9338873    
  14910000   1.0014716      6.9531092      1.5021152      6.9414097    
  14920000   1.0039851      6.9483187      1.5058853      6.9372553    
  14930000   1.0059283      6.940822       1.5087998      6.9290884    
  14940000   0.99477394     6.9540084      1.4920694      6.9389244    
  14950000   0.98816894     6.9571414      1.4821625      6.942663     
  14960000   0.99343431     6.9501613      1.49006        6.9373347    
  14970000   0.9940856      6.9483405      1.4910369      6.9332297    
  14980000   0.99575822     6.9511492      1.4935457      6.937998     
  14990000   0.99449541     6.9636639      1.4916516      6.9503399    
  15000000   1.0120518      6.9524447      1.5179846      6.9392312    
  15010000   1.0073471      6.9458802      1.5109279      6.9332239    
  15020000   1.0061175      6.9575154      1.5090836      6.9445757    
  15030000   1.0162787      6.9436368      1.5243246      6.9293478    
  15040000   1.0004136      6.9599795      1.5005283      6.9451161    
  15050000   1.0028043      6.9522941      1.5041142      6.9373301    
  15060000   1.0018327      6.9563744      1.5026568      6.9432675    
  15070000   1.0025738      6.9530424      1.5037684      6.9387047    
  15080000   1.0017497      6.9448714      1.5025324      6.9343038    
  15090000   0.98296901     6.9639847      1.4743631      6.9492808    
  15100000   1.0012982      6.9554849      1.5018551      6.9432385    
  15110000   1.0154205      6.9496796      1.5230373      6.9354824    
  15120000   1.0106814      6.9557208      1.5159291      6.9414992    
  15130000   1.009582       6.9727927      1.5142801      6.9572921    
  15140000   0.99897796     6.956784       1.498375       6.9428188    
  15150000   0.99366481     6.9649004      1.4904058      6.9501252    
  15160000   1.0061701      6.9486761      1.5091626      6.9381657    
  15170000   1.0053606      6.9660044      1.5079483      6.953096     
  15180000   1.0058064      6.9543984      1.5086171      6.9390835    
  15190000   1.0112815      6.95151        1.5168292      6.9395752    
  15200000   1.0058297      6.9584293      1.5086521      6.9439126    
  15210000   1.0057875      6.955251       1.5085887      6.9402401    
  15220000   1.0074116      6.9541378      1.5110247      6.9408734    
  15230000   1.0062749      6.9511238      1.5093198      6.9381253    
  15240000   1.0026173      6.9414156      1.5038338      6.9294781    
  15250000   0.99778817     6.956476       1.4965904      6.9439269    
  15260000   0.99803959     6.9478161      1.4969675      6.9342479    
  15270000   0.9968142      6.9532422      1.4951296      6.9406383    
  15280000   1.0034214      6.9428471      1.5050397      6.9283466    
  15290000   1.0055131      6.9483061      1.5081771      6.936071     
  15300000   1.0034858      6.9496726      1.5051364      6.937609     
  15310000   1.009009       6.9426036      1.5134206      6.9300703    
  15320000   0.99480775     6.9680752      1.4921201      6.9549345    
  15330000   0.99318319     6.9516213      1.4896834      6.9389991    
  15340000   0.99116291     6.9516418      1.4866531      6.9405076    
  15350000   1.0015041      6.9561652      1.502164       6.9418528    
  15360000   0.99382371     6.9423776      1.4906441      6.9278806    
  15370000   0.99607003     6.9521677      1.4940134      6.9388217    
  15380000   0.99097161     6.9462892      1.4863662      6.9341793    
  15390000   0.99142399     6.9520679      1.4870448      6.9388963    
  15400000   0.99687728     6.9558007      1.4952242      6.9416266    
  15410000   1.0081254      6.949821       1.5120953      6.9375214    
  15420000   1.0049919      6.9487902      1.5073954      6.9373755    
  15430000   1.007078       6.9504279      1.5105244      6.9375318    
  15440000   1.0051381      6.9491043      1.5076147      6.934872     
  15450000   0.9956305      6.9459816      1.4933541      6.9342033    
  15460000   0.99911945     6.954818       1.4985872      6.9431256    
  15470000   0.98808556     6.9557108      1.4820374      6.9406698    
  15480000   1.0030587      6.9480749      1.5044957      6.9375649    
  15490000   0.99402971     6.9582048      1.4909531      6.9447245    
  15500000   0.99596729     6.9595628      1.4938593      6.9449078    
  15510000   0.99751675     6.9520471      1.4961833      6.9374681    
  15520000   1.0088371      6.9569533      1.5131628      6.9443444    
  15530000   1.0120225      6.9538548      1.5179405      6.9390903    
  15540000   1.0010412      6.9478027      1.5014698      6.9339173    
  15550000   0.99024964     6.9553209      1.4852833      6.9420238    
  15560000   1.0035861      6.9574608      1.5052868      6.9457601    
  15570000   0.99751074     6.954309       1.4961743      6.9409268    
  15580000   0.99215669     6.9616203      1.4881437      6.9481048    
  15590000   1.004054       6.9483833      1.5059886      6.9350034    
  15600000   1.0007525      6.9535229      1.5010367      6.9443141    
  15610000   1.0052096      6.9580501      1.5077219      6.9455497    
  15620000   0.99779921     6.9548368      1.496607       6.9415792    
  15630000   1.0009682      6.9630442      1.5013602      6.9493529    
  15640000   0.99970616     6.9395112      1.4994672      6.9253813    
  15650000   0.99743042     6.9414644      1.4960538      6.9315513    
  15660000   0.98936268     6.9505603      1.483953       6.939881     
  15670000   1.0011134      6.9490084      1.501578       6.9359604    
  15680000   0.99454481     6.9515836      1.4917257      6.9376965    
  15690000   0.99539866     6.9529542      1.4930064      6.9406277    
  15700000   0.99218221     6.962666       1.488182       6.9498736    
  15710000   0.99414325     6.9566068      1.4911234      6.9418454    
  15720000   0.99878616     6.9584025      1.4980873      6.9451776    
  15730000   0.99967043     6.9564948      1.4994136      6.944762     
  15740000   1.0018512      6.9675553      1.5026845      6.9538289    
  15750000   0.98798434     6.9594308      1.4818856      6.9473665    
  15760000   0.99775644     6.9527922      1.4965428      6.9387193    
  15770000   1.0007348      6.9546563      1.5010102      6.9409588    
  15780000   0.98888979     6.9551392      1.4832437      6.9421276    
  15790000   1.0061259      6.9437145      1.5090963      6.9335843    
  15800000   1.0060981      6.9429048      1.5090546      6.9292205    
  15810000   1.0059646      6.9507916      1.5088544      6.9372432    
  15820000   0.9973075      6.9583006      1.4958695      6.9456423    
  15830000   1.0019096      6.954895       1.5027722      6.9408984    
  15840000   1.0119212      6.9508143      1.5177887      6.9367353    
  15850000   1.0061035      6.9552851      1.5090626      6.9428074    
  15860000   1.0039218      6.950663       1.5057904      6.9366236    
  15870000   1.0038318      6.9525248      1.5056553      6.9389046    
  15880000   0.99636998     6.9522423      1.4944633      6.9381884    
  15890000   1.0014992      6.952057       1.5021566      6.9383172    
  15900000   1.0051664      6.9583977      1.5076571      6.9429793    
  15910000   1.0016862      6.9546625      1.5024372      6.9424302    
  15920000   0.99847528     6.9445484      1.497621       6.9316397    
  15930000   1.0051881      6.9459072      1.5076897      6.9333771    
  15940000   1.0054101      6.9420297      1.5080227      6.9291072    
  15950000   0.99640042     6.9513169      1.4945089      6.9364556    
  15960000   1.005713       6.9523772      1.5084769      6.9403693    
  15970000   1.0013332      6.953688       1.5019076      6.9414381    
  15980000   1.0026876      6.9566166      1.5039391      6.9436767    
  15990000   1.0052319      6.9531716      1.5077554      6.9412515    
  16000000   1.0022807      6.9515205      1.5033289      6.9357102    
  16010000   0.99964486     6.9440754      1.4993753      6.9298688    
  16020000   1.0018241      6.9605088      1.502644       6.9458899    
  16030000   1.0003422      6.9645232      1.5004213      6.9513327    
  16040000   1.0024491      6.9540546      1.5035814      6.9402633    
  16050000   1.0043381      6.9455398      1.5064148      6.9314921    
  16060000   1.0009909      6.9593827      1.5013942      6.9435781    
  16070000   0.99952334     6.9523265      1.499193       6.9400497    
  16080000   0.99176247     6.9541308      1.4875524      6.9379422    
  16090000   0.98627789     6.9522969      1.4793261      6.9366885    
  16100000   0.98791268     6.9381744      1.4817781      6.9251616    
  16110000   1.0004355      6.9520373      1.5005611      6.9404129    
  16120000   0.99300977     6.9387841      1.4894233      6.9252547    
  16130000   0.99008109     6.9375009      1.4850305      6.924446     
  16140000   0.9833236      6.9611013      1.4748949      6.9475707    
  16150000   1.0042759      6.9510766      1.5063214      6.9350746    
  16160000   0.99574933     6.9571578      1.4935324      6.9430905    
  16170000   0.99441996     6.951856       1.4915384      6.939142     
  16180000   0.99723207     6.9553798      1.4957563      6.9411327    
  16190000   0.99885914     6.9565175      1.4981968      6.9448437    
  16200000   0.99286544     6.9544786      1.4892068      6.9394626    
  16210000   1.0011722      6.9522272      1.5016661      6.94087      
  16220000   1.0006586      6.9427864      1.5008959      6.9309768    
  16230000   1.0045073      6.9577982      1.5066685      6.9442402    
  16240000   0.9984534      6.9513442      1.4975882      6.939309     
  16250000   0.98493729     6.9649186      1.4773153      6.9528238    
  16260000   0.99258158     6.9494896      1.488781       6.9372023    
  16270000   0.99616598     6.9492336      1.4941573      6.9371095    
  16280000   0.99503669     6.9462588      1.4924635      6.9344225    
  16290000   0.99405849     6.9473311      1.4909963      6.9327233    
  16300000   0.99253084     6.9563888      1.4887049      6.9420503    
  16310000   1.0003504      6.946537       1.5004336      6.9308658    
  16320000   1.005227       6.9574152      1.507748       6.9427933    
  16330000   1.0061006      6.9529775      1.5090583      6.9407123    
  16340000   0.9961531      6.9490972      1.494138       6.9350232    
  16350000   0.99519149     6.9590926      1.4926957      6.9440454    
  16360000   1.0064567      6.9535374      1.5095924      6.9406768    
  16370000   1.0010838      6.9615781      1.5015335      6.9498673    
  16380000   0.99806965     6.9522892      1.4970126      6.9384624    
  16390000   0.99768798     6.9501129      1.4964402      6.9347704    
  16400000   0.99662007     6.9661283      1.4948384      6.9515638    
  16410000   1.0188892      6.9456746      1.52824        6.9339209    
  16420000   1.0127222      6.9463694      1.5189902      6.9305771    
  16430000   1.0040831      6.969211       1.5060322      6.9551798    
  16440000   0.99773154     6.969652       1.4965055      6.956098     
  16450000   1.0060123      6.9614918      1.5089258      6.9471252    
  16460000   1.0093626      6.9512897      1.513951       6.9367318    
  16470000   1.0064847      6.9670316      1.5096345      6.9532999    
  16480000   0.99643796     6.9633302      1.4945652      6.9482342    
  16490000   1.0027486      6.9584112      1.5040306      6.9467272    
  16500000   0.9971918      6.9496003      1.4956959      6.9364663    
  16510000   0.98950145     6.9529209      1.4841611      6.9382188    
  16520000   0.99821277     6.9484697      1.4972273      6.934114     
  16530000   0.99350806     6.9517767      1.4901707      6.9405831    
  16540000   0.99759857     6.9458365      1.496306       6.9322775    
  16550000   0.98924386     6.9491177      1.4837748      6.9346734    
  16560000   0.98853997     6.964222       1.482719       6.9508855    
  16570000   1.0003192      6.9480642      1.5003867      6.9343761    
  16580000   1.0054855      6.9563882      1.5081358      6.9431859    
  16590000   1.0032279      6.9560348      1.5047495      6.9429204    
  16600000   1.0066426      6.9487481      1.5098713      6.9365764    
  16610000   1.0116133      6.9545276      1.5173268      6.9422513    
  16620000   0.99681484     6.961349       1.4951305      6.9472148    
  16630000   1.0051585      6.9585261      1.5076453      6.9456333    
  16640000   1.0132525      6.9586871      1.5197855      6.9452938    
  16650000   0.99961189     6.957117       1.4993258      6.9426359    
  16660000   0.99419162     6.9593414      1.4911959      6.94523      
  16670000   1.0084214      6.9568028      1.5125392      6.941701     
  16680000   0.99071611     6.9553817      1.485983       6.9429116    
  16690000   1.0010245      6.9428208      1.5014446      6.9289348    
  16700000   0.99727307     6.9536856      1.4958178      6.9415509    
  16710000   0.98957132     6.9576726      1.4842659      6.9433765    
  16720000   0.99336872     6.9527774      1.4899617      6.9392955    
  16730000   1.0071681      6.9529348      1.5106594      6.9418534    
  16740000   1.0011713      6.9467308      1.5016649      6.9352645    
  16750000   0.99395637     6.9440348      1.4908431      6.9328952    
  16760000   0.99753593     6.958244       1.4962121      6.9447892    
  16770000   0.99919047     6.9474181      1.4986938      6.9329418    
  16780000   1.0031852      6.9508665      1.5046855      6.9361715    
  16790000   0.99956167     6.9620862      1.4992505      6.9484954    
  16800000   0.99924681     6.9560721      1.4987783      6.9425265    
  16810000   1.003719       6.9545233      1.5054861      6.9400471    
  16820000   0.99990188     6.9628814      1.4997608      6.9488532    
  16830000   1.0071617      6.9594811      1.5106498      6.9471738    
  16840000   1.0019106      6.9656728      1.5027737      6.953068     
  16850000   1.0074539      6.952596       1.5110881      6.9389596    
  16860000   0.99709501     6.9539028      1.4955508      6.9384435    
  16870000   0.99775931     6.9424348      1.4965471      6.9284375    
  16880000   0.99734804     6.9480196      1.4959303      6.9358385    
  16890000   0.99783291     6.9602091      1.4966575      6.9488362    
  16900000   0.99600227     6.9424376      1.4939117      6.9306232    
  16910000   1.0003922      6.9576252      1.5004963      6.9421879    
  16920000   0.99756995     6.9597995      1.4962631      6.9465149    
  16930000   0.99708016     6.9444067      1.4955285      6.9306676    
  16940000   1.0092906      6.9403496      1.513843       6.9266904    
  16950000   1.0025217      6.9492498      1.5036903      6.9359394    
  16960000   1.0018607      6.9551063      1.5026989      6.9397259    
  16970000   0.99881433     6.9406008      1.4981296      6.9278269    
  16980000   1.0038312      6.9463378      1.5056545      6.9341962    
  16990000   0.99800127     6.9648821      1.4969101      6.9525779    
  17000000   0.99351443     6.9551125      1.4901802      6.9407196    
  17010000   1.0001858      6.9551146      1.5001866      6.9426879    
  17020000   1.0014233      6.9526465      1.5020429      6.9362443    
  17030000   0.9983236      6.9601304      1.4973935      6.9473822    
  17040000   0.9994971      6.9503972      1.4991537      6.9380105    
  17050000   0.99613103     6.9630429      1.4941049      6.9491128    
  17060000   0.99914461     6.9427822      1.498625       6.930972     
  17070000   0.98466138     6.942432       1.4769015      6.9297059    
  17080000   0.99546315     6.9587736      1.4931031      6.9462146    
  17090000   0.99210263     6.9468839      1.4880626      6.9348636    
  17100000   1.0045099      6.9469897      1.5066724      6.9336629    
  17110000   0.99424124     6.9348194      1.4912704      6.9239615    
  17120000   0.9936468      6.9507355      1.4903788      6.9381544    
  17130000   0.98701539     6.9580315      1.4804323      6.9442891    
  17140000   0.98746472     6.9581888      1.4811062      6.9437652    
  17150000   0.98405118     6.9471824      1.4759862      6.9336197    
  17160000   0.99606849     6.9411744      1.4940111      6.9273788    
  17170000   0.99010207     6.9472895      1.485062       6.9327179    
  17180000   0.9907097      6.9473586      1.4859734      6.9338991    
  17190000   0.99658982     6.9474855      1.494793       6.9359308    
  17200000   0.99460781     6.9448075      1.4918202      6.9314804    
  17210000   0.98977655     6.9502592      1.4845737      6.9383575    
  17220000   1.0011528      6.9474146      1.501637       6.9355995    
  17230000   0.99076926     6.9621471      1.4860627      6.952002     
  17240000   0.99029667     6.9466284      1.4853539      6.9337075    
  17250000   0.98622372     6.9573776      1.4792448      6.9456181    
  17260000   0.9959814      6.9505843      1.4938804      6.9385386    
  17270000   0.98374688     6.9475508      1.4755298      6.9354788    
  17280000   0.99646993     6.9468524      1.4946132      6.9346717    
  17290000   1.0078145      6.9618108      1.511629       6.9471634    
  17300000   0.99526004     6.9462893      1.4927985      6.9344226    
  17310000   1.0156566      6.945922       1.5233915      6.9337709    
  17320000   1.0090551      6.9464349      1.5134898      6.9322605    
  17330000   1.0013873      6.9574024      1.5019889      6.9445396    
  17340000   0.99952146     6.9675666      1.4991902      6.9552366    
  17350000   1.0064956      6.9541896      1.5096508      6.9422701    
  17360000   1.0071895      6.958777       1.5106915      6.9438674    
  17370000   1.0009654      6.9563237      1.501356       6.9442553    
  17380000   0.99478973     6.9557508      1.492093       6.9416089    
  17390000   0.9943437      6.9510247      1.491424       6.9376566    
  17400000   1.0016872      6.9462159      1.5024386      6.931793     
  17410000   0.99193194     6.9480151      1.4878066      6.9341997    
  17420000   1.0069151      6.93859        1.5102799      6.9249561    
  17430000   0.99047496     6.9538677      1.4856213      6.9425348    
  17440000   1.0003809      6.9522844      1.5004792      6.9372818    
  17450000   0.98934104     6.9485874      1.4839205      6.9341612    
  17460000   0.99022683     6.9496946      1.4852491      6.9352722    
  17470000   1.0012298      6.9432255      1.5017526      6.9299818    
  17480000   0.99147523     6.9481628      1.4871216      6.9345813    
  17490000   0.98774653     6.9499073      1.4815289      6.9372463    
  17500000   1.0013143      6.9525365      1.5018794      6.9392394    
  17510000   1.0002795      6.9578145      1.5003271      6.945067     
  17520000   0.98580286     6.9518622      1.4786136      6.9387589    
  17530000   0.99565993     6.9572133      1.4933983      6.9440428    
  17540000   0.99753793     6.9567462      1.4962151      6.9448428    
  17550000   0.99877999     6.9534521      1.4980781      6.9408808    
  17560000   0.99466806     6.9617859      1.4919106      6.9468718    
  17570000   0.99984119     6.9553481      1.4996698      6.9410468    
  17580000   1.0007283      6.9552693      1.5010003      6.9423895    
  17590000   0.99306183     6.9469494      1.4895014      6.932816     
  17600000   0.99910368     6.9558442      1.4985636      6.9416624    
  17610000   1.0063401      6.9549186      1.5094176      6.9431245    
  17620000   1.0103682      6.9550545      1.5154592      6.9389311    
  17630000   1.0079766      6.9622767      1.5118721      6.9479364    
  17640000   1.005143       6.95454        1.507622       6.9396985    
  17650000   1.0004396      6.9574158      1.5005673      6.9420035    
  17660000   0.99281723     6.9566521      1.4891345      6.944509     
  17670000   0.99218436     6.9560729      1.4881852      6.9418613    
  17680000   0.9982897      6.9488483      1.4973427      6.9351799    
  17690000   0.99942887     6.9456219      1.4990513      6.9341087    
  17700000   0.99621633     6.9361476      1.4942328      6.9224678    
  17710000   0.98967063     6.9540631      1.4844149      6.942999     
  17720000   0.99293203     6.9504286      1.4893067      6.9373889    
  17730000   1.0039017      6.946238       1.5057601      6.9334449    
  17740000   1.0028961      6.9580229      1.5042518      6.9453165    
  17750000   0.99187003     6.9701342      1.4877138      6.9569314    
  17760000   0.99509207     6.9501171      1.4925465      6.9374899    
  17770000   1.0011558      6.9540936      1.5016415      6.9403241    
  17780000   0.99598067     6.953447       1.4938793      6.9396733    
  17790000   0.9901248      6.9403507      1.4850961      6.9281398    
  17800000   0.99227674     6.948473       1.4883238      6.936578     
  17810000   0.99340803     6.9551513      1.4900206      6.9403273    
  17820000   0.99305383     6.9519734      1.4894894      6.9387003    
  17830000   0.9880702      6.9548245      1.4820144      6.9413218    
  17840000   1.0039293      6.9545349      1.5058016      6.940132     
  17850000   1.0062699      6.9546693      1.5093123      6.9398167    
  17860000   1.0002239      6.9531378      1.5002438      6.9390963    
  17870000   0.99922558     6.9510397      1.4987464      6.9387425    
  17880000   0.99338009     6.9474059      1.4899787      6.9362631    
  17890000   0.9875325      6.9429159      1.4812079      6.9312785    
  17900000   0.98917739     6.9405909      1.4836751      6.9284631    
  17910000   1.0043327      6.9438448      1.5064066      6.9339125    
  17920000   0.99869332     6.9522755      1.4979481      6.9373965    
  17930000   1.0044496      6.9557994      1.506582       6.9422455    
  17940000   1.0071532      6.946767       1.5106372      6.9339462    
  17950000   1.0136225      6.935895       1.5203404      6.9231109    
  17960000   0.99972781     6.9474427      1.4994997      6.9332878    
  17970000   1.0099965      6.9526383      1.5149019      6.9385647    
  17980000   1.0104904      6.9420528      1.5156427      6.9293966    
  17990000   1.0059697      6.9521787      1.5088619      6.9377325    
  18000000   1.006026       6.9438104      1.5089464      6.9302361    
  18010000   1.0067654      6.9580085      1.5100554      6.9448614    
  18020000   1.0078413      6.9479263      1.5116692      6.9350879    
  18030000   1.0045409      6.9465962      1.5067189      6.9336383    
  18040000   1.0007784      6.9600629      1.5010755      6.9451567    
  18050000   1.0021994      6.9582568      1.5032069      6.9470912    
  18060000   1.0097014      6.9463828      1.5144592      6.934496     
  18070000   1.0096166      6.960158       1.514332       6.9446621    
  18080000   1.0072702      6.9509644      1.5108125      6.9385717    
  18090000   0.99456253     6.9499752      1.4917523      6.9381213    
  18100000   0.99906874     6.9643506      1.4985112      6.949281     
  18110000   0.98821764     6.9458028      1.4822355      6.9330817    
  18120000   0.98429012     6.9491326      1.4763446      6.9350074    
  18130000   0.99239887     6.9529173      1.488507       6.9373285    
  18140000   0.99301124     6.9470604      1.4894255      6.9340459    
  18150000   0.990679       6.9415262      1.4859273      6.9287231    
  18160000   0.99345814     6.9511816      1.4900958      6.9382686    
  18170000   0.99345695     6.9480521      1.490094       6.9368095    
  18180000   1.0054068      6.9437103      1.5080177      6.9303202    
  18190000   0.99647711     6.9556767      1.494624       6.9410266    
  18200000   0.99810637     6.945195       1.4970677      6.9324615    
  18210000   0.99005266     6.9553632      1.4849879      6.9400713    
  18220000   0.99429707     6.9512407      1.4913541      6.9362179    
  18230000   1.0006875      6.9522303      1.5009392      6.9377289    
  18240000   1.0035196      6.9524195      1.505187       6.9383367    
  18250000   1.0032718      6.9510344      1.5048153      6.9375935    
  18260000   1.004208       6.9467741      1.5062196      6.9338128    
  18270000   0.99649798     6.9598816      1.4946553      6.947548     
  18280000   1.0004569      6.9589877      1.5005933      6.9459399    
  18290000   0.99824442     6.9623328      1.4972748      6.9471491    
  18300000   1.0118716      6.9464425      1.5177143      6.9337394    
  18310000   0.99803914     6.9532231      1.4969669      6.9398841    
  18320000   0.99307434     6.9525777      1.4895201      6.9420403    
  18330000   0.99621285     6.9600956      1.4942276      6.9474755    
  18340000   0.99084635     6.9531437      1.4861783      6.9384654    
  18350000   0.9944636      6.9465205      1.4916039      6.9345256    
  18360000   0.99832065     6.9466665      1.4973891      6.9358904    
  18370000   0.98852815     6.9594274      1.4827012      6.944586     
  18380000   0.9843336      6.9390915      1.4764098      6.9265581    
  18390000   0.99125492     6.9429802      1.4867912      6.9295794    
  18400000   1.0028883      6.9541451      1.5042402      6.9422781    
  18410000   1.0008484      6.9468912      1.5011805      6.9357498    
  18420000   0.99758802     6.9422367      1.4962902      6.9276708    
  18430000   1.0041454      6.9546604      1.5061257      6.9413501    
  18440000   0.99943743     6.9589777      1.4990642      6.9439464    
  18450000   1.0108646      6.9507543      1.5162038      6.9377309    
  18460000   1.0078137      6.9410744      1.5116278      6.9263323    
  18470000   0.99758567     6.9586808      1.4962867      6.9452696    
  18480000   1.0037411      6.9540732      1.5055194      6.942137     
  18490000   1.0045691      6.9516885      1.5067612      6.9358764    
  18500000   1.0057032      6.9425383      1.5084622      6.9297128    
  18510000   0.99351094     6.9534325      1.490175       6.9381265    
  18520000   0.9927016      6.9436388      1.488961       6.9296879    
  18530000   0.99786381     6.9473234      1.4967039      6.9340699    
  18540000   0.99479914     6.9476111      1.4921072      6.9339376    
  18550000   0.99560717     6.9417761      1.4933191      6.9289044    
  18560000   0.99029368     6.9458103      1.4853494      6.9340674    
  18570000   0.98980616     6.9549002      1.4846182      6.9422662    
  18580000   0.99414842     6.9588791      1.4911312      6.9463246    
  18590000   0.99175683     6.9620563      1.487544       6.9500173    
  18600000   0.99839608     6.9529394      1.4975022      6.9395369    
  18610000   1.0122012      6.9477062      1.5182087      6.9334159    
  18620000   0.99460351     6.9544554      1.4918137      6.9388825    
  18630000   0.99581097     6.9498439      1.4936248      6.9354849    
  18640000   0.99865032     6.9530615      1.4978836      6.9395116    
  18650000   0.99516252     6.9571677      1.4926522      6.9463325    
  18660000   0.99546323     6.9583176      1.4931032      6.9444099    
  18670000   1.0023137      6.9524985      1.5033783      6.9378428    
  18680000   0.99808938     6.9550777      1.4970422      6.9399358    
  18690000   0.99374986     6.9517309      1.4905333      6.939303     
  18700000   0.99095066     6.9399557      1.4863348      6.9274614    
  18710000   0.99087828     6.9365056      1.4862262      6.922021     
  18720000   0.98620237     6.952152       1.4792128      6.9382037    
  18730000   0.98783597     6.9449947      1.4816631      6.9297634    
  18740000   0.98652451     6.9560041      1.479696       6.9440801    
  18750000   0.99835249     6.9515982      1.4974369      6.9389435    
  18760000   1.0034545      6.9501286      1.5050894      6.9378821    
  18770000   1.0028127      6.9501637      1.5041268      6.9380837    
  18780000   0.99645639     6.9613566      1.4945929      6.9474237    
  18790000   0.99817869     6.942881       1.4971762      6.9279552    
  18800000   1.0067506      6.9482356      1.5100333      6.933454     
  18810000   0.99831768     6.9541633      1.4973847      6.9412112    
  18820000   1.0050858      6.9614289      1.5075363      6.9466725    
  18830000   1.0008471      6.9487383      1.5011786      6.9343439    
  18840000   0.99375582     6.9522362      1.4905423      6.9382985    
  18850000   0.99577971     6.9497463      1.4935779      6.9340757    
  18860000   1.0170496      6.9353049      1.5254809      6.9211826    
  18870000   1.0015833      6.9461143      1.5022828      6.9332015    
  18880000   0.99666387     6.9492954      1.4949041      6.9368636    
  18890000   0.9887993      6.9433766      1.483108       6.9300023    
  18900000   0.99247219     6.9485614      1.4886169      6.9332816    
  18910000   1.0039716      6.9509772      1.505865       6.9356965    
  18920000   0.99869673     6.9582801      1.4979532      6.9448902    
  18930000   1.0025597      6.9456622      1.5037472      6.9324222    
  18940000   0.99418581     6.9464144      1.4911872      6.9313471    
  18950000   1.0058182      6.9444488      1.5086348      6.9314124    
  18960000   0.98218667     6.9417535      1.4731896      6.9296891    
  18970000   0.98690943     6.9494694      1.4802733      6.9332711    
  18980000   0.99879947     6.9387227      1.4981073      6.9276513    
  18990000   1.0025041      6.9445774      1.5036639      6.9312712    
  19000000   1.0040069      6.9601405      1.5059179      6.9477851    
  19010000   1.0051918      6.9543301      1.5076952      6.9376658    
  19020000   1.0067521      6.9625947      1.5100355      6.9485217    
  19030000   0.99866438     6.9539997      1.4979047      6.941339     
  19040000   0.99524002     6.941496       1.4927684      6.9295352    
  19050000   1.0007656      6.9512736      1.5010563      6.9389179    
  19060000   0.9990172      6.9521475      1.4984339      6.9376168    
  19070000   1.0034216      6.9525171      1.5050401      6.9391354    
  19080000   1.0027342      6.94913        1.504009       6.9336927    
  19090000   1.0032395      6.9644155      1.504767       6.9510041    
  19100000   1.0075506      6.9583838      1.5112332      6.9421099    
  19110000   1.0156445      6.9603347      1.5233733      6.9470158    
  19120000   1.0032197      6.9623965      1.5047372      6.9485964    
  19130000   0.99892592     6.9620387      1.498297       6.9484569    
  19140000   1.0145689      6.9543393      1.52176        6.9398628    
  19150000   0.99661593     6.9630172      1.4948322      6.9483049    
  19160000   1.0051017      6.951417       1.50756        6.9398588    
  19170000   1.0017234      6.9514962      1.5024929      6.9395671    
  19180000   1.0024519      6.9519253      1.5035856      6.9368469    
  19190000   0.99809996     6.9467062      1.4970581      6.9358751    
  19200000   1.0009154      6.9561915      1.501281       6.940325     
  19210000   0.99856886     6.9448443      1.4977614      6.9310979    
  19220000   0.99493279     6.9587964      1.4923076      6.9458927    
  19230000   1.0055791      6.9547172      1.5082761      6.9414428    
  19240000   1.0003884      6.9575333      1.5004906      6.9419563    
  19250000   0.99713041     6.9457219      1.4956039      6.9331657    
  19260000   1.0028182      6.948183       1.504135       6.9379288    
  19270000   1.0005276      6.9548089      1.5006993      6.9419946    
  19280000   1.002155       6.9512304      1.5031402      6.9379032    
  19290000   0.99731488     6.9627552      1.4958805      6.9489262    
  19300000   1.0016134      6.9571884      1.5023279      6.9444088    
  19310000   1.0026003      6.9436638      1.5038081      6.929099     
  19320000   0.99641613     6.9491654      1.4945325      6.9359286    
  19330000   0.98501214     6.9676564      1.4774276      6.9522387    
  19340000   1.0019906      6.9557887      1.5028936      6.9445126    
  19350000   0.99838247     6.9574646      1.4974818      6.9468335    
  19360000   1.0002744      6.9501418      1.5003195      6.9372212    
  19370000   1.0052886      6.9476694      1.5078404      6.9330798    
  19380000   1.0066286      6.9583107      1.5098502      6.9446586    
  19390000   1.0020366      6.9613023      1.5029627      6.9476956    
  19400000   1.002002       6.9450747      1.5029108      6.9314055    
  19410000   0.99784533     6.9542755      1.4966762      6.9432673    
  19420000   1.0060059      6.9465534      1.5089163      6.9320625    
  19430000   0.99939153     6.9581522      1.4989953      6.9434296    
  19440000   1.0036714      6.939652       1.5054148      6.9267652    
  19450000   0.99349253     6.9553867      1.4901474      6.9405698    
  19460000   0.9946927      6.9574561      1.4919475      6.9428253    
  19470000   1.0108355      6.9665443      1.5161603      6.9503662    
  19480000   1.0059761      6.9597947      1.5088716      6.9451653    
  19490000   1.011987       6.96668        1.5178873      6.9523067    
  19500000   1.015662       6.9646876      1.5233995      6.9488594    
  19510000   1.0058724      6.9700686      1.508716       6.9563319    
  19520000   1.0096508      6.9641377      1.5143832      6.9487707    
  19530000   1.0092555      6.9550329      1.5137903      6.9430492    
  19540000   1.0069172      6.955442       1.5102831      6.9415827    
  19550000   0.99820801     6.960239       1.4972202      6.9471697    
  19560000   0.99563055     6.9507896      1.4933542      6.938614     
  19570000   0.99441571     6.9455714      1.4915321      6.9308511    
  19580000   0.99983304     6.948811       1.4996576      6.9355247    
  19590000   1.0025421      6.9495615      1.5037209      6.9367495    
  19600000   0.99525325     6.9476645      1.4927883      6.9306795    
  19610000   0.9946047      6.9526522      1.4918155      6.9395524    
  19620000   0.9870623      6.9562126      1.4805026      6.9420051    
  19630000   0.99877213     6.9651993      1.4980663      6.95007      
  19640000   1.0032882      6.948364       1.50484        6.9389181    
  19650000   1.0054361      6.9405844      1.5080616      6.928519     
  19660000   1.0061734      6.9452676      1.5091675      6.9295236    
  19670000   1.0101232      6.9507933      1.5150918      6.9373861    
  19680000   1.0071278      6.9497833      1.510599       6.9369727    
  19690000   1.0045541      6.951216       1.5067387      6.936243     
  19700000   0.99241434     6.9496859      1.4885302      6.935989     
  19710000   0.99755527     6.9537907      1.4962411      6.9425334    
  19720000   1.0045954      6.9431094      1.5068006      6.9300803    
  19730000   0.99933757     6.9471707      1.4989144      6.9364859    
  19740000   1.0057393      6.948668       1.5085164      6.9357373    
  19750000   0.9868634      6.9522975      1.4802043      6.940019     
  19760000   0.99692148     6.9539859      1.4952905      6.9393893    
  19770000   0.99916755     6.962584       1.4986594      6.9477363    
  19780000   0.99767398     6.9477098      1.4964192      6.9350018    
  19790000   1.0088113      6.9496366      1.5131242      6.937895     
  19800000   0.99224325     6.9558602      1.4882736      6.9422302    
  19810000   0.99725489     6.9419481      1.4957906      6.9303139    
  19820000   0.99736602     6.9525763      1.4959572      6.9378754    
  19830000   0.98924405     6.9582863      1.483775       6.9438943    
  19840000   0.98910573     6.9488882      1.4835676      6.9356275    
  19850000   0.99192427     6.9558639      1.4877951      6.9423775    
  19860000   0.98990337     6.9474049      1.484764       6.9343359    
  19870000   0.99279514     6.9503837      1.4891013      6.9372177    
  19880000   0.98649809     6.9444971      1.4796564      6.929302     
  19890000   0.98619727     6.935817       1.4792052      6.924182     
  19900000   0.99143309     6.9408993      1.4870584      6.9295893    
  19910000   0.99820697     6.9450889      1.4972186      6.9330791    
  19920000   0.99853428     6.9579522      1.4977095      6.9453734    
  19930000   1.0025211      6.9540709      1.5036894      6.9428368    
  19940000   0.99149215     6.9642174      1.487147       6.9477101    
  19950000   1.000156       6.9622151      1.5001419      6.9495953    
  19960000   0.99791439     6.9548428      1.4967797      6.9389916    
  19970000   0.99624778     6.9521309      1.49428        6.9387775    
  19980000   1.0041844      6.9513948      1.5061843      6.935914     
  19990000   1.0163701      6.9493915      1.5244616      6.9359719    
  20000000   1.0024837      6.9645169      1.5036334      6.9526588    
  20010000   1.00864        6.9656566      1.5128672      6.9518594    
  20020000   1.0117133      6.9550945      1.5174769      6.9422995    
  20030000   0.98987462     6.9620976      1.4847208      6.9455149    
  20040000   0.99253484     6.9450902      1.4887109      6.9321947    
  20050000   0.99027461     6.958222       1.4853208      6.9467404    
  20060000   0.99633205     6.9494504      1.4944064      6.9361893    
  20070000   0.99577091     6.9479472      1.4935647      6.9335319    
  20080000   0.98969581     6.9452286      1.4844526      6.9293042    
  20090000   0.98955115     6.9509962      1.4842357      6.9404765    
  20100000   0.9775803      6.9498294      1.4662805      6.9373078    
  20110000   0.9979419      6.9454216      1.496821       6.9320645    
Loop time of 72383.3 on 1 procs for 20000000 steps with 16300 atoms

Performance: 119364.511 tau/day, 276.307 timesteps/s
87.4% CPU use with 1 MPI tasks x 1 OpenMP threads

MPI task timing breakdown:
Section |  min time  |  avg time  |  max time  |%varavg| %total
---------------------------------------------------------------
Pair    | 7198.4     | 7198.4     | 7198.4     |   0.0 |  9.94
Bond    | 7858.1     | 7858.1     | 7858.1     |   0.0 | 10.86
Neigh   | 30827      | 30827      | 30827      |   0.0 | 42.59
Comm    | 1895.1     | 1895.1     | 1895.1     |   0.0 |  2.62
Output  | 12.241     | 12.241     | 12.241     |   0.0 |  0.02
Modify  | 23552      | 23552      | 23552      |   0.0 | 32.54
Other   |            | 1041       |            |       |  1.44

Nlocal:          16300 ave       16300 max       16300 min
Histogram: 1 0 0 0 0 0 0 0 0 0
Nghost:           5049 ave        5049 max        5049 min
Histogram: 1 0 0 0 0 0 0 0 0 0
Neighs:          15541 ave       15541 max       15541 min
Histogram: 1 0 0 0 0 0 0 0 0 0

Total # of neighbors = 15541
Ave neighs/atom = 0.95343558
Ave special neighs/atom = 1.9141104
Neighbor list builds = 1804228
Dangerous builds = 297935


write_data data*.xyz
System init for write_data ...
Generated 0 of 1 mixed pair_coeff terms from geometric mixing rule
WARNING: Not all mixed pair coeffs generated from mixing. Use write_data with 'pair ij' option to store all pair coeffs. (src/write_data.cpp:309)
write_restart 	restart.polymer_ring
System init for write_restart ...
Generated 0 of 1 mixed pair_coeff terms from geometric mixing rule

print "ALL done"
ALL done
Total wall time: 20:06:47
4
