
pair_style      lj/cut 4.0
pair_modify     shift yes
read_restart    prod.restart1
Reading restart file ...
  restart file = 23 Jun 2022, LAMMPS = 23 Jun 2022
  restoring atom style bond from restart
  orthogonal box = (-40 -40 -35) to (40 40 35)
  1 by 1 by 1 MPI processor grid
  restoring pair style lj/cut from restart
  restoring bond style fene from restart
  30000 atoms
  28800 bonds
Finding 1-2 1-3 1-4 neighbors ...
  special bond factors lj:    0        1        1       
  special bond factors coul:  0        1        1       
     2 = max # of 1-2 neighbors
     6 = max # of special neighbors
  special bonds CPU = 0.005 seconds
  read_restart CPU = 0.012 seconds

bond_style      fene
special_bonds   fene
bond_coeff      1 10.0 2.0 1.0 1.0

group polymerA type 1
15000 atoms in group polymerA
group polymerB type 2
15000 atoms in group polymerB
group receptorC type 3
0 atoms in group receptorC
group receptorD type 4
0 atoms in group receptorD
group polymer union polymerA polymerB
30000 atoms in group polymer
group ligand union receptorC receptorD
0 atoms in group ligand

# Polymer-Polymer
pair_coeff 1 1 0.5 1.0 2.5      # A-A
pair_coeff 2 2 0.5 1.0 2.5      # B-B
pair_coeff 1 2 0.5 1.0 2.5   # A-B

# Polymer-Receptor
pair_coeff 1 3 50.0 1.0 4.0     # A-C
pair_coeff 1 4 50.0 1.0 1.1225  # A-D
pair_coeff 2 3 50.0 1.0 1.1225  # B-C
pair_coeff 2 4 50.0 1.0 4.0     # B-D

# Receptor-Receptor
pair_coeff 3 3 1.0 1.0 1.1225
pair_coeff 4 4 1.0 1.0 1.1225
pair_coeff 3 4 1.0 1.0 1.1225

neighbor        1.0 bin

region upper_box block -40 40 -40 40 32.2 34.8
create_atoms 3 random 204 998273 upper_box   # receptor C
Created 204 atoms
  using lattice units in orthogonal box = (-40 -40 -35) to (40 40 35)
  create_atoms CPU = 0.000 seconds
create_atoms 4 random 204 123456 upper_box   # receptor D
Created 204 atoms
  using lattice units in orthogonal box = (-40 -40 -35) to (40 40 35)
  create_atoms CPU = 0.000 seconds

group receptorC type 3
204 atoms in group receptorC
group receptorD type 4
204 atoms in group receptorD
group ligand union receptorC receptorD
408 atoms in group ligand

fix wall_poly polymer wall/lj126 zlo -32 1.0 1.0 1.1225 zhi 32 1.0 1.0 1.1225

fix wall_lig ligand wall/lj126 zlo 32 1.0 1.0 1.1225 zhi 35 1.0 1.0 1.1225

#minimize 1.0e-4 1.0e-6 100 1000

fix 3 all nve/limit 0.01
run 10000
Generated 0 of 6 mixed pair_coeff terms from geometric mixing rule
Neighbor list info ...
  update every 1 steps, delay 10 steps, check yes
  max neighbors/atom: 2000, page size: 100000
  master list distance cutoff = 5
  ghost atom cutoff = 5
  binsize = 2.5, bins = 32 32 28
  1 neighbor lists, perpetual/occasional/extra = 1 0 0
  (1) pair lj/cut, perpetual
      attributes: half, newton on
      pair build: half/bin/newton
      stencil: half/bin/3d
      bin: standard
Per MPI rank memory allocation (min/avg/max) = 23.05 | 23.05 | 23.05 Mbytes
   Step          Temp          E_pair         E_mol          TotEng         Press     
     20000   0.98265849     5715.3939      7.9810611      5724.8489      1554.0868    
     30000   0.23965109    -2.3958937      6.3813865      4.3449576     -0.0014817466 
Loop time of 234.974 on 1 procs for 10000 steps with 30408 atoms

Performance: 18384.991 tau/day, 42.558 timesteps/s
100.0% CPU use with 1 MPI tasks x 1 OpenMP threads

MPI task timing breakdown:
Section |  min time  |  avg time  |  max time  |%varavg| %total
---------------------------------------------------------------
Pair    | 204.63     | 204.63     | 204.63     |   0.0 | 87.09
Bond    | 6.1582     | 6.1582     | 6.1582     |   0.0 |  2.62
Neigh   | 18.579     | 18.579     | 18.579     |   0.0 |  7.91
Comm    | 0.21274    | 0.21274    | 0.21274    |   0.0 |  0.09
Output  | 0.00018852 | 0.00018852 | 0.00018852 |   0.0 |  0.00
Modify  | 4.4219     | 4.4219     | 4.4219     |   0.0 |  1.88
Other   |            | 0.9706     |            |       |  0.41

Nlocal:          30408 ave       30408 max       30408 min
Histogram: 1 0 0 0 0 0 0 0 0 0
Nghost:            681 ave         681 max         681 min
Histogram: 1 0 0 0 0 0 0 0 0 0
Neighs:    2.11424e+06 ave 2.11424e+06 max 2.11424e+06 min
Histogram: 1 0 0 0 0 0 0 0 0 0

Total # of neighbors = 2114245
Ave neighs/atom = 69.529236
Ave special neighs/atom = 1.8942384
Neighbor list builds = 199
Dangerous builds = 0
unfix 3

fix 3 all nve
fix 4 all langevin 1 1 1.0 90428

thermo_style    custom step temp pe ke ebond
thermo_modify   flush yes
thermo          10000
timestep        0.005

dump 1 all custom 50000 file_trajectory.bin id type x y z xu yu zu vx vy vz

restart 100000 prod.restart2 prod.restart3
run 20000000
Generated 0 of 6 mixed pair_coeff terms from geometric mixing rule
Per MPI rank memory allocation (min/avg/max) = 23.22 | 23.22 | 23.22 Mbytes
   Step          Temp          PotEng         KinEng         E_bond    
     30000   0.23965109     3.9854928      0.35946481     6.3813865    
     40000   0.99483181     5.7606744      1.4921986      6.828604     
     50000   0.98915913     5.8092242      1.4836899      6.8349958    
     60000   1.008179       5.8142303      1.5122188      6.8306065    
     70000   1.003653       5.8158641      1.50543        6.8332646    
     80000   1.0006571      5.8104646      1.5009362      6.8336891    
     90000   0.99776316     5.8145292      1.4965955      6.8311214    
    100000   0.998257       5.8364981      1.4973363      6.8408008    
    110000   1.0001301      5.8197067      1.5001458      6.824553     
    120000   0.99107679     5.8154598      1.4865663      6.8294211    
    130000   0.99289851     5.8161268      1.4892988      6.8348954    
    140000   0.99803119     5.8017735      1.4969976      6.829769     
    150000   1.005087       5.8213921      1.507581       6.8307765    
    160000   1.0016185      5.818658       1.5023783      6.8342232    
    170000   0.99395307     5.7972909      1.4908806      6.8268143    
    180000   0.99401381     5.7882627      1.4909717      6.8273583    
    190000   1.0104624      5.7855931      1.5156438      6.8262044    
    200000   1.0012425      5.7741958      1.5018143      6.8287824    
    210000   0.99799092     5.7814303      1.4969372      6.8329622    
    220000   1.0016654      5.7672678      1.5024487      6.8307734    
    230000   1.0045087      5.777342       1.5067135      6.8287328    
    240000   1.0007805      5.790803       1.5011213      6.8379365    
    250000   0.9952935      5.7607072      1.4928912      6.8277963    
    260000   1.0002307      5.750466       1.5002968      6.8205807    
    270000   0.99153149     5.7629026      1.4872483      6.8318695    
    280000   0.99603792     5.7607752      1.4940078      6.8335352    
    290000   0.9945456      5.7625679      1.4917693      6.8402207    
    300000   1.0022529      5.7518273      1.5033299      6.83375      
    310000   1.0002169      5.7466256      1.5002761      6.8291116    
    320000   1.0047984      5.7649865      1.507148       6.8390188    
    330000   0.99967863     5.746057       1.4994686      6.827362     
    340000   0.99427431     5.7471728      1.4913624      6.829934     
    350000   0.99780346     5.7588185      1.496656       6.8318889    
    360000   1.0005268      5.7455971      1.5007408      6.8257797    
    370000   0.99488623     5.7427338      1.4922803      6.8302586    
    380000   0.99370714     5.7424742      1.4905117      6.832886     
    390000   1.002408       5.7373238      1.5035626      6.8393709    
    400000   1.0031817      5.7327585      1.5047231      6.8334484    
    410000   0.9969011      5.7213023      1.4953025      6.8204681    
    420000   0.99747715     5.7271318      1.4961665      6.8306281    
    430000   0.99521453     5.7201313      1.4927727      6.8232554    
    440000   0.99580865     5.7304388      1.4936638      6.8303851    
    450000   1.0003117      5.7184499      1.5004182      6.8259442    
    460000   1.0048586      5.7268389      1.5072384      6.8272016    
    470000   0.99478752     5.730946       1.4921322      6.8366045    
    480000   1.0033097      5.7389875      1.5049151      6.836073     
    490000   1.0039621      5.7378306      1.5058937      6.8322633    
    500000   1.0004176      5.720498       1.5005771      6.8274151    
    510000   0.99496795     5.7134595      1.4924028      6.8342083    
    520000   0.99637399     5.7192888      1.4945118      6.8309862    
    530000   1.0034031      5.720185       1.5050552      6.8340584    
    540000   0.99849243     5.7075015      1.4976894      6.8371794    
    550000   0.99309109     5.7128279      1.4895877      6.8267357    
    560000   1.0062891      5.7111239      1.509384       6.8243456    
    570000   0.99681656     5.7041245      1.4951757      6.82775      
    580000   1.0056608      5.717985       1.5084415      6.8359702    
    590000   0.99809625     5.7041679      1.4970951      6.8293272    
    600000   1.0051572      5.7122944      1.5076862      6.838072     
    610000   1.0111431      5.7136866      1.5166647      6.8295223    
    620000   0.99843108     5.701          1.4975974      6.8357534    
    630000   1.0000098      5.7098565      1.4999654      6.8326445    
    640000   1.009811       5.7157151      1.5146667      6.8347371    
    650000   1.0057642      5.7101199      1.5085967      6.8347424    
    660000   0.99635911     5.6940124      1.4944895      6.8274578    
    670000   1.0040839      5.6883293      1.5060764      6.8273551    
    680000   1.0028038      5.7000887      1.5041563      6.8304964    
    690000   0.99903311     5.7093157      1.4985004      6.8223153    
    700000   0.99871946     5.6994544      1.4980299      6.8371362    
    710000   0.99846915     5.6934203      1.4976545      6.8287592    
    720000   1.0007472      5.6957146      1.5010714      6.829309     
    730000   1.0055239      5.6990636      1.5082363      6.8237795    
    740000   1.003876       5.6979894      1.5057645      6.8205023    
    750000   1.0037302      5.7093023      1.5055458      6.8341268    
    760000   0.99738484     5.7016054      1.4960281      6.8288609    
    770000   0.99985684     5.6839995      1.4997359      6.8291083    
    780000   1.0025443      5.687224       1.503767       6.8288716    
    790000   0.98854941     5.6943037      1.4827754      6.8346148    
    800000   0.99891593     5.6748783      1.4983246      6.8238365    
    810000   1.0034362      5.684652       1.5051048      6.8309569    
    820000   1.0029462      5.6821033      1.5043698      6.8264945    
    830000   1.0002576      5.6888928      1.500337       6.8334624    
    840000   0.99184601     5.6858467      1.4877201      6.8342185    
    850000   1.0041398      5.6860857      1.5061601      6.8319934    
    860000   0.99934135     5.683845       1.4989627      6.8223677    
    870000   0.9990338      5.6729577      1.4985014      6.823412     
    880000   0.99340315     5.6848466      1.4900557      6.8323759    
    890000   1.007039       5.690098       1.5105089      6.8290352    
    900000   0.99612969     5.6891139      1.4941454      6.8310397    
    910000   0.99989206     5.6743609      1.4997888      6.82696      
    920000   0.99280466     5.6884895      1.489158       6.8369699    
    930000   1.0026887      5.6854733      1.5039836      6.8268844    
    940000   1.0026204      5.6863932      1.5038811      6.8341997    
    950000   1.0001746      5.6731061      1.5002125      6.8217378    
    960000   0.99938064     5.6825023      1.4990217      6.8236163    
    970000   1.0021552      5.6863214      1.5031834      6.8346406    
    980000   1.0015736      5.670366       1.5023111      6.8287211    
    990000   1.0034673      5.6946141      1.5051514      6.8324238    
   1000000   0.99579951     5.6816291      1.4936501      6.8266915    
   1010000   0.99885516     5.6743831      1.4982335      6.8281121    
   1020000   0.99924106     5.6749797      1.4988123      6.8236165    
   1030000   0.99053119     5.6879548      1.4857479      6.8294464    
   1040000   1.0006948      5.6784566      1.5009929      6.8345016    
   1050000   0.99624545     5.6888464      1.494319       6.833272     
   1060000   0.99706143     5.6909752      1.495543       6.8350084    
   1070000   0.98997949     5.6790661      1.4849204      6.8367852    
   1080000   0.99705613     5.6657142      1.495535       6.8263692    
   1090000   1.0049376      5.6749015      1.5073568      6.8325219    
   1100000   1.0082617      5.686296       1.5123428      6.8311528    
   1110000   1.0015785      5.6738976      1.5023184      6.8292108    
   1120000   1.0044667      5.6706642      1.5066505      6.8383813    
   1130000   1.0014056      5.668786       1.502059       6.8219223    
   1140000   1.0031421      5.6790662      1.5046637      6.8285765    
   1150000   0.99643294     5.6880698      1.4946003      6.8347754    
   1160000   1.0086303      5.6745925      1.5128957      6.8271875    
   1170000   0.99787473     5.6823535      1.4967629      6.8255168    
   1180000   0.99971182     5.6973691      1.4995184      6.831863     
   1190000   0.99448261     5.6887063      1.4916749      6.8329379    
   1200000   1.0030972      5.6876183      1.5045963      6.8346583    
   1210000   1.0042134      5.6908026      1.5062705      6.8290923    
   1220000   1.0061391      5.7004161      1.5091591      6.8250345    
   1230000   1.0061208      5.6926882      1.5091316      6.8334153    
   1240000   0.9991745      5.671186       1.4987125      6.8266495    
   1250000   1.0041766      5.6907368      1.5062153      6.8342349    
   1260000   0.99333297     5.677571       1.4899505      6.8275779    
   1270000   1.0021387      5.6937877      1.5031586      6.8324511    
   1280000   1.0092169      5.6738896      1.5137755      6.8287831    
   1290000   0.99458231     5.6797588      1.4918244      6.8301634    
   1300000   0.99989195     5.6824724      1.4997886      6.8330897    
   1310000   1.0025349      5.6755948      1.5037528      6.8260403    
   1320000   1.0026355      5.6780094      1.5039038      6.82933      
   1330000   0.99793713     5.6969782      1.4968565      6.8397117    
   1340000   0.99012188     5.6839498      1.485134       6.8327764    
   1350000   1.0001204      5.6777479      1.5001313      6.8289187    
   1360000   0.9973049      5.6655277      1.4959081      6.823852     
   1370000   0.99979408     5.6675179      1.4996418      6.8233883    
   1380000   1.0027555      5.6655407      1.5040837      6.8233555    
   1390000   1.0010862      5.666543       1.5015799      6.8245474    
   1400000   0.98896022     5.6666042      1.4833915      6.8281719    
   1410000   1.0000802      5.6821737      1.500071       6.8341856    
   1420000   1.005438       5.6752884      1.5081073      6.8298256    
   1430000   0.99503834     5.6731652      1.4925084      6.8266109    
   1440000   0.99783909     5.6790793      1.4967094      6.8282679    
   1450000   1.0069353      5.6706338      1.5103532      6.826358     
   1460000   1.0122833      5.6723181      1.5183749      6.8290047    
   1470000   1.0053882      5.6652881      1.5080328      6.8280839    
   1480000   1.0046074      5.6694785      1.5068616      6.8286785    
   1490000   1.0015767      5.6837821      1.5023157      6.8356844    
   1500000   1.000991       5.6634933      1.5014371      6.8201658    
   1510000   1.005136       5.6533217      1.5076544      6.8242853    
   1520000   0.99389891     5.6480228      1.4907993      6.8175569    
   1530000   0.99892972     5.6606026      1.4983453      6.8254682    
   1540000   0.9945818      5.6846528      1.4918236      6.8362711    
   1550000   0.99407615     5.6887055      1.4910652      6.8351295    
   1560000   1.0000521      5.6685602      1.5000288      6.8270599    
   1570000   1.0077648      5.6710179      1.5115974      6.8236033    
   1580000   1.0009366      5.6658625      1.5013556      6.8256295    
   1590000   1.0010443      5.6611072      1.501517       6.8210817    
   1600000   0.99419362     5.6776733      1.4912414      6.8345147    
   1610000   0.99965042     5.6839004      1.4994263      6.8364299    
   1620000   0.99904694     5.6765342      1.4985211      6.8295655    
   1630000   0.99675553     5.6853484      1.4950841      6.832844     
   1640000   0.99672193     5.6720973      1.4950337      6.8363425    
   1650000   0.99517834     5.6697222      1.4927184      6.8295335    
   1660000   0.99942338     5.6808135      1.4990858      6.8339027    
   1670000   0.99714611     5.6748681      1.49567        6.8262352    
   1680000   1.0069021      5.676983       1.5103035      6.8352038    
   1690000   1.0080396      5.6649211      1.5120097      6.8356207    
   1700000   0.99881699     5.6708233      1.4981762      6.8263796    
   1710000   1.004417       5.6830052      1.506576       6.8343684    
   1720000   0.98963465     5.6755543      1.4844032      6.8319469    
   1730000   1.0059519      5.6845604      1.5088782      6.8273517    
   1740000   1.0034232      5.688361       1.5050853      6.8293933    
   1750000   0.99962355     5.6903796      1.499386       6.8359958    
   1760000   0.99452131     5.6938482      1.4917329      6.8310576    
   1770000   0.99063919     5.689659       1.4859099      6.8299466    
   1780000   0.99500886     5.6957059      1.4924642      6.8294303    
   1790000   1.0030661      5.6900173      1.5045497      6.8357743    
   1800000   1.0020555      5.6805372      1.5030338      6.8276277    
   1810000   1.0044644      5.7024657      1.5066471      6.835576     
   1820000   1.0006562      5.6881116      1.5009349      6.823734     
   1830000   0.99453307     5.693354       1.4917506      6.8350696    
   1840000   0.99801714     5.7072521      1.4969765      6.834631     
   1850000   0.99990335     5.6868245      1.4998057      6.8266916    
   1860000   1.0023876      5.6868934      1.503532       6.8315439    
   1870000   1.0012108      5.6848922      1.5017668      6.833348     
   1880000   1.0050925      5.673606       1.5075891      6.8303325    
   1890000   0.9980908      5.6866552      1.497087       6.8319608    
   1900000   1.0005706      5.6867585      1.5008066      6.8402759    
   1910000   1.0104205      5.6751153      1.5155809      6.8358965    
   1920000   1.0047589      5.6738311      1.5070888      6.8275049    
   1930000   0.99201628     5.6780811      1.4879755      6.8285939    
   1940000   0.99627843     5.6842742      1.4943685      6.8372053    
   1950000   0.99773585     5.6760559      1.4965546      6.8230802    
   1960000   0.99199052     5.7017723      1.4879368      6.835109     
   1970000   0.9984152      5.6781131      1.4975735      6.8353519    
   1980000   1.0025931      5.6748501      1.5038402      6.8343558    
   1990000   1.0027659      5.6839152      1.5040994      6.8242479    
   2000000   0.99048756     5.7006117      1.4856825      6.8456399    
   2010000   0.99905318     5.6954178      1.4985305      6.8378473    
   2020000   0.99097154     5.6911272      1.4864084      6.826181     
   2030000   1.0025099      5.6968175      1.5037155      6.8394159    
   2040000   0.98935998     5.6804945      1.4839912      6.8301834    
   2050000   0.99785087     5.6816441      1.4967271      6.8269193    
   2060000   1.0023211      5.6940772      1.5034321      6.8368112    
   2070000   1.0042121      5.6805364      1.5062687      6.8314104    
   2080000   1.0009005      5.691844       1.5013014      6.8379851    
   2090000   1.0003725      5.6698619      1.5005094      6.8340479    
   2100000   0.99137374     5.6794663      1.4870117      6.8323418    
   2110000   1.0037241      5.6835542      1.5055366      6.8327651    
   2120000   0.99879579     5.6809729      1.4981444      6.8284594    
   2130000   1.005415       5.6596003      1.5080729      6.8261578    
   2140000   0.99446309     5.6684167      1.4916456      6.822653     
   2150000   0.99786216     5.6748038      1.496744       6.832197     
   2160000   1.0075746      5.6572694      1.5113121      6.8307406    
   2170000   1.0126035      5.6592689      1.5188553      6.825503     
   2180000   1.0064069      5.6655293      1.5095607      6.8423213    
   2190000   0.9991752      5.6554587      1.4987135      6.826259     
   2200000   0.99582898     5.6639807      1.4936944      6.8280284    
   2210000   0.99936107     5.6605187      1.4989923      6.8226201    
   2220000   1.0065206      5.6610868      1.5097313      6.8354699    
   2230000   0.98807146     5.661279       1.4820584      6.83111      
   2240000   0.99944922     5.667122       1.4991245      6.8342433    
   2250000   1.0011787      5.6838253      1.5017186      6.8362485    
   2260000   0.99083695     5.6817741      1.4862065      6.8326967    
   2270000   0.9942526      5.6680983      1.4913298      6.8268148    
   2280000   1.0053998      5.6695859      1.5080501      6.8244812    
   2290000   1.0029373      5.692309       1.5043565      6.8297553    
   2300000   0.99775357     5.6879062      1.4965811      6.8397289    
   2310000   1.0018878      5.673977       1.5027823      6.8206538    
   2320000   0.99816564     5.6767711      1.4971992      6.8283609    
   2330000   1.0003721      5.6821711      1.5005087      6.8384228    
   2340000   1.000756       5.6884136      1.5010846      6.8377344    
   2350000   1.0142233      5.6718739      1.5212849      6.8369148    
   2360000   0.99540699     5.6779027      1.4930614      6.8309601    
   2370000   0.99858092     5.6806434      1.4978221      6.8335722    
   2380000   1.0043494      5.7002836      1.5064745      6.8338432    
   2390000   0.99818183     5.6820762      1.4972235      6.834324     
   2400000   0.99643841     5.6791031      1.4946085      6.8365395    
   2410000   1.0064689      5.6775841      1.5096537      6.829243     
   2420000   1.0042035      5.6857341      1.5062557      6.8291488    
   2430000   1.0087455      5.6659755      1.5130685      6.82897      
   2440000   0.9964885      5.6740179      1.4946836      6.8316092    
   2450000   0.99731875     5.6818834      1.4959289      6.8280562    
   2460000   1.0021516      5.6812697      1.5031779      6.8265026    
   2470000   0.99799249     5.6847345      1.4969395      6.8294388    
   2480000   0.99788229     5.6663777      1.4967742      6.8191237    
   2490000   1.0042251      5.6887371      1.5062881      6.8400465    
   2500000   1.000147       5.6865009      1.5001711      6.8310807    
   2510000   0.99884081     5.6600349      1.4982119      6.8253776    
   2520000   1.0011589      5.6851535      1.501689       6.8346009    
   2530000   1.0017697      5.6717701      1.5026051      6.8269482    
   2540000   0.99888244     5.6790819      1.4982744      6.8322169    
   2550000   1.0011373      5.6730931      1.5016566      6.8276525    
   2560000   1.0115757      5.6711818      1.5173136      6.8261449    
   2570000   1.008455       5.6768141      1.5126328      6.8305357    
   2580000   1.0016905      5.6673137      1.5024863      6.8175983    
   2590000   0.98985481     5.6870963      1.4847334      6.8285723    
   2600000   1.0024609      5.6715651      1.5036419      6.8282485    
   2610000   0.99918795     5.7100044      1.4987326      6.840909     
   2620000   0.99898404     5.6953496      1.4984268      6.8336826    
   2630000   1.0102215      5.6881796      1.5152823      6.8299583    
   2640000   1.0033205      5.6864176      1.5049312      6.8324606    
   2650000   1.0020583      5.683486       1.503038       6.8317919    
   2660000   1.0045355      5.67517        1.5067537      6.8195337    
   2670000   0.9996413      5.6914209      1.4994126      6.8304938    
   2680000   0.99601208     5.6731633      1.493969       6.823352     
   2690000   0.99831714     5.684149       1.4974265      6.8310418    
   2700000   0.99757216     5.6875574      1.496309       6.8299538    
   2710000   1.0133691      5.6932019      1.5200037      6.8331723    
   2720000   0.99054698     5.6834257      1.4857716      6.8329272    
   2730000   0.99353868     5.6748576      1.490259       6.8311715    
   2740000   0.99543413     5.675017       1.4931021      6.8313627    
   2750000   0.99660862     5.6737158      1.4948638      6.8321043    
   2760000   0.98951309     5.6841177      1.4842208      6.827177     
   2770000   0.99909534     5.6680474      1.4985937      6.8325024    
   2780000   0.99270544     5.6791463      1.4890092      6.8311801    
   2790000   1.0040672      5.694286       1.5060512      6.8378948    
   2800000   0.99973108     5.68518        1.4995473      6.8324325    
   2810000   1.0006158      5.6861711      1.5008744      6.8330402    
   2820000   1.0027097      5.6674248      1.5040151      6.8253305    
   2830000   0.99645074     5.6826215      1.4946269      6.8324618    
   2840000   1.0044816      5.6894567      1.5066728      6.8399541    
   2850000   1.0002132      5.6837611      1.5002705      6.8327011    
   2860000   0.99791325     5.671036       1.4968207      6.8275195    
   2870000   1.0037127      5.6685897      1.5055195      6.8304166    
   2880000   0.99917017     5.6729221      1.498706       6.8321691    
   2890000   1.0014476      5.6753485      1.502122       6.8226753    
   2900000   1.0049105      5.6797721      1.5073161      6.8262674    
   2910000   1.0029947      5.6825319      1.5044425      6.8259943    
   2920000   1.0026603      5.6870876      1.5039409      6.8316944    
   2930000   1.0033667      5.687416       1.5050006      6.8272779    
   2940000   0.98785671     5.7017206      1.4817363      6.8287118    
   2950000   0.99745595     5.6788925      1.4961347      6.8242277    
   2960000   0.99911372     5.6903906      1.4986213      6.8291941    
   2970000   1.0055732      5.6762712      1.5083101      6.8309555    
   2980000   0.99798489     5.6690616      1.4969281      6.8291767    
   2990000   0.99085618     5.689769       1.4862354      6.8292777    
   3000000   1.006614       5.6911898      1.5098714      6.8288887    
   3010000   0.99807934     5.6825349      1.4970698      6.8260667    
   3020000   1.0019917      5.6728844      1.5029382      6.8240476    
   3030000   1.0062915      5.6644152      1.5093876      6.8218392    
   3040000   1.0016608      5.6849996      1.5024418      6.8364883    
   3050000   0.99946149     5.6905577      1.4991429      6.8342642    
   3060000   1.0040692      5.6827333      1.5060542      6.8292373    
   3070000   1.0000083      5.6862926      1.4999631      6.8246679    
   3080000   1.001223       5.6870007      1.5017851      6.8323549    
   3090000   0.99772664     5.6799642      1.4965407      6.8300932    
   3100000   1.0055701      5.6888451      1.5083055      6.8313237    
   3110000   1.0022958      5.7087037      1.5033943      6.8382118    
   3120000   1.0099757      5.6637327      1.5149138      6.8180688    
   3130000   1.0020153      5.6849238      1.5029735      6.8252033    
   3140000   0.993915       5.6946872      1.4908235      6.8370019    
   3150000   1.0065654      5.684675       1.5097985      6.8309682    
   3160000   0.99995447     5.6787268      1.4998824      6.8245281    
   3170000   0.99473532     5.6816731      1.4920539      6.8255372    
   3180000   0.99722151     5.6873301      1.4957831      6.8330291    
   3190000   1.0003064      5.6896279      1.5004103      6.8316971    
   3200000   1.0032757      5.6812206      1.504864       6.8302329    
   3210000   0.9936086      5.6854655      1.4903639      6.8234015    
   3220000   1.0017424      5.6988099      1.5025641      6.8311791    
   3230000   1.0000532      5.684371       1.5000305      6.8212924    
   3240000   1.0069133      5.6878714      1.5103203      6.8382568    
   3250000   1.0020217      5.6843856      1.5029831      6.8322891    
   3260000   1.0036882      5.6736236      1.5054828      6.8281094    
   3270000   1.0049524      5.6898463      1.5073791      6.8255375    
   3280000   0.99532179     5.6885527      1.4929336      6.8264188    
   3290000   1.0013904      5.6754786      1.5020363      6.8303738    
   3300000   0.99996838     5.6782423      1.4999032      6.8233315    
   3310000   0.99589759     5.6911605      1.4937973      6.8275192    
   3320000   0.99650474     5.6929409      1.494708       6.8294404    
   3330000   1.0001855      5.6776702      1.500229       6.8305909    
   3340000   0.99957831     5.6947828      1.4993182      6.8351785    
   3350000   0.99954777     5.689957       1.4992724      6.8333892    
   3360000   0.99296504     5.6765543      1.4893986      6.8247691    
   3370000   1.0005167      5.6815883      1.5007257      6.8271079    
   3380000   1.0015356      5.6788377      1.502254       6.8328682    
   3390000   0.99121972     5.6841174      1.4867807      6.8295294    
   3400000   1.0006043      5.6898442      1.500857       6.8321558    
   3410000   1.0048019      5.7015772      1.5071533      6.8315266    
   3420000   1.0057228      5.694          1.5085346      6.8324548    
   3430000   0.98992847     5.681842       1.4848439      6.8284314    
   3440000   1.0004672      5.6936143      1.5006514      6.8350158    
   3450000   1.0030751      5.6794833      1.5045632      6.8291708    
   3460000   0.99438691     5.6760608      1.4915313      6.8350731    
   3470000   0.99657881     5.6933183      1.4948191      6.8388275    
   3480000   1.0007571      5.6962816      1.5010863      6.8352958    
   3490000   0.99818707     5.6842776      1.4972314      6.8292878    
   3500000   1.0029328      5.6808809      1.5043498      6.832104     
   3510000   1.0003169      5.6886112      1.500426       6.8314565    
   3520000   1.0069446      5.6926653      1.5103673      6.8295753    
   3530000   1.0079592      5.6848982      1.511889       6.8268447    
   3540000   0.99956478     5.6735003      1.4992979      6.8227784    
   3550000   0.99447452     5.6913897      1.4916627      6.8338945    
   3560000   0.9968992      5.6805819      1.4952996      6.8340435    
   3570000   1.0101583      5.6982867      1.5151876      6.8342049    
   3580000   1.0042181      5.680371       1.5062776      6.8313088    
   3590000   1.0000387      5.6944534      1.5000087      6.8285323    
   3600000   1.0082833      5.6705636      1.5123753      6.8252539    
   3610000   1.0014153      5.6798715      1.5020735      6.823646     
   3620000   0.99799272     5.7070661      1.4969399      6.8424177    
   3630000   1.0013017      5.6894775      1.5019032      6.8239094    
   3640000   1.0018315      5.6974616      1.5026978      6.8340929    
   3650000   0.99492297     5.6866655      1.4923354      6.8361975    
   3660000   0.99605387     5.6897931      1.4940317      6.8330036    
   3670000   0.99413006     5.6900954      1.4911461      6.8316708    
   3680000   1.0057672      5.6720134      1.5086012      6.8210064    
   3690000   0.99099892     5.6932752      1.4864495      6.8254639    
   3700000   1.0037867      5.708356       1.5056306      6.8398104    
   3710000   1.0072216      5.6728382      1.5107827      6.8199636    
   3720000   1.0083217      5.6886298      1.5124328      6.8301676    
   3730000   1.0025364      5.6926187      1.5037552      6.838656     
   3740000   1.0024454      5.689061       1.5036187      6.8279965    
   3750000   0.9948172      5.6695247      1.4921767      6.8236393    
   3760000   1.0009177      5.6767793      1.5013271      6.8255629    
   3770000   1.0066221      5.6924174      1.5098834      6.8304669    
   3780000   1.0039865      5.6889201      1.5059303      6.8347831    
   3790000   1.0000748      5.6916032      1.5000629      6.8317385    
   3800000   0.99911492     5.6872145      1.4986231      6.8325716    
   3810000   0.99773565     5.6886121      1.4965543      6.8343549    
   3820000   0.99017822     5.6782213      1.4852185      6.8283093    
   3830000   0.99119601     5.6864965      1.4867451      6.8401345    
   3840000   1.0110511      5.6844479      1.5165267      6.8309918    
   3850000   0.99701888     5.6812159      1.4954791      6.8329147    
   3860000   1.0041006      5.6675753      1.5061013      6.8252925    
   3870000   0.99724574     5.6853777      1.4958194      6.8332929    
   3880000   1.0070017      5.6807074      1.5104528      6.8313669    
   3890000   0.9969088      5.6898047      1.495314       6.8360302    
   3900000   1.0066826      5.6811364      1.5099742      6.8284789    
   3910000   1.0011935      5.6766349      1.5017408      6.8279987    
   3920000   0.99597193     5.6738513      1.4939088      6.8256824    
   3930000   1.0023908      5.679846       1.5035367      6.8285148    
   3940000   0.99992831     5.6883474      1.4998431      6.839874     
   3950000   0.99984445     5.6844265      1.4997174      6.8355505    
   3960000   0.99904093     5.6841539      1.4985121      6.831407     
   3970000   1.0050429      5.6677455      1.5075148      6.8283702    
   3980000   0.99456466     5.6915236      1.4917979      6.8278088    
   3990000   0.99877525     5.6725368      1.4981136      6.8291104    
   4000000   1.0043266      5.6990747      1.5064403      6.8349447    
   4010000   0.99928992     5.6870702      1.4988856      6.8307671    
   4020000   0.99736331     5.6983488      1.4959958      6.830017     
   4030000   1.0061891      5.7063263      1.509234       6.8348259    
   4040000   0.99595501     5.6784245      1.4938834      6.827888     
   4050000   1.005812       5.6952135      1.5086684      6.8315317    
   4060000   0.99127603     5.6927843      1.4868652      6.8329598    
   4070000   1.0073188      5.7042882      1.5109286      6.8312887    
   4080000   1.0006873      5.697217       1.5009816      6.8316685    
   4090000   1.0028185      5.6885323      1.5041783      6.8288749    
   4100000   1.0045121      5.6699503      1.5067186      6.8288593    
   4110000   0.99736205     5.6696063      1.4959939      6.8295524    
   4120000   0.99839711     5.6920977      1.4975464      6.8404165    
   4130000   0.99137542     5.6893147      1.4870142      6.8310248    
   4140000   1.0033873      5.6926112      1.5050315      6.8293157    
   4150000   1.0050242      5.7055956      1.5074868      6.8381469    
   4160000   1.0010615      5.6929509      1.5015429      6.8298263    
   4170000   1.0042673      5.6999892      1.5063514      6.8318891    
   4180000   1.0019121      5.6941346      1.5028188      6.8279771    
   4190000   0.99232664     5.6995881      1.488441       6.8314608    
   4200000   0.99667306     5.6936187      1.4949604      6.8306274    
   4210000   0.99976592     5.6886193      1.4995996      6.8320743    
   4220000   1.0019544      5.6870215      1.5028822      6.8302738    
   4230000   1.0040662      5.6933661      1.5060498      6.8272765    
   4240000   0.99865109     5.6837537      1.4979274      6.82384      
   4250000   1.002471       5.7021163      1.503657       6.8342816    
   4260000   0.99527002     5.6896361      1.4928559      6.8311166    
   4270000   0.99786468     5.6796588      1.4967478      6.8275531    
   4280000   1.0057703      5.7092619      1.5086059      6.8361792    
   4290000   0.99972765     5.689887       1.4995422      6.8298498    
   4300000   0.99691818     5.6763151      1.4953281      6.8321071    
   4310000   1.0009255      5.6886747      1.5013389      6.8273285    
   4320000   1.0014562      5.6823702      1.5021349      6.8271637    
   4330000   1.0065709      5.6850968      1.5098068      6.8304411    
   4340000   0.99698047     5.7012956      1.4954215      6.8342648    
   4350000   1.0018625      5.6957311      1.5027444      6.830584     
   4360000   0.99456335     5.7002613      1.491796       6.8317085    
   4370000   0.99769274     5.6964722      1.4964899      6.8290353    
   4380000   0.99554847     5.690255       1.4932736      6.8233694    
   4390000   0.99969875     5.6914626      1.4994988      6.8292518    
   4400000   1.0114048      5.688557       1.5170573      6.8316896    
   4410000   0.99752295     5.694208       1.4962352      6.8337568    
   4420000   0.99963489     5.6856759      1.499403       6.834923     
   4430000   0.99863454     5.6994021      1.4979026      6.8428124    
   4440000   1.0039559      5.6876794      1.5058844      6.8302127    
   4450000   0.99960666     5.6936735      1.4993607      6.8360644    
   4460000   1.0064643      5.6991645      1.5096468      6.8347795    
   4470000   0.9895836      5.6983868      1.4843266      6.828294     
   4480000   0.99140457     5.6994876      1.4870579      6.8290223    
   4490000   1.0022642      5.6975673      1.5033469      6.8250404    
   4500000   0.99708482     5.7011013      1.495578       6.8337438    
   4510000   1.0073381      5.7095363      1.5109575      6.835856     
   4520000   1.0001019      5.7014043      1.5001036      6.8343779    
   4530000   0.99681777     5.70116        1.4951775      6.8248361    
   4540000   1.0015173      5.7047027      1.5022266      6.8278316    
   4550000   0.99610763     5.6985505      1.4941123      6.8243156    
   4560000   0.99701223     5.7110939      1.4954692      6.826314     
   4570000   1.0049383      5.6935621      1.5073579      6.8180612    
   4580000   0.99443656     5.7021739      1.4916058      6.8298677    
   4590000   1.0005289      5.701438       1.500744       6.8317935    
   4600000   0.99792108     5.7010307      1.4968324      6.8304902    
   4610000   0.99717935     5.699402       1.4957198      6.835644     
   4620000   1.001575       5.6918589      1.5023132      6.8237826    
   4630000   1.0010583      5.7014613      1.501538       6.8328008    
   4640000   0.99946544     5.6921213      1.4991489      6.8297528    
   4650000   0.99899212     5.6861962      1.4984389      6.8246828    
   4660000   1.0036368      5.7077791      1.5054058      6.833981     
   4670000   1.0052482      5.708851       1.5078228      6.8320465    
   4680000   0.99807158     5.7045183      1.4970581      6.8272279    
   4690000   1.0024123      5.713979       1.503569       6.8307852    
   4700000   1.0036566      5.7058544      1.5054354      6.8302053    
   4710000   1.0112538      5.702391       1.5168308      6.8345292    
   4720000   1.006451       5.7060989      1.5096268      6.8347354    
   4730000   1.0101486      5.6965219      1.5151731      6.8350718    
   4740000   0.99825118     5.7154672      1.4973275      6.8358329    
   4750000   1.005603       5.6973841      1.5083549      6.8311094    
   4760000   0.99647505     5.6958309      1.4946634      6.8272331    
   4770000   0.99579776     5.6959296      1.4936475      6.8248935    
   4780000   0.99893007     5.6831943      1.4983458      6.8293904    
   4790000   1.0111427      5.6911298      1.5166642      6.8255792    
   4800000   0.99345505     5.6884938      1.4901336      6.835156     
   4810000   1.0043543      5.6786341      1.5064819      6.8228436    
   4820000   0.99138126     5.6937004      1.487023       6.8321091    
   4830000   0.99117068     5.6935226      1.4867071      6.8345577    
   4840000   1.0062306      5.7017058      1.5092963      6.8312811    
   4850000   0.99915034     5.7011657      1.4986762      6.8342112    
   4860000   1.002573       5.7037109      1.5038101      6.8371605    
   4870000   1.0000455      5.6838808      1.5000189      6.8295395    
   4880000   0.99600797     5.6989079      1.4939628      6.8361268    
   4890000   1.0044412      5.6954992      1.5066122      6.8350691    
   4900000   0.99883469     5.6981534      1.4982028      6.8263071    
   4910000   1.0007731      5.7039629      1.5011102      6.8324972    
   4920000   1.0019251      5.6820749      1.5028382      6.8258494    
   4930000   1.0055487      5.6996194      1.5082734      6.835161     
   4940000   0.99688317     5.6906854      1.4952756      6.8261444    
   4950000   0.99331746     5.6932672      1.4899272      6.8312399    
   4960000   0.9984874      5.7037007      1.4976818      6.8377561    
   4970000   0.9953543      5.6985703      1.4929823      6.8280904    
   4980000   0.99605207     5.6862103      1.494029       6.8259964    
   4990000   0.99965206     5.7082899      1.4994288      6.8370892    
   5000000   0.99755226     5.6929987      1.4962792      6.8243377    
   5010000   0.99866923     5.6983089      1.4979546      6.8285554    
   5020000   0.99935605     5.6865356      1.4989848      6.8316447    
   5030000   0.99802586     5.6866089      1.4969896      6.8290669    
   5040000   1.0013102      5.6886773      1.5019158      6.8278199    
   5050000   1.0049221      5.6957346      1.5073336      6.8379663    
   5060000   0.9995564      5.7040722      1.4992853      6.8291635    
   5070000   0.99769618     5.7040928      1.4964951      6.8319354    
   5080000   0.99984753     5.7097593      1.499722       6.8356791    
   5090000   0.99615901     5.6972588      1.4941894      6.8273408    
   5100000   1.0113949      5.7002122      1.5170424      6.8403937    
   5110000   1.0071429      5.6989343      1.5106646      6.8348908    
   5120000   0.99626376     5.7019285      1.4943465      6.8269133    
   5130000   0.998454       5.7071626      1.4976317      6.8345344    
   5140000   1.0107486      5.6914157      1.516073       6.8268929    
   5150000   1.0026949      5.6932594      1.5039929      6.8274015    
   5160000   1.0015267      5.6996491      1.5022407      6.8295824    
   5170000   0.99207576     5.7007968      1.4880647      6.8336411    
   5180000   0.997955       5.7126704      1.4968833      6.8333316    
   5190000   1.0069099      5.6915053      1.5103151      6.8304158    
   5200000   1.0020878      5.6909599      1.5030823      6.8289787    
   5210000   0.99763002     5.6865         1.4963958      6.8328049    
   5220000   0.98681082     5.6906634      1.4801676      6.8257002    
   5230000   0.9957717      5.6956155      1.4936084      6.8296619    
   5240000   0.99679445     5.7025563      1.4951425      6.8310101    
   5250000   1.0001399      5.6885647      1.5001606      6.8292594    
   5260000   1.0050497      5.6925004      1.5075249      6.8306056    
   5270000   1.0043113      5.7027913      1.5064174      6.8313894    
   5280000   0.99515029     5.7158577      1.4926763      6.8427079    
   5290000   0.99714649     5.7081077      1.4956705      6.8275452    
   5300000   0.99484835     5.6906778      1.4922235      6.8277215    
   5310000   0.99579357     5.6958649      1.4936412      6.8315554    
   5320000   1.0024841      5.6967907      1.5036767      6.8326364    
   5330000   0.99509508     5.7071748      1.4925935      6.8324167    
   5340000   0.99474114     5.6960941      1.4920626      6.8241788    
   5350000   1.0008425      5.6934416      1.5012143      6.8314296    
   5360000   0.99960918     5.7009742      1.4993645      6.8337122    
   5370000   1.0013807      5.6960389      1.5020217      6.8341742    
   5380000   0.99318367     5.695951       1.4897265      6.8224272    
   5390000   1.0068041      5.6956419      1.5101564      6.8261254    
   5400000   0.999493       5.6917483      1.4991902      6.825715     
   5410000   1.0006166      5.6801361      1.5008756      6.8219754    
   5420000   0.99607261     5.700571       1.4940598      6.8332262    
   5430000   1.0026211      5.6915222      1.5038822      6.8276528    
   5440000   0.99465125     5.7065184      1.4919278      6.8352585    
   5450000   0.99704415     5.6999468      1.495517       6.8301787    
   5460000   0.99482153     5.6927908      1.4921832      6.8263167    
   5470000   0.99291091     5.7014148      1.4893174      6.8317455    
   5480000   1.0034436      5.7120566      1.505116       6.8329549    
   5490000   0.99934666     5.7117764      1.4989707      6.8354629    
   5500000   0.99612873     5.7137137      1.4941439      6.8336421    
   5510000   1.0033118      5.691105       1.5049182      6.8316409    
   5520000   1.0010269      5.6954104      1.5014909      6.827854     
   5530000   0.99952278     5.6909826      1.4992349      6.8255979    
   5540000   1.0052244      5.6896957      1.507787       6.8334982    
   5550000   0.99986348     5.680234       1.4997459      6.8203681    
   5560000   1.0033189      5.6863803      1.5049289      6.8284659    
   5570000   1.0015244      5.7065514      1.5022372      6.8377751    
   5580000   1.0077377      5.690311       1.5115568      6.823206     
   5590000   1.0006159      5.6916377      1.5008744      6.8299629    
   5600000   1.0034899      5.6967039      1.5051853      6.8364521    
   5610000   0.99834366     5.6928643      1.4974662      6.8358803    
   5620000   0.99663096     5.6890592      1.4948973      6.827331     
   5630000   1.0042828      5.6899309      1.5063746      6.8234671    
   5640000   0.99743704     5.7090318      1.4961064      6.8404148    
   5650000   1.0008574      5.6848551      1.5012368      6.8283515    
   5660000   0.99896871     5.6970568      1.4984038      6.8282662    
   5670000   1.0040039      5.692524       1.5059564      6.831933     
   5680000   1.0056097      5.6860674      1.5083649      6.8299184    
   5690000   1.0000657      5.6749896      1.5000491      6.8222547    
   5700000   0.99755836     5.6867465      1.4962883      6.8339425    
   5710000   1.0045908      5.6903515      1.5068367      6.8350907    
   5720000   0.98911728     5.7025849      1.4836271      6.8410973    
   5730000   0.99276515     5.694272       1.4890987      6.8341068    
   5740000   1.0090041      5.7035426      1.5134564      6.832842     
   5750000   0.99907079     5.7017138      1.4985569      6.8378031    
   5760000   0.99698577     5.7145229      1.4954295      6.8341952    
   5770000   0.99708599     5.6919522      1.4955798      6.8324648    
   5780000   1.0016246      5.6799531      1.5023875      6.8288155    
   5790000   0.99345955     5.6785426      1.4901403      6.819526     
   5800000   0.99561537     5.6871736      1.4933739      6.8316181    
   5810000   1.0039658      5.6801758      1.5058992      6.8269077    
   5820000   0.99874356     5.6870813      1.4980661      6.8305538    
   5830000   1.0025158      5.6855987      1.5037243      6.8308978    
   5840000   0.98900625     5.6672269      1.4834606      6.8215396    
   5850000   1.0015784      5.6773643      1.5023182      6.8230349    
   5860000   0.99407409     5.6961702      1.4910621      6.8333844    
   5870000   1.0006705      5.697462       1.5009563      6.8304073    
   5880000   1.0032628      5.6944473      1.5048447      6.8335938    
   5890000   0.99796739     5.6970243      1.4969019      6.8289305    
   5900000   1.0001436      5.6843826      1.5001661      6.8288254    
   5910000   0.99477659     5.6976473      1.4921158      6.8264481    
   5920000   1.0108369      5.703068       1.5162055      6.8348502    
   5930000   0.99250492     5.6937473      1.4887084      6.8278896    
   5940000   0.99888366     5.6769713      1.4982762      6.831597     
   5950000   1.0066186      5.6853012      1.5098782      6.8324403    
   5960000   1.0119122      5.7007038      1.5178184      6.8344107    
   5970000   0.99571786     5.7006399      1.4935277      6.8330786    
   5980000   1.0006442      5.6994949      1.5009169      6.8317841    
   5990000   0.99785653     5.6927775      1.4967356      6.8322453    
   6000000   0.99340545     5.694391       1.4900592      6.8312359    
   6010000   1.0003241      5.6724237      1.5004368      6.8247956    
   6020000   0.99603144     5.6928033      1.493998       6.834361     
   6030000   0.99972063     5.6966366      1.4995316      6.836873     
   6040000   1.0068571      5.6999008      1.510236       6.8347749    
   6050000   1.0069437      5.6985517      1.5103659      6.8343036    
   6060000   1.0039311      5.6907132      1.5058471      6.8291498    
   6070000   0.99662067     5.6851959      1.4948818      6.8281055    
   6080000   1.0067769      5.6907247      1.5101157      6.8307456    
   6090000   1.0041967      5.6748695      1.5062456      6.8284403    
   6100000   0.99940128     5.6785033      1.4990526      6.818025     
   6110000   0.99877589     5.6869066      1.4981146      6.8284621    
   6120000   0.99476831     5.6737785      1.4921034      6.8224501    
   6130000   0.99544209     5.6943746      1.493114       6.829931     
   6140000   0.99552827     5.6860085      1.4932433      6.8329406    
   6150000   1.0025833      5.6923737      1.5038256      6.8306248    
   6160000   1.0036122      5.6780733      1.5053688      6.8277873    
   6170000   1.0052683      5.6891696      1.5078529      6.8311911    
   6180000   0.99376248     5.666776       1.4905947      6.8317525    
   6190000   1.0099798      5.6723979      1.5149199      6.82679      
   6200000   1.0004817      5.674895       1.5006732      6.8239281    
   6210000   0.99717168     5.6728702      1.4957083      6.8274904    
   6220000   1.0021037      5.6807602      1.5031061      6.8314734    
   6230000   1.0114948      5.6930134      1.5171922      6.8363985    
   6240000   1.0028826      5.6991198      1.5042745      6.8344521    
   6250000   0.99865701     5.685074       1.4979362      6.8243996    
   6260000   1.0055612      5.6920178      1.5082921      6.8312722    
   6270000   0.998737       5.6945074      1.4980562      6.8352878    
   6280000   1.0002223      5.6891902      1.5002841      6.8328125    
   6290000   0.99661228     5.6946895      1.4948693      6.8385163    
   6300000   0.99840873     5.6892289      1.4975638      6.8310684    
   6310000   0.9984175      5.6855952      1.497577       6.8222788    
   6320000   0.99791742     5.6906625      1.4968269      6.8346628    
   6330000   0.99561472     5.6794863      1.493373       6.8247061    
   6340000   1.0016751      5.6827313      1.5024632      6.8293639    
   6350000   0.99352141     5.6810511      1.4902331      6.8279829    
   6360000   0.99672194     5.6741815      1.4950337      6.8284815    
   6370000   0.99223212     5.6716765      1.4882992      6.8215994    
   6380000   1.0069123      5.6947056      1.5103188      6.8383774    
   6390000   1.0058321      5.6879291      1.5086986      6.8310725    
   6400000   1.0016856      5.6841299      1.502479       6.8276134    
   6410000   1.0012999      5.6814505      1.5019005      6.826628     
   6420000   0.9945142      5.6791697      1.4917222      6.8276376    
   6430000   1.0030763      5.6796402      1.504565       6.8251773    
   6440000   1.0056968      5.6882751      1.5084956      6.8296745    
   6450000   0.99858734     5.6783371      1.4978318      6.8236883    
   6460000   1.004407       5.6922846      1.506561       6.8305866    
   6470000   1.0061445      5.7033068      1.5091672      6.8317255    
   6480000   0.99435739     5.6857009      1.491487       6.8265365    
   6490000   0.99751495     5.7069475      1.4962232      6.8335109    
   6500000   0.99567341     5.6963194      1.493461       6.8364809    
   6510000   0.99969724     5.686353       1.4994965      6.8299306    
   6520000   0.99537796     5.6986935      1.4930178      6.8351412    
   6530000   1.0014569      5.686364       1.5021359      6.8313949    
   6540000   1.0001912      5.6793158      1.5002375      6.8247136    
   6550000   0.99863879     5.6913533      1.4979089      6.8306205    
   6560000   1.0103289      5.6844221      1.5154436      6.821254     
   6570000   0.99640188     5.6974682      1.4945537      6.8358308    
   6580000   0.99478094     5.673186       1.4921223      6.8289255    
   6590000   0.99609415     5.6831123      1.4940921      6.8188518    
   6600000   1.0030461      5.6897515      1.5045196      6.8298971    
   6610000   0.99411535     5.6863433      1.491124       6.8276269    
   6620000   1.0010644      5.7024993      1.5015472      6.8272466    
   6630000   0.98937457     5.7051464      1.4840131      6.8365621    
   6640000   1.0022207      5.6905891      1.5032816      6.8338311    
   6650000   1.0000676      5.6842776      1.5000521      6.8272033    
   6660000   0.99794902     5.6840265      1.4968743      6.834027     
   6670000   0.9988969      5.6766486      1.4982961      6.8314937    
   6680000   0.99259077     5.6983434      1.4888372      6.828969     
   6690000   1.0009066      5.6891924      1.5013106      6.8285481    
   6700000   1.0115102      5.7009346      1.5172154      6.8337153    
   6710000   1.0054411      5.6902717      1.508112       6.8299535    
   6720000   1.0003549      5.6926336      1.5004831      6.8315899    
   6730000   1.0048101      5.6998585      1.5071656      6.8294009    
   6740000   1.0045327      5.6865869      1.5067496      6.833206     
   6750000   1.0010236      5.6854352      1.501486       6.8283281    
   6760000   0.99808868     5.6841002      1.4970838      6.8340223    
   6770000   0.99960812     5.6861014      1.4993629      6.8305514    
   6780000   0.9969556      5.6812092      1.4953842      6.8250002    
   6790000   1.0012457      5.6717463      1.5018192      6.822136     
   6800000   0.99351544     5.6907467      1.4902241      6.8352226    
   6810000   0.99544956     5.680853       1.4931252      6.8325238    
   6820000   0.99898266     5.6761092      1.4984247      6.8236641    
   6830000   0.99321808     5.6848702      1.4897781      6.8292613    
   6840000   0.98852972     5.6705532      1.4827458      6.829589     
   6850000   1.0027652      5.6967067      1.5040983      6.8383338    
   6860000   0.99749402     5.6936571      1.4961918      6.8341368    
   6870000   1.0000724      5.68568        1.5000593      6.8274816    
   6880000   0.99987035     5.6856008      1.4997562      6.8312085    
   6890000   1.0020071      5.705536       1.5029612      6.8410949    
   6900000   1.001289       5.6905086      1.5018841      6.830417     
   6910000   1.0022206      5.6743534      1.5032815      6.8226336    
   6920000   0.99931375     5.6901157      1.4989213      6.8342171    
   6930000   1.0040978      5.6981896      1.5060971      6.834249     
   6940000   1.0134304      5.6879697      1.5200956      6.8298507    
   6950000   1.0119799      5.7005018      1.51792        6.8318866    
   6960000   0.99735347     5.7024637      1.495981       6.8431628    
   6970000   0.99897355     5.7045193      1.4984111      6.8346754    
   6980000   1.0001285      5.6892909      1.5001434      6.8334404    
   6990000   0.99700374     5.6782218      1.4954564      6.8240507    
   7000000   0.99944538     5.7037693      1.4991188      6.835819     
   7010000   1.0080475      5.6925169      1.5120216      6.8349144    
   7020000   1.0041806      5.6809247      1.5062213      6.8275323    
   7030000   1.0046636      5.6987377      1.5069458      6.8258568    
   7040000   1.0077092      5.7037131      1.5115141      6.8379237    
   7050000   0.99523492     5.6868657      1.4928033      6.8394307    
   7060000   1.000916       5.6734769      1.5013247      6.8311963    
   7070000   1.0000323      5.6787046      1.499999       6.8295698    
   7080000   0.99195349     5.6841483      1.4878813      6.8330003    
   7090000   0.99879591     5.6799806      1.4981446      6.8360917    
   7100000   0.99618652     5.6930304      1.4942306      6.8386376    
   7110000   0.99521454     5.6915891      1.4927727      6.8326489    
   7120000   0.99816138     5.6891163      1.4971928      6.8356024    
   7130000   1.002141       5.6782287      1.5031621      6.8333667    
   7140000   1.0049561      5.6929785      1.5073846      6.8302271    
   7150000   1.0022125      5.7035554      1.5032693      6.8343553    
   7160000   0.99467421     5.6984587      1.4919622      6.8358415    
   7170000   1.0102568      5.6903778      1.5153354      6.8310225    
   7180000   0.99812801     5.7057477      1.4971428      6.8388238    
   7190000   0.99857802     5.6955793      1.4978178      6.8305904    
   7200000   0.99862123     5.7093336      1.4978826      6.8423763    
   7210000   1.0066594      5.7005327      1.5099395      6.8365369    
   7220000   0.99803207     5.6881715      1.4969989      6.8312573    
   7230000   1.001287       5.7005094      1.5018811      6.8403425    
   7240000   0.99862337     5.6902861      1.4978858      6.8306068    
   7250000   0.99142361     5.6934697      1.4870865      6.8362365    
   7260000   1.0011434      5.6924389      1.5016657      6.8329495    
   7270000   0.99512794     5.6918408      1.4926428      6.8280083    
   7280000   1.0016974      5.6987918      1.5024967      6.8382889    
   7290000   0.99941159     5.7003665      1.4990681      6.8248597    
   7300000   0.99546878     5.694092       1.4931541      6.8287316    
   7310000   1.0036453      5.700165       1.5054184      6.8338089    
   7320000   0.99899089     5.7006836      1.4984371      6.8300878    
   7330000   1.0052576      5.7056742      1.5078367      6.8357335    
   7340000   0.99603749     5.7089516      1.4940071      6.8331833    
   7350000   1.0042629      5.7033349      1.5063448      6.8372636    
   7360000   1.0081715      5.6945538      1.5122075      6.8328504    
   7370000   0.9967356      5.7051421      1.4950542      6.8312807    
   7380000   1.0007135      5.6979924      1.5010209      6.8320599    
   7390000   1.0055307      5.7126209      1.5082464      6.836641     
   7400000   1.010621       5.6968001      1.5158816      6.8369631    
   7410000   0.99976329     5.6999894      1.4995956      6.8315585    
   7420000   1.0007126      5.7006363      1.5010195      6.8335463    
   7430000   1.0037764      5.6863326      1.5056151      6.8269942    
   7440000   0.9954738      5.7216308      1.4931616      6.8386586    
   7450000   1.0018018      5.7067118      1.5026533      6.8304603    
   7460000   0.99784616     5.7071534      1.49672        6.8335356    
   7470000   1.000773       5.6919229      1.5011101      6.8294323    
   7480000   1.000618       5.7023632      1.5008777      6.8279763    
   7490000   1.0020802      5.6878875      1.5030709      6.8250449    
   7500000   0.99755665     5.6998339      1.4962858      6.8311761    
   7510000   1.0080655      5.6818124      1.5120485      6.8282272    
   7520000   0.99999222     5.6875253      1.499939       6.827641     
   7530000   1.0026016      5.7035534      1.5038529      6.8314525    
   7540000   0.99878267     5.7031382      1.4981247      6.8398917    
   7550000   1.0076223      5.6862664      1.5113838      6.8347138    
   7560000   1.0054937      5.7028287      1.508191       6.8287649    
   7570000   0.99994398     5.7011741      1.4998666      6.8367916    
   7580000   0.99826875     5.7050563      1.4973539      6.8247168    
   7590000   1.0000892      5.7012223      1.5000845      6.8315429    
   7600000   1.0017837      5.7005964      1.5026261      6.8317343    
   7610000   0.99801406     5.7010956      1.4969719      6.8275182    
   7620000   1.0074843      5.7006742      1.5111767      6.8296327    
   7630000   0.99896902     5.6902067      1.4984042      6.8308641    
   7640000   1.0063373      5.6902481      1.5094564      6.8274852    
   7650000   0.9941729      5.6903041      1.4912103      6.8365121    
   7660000   0.99739513     5.6985203      1.4960435      6.8293048    
   7670000   0.9976172      5.6927525      1.4963766      6.84423      
   7680000   0.99811707     5.6949726      1.4971264      6.835825     
   7690000   1.0054515      5.6895761      1.5081277      6.8375215    
   7700000   0.99323023     5.6840065      1.4897963      6.8323562    
   7710000   0.99423895     5.680981       1.4913094      6.8334975    
   7720000   0.99037489     5.6838089      1.4855135      6.8361335    
   7730000   0.99750894     5.67923        1.4962142      6.8284442    
   7740000   1.0087693      5.6796729      1.5131042      6.8297831    
   7750000   1.0002727      5.6774859      1.5003597      6.835114     
   7760000   1.0057439      5.6842661      1.5085663      6.8281577    
   7770000   1.0019002      5.6823493      1.5028009      6.8320311    
   7780000   0.98981693     5.6918029      1.4846766      6.8280566    
   7790000   0.99611482     5.6848488      1.4941231      6.8290587    
   7800000   0.99785218     5.6875685      1.4967291      6.8354097    
   7810000   0.99213201     5.6865907      1.4881491      6.8355648    
   7820000   0.99397681     5.6791483      1.4909162      6.8309358    
   7830000   0.99562529     5.6625326      1.4933888      6.8270942    
   7840000   0.99696139     5.6905121      1.4953929      6.8304854    
   7850000   1.0026383      5.6788683      1.503908       6.8262185    
   7860000   0.99658477     5.6725706      1.494828       6.8234149    
   7870000   1.0021885      5.6825839      1.5032333      6.8347337    
   7880000   0.99722254     5.679308       1.4957846      6.8345751    
   7890000   0.9960191      5.6762715      1.4939795      6.8299999    
   7900000   0.99958964     5.6851189      1.4993352      6.8277662    
   7910000   0.99775092     5.6897592      1.4965772      6.8293516    
   7920000   0.99237225     5.6924008      1.4885094      6.8353968    
   7930000   0.99871132     5.6892046      1.4980177      6.8283936    
   7940000   0.99876045     5.6985637      1.4980914      6.84016      
   7950000   1.0023763      5.6937429      1.5035151      6.8272954    
   7960000   0.9947773      5.6955764      1.4921169      6.828305     
   7970000   1.0025918      5.6730273      1.5038382      6.8221526    
   7980000   0.99914415     5.6987982      1.4986669      6.8312292    
   7990000   1.0007811      5.6789787      1.5011223      6.8270056    
   8000000   1.0027023      5.6861468      1.504004       6.8312867    
   8010000   0.99598309     5.696234       1.4939255      6.8325704    
   8020000   1.0024946      5.6625788      1.5036924      6.8200686    
   8030000   0.99119714     5.6783635      1.4867468      6.8309448    
   8040000   1.0000311      5.6872268      1.4999973      6.8280204    
   8050000   0.99602959     5.6879172      1.4939953      6.8328707    
   8060000   0.99919461     5.6946096      1.4987426      6.8290844    
   8070000   0.99392403     5.7005189      1.490837       6.824258     
   8080000   1.0035224      5.6907223      1.5052341      6.8308165    
   8090000   1.0082368      5.6950658      1.5123054      6.8366963    
   8100000   1.0037913      5.69251        1.5056374      6.8321646    
   8110000   1.0031632      5.6858736      1.5046954      6.8255624    
   8120000   0.99816988     5.6960555      1.4972056      6.8350337    
   8130000   0.99309354     5.6835814      1.4895913      6.8287392    
   8140000   1.0063577      5.6973859      1.5094869      6.8278359    
   8150000   0.99794895     5.6926586      1.4968742      6.836921     
   8160000   0.99625367     5.6963739      1.4943314      6.8321126    
   8170000   1.0059582      5.6922546      1.5088877      6.8322354    
   8180000   0.98724445     5.6890504      1.480818       6.8290968    
   8190000   1.0010407      5.6909231      1.5015117      6.8276047    
   8200000   0.99766439     5.6858776      1.4964474      6.829475     
   8210000   0.99380337     5.6838011      1.490656       6.8289587    
   8220000   1.0027927      5.689974       1.5041397      6.8305498    
   8230000   1.0027583      5.6917597      1.504088       6.8314857    
   8240000   1.0037852      5.6866541      1.5056283      6.8365017    
   8250000   1.0017468      5.6994698      1.5025708      6.8330911    
   8260000   0.99092731     5.7063494      1.4863421      6.8357463    
   8270000   0.99504974     5.7046011      1.4925255      6.8347668    
   8280000   0.99276449     5.7080764      1.4890978      6.8262914    
   8290000   1.0004049      5.6975061      1.500558       6.8349781    
   8300000   1.0001998      5.7077383      1.5002504      6.8337883    
   8310000   1.0050607      5.694647       1.5075414      6.8322087    
   8320000   1.0008483      5.6840789      1.5012231      6.8217399    
   8330000   1.0043205      5.7142951      1.5064312      6.8446684    
   8340000   1.0020638      5.7004401      1.5030463      6.8353945    
   8350000   1.0063355      5.6801504      1.5094537      6.8301818    
   8360000   1.0020097      5.6954901      1.5029652      6.8362399    
   8370000   0.99323534     5.7064487      1.489804       6.8364373    
   8380000   1.0051627      5.6963113      1.5076944      6.8377534    
   8390000   1.0005433      5.6763747      1.5007656      6.8267424    
   8400000   1.0009453      5.669052       1.5013686      6.8289293    
   8410000   0.99917917     5.6705078      1.4987195      6.8303556    
   8420000   0.99071663     5.6769557      1.4860261      6.8294244    
   8430000   0.99426611     5.6702373      1.4913501      6.8281878    
   8440000   1.0028065      5.6756461      1.5041603      6.8238431    
   8450000   1.0038002      5.6843507      1.5056508      6.8346295    
   8460000   1.0004314      5.6785106      1.5005977      6.8280005    
   8470000   0.99688992     5.6824618      1.4952857      6.8320618    
   8480000   0.99092608     5.6796928      1.4863402      6.8245562    
   8490000   0.99849988     5.6970189      1.4977006      6.8389462    
   8500000   0.99574844     5.6786841      1.4935735      6.8265265    
   8510000   1.0065087      5.7016409      1.5097134      6.8306038    
   8520000   1.0013812      5.678163       1.5020224      6.8249742    
   8530000   1.001729       5.6844758      1.5025441      6.8284203    
   8540000   1.006281       5.6938006      1.5093719      6.8361943    
   8550000   1.0021568      5.6824498      1.5031858      6.8288727    
   8560000   1.0037581      5.6847496      1.5055876      6.8285047    
   8570000   1.0018519      5.6790189      1.5027284      6.8268198    
   8580000   0.99244961     5.6907957      1.4886255      6.8332081    
   8590000   0.99241411     5.6908714      1.4885722      6.8343998    
   8600000   0.99923953     5.700483       1.49881        6.836219     
   8610000   1.0007028      5.6723915      1.5010048      6.825204     
   8620000   0.99789345     5.7009281      1.4967909      6.8376758    
   8630000   1.002959       5.6977769      1.504389       6.8272481    
   8640000   0.9972212      5.6847256      1.4957826      6.8318837    
   8650000   1.0029459      5.6988339      1.5043694      6.8364904    
   8660000   0.99601587     5.6961842      1.4939747      6.833998     
   8670000   0.99884182     5.6920499      1.4982135      6.8265646    
   8680000   0.99196553     5.6896766      1.4878994      6.832054     
   8690000   1.0032741      5.6942053      1.5048616      6.8285354    
   8700000   0.99937498     5.6993019      1.4990132      6.827209     
   8710000   0.99916313     5.6918663      1.4986954      6.8310761    
   8720000   1.0033404      5.689781       1.5049611      6.8319688    
   8730000   0.99582482     5.7065505      1.4936881      6.8381783    
   8740000   0.99636028     5.7003555      1.4944913      6.8284167    
   8750000   0.99976169     5.6852065      1.4995932      6.8254012    
   8760000   0.99730975     5.6869392      1.4959154      6.8283351    
   8770000   0.99567507     5.6960937      1.4934635      6.829681     
   8780000   0.99713226     5.6896251      1.4956492      6.8270834    
   8790000   1.0027744      5.7072983      1.5041121      6.834472     
   8800000   0.98700895     5.6948271      1.4804647      6.8216305    
   8810000   0.9996216      5.7096405      1.4993831      6.834331     
   8820000   1.0001007      5.7009856      1.5001018      6.8336696    
   8830000   1.0040295      5.7000687      1.5059947      6.8307501    
   8840000   1.0047756      5.6994376      1.5071138      6.823979     
   8850000   1.0020159      5.7060845      1.5029745      6.8347672    
   8860000   0.99712637     5.7014354      1.4956404      6.8296777    
   8870000   1.0059799      5.7025704      1.5089203      6.8281833    
   8880000   1.0076504      5.700159       1.5114259      6.8282671    
   8890000   0.99994225     5.6944367      1.499864       6.8286987    
   8900000   1.0058237      5.6958868      1.508686       6.8347828    
   8910000   0.99407128     5.7030643      1.4910579      6.8326518    
   8920000   0.99538517     5.6808556      1.4930287      6.8270793    
   8930000   0.99725466     5.684827       1.4958328      6.8372186    
   8940000   0.99576345     5.6863073      1.4935961      6.8284687    
   8950000   1.0055461      5.6850906      1.5082695      6.8345587    
   8960000   0.99781829     5.6775767      1.4966782      6.8259642    
   8970000   1.0015622      5.6842968      1.5022939      6.8365295    
   8980000   0.9999368      5.6769381      1.4998559      6.8262252    
   8990000   1.0025494      5.6948071      1.5037747      6.8336879    
   9000000   1.0033636      5.6974361      1.5049959      6.8381528    
   9010000   0.9990455      5.6840125      1.498519       6.8313915    
   9020000   0.99980125     5.6826619      1.4996526      6.8271513    
   9030000   1.0001224      5.685022       1.5001343      6.8297523    
   9040000   0.98936631     5.6801783      1.4840007      6.8363067    
   9050000   1.002078       5.67593        1.5030675      6.8357107    
   9060000   1.0012408      5.6963344      1.5018119      6.8302461    
   9070000   0.99752573     5.6815482      1.4962394      6.8245917    
   9080000   1.0023369      5.7016966      1.503456       6.8434477    
   9090000   1.0045772      5.6804795      1.5068162      6.829        
   9100000   0.99817494     5.6857034      1.4972132      6.8304207    
   9110000   0.99738439     5.6798783      1.4960274      6.8259129    
   9120000   1.0120454      5.6799415      1.5180182      6.8269805    
   9130000   1.0019455      5.6966813      1.5028688      6.8362394    
   9140000   0.99708246     5.6989491      1.4955745      6.8351324    
   9150000   1.0041209      5.6924794      1.5061318      6.8345853    
   9160000   0.99960583     5.6853993      1.4993594      6.8290711    
   9170000   0.99471119     5.6973899      1.4920177      6.829278     
   9180000   1.0058139      5.6849718      1.5086713      6.827183     
   9190000   0.99935229     5.6726336      1.4989791      6.8264127    
   9200000   1.0016555      5.6676013      1.5024338      6.8323949    
   9210000   1.0053107      5.6764428      1.5079165      6.8293854    
   9220000   1.0016509      5.6932466      1.5024269      6.8278325    
   9230000   1.0069025      5.6870733      1.510304       6.8312809    
   9240000   0.99615105     5.698133       1.4941774      6.8341597    
   9250000   0.99888475     5.6945187      1.4982778      6.8296012    
   9260000   1.0014564      5.688432       1.5021352      6.8335933    
   9270000   1.0062892      5.6855082      1.5093842      6.8295952    
   9280000   0.99725329     5.6909497      1.4958307      6.8269888    
   9290000   0.99931932     5.6973144      1.4989297      6.8381391    
   9300000   0.9996965      5.6826008      1.4994954      6.8268007    
   9310000   1.0030631      5.6826332      1.5045451      6.832357     
   9320000   1.004047       5.6729268      1.506021       6.8313971    
   9330000   0.9986298      5.6720177      1.4978954      6.8281476    
   9340000   1.0067271      5.6821725      1.5100409      6.8324205    
   9350000   0.99687292     5.6804997      1.4952602      6.8294376    
   9360000   1.0053254      5.6757898      1.5079386      6.8213703    
   9370000   1.0070125      5.6785042      1.5104691      6.8273698    
   9380000   0.98764107     5.6892689      1.4814129      6.8303772    
   9390000   1.0047514      5.6991121      1.5070775      6.8348228    
   9400000   1.0039555      5.6798312      1.5058837      6.8300531    
   9410000   1.000539       5.6768557      1.5007592      6.8312361    
   9420000   0.99950571     5.6963717      1.4992093      6.8345854    
   9430000   0.99912667     5.6902115      1.4986407      6.8294953    
   9440000   0.99195924     5.6906318      1.4878899      6.8352172    
   9450000   1.0034329      5.6869044      1.5050999      6.8309419    
   9460000   0.99258232     5.6791909      1.4888245      6.831312     
   9470000   0.99706764     5.6794058      1.4955523      6.8237077    
   9480000   0.99824489     5.6839041      1.4973181      6.8376262    
   9490000   1.0061119      5.7042639      1.5091183      6.8339744    
   9500000   0.99446279     5.6971117      1.4916451      6.8275566    
   9510000   0.99773701     5.701419       1.4965563      6.8255506    
   9520000   0.99318742     5.6895977      1.4897321      6.8396262    
   9530000   1.0001732      5.6841147      1.5002105      6.8279071    
   9540000   0.99137062     5.6905721      1.487007       6.8289053    
   9550000   0.9992819      5.6963534      1.4988736      6.8374968    
   9560000   1.0027196      5.688531       1.50403        6.8287489    
   9570000   0.99586975     5.7071695      1.4937555      6.8340634    
   9580000   0.99780489     5.6912052      1.4966581      6.8287705    
   9590000   1.0006988      5.690633       1.5009988      6.8300342    
   9600000   0.99254545     5.6742354      1.4887692      6.8244331    
   9610000   0.99123829     5.6905616      1.4868085      6.8279953    
   9620000   1.0034867      5.7035641      1.5051806      6.8344772    
   9630000   1.0003694      5.6949966      1.5005048      6.8332659    
   9640000   1.0028522      5.6916159      1.5042289      6.8304077    
   9650000   1.0026902      5.6948065      1.5039858      6.829628     
   9660000   1.0095013      5.6994412      1.5142022      6.8336097    
   9670000   1.0020573      5.6989826      1.5030365      6.8292179    
   9680000   1.00619        5.6904037      1.5092353      6.8239162    
   9690000   1.0063893      5.7007592      1.5095343      6.8310583    
   9700000   1.0001034      5.7032879      1.5001058      6.8305844    
   9710000   1.0052712      5.6927151      1.5078572      6.8339482    
   9720000   1.0039495      5.6897481      1.5058747      6.8263105    
   9730000   1.00251        5.7052658      1.5037156      6.8338548    
   9740000   1.0041872      5.6737307      1.5062313      6.8268878    
   9750000   0.99505872     5.6986816      1.492539       6.8289385    
   9760000   0.98801999     5.6923445      1.4819812      6.828623     
   9770000   1.0018804      5.6856938      1.5027712      6.8304121    
   9780000   0.99596274     5.6911607      1.493895       6.8256396    
   9790000   0.99985591     5.6982637      1.4997345      6.8333283    
   9800000   1.0108704      5.7083752      1.5162557      6.8354404    
   9810000   1.0002582      5.7068939      1.5003379      6.8290759    
   9820000   0.99892568     5.69332        1.4983392      6.8298385    
   9830000   0.99114156     5.6970044      1.4866635      6.8298263    
   9840000   0.99123149     5.6973558      1.4867983      6.8306038    
   9850000   1.0069596      5.6970485      1.5103898      6.834029     
   9860000   0.99764104     5.7060929      1.4964124      6.8427472    
   9870000   1.0077916      5.6873243      1.5116377      6.8262154    
   9880000   0.99555777     5.6939571      1.4932875      6.8335972    
   9890000   0.99154076     5.6958771      1.4872622      6.8344519    
   9900000   0.9982196      5.6831694      1.4972802      6.8287502    
   9910000   1.0086637      5.6751344      1.5129458      6.8284216    
   9920000   1.0030647      5.6985454      1.5045475      6.8318947    
   9930000   0.99459952     5.6900468      1.4918502      6.8312404    
   9940000   0.99750132     5.6947621      1.4962028      6.8258609    
   9950000   0.99701502     5.703577       1.4954734      6.8299116    
   9960000   1.000247       5.7000523      1.5003212      6.8314318    
   9970000   1.0083411      5.7021899      1.512462       6.8293016    
   9980000   0.99821298     5.6885621      1.4972702      6.8308279    
   9990000   0.99773654     5.6837719      1.4965556      6.8303239    
  10000000   1.0098885      5.6777514      1.514783       6.8282366    
  10010000   0.9991053      5.6902111      1.4986087      6.836063     
  10020000   0.99996899     5.6758135      1.4999042      6.8230461    
  10030000   0.99898021     5.7068789      1.498421       6.8406091    
  10040000   1.0027346      5.6899728      1.5040524      6.8348837    
  10050000   0.99062689     5.6919538      1.4858915      6.8289302    
  10060000   0.99942502     5.6753717      1.4990882      6.8248234    
  10070000   0.9965741      5.6863548      1.494812       6.8266822    
  10080000   1.0003987      5.6863496      1.5005487      6.8335125    
  10090000   0.99316861     5.684118       1.4897039      6.8336427    
  10100000   1.003322       5.6984485      1.5049335      6.8379992    
  10110000   1.0080707      5.6894301      1.5120563      6.8270172    
  10120000   1.0017521      5.6934895      1.5025787      6.8382667    
  10130000   1.0035874      5.695066       1.5053315      6.8336015    
  10140000   0.98996983     5.6630684      1.4849059      6.8250935    
  10150000   1.0016199      5.6887127      1.5023804      6.8313942    
  10160000   1.0029569      5.6822291      1.5043859      6.8284736    
  10170000   0.99518106     5.6789209      1.4927225      6.8282493    
  10180000   0.99860982     5.6791296      1.4978655      6.8233601    
  10190000   1.0049918      5.6706475      1.5074381      6.8193306    
  10200000   0.99598264     5.6824303      1.4939248      6.8289424    
  10210000   1.0032939      5.6841199      1.5048913      6.8263508    
  10220000   1.0007082      5.6772734      1.501013       6.8232611    
  10230000   1.0096288      5.6949982      1.5143933      6.8342677    
  10240000   0.99865356     5.6980079      1.4979311      6.8294422    
  10250000   0.99986871     5.6867044      1.4997537      6.827077     
  10260000   1.0066531      5.676457       1.50993        6.8344843    
  10270000   1.0002359      5.6776003      1.5003045      6.8265416    
  10280000   0.98253729     5.6652736      1.4737575      6.8179306    
  10290000   0.99807642     5.6833734      1.4970654      6.8314245    
  10300000   1.0027395      5.6782104      1.5040598      6.8303965    
  10310000   1.002642       5.6805292      1.5039136      6.8366594    
  10320000   0.98096796     5.6676242      1.4714036      6.8277874    
  10330000   1.000049       5.6816165      1.5000241      6.8279446    
  10340000   0.99672121     5.6749986      1.4950326      6.8288379    
  10350000   1.0064088      5.690773       1.5095636      6.837974     
  10360000   1.0035831      5.6820326      1.5053252      6.8282068    
  10370000   0.99344087     5.7049667      1.4901123      6.8430877    
  10380000   1.0068638      5.6857813      1.5102461      6.8318913    
  10390000   0.9946287      5.6801457      1.491894       6.8301864    
  10400000   0.99860361     5.6946323      1.4978562      6.8403218    
  10410000   0.99643393     5.6961988      1.4946017      6.8345619    
  10420000   0.99958535     5.6770055      1.4993287      6.8210713    
  10430000   1.0076394      5.6801437      1.5114094      6.8261644    
  10440000   0.99614381     5.6867547      1.4941666      6.8300978    
  10450000   0.99870553     5.704564       1.498009       6.8394768    
  10460000   1.0041356      5.6871767      1.5061539      6.8370555    
  10470000   1.0043699      5.6912242      1.5065054      6.8277197    
  10480000   0.9997603      5.6861332      1.4995911      6.8259491    
  10490000   1.0045135      5.665936       1.5067207      6.8273288    
  10500000   1.0011662      5.6799735      1.5016998      6.8345417    
  10510000   0.99842523     5.6782378      1.4975886      6.8311854    
  10520000   0.99152371     5.6721769      1.4872367      6.8262826    
  10530000   1.0005465      5.6753419      1.5007705      6.8295135    
  10540000   0.99479394     5.6831456      1.4921418      6.8281254    
  10550000   0.99836495     5.6861946      1.4974982      6.8305399    
  10560000   1.003003       5.681698       1.504455       6.8284251    
  10570000   1.0060744      5.6816616      1.509062       6.8290952    
  10580000   0.99479432     5.6852231      1.4921424      6.8231188    
  10590000   0.98974548     5.6787003      1.4845694      6.8268771    
  10600000   0.99412113     5.6838032      1.4911327      6.8291052    
  10610000   1.0031138      5.679584       1.5046212      6.824419     
  10620000   0.99972586     5.6775272      1.4995395      6.8241429    
  10630000   1.0059131      5.69256        1.50882        6.840548     
  10640000   0.9984014      5.6729254      1.4975528      6.8297899    
  10650000   0.99497411     5.6589107      1.4924121      6.8213044    
  10660000   0.99597414     5.6895469      1.4939121      6.831965     
  10670000   0.99655926     5.6832117      1.4947897      6.8326831    
  10680000   1.0054811      5.6755602      1.5081721      6.827801     
  10690000   0.99909418     5.6831958      1.498592       6.8331556    
  10700000   0.99445308     5.684842       1.4916306      6.8249974    
  10710000   0.9978186      5.6932404      1.4966787      6.8309146    
  10720000   1.0036428      5.6982883      1.5054146      6.8265397    
  10730000   1.0031287      5.7086067      1.5046436      6.8329228    
  10740000   1.006504       5.6902535      1.5097064      6.8262449    
  10750000   0.99919841     5.6912055      1.4987483      6.8302727    
  10760000   0.99712949     5.6863879      1.495645       6.8318812    
  10770000   0.99575474     5.6755261      1.493583       6.8279138    
  10780000   0.99449026     5.6894661      1.4916863      6.8341799    
  10790000   1.0034634      5.6957474      1.5051455      6.8334307    
  10800000   0.99596412     5.681941       1.4938971      6.8286597    
  10810000   0.99742049     5.6801498      1.4960815      6.8202587    
  10820000   0.99834205     5.699158       1.4974638      6.8279078    
  10830000   1.0075533      5.694335       1.5112802      6.8282376    
  10840000   1.0043628      5.7012129      1.5064947      6.8344605    
  10850000   1.0036336      5.6812098      1.5054009      6.8324001    
  10860000   0.99546528     5.688209       1.4931488      6.8352392    
  10870000   0.99776802     5.6797844      1.4966028      6.8296942    
  10880000   0.99832682     5.6829056      1.497441       6.8266363    
  10890000   1.0041104      5.6807623      1.5061161      6.8302132    
  10900000   0.99089087     5.6840542      1.4862874      6.8356596    
  10910000   1.0027691      5.6837132      1.5041042      6.8298267    
  10920000   1.0006863      5.6782055      1.5009801      6.8203779    
  10930000   1.0062782      5.6712196      1.5093676      6.8275287    
  10940000   1.0070298      5.6679579      1.5104951      6.8251262    
  10950000   0.99854        5.6780865      1.4977607      6.8318162    
  10960000   0.99481659     5.6694406      1.4921758      6.822304     
  10970000   1.0035146      5.6833765      1.5052224      6.8299866    
  10980000   1.0068429      5.6846148      1.5102147      6.821877     
  10990000   0.99455625     5.6868752      1.4917853      6.8336376    
  11000000   1.0006308      5.6905922      1.5008968      6.8395854    
  11010000   0.99674621     5.6883191      1.4950701      6.8250776    
  11020000   0.99861841     5.6927844      1.4978784      6.8302621    
  11030000   0.99730706     5.6906473      1.4959114      6.8312946    
  11040000   1.0049255      5.6829664      1.5073387      6.8302334    
  11050000   1.0020534      5.6922251      1.5030306      6.8337947    
  11060000   0.99533652     5.6792886      1.4929557      6.8315937    
  11070000   0.99788026     5.6799263      1.4967712      6.8308607    
  11080000   1.0023331      5.6940922      1.5034502      6.8429633    
  11090000   0.99951966     5.6853158      1.4992302      6.832544     
  11100000   1.0060495      5.6842738      1.5090246      6.8322581    
  11110000   1.0015458      5.6815944      1.5022693      6.8336006    
  11120000   0.9991883      5.6844224      1.4987332      6.8299861    
  11130000   1.0062125      5.6732747      1.5092691      6.8342308    
  11140000   0.99405175     5.6795419      1.4910286      6.8285988    
  11150000   0.99658796     5.6810613      1.4948328      6.8323786    
  11160000   1.0013739      5.6990529      1.5020114      6.8361407    
  11170000   1.0066263      5.6917389      1.5098898      6.8345983    
  11180000   1.0067454      5.6705339      1.5100685      6.8311373    
  11190000   1.0058089      5.684495       1.5086638      6.8368806    
  11200000   1.0084609      5.6771046      1.5126416      6.8302467    
  11210000   0.99571848     5.6831454      1.4935286      6.8324808    
  11220000   1.0036125      5.6897928      1.5053692      6.8345722    
  11230000   1.0091168      5.6874927      1.5136254      6.826202     
  11240000   0.99633202     5.6892823      1.4944489      6.824469     
  11250000   0.99847403     5.7000082      1.4976618      6.8388878    
  11260000   1.0054729      5.7070034      1.5081598      6.8358554    
  11270000   0.99988652     5.6799347      1.4997805      6.825682     
  11280000   0.99729787     5.6979162      1.4958976      6.8340942    
  11290000   1.0029726      5.7093774      1.5044094      6.8421254    
  11300000   1.0092009      5.6941618      1.5137515      6.8234451    
  11310000   1.0002928      5.6757347      1.5003898      6.8304164    
  11320000   0.99717913     5.6799277      1.4957195      6.8313262    
  11330000   0.99897369     5.694223       1.4984113      6.8322922    
  11340000   1.0017075      5.6932388      1.5025119      6.8317677    
  11350000   0.99435303     5.6890336      1.4914805      6.8303012    
  11360000   1.0040237      5.689583       1.505986       6.8328343    
  11370000   0.99603029     5.7009386      1.4939963      6.8405802    
  11380000   0.9945836      5.6963893      1.4918263      6.8338871    
  11390000   1.0006295      5.6862065      1.5008948      6.8284605    
  11400000   1.0010206      5.688632       1.5014816      6.8297254    
  11410000   0.99111587     5.7017895      1.4866249      6.8310743    
  11420000   0.99070442     5.6976733      1.4860078      6.8336402    
  11430000   0.99572394     5.6921683      1.4935368      6.8277127    
  11440000   0.9958143      5.6783436      1.4936723      6.8332174    
  11450000   1.0084579      5.6900666      1.5126371      6.8326947    
  11460000   1.0014869      5.6908606      1.502181       6.8297509    
  11470000   0.99510872     5.6753064      1.492614       6.8235335    
  11480000   1.0099074      5.6832216      1.5148113      6.8274015    
  11490000   1.0015008      5.6872683      1.5022018      6.8330004    
  11500000   1.0021677      5.6978173      1.5032021      6.8290962    
  11510000   1.0028156      5.6919543      1.5041739      6.8354472    
  11520000   1.003219       5.6870411      1.5047789      6.8317001    
  11530000   1.0050781      5.6842383      1.5075676      6.8221699    
  11540000   0.9915881      5.6828381      1.4873332      6.832794     
  11550000   0.99697634     5.6907275      1.4954153      6.8334151    
  11560000   0.99854981     5.6783201      1.4977755      6.8305063    
  11570000   1.0001352      5.6907432      1.5001534      6.8378481    
  11580000   0.99301007     5.6865656      1.4894661      6.8347131    
  11590000   0.99345334     5.6839056      1.490131       6.827095     
  11600000   1.0013543      5.6972425      1.5019821      6.8316634    
  11610000   1.000789       5.6900456      1.5011341      6.8279309    
  11620000   0.998273       5.6916342      1.4973603      6.8296428    
  11630000   1.0095622      5.6872791      1.5142934      6.8293905    
  11640000   0.99964219     5.6963203      1.499414       6.8318685    
  11650000   1.0007956      5.6828254      1.501144       6.827507     
  11660000   1.0009274      5.683158       1.5013418      6.8284284    
  11670000   1.0092306      5.674358       1.5137961      6.8274689    
  11680000   0.99846045     5.6909036      1.4976414      6.8315736    
  11690000   1.0061319      5.6803476      1.5091483      6.8265365    
  11700000   0.99981103     5.6991664      1.4996672      6.8395541    
  11710000   0.99817814     5.6787178      1.497218       6.8267445    
  11720000   1.005267       5.6811926      1.5078509      6.8293059    
  11730000   0.99816763     5.694919       1.4972022      6.8376825    
  11740000   1.0076578      5.6809029      1.511437       6.8306103    
  11750000   1.0029533      5.6894601      1.5043804      6.8241668    
  11760000   0.99434089     5.6826805      1.4914623      6.8260425    
  11770000   1.003008       5.6892603      1.5044625      6.831891     
  11780000   1.0008252      5.6829213      1.5011884      6.835474     
  11790000   0.99482712     5.6861923      1.4921916      6.8306979    
  11800000   1.0060896      5.6905465      1.5090847      6.829944     
  11810000   1.0020596      5.6713936      1.5030399      6.8264318    
  11820000   1.003637       5.7059676      1.505406       6.832488     
  11830000   0.99732628     5.7058297      1.4959402      6.8326871    
  11840000   0.99654252     5.6950518      1.4947646      6.8387264    
  11850000   0.99972734     5.6933246      1.4995417      6.8350869    
  11860000   1.0048377      5.675556       1.5072069      6.8264949    
  11870000   0.99962852     5.6879065      1.4993935      6.8320621    
  11880000   1.0047605      5.6782486      1.5070911      6.826113     
  11890000   1.0049755      5.677575       1.5074136      6.8295954    
  11900000   1.0074339      5.6719094      1.5111012      6.8317857    
  11910000   0.9948173      5.6815706      1.4921769      6.830252     
  11920000   0.99433047     5.6893226      1.4914467      6.8273775    
  11930000   1.0007405      5.6846597      1.5010614      6.8246747    
  11940000   1.0004496      5.6857481      1.5006251      6.8296141    
  11950000   0.99401533     5.6674084      1.490974       6.8287616    
  11960000   1.0049462      5.6824631      1.5073697      6.8252508    
  11970000   0.99837454     5.6943308      1.4975126      6.8361539    
  11980000   0.9928786      5.6978081      1.4892689      6.8358032    
  11990000   1.0001319      5.6856369      1.5001485      6.8228917    
  12000000   0.99893813     5.6960616      1.4983579      6.8347912    
  12010000   0.99809965     5.6884473      1.4971002      6.8323109    
  12020000   0.98594357     5.6857058      1.4788667      6.8322906    
  12030000   0.99610179     5.6849039      1.4941036      6.826248     
  12040000   1.0015874      5.697534       1.5023316      6.8374479    
  12050000   0.99794802     5.6937636      1.4968728      6.8259476    
  12060000   1.0002887      5.6937043      1.5003837      6.8265698    
  12070000   1.0025147      5.7081038      1.5037226      6.8305175    
  12080000   0.99423962     5.6667938      1.4913104      6.8204372    
  12090000   0.99606819     5.6934408      1.4940531      6.8349561    
  12100000   0.99253057     5.6789692      1.4887469      6.8293142    
  12110000   0.99835231     5.6850287      1.4974792      6.8332927    
  12120000   1.0024648      5.67727        1.5036477      6.8257699    
  12130000   0.99196146     5.6791482      1.4878933      6.8282757    
  12140000   1.01062        5.6979121      1.5158801      6.8321421    
  12150000   1.0022832      5.6955379      1.5033753      6.8321013    
  12160000   0.99365458     5.6830544      1.4904329      6.8248223    
  12170000   1.003257       5.6832085      1.504836       6.8273173    
  12180000   1.0047812      5.6868458      1.5071222      6.8282642    
  12190000   0.99104983     5.6965066      1.4865259      6.8321606    
  12200000   0.99434513     5.693853       1.4914686      6.8302068    
  12210000   1.0013854      5.6940137      1.5020286      6.8311263    
  12220000   0.99528646     5.6907852      1.4928806      6.8253752    
  12230000   1.0062051      5.6970768      1.509258       6.8285582    
  12240000   0.99565142     5.6911069      1.493428       6.8294845    
  12250000   1.0052183      5.6813831      1.5077779      6.8240446    
  12260000   0.99917035     5.6856181      1.4987062      6.8324285    
  12270000   0.99915334     5.6897451      1.4986807      6.8338631    
  12280000   1.0045955      5.6859985      1.5068437      6.82594      
  12290000   1.0047595      5.6827094      1.5070897      6.8344043    
  12300000   1.0004375      5.6881513      1.500607       6.8319801    
  12310000   0.99491333     5.7005606      1.4923209      6.8319704    
  12320000   1.0010553      5.7016986      1.5015336      6.8343025    
  12330000   0.99884319     5.6941703      1.4982155      6.8239961    
  12340000   1.0026405      5.6883117      1.5039112      6.8268552    
  12350000   0.9937911      5.6891642      1.4906376      6.8335365    
  12360000   1.0132282      5.6833801      1.5197923      6.8318386    
  12370000   0.99793372     5.6873779      1.4968514      6.8239102    
  12380000   1.0050424      5.6820185      1.5075141      6.8301296    
  12390000   0.99322087     5.6935829      1.4897823      6.831606     
  12400000   0.99457852     5.6803823      1.4918187      6.8285051    
  12410000   0.99680459     5.6750018      1.4951577      6.8269596    
  12420000   1.0042361      5.676801       1.5063047      6.8290853    
  12430000   0.99816476     5.6802152      1.4971979      6.8331926    
  12440000   0.99592455     5.6754874      1.4938377      6.8272012    
  12450000   0.9955185      5.6744168      1.4932286      6.8289017    
  12460000   0.99643304     5.6704008      1.4946004      6.8208844    
  12470000   1.0033288      5.6660376      1.5049437      6.8242528    
  12480000   1.0065737      5.6821159      1.509811       6.8326821    
  12490000   1.0057943      5.6690761      1.5086418      6.8209047    
  12500000   1.0036466      5.6777203      1.5054204      6.8189716    
  12510000   0.99640871     5.6783889      1.4945639      6.8220369    
  12520000   1.0037103      5.6917627      1.5055159      6.8282946    
  12530000   0.99522817     5.6777152      1.4927932      6.8327626    
  12540000   1.0018218      5.6797118      1.5026832      6.830504     
  12550000   1.0095689      5.6745405      1.5143035      6.8257289    
  12560000   1.0024108      5.6974464      1.5035668      6.8300252    
  12570000   0.99955925     5.6913584      1.4992896      6.8343452    
  12580000   1.0015145      5.6848502      1.5022223      6.8267666    
  12590000   1.0047515      5.6827305      1.5070777      6.8321523    
  12600000   0.99831379     5.6921299      1.4974214      6.829481     
  12610000   1.0025473      5.6949077      1.5037714      6.8349214    
  12620000   1.0028387      5.6785436      1.5042086      6.8284042    
  12630000   1.0017595      5.6760836      1.5025898      6.8255961    
  12640000   0.99576436     5.684484       1.4935974      6.8325897    
  12650000   1.0041648      5.6874807      1.5061976      6.8297866    
  12660000   0.99964759     5.6885005      1.4994221      6.8315945    
  12670000   0.99562914     5.7000372      1.4933946      6.829284     
  12680000   0.99413485     5.69408        1.4911532      6.8344778    
  12690000   1.0071812      5.6909982      1.5107221      6.8278051    
  12700000   0.99901154     5.6915141      1.498468       6.8288531    
  12710000   0.9906323      5.6908518      1.4858996      6.8265994    
  12720000   0.99434106     5.6898928      1.4914625      6.8271043    
  12730000   0.99914416     5.6904943      1.4986669      6.8309246    
  12740000   0.99434008     5.6859212      1.4914611      6.8314442    
  12750000   0.99511566     5.7052915      1.4926244      6.8425251    
  12760000   1.0000843      5.68629        1.500077       6.8279962    
  12770000   0.99138576     5.6991634      1.4870297      6.830959     
  12780000   1.0038436      5.6865644      1.5057159      6.8256538    
  12790000   1.0071885      5.6949509      1.5107331      6.8298015    
  12800000   0.99703601     5.6945689      1.4955048      6.8393855    
  12810000   0.99632557     5.7066263      1.4944392      6.8326949    
  12820000   0.99565653     5.6945356      1.4934357      6.8310915    
  12830000   1.0000609      5.6937335      1.500042       6.8300228    
  12840000   1.0082988      5.6729131      1.5123985      6.8269603    
  12850000   1.0029395      5.6969241      1.5043597      6.8364081    
  12860000   1.0019464      5.684245       1.5028702      6.8308459    
  12870000   0.99311325     5.6766415      1.4896209      6.8239393    
  12880000   1.0039557      5.6815036      1.505884       6.8257534    
  12890000   0.99555431     5.6828623      1.4932823      6.8311437    
  12900000   0.98899299     5.6823665      1.4834407      6.8301994    
  12910000   0.99694831     5.6798322      1.4953733      6.8308754    
  12920000   0.99969751     5.6812333      1.4994969      6.8231312    
  12930000   0.9986512      5.6675388      1.4979275      6.8296021    
  12940000   0.9948187      5.6879165      1.492179       6.8313639    
  12950000   1.0016198      5.6919271      1.5023803      6.8345294    
  12960000   1.0036287      5.6937619      1.5053935      6.8276502    
  12970000   0.99340622     5.6830295      1.4900603      6.8232097    
  12980000   0.99982817     5.6999477      1.4996929      6.8374183    
  12990000   1.0014123      5.7040545      1.5020691      6.8294501    
  13000000   1.0009783      5.6982897      1.5014181      6.8345133    
  13010000   1.0043968      5.6869985      1.5065457      6.8313196    
  13020000   0.99709351     5.6847296      1.4955911      6.8305784    
  13030000   1.0028111      5.6948578      1.5041672      6.833739     
  13040000   1.0063094      5.694782       1.5094145      6.8346086    
  13050000   1.0064891      5.7015446      1.5096841      6.8350415    
  13060000   0.99959636     5.6837831      1.4993452      6.8207249    
  13070000   1.0015943      5.701459       1.5023421      6.8319962    
  13080000   1.0020888      5.702243       1.5030838      6.8291747    
  13090000   1.0013716      5.6938481      1.502008       6.8291994    
  13100000   1.0015297      5.6846058      1.5022452      6.820346     
  13110000   1.000742       5.6939731      1.5010637      6.8336154    
  13120000   1.0039926      5.6835072      1.5059394      6.8356962    
  13130000   0.99943782     5.6987021      1.4991074      6.8354626    
  13140000   0.99272416     5.6963004      1.4890373      6.8269822    
  13150000   0.99811818     5.6932132      1.497128       6.8287002    
  13160000   1.0067831      5.6797635      1.510125       6.8256064    
  13170000   0.99474505     5.6962165      1.4920685      6.8398439    
  13180000   0.99491488     5.6940519      1.4923232      6.8307385    
  13190000   1.0021996      5.6883026      1.5032499      6.8288195    
  13200000   1.0050249      5.6991142      1.5074877      6.8301534    
  13210000   0.99803822     5.690788       1.4970081      6.8295369    
  13220000   1.00372        5.6964265      1.5055305      6.8296245    
  13230000   1.0031041      5.6959665      1.5046067      6.832641     
  13240000   0.99495        5.687441       1.4923759      6.832145     
  13250000   0.9985788      5.698935       1.4978189      6.8286141    
  13260000   1.0017788      5.7025352      1.5026188      6.8306176    
  13270000   0.99786217     5.6984845      1.496744       6.8284563    
  13280000   1.0024148      5.6830776      1.5035727      6.828196     
  13290000   0.9930041      5.6973648      1.4894572      6.8279461    
  13300000   1.0056701      5.6902674      1.5084555      6.8331034    
  13310000   1.0036675      5.7110022      1.5054517      6.8323409    
  13320000   1.0032224      5.7003748      1.5047842      6.8355561    
  13330000   1.0029344      5.6885456      1.5043521      6.8334985    
  13340000   0.99721414     5.6763646      1.495772       6.8211775    
  13350000   1.0064222      5.6911658      1.5095836      6.8343478    
  13360000   1.0003897      5.6995702      1.5005352      6.8401723    
  13370000   0.999026       5.7008862      1.4984897      6.8309149    
  13380000   0.9987456      5.687243       1.4980691      6.8226671    
  13390000   1.0094181      5.6969906      1.5140774      6.8301655    
  13400000   0.99528745     5.6933732      1.4928821      6.8352166    
  13410000   1.0001401      5.6901243      1.5001608      6.8298013    
  13420000   0.99065138     5.705425       1.4859282      6.8359846    
  13430000   0.99138805     5.7012813      1.4870332      6.8290821    
  13440000   1.0037285      5.7005292      1.5055432      6.8335037    
  13450000   0.99661381     5.6950058      1.4948715      6.837336     
  13460000   0.99103841     5.6992845      1.4865087      6.8296314    
  13470000   1.0026455      5.6787823      1.5039188      6.823611     
  13480000   1.0023377      5.7022517      1.5034571      6.8363477    
  13490000   1.001865       5.7203143      1.502748       6.8371042    
  13500000   1.0094979      5.6944369      1.514197       6.8283652    
  13510000   0.99775348     5.6884612      1.496581       6.8305892    
  13520000   0.9943235      5.693606       1.4914362      6.832632     
  13530000   1.0010687      5.7003266      1.5015537      6.8330778    
  13540000   0.98840452     5.6998759      1.482558       6.8350976    
  13550000   0.99697205     5.6935234      1.4954089      6.8339452    
  13560000   0.99509296     5.6911335      1.4925903      6.8369436    
  13570000   0.99918298     5.6840776      1.4987252      6.8300867    
  13580000   1.0136385      5.6849465      1.5204077      6.8300874    
  13590000   1.0011481      5.6916923      1.5016728      6.8308653    
  13600000   0.99850551     5.6787374      1.497709       6.82554      
  13610000   0.99656893     5.6748289      1.4948042      6.8353535    
  13620000   1.003693       5.6807014      1.50549        6.8343362    
  13630000   0.99974262     5.6934429      1.4995646      6.8382139    
  13640000   1.0021181      5.703918       1.5031277      6.8329752    
  13650000   1.0019534      5.6886697      1.5028807      6.8254486    
  13660000   0.99999068     5.6901533      1.4999367      6.8299404    
  13670000   0.99778382     5.691511       1.4966265      6.8328853    
  13680000   1.0016036      5.7015579      1.5023559      6.8359185    
  13690000   0.99748688     5.6807777      1.4961811      6.8269883    
  13700000   1.000137       5.692432       1.5001562      6.8301567    
  13710000   1.0018369      5.7037737      1.502706       6.8373666    
  13720000   0.99349298     5.6809254      1.4901905      6.8352848    
  13730000   1.0022144      5.6689978      1.5032722      6.828916     
  13740000   1.0054755      5.6707906      1.5081637      6.8273037    
  13750000   1.0010776      5.6802154      1.5015671      6.8304522    
  13760000   1.0034227      5.683289       1.5050845      6.8347278    
  13770000   0.99713229     5.685539       1.4956492      6.8292855    
  13780000   0.99839043     5.7061387      1.4975364      6.8358402    
  13790000   1.0000064      5.6994899      1.4999602      6.8372764    
  13800000   1.0017879      5.7064         1.5026324      6.8401445    
  13810000   0.99512973     5.6852751      1.4926455      6.8311989    
  13820000   1.0017846      5.689766       1.5026275      6.8302484    
  13830000   0.99359887     5.6986923      1.4903493      6.8390765    
  13840000   1.0036178      5.6698263      1.5053771      6.8268307    
  13850000   0.99831328     5.6807803      1.4974207      6.8316841    
  13860000   0.99768661     5.6884943      1.4964807      6.8340947    
  13870000   1.0056378      5.6881344      1.508407       6.8238711    
  13880000   0.99935649     5.6927917      1.4989854      6.8339365    
  13890000   1.0040819      5.6989689      1.5060734      6.8344568    
  13900000   1.002417       5.6892819      1.503576       6.8353482    
  13910000   0.99431283     5.6992556      1.4914202      6.8328607    
  13920000   0.99602876     5.6953368      1.493994       6.8324578    
  13930000   1.0046608      5.693732       1.5069417      6.8279055    
  13940000   0.99437336     5.671768       1.491511       6.8297846    
  13950000   0.99798128     5.6842498      1.4969227      6.832055     
  13960000   1.0017571      5.6884346      1.5025863      6.8361421    
  13970000   1.0059385      5.6863153      1.5088581      6.8303885    
  13980000   1.0024562      5.6856608      1.5036348      6.831052     
  13990000   0.9979923      5.6840394      1.4969392      6.8326905    
  14000000   1.0040268      5.7020043      1.5059907      6.8273511    
  14010000   1.0055513      5.686648       1.5082774      6.8224664    
  14020000   1.0076173      5.6817284      1.5113763      6.8266316    
  14030000   1.0057512      5.693403       1.5085771      6.8315791    
  14040000   0.99929947     5.6833632      1.4988999      6.8295974    
  14050000   0.9932438      5.6868307      1.4898167      6.8286503    
  14060000   0.99590093     5.6785261      1.4938023      6.8261046    
  14070000   0.99569121     5.6860047      1.4934877      6.8309653    
  14080000   1.0034117      5.6879525      1.5050681      6.8241999    
  14090000   1.0001254      5.7007919      1.5001387      6.8273468    
  14100000   1.0026184      5.6945102      1.5038781      6.8335943    
  14110000   0.99270517     5.6921577      1.4890088      6.8323992    
  14120000   0.99980172     5.6963156      1.4996533      6.8292347    
  14130000   0.99378021     5.6868548      1.4906213      6.8312359    
  14140000   0.99713903     5.7118116      1.4956594      6.8430047    
  14150000   0.99723426     5.690174       1.4958022      6.8248836    
  14160000   1.0022408      5.7023518      1.5033117      6.8236366    
  14170000   1.0061949      5.7082588      1.5092427      6.8333311    
  14180000   1.0042862      5.6953729      1.5063798      6.8253196    
  14190000   1.0045605      5.7008396      1.5067912      6.8281417    
  14200000   1.0005045      5.6940719      1.5007074      6.8282613    
  14210000   1.001755       5.6921107      1.5025831      6.8316744    
  14220000   1.0000491      5.69601        1.5000243      6.82901      
  14230000   0.99655472     5.7117903      1.4947829      6.8330401    
  14240000   1.0003066      5.7110257      1.5004105      6.8395644    
  14250000   1.0000412      5.6845124      1.5000125      6.82395      
  14260000   1.0004922      5.7019899      1.500689       6.8334881    
  14270000   0.99690389     5.7191818      1.4953067      6.8389727    
  14280000   0.99452004     5.7049976      1.491731       6.832448     
  14290000   1.0004287      5.6907939      1.5005938      6.8288279    
  14300000   0.99543028     5.7037117      1.4930963      6.8301207    
  14310000   1.0114546      5.7001145      1.5171319      6.8319058    
  14320000   1.0006157      5.7013196      1.5008742      6.8370989    
  14330000   1.0019201      5.6953678      1.5028307      6.8284223    
  14340000   1.0052752      5.6731831      1.5078632      6.8259386    
  14350000   0.99494984     5.692634       1.4923757      6.8341966    
  14360000   1.0007862      5.692992       1.50113        6.8301513    
  14370000   1.0046232      5.672628       1.5068852      6.8269202    
  14380000   0.99958265     5.6686857      1.4993247      6.8203788    
  14390000   0.99369529     5.6853112      1.4904939      6.8374911    
  14400000   0.99770137     5.681815       1.4965028      6.8373946    
  14410000   0.99534036     5.6958173      1.4929614      6.8371211    
  14420000   1.0029531      5.6772448      1.5043802      6.8307872    
  14430000   1.0004052      5.6694548      1.5005585      6.8297017    
  14440000   1.0066415      5.6676664      1.5099126      6.8313027    
  14450000   1.0028342      5.677687       1.5042018      6.8309693    
  14460000   1.0023282      5.6664705      1.5034428      6.825243     
  14470000   0.99979748     5.6811977      1.4996469      6.8362066    
  14480000   1.0022186      5.6849055      1.5032785      6.8343995    
  14490000   1.001327       5.6934743      1.501941       6.8380944    
  14500000   0.99688744     5.690371       1.495282       6.8370613    
  14510000   0.99006709     5.6806698      1.4850518      6.8425465    
  14520000   0.99660361     5.7041122      1.4948563      6.8416751    
  14530000   0.99772145     5.6903355      1.496533       6.8363224    
  14540000   0.99795521     5.6810047      1.4968836      6.8334782    
  14550000   0.99962462     5.6731894      1.4993876      6.8365695    
  14560000   1.0023984      5.6617968      1.5035481      6.823848     
  14570000   0.99045198     5.6794533      1.4856291      6.829327     
  14580000   0.99977427     5.678059       1.4996121      6.8317819    
  14590000   0.99986707     5.671474       1.4997513      6.8325678    
  14600000   0.99778359     5.6795689      1.4966262      6.8301728    
  14610000   1.0095104      5.6688271      1.5142158      6.8260868    
  14620000   1.0061556      5.680001       1.5091838      6.8252932    
  14630000   0.99448121     5.676124       1.4916728      6.8249268    
  14640000   1.0118539      5.6936371      1.517731       6.8330264    
  14650000   0.99715419     5.6945143      1.4956821      6.8328928    
  14660000   1.0056869      5.6909797      1.5084808      6.8357019    
  14670000   0.9971462      5.686611       1.4956701      6.8314304    
  14680000   0.99480018     5.6835931      1.4921512      6.8234642    
  14690000   1.002028       5.690604       1.5029926      6.8331867    
  14700000   1.0059578      5.6723968      1.5088871      6.8271215    
  14710000   0.99179863     5.6727982      1.487649       6.8279065    
  14720000   1.00076        5.6686146      1.5010907      6.8300136    
  14730000   1.0031275      5.6817878      1.5046418      6.829579     
  14740000   0.99902895     5.6877117      1.4984941      6.829482     
  14750000   1.0048326      5.6781793      1.5071993      6.8337898    
  14760000   1.0017337      5.6832693      1.5025512      6.8284321    
  14770000   1.0036822      5.6769444      1.5054739      6.829654     
  14780000   0.9940639      5.6822714      1.4910468      6.827479     
  14790000   0.99675131     5.6905749      1.4950778      6.8313934    
  14800000   1.0023399      5.6954212      1.5034605      6.8301698    
  14810000   0.99627932     5.6889372      1.4943698      6.8338236    
  14820000   1.0019207      5.6920551      1.5028316      6.8355686    
  14830000   1.0078951      5.6853843      1.511793       6.8296105    
  14840000   0.99060276     5.6888411      1.4858553      6.8347105    
  14850000   0.99300873     5.6805083      1.4894641      6.8275894    
  14860000   1.0070853      5.672454       1.5105782      6.8280334    
  14870000   1.0106206      5.6693135      1.515881       6.8269483    
  14880000   1.0057246      5.6737808      1.5085373      6.8267666    
  14890000   0.99848489     5.6788168      1.4976781      6.8279276    
  14900000   1.001738       5.6680666      1.5025577      6.8290382    
  14910000   1.0055607      5.6802896      1.5082915      6.8250854    
  14920000   1.0000054      5.6752385      1.4999587      6.8237004    
  14930000   0.99744311     5.6679281      1.4961155      6.8300827    
  14940000   1.0025566      5.662362       1.5037855      6.8226295    
  14950000   1.004321       5.6793714      1.506432       6.8343741    
  14960000   0.99642748     5.6742026      1.4945921      6.8340379    
  14970000   0.99684937     5.6774278      1.4952249      6.8330021    
  14980000   1.0022045      5.686828       1.5032573      6.8336026    
  14990000   0.99775368     5.6790496      1.4965813      6.8270404    
  15000000   1.0027843      5.6784633      1.504127       6.8325705    
  15010000   0.99612845     5.6576171      1.4941435      6.8232095    
  15020000   1.0034004      5.6833754      1.5050511      6.8269551    
  15030000   1.0000158      5.6764099      1.4999744      6.8307115    
  15040000   0.99734095     5.6674253      1.4959622      6.8264122    
  15050000   1.0036376      5.6891652      1.5054069      6.8391288    
  15060000   1.0010353      5.6583103      1.5015035      6.8203451    
  15070000   0.998207       5.6791579      1.4972613      6.8251133    
  15080000   0.99825297     5.696959       1.4973302      6.832629     
  15090000   1.0032484      5.6796403      1.5048231      6.8270652    
  15100000   0.99558935     5.6795869      1.4933349      6.8304991    
  15110000   0.99856897     5.6794896      1.4978042      6.8252633    
  15120000   0.99613864     5.6896659      1.4941588      6.841181     
  15130000   1.0151095      5.69643        1.5226142      6.8348171    
  15140000   0.99191545     5.6875003      1.4878242      6.8252251    
  15150000   1.0040016      5.6817733      1.5059529      6.8268021    
  15160000   0.99668183     5.6821077      1.4949736      6.8321625    
  15170000   1.0026215      5.67637        1.5038828      6.8283619    
  15180000   0.99987232     5.680294       1.4997592      6.8281718    
  15190000   1.014199       5.686507       1.5212484      6.8302956    
  15200000   0.99818343     5.705161       1.4972259      6.8327842    
  15210000   1.0013936      5.6988662      1.5020411      6.8376037    
  15220000   1.0004873      5.6917018      1.5006816      6.83181      
  15230000   1.0055434      5.6949757      1.5082656      6.8341223    
  15240000   1.0039893      5.6897805      1.5059344      6.8299165    
  15250000   1.0029706      5.6658157      1.5044064      6.8272513    
  15260000   1.0051253      5.6625219      1.5076383      6.8233731    
  15270000   0.99972813     5.673158       1.4995429      6.8272034    
  15280000   0.99625785     5.678851       1.4943376      6.8333063    
  15290000   0.99570081     5.673507       1.4935021      6.8291922    
  15300000   1.0019503      5.6816723      1.5028761      6.8302091    
  15310000   1.0029449      5.6697636      1.5043679      6.8244856    
  15320000   0.99724091     5.6837365      1.4958122      6.8330044    
  15330000   0.99395722     5.6758298      1.4908868      6.8211491    
  15340000   0.99579808     5.6713601      1.493648       6.8307074    
  15350000   1.0031155      5.6870148      1.5046238      6.8327881    
  15360000   0.99652037     5.6881622      1.4947314      6.8370125    
  15370000   0.99341436     5.6711475      1.4900725      6.8306755    
  15380000   1.0002497      5.6813677      1.5003252      6.8339693    
  15390000   1.0073678      5.6827965      1.5110019      6.832493     
  15400000   1.0041069      5.6916259      1.5061108      6.836829     
  15410000   0.99920948     5.6754787      1.4987649      6.8353684    
  15420000   1.0002732      5.689279       1.5003604      6.8232456    
  15430000   0.99938396     5.6860404      1.4990266      6.8292924    
  15440000   0.99585783     5.7005821      1.4937376      6.8284777    
  15450000   0.99935441     5.6895045      1.4989823      6.8363658    
  15460000   1.0012213      5.6793605      1.5017826      6.8269611    
  15470000   1.004181       5.6866524      1.506222       6.8331955    
  15480000   1.0049996      5.6779116      1.5074498      6.8279566    
  15490000   0.99576044     5.67108        1.4935915      6.8276306    
  15500000   0.99607902     5.6861265      1.4940694      6.8313144    
  15510000   0.99551448     5.6875505      1.4932226      6.8349659    
  15520000   1.0002908      5.6984083      1.5003869      6.8339469    
  15530000   1.005371       5.6912652      1.5080069      6.8325247    
  15540000   0.99839963     5.6897528      1.4975502      6.8299423    
  15550000   0.99832225     5.6917804      1.4974341      6.843123     
  15560000   1.0065627      5.6871677      1.5097944      6.8322107    
  15570000   0.98646436     5.6844078      1.4796479      6.8269141    
  15580000   0.99497477     5.6796035      1.4924131      6.8299303    
  15590000   1.0054515      5.6822432      1.5081276      6.8274194    
  15600000   1.0063144      5.679389       1.509422       6.8321239    
  15610000   1.0106661      5.6757218      1.5159493      6.8291219    
  15620000   1.0024091      5.6909081      1.5035642      6.8385655    
  15630000   1.0049716      5.6885811      1.5074079      6.8251916    
  15640000   1.0026043      5.6837712      1.503857       6.8346994    
  15650000   0.99828936     5.6756413      1.4973848      6.8290116    
  15660000   0.99278249     5.6878032      1.4891248      6.8274223    
  15670000   1.002995       5.6787748      1.504443       6.8335204    
  15680000   1.0000359      5.6764462      1.5000045      6.8261989    
  15690000   1.005848       5.6938549      1.5087223      6.8367619    
  15700000   0.99141        5.6830303      1.4870661      6.8300469    
  15710000   1.001736       5.6855589      1.5025546      6.836285     
  15720000   0.99699875     5.6768264      1.4954489      6.8293766    
  15730000   0.99938934     5.6919537      1.4990347      6.8291384    
  15740000   1.0053526      5.6827291      1.5079792      6.8318342    
  15750000   1.008366       5.6931086      1.5124993      6.8262713    
  15760000   0.99797129     5.7076371      1.4969077      6.8430286    
  15770000   0.99484097     5.6889896      1.4922124      6.8288428    
  15780000   1.0034188      5.6788476      1.5050787      6.8350603    
  15790000   0.99717782     5.6794498      1.4957175      6.8249117    
  15800000   1.0015556      5.6909822      1.502284       6.827441     
  15810000   1.000119       5.690541       1.5001292      6.8313532    
  15820000   0.99878514     5.6785139      1.4981284      6.8300057    
  15830000   1.0016651      5.6853082      1.5024483      6.8312124    
  15840000   1.0081259      5.6712399      1.5121391      6.8218906    
  15850000   0.99752268     5.6947535      1.4962348      6.830635     
  15860000   1.0055392      5.6839631      1.5082593      6.8277865    
  15870000   0.99947608     5.6796675      1.4991648      6.8298465    
  15880000   0.99795321     5.6938567      1.4968806      6.8316993    
  15890000   1.0024945      5.6928976      1.5036924      6.8350056    
  15900000   0.99860419     5.6718114      1.497857       6.8194522    
  15910000   0.99757738     5.6872249      1.4963169      6.8306165    
  15920000   1.003903       5.7020804      1.5058049      6.836197     
  15930000   1.0021581      5.6860687      1.5031878      6.8279117    
  15940000   0.9932043      5.6977029      1.4897575      6.8341011    
  15950000   1.0024117      5.6935435      1.5035681      6.8371648    
  15960000   1.0020685      5.6841638      1.5030533      6.8342205    
  15970000   1.0012285      5.6795863      1.5017934      6.8264866    
  15980000   0.99297609     5.6994635      1.4894152      6.834267     
  15990000   0.99372063     5.6874842      1.4905319      6.8281468    
  16000000   0.99093104     5.6842958      1.4863477      6.8295467    
  16010000   0.99596826     5.6843778      1.4939033      6.8261578    
  16020000   0.99496542     5.6946362      1.492399       6.8305649    
  16030000   0.99819699     5.6989591      1.4972462      6.8313248    
  16040000   0.99545384     5.6883261      1.4931317      6.8332314    
  16050000   1.0060645      5.664152       1.5090471      6.8226948    
  16060000   1.0026738      5.6939597      1.5039612      6.8353287    
  16070000   0.99642183     5.690594       1.4945836      6.8363909    
  16080000   0.99984168     5.6593398      1.4997132      6.8303834    
  16090000   1.0001585      5.6693403      1.5001884      6.8310717    
  16100000   0.99763305     5.6707026      1.4964004      6.829114     
  16110000   0.99682844     5.6725215      1.4951935      6.8336823    
  16120000   0.99572922     5.6823083      1.4935447      6.8304572    
  16130000   0.99543512     5.6774357      1.4931036      6.8313611    
  16140000   1.0003266      5.6885405      1.5004406      6.8354842    
  16150000   1.002431       5.6758794      1.503597       6.8267673    
  16160000   0.9981895      5.6826655      1.497235       6.827231     
  16170000   0.99780247     5.6853541      1.4966545      6.8349057    
  16180000   0.99874395     5.6733749      1.4980667      6.8314164    
  16190000   0.99921875     5.6908314      1.4987788      6.8375455    
  16200000   1.0031478      5.6931344      1.5046723      6.8325029    
  16210000   1.005898       5.6899625      1.5087974      6.8325811    
  16220000   0.99972442     5.6894057      1.4995373      6.8282931    
  16230000   1.0059297      5.6956839      1.5088449      6.8305301    
  16240000   1.0007272      5.6954749      1.5010414      6.8349785    
  16250000   1.002404       5.6952358      1.5035565      6.837119     
  16260000   1.0062661      5.7006347      1.5093495      6.8342033    
  16270000   0.99907409     5.6981556      1.4985619      6.8364864    
  16280000   0.99902871     5.67343        1.4984938      6.8228913    
  16290000   1.0049004      5.6870596      1.507301       6.8283098    
  16300000   1.0019746      5.6883199      1.5029124      6.8301185    
  16310000   1.0008177      5.6728491      1.5011771      6.8235666    
  16320000   0.99242705     5.6767426      1.4885916      6.8277427    
  16330000   1.0066017      5.6927669      1.5098528      6.8358824    
  16340000   1.0001923      5.6874291      1.5002391      6.8317591    
  16350000   1.0029431      5.6858868      1.5043652      6.8313075    
  16360000   1.0027957      5.694525       1.5041441      6.8343065    
  16370000   0.99806105     5.6873368      1.4970423      6.829017     
  16380000   1.0043095      5.667468       1.5064147      6.8244672    
  16390000   1.0062309      5.6816216      1.5092968      6.834141     
  16400000   0.99958814     5.6841526      1.4993329      6.8319678    
  16410000   1.0068496      5.6912374      1.5102248      6.8287684    
  16420000   0.99620567     5.6980679      1.4942594      6.8340676    
  16430000   0.99905775     5.6910435      1.4985373      6.8282638    
  16440000   1.0094987      5.7048103      1.5141983      6.8312932    
  16450000   1.004236       5.6972881      1.5063045      6.8302472    
  16460000   0.99152812     5.7115572      1.4872433      6.8344806    
  16470000   0.99679978     5.6933833      1.4951505      6.8274496    
  16480000   1.000918       5.6898971      1.5013277      6.824929     
  16490000   1.0025086      5.6795865      1.5037134      6.8183561    
  16500000   1.0071609      5.695331       1.5106916      6.8308309    
  16510000   0.99743267     5.7114987      1.4960998      6.8324365    
  16520000   0.99184548     5.7031461      1.4877193      6.8311048    
  16530000   1.0017338      5.6975274      1.5025513      6.8325463    
  16540000   1.0031808      5.6862428      1.5047216      6.8303124    
  16550000   1.0025908      5.7025394      1.5038368      6.8345887    
  16560000   1.0054105      5.6980715      1.5080661      6.8293368    
  16570000   0.99537148     5.688872       1.4930081      6.8280706    
  16580000   1.0043692      5.6907171      1.5065042      6.8301185    
  16590000   0.99852137     5.6950554      1.4977328      6.8186774    
  16600000   1.0013416      5.6976551      1.5019631      6.8295095    
  16610000   1.0094334      5.6859861      1.5141003      6.8243232    
  16620000   1.000797       5.7036374      1.5011462      6.8363598    
  16630000   1.0023825      5.6836268      1.5035243      6.8274023    
  16640000   0.99426182     5.6813822      1.4913437      6.8299277    
  16650000   0.99659579     5.6836438      1.4948445      6.8285827    
  16660000   0.99511312     5.6940255      1.4926206      6.833693     
  16670000   1.0010835      5.6908147      1.5015758      6.8323779    
  16680000   0.99567934     5.6873114      1.4934699      6.8239358    
  16690000   0.99538632     5.6836269      1.4930304      6.8310315    
  16700000   0.99081997     5.6878447      1.4861811      6.8378134    
  16710000   0.99851013     5.6975349      1.4977159      6.8419363    
  16720000   0.99559336     5.6809805      1.4933409      6.8246122    
  16730000   0.99878452     5.6899811      1.4981275      6.828917     
  16740000   0.99409208     5.6772264      1.4910891      6.8293916    
  16750000   1.0112709      5.6869861      1.5168565      6.8319648    
  16760000   0.99158882     5.6941289      1.4873343      6.8373631    
  16770000   1.0047741      5.6972552      1.5071116      6.8321718    
  16780000   0.99785604     5.687795       1.4967348      6.8262788    
  16790000   0.99059727     5.7026575      1.485847       6.8358445    
  16800000   1.0000625      5.6960492      1.5000445      6.8293342    
  16810000   1.0005718      5.6927084      1.5008083      6.8318391    
  16820000   1.0033782      5.6818174      1.5050178      6.8273812    
  16830000   0.99768293     5.6947171      1.4964752      6.8385236    
  16840000   0.99730659     5.6901775      1.4959107      6.8367286    
  16850000   0.99752074     5.6879711      1.4962319      6.8261724    
  16860000   0.99286055     5.700313       1.4892419      6.8348519    
  16870000   0.99237931     5.6895372      1.48852        6.835479     
  16880000   0.99356751     5.674831       1.4903023      6.8200408    
  16890000   0.9940788      5.6966211      1.4910692      6.8350692    
  16900000   0.99652238     5.6956931      1.4947344      6.8304253    
  16910000   1.0049361      5.6902642      1.5073546      6.8304299    
  16920000   1.0001605      5.7086318      1.5001915      6.8385403    
  16930000   1.0009279      5.6932981      1.5013425      6.8348051    
  16940000   0.99260835     5.6943957      1.4888636      6.8366715    
  16950000   1.0029884      5.692743       1.5044331      6.831954     
  16960000   0.99718859     5.6984379      1.4957337      6.8330183    
  16970000   0.99796162     5.7029244      1.4968932      6.8360215    
  16980000   1.0001591      5.6928435      1.5001893      6.8243447    
  16990000   1.0063224      5.6926601      1.5094339      6.8254453    
  17000000   0.99933013     5.6850867      1.4989459      6.8219809    
  17010000   0.99143029     5.6756318      1.4870965      6.8295929    
  17020000   1.0010176      5.680138       1.501477       6.8309083    
  17030000   0.998345       5.6937848      1.4974683      6.8294044    
  17040000   1.0010034      5.6979345      1.5014558      6.837857     
  17050000   0.99958539     5.6888058      1.4993288      6.830804     
  17060000   1.0041725      5.697938       1.5062092      6.8347946    
  17070000   1.0038161      5.7025401      1.5056747      6.8394964    
  17080000   1.0037517      5.7092614      1.5055781      6.8386828    
  17090000   1.0018086      5.697307       1.5026635      6.8309334    
  17100000   0.99956934     5.6974585      1.4993047      6.8328962    
  17110000   0.99932252     5.6834576      1.4989345      6.8268692    
  17120000   0.99452942     5.6840535      1.4917451      6.8336963    
  17130000   0.99978044     5.6838298      1.4996213      6.8280969    
  17140000   0.99841644     5.6984518      1.4975754      6.8333974    
  17150000   1.0005444      5.6875845      1.5007673      6.8237075    
  17160000   0.9958131      5.6911202      1.4936705      6.8267407    
  17170000   1.0014931      5.7231397      1.5021902      6.8392813    
  17180000   1.0084957      5.6970092      1.5126938      6.8359743    
  17190000   0.9978655      5.7074173      1.496749       6.8289599    
  17200000   1.001051       5.6937268      1.5015271      6.8248439    
  17210000   1.0015459      5.689592       1.5022694      6.8265994    
  17220000   0.99717047     5.7173694      1.4957065      6.8364653    
  17230000   1.0034436      5.7092401      1.5051159      6.8377922    
  17240000   1.0031505      5.7061242      1.5046763      6.8272227    
  17250000   0.99179316     5.6995056      1.4876408      6.8323251    
  17260000   1.0029512      5.7069687      1.5043773      6.8357124    
  17270000   0.9948019      5.6918679      1.4921538      6.8291886    
  17280000   0.99389804     5.7006609      1.490798       6.8335817    
  17290000   1.0022657      5.7008169      1.5033491      6.8375493    
  17300000   1.0064256      5.7064552      1.5095887      6.8363207    
  17310000   0.99866914     5.7104323      1.4979545      6.8341269    
  17320000   0.9996825      5.7040835      1.4994744      6.8334024    
  17330000   0.99931523     5.6983483      1.4989235      6.8358373    
  17340000   1.0052565      5.6937117      1.5078352      6.8235823    
  17350000   1.0025941      5.6871714      1.5038417      6.8273351    
  17360000   1.0001033      5.695877       1.5001056      6.8234096    
  17370000   0.99987221     5.6994909      1.499759       6.8365597    
  17380000   0.99273007     5.6933801      1.4890461      6.8214582    
  17390000   0.99970512     5.6894245      1.4995084      6.8287072    
  17400000   1.0027395      5.7094214      1.5040598      6.8468486    
  17410000   0.99968209     5.6949814      1.4994738      6.827713     
  17420000   0.99777151     5.7085205      1.496608       6.8352308    
  17430000   0.99621582     5.6879097      1.4942746      6.8279891    
  17440000   1.0017683      5.6822256      1.502603       6.8274412    
  17450000   1.0044122      5.6832344      1.5065687      6.834268     
  17460000   1.0012623      5.6837794      1.501844       6.8345671    
  17470000   1.0020848      5.6758098      1.5030778      6.8337993    
  17480000   1.0049772      5.6845095      1.5074162      6.8331041    
  17490000   0.99693293     5.6790903      1.4953502      6.8305832    
  17500000   0.99886664     5.6667218      1.4982507      6.8225205    
  17510000   1.0038101      5.6755647      1.5056656      6.8315029    
  17520000   1.003407       5.6791506      1.505061       6.8290845    
  17530000   0.99725885     5.6854009      1.4958391      6.8314615    
  17540000   0.99900552     5.6885404      1.498459       6.8333623    
  17550000   0.99374974     5.6736104      1.4905756      6.8336891    
  17560000   0.99566145     5.66867        1.4934431      6.8374665    
  17570000   1.0019861      5.6789872      1.5029298      6.8366326    
  17580000   0.99602433     5.6871048      1.4939874      6.8337741    
  17590000   0.99998927     5.6829255      1.4999346      6.837627     
  17600000   1.0070212      5.68567        1.5104822      6.8379247    
  17610000   0.99433767     5.6827617      1.4914575      6.8324384    
  17620000   0.99689906     5.6817434      1.4952994      6.8322731    
  17630000   0.99846949     5.6771579      1.497655       6.8332091    
  17640000   1.0017914      5.6973941      1.5026376      6.8385942    
  17650000   1.0056625      5.6852255      1.5084442      6.8264918    
  17660000   1.0012904      5.7088343      1.5018862      6.8387513    
  17670000   1.0018588      5.6909499      1.5027388      6.8323038    
  17680000   0.99649418     5.6916505      1.4946921      6.8329251    
  17690000   1.0025466      5.6786064      1.5037704      6.8376287    
  17700000   1.0002119      5.6863037      1.5002684      6.8291612    
  17710000   0.99730825     5.6932167      1.4959132      6.830248     
  17720000   0.99684905     5.6910097      1.4952244      6.8288993    
  17730000   1.0028015      5.6823174      1.5041528      6.8343632    
  17740000   1.000008       5.6748366      1.4999627      6.8244857    
  17750000   0.99509719     5.6906985      1.4925967      6.8326477    
  17760000   0.99542385     5.6870102      1.4930867      6.8243917    
  17770000   0.9951131      5.6840779      1.4926206      6.8318443    
  17780000   0.99604252     5.6937903      1.4940147      6.8372683    
  17790000   1.002899       5.684751       1.5042991      6.8280516    
  17800000   0.99674483     5.6859116      1.4950681      6.8259493    
  17810000   1.0013193      5.6998526      1.5019296      6.8303816    
  17820000   1.0015237      5.6856268      1.5022362      6.834935     
  17830000   1.0001399      5.6848899      1.5001606      6.8258912    
  17840000   1.0116515      5.6876779      1.5174273      6.8301516    
  17850000   0.99472149     5.6920694      1.4920332      6.8364597    
  17860000   1.002163       5.6769168      1.5031951      6.8280018    
  17870000   0.99461112     5.6834594      1.4918676      6.8267894    
  17880000   1.0020501      5.6722093      1.5030256      6.8285964    
  17890000   1.002273       5.6961771      1.5033601      6.8384227    
  17900000   0.99760597     5.6864971      1.4963598      6.8327163    
  17910000   0.99551426     5.6932172      1.4932223      6.8262511    
  17920000   1.0022542      5.6887906      1.5033319      6.8254063    
  17930000   1.0043678      5.6834386      1.5065022      6.8355997    
  17940000   1.0081976      5.6892853      1.5122466      6.833719     
  17950000   1.0031764      5.6941725      1.5047152      6.8295775    
  17960000   1.0006052      5.7055526      1.5008584      6.835304     
  17970000   1.0005118      5.691694       1.5007184      6.8299428    
  17980000   0.99781928     5.6896232      1.4966797      6.8281834    
  17990000   1.000645       5.6949577      1.5009181      6.8311626    
  18000000   1.0033335      5.6810918      1.5049508      6.8299297    
  18010000   1.0040369      5.6785945      1.5060058      6.8298189    
  18020000   1.0027992      5.6828104      1.5041494      6.8225286    
  18030000   0.99664673     5.7031505      1.4949209      6.8445081    
  18040000   1.0055966      5.6997628      1.5083452      6.8366777    
  18050000   0.99739953     5.7059075      1.4960501      6.8412349    
  18060000   1.0089637      5.6879834      1.5133957      6.8320658    
  18070000   1.0027879      5.6679408      1.5041324      6.8254019    
  18080000   0.99107019     5.6827184      1.4865564      6.8232086    
  18090000   1.001406       5.6810952      1.5020596      6.8352322    
  18100000   0.99028054     5.6851005      1.485372       6.8335963    
  18110000   1.0008392      5.6708547      1.5012094      6.8271487    
  18120000   0.99608756     5.6660697      1.4940822      6.8311669    
  18130000   0.99467981     5.6732818      1.4919706      6.8315323    
  18140000   1.0010653      5.6528185      1.5015486      6.8127859    
  18150000   1.0085565      5.6905159      1.512785       6.8332398    
  18160000   0.99231064     5.6805271      1.488417       6.8286235    
  18170000   1.002023       5.692505       1.5029851      6.8355783    
  18180000   0.99179869     5.6741238      1.4876491      6.8300454    
  18190000   1.003035       5.6664964      1.5045031      6.82758      
  18200000   0.99774549     5.6757056      1.496569       6.8316505    
  18210000   0.99320324     5.6636424      1.4897559      6.8301541    
  18220000   0.9883629      5.6598755      1.4824956      6.8280348    
  18230000   1.0023746      5.6680963      1.5035124      6.8241858    
  18240000   1.0013683      5.6652034      1.5020031      6.8220338    
  18250000   0.9984298      5.6745217      1.4975954      6.8310516    
  18260000   1.0034637      5.675908       1.505146       6.8327654    
  18270000   1.0019951      5.6825431      1.5029432      6.8337596    
  18280000   0.99492806     5.6818289      1.492343       6.8278403    
  18290000   1.0024532      5.6603499      1.5036303      6.8232658    
  18300000   0.99963341     5.6629003      1.4994008      6.8286727    
  18310000   1.0002444      5.6765659      1.5003173      6.8268355    
  18320000   1.0068172      5.6713067      1.5101761      6.8255795    
  18330000   0.99656404     5.6765364      1.4947969      6.8314284    
  18340000   1.0068113      5.6665182      1.5101673      6.8256307    
  18350000   1.0026493      5.6623883      1.5039245      6.8311778    
  18360000   1.0052177      5.6768258      1.507777       6.8399473    
  18370000   0.99538102     5.6727546      1.4930224      6.831989     
  18380000   0.99761931     5.6692496      1.4963798      6.8324016    
  18390000   0.99917159     5.6756852      1.4987081      6.831065     
  18400000   1.0007227      5.6849649      1.5010346      6.8231925    
  18410000   0.9982633      5.6617322      1.4973457      6.8245766    
  18420000   0.99859419     5.6776079      1.497842       6.8252448    
  18430000   0.99511137     5.6704479      1.492618       6.8260831    
  18440000   0.99610185     5.6719863      1.4941036      6.8259403    
  18450000   0.99700452     5.670969       1.4954576      6.8269835    
  18460000   0.99896964     5.6642166      1.4984052      6.825072     
  18470000   0.99885369     5.6719259      1.4982313      6.8276654    
  18480000   0.99922208     5.6957131      1.4987838      6.8350453    
  18490000   0.9957523      5.6866005      1.4935793      6.824443     
  18500000   0.99510434     5.6849976      1.4926074      6.8330194    
  18510000   1.0038026      5.6628734      1.5056544      6.8242877    
  18520000   1.0057715      5.6872917      1.5086076      6.8435606    
  18530000   1.0054848      5.6878346      1.5081776      6.8318844    
  18540000   0.99863303     5.6828064      1.4979003      6.8279715    
  18550000   1.009312       5.7000179      1.5139182      6.8361163    
  18560000   1.0052968      5.6905827      1.5078955      6.8283127    
  18570000   1.0051547      5.6766075      1.5076825      6.8244389    
  18580000   1.0003066      5.686111       1.5004106      6.8284179    
  18590000   1.0029884      5.6859065      1.5044331      6.8303039    
  18600000   1.0044855      5.6854923      1.5066787      6.8293736    
  18610000   0.99523016     5.6946621      1.4927961      6.8260641    
  18620000   1.0017162      5.6917928      1.502525       6.8330321    
  18630000   1.0031894      5.6855339      1.5047346      6.8299516    
  18640000   1.0022999      5.6826106      1.5034003      6.8298748    
  18650000   1.0001643      5.6827765      1.5001972      6.8371196    
  18660000   1.0039646      5.6881433      1.5058974      6.8318568    
  18670000   0.98990666     5.6774694      1.4848112      6.8267601    
  18680000   1.0015845      5.6888505      1.5023273      6.8292311    
  18690000   0.99503022     5.6894293      1.4924963      6.8338016    
  18700000   0.99559621     5.6829083      1.4933452      6.8325095    
  18710000   0.99908512     5.6916728      1.4985784      6.8353448    
  18720000   1.0018287      5.6811514      1.5026936      6.8252373    
  18730000   1.005903       5.6782783      1.5088049      6.8298988    
  18740000   1.0066356      5.6809133      1.5099037      6.8238778    
  18750000   1.0052868      5.7038932      1.5078806      6.8354484    
  18760000   1.0030345      5.6781278      1.5045023      6.8297665    
  18770000   0.9991886      5.675693       1.4987336      6.8270324    
  18780000   1.0009635      5.6782244      1.5013959      6.8354335    
  18790000   1.0054928      5.6679485      1.5081896      6.8229136    
  18800000   1.0001756      5.7062339      1.5002141      6.8398108    
  18810000   1.0069643      5.6839232      1.5103967      6.8275555    
  18820000   1.0014397      5.6909457      1.5021102      6.8362674    
  18830000   0.99963993     5.6790477      1.4994106      6.8328957    
  18840000   0.99730752     5.6938507      1.4959121      6.8365324    
  18850000   0.99589558     5.6903311      1.4937942      6.8344074    
  18860000   1.0005889      5.6778387      1.500834       6.8296869    
  18870000   0.99785903     5.6824833      1.4967393      6.8322969    
  18880000   1.0029305      5.6812515      1.5043462      6.8319023    
  18890000   0.99364344     5.6889248      1.4904161      6.8368065    
  18900000   1.0063209      5.6672375      1.5094316      6.8270414    
  18910000   1.0024516      5.688531       1.503628       6.8335615    
  18920000   1.000988       5.6766175      1.5014326      6.8259659    
  18930000   1.0035305      5.6827962      1.5052462      6.8357055    
  18940000   0.99670374     5.6860191      1.4950064      6.8331823    
  18950000   1.0004367      5.6715356      1.5006058      6.8380536    
  18960000   1.0017638      5.6802089      1.5025963      6.8299607    
  18970000   1.0010421      5.6778012      1.5015137      6.8356602    
  18980000   1.002433       5.6834198      1.5036001      6.8233628    
  18990000   1.0008456      5.6769172      1.501219       6.8326733    
  19000000   1.0078991      5.6778614      1.511799       6.8336707    
  19010000   1.000196       5.6649498      1.5002447      6.8310029    
  19020000   1.0012399      5.6645072      1.5018104      6.8289984    
  19030000   0.99631085     5.6801085      1.4944171      6.8297574    
  19040000   1.0032956      5.6922024      1.5048939      6.8393261    
  19050000   1.0073374      5.6619242      1.5109564      6.8259265    
  19060000   0.99408499     5.6569496      1.4910785      6.8277997    
  19070000   0.99373656     5.6716922      1.4905558      6.8358686    
  19080000   1.003121       5.6642361      1.504632       6.8258919    
  19090000   0.99783604     5.6591146      1.4967048      6.8350061    
  19100000   1.0024062      5.6665478      1.5035598      6.8305398    
  19110000   1.0021528      5.6762888      1.5031798      6.831607     
  19120000   1.0057646      5.6607418      1.5085973      6.8244765    
  19130000   1.0020022      5.6621431      1.5029539      6.8244114    
  19140000   0.99831788     5.677686       1.4974276      6.8317479    
  19150000   0.99935645     5.6851408      1.4989854      6.8314199    
  19160000   1.0048463      5.6738374      1.5072198      6.8291398    
  19170000   1.0017187      5.676412       1.5025287      6.8305986    
  19180000   0.99800057     5.680133       1.4969516      6.8397545    
  19190000   0.99768108     5.6671383      1.4964724      6.8243446    
  19200000   1.0012234      5.6778267      1.5017857      6.8276886    
  19210000   0.99272624     5.6708903      1.4890404      6.8250925    
  19220000   1.0006759      5.6817149      1.5009645      6.8301378    
  19230000   0.9987773      5.6918133      1.4981167      6.8299021    
  19240000   1.0042302      5.6850407      1.5062958      6.8354526    
  19250000   0.99947811     5.6880797      1.4991679      6.8294535    
  19260000   0.99972328     5.6893536      1.4995356      6.8299664    
  19270000   1.0018298      5.6770283      1.5026953      6.8333853    
  19280000   1.004681       5.6761324      1.5069719      6.8325603    
  19290000   1.0059271      5.6675637      1.508841       6.8267557    
  19300000   1.0026415      5.6754113      1.5039127      6.8325965    
  19310000   1.0018442      5.6892431      1.5027169      6.835916     
  19320000   0.99916607     5.6909318      1.4986998      6.8419959    
  19330000   1.0063445      5.6774659      1.5094671      6.826158     
  19340000   1.0027883      5.6803869      1.504133       6.8321759    
  19350000   1.002747       5.6775016      1.5040711      6.83233      
  19360000   0.99938183     5.6849044      1.4990234      6.8301286    
  19370000   1.0036         5.6870138      1.5053505      6.8327163    
  19380000   0.99851251     5.6727029      1.4977195      6.8241418    
  19390000   0.99484355     5.6845207      1.4922162      6.8341167    
  19400000   1.0043483      5.6875405      1.5064729      6.8349397    
  19410000   1.0054065      5.6659591      1.5080602      6.8266777    
  19420000   1.0101369      5.6718809      1.5151555      6.8322418    
  19430000   1.0054937      5.6809084      1.5081909      6.8390157    
  19440000   1.009447       5.6795629      1.5141207      6.8315274    
  19450000   0.99916548     5.674086       1.4986989      6.8309184    
  19460000   0.99689988     5.6963611      1.4953006      6.8357975    
  19470000   0.99901329     5.6903011      1.4984707      6.8363253    
  19480000   0.99405088     5.6867308      1.4910273      6.8366986    
  19490000   1.0026771      5.6986719      1.5039661      6.842307     
  19500000   0.999037       5.6794967      1.4985062      6.8300038    
  19510000   0.99637988     5.6908584      1.4945207      6.8324512    
  19520000   1.0000253      5.6801463      1.4999886      6.8319257    
  19530000   0.99813897     5.6732301      1.4971592      6.8254882    
  19540000   1.0064007      5.6722834      1.5095513      6.833722     
  19550000   1.0027476      5.6878715      1.504072       6.8293515    
  19560000   0.99568897     5.6937596      1.4934843      6.8393706    
  19570000   0.99488818     5.7004167      1.4922832      6.8353135    
  19580000   0.99763347     5.6752441      1.496401       6.8266536    
  19590000   0.99824918     5.6810502      1.4973245      6.8303711    
  19600000   1.0051385      5.6702486      1.5076582      6.8288364    
  19610000   1.0020404      5.6797841      1.5030111      6.8323821    
  19620000   1.0091653      5.6903716      1.5136982      6.8348517    
  19630000   0.99524152     5.6832795      1.4928132      6.8398822    
  19640000   0.99708124     5.6657998      1.4955727      6.8263951    
  19650000   0.99779027     5.6698532      1.4966362      6.8301176    
  19660000   1.0035772      5.6744844      1.5053163      6.8348848    
  19670000   0.99877677     5.68839        1.4981159      6.830089     
  19680000   1.0026594      5.674667       1.5039397      6.8299793    
  19690000   0.99661226     5.6832983      1.4948692      6.8322179    
  19700000   0.99736186     5.6891448      1.4959936      6.8292822    
  19710000   1.003085       5.6808291      1.504578       6.8279404    
  19720000   1.0032155      5.6781345      1.5047737      6.8312377    
  19730000   1.0075682      5.6966423      1.5113026      6.8359846    
  19740000   0.99409456     5.6738881      1.4910928      6.8277711    
  19750000   0.99967993     5.6827101      1.4994706      6.8298505    
  19760000   0.99230435     5.6844493      1.4884076      6.8336591    
  19770000   0.99969216     5.675118       1.4994889      6.8232268    
  19780000   0.9968094      5.682874       1.4951649      6.8280875    
  19790000   1.0076351      5.6786822      1.511403       6.8338054    
  19800000   0.99141995     5.683106       1.487081       6.8285347    
  19810000   0.99418978     5.6692852      1.4912356      6.827448     
  19820000   1.0003294      5.6954845      1.5004447      6.8323821    
  19830000   0.99710779     5.6898818      1.4956125      6.832665     
  19840000   0.9975307      5.65954        1.4962468      6.8234312    
  19850000   0.99441889     5.6779048      1.4915793      6.8297122    
  19860000   1.0104862      5.669121       1.5156794      6.8314123    
  19870000   0.99541809     5.6587929      1.493078       6.8284199    
  19880000   0.99643804     5.6735711      1.4946079      6.8308994    
  19890000   0.99683507     5.669292       1.4952034      6.825383     
  19900000   0.99119661     5.6620495      1.486746       6.8320502    
  19910000   1.0004685      5.6715233      1.5006535      6.8383603    
  19920000   0.99694713     5.6711944      1.4953715      6.8336218    
  19930000   1.0016997      5.6837285      1.5025001      6.8332928    
  19940000   0.9950209      5.6821972      1.4924823      6.8313635    
  19950000   0.9988678      5.6721884      1.4982524      6.8378033    
  19960000   0.98951837     5.6689932      1.4842287      6.8300806    
  19970000   0.9901019      5.6669534      1.485104       6.8270551    
  19980000   0.99654279     5.6785306      1.494765       6.8281196    
  19990000   1.000132       5.6683386      1.5001487      6.8356913    
  20000000   0.99795655     5.6829426      1.4968856      6.8313414    
  20010000   1.0039279      5.6935597      1.5058423      6.8343028    
  20020000   0.99746067     5.6826829      1.4961418      6.8325138    
  20030000   0.9979798      5.6949245      1.4969205      6.8344189    
Loop time of 360070 on 1 procs for 20000000 steps with 30408 atoms

Performance: 23995.358 tau/day, 55.545 timesteps/s
100.0% CPU use with 1 MPI tasks x 1 OpenMP threads

MPI task timing breakdown:
Section |  min time  |  avg time  |  max time  |%varavg| %total
---------------------------------------------------------------
Pair    | 2.4346e+05 | 2.4346e+05 | 2.4346e+05 |   0.0 | 67.62
Bond    | 12744      | 12744      | 12744      |   0.0 |  3.54
Neigh   | 62691      | 62691      | 62691      |   0.0 | 17.41
Comm    | 952.78     | 952.78     | 952.78     |   0.0 |  0.26
Output  | 3.4144     | 3.4144     | 3.4144     |   0.0 |  0.00
Modify  | 38636      | 38636      | 38636      |   0.0 | 10.73
Other   |            | 1580       |            |       |  0.44

Nlocal:          30408 ave       30408 max       30408 min
Histogram: 1 0 0 0 0 0 0 0 0 0
Nghost:           5713 ave        5713 max        5713 min
Histogram: 1 0 0 0 0 0 0 0 0 0
Neighs:    1.15164e+06 ave 1.15164e+06 max 1.15164e+06 min
Histogram: 1 0 0 0 0 0 0 0 0 0

Total # of neighbors = 1151644
Ave neighs/atom = 37.87306
Ave special neighs/atom = 1.8942384
Neighbor list builds = 886695
Dangerous builds = 0

write_data data*.xyz
System init for write_data ...
Generated 0 of 6 mixed pair_coeff terms from geometric mixing rule
WARNING: Not all mixed pair coeffs generated from mixing. Use write_data with 'pair ij' option to store all pair coeffs. (src/write_data.cpp:309)
write_restart 	restart.polymer_ring
System init for write_restart ...
Generated 0 of 6 mixed pair_coeff terms from geometric mixing rule

print "ALL done"
ALL done
Total wall time: 100:05:05
