pair_style lj/cut 4.0
pair_modify shift yes

read_restart prod.restart1
Reading restart file ...
  restart file = 23 Jun 2022, LAMMPS = 23 Jun 2022
  restoring atom style bond from restart
  orthogonal box = (-30 -30 -35) to (30 30 35)
  1 by 1 by 1 MPI processor grid
  restoring pair style lj/cut from restart
  restoring bond style fene from restart
  16250 atoms
  15600 bonds
Finding 1-2 1-3 1-4 neighbors ...
  special bond factors lj:    0        1        1       
  special bond factors coul:  0        1        1       
     2 = max # of 1-2 neighbors
     6 = max # of special neighbors
  special bonds CPU = 0.002 seconds
  read_restart CPU = 0.017 seconds
bond_style fene
special_bonds fene

bond_coeff 1 10.0 2.0 1.0 1.0
group polymer type 1
16250 atoms in group polymer

pair_coeff	1 1 0.5 1.0 2.5
pair_coeff 	1 2 50.0 1.0 4.0
pair_coeff	2 2 1.0 1.0 1.1225


neighbor       0.5 bin

region upper_box block -30 30 -30 30 32.2 34.8
create_atoms 2 random 1 998273 upper_box
Created 1 atoms
  using lattice units in orthogonal box = (-30 -30 -35) to (30 30 35)
  create_atoms CPU = 0.000 seconds


group ligand type 2
1 atoms in group ligand

fix 1 polymer wall/lj126 zlo -32 1.0 1.0 1.1225 zhi 32 1.0 1.0 1.1225
fix 2 ligand wall/lj126 zlo 32 1.0 1.0 1.1225 zhi 35 1.0 1.0 1.1225

#minimize 1.0e-4 1.0e-6 100 1000

fix 3 all nve/limit 0.01
run 10000
Generated 0 of 1 mixed pair_coeff terms from geometric mixing rule
Neighbor list info ...
  update every 1 steps, delay 10 steps, check yes
  max neighbors/atom: 2000, page size: 100000
  master list distance cutoff = 4.5
  ghost atom cutoff = 4.5
  binsize = 2.25, bins = 27 27 32
  1 neighbor lists, perpetual/occasional/extra = 1 0 0
  (1) pair lj/cut, perpetual
      attributes: half, newton on
      pair build: half/bin/newton
      stencil: half/bin/3d
      bin: standard
Per MPI rank memory allocation (min/avg/max) = 13.17 | 13.17 | 13.17 Mbytes
   Step          Temp          E_pair         E_mol          TotEng         Press     
    100000   0.9973267      3.3731359      7.4548964      12.32393       2.8742013    
    110000   0.23693486    -2.3915575      6.4696098      4.4334326     -0.00083329736
Loop time of 222.501 on 1 procs for 10000 steps with 16251 atoms

Performance: 19415.675 tau/day, 44.944 timesteps/s
55.3% CPU use with 1 MPI tasks x 1 OpenMP threads

MPI task timing breakdown:
Section |  min time  |  avg time  |  max time  |%varavg| %total
---------------------------------------------------------------
Pair    | 171.97     | 171.97     | 171.97     |   0.0 | 77.29
Bond    | 6.9578     | 6.9578     | 6.9578     |   0.0 |  3.13
Neigh   | 36.127     | 36.127     | 36.127     |   0.0 | 16.24
Comm    | 0.96452    | 0.96452    | 0.96452    |   0.0 |  0.43
Output  | 0.00010143 | 0.00010143 | 0.00010143 |   0.0 |  0.00
Modify  | 5.0733     | 5.0733     | 5.0733     |   0.0 |  2.28
Other   |            | 1.405      |            |       |  0.63

Nlocal:          16251 ave       16251 max       16251 min
Histogram: 1 0 0 0 0 0 0 0 0 0
Nghost:           3483 ave        3483 max        3483 min
Histogram: 1 0 0 0 0 0 0 0 0 0
Neighs:         741946 ave      741946 max      741946 min
Histogram: 1 0 0 0 0 0 0 0 0 0

Total # of neighbors = 741946
Ave neighs/atom = 45.655406
Ave special neighs/atom = 1.9198819
Neighbor list builds = 379
Dangerous builds = 0
unfix 3

fix 3 all nve
fix		4 all langevin 1 1 100.0 90428

thermo_style	custom step temp pe ke ebond
thermo_modify flush yes
thermo          10000

timestep	0.005

dump 1 all custom 50000 file_trajectory.bin id type x y z xu yu zu vx vy vz

restart 100000  prod.restart2 prod.restart3

run 20000000
Generated 0 of 1 mixed pair_coeff terms from geometric mixing rule
Per MPI rank memory allocation (min/avg/max) = 13.48 | 13.48 | 13.48 Mbytes
   Step          Temp          PotEng         KinEng         E_bond    
    110000   0.23693486     4.0780522      0.35538043     6.4696098         120000   0.47586004     4.6780265      0.71374614     6.6003432         130000   0.64613935     5.0913394      0.96914938     6.6886274         140000   0.76608554     5.3589306      1.1490576      6.7662433         150000   0.84280101     5.5465753      1.2641237      6.8043092         160000   0.89790879     5.6876236      1.3467803      6.8606108         170000   0.9332159      5.7553935      1.3997377      6.8703135         180000   0.95103384     5.8511836      1.426463       6.9026855         190000   0.96288893     5.8807898      1.4442445      6.8962435         200000   0.9790977      5.9063973      1.4685562      6.9090747         210000   0.97954839     5.9291491      1.4692322      6.9004815         220000   0.99491731     5.9465296      1.4922841      6.9228797         230000   0.98973052     5.9860925      1.4845044      6.9108186         240000   0.99234408     5.9809226      1.4884245      6.9284148         250000   0.99425188     5.987631       1.491286       6.9222862         260000   0.99288003     6.0018302      1.4892284      6.9339957         270000   1.0045636      6.0039789      1.5067527      6.9287537         280000   1.0019785      6.005726       1.5028752      6.9245288         290000   0.99192844     6.0145117      1.4878011      6.9378178         300000   0.99797179     5.9919691      1.4968656      6.9290576         310000   1.0121753      5.9909273      1.5181695      6.9239182         320000   1.0059263      6.0175278      1.5087966      6.9201522         330000   0.9979006      6.0263963      1.4967588      6.9202767         340000   0.99611379     6.0256775      1.4940787      6.9252542         350000   1.0037956      5.9971752      1.5056008      6.9208077         360000   1.0027108      6.0215187      1.5039737      6.9341198         370000   1.0004106      6.024603       1.5005236      6.9403942         380000   0.99860376     6.0153599      1.4978135      6.9382159         390000   1.0013793      6.0081337      1.5019765      6.9180987         400000   1.0013195      6.0246515      1.5018868      6.937284          410000   1.005375       6.0050601      1.5079698      6.9273385         420000   0.99444338     6.0170992      1.4915733      6.9235347         430000   0.99943254     6.0135138      1.4990566      6.936173          440000   0.99687936     6.0092534      1.495227       6.9259426         450000   0.99862853     6.0066391      1.4978506      6.9348821         460000   1.0018701      6.0034966      1.5027127      6.9220691         470000   1.0178276      6.0045565      1.5266475      6.9224738         480000   1.0069789      6.0292034      1.5103755      6.9274305         490000   1.0138542      6.0299825      1.5206878      6.9308461         500000   1.0051442      6.0460584      1.5076235      6.9262308         510000   1.0096209      6.0363833      1.5143382      6.9424128         520000   0.9990055      6.0282138      1.498416       6.9243135         530000   1.0077709      6.0265934      1.5115633      6.931759          540000   0.99459254     6.0200951      1.491797       6.916329          550000   1.0042984      6.0057974      1.506355       6.9252041         560000   1.0086937      5.997841       1.5129475      6.9260625         570000   1.0025884      5.9925387      1.50379        6.9260357         580000   1.0055126      6.0040708      1.5081761      6.914913          590000   0.99052651     6.010259       1.4856983      6.9271245         600000   1.0001278      5.9972907      1.5000994      6.9182782    
    610000   0.99168552     6.0078101      1.4874367      6.9215838         620000   0.999649       6.0254059      1.4993812      6.9251571    
    630000   1.002881       6.0195679      1.5042289      6.9318427         640000   1.0015967      6.0309181      1.5023026      6.9342594    
    650000   1.004455       6.017265       1.5065898      6.9265455         660000   1.0034513      6.0268228      1.5050843      6.9220069         670000   1.0024589      6.0396277      1.5035958      6.9374459         680000   0.99570199     6.0557834      1.4934611      6.9389981         690000   1.0075538      6.0424544      1.5112377      6.933913          700000   1.002515       6.0227948      1.5036799      6.9221974         710000   0.99364349     6.0396547      1.4903735      6.9196664         720000   0.99802723     6.0304058      1.4969487      6.9317715         730000   1.0056558      6.015518       1.5083908      6.9331828         740000   1.0027584      6.0049477      1.5040451      6.926635          750000   1.0012718      5.9979105      1.5018152      6.9161483         760000   0.99865586     6.0116605      1.4978916      6.9273709         770000   0.99534533     6.0218567      1.4929261      6.9252103         780000   1.007392       6.0067013      1.510995       6.9257348         790000   1.0098126      6.0060854      1.5146257      6.9183566         800000   1.001942       6.024249       1.5028205      6.9356771         810000   1.0032885      6.0153803      1.5048401      6.9248686         820000   1.0055973      6.0124108      1.5083031      6.9247394         830000   1.0006882      6.0264974      1.5009399      6.9417033         840000   1.0056133      6.0259104      1.5083272      6.9347493         850000   1.0018673      6.0340406      1.5027085      6.9372548         860000   1.0047006      6.0030654      1.5069582      6.922087          870000   0.99935501     6.0194235      1.4989403      6.9263045         880000   0.99504167     6.0296913      1.4924707      6.9330134         890000   0.99621567     5.9968934      1.4942315      6.9149957         900000   1.0082407      5.9904975      1.512268       6.9196401         910000   1.0018933      6.007416       1.5027475      6.9225659         920000   1.0027773      6.0168063      1.5040734      6.9245036         930000   1.0077872      6.0151657      1.5115878      6.9331603         940000   1.0030871      6.0220524      1.504538       6.9305258         950000   0.99745041     6.0242108      1.4960836      6.9357058         960000   0.99619981     6.0167775      1.4942078      6.9247971         970000   1.0169585      5.9947503      1.5253439      6.9309311         980000   0.99657523     6.0069042      1.4947709      6.9243305         990000   0.98631369     6.0139566      1.4793795      6.9198654        1000000   1.0036548      6.0149732      1.5053895      6.9287968    
   1010000   0.99871002     5.9872086      1.4979728      6.9212087    
   1020000   1.0035948      5.9838289      1.5052996      6.921628     
   1030000   0.98667732     5.989924       1.4799249      6.9250743    
   1040000   0.99513451     5.9938912      1.4926099      6.9170955    
   1050000   1.0030078      6.000543       1.5044191      6.9212658    
   1060000   1.0075107      6.0014351      1.511173       6.9290065    
   1070000   0.98814897     6.0031473      1.4821322      6.9291548    
   1080000   1.0019327      5.9920084      1.5028066      6.9226392    
   1090000   1.0039543      5.9976407      1.5058388      6.9221359    
   1100000   1.003874       6.0049135      1.5057184      6.93021      
   1110000   0.99984949     6.0124273      1.4996819      6.925845     
   1120000   1.0059323      6.0171663      1.5088056      6.9252845    
   1130000   0.99645833     6.0315441      1.4945955      6.9283959    
   1140000   1.0052348      6.0207396      1.5077595      6.9321697    
   1150000   1.0062923      6.0110757      1.5093456      6.9250745    
   1160000   1.0031987      6.0140252      1.5047054      6.9325137    
   1170000   0.99621327     6.0462244      1.494228       6.9375827    
   1180000   1.0088508      6.0285761      1.513183       6.9157975    
   1190000   1.0049157      6.0339647      1.5072808      6.9366092    
   1200000   1.0157169      6.021288       1.5234817      6.933682     
   1210000   1.004484       6.0154474      1.5066333      6.9369392    
   1220000   1.005356       6.0104733      1.5079412      6.925897         1230000   1.0099522      6.0152637      1.5148351      6.9310426        1240000   0.9950968      6.0350691      1.4925534      6.9311905        1250000   1.007093       6.0019593      1.5105465      6.9214253        1260000   0.99642679     6.0193481      1.4945482      6.930678         1270000   0.99918878     6.0065375      1.4986909      6.9335321        1280000   1.0021105      6.0130217      1.5030733      6.9251627        1290000   0.99890513     5.9796541      1.4982655      6.9244964        1300000   1.002659       5.9940756      1.503896       6.9272125        1310000   1.0076818      6.0107924      1.5114297      6.9341783        1320000   1.0016445      6.013105       1.5023743      6.9314875        1330000   1.0009001      5.9973384      1.5012578      6.9292956        1340000   0.99440126     5.9815782      1.4915101      6.922324         1350000   0.98742355     6.0143781      1.4810442      6.9180267        1360000   0.99878451     6.0023736      1.4980846      6.9238797        1370000   1.0007444      6.00562        1.5010243      6.9265539        1380000   0.99719773     6.0058131      1.4957045      6.9232386        1390000   1.0012085      6.0086325      1.5017203      6.9285948        1400000   1.0014035      5.9922961      1.5020128      6.9268631        1410000   0.99336189     5.9864824      1.4899511      6.9198844        1420000   0.99565746     5.9927603      1.4933943      6.9150299        1430000   0.99897088     5.9884056      1.4983641      6.9179012        1440000   0.99920447     6.0009306      1.4987145      6.9208101        1450000   1.0010837      5.9720335      1.5015331      6.9181654        1460000   0.99254912     5.9938622      1.4887321      6.922962         1470000   0.99933874     5.9905522      1.4989159      6.9212294        1480000   0.99470242     6.0077332      1.4919618      6.9280035        1490000   1.0034099      5.9813065      1.5050223      6.9267031        1500000   0.9957438      6.0000332      1.4935238      6.933087         1510000   0.99661547     5.9901264      1.4948312      6.9154206        1520000   0.98925506     6.0030011      1.4837913      6.9290965        1530000   0.99685024     5.9964172      1.4951833      6.9175585        1540000   1.0049686      5.9868831      1.5073602      6.9240232    
   1550000   0.99905474     5.9973424      1.4984899      6.9285995    
   1560000   0.9992388      5.9905405      1.498766       6.928801     
   1570000   0.99384486     6.0068491      1.4906756      6.9282286    
   1580000   1.0028327      5.9930233      1.5041565      6.9134981    
   1590000   0.99900341     6.0069428      1.4984129      6.9273954    
   1600000   0.99287637     6.0286404      1.4892229      6.9248766    
   1610000   1.0055602      5.9980455      1.5082475      6.9273862    
   1620000   0.9927268      6.0138502      1.4889986      6.9239038    
   1630000   1.000749       6.0092916      1.5010311      6.9235279    
   1640000   1.0098554      6.0088679      1.5146899      6.9254113    
   1650000   1.0057566      6.0142362      1.5085421      6.929742     
   1660000   1.0011341      6.0226711      1.5016087      6.9263187    
   1670000   1.0011686      6.0130405      1.5016605      6.9334401    
   1680000   0.99002664     6.0099996      1.4849486      6.9240953    
   1690000   0.99134997     6.0070257      1.4869334      6.923147         1700000   1.0031624      6.0114396      1.504651       6.9226841        1710000   0.99080275     6.003551       1.4861127      6.9380173        1720000   1.0069396      5.9965112      1.5103165      6.9230808        1730000   1.0032707      5.9948319      1.5048134      6.9273921        1740000   1.0002942      5.9988684      1.500349       6.9191057    
   1750000   0.99838359     6.0062273      1.4974832      6.9285449        1760000   0.9970367      5.9940968      1.495463       6.9176322        1770000   0.99967456     5.9939493      1.4994196      6.9231484        1780000   1.0004058      5.98444        1.5005163      6.9281002        1790000   0.99557892     5.9907493      1.4932765      6.9247087        1800000   0.99738285     6.0030283      1.4959822      6.9213215        1810000   0.99949967     6.0105184      1.4991572      6.9253792    
   1820000   0.99154184     6.0322275      1.4872212      6.9279761    
   1830000   1.0090669      6.0243747      1.5135072      6.9244983    
   1840000   1.0124489      6.0291538      1.51858        6.9300775    
   1850000   0.99299191     6.0409483      1.4893962      6.9256197    
   1860000   1.0070075      6.0192684      1.5104183      6.9426387    
   1870000   1.0055592      6.0061079      1.508246       6.9126165    
   1880000   0.99069604     6.0127918      1.4859526      6.935797     
   1890000   0.99955614     5.9993075      1.4992419      6.9258067    
   1900000   1.0036885      6.0021631      1.50544        6.925342     
   1910000   0.99599369     6.0187434      1.4938986      6.9250918    
   1920000   0.99755084     6.0029414      1.4962342      6.9242186    
   1930000   0.9984905      6.0045734      1.4976436      6.9196019    
   1940000   0.9919809      6.0024146      1.4878798      6.9323977    
   1950000   1.0030231      5.9930423      1.5044421      6.9194851    
   1960000   1.0087643      5.9844064      1.5130533      6.9210182        1970000   0.99565153     5.9844798      1.4933854      6.9200054    
   1980000   1.00054        5.9807771      1.5007177      6.9215772        1990000   0.99337122     5.9930863      1.4899651      6.9282528        2000000   1.0059961      5.9852641      1.5089013      6.9275342        2010000   0.99734679     6.0067155      1.4959281      6.9249208        2020000   1.0065993      6.0171967      1.509806       6.9243596        2030000   1.0066439      6.0185412      1.5098729      6.9267018        2040000   1.0035841      6.0376753      1.5052835      6.9392224        2050000   1.0029688      6.0176689      1.5043607      6.9270459        2060000   1.0027609      6.0210365      1.5040488      6.9333473        2070000   1.000425       6.0076919      1.5005452      6.9250453        2080000   1.0017996      5.996727       1.5026069      6.9253099        2090000   1.0016681      6.0014148      1.5024097      6.9328068        2100000   0.99672544     6.0166673      1.4949962      6.9286863        2110000   1.0033608      6.0013299      1.5049485      6.9266541        2120000   0.9948892      6.0185007      1.492242       6.9310441        2130000   1.001297       6.0166647      1.501853       6.9310692        2140000   0.99301143     6.0189304      1.4894255      6.9305936        2150000   1.0023881      6.0265528      1.5034896      6.9418997        2160000   0.99952647     6.0149492      1.4991974      6.9307441        2170000   0.99743875     5.9967564      1.4960661      6.9168578        2180000   1.009484       5.9622268      1.5141329      6.8982914        2190000   0.98647345     5.9978876      1.4796191      6.9255839        2200000   1.0038822      5.9956812      1.5057306      6.927464         2210000   0.99622901     6.0090812      1.4942516      6.9278068        2220000   0.98805812     6.0248442      1.481996       6.9338839        2230000   1.0009768      6.0135307      1.5013729      6.9359933        2240000   1.0056058      5.9929559      1.5083159      6.9224768        2250000   1.0102811      6.0141667      1.5153284      6.9288088        2260000   1.0045119      5.997941       1.5066751      6.9241035        2270000   0.99809773     5.9997551      1.4970545      6.9280323        2280000   1.0011919      5.997126       1.5016955      6.9167012        2290000   1.0020746      6.0085098      1.5030195      6.9352055        2300000   1.0099472      6.0033046      1.5148275      6.9229333        2310000   1.0089889      6.011207       1.5133903      6.9312364        2320000   1.0027381      6.0174634      1.5040147      6.9370138        2330000   0.98659961     6.0275028      1.4798084      6.9230136        2340000   1.0103893      5.9969193      1.5154907      6.9249395        2350000   1.0071958      6.0008239      1.5107007      6.929485         2360000   1.0001032      6.0228464      1.5000626      6.9290566        2370000   1.0074885      6.0274162      1.5111398      6.9402786        2380000   1.0035013      6.0176433      1.5051593      6.9351465        2390000   1.0021533      6.0100438      1.5031374      6.92883          2400000   0.99813149     5.998695       1.4971051      6.9244242        2410000   0.9974833      5.9956798      1.4961329      6.9197325        2420000   1.0006168      5.998084       1.5008328      6.9265897        2430000   0.99523741     6.0178552      1.4927642      6.9280981        2440000   1.0023495      6.0232946      1.5034318      6.9264503        2450000   0.99655936     6.0277397      1.494747       6.929511         2460000   1.0024829      6.0140567      1.5036318      6.9134353        2470000   1.0071945      6.0235283      1.5106988      6.9406151        2480000   1.0032107      6.0216604      1.5047234      6.9183859        2490000   1.0158875      5.9925405      1.5237375      6.9245095        2500000   0.99912725     6.0098963      1.4985986      6.9286428        2510000   0.98628921     6.0128789      1.4793428      6.9231503        2520000   1.0050332      5.9969138      1.507457       6.924339         2530000   0.99462378     5.9934631      1.4918439      6.923786         2540000   0.99859089     5.9937304      1.4977942      6.9193974        2550000   0.99586245     5.9966543      1.4937017      6.9185789        2560000   1.0021368      5.9852611      1.5031127      6.9179723        2570000   1.0002862      5.9828814      1.500337       6.9141202        2580000   0.99828555     5.9973483      1.4973362      6.9224934        2590000   0.98826639     5.9870806      1.4823084      6.9214212        2600000   0.99805703     5.9646706      1.4969934      6.9244138        2610000   0.98794323     5.9785399      1.4818237      6.9237477        2620000   0.99513635     5.9897466      1.4926127      6.9267667        2630000   0.99200942     5.9945824      1.4879226      6.9243169        2640000   1.0017658      5.9811018      1.5025563      6.9147312        2650000   0.99175128     5.9974812      1.4875354      6.9253117        2660000   0.99774457     5.9949443      1.4965248      6.9334757        2670000   1.0015396      5.9913168      1.502217       6.9171449        2680000   0.98817173     5.9951157      1.4821664      6.9282246        2690000   0.99735667     5.9913557      1.4959429      6.9184037        2700000   0.99854149     5.9872667      1.4977201      6.9230465        2710000   0.99236982     5.9976954      1.4884631      6.9216345        2720000   0.99095262     5.9993435      1.4863375      6.9173622        2730000   0.99066088     6.0029275      1.4858999      6.9358758        2740000   1.0059641      5.9923835      1.5088533      6.9299405        2750000   1.0052849      6.0007344      1.5078346      6.9242465        2760000   0.99439668     5.9925755      1.4915032      6.932173         2770000   0.99876651     6.0083564      1.4980576      6.9239539        2780000   1.0029787      5.9932104      1.5043754      6.9409769        2790000   0.99515603     6.0125434      1.4926422      6.9311906        2800000   1.0041875      5.9944048      1.5061885      6.9169186        2810000   1.0002246      6.0108455      1.5002446      6.9211414        2820000   0.99534443     6.0177035      1.4929248      6.9305084        2830000   0.99825851     6.0182216      1.4972956      6.9326549        2840000   0.9997703      6.0131642      1.4995632      6.9209136        2850000   0.9943415      6.009125       1.4914205      6.9210072        2860000   1.0105857      6.0028125      1.5157853      6.9222957        2870000   0.99835142     6.0156214      1.497435       6.9234501        2880000   1.0087097      6.0156763      1.5129714      6.9315694        2890000   0.99965562     6.0208757      1.4993912      6.9279838        2900000   1.0041892      6.0230478      1.5061911      6.931835         2910000   1.0022987      5.9994316      1.5033556      6.9155701        2920000   1.0010472      5.9959028      1.5014785      6.915116         2930000   0.99960271     6.0213293      1.4993118      6.9265128        2940000   1.0070697      6.033258       1.5105116      6.9359879        2950000   1.0167193      6.0172331      1.524985       6.9243528        2960000   1.0101692      6.0333764      1.5151606      6.9345633        2970000   0.99691356     6.0147699      1.4952783      6.9329682        2980000   1.0002524      5.9952475      1.5002862      6.9180557        2990000   0.99118991     6.0084307      1.4866934      6.9218095        3000000   0.99847891     5.9901007      1.4976262      6.9187156        3010000   1.001934       5.982201       1.5028085      6.9144771        3020000   0.99151082     5.9831009      1.4871747      6.9232757        3030000   0.99728862     5.9840195      1.4958409      6.9241066        3040000   1.0027813      5.9606331      1.5040794      6.908736         3050000   0.99648045     5.9865681      1.4946287      6.9225766        3060000   0.99642118     5.9940386      1.4945398      6.9207204        3070000   1.0085714      5.9867794      1.512764       6.9164667        3080000   0.99959856     5.9968554      1.4993056      6.9191874        3090000   1.0018036      5.9914107      1.5026129      6.9310351        3100000   1.0056853      5.9931529      1.5084351      6.9291295        3110000   0.99324029     5.998194       1.4897688      6.9225816        3120000   0.99726205     6.0109534      1.495801       6.9269071        3130000   0.99460723     6.0134391      1.491819       6.9270546        3140000   0.9996805      6.0039373      1.4994285      6.9278723        3150000   1.0054826      6.0031167      1.5081311      6.9349125        3160000   0.99981563     6.0049291      1.4996312      6.9214975        3170000   0.99989619     6.0147819      1.499752       6.9221977        3180000   0.99816737     5.9973842      1.4971589      6.9288065        3190000   1.0027517      6.0064971      1.5040351      6.9228612        3200000   1.0049675      6.0084985      1.5073585      6.9239481        3210000   1.0092805      6.0179277      1.5138276      6.9266551        3220000   1.0094808      6.0167728      1.514128       6.9280825        3230000   1.0135498      5.9907805      1.5202311      6.9225488        3240000   0.99754788     5.9902155      1.4962297      6.9274363        3250000   0.99555152     5.9822129      1.4932354      6.9273624        3260000   0.99132255     5.9905238      1.4868923      6.922808         3270000   0.99193533     5.9865639      1.4878114      6.9298056        3280000   0.99913997     5.9751321      1.4986177      6.9248901        3290000   1.0003945      5.9919216      1.5004994      6.9209254        3300000   1.0044149      5.9904398      1.5065296      6.9181561        3310000   0.99555573     5.9815475      1.4932417      6.9259742        3320000   0.99412067     5.995518       1.4910892      6.9337143        3330000   0.99760347     5.9870755      1.4963131      6.9182988        3340000   0.98523039     6.0053126      1.4777547      6.9287519        3350000   0.99021709     5.9885112      1.4852342      6.9210906        3360000   0.98270239     5.9893348      1.4739629      6.9165403        3370000   0.99628429     5.9787023      1.4943345      6.9230871        3380000   0.98845276     6.0015673      1.4825879      6.9275011        3390000   1.0018461      5.9891095      1.5026767      6.9162871        3400000   1.0057448      5.9867315      1.5085243      6.9176281        3410000   0.99868004     5.9876025      1.4979279      6.925269         3420000   0.99703197     5.9898175      1.4954559      6.9253923        3430000   1.0007126      5.9877288      1.5009765      6.9120746        3440000   1.0016351      5.9771023      1.5023602      6.9230552        3450000   1.0012492      5.9690389      1.5017813      6.9118557        3460000   0.99269185     5.9867089      1.4889462      6.9246454        3470000   0.98725603     5.9855863      1.4807929      6.9336722        3480000   0.99537044     5.9872568      1.4929638      6.9181008        3490000   1.0027023      5.9813032      1.503961       6.9185258        3500000   0.99261539     6.0092039      1.4888315      6.9300575        3510000   1.0048938      5.9982089      1.5072479      6.9298394        3520000   1.001939       6.0152195      1.5028161      6.9244583        3530000   1.0041434      6.0241082      1.5061224      6.9283817        3540000   0.99993766     6.042483       1.4998142      6.9329179        3550000   0.99813326     6.0413767      1.4971078      6.9348383        3560000   1.0015644      6.0309192      1.5022541      6.9137489        3570000   0.99355977     6.0288061      1.4902479      6.9336336        3580000   1.0029357      6.0060446      1.504311       6.917571         3590000   1.000761       6.0126306      1.5010491      6.9399457        3600000   0.99411597     6.0130338      1.4910822      6.9328788        3610000   0.99712977     6.0048064      1.4956026      6.9151647        3620000   0.98955978     6.0154055      1.4842483      6.9307066        3630000   1.0025793      6.0011237      1.5037763      6.9254807        3640000   1.0039491      5.99015        1.5058309      6.9271313        3650000   0.9947767      5.9941519      1.4920732      6.9138449        3660000   1.0005434      5.9764441      1.5007227      6.9181254        3670000   0.99673044     6.004261       1.4950037      6.9298223        3680000   0.99090039     6.0039307      1.4862591      6.9335493        3690000   0.99704991     5.9916268      1.4954828      6.9172655        3700000   1.0053976      5.9917723      1.5080036      6.9235338        3710000   1.0028838      5.9940637      1.5042332      6.9212035        3720000   0.99415354     6.0106842      1.4911385      6.9358647        3730000   1.0008841      5.9912331      1.5012338      6.9158058        3740000   1.0025767      5.9873004      1.5037725      6.9139672        3750000   0.99138548     6.0159563      1.4869867      6.9280606        3760000   1.0053067      6.0152382      1.5078672      6.9325224        3770000   1.0083792      6.0120824      1.5124757      6.9231433        3780000   1.0020452      6.0247048      1.5029754      6.9353011        3790000   1.0118099      6.0083861      1.5176215      6.9391549        3800000   1.0064444      6.0055678      1.5095737      6.9264695        3810000   1.0003671      6.0245389      1.5004584      6.9404964        3820000   1.00678        6.0178823      1.510077       6.9262331        3830000   0.99627068     5.9974312      1.4943141      6.9259446        3840000   0.99650411     5.9894618      1.4946642      6.9113576        3850000   1.0030541      5.974312       1.5044885      6.9117267        3860000   0.99667119     5.995334       1.4949148      6.9157797        3870000   0.99753092     5.9883159      1.4962043      6.9143566        3880000   0.98855089     5.9936881      1.4827351      6.9239602        3890000   0.99193204     6.0189703      1.4878065      6.9289317        3900000   1.0044004      6.0214276      1.5065079      6.9320646        3910000   1.0032307      6.0204156      1.5047534      6.9319605        3920000   0.99584654     6.0251784      1.4936779      6.9321055    
   3930000   1.0035047      6.0181865      1.5051645      6.9273433        3940000   0.99909389     6.0312375      1.4985486      6.9352207        3950000   1.0061522      6.0138085      1.5091354      6.9241396        3960000   0.99931231     6.0053965      1.4988762      6.9304645        3970000   0.99571062     6.0243146      1.493474       6.9247343        3980000   1.0078585      6.0090549      1.5116947      6.9108464        3990000   0.99537804     6.0111988      1.4929752      6.930632         4000000   1.0031488      6.0124952      1.5046306      6.9292235        4010000   1.0068299      6.01016        1.5101519      6.9239793        4020000   0.99555822     6.0102815      1.4932454      6.9270537        4030000   0.99822093     6.0222063      1.4972393      6.92297          4040000   1.0057807      6.0070973      1.5085783      6.9206967        4050000   0.9843068      6.0358802      1.4763693      6.9288632        4060000   0.99087226     6.0378477      1.4862169      6.9450236    
   4070000   1.0095579      5.9948125      1.5142436      6.9167185    
   4080000   0.99420149     6.0250132      1.4912105      6.9301128    
   4090000   1.0064467      6.0010561      1.5095772      6.9279847    
   4100000   0.98792537     6.0062126      1.4817969      6.9221616    
   4110000   0.99737812     5.9900861      1.4959751      6.9306864    
   4120000   1.0001981      5.9971663      1.5002048      6.9236936    
   4130000   0.99877246     5.9946883      1.4980665      6.9279512    
   4140000   0.99851769     5.994977       1.4976844      6.9321456    
   4150000   0.99183025     6.0134968      1.4876538      6.9287129        4160000   0.98160125     5.9995594      1.4723113      6.9233854        4170000   1.000877       5.9738198      1.5012232      6.9192392        4180000   1.0049222      6.002785       1.5072905      6.9292424        4190000   1.0010231      6.0196193      1.5014423      6.9441469        4200000   1.0140668      6.0002598      1.5210066      6.9270732        4210000   0.99966725     6.0002638      1.4994086      6.9243591        4220000   1.0002561      6.0108058      1.5002919      6.921094         4230000   0.99930402     6.0144432      1.4988638      6.9251387        4240000   1.0047883      6.0193193      1.5070897      6.9236804        4250000   1.0079992      6.0208184      1.5119057      6.9226707        4260000   1.0146926      6.0064187      1.5219453      6.9193129        4270000   0.9957565      6.0253264      1.4935428      6.9251369        4280000   1.0065409      6.009973       1.5097185      6.9292123        4290000   1.0014153      6.020013       1.5020305      6.9379903        4300000   1.0040229      6.0117865      1.5059417      6.9326579        4310000   1.0023829      6.01145        1.5034819      6.9249431        4320000   1.0025053      6.0048318      1.5036655      6.9215619        4330000   1.0053078      6.0145104      1.5078689      6.9252983        4340000   1.0004917      6.0070971      1.5006452      6.9236196        4350000   0.9972151      6.0326163      1.4957306      6.9314013        4360000   0.99873835     6.0113655      1.4980153      6.9203286        4370000   1.0013095      6.0121772      1.5018718      6.9317293        4380000   0.99189468     6.008112       1.4877505      6.9200085        4390000   0.99871967     6.0088007      1.4979873      6.922117         4400000   1.0043018      6.0138824      1.50636        6.9274466        4410000   1.0071863      6.0077031      1.5106865      6.9211382        4420000   1.008146       6.0328411      1.512126       6.9317929        4430000   0.99809649     6.0359127      1.4970526      6.9367962        4440000   0.99598571     6.0155837      1.4938866      6.9174064        4450000   1.0095142      6.0086922      1.5141782      6.9204869        4460000   1.0062558      6.0175196      1.5092908      6.9290074        4470000   0.9859557      6.0296282      1.4788425      6.9360465    
   4480000   0.99496187     5.9984988      1.492351       6.9255105        4490000   0.99069292     6.015932       1.4859479      6.9339947    
   4500000   1.0010905      5.9961171      1.5015434      6.9200846    
   4510000   1.0080004      5.9942229      1.5119076      6.9236244    
   4520000   1.0004102      6.015245       1.500523       6.9276737    
   4530000   1.0080426      6.0120093      1.5119708      6.9252124    
   4540000   1.0029447      6.017232       1.5043245      6.9359746        4550000   1.0101208      6.0245882      1.515088       6.9279079        4560000   1.0044292      6.0229266      1.506551       6.92763          4570000   0.99553136     6.0296984      1.4932052      6.9435303        4580000   1.0128122      6.0059778      1.5191249      6.9203749        4590000   0.99755698     6.0163365      1.4962434      6.936308         4600000   0.99072123     6.0040763      1.4859904      6.9212195        4610000   0.99313043     6.0146935      1.489604       6.929566         4620000   1.0027862      5.9998632      1.5040868      6.9209576        4630000   1.0024319      5.9997053      1.5035554      6.9183319        4640000   0.99925249     5.9995695      1.4987865      6.912824         4650000   1.0003801      6.016388       1.5004779      6.9164822        4660000   1.0007303      6.0204803      1.5010031      6.9318998        4670000   1.0017534      5.9856144      1.5025377      6.9191794        4680000   0.98874135     6.0049183      1.4830208      6.9237786        4690000   0.98969562     6.0120798      1.4844521      6.9272026        4700000   0.99940285     5.9993446      1.499012       6.9335234        4710000   0.98465315     6.0144144      1.4768888      6.9310754        4720000   0.99190694     6.0088632      1.4877688      6.9246477        4730000   1.0006244      6.0121082      1.5008443      6.9292889    
   4740000   1.0020702      6.0128618      1.5030128      6.9247315    
   4750000   1.0059776      5.9959948      1.5088735      6.9177172    
   4760000   1.0006907      6.0052498      1.5009437      6.9323257    
   4770000   1.0008011      5.9930496      1.5011092      6.9261049    
   4780000   1.003984       5.9950037      1.5058834      6.923644     
   4790000   0.9941161      6.0151627      1.4910824      6.920625     
   4800000   1.0112685      5.9926842      1.5168095      6.9212685    
   4810000   0.99942423     6.0258869      1.4990441      6.9248956    
   4820000   1.0067378      6.0252255      1.5100137      6.9307995    
   4830000   1.0072448      5.9993823      1.5107742      6.9264078    
   4840000   0.99372061     6.0256325      1.4904892      6.9266922    
   4850000   1.0050366      6.005685       1.5074621      6.9221908    
   4860000   0.99820492     5.9916075      1.4972153      6.9198274    
   4870000   0.99423555     6.0050344      1.4912616      6.9300589    
   4880000   0.99924574     5.9974819      1.4987764      6.9263932    
   4890000   1.0038292      5.9926475      1.5056511      6.9161281    
   4900000   0.99917122     5.9949301      1.4986646      6.92764      
   4910000   0.99530139     5.9899175      1.4928602      6.9281564    
   4920000   0.99756496     5.9952618      1.4962554      6.9223254    
   4930000   1.0044183      6.0005631      1.5065347      6.9266905    
   4940000   1.0006656      6.0090476      1.5009061      6.9285148    
   4950000   1.0047994      5.9976951      1.5071063      6.9348034    
   4960000   1.0055493      5.990567       1.5082311      6.9235563    
   4970000   1.0026975      5.9800866      1.5039537      6.9257162    
   4980000   0.99686528     5.9881049      1.4952059      6.9319628    
   4990000   1.0021929      5.9935986      1.5031968      6.9212304    
   5000000   1.0029684      5.9977209      1.50436        6.9293009    
   5010000   1.0093052      6.0013681      1.5138647      6.9284754    
   5020000   0.98849355     6.0158267      1.4826491      6.9235232    
   5030000   1.0049146      6.01726        1.5072791      6.9286121    
   5040000   1.0049941      6.0096705      1.5073984      6.924806     
   5050000   1.0025305      6.0048017      1.5037032      6.9283451    
   5060000   1.0046265      6.0161684      1.506847       6.9229256    
   5070000   0.99280582     6.0321342      1.4891171      6.9304867    
   5080000   1.0017984      6.0071856      1.5026052      6.925075     
   5090000   1.000778       6.0166742      1.5010746      6.9202603    
   5100000   0.99549922     6.0004924      1.4931569      6.9210907    
   5110000   0.99516997     6.0021144      1.4926631      6.916588     
   5120000   0.98340762     5.9955819      1.4750207      6.926947     
   5130000   0.98903824     5.9927731      1.4834661      6.924996     
   5140000   0.99274068     5.9863199      1.4890194      6.9216956    
   5150000   0.99265133     5.9941423      1.4888854      6.9285636    
   5160000   0.99939543     5.978746       1.4990009      6.9211167    
   5170000   0.99828128     5.9808292      1.4973298      6.9164293    
   5180000   1.0013107      5.986835       1.5018736      6.9395247    
   5190000   1.0014416      5.994943       1.5020699      6.913247     
   5200000   1.0117581      5.9901617      1.5175437      6.9245731    
   5210000   0.99583108     5.9924292      1.4936547      6.9278232    
   5220000   0.99693085     5.9966537      1.4953043      6.9257379    
   5230000   1.0012197      5.9861206      1.5017371      6.9257439    
   5240000   0.98962025     5.9912252      1.484339       6.9246613    
   5250000   0.99888335     5.9772508      1.4982328      6.9089482    
   5260000   0.99575957     5.9982561      1.4935474      6.9330556    
   5270000   0.99690469     5.9960673      1.495265       6.9298042    
   5280000   0.99848752     5.9859953      1.4976391      6.9185426    
   5290000   1.0021589      6.0036016      1.5031458      6.9343458    
   5300000   0.98853818     6.025918       1.482716       6.9290513    
   5310000   0.99999982     6.009432       1.4999074      6.9321796    
   5320000   1.0013287      6.0058522      1.5019006      6.9235062    
   5330000   0.99760529     6.0179341      1.4963158      6.9381395    
   5340000   1.0058346      6.0136923      1.508659       6.9400994    
   5350000   1.0005856      6.0084848      1.500786       6.9224622    
   5360000   1.0012026      6.0133381      1.5017115      6.9174375    
   5370000   1.0014688      6.0012653      1.5021108      6.9263638    
   5380000   0.99251773     6.0021957      1.488685       6.9314864    
   5390000   1.0066163      5.9841396      1.5098315      6.9184976    
   5400000   0.99544299     6.0069205      1.4930726      6.9241663    
   5410000   1.0112911      5.9923435      1.5168434      6.9203032    
   5420000   0.98882972     6.0151636      1.4831533      6.9235642    
   5430000   0.99866197     5.9864555      1.4979008      6.9247816    
   5440000   0.99789073     5.9818359      1.496744       6.9160895    
   5450000   0.98682156     6.0126026      1.4801413      6.9352032    
   5460000   0.9995573      5.9950612      1.4992437      6.9254963    
   5470000   0.99986242     6.0075113      1.4997013      6.9214452    
   5480000   1.0009538      6.0288798      1.5013384      6.9378702    
   5490000   1.009114       6.0183966      1.5135778      6.9344837    
   5500000   0.99716007     6.0100586      1.4956481      6.9307178    
   5510000   0.99679113     5.9864711      1.4950947      6.9313734    
   5520000   0.99318953     5.9954863      1.4896926      6.9306334    
   5530000   0.99343926     5.9913397      1.4900672      6.9266692    
   5540000   0.99192895     5.9787523      1.4878019      6.9257864    
   5550000   0.99057158     5.9771363      1.4857659      6.913907     
   5560000   0.99135996     5.9911335      1.4869484      6.9243458    
   5570000   0.99413213     5.9931036      1.4911064      6.9226278    
   5580000   1.0015914      5.9865284      1.5022946      6.9252806    
   5590000   0.99315838     6.0041012      1.4896459      6.9272406    
   5600000   0.99679492     6.0030348      1.4951004      6.9292202    
   5610000   0.99987596     6.0094598      1.4997216      6.9305569    
   5620000   0.99364547     6.0139559      1.4903765      6.9218273    
   5630000   1.0081609      5.9983745      1.5121483      6.9291097    
   5640000   1.0085501      6.0009078      1.512732       6.9320252    
   5650000   1.0102434      5.9892777      1.5152719      6.9216247    
   5660000   0.98536315     6.0112322      1.4779538      6.933664     
   5670000   0.9968589      6.0206999      1.4951963      6.9353052    
   5680000   0.98421689     6.0241606      1.4762345      6.9303919    
   5690000   0.99789509     6.0184011      1.4967505      6.9335265    
   5700000   0.9998254      6.0144974      1.4996458      6.9326       
   5710000   0.9912421      6.0265669      1.4867717      6.9251202    
   5720000   0.99864122     6.0092364      1.4978697      6.9210189    
   5730000   1.0019356      6.0094941      1.502811       6.927589     
   5740000   1.0038844      6.0180375      1.5057339      6.9303088    
   5750000   1.0015106      6.0284951      1.5021734      6.9332719    
   5760000   1.001356       6.0085845      1.5019416      6.9312162    
   5770000   1.0023819      6.0032138      1.5034803      6.9191618    
   5780000   0.98808187     6.0147661      1.4820316      6.9321102    
   5790000   1.0000034      6.0159213      1.4999128      6.9199977    
   5800000   1.0051614      5.9975748      1.5076493      6.9138216    
   5810000   0.99814658     6.0208893      1.4971277      6.9269851    
   5820000   0.99503997     6.0081034      1.4924681      6.9254619    
   5830000   1.004879       5.9953659      1.5072257      6.9213885    
   5840000   0.99575766     6.005143       1.4935446      6.9208854    
   5850000   0.991062       6.0177071      1.4865015      6.9274898    
   5860000   1.004173       5.9956879      1.5061669      6.9152097    
   5870000   1.0004401      6.0076002      1.5005677      6.9262269    
   5880000   0.994174       5.9988641      1.4911692      6.9219637    
   5890000   0.99004094     5.9849055      1.48497        6.9219087    
   5900000   0.99323202     5.9815089      1.4897564      6.9147378    
   5910000   0.99260447     6.0065152      1.4888151      6.9275625    
   5920000   0.99362436     5.999034       1.4903448      6.9258924    
   5930000   0.98549551     6.0007748      1.4781523      6.9195509    
   5940000   0.9970632      6.0010802      1.4955028      6.920033     
   5950000   1.0010272      5.9957907      1.5014484      6.9274891    
   5960000   1.0027924      6.0050688      1.5040961      6.9327452    
   5970000   0.99651524     6.0155985      1.4946809      6.9263351    
   5980000   1.0032091      6.004263       1.504721       6.9284356    
   5990000   1.0005004      6.0072877      1.5006583      6.9265468    
   6000000   0.99827887     5.9952476      1.4973262      6.9287716    
   6010000   0.99347571     6.0109739      1.4901219      6.9304672    
   6020000   0.98858503     6.0022293      1.4827863      6.9306196    
   6030000   1.0060043      5.9975922      1.5089135      6.9269583    
   6040000   1.009998       6.0176335      1.5149038      6.9368141    
   6050000   1.0024585      6.0150961      1.5035953      6.931671     
   6060000   1.0041242      5.9976299      1.5060936      6.9226402    
   6070000   0.99727359     6.0085846      1.4958183      6.9242757    
   6080000   1.0096054      5.9964429      1.5143149      6.9288894    
   6090000   0.99233418     5.9919516      1.4884097      6.9193069    
   6100000   0.99194907     6.0040578      1.4878321      6.9195268    
   6110000   0.99476945     6.0211289      1.4920624      6.927954     
   6120000   0.99274122     5.9982836      1.4890202      6.929461     
   6130000   1.005475       6.0110542      1.5081197      6.9299171    
   6140000   1.0079159      6.0051816      1.5117808      6.9241775    
   6150000   0.99948879     6.0148744      1.4991409      6.9337487    
   6160000   1.0036982      6.0164906      1.5054547      6.9317664    
   6170000   1.0157404      5.9897686      1.5235169      6.9228202    
   6180000   1.0081989      5.9969959      1.5122054      6.9319571    
   6190000   1.0053395      6.0123974      1.5079165      6.9350675    
   6200000   1.0025347      5.9922283      1.5037095      6.9249241    
   6210000   1.0047251      5.980259       1.506995       6.9206589    
   6220000   0.99020714     6.0069356      1.4852193      6.9235078    
   6230000   0.99383401     5.986853       1.4906593      6.9239102    
   6240000   0.99674039     5.9996458      1.4950186      6.9236978    
   6250000   0.99984886     5.9760709      1.499681       6.9210001    
   6260000   0.99332672     5.9936967      1.4898984      6.9199982    
   6270000   0.99445045     6.0032031      1.4915839      6.9217558    
   6280000   0.99695168     6.000991       1.4953355      6.9228761    
   6290000   0.99483796     5.9791304      1.4921651      6.9245689    
   6300000   0.98827938     5.9983377      1.4823278      6.9290441    
   6310000   0.98534106     5.9914256      1.4779206      6.9357762    
   6320000   0.98937227     5.9816024      1.4839671      6.9217914    
   6330000   0.99189313     5.9961072      1.4877481      6.9250473    
   6340000   0.99886297     5.9948527      1.4982023      6.923155     
   6350000   1.0025306      5.9876885      1.5037034      6.9170283    
   6360000   0.98987504     5.9857681      1.4847212      6.9265241    
   6370000   0.99074589     6.0003186      1.4860274      6.9292836    
   6380000   0.99570622     5.9846766      1.4934674      6.9147907    
   6390000   0.9853721      6.0162681      1.4779672      6.9294524    
   6400000   1.0083215      6.0006647      1.5123893      6.9252953    
   6410000   0.99555671     5.9928294      1.4932432      6.919664     
   6420000   0.9960284      5.9921785      1.4939507      6.9158661    
   6430000   0.99471793     5.9943263      1.4919851      6.9249422    
   6440000   1.0018393      6.0070837      1.5026665      6.9211012    
   6450000   0.98588604     6.0057514      1.4787381      6.9219667    
   6460000   1.0007563      5.993049       1.501042       6.9236668    
   6470000   0.99606344     5.9794489      1.4940032      6.9196646    
   6480000   0.99163839     5.9805958      1.487366       6.9111209    
   6490000   0.99607898     5.9943917      1.4940265      6.9313667    
   6500000   0.99709692     5.9931008      1.4955533      6.9297183    
   6510000   0.99798425     6.0043307      1.4968843      6.9255276    
   6520000   0.9951178      5.9938202      1.4925848      6.9183739    
   6530000   0.99406738     5.9997459      1.4910093      6.9314511    
   6540000   0.99539126     5.9983113      1.492995       6.9228909    
   6550000   0.99982553     6.0059563      1.499646       6.9309458    
   6560000   0.99234996     6.0059169      1.4884333      6.9380913    
   6570000   0.99816478     5.989891       1.497155       6.9297063    
   6580000   1.0068047      5.9811745      1.5101141      6.9179006    
   6590000   0.99931305     6.0048269      1.4988773      6.9305495    
   6600000   0.98512984     5.9993286      1.4776038      6.9189641    
   6610000   0.99811991     5.9885621      1.4970877      6.9237763    
   6620000   1.0047373      5.984718       1.5070132      6.9186339    
   6630000   0.99842115     6.0188772      1.4975396      6.9275397    
   6640000   0.99469825     6.0098922      1.4919556      6.9327912    
   6650000   0.98973109     6.0246185      1.4845053      6.9307673    
   6660000   1.0024391      6.0092068      1.5035661      6.9174055    
   6670000   0.99331626     6.0294496      1.4898827      6.923013     
   6680000   1.0053225      6.0283583      1.5078909      6.9330597    
   6690000   1.0055878      6.0267884      1.5082889      6.9280761    
   6700000   1.0038991      6.023525       1.5057559      6.9285615    
   6710000   1.0108494      5.9983068      1.5161808      6.9258919    
   6720000   0.99561863     6.0228921      1.4933361      6.9193829    
   6730000   0.99753197     6.0133587      1.4962059      6.9339725    
   6740000   0.99842414     6.0106414      1.4975441      6.9230917    
   6750000   1.0011838      5.9853249      1.5016833      6.9209373    
   6760000   1.0015653      5.993344       1.5022555      6.9215015    
   6770000   1.0047609      5.9873074      1.5070486      6.9236386    
   6780000   1.0030077      5.9944467      1.5044189      6.9271443    
   6790000   1.0010495      6.0094575      1.5014818      6.9182089    
   6800000   0.99904153     6.0127574      1.4984701      6.9252262    
   6810000   1.0084873      6.0130362      1.5126378      6.9285349    
   6820000   0.99943807     6.0199023      1.4990649      6.9198183    
   6830000   0.99894157     6.0149042      1.4983202      6.92992      
   6840000   1.0034587      6.0160021      1.5050954      6.929835     
   6850000   1.0107022      6.0038114      1.51596        6.9301297    
   6860000   1.0001345      6.0121472      1.5001094      6.9269257    
   6870000   0.99232993     6.0101622      1.4884033      6.9265521    
   6880000   0.9924504      5.9968399      1.488584       6.9149042    
   6890000   0.9980536      5.9774572      1.4969883      6.90889      
   6900000   0.99892013     5.9923183      1.498288       6.9236901    
   6910000   0.99506325     6.015869       1.492503       6.9347498    
   6920000   1.0030826      6.0105261      1.5045312      6.9208056    
   6930000   0.99762222     6.0258486      1.4963412      6.9321602    
   6940000   0.99751099     6.0173407      1.4961744      6.9302464    
   6950000   0.98682093     6.032637       1.4801403      6.9368524    
   6960000   1.0070184      6.0095451      1.5104347      6.9268193    
   6970000   1.0037787      6.0275578      1.5055754      6.9231082    
   6980000   1.0090137      6.0026026      1.5134275      6.9195544    
   6990000   1.0018839      6.0025609      1.5027334      6.9247453    
   7000000   1.0012519      6.0087588      1.5017854      6.9299334    
   7010000   0.99610449     6.0190227      1.4940648      6.9244311    
   7020000   0.99887559     6.0109086      1.4982212      6.9307616    
   7030000   1.0034106      6.0108744      1.5050232      6.923761     
   7040000   0.99760973     6.0096068      1.4963225      6.9301101    
   7050000   0.99990624     6.0081959      1.4997671      6.9229525    
   7060000   0.99410841     6.0286791      1.4910709      6.9307255    
   7070000   1.0093836      6.0239938      1.5139822      6.9335836    
   7080000   1.0048052      6.0369186      1.5071151      6.937206     
   7090000   1.0094809      6.0221797      1.5141282      6.9312325    
   7100000   1.0119382      6.017154       1.5178139      6.9334046    
   7110000   0.9973298      6.0085769      1.4959026      6.9224513    
   7120000   1.0106087      6.0084989      1.5158198      6.9233457    
   7130000   0.99994182     6.0142366      1.4998204      6.9312137    
   7140000   1.0012282      6.0136021      1.5017499      6.9311384    
   7150000   1.0090798      6.0006785      1.5135265      6.925314     
   7160000   1.0021749      5.9942875      1.5031699      6.9328769    
   7170000   0.99085886     5.9880936      1.4861968      6.9201919    
   7180000   0.99429507     5.9961885      1.4913508      6.9292064    
   7190000   1.0032107      5.9817533      1.5047235      6.9169385    
   7200000   0.99368012     5.9904304      1.4904285      6.922143     
   7210000   0.99789643     6.0032297      1.4967525      6.9228921    
   7220000   0.98876824     6.0123933      1.4830611      6.9223871    
   7230000   0.99862975     6.0052268      1.4978525      6.9268605    
   7240000   1.0045593      6.0007062      1.5067462      6.9216843    
   7250000   0.99011057     6.0033954      1.4850745      6.9277532    
   7260000   0.98977802     5.9921935      1.4845757      6.9240919    
   7270000   0.99523147     5.9997171      1.4927553      6.9101541    
   7280000   1.0089436      6.0058177      1.5133222      6.9194135    
   7290000   1.0132135      5.9954892      1.5197268      6.9200212    
   7300000   1.0047899      6.0277384      1.507092       6.9271915    
   7310000   1.0030361      6.0231309      1.5044616      6.9327277    
   7320000   0.99214003     6.0438125      1.4881185      6.9370115    
   7330000   0.99823073     6.0335814      1.497254       6.9354346    
   7340000   0.99902669     6.0154875      1.4984478      6.9132731    
   7350000   0.99692038     6.0312726      1.4952886      6.9414082    
   7360000   0.99953781     6.0182622      1.4992145      6.9274689    
   7370000   0.99932043     6.0106745      1.4988884      6.9157855    
   7380000   1.0019871      6.0045225      1.5028881      6.9274439    
   7390000   1.0008492      6.0120957      1.5011815      6.934449     
   7400000   0.98823072     6.0056592      1.4822549      6.916639     
   7410000   0.9970318      5.978194       1.4954557      6.9127778    
   7420000   0.98582833     6.0214587      1.4786515      6.9306425    
   7430000   0.98332755     6.0146099      1.4749006      6.9286846    
   7440000   1.0045411      5.9996097      1.506719       6.9286021    
   7450000   1.0016576      6.014637       1.502394       6.9198785    
   7460000   1.0004179      6.0158823      1.5005345      6.9243288    
   7470000   1.0028505      6.0122042      1.5041832      6.9316686    
   7480000   1.0109009      6.0040894      1.5162581      6.9249556    
   7490000   1.0004154      6.0080719      1.5005307      6.934952     
   7500000   1.0033107      5.9929221      1.5048734      6.9268184    
   7510000   0.98795143     5.986644       1.481836       6.9205691    
   7520000   0.99598134     5.9779464      1.4938801      6.9106338    
   7530000   0.99332336     6.0126635      1.4898934      6.9260126    
   7540000   0.99543634     5.9917754      1.4930626      6.9104684    
   7550000   0.99585602     5.9786077      1.4936921      6.9296912    
   7560000   0.99934103     5.9890388      1.4989193      6.919186     
   7570000   0.99959706     5.9930099      1.4993033      6.9084512    
   7580000   1.000389       6.0074295      1.5004911      6.9316534    
   7590000   0.99366        5.9869317      1.4903983      6.9237534    
   7600000   0.99683462     5.9896842      1.4951599      6.9171609    
   7610000   1.0005773      5.9930798      1.5007735      6.9341577    
   7620000   0.99448369     5.9949915      1.4916337      6.9278547    
   7630000   0.99497158     5.9922466      1.4923655      6.9195701    
   7640000   0.99089871     6.0126831      1.4862566      6.9300613    
   7650000   0.99907121     6.0198292      1.4985146      6.9237874    
   7660000   1.0105471      6.0207922      1.5157274      6.9257786    
   7670000   0.99917694     6.0175505      1.4986732      6.9215292    
   7680000   1.0081711      6.0052984      1.5121635      6.9221181    
   7690000   0.99684615     6.0109812      1.4951772      6.9222306    
   7700000   1.0112187      6.0136279      1.5167347      6.9267868    
   7710000   1.0030743      6.0379044      1.5045188      6.9312836    
   7720000   1.0081985      6.0293854      1.5122048      6.9390524    
   7730000   1.0082153      6.0285305      1.5122299      6.9351368    
   7740000   1.0016921      6.0252409      1.5024457      6.9305319    
   7750000   1.0118192      6.0079177      1.5176354      6.9254445    
   7760000   0.99249867     6.0304284      1.4886564      6.9348919    
   7770000   0.99361058     6.02441        1.4903242      6.9260957    
   7780000   1.0095701      6.0167604      1.5142619      6.9246107    
   7790000   1.0059399      6.0386006      1.508817       6.93013      
   7800000   1.0087104      6.0195949      1.5129726      6.9299539    
   7810000   1.0089794      6.014234       1.513376       6.9294564    
   7820000   1.0051988      6.0085619      1.5077053      6.9162871    
   7830000   0.99696703     6.032862       1.4953585      6.9365802    
   7840000   1.0113778      6.0228028      1.5169734      6.9296401    
   7850000   1.0036455      6.0197818      1.5053757      6.9277598    
   7860000   1.0058453      6.0376515      1.5086752      6.9357739    
   7870000   1.009448       6.043316       1.5140788      6.9264855    
   7880000   0.99380099     6.0492598      1.4906098      6.9334683    
   7890000   1.0010837      6.0440887      1.5015331      6.9299349    
   7900000   1.0047173      6.0222569      1.5069832      6.9281204    
   7910000   1.0051261      6.0149017      1.5075963      6.921798     
   7920000   0.99412621     6.0256992      1.4910975      6.9195267    
   7930000   0.98990694     6.0385096      1.484769       6.9324347    
   7940000   0.99584713     6.0224677      1.4936788      6.9329596    
   7950000   1.0012204      6.032002       1.5017382      6.9304977    
   7960000   0.99698028     6.0353236      1.4953784      6.9298059    
   7970000   1.0044848      6.0105375      1.5066345      6.932569     
   7980000   1.0021729      6.0241543      1.5031668      6.9320393    
   7990000   0.99809408     6.0438127      1.497049       6.9342226    
   8000000   1.0015538      6.022262       1.5022383      6.9210783    
   8010000   1.0112654      6.0264762      1.5168048      6.9243753    
   8020000   1.0068253      6.0107097      1.510145       6.9253995    
   8030000   0.9944273      6.0269301      1.4915492      6.9334533    
   8040000   0.99673964     6.0230456      1.4950175      6.9283714    
   8050000   1.0089937      5.9915496      1.5133975      6.9212083    
   8060000   1.0064755      5.9964065      1.5096203      6.9257771    
   8070000   0.99387749     6.0036231      1.4907245      6.9287381    
   8080000   0.99563548     6.0008897      1.4933613      6.9152149    
   8090000   0.98668558     6.0045179      1.4799373      6.9305333    
   8100000   0.99039783     5.9974454      1.4855053      6.9140878    
   8110000   0.9942004      5.9981566      1.4912088      6.9224491    
   8120000   0.99325049     6.0011467      1.4897841      6.9210064    
   8130000   0.99077374     6.0323194      1.4860692      6.9374382    
   8140000   0.99667853     6.0281774      1.4949258      6.92818      
   8150000   1.0043911      6.016134       1.5064939      6.9229845    
   8160000   0.99685        6.022362       1.495183       6.9340134    
   8170000   0.9981101      6.0032898      1.497073       6.9306291    
   8180000   0.99550241     6.0010151      1.4931617      6.921479     
   8190000   1.0000385      5.980892       1.4999655      6.918779     
   8200000   1.0006311      5.9827037      1.5008543      6.9120973    
   8210000   0.99691121     6.0122041      1.4952748      6.9242131    
   8220000   0.99393819     6.015761       1.4908155      6.9313758    
   8230000   0.99928545     6.0259751      1.4988359      6.9353503    
   8240000   0.99613537     6.0268851      1.4941111      6.9256026    
   8250000   1.0017311      6.0057576      1.5025042      6.9313621    
   8260000   0.99795352     5.9924142      1.4968382      6.9199198    
   8270000   0.98827158     5.9806002      1.4823162      6.9211167    
   8280000   0.99419905     5.9677282      1.4912068      6.9227034    
   8290000   0.99383978     5.9939421      1.4906679      6.928272     
   8300000   0.9892572      6.0168591      1.4837945      6.9236774    
   8310000   1.0075945      6.0012093      1.5112987      6.9297959    
   8320000   0.99937842     6.0039628      1.4989754      6.9269093    
   8330000   0.995157       6.0187591      1.4926436      6.9323496    
   8340000   1.0001266      6.0283886      1.5000976      6.9277041    
   8350000   1.0051884      6.0174447      1.5076899      6.9352466    
   8360000   1.0054654      6.0017163      1.5081053      6.9237799    
   8370000   0.99716376     6.015086       1.4956536      6.9222325    
   8380000   1.0023076      6.0085443      1.5033689      6.9352667    
   8390000   0.99658224     6.0015335      1.4947814      6.9187864    
   8400000   0.99402716     6.0198975      1.490949       6.9435863    
   8410000   1.0059397      6.0046008      1.5088167      6.9262325    
   8420000   0.99208524     6.0119578      1.4880363      6.9277877    
   8430000   1.0000505      6.00796        1.4999834      6.9204401    
   8440000   1.0100612      5.9911511      1.5149986      6.9227646    
   8450000   1.0060187      6.0184307      1.5089352      6.9281535    
   8460000   1.0153833      5.9820836      1.5229812      6.9269658    
   8470000   0.99874318     5.987085       1.4980226      6.9163437    
   8480000   1.0009742      6.0091546      1.5013689      6.9346272    
   8490000   0.99587208     6.0091454      1.4937162      6.9252223    
   8500000   0.99389939     6.0087558      1.4907573      6.9271714    
   8510000   0.99903146     6.0214057      1.498455       6.92418      
   8520000   0.99839672     6.0137093      1.4975029      6.9294922    
   8530000   1.0069522      6.0079926      1.5103354      6.9237707    
   8540000   1.000551       6.0176168      1.5007342      6.9211785    
   8550000   0.99935285     6.0124691      1.498937       6.9286037    
   8560000   1.0062985      5.9935156      1.5093549      6.9267791    
   8570000   1.0085298      6.0136857      1.5127017      6.9308605    
   8580000   1.0005221      6.0293204      1.5006908      6.9407773    
   8590000   0.991846       6.0170129      1.4876774      6.931572     
   8600000   1.0056994      5.9950678      1.5084563      6.9156284    
   8610000   0.99774306     5.993717       1.4965225      6.9194243    
   8620000   0.99593461     6.0015199      1.49381        6.9245101    
   8630000   0.99864398     6.0085296      1.4978738      6.914784     
   8640000   0.99819495     6.0212669      1.4972003      6.9198509    
   8650000   1.0026829      6.0145882      1.5039318      6.9337137    
   8660000   1.0039604      6.0139757      1.5058479      6.9230729    
   8670000   1.0056583      6.0111075      1.5083946      6.9276103    
   8680000   1.0083869      6.0108559      1.5124872      6.9289484    
   8690000   1.0074332      6.017034       1.5110568      6.9313091    
   8700000   0.9950292      6.0165916      1.492452       6.9360486    
   8710000   1.0093158      5.9951468      1.5138805      6.929122     
   8720000   0.99696419     6.0096086      1.4953543      6.9314821    
   8730000   1.0056316      5.9867604      1.5083546      6.9093655    
   8740000   0.98709015     5.993965       1.4805441      6.9226579    
   8750000   1.0069398      6.0026629      1.5103167      6.9259061    
   8760000   0.99467602     6.003324       1.4919222      6.9217368    
   8770000   1.0011296      5.9978241      1.501602       6.9198475    
   8780000   0.9967304      6.0033563      1.4950036      6.9228295    
   8790000   0.99893796     6.0004115      1.4983147      6.9197671    
   8800000   0.99054323     6.0160729      1.4857234      6.9261564    
   8810000   1.0073801      5.9985528      1.5109772      6.935948     
   8820000   0.99961638     5.9877165      1.4993323      6.9195678    
   8830000   1.0047494      5.9963122      1.5070313      6.9230936    
   8840000   0.99971776     5.9874259      1.4994844      6.9328585    
   8850000   0.99293738     6.0013448      1.4893144      6.9334554    
   8860000   1.0037614      5.9951802      1.5055494      6.928453     
   8870000   0.9986983      6.0157582      1.4979553      6.9174281    
   8880000   1.0033138      5.9995722      1.5048781      6.9223312    
   8890000   0.99168683     6.0125458      1.4874387      6.9265403    
   8900000   0.99801709     6.0070343      1.4969335      6.9097713    
   8910000   1.0020684      6.0030541      1.5030101      6.9188659    
   8920000   1.0023249      5.9952557      1.5033948      6.9307345    
   8930000   1.0031299      5.9961819      1.5046023      6.9302851    
   8940000   0.99798963     5.9948081      1.4968923      6.9218799    
   8950000   0.9991158      6.0042572      1.4985815      6.9256067    
   8960000   0.99166563     6.0041876      1.4874069      6.9301328    
   8970000   0.99153447     6.0057761      1.4872102      6.9245276    
   8980000   1.0042954      5.9891978      1.5063505      6.9245601    
   8990000   0.9917955      6.0018325      1.4876017      6.9247993    
   9000000   0.99127471     6.0012717      1.4868206      6.9194003    
   9010000   0.99360007     6.0035475      1.4903084      6.9199805    
   9020000   1.0059922      5.9969192      1.5088955      6.9147438    
   9030000   1.0043635      5.9997475      1.5064525      6.9257578    
   9040000   1.0098816      5.9952114      1.5147292      6.9274152    
   9050000   1.007865       6.0074843      1.5117045      6.9271942    
   9060000   1.0004013      6.016885       1.5005097      6.9182374    
   9070000   1.0148492      6.0065435      1.5221801      6.9280566    
   9080000   1.0104484      6.0377379      1.5155793      6.9410584    
   9090000   1.0005248      6.0389719      1.5006949      6.9251279    
   9100000   1.0044038      6.0261294      1.5065129      6.9238155    
   9110000   0.9983835      6.0156664      1.4974831      6.933821     
   9120000   1.0006819      6.006556       1.5009305      6.9260138    
   9130000   1.0059424      6.0087379      1.5088208      6.9325331    
   9140000   1.0013139      6.0122352      1.5018785      6.9271884    
   9150000   0.99658606     6.0152782      1.4947871      6.9332058    
   9160000   0.9959665      6.0092526      1.4938578      6.932265     
   9170000   0.99832235     6.0371468      1.4973914      6.937383     
   9180000   1.0103905      6.0012621      1.5154925      6.9306068    
   9190000   1.0112891      6.0335998      1.5168404      6.9282671    
   9200000   0.98991071     6.0417905      1.4847747      6.9368574    
   9210000   0.99795547     6.0170066      1.4968411      6.9352187    
   9220000   0.99421387     6.0084502      1.491229       6.9327596    
   9230000   0.99544403     5.9950638      1.4930742      6.9162532    
   9240000   0.99636996     5.9963668      1.494463       6.9118317    
   9250000   0.99904337     5.9894154      1.4984728      6.9220616    
   9260000   0.99902476     5.9923159      1.4984449      6.9287893    
   9270000   0.99136255     6.008075       1.4869523      6.9328682    
   9280000   0.99427082     6.0049329      1.4913145      6.9302109    
   9290000   0.98983514     6.0175716      1.4846613      6.9213318    
   9300000   1.0059829      5.9912344      1.5088815      6.923786     
   9310000   1.0128055      6.0085657      1.5191147      6.9223354    
   9320000   0.99763405     6.0359936      1.496359       6.933477     
   9330000   1.0062113      6.0112911      1.5092241      6.9280514    
   9340000   1.0011306      6.0124681      1.5016035      6.9173298    
   9350000   1.0038283      6.0142166      1.5056498      6.9325018    
   9360000   0.9950187      6.0283493      1.4924362      6.9361788    
   9370000   1.0026062      6.0132893      1.5038167      6.9259283    
   9380000   1.0025446      6.028854       1.5037244      6.9335366    
   9390000   1.0003753      6.02232        1.5004707      6.9249205    
   9400000   0.99919611     6.0174324      1.4987019      6.9261882    
   9410000   1.0029244      6.0167257      1.504294       6.9285111    
   9420000   1.0028309      6.0107506      1.5041538      6.9349018    
   9430000   0.99997931     6.0013535      1.4998767      6.9229459    
   9440000   0.99763643     5.9968945      1.4963626      6.9277057    
   9450000   0.98291502     6.0079406      1.4742818      6.926565     
   9460000   0.99549888     6.0190408      1.4931564      6.9271748    
   9470000   0.99549079     6.0205762      1.4931443      6.9312432    
   9480000   0.99920554     6.0165187      1.4987161      6.922634     
   9490000   0.99935251     6.0234301      1.4989365      6.9283651    
   9500000   0.99129926     6.0338161      1.4868574      6.9353337    
   9510000   1.0095286      6.0111686      1.5141998      6.9251857    
   9520000   0.9928476      6.0242846      1.4891798      6.9323872    
   9530000   0.99404252     6.0297681      1.490972       6.9315732    
   9540000   0.99545497     6.0187202      1.4930906      6.9219686    
   9550000   1.0001563      6.0204546      1.5001422      6.9217839    
   9560000   0.9856785      6.017571       1.4784268      6.933778     
   9570000   0.99652691     6.0003526      1.4946984      6.9330645    
   9580000   0.99411316     5.9852013      1.491078       6.9111802    
   9590000   0.9991338      5.9773124      1.4986085      6.9214862    
   9600000   0.99404939     5.9724731      1.4909823      6.9106584    
   9610000   1.0029926      5.9854741      1.5043963      6.9188217    
   9620000   0.9945788      5.999511       1.4917764      6.9204662    
   9630000   0.99368012     5.9984339      1.4904285      6.9336197    
   9640000   0.999267       6.0157029      1.4988083      6.9284953    
   9650000   1.0009245      6.0184311      1.5012943      6.934927     
   9660000   1.0091562      6.0002018      1.5136412      6.9269124    
   9670000   0.99855179     6.0171334      1.4977355      6.9230785    
   9680000   1.0067947      6.0227006      1.5100992      6.9295828    
   9690000   1.000757       6.0189548      1.5010432      6.9250218    
   9700000   1.0036096      6.0198069      1.5053218      6.9346533    
   9710000   1.0084961      6.0142836      1.512651       6.9238777    
   9720000   0.99029331     6.029952       1.4853486      6.9313607    
   9730000   1.0075634      6.0152858      1.5112521      6.9218079    
   9740000   0.99693117     6.0219813      1.4953047      6.9322282    
   9750000   0.99265215     6.0212047      1.4888866      6.9274765    
   9760000   0.99798181     6.0060353      1.4968806      6.9285091    
   9770000   1.0050353      6.0034987      1.5074602      6.9327436    
   9780000   0.9979246      6.0089174      1.4967948      6.9258943    
   9790000   0.99087111     5.9941021      1.4862152      6.9185382    
   9800000   1.0000294      5.9911639      1.4999518      6.9328601    
   9810000   0.99316606     6.0277045      1.4896574      6.9308743    
   9820000   0.99979948     5.9984873      1.4996069      6.9162504    
   9830000   0.99907997     5.9916308      1.4985277      6.9248014    
   9840000   0.99992617     6.0047287      1.499797       6.9224241    
   9850000   1.0020979      6.0016836      1.5030544      6.9267002    
   9860000   1.0029123      6.0006071      1.5042759      6.9220292    
   9870000   1.0050341      6.0020068      1.5074584      6.9230207    
   9880000   0.99777691     6.0090831      1.4965733      6.9295374    
   9890000   0.9983559      5.998986       1.4974417      6.919764     
   9900000   1.0051338      6.0091372      1.5076079      6.9359836    
   9910000   0.99111675     6.0304586      1.4865836      6.9338411    
   9920000   0.99387244     6.0091027      1.4907169      6.9215961    
   9930000   0.9990591      5.997012       1.4984964      6.9319679    
   9940000   0.99638451     6.0155726      1.4944848      6.9238446    
   9950000   0.99877287     6.0178211      1.4980671      6.9257839    
   9960000   1.0007942      6.0154132      1.5010989      6.9325963    
   9970000   1.0013042      6.0202898      1.5018639      6.927228     
   9980000   1.0030459      6.0160392      1.5044763      6.931724     
   9990000   1.0091124      6.0118863      1.5135754      6.9277952    
  10000000   1.0040868      6.0168152      1.5060375      6.9346851    
  10010000   1.0096898      6.0088312      1.5144415      6.9203503    
  10020000   0.99764105     6.0203966      1.4963695      6.9269633    
  10030000   0.99367055     6.0284404      1.4904141      6.9324294    
  10040000   1.0015961      6.0227797      1.5023016      6.9259592    
  10050000   1.0087956      6.0141728      1.5131003      6.9191666    
  10060000   0.99532832     6.0310551      1.4929006      6.9259066    
  10070000   1.0031268      6.0161495      1.5045976      6.9235008    
  10080000   1.0020756      6.0024478      1.5030209      6.9270478    
  10090000   0.99237922     6.0195862      1.4884772      6.9247965    
  10100000   0.98877803     6.007521       1.4830758      6.9230743    
  10110000   1.0006844      5.9936829      1.5009343      6.9221813    
  10120000   0.99459742     6.0056115      1.4918043      6.9250145    
  10130000   0.99712831     5.9843249      1.4956004      6.917669     
  10140000   0.99373116     5.9937278      1.490505       6.9270904    
  10150000   0.98993993     6.0083995      1.4848185      6.9286739    
  10160000   0.99929829     6.0034478      1.4988552      6.9086574    
  10170000   0.99308467     6.0141423      1.4895353      6.9134882    
  10180000   1.0014423      5.9992197      1.5020709      6.9315182    
  10190000   0.99052978     6.0101469      1.4857032      6.9387929    
  10200000   0.99411545     6.0121323      1.4910814      6.9290703    
  10210000   1.0015255      6.0119159      1.5021959      6.9209871    
  10220000   0.99835462     6.0061555      1.4974398      6.9252505    
  10230000   1.0010671      6.0294806      1.5015083      6.9318221    
  10240000   1.0010956      6.0192526      1.501551       6.9239913    
  10250000   1.0022514      6.0281514      1.5032846      6.9361235    
  10260000   1.005008       6.0221365      1.5074192      6.9252089    
  10270000   1.0002471      6.0235579      1.5002783      6.9323543    
  10280000   1.0026937      6.0087958      1.503948       6.9284806    
  10290000   1.0027576      6.0205388      1.5040439      6.9382764    
  10300000   0.99392231     6.0291197      1.4907917      6.9268547    
  10310000   1.0058599      6.0257311      1.508697       6.9284324    
  10320000   1.0018042      6.0010676      1.5026138      6.9272093    
  10330000   0.99845643     6.0246543      1.4975925      6.9299359    
  10340000   1.0019818      6.0144174      1.5028802      6.9209715    
  10350000   1.0164135      6.0038055      1.5245264      6.9266942    
  10360000   1.0066802      6.0098734      1.5099274      6.9344629    
  10370000   1.0063585      5.993047       1.5094449      6.9206245    
  10380000   0.99968316     5.9961749      1.4994325      6.9174326    
  10390000   1.0032374      6.0138282      1.5047635      6.9251302    
  10400000   1.0026716      6.0023595      1.5039148      6.9195948    
  10410000   1.0053636      5.9971821      1.5079526      6.9250111    
  10420000   0.99865943     5.9737302      1.497897       6.9087638    
  10430000   0.98747784     5.9978392      1.4811256      6.9300686    
  10440000   0.98623173     5.9908028      1.4792566      6.9155989    
  10450000   0.99198456     5.9886713      1.4878853      6.9228982    
  10460000   1.0039249      5.9821315      1.5057947      6.9137793    
  10470000   0.9939244      6.0011571      1.4907949      6.9226559    
  10480000   0.9951535      5.9981782      1.4926384      6.9253069    
  10490000   1.006468       5.9967516      1.509609       6.9218507    
  10500000   1.0011297      5.9911526      1.5016021      6.9277763    
  10510000   0.99506194     6.0170823      1.4925011      6.9222951    
  10520000   1.000241       6.0042718      1.5002692      6.9225423    
  10530000   0.9925718      6.0020979      1.4887661      6.9258427    
  10540000   0.98315255     5.9958039      1.4746381      6.9226672    
  10550000   0.99085555     5.9907942      1.4861919      6.9193672    
  10560000   1.0033758      5.9950759      1.504971       6.9243573    
  10570000   1.0034604      6.010645       1.505098       6.9287551    
  10580000   1.0160001      5.9846331      1.5239063      6.9233681    
  10590000   1.0027127      6.0116155      1.5039765      6.9314873    
  10600000   1.0127618      6.0061692      1.5190493      6.9288469    
  10610000   1.0012346      6.0215943      1.5017595      6.9331963    
  10620000   0.99898215     6.0134917      1.498381       6.925598     
  10630000   1.0023576      5.9902124      1.5034438      6.9150455    
  10640000   0.99383301     6.0061373      1.4906578      6.9209774    
  10650000   0.99900353     6.0095672      1.4984131      6.9270528    
  10660000   1.0028639      6.0139901      1.5042033      6.929992     
  10670000   1.0056251      6.0133196      1.5083448      6.9301877    
  10680000   0.99588066     6.0129396      1.4937291      6.9336619    
  10690000   1.0081786      6.0022689      1.5121748      6.9293314    
  10700000   1.0065543      6.0045607      1.5097385      6.933978     
  10710000   0.99977174     6.018059       1.4995653      6.9269085    
  10720000   0.99923594     6.0143018      1.4987617      6.9286841    
  10730000   0.99281881     6.0249761      1.4891366      6.9349904    
  10740000   0.99899499     6.0243856      1.4984003      6.9332756    
  10750000   1.0180263      6.0024649      1.5269454      6.9282995    
  10760000   1.0041272      6.0134562      1.5060981      6.9273556    
  10770000   1.0034844      6.0231986      1.505134       6.9188828    
  10780000   1.0094929      5.9979791      1.5141461      6.9238418    
  10790000   0.99941663     5.9940301      1.4990327      6.921393     
  10800000   0.99842656     5.9938029      1.4975477      6.928462     
  10810000   1.0014875      5.9941443      1.5021388      6.9193805    
  10820000   0.99600274     5.9932288      1.4939122      6.9249666    
  10830000   1.0013573      6.0117858      1.5019435      6.9208866    
  10840000   1.0093309      6.0144391      1.5139033      6.9348107    
  10850000   1.0064091      6.0347391      1.5095208      6.9285838    
  10860000   1.0119858      6.0183351      1.5178853      6.9320703    
  10870000   1.0090737      6.0145412      1.5135173      6.9238334    
  10880000   1.003267       6.0242168      1.5048079      6.9256172    
  10890000   1.0120551      6.0118131      1.5179892      6.9331417    
  10900000   0.99955913     6.0324352      1.4992464      6.9316715    
  10910000   1.0107816      6.0275258      1.5160792      6.9343617    
  10920000   0.99627465     6.036867       1.49432        6.9326332    
  10930000   1.0067366      6.0118706      1.5100119      6.9186772    
  10940000   0.99910645     6.0136173      1.4985675      6.9248138    
  10950000   0.98297517     6.0292666      1.474372       6.9231894    
  10960000   0.99898566     6.0195323      1.4983863      6.9282888    
  10970000   1.0074655      5.9959952      1.5111053      6.9261436    
  10980000   1.010968       6.0040265      1.5163587      6.9307809    
  10990000   1.0052053      5.9994296      1.5077152      6.9191934    
  11000000   1.011453       6.0055348      1.5170861      6.9224922    
  11010000   0.99085885     6.0450855      1.4861968      6.9411232    
  11020000   0.99582329     6.0104839      1.493643       6.9265021    
  11030000   0.99470469     6.0056348      1.4919652      6.9330336    
  11040000   1.0013873      5.9978022      1.5019885      6.9214601    
  11050000   0.993379       6.0208607      1.4899768      6.9279021    
  11060000   1.0010426      6.0159209      1.5014715      6.9302862    
  11070000   0.99993895     6.0159839      1.4998161      6.9184062    
  11080000   0.99840905     6.0098416      1.4975214      6.9225267    
  11090000   1.0029339      5.9966021      1.5043083      6.9154365    
  11100000   1.00599        5.9959588      1.5088922      6.9186718    
  11110000   0.99007058     6.014238       1.4850145      6.9286909    
  11120000   1.0019645      5.9913281      1.5028542      6.9225574    
  11130000   1.0000006      5.9932702      1.4999086      6.9205693    
  11140000   0.99269577     6.0060653      1.488952       6.9229052    
  11150000   1.0050496      5.9881857      1.5074817      6.9229875    
  11160000   1.0045483      6.0099151      1.5067297      6.9227679    
  11170000   1.0188258      5.999802       1.5281447      6.9215818    
  11180000   1.0061645      6.0185308      1.5091539      6.9302686    
  11190000   1.0004722      6.001177       1.500616       6.9199374    
  11200000   1.0026674      5.9925972      1.5039086      6.9178448    
  11210000   0.98352792     6.0044386      1.4752011      6.9284622    
  11220000   1.0009173      5.9939887      1.5012835      6.9221594    
  11230000   1.0012189      5.9763516      1.5017359      6.9188384    
  11240000   0.99838442     5.9895716      1.4974845      6.925118     
  11250000   0.99640565     6.0047649      1.4945165      6.9291314    
  11260000   1.001141       5.9930252      1.5016191      6.9207618    
  11270000   0.99325145     5.9969064      1.4897855      6.9275194    
  11280000   1.0008178      5.9938397      1.5011343      6.910944     
  11290000   0.989165       5.9954623      1.4836562      6.9141223    
  11300000   0.99578768     5.9872826      1.4935896      6.9245136    
  11310000   0.98626824     5.9923239      1.4793113      6.9266092    
  11320000   0.99988364     5.9789254      1.4997332      6.9239102    
  11330000   0.9993803      5.9899471      1.4989782      6.9231928    
  11340000   1.0072734      5.9861694      1.5108171      6.9199025    
  11350000   0.99297682     6.0108879      1.4893736      6.9432524    
  11360000   0.98663289     5.9988625      1.4798583      6.9373556    
  11370000   0.99564064     5.9963625      1.4933691      6.9244724    
  11380000   0.9940103      6.0063774      1.4909237      6.9229418    
  11390000   1.0028376      5.9988986      1.5041638      6.9236699    
  11400000   0.99538276     5.9984602      1.4929823      6.9246873    
  11410000   0.99901325     6.0250251      1.4984277      6.9353744    
  11420000   0.9976658      6.0232351      1.4964066      6.9252124    
  11430000   0.99218475     6.0244981      1.4881855      6.9362946    
  11440000   1.0069616      6.0103922      1.5103494      6.9309564    
  11450000   0.99589662     6.0326582      1.493753       6.9353041    
  11460000   0.98944928     6.0291368      1.4840826      6.9349964    
  11470000   0.99791439     6.0231954      1.4967795      6.9318956    
  11480000   0.99476016     6.0145508      1.4920484      6.9229834    
  11490000   1.0011127      6.0137604      1.5015766      6.928292     
  11500000   1.0074498      6.0051144      1.5110817      6.9225559    
  11510000   0.99878804     6.001621       1.4980899      6.9251451    
  11520000   0.99948815     6.0121335      1.49914        6.9270262    
  11530000   1.0011915      6.0018138      1.5016948      6.9216592    
  11540000   1.0035366      6.0039338      1.5052122      6.9186882    
  11550000   0.99229603     5.9976085      1.4883525      6.9128845    
  11560000   0.99945152     6.0163897      1.499085       6.9240357    
  11570000   1.0079793      6.0052271      1.511876       6.9271405    
  11580000   1.0024066      6.0035723      1.5035174      6.9318153    
  11590000   0.99844935     6.0050977      1.4975819      6.9145033    
  11600000   1.0040546      5.9999383      1.5059892      6.9232833    
  11610000   0.99760494     5.9910618      1.4963153      6.9299001    
  11620000   1.0013766      5.9888678      1.5019725      6.9193367    
  11630000   0.99327238     6.001819       1.4898169      6.9220692    
  11640000   0.98507315     5.998137       1.4775188      6.9187254    
  11650000   0.99843607     5.9846118      1.4975619      6.9215772    
  11660000   0.98699114     5.9903226      1.4803956      6.9234694    
  11670000   0.99473096     5.993747       1.4920046      6.927101     
  11680000   0.99381394     5.9932663      1.4906292      6.9267823    
  11690000   0.99892058     5.9961862      1.4982887      6.9343425    
  11700000   1.002984       6.001006       1.5043834      6.9335241    
  11710000   0.9929998      6.0166199      1.489408       6.9321121    
  11720000   0.99996432     6.0093317      1.4998542      6.9165434    
  11730000   1.0020561      6.0101929      1.5029917      6.9248471    
  11740000   1.0014541      6.0171823      1.5020887      6.9197032    
  11750000   0.99990278     5.9930059      1.4997619      6.9204213    
  11760000   1.0046771      6.0018114      1.5069229      6.9237765    
  11770000   1.0094958      6.0018511      1.5141506      6.9305304    
  11780000   0.99443351     6.0092407      1.4915585      6.933807     
  11790000   1.0033946      6.0020674      1.5049993      6.9257048    
  11800000   1.0049008      6.0120462      1.5072584      6.9303269    
  11810000   1.0097104      5.9976385      1.5144724      6.9251361    
  11820000   1.0006148      6.0129277      1.5008299      6.923317     
  11830000   1.0137081      6.0060222      1.5204685      6.9212912    
  11840000   1.0009133      6.0354838      1.5012776      6.9367657    
  11850000   1.0005783      6.0190467      1.5007751      6.9386042    
  11860000   0.99725803     6.0166591      1.495795       6.933792     
  11870000   1.00948        6.0074038      1.5141268      6.9243348    
  11880000   1.0070035      6.0246024      1.5104124      6.9316597    
  11890000   0.99759681     5.9956711      1.4963031      6.9151725    
  11900000   1.0037686      5.9918217      1.5055603      6.9129223    
  11910000   1.0027778      5.9899656      1.5040741      6.9178524    
  11920000   0.996881       6.0041922      1.4952295      6.9260867    
  11930000   0.99845943     6.0112105      1.497597       6.9238973    
  11940000   1.0052702      6.0283691      1.5078125      6.9333009    
  11950000   0.99210385     6.0417134      1.4880642      6.9392541    
  11960000   1.0071215      6.0387192      1.5105893      6.9357012    
  11970000   1.0017724      6.0244994      1.5025661      6.9261193    
  11980000   0.98837293     6.0340489      1.4824682      6.9337736    
  11990000   1.0129775      5.9847847      1.5193727      6.923184     
  12000000   0.99443091     5.9918584      1.4915546      6.9218978    
  12010000   1.0002013      5.9931295      1.5002096      6.9200914    
  12020000   0.99078017     5.988354       1.4860788      6.9164689    
  12030000   1.0020241      5.9845728      1.5029437      6.9178379    
  12040000   0.99649234     5.9964172      1.4946465      6.9279875    
  12050000   1.0063329      6.0176921      1.5094065      6.942185     
  12060000   0.99284888     6.0279945      1.4891817      6.9429794    
  12070000   0.99438112     6.0186389      1.4914799      6.9331865    
  12080000   1.0076809      5.9931756      1.5114284      6.9161921    
  12090000   0.99883958     5.9932661      1.4981672      6.928545     
  12100000   0.99084901     6.005692       1.4861821      6.9232833    
  12110000   0.99486395     5.9967211      1.4922041      6.9296927    
  12120000   0.99229552     6.0033293      1.4883517      6.9232192    
  12130000   1.0059348      5.9799711      1.5088093      6.9275047    
  12140000   0.98098748     6.0065019      1.4713907      6.9236133    
  12150000   0.98857073     6.0120751      1.4827649      6.9363343    
  12160000   1.0019808      6.0155311      1.5028787      6.9286687    
  12170000   1.0067801      6.0091368      1.5100772      6.9292324    
  12180000   1.0041331      6.0178687      1.5061069      6.926211     
  12190000   1.0073114      6.0067337      1.5108741      6.9240952    
  12200000   1.0054064      5.9952535      1.5080168      6.9146171    
  12210000   0.99900078     6.0038741      1.498409       6.9227385    
  12220000   1.0073166      5.9923125      1.510882       6.9223779    
  12230000   0.99716273     6.0017126      1.4956521      6.9230776    
  12240000   0.99827871     6.0031836      1.4973259      6.9235443    
  12250000   1.0012048      6.0076531      1.5017147      6.9199028    
  12260000   1.001916       6.0096393      1.5027816      6.9232531    
  12270000   0.99620316     5.9981306      1.4942128      6.9218685    
  12280000   0.99191636     6.0145715      1.487783       6.9297722    
  12290000   0.99899709     5.9951697      1.4984034      6.9207256    
  12300000   0.99292784     6.0022095      1.4893001      6.9242782    
  12310000   1.0083346      5.9860971      1.5124089      6.925061     
  12320000   0.9996894      6.008335       1.4994418      6.9184804    
  12330000   0.99731845     6.0055599      1.4958856      6.9279371    
  12340000   0.99842237     5.9983829      1.4975414      6.9275993    
  12350000   0.99961377     6.0172081      1.4993284      6.929594     
  12360000   0.99971683     6.0064178      1.499483       6.9189841    
  12370000   0.98840641     5.9995251      1.4825184      6.9290113    
  12380000   0.99416204     5.9878634      1.4911513      6.922173     
  12390000   0.9981633      5.9887405      1.4971528      6.9195677    
  12400000   0.99213312     5.9987443      1.4881081      6.9235137    
  12410000   1.0053906      6.0074023      1.5079931      6.9249059    
  12420000   0.99753588     6.0083953      1.4962117      6.9262198    
  12430000   1.0033663      6.0211039      1.5049568      6.9177405    
  12440000   0.99864317     6.0414765      1.4978726      6.9407666    
  12450000   0.99912436     6.0318029      1.4985943      6.9314361    
  12460000   1.0082127      6.0060926      1.512226       6.9258606    
  12470000   1.00632        6.0049985      1.5093871      6.9116215    
  12480000   1.0104384      6.0118382      1.5155643      6.9173063    
  12490000   1.0058424      6.0111338      1.5086707      6.9275175    
  12500000   1.0012366      6.0015074      1.5017625      6.9171799    
  12510000   1.0045714      6.0288769      1.5067644      6.9345961    
  12520000   1.0008344      6.0218661      1.5011592      6.9255622    
  12530000   0.99504345     6.017855       1.4924733      6.9215149    
  12540000   1.0099768      6.0136376      1.5148719      6.9310388    
  12550000   1.0026359      6.0210042      1.5038613      6.9274049    
  12560000   0.99989479     6.0281078      1.4997499      6.9262864    
  12570000   1.0024255      6.0246215      1.5035457      6.9366807    
  12580000   0.9948937      6.0082898      1.4922487      6.9195157    
  12590000   0.99165442     6.0205501      1.4873901      6.934583     
  12600000   0.99925562     6.0107214      1.4987912      6.9230742    
  12610000   1.0009374      6.0269173      1.5013138      6.9267797    
  12620000   0.99110642     6.0348735      1.4865681      6.940011     
  12630000   1.0036586      6.0095839      1.5053952      6.9281889    
  12640000   1.0068097      6.0214469      1.5101216      6.9376287    
  12650000   1.0080235      6.0139858      1.5119422      6.9254256    
  12660000   0.99796779     6.0209701      1.4968596      6.9278066    
  12670000   1.0033875      6.0143927      1.5049886      6.92983      
  12680000   0.98331997     6.0320016      1.4748892      6.9333418    
  12690000   0.99974421     6.0145379      1.499524       6.9242159    
  12700000   0.9968576      6.0083732      1.4951944      6.9293644    
  12710000   0.99965626     6.011469       1.4993921      6.9271787    
  12720000   0.99697652     6.0288422      1.4953728      6.9398877    
  12730000   0.99253232     6.0193143      1.4887069      6.9317168    
  12740000   0.99450988     6.0115905      1.491673       6.918294     
  12750000   0.99802098     6.0114415      1.4969393      6.9206635    
  12760000   0.99404626     6.0081033      1.4909776      6.9166312    
  12770000   0.99825748     6.0206019      1.4972941      6.9241673    
  12780000   0.99889501     6.0371063      1.4982503      6.9325761    
  12790000   1.0146793      6.0174048      1.5219253      6.923032     
  12800000   0.99588899     6.0381284      1.4937416      6.9327129    
  12810000   1.0001309      6.0255995      1.5001041      6.9345027    
  12820000   1.0053306      6.0178486      1.5079032      6.9165782    
  12830000   1.0053465      6.0027627      1.507927       6.9226267    
  12840000   1.0097367      6.0131879      1.5145118      6.9244575    
  12850000   1.0087453      6.0144622      1.5130249      6.9214475    
  12860000   1.0113535      6.0310331      1.5169369      6.9284243    
  12870000   1.0119517      6.0373215      1.5178342      6.9250784    
  12880000   1.0114218      6.0399455      1.5170393      6.9352037    
  12890000   1.0045019      6.0376131      1.5066601      6.9383394    
  12900000   0.99846117     6.0294155      1.4975996      6.925141     
  12910000   0.99675553     6.0174069      1.4950413      6.9253479    
  12920000   1.0000542      6.0245005      1.4999891      6.928059     
  12930000   0.99839179     6.011584       1.4974955      6.9273275    
  12940000   0.99704322     6.0073888      1.4954728      6.9341185    
  12950000   1.0094266      6.0050856      1.5140468      6.9214512    
  12960000   0.9943301      6.0339778      1.4914034      6.9304786    
  12970000   1.0044716      6.0137388      1.5066146      6.9247056    
  12980000   1.0018139      6.0118377      1.5026284      6.9354092    
  12990000   1.003532       6.0170346      1.5052053      6.923943     
  13000000   1.0122537      6.0175709      1.5182872      6.9292127    
  13010000   1.0126308      6.0220299      1.5188527      6.9247752    
  13020000   1.0176302      6.0194995      1.5263514      6.9390659    
  13030000   1.0073889      6.0289086      1.5109904      6.9309778    
  13040000   1.0094137      6.0116755      1.5140274      6.9261728    
  13050000   1.0064963      6.0164587      1.5096515      6.9184031    
  13060000   1.0079982      6.031043       1.5119042      6.9327563    
  13070000   1.0062039      6.0452574      1.509213       6.9354087    
  13080000   1.0183805      6.0332143      1.5274768      6.9226068    
  13090000   1.0080453      6.0434712      1.511975       6.9390932    
  13100000   1.0057616      6.034527       1.5085496      6.9254063    
  13110000   1.0024166      6.0210776      1.5035324      6.9250634    
  13120000   1.0051947      6.0216706      1.5076993      6.9253227    
  13130000   1.0072361      6.0086837      1.5107612      6.9223193    
  13140000   0.99620104     6.0270051      1.4942096      6.927902     
  13150000   0.99773134     6.0202954      1.4965049      6.9306682    
  13160000   0.9928723      6.0248635      1.4892168      6.9194617    
  13170000   0.99734626     6.0096072      1.4959273      6.9235005    
  13180000   1.0001576      6.0112908      1.500144       6.923693     
  13190000   0.99137956     6.0130581      1.4869778      6.9309266    
  13200000   1.0119769      5.9973423      1.517872       6.9281828    
  13210000   1.0027742      6.0159543      1.5040688      6.9327448    
  13220000   1.0027182      6.0120779      1.5039848      6.9250821    
  13230000   1.0018518      6.0158165      1.5026852      6.9291771    
  13240000   1.0010112      6.0154811      1.5014244      6.9283369    
  13250000   1.0015444      6.0146956      1.5022242      6.9183144    
  13260000   1.0055107      6.0161963      1.5081732      6.9219727    
  13270000   1.0130271      6.0069673      1.5194471      6.919419     
  13280000   0.99319379     6.0217489      1.489699       6.9258122    
  13290000   1.0181148      6.0137779      1.5270782      6.9226425    
  13300000   0.99432946     6.0251836      1.4914024      6.9251953    
  13310000   0.99357594     6.0285758      1.4902722      6.9278884    
  13320000   1.0096307      5.9885798      1.5143528      6.9205926    
  13330000   0.99442031     6.0036505      1.4915387      6.935548     
  13340000   0.98442848     6.022099       1.4765518      6.9324392    
  13350000   1.0026101      6.0154531      1.5038227      6.9298864    
  13360000   0.98596361     6.0226887      1.4788544      6.927121     
  13370000   1.0030239      5.9813205      1.5044433      6.9201436    
  13380000   0.99839739     5.9872755      1.4975039      6.9278171    
  13390000   0.9963156      5.9968136      1.4943814      6.9254463    
  13400000   1.0007738      5.9922665      1.5010683      6.9227185    
  13410000   0.99677726     6.000617       1.4950739      6.9148227    
  13420000   1.0049216      5.9926911      1.5072896      6.9273064    
  13430000   0.99014792     6.0289714      1.4851305      6.9238283    
  13440000   0.99754838     6.0241923      1.4962305      6.9308241    
  13450000   1.0044         6.0070562      1.5065073      6.9137767    
  13460000   1.0108864      6.0116558      1.5162363      6.9231846    
  13470000   1.0041431      6.0238052      1.506122       6.9322442    
  13480000   1.0101146      6.018109       1.5150786      6.9197012    
  13490000   1.0020013      6.0340016      1.5029095      6.9250052    
  13500000   0.9943205      6.0322768      1.491389       6.9169442    
  13510000   1.0068967      6.0175851      1.5102521      6.9232039    
  13520000   1.0063433      6.0182767      1.5094221      6.914851     
  13530000   1.000253       6.0383531      1.5002872      6.9279052    
  13540000   0.99951482     6.0364255      1.49918        6.9289214    
  13550000   0.99925447     6.0373734      1.4987895      6.9283047    
  13560000   1.0058463      6.0168913      1.5086765      6.9199169    
  13570000   0.9981011      6.0372254      1.4970595      6.9359629    
  13580000   1.0031452      6.0244684      1.5046253      6.9375604    
  13590000   1.0039044      6.0137744      1.5057639      6.9188065    
  13600000   1.0097297      5.994463       1.5145014      6.9208735    
  13610000   1.0006555      6.0061241      1.500891       6.9330223    
  13620000   1.0036552      5.9995337      1.5053901      6.921331     
  13630000   0.99194275     6.0184913      1.4878226      6.930376     
  13640000   0.99590259     6.0284917      1.493762       6.9324797    
  13650000   0.99424186     6.0307152      1.491271       6.9239131    
  13660000   1.0041198      6.0128584      1.506087       6.9268747    
  13670000   1.0050443      6.0217896      1.5074736      6.9249513    
  13680000   1.0057245      6.0108505      1.5084939      6.9275275    
  13690000   1.0090225      6.0110537      1.5134407      6.9206602    
  13700000   1.0041055      6.0197755      1.5060655      6.9422715    
  13710000   0.99979557     6.0205248      1.4996011      6.9265911    
  13720000   1.0103079      6.0226935      1.5153686      6.9338112    
  13730000   1.0076692      6.0025755      1.5114108      6.9264284    
  13740000   1.0025991      5.9923451      1.5038061      6.9234977    
  13750000   1.0058633      5.9748699      1.5087021      6.9076515    
  13760000   0.99560736     5.9986744      1.4933191      6.9234179    
  13770000   1.0025118      5.9983453      1.5036751      6.9210106    
  13780000   1.0055974      5.993076       1.5083033      6.9273995    
  13790000   0.99869349     5.9947208      1.4979481      6.9280575    
  13800000   0.99875772     6.0010688      1.4980444      6.930485     
  13810000   0.99617184     6.0151273      1.4941658      6.9275147    
  13820000   1.0008151      6.0151025      1.5011302      6.9235824    
  13830000   1.0020205      6.002796       1.5029383      6.9288013    
  13840000   0.99924778     6.0048217      1.4987794      6.925219     
  13850000   1.0075659      6.0116707      1.5112559      6.9195419    
  13860000   0.99521177     6.0155646      1.4927258      6.9340035    
  13870000   1.0005353      6.0142239      1.5007107      6.9279907    
  13880000   1.0021008      6.0256501      1.5030588      6.9375202    
  13890000   0.99135319     6.0495446      1.4869383      6.9334638    
  13900000   1.0049217      6.0192987      1.5072898      6.9203337    
  13910000   1.0010566      6.0218037      1.5014925      6.928313     
  13920000   0.99764612     6.0276439      1.4963771      6.934764     
  13930000   0.99435195     6.0235879      1.4914361      6.9227599    
  13940000   0.99894545     6.0231526      1.498326       6.9236894    
  13950000   1.005725       6.0243442      1.5084947      6.9191412    
  13960000   1.0213306      6.0086123      1.5319017      6.9221703    
  13970000   1.0029739      6.0292448      1.5043683      6.9389781    
  13980000   0.99464968     6.0221819      1.4918827      6.9298978    
  13990000   0.99738554     6.012163       1.4959863      6.9286498    
  14000000   1.0051903      5.9963458      1.5076926      6.9210136    
  14010000   0.99205036     6.0051479      1.487984       6.9292234    
  14020000   0.99400331     6.0068287      1.4909132      6.9362659    
  14030000   1.0008605      5.9969949      1.5011983      6.9293604    
  14040000   0.99497359     6.0142096      1.4923685      6.9214417    
  14050000   1.0055569      5.9840359      1.5082425      6.9254681    
  14060000   0.99422444     6.0048078      1.4912449      6.9212416    
  14070000   0.99840004     5.9813803      1.4975079      6.9277999    
  14080000   0.98752755     6.0029054      1.4812002      6.9160639    
  14090000   1.0020197      6.0003245      1.502937       6.9207956    
  14100000   0.99062212     6.0226323      1.4858418      6.9207175    
  14110000   0.99830241     6.0174304      1.4973615      6.9228422    
  14120000   0.99498686     6.0250143      1.4923884      6.9253647    
  14130000   1.0020242      5.9995464      1.5029437      6.9251047    
  14140000   0.99816623     6.0175091      1.4971572      6.925191     
  14150000   1.0029106      6.0089937      1.5042733      6.9252422    
  14160000   1.0079773      5.9887224      1.5118729      6.9159749    
  14170000   1.0044537      5.9848329      1.5065879      6.9164734    
  14180000   0.98069607     6.0152373      1.4709536      6.9273673    
  14190000   1.002017       5.9825421      1.502933       6.9216623    
  14200000   0.99427507     5.9941412      1.4913208      6.9195965    
  14210000   0.99572227     5.991751       1.4934915      6.9155951    
  14220000   0.99456694     5.9895749      1.4917586      6.9227477    
  14230000   0.98908839     5.99403        1.4835413      6.9251188    
  14240000   1.0023939      5.9913318      1.5034983      6.9275339    
  14250000   1.0008887      6.0099371      1.5012407      6.93207      
  14260000   0.99018287     6.0012989      1.4851829      6.924125     
  14270000   1.0008919      5.997415       1.5012455      6.9152416    
  14280000   0.9923525      6.0245335      1.4884371      6.92238      
  14290000   1.0046905      6.026948       1.506943       6.9389607    
  14300000   0.99780444     6.0479625      1.4966146      6.9354807    
  14310000   1.0058245      6.0393939      1.5086439      6.92405      
  14320000   1.0017422      6.0320447      1.5025208      6.9388695    
  14330000   0.9998247      6.0338756      1.4996448      6.9302268    
  14340000   1.0019825      6.0262658      1.5028812      6.9244518    
  14350000   1.0023073      6.0233323      1.5033685      6.9304118    
  14360000   1.0040101      6.0145347      1.5059225      6.9242795    
  14370000   1.0120202      6.0015041      1.5179369      6.9204461    
  14380000   1.0020567      6.0177935      1.5029926      6.9291627    
  14390000   1.0043114      5.9964651      1.5063744      6.9192205    
  14400000   0.99360937     6.0174167      1.4903223      6.9390465    
  14410000   1.00677        6.0240526      1.5100621      6.9310508    
  14420000   0.9995542      6.0342133      1.499239       6.9272213    
  14430000   0.99690232     6.0092264      1.4952615      6.9241566    
  14440000   0.99248811     6.0311227      1.4886406      6.9365574    
  14450000   1.0013241      6.0222366      1.5018937      6.9294324    
  14460000   1.006939       6.0252416      1.5103155      6.92363      
  14470000   0.99964857     6.0284044      1.4993806      6.9311226    
  14480000   0.99903493     6.0231676      1.4984602      6.9308771    
  14490000   0.99991824     6.0106497      1.4997851      6.9195934    
  14500000   1.0028559      6.0125626      1.5041912      6.9241976    
  14510000   0.99848469     6.0100295      1.4976349      6.9264297    
  14520000   0.9974484      6.0085605      1.4960805      6.9311816    
  14530000   0.99548245     6.0115926      1.4931318      6.9240506    
  14540000   1.0064751      6.0118781      1.5096197      6.9229093    
  14550000   1.0153462      6.0052391      1.5229256      6.9290932    
  14560000   1.0021237      6.0292597      1.503093       6.9374844    
  14570000   1.0052109      6.0169082      1.5077236      6.9187851    
  14580000   1.0060254      5.995689       1.5089452      6.926777     
  14590000   0.9972247      6.0025032      1.495745       6.9273022    
  14600000   0.99965881     6.0081557      1.4993959      6.937421     
  14610000   1.0013598      6.0201421      1.5019472      6.9281822    
  14620000   1.00425        6.0173769      1.5062823      6.9273932    
  14630000   1.0018383      6.0279199      1.5026649      6.9214105    
  14640000   0.99562501     5.9936021      1.4933456      6.9236072    
  14650000   0.99678312     6.0083188      1.4950827      6.9318579    
  14660000   1.00917        6.0133636      1.5136618      6.9324527    
  14670000   1.0052336      5.9962867      1.5077576      6.9242823    
  14680000   0.99375961     6.0061765      1.4905477      6.9186498    
  14690000   1.0035964      5.9924519      1.505302       6.9259255    
  14700000   1.0000606      6.006659       1.4999986      6.9183708    
  14710000   0.99726607     6.00264        1.4958071      6.920055     
  14720000   0.99561443     6.0185321      1.4933297      6.9256881    
  14730000   1.0033636      5.9822898      1.5049528      6.9273996    
  14740000   1.0015344      6.0123639      1.5022091      6.9328119    
  14750000   1.0051346      6.0242323      1.5076091      6.9308309    
  14760000   1.0013586      6.0145706      1.5019455      6.9340386    
  14770000   1.011791       5.9890596      1.5175931      6.9272031    
  14780000   1.0033563      6.0011473      1.5049419      6.9220557    
  14790000   1.0027535      6.0068118      1.5040377      6.9235945    
  14800000   1.0111998      5.9945835      1.5167064      6.9236104    
  14810000   0.99155038     6.0096358      1.4872341      6.9169875    
  14820000   1.0032437      5.9897955      1.504773       6.9221052    
  14830000   1.0000825      6.0006583      1.5000315      6.922404     
  14840000   1.0008566      6.0040239      1.5011925      6.9240151    
  14850000   0.99526595     6.004157       1.4928071      6.9217979    
  14860000   0.99241056     6.0019647      1.4885242      6.9193109    
  14870000   1.0030046      6.0099572      1.5044144      6.9172043    
  14880000   1.0004151      6.0096325      1.5005303      6.9313522    
  14890000   1.0051155      6.0212106      1.5075805      6.9263186    
  14900000   1.0108683      6.0020389      1.5162091      6.9272183    
  14910000   0.99656121     6.0295562      1.4947498      6.9350911    
  14920000   1.0047811      6.000805       1.5070789      6.9281774    
  14930000   1.0032567      5.9926919      1.5047924      6.9196873    
  14940000   0.99198206     6.0162909      1.4878815      6.9318986    
  14950000   0.99543985     6.0010484      1.4930679      6.927092     
  14960000   0.99618185     6.0017214      1.4941808      6.9212883    
  14970000   0.98964899     5.9924173      1.4843821      6.9241638    
  14980000   0.98282731     6.0119803      1.4741502      6.9293021    
  14990000   1.0026703      5.9880153      1.5039129      6.9163621    
  15000000   0.99932631     5.9993468      1.4988972      6.9218407    
  15010000   0.99333576     6.0121203      1.489912       6.926795     
  15020000   0.99492016     6.0169044      1.4922884      6.924626     
  15030000   1.0027488      6.0145022      1.5040306      6.9252124    
  15040000   0.99769266     6.0167633      1.4964469      6.9276522    
  15050000   0.99466482     6.0172295      1.4919054      6.9322414    
  15060000   0.98945144     5.997008       1.4840858      6.9154521    
  15070000   0.99798172     6.0052854      1.4968805      6.926548     
  15080000   0.99289124     6.0033234      1.4892452      6.9332249    
  15090000   1.0029744      6.0075904      1.5043691      6.9295473    
  15100000   0.99791343     6.0323284      1.496778       6.9326501    
  15110000   1.0120041      6.0026377      1.5179127      6.9271974    
  15120000   1.0042152      6.0193065      1.50623        6.9364312    
  15130000   1.0040741      6.0356979      1.5060185      6.9336433    
  15140000   1.0134975      6.0260045      1.5201527      6.9246372    
  15150000   1.003489       6.0289724      1.5051409      6.9257937    
  15160000   0.99648674     6.0431752      1.4946381      6.933013     
  15170000   1.0034641      6.0295882      1.5051036      6.9323198    
  15180000   0.99923768     6.0417072      1.4987643      6.9364146    
  15190000   1.0034822      6.0229151      1.5051306      6.9123315    
  15200000   1.0059692      5.998126       1.508861       6.9175715    
  15210000   1.0106881      6.0020126      1.5159389      6.9299203    
  15220000   1.0090118      5.996298       1.5134246      6.9214503    
  15230000   0.9986386      6.0158485      1.4978657      6.9312602    
  15240000   1.0032894      6.0046116      1.5048415      6.9353349    
  15250000   1.000858       6.0125022      1.5011947      6.9249406    
  15260000   1.0006581      6.0060644      1.5008948      6.929901     
  15270000   1.0005467      5.9936688      1.5007277      6.9234749    
  15280000   0.99341797     5.9846141      1.4900353      6.9162465    
  15290000   0.99639656     5.99332        1.4945029      6.9171128    
  15300000   0.99077345     6.0098042      1.4860687      6.9283049    
  15310000   1.0008595      5.992514       1.5011968      6.9190964    
  15320000   0.99815676     6.0054696      1.497143       6.9254824    
  15330000   0.99134725     6.0191841      1.4869294      6.934568     
  15340000   0.99901277     6.0155732      1.4984269      6.9228356    
  15350000   0.99630377     6.0003388      1.4943637      6.9178756    
  15360000   0.9878019      6.0019835      1.4816117      6.9083164    
  15370000   1.0040646      5.9927327      1.5060042      6.9138962    
  15380000   1.008094       6.0139665      1.512048       6.9239693    
  15390000   0.99212422     6.0503573      1.4880948      6.9330273    
  15400000   1.0080491      6.0210722      1.5119806      6.9330683    
  15410000   1.0020171      6.0237365      1.5029332      6.9330089    
  15420000   0.99792878     6.0223494      1.4968011      6.9309084    
  15430000   0.99207908     6.0390462      1.488027       6.9325377    
  15440000   0.98747081     6.0270886      1.4811151      6.922323     
  15450000   1.0018463      6.0171002      1.502677       6.9246562    
  15460000   1.0128843      6.0211002      1.519233       6.9392972    
  15470000   1.0070775      6.0248001      1.5105232      6.9262012    
  15480000   1.0008228      6.0290661      1.5011418      6.9297821    
  15490000   1.0118025      6.0177361      1.5176104      6.9339712    
  15500000   1.0024063      6.0264045      1.503517       6.9396462    
  15510000   1.0151784      6.0169854      1.522674       6.9326563    
  15520000   1.0013828      6.0293065      1.5019818      6.9268735    
  15530000   1.0003483      6.0215102      1.50043        6.9243016    
  15540000   1.0046026      6.0150082      1.5068112      6.9236095    
  15550000   0.99744869     6.0035362      1.496081       6.9234428    
  15560000   1.0013671      5.987551       1.5019583      6.919461     
  15570000   1.0034165      5.9892583      1.5050322      6.9200243    
  15580000   0.99527655     6.0181391      1.492823       6.920298     
  15590000   0.99365397     6.0096738      1.4903892      6.923406     
  15600000   0.99076371     6.000598       1.4860541      6.9265996    
  15610000   0.99288599     6.0057912      1.4892373      6.9262969    
  15620000   0.99631658     6.0254646      1.4943829      6.9259701    
  15630000   0.99798869     6.0025316      1.4968909      6.9280337    
  15640000   0.99820499     6.0105889      1.4972153      6.9199909    
  15650000   1.0010931      6.0093868      1.5015473      6.9271538    
  15660000   1.0047204      6.01613        1.5069879      6.9235898    
  15670000   1.0090557      6.0038513      1.5134903      6.9271002    
  15680000   0.99915947     6.0125161      1.498647       6.9257169    
  15690000   0.99325111     6.0154351      1.489785       6.9283869    
  15700000   0.99708448     6.0016241      1.4955347      6.9160543    
  15710000   0.99334222     5.9966675      1.4899217      6.9138721    
  15720000   1.0015815      6.0032991      1.5022798      6.9201135    
  15730000   1.0056556      5.9996711      1.5083906      6.9214119    
  15740000   1.0062434      6.0118758      1.5092722      6.9262771    
  15750000   1.0068468      5.9958443      1.5101773      6.9149472    
  15760000   1.005164       5.989753       1.5076532      6.9256884    
  15770000   1.0000072      5.9812326      1.4999185      6.9164857    
  15780000   0.99707439     5.9884842      1.4955196      6.9265974    
  15790000   1.001034       5.9872684      1.5014586      6.9144849    
  15800000   1.0025158      6.0039085      1.5036812      6.9321176    
  15810000   1.0147014      5.9889244      1.5219584      6.9209444    
  15820000   0.99867685     6.0112842      1.4979231      6.9305722    
  15830000   0.98492418     5.9992978      1.4772954      6.9204986    
  15840000   0.9928171      5.9973027      1.489134       6.9280181    
  15850000   0.98719494     6.0185349      1.4807013      6.9286464    
  15860000   1.0026465      5.9974566      1.5038772      6.9211433    
  15870000   1.0032166      6.0041518      1.5047324      6.9251208    
  15880000   1.0066812      6.0095352      1.5099289      6.9193374    
  15890000   1.0033078      6.0296329      1.5048692      6.9326393    
  15900000   1.0043447      6.0378484      1.5064244      6.9241015    
  15910000   1.0047856      6.0110888      1.5070857      6.9239774    
  15920000   1.0015429      6.0146151      1.5022219      6.9254342    
  15930000   0.99250052     6.0183193      1.4886592      6.9279013    
  15940000   1.0032487      6.011801       1.5047804      6.9305039    
  15950000   1.0050718      6.0094373      1.5075149      6.922314     
  15960000   1.0036453      6.0036171      1.5053754      6.917786     
  15970000   0.99201726     6.0249663      1.4879343      6.9348926    
  15980000   0.99436399     6.0263102      1.4914542      6.9403746    
  15990000   0.99749364     6.0277821      1.4961484      6.9387567    
  16000000   1.0111746      6.0249807      1.5166685      6.9239867    
  16010000   0.99484199     6.0461846      1.4921712      6.9340531    
  16020000   0.99799581     6.0434482      1.4969016      6.9219527    
  16030000   1.0084713      6.0223522      1.5126138      6.9256749    
  16040000   0.99377543     6.0227729      1.4905714      6.9333431    
  16050000   1.006867       6.0108334      1.5102076      6.9350933    
  16060000   1.0003445      5.9984631      1.5004244      6.9323557    
  16070000   0.99079901     6.0123314      1.4861071      6.9300552    
  16080000   0.99949094     6.0065224      1.4991442      6.9251611    
  16090000   1.0016634      5.9960102      1.5024026      6.9216542    
  16100000   0.99264487     6.0109071      1.4888757      6.9333258    
  16110000   0.99272813     6.0174419      1.4890006      6.9231073    
  16120000   1.00135        6.0183087      1.5019326      6.9303195    
  16130000   0.99913735     6.0181263      1.4986138      6.930311     
  16140000   1.0032218      6.014774       1.5047402      6.9279344    
  16150000   0.99078647     6.0110842      1.4860883      6.9190337    
  16160000   0.99842059     6.0192105      1.4975387      6.9208806    
  16170000   1.0090932      6.0135948      1.5135467      6.9289275    
  16180000   1.0082641      6.0340199      1.5123031      6.9309685    
  16190000   1.0024583      6.0384075      1.5035949      6.9400232    
  16200000   1.0010741      6.0204534      1.5015187      6.9347249    
  16210000   0.99600607     6.0110263      1.4939172      6.9245059    
  16220000   1.0037036      6.0193183      1.5054628      6.9273547    
  16230000   1.0018516      6.0247266      1.5026849      6.9247637    
  16240000   1.0085021      6.0208901      1.5126601      6.9382716    
  16250000   0.99595245     6.0183488      1.4938367      6.9329376    
  16260000   0.99940896     6.0014832      1.4990212      6.9171666    
  16270000   1.0016143      5.9827479      1.502329       6.9208124    
  16280000   0.99780209     5.995881       1.496611       6.9207389    
  16290000   0.99433268     5.9987359      1.4914072      6.919537     
  16300000   0.99086816     6.0184859      1.4862108      6.9295864    
  16310000   0.9990431      6.0224935      1.4984724      6.9223733    
  16320000   1.0047891      6.0204067      1.5070909      6.9155893    
  16330000   0.99893976     6.0104047      1.4983174      6.9206784    
  16340000   0.99663492     6.0168633      1.4948604      6.9229903    
  16350000   0.99184891     6.01577        1.4876818      6.9382007    
  16360000   1.0066722      5.9874048      1.5099153      6.9212932    
  16370000   0.99086747     6.0127379      1.4862098      6.9213135    
  16380000   0.99813641     6.0088932      1.4971125      6.9236271    
  16390000   0.98393131     6.011967       1.4758061      6.9290702    
  16400000   0.99509475     5.9931835      1.4925503      6.9211746    
  16410000   0.99398919     5.9984188      1.490892       6.9231181    
  16420000   1.0107355      5.9850585      1.5160099      6.9184443    
  16430000   1.0025372      6.0132923      1.5037132      6.9229653    
  16440000   0.99463744     5.9969101      1.4918644      6.920102     
  16450000   1.0078953      5.9848962      1.5117499      6.9153661    
  16460000   0.98834859     6.0047002      1.4824317      6.9235245    
  16470000   0.98555137     6.0025036      1.4782361      6.9348921    
  16480000   1.0006418      5.9855936      1.5008704      6.9119223    
  16490000   0.99852483     6.005594       1.4976951      6.9166473    
  16500000   0.99426428     6.0145596      1.4913047      6.9192848    
  16510000   0.98981444     6.0105981      1.4846303      6.9290978    
  16520000   0.9961776      6.0096436      1.4941745      6.9209336    
  16530000   0.99476336     5.9956306      1.4920532      6.9199661    
  16540000   1.0011038      5.9710292      1.5015633      6.9225228    
  16550000   0.99359504     5.9898447      1.4903009      6.9250332    
  16560000   0.99166129     6.0037766      1.4874004      6.9182702    
  16570000   1.0014636      6.0115848      1.5021029      6.9333257    
  16580000   1.0035178      6.0170824      1.505184       6.9254031    
  16590000   0.99300753     6.0353247      1.4894196      6.9312557    
  16600000   0.99973739     6.0219531      1.4995138      6.9221382    
  16610000   1.0023074      6.0284208      1.5033686      6.9342065    
  16620000   0.99531094     6.0264246      1.4928745      6.926862     
  16630000   1.0023506      6.0131176      1.5034334      6.915796     
  16640000   1.003018       6.0083544      1.5044344      6.9302784    
  16650000   0.99889732     6.0015773      1.4982538      6.9184559    
  16660000   0.99693634     5.9922031      1.4953125      6.9179281    
  16670000   0.99937139     5.9968899      1.4989648      6.9222278    
  16680000   0.98561402     5.9990741      1.4783301      6.9261294    
  16690000   0.99992224     5.9859102      1.4997911      6.9227068    
  16700000   0.99682842     5.9868248      1.4951506      6.9225393    
  16710000   0.99308573     5.9867037      1.4895369      6.92004      
  16720000   1.0029063      6.0041976      1.5042668      6.9349609    
  16730000   1.016588       5.99304        1.5247882      6.9273838    
  16740000   0.99625529     6.0089442      1.494291       6.9250555    
  16750000   1.0133315      5.9894426      1.5199037      6.9190745    
  16760000   0.99817527     6.023244       1.4971708      6.9280577    
  16770000   0.99695203     6.0129745      1.495336       6.923923     
  16780000   0.99997621     5.990046       1.499872       6.9170811    
  16790000   0.99657636     5.9893339      1.4947726      6.9197977    
  16800000   1.0003895      5.9958102      1.5004919      6.9184283    
  16810000   0.99391198     5.999431       1.4907762      6.9206134    
  16820000   1.0034341      6.016695       1.5050585      6.9403013    
  16830000   0.99749169     6.0160628      1.4961455      6.922137     
  16840000   0.99689376     6.0144829      1.4952486      6.9194444    
  16850000   0.99566675     6.0132175      1.4934082      6.9235528    
  16860000   1.01231        5.996911       1.5183716      6.9254285    
  16870000   1.0085889      5.9998692      1.5127903      6.9298757    
  16880000   1.0126004      5.9859831      1.5188072      6.9243954    
  16890000   0.99866915     6.0017282      1.4979115      6.9281379    
  16900000   1.0057102      5.9877718      1.5084724      6.9269635    
  16910000   1.0016526      5.9994667      1.5023864      6.9287897    
  16920000   1.004019       5.9985119      1.5059359      6.9253056    
  16930000   1.0073402      6.003756       1.5109174      6.9335864    
  16940000   1.0000901      6.0027699      1.5000429      6.9244361    
  16950000   1.0032181      6.0117648      1.5047345      6.9286218    
  16960000   0.99728509     6.0035664      1.4958356      6.9197432    
  16970000   0.99043984     6.0087831      1.4855683      6.9292547    
  16980000   0.99538059     5.9938018      1.492979       6.9316707    
  16990000   0.99913444     6.0069711      1.4986094      6.9260098    
  17000000   0.99493614     6.0209949      1.4923124      6.9263462    
  17010000   0.99443978     6.0109377      1.4915679      6.9342537    
  17020000   1.0005271      6.0167498      1.5006983      6.9267334    
  17030000   1.0024123      6.0253844      1.503526       6.937542     
  17040000   0.99987416     6.0155897      1.499719       6.9199136    
  17050000   0.99696207     6.0172747      1.4953511      6.9233115    
  17060000   0.99839208     6.0041797      1.497496       6.9346527    
  17070000   0.9966251      6.0222129      1.4948457      6.9330824    
  17080000   0.99691022     6.0111437      1.4952733      6.9305251    
  17090000   0.99089289     6.0182922      1.4862479      6.9268514    
  17100000   0.99916843     6.0193566      1.4986604      6.929557     
  17110000   0.99811877     6.0214619      1.497086       6.9286333    
  17120000   1.0006611      6.0242309      1.5008993      6.9225836    
  17130000   1.0013109      6.019892       1.501874       6.9360421    
  17140000   1.0084702      6.0205965      1.5126122      6.9334119    
  17150000   1.0087764      6.0169898      1.5130715      6.9287101    
  17160000   1.0010322      6.0087856      1.5014559      6.9336795    
  17170000   1.0092211      5.9972901      1.5137385      6.9210928    
  17180000   1.0108535      6.001928       1.5161869      6.9208883    
  17190000   0.99953339     6.0106506      1.4992078      6.9346308    
  17200000   0.99793713     6.0225279      1.4968136      6.9407153    
  17210000   1.0018895      6.0090362      1.5027418      6.9233434    
  17220000   0.99824747     6.0255034      1.4972791      6.9339991    
  17230000   1.0109513      6.0003431      1.5163336      6.9230397    
  17240000   1.0080232      6.016984       1.5119418      6.9326294    
  17250000   1.0108662      6.0099099      1.516206       6.9198971    
  17260000   1.0022317      6.0120647      1.5032551      6.9177272    
  17270000   0.99825369     5.9972682      1.4972884      6.9240551    
  17280000   1.0079107      5.9942346      1.511773       6.9244405    
  17290000   0.9967635      6.0138663      1.4950533      6.9316042    
  17300000   0.99728419     6.0082885      1.4958342      6.9203391    
  17310000   0.99812296     6.0108842      1.4970923      6.935599     
  17320000   1.0054597      6.0088455      1.5080968      6.922813     
  17330000   0.99555695     6.0208177      1.4932435      6.9258889    
  17340000   1.0026999      6.0255283      1.5039574      6.9399669    
  17350000   1.0012505      6.0102581      1.5017833      6.9230701    
  17360000   1.0018284      6.0007065      1.5026501      6.927634     
  17370000   1.0054539      5.9953276      1.508088       6.9237896    
  17380000   0.99267076     5.9997183      1.4889145      6.9166382    
  17390000   0.99855677     5.9937218      1.497743       6.9198917    
  17400000   0.99005838     6.0032898      1.4849962      6.9221217    
  17410000   0.99365282     6.0243121      1.4903875      6.9284501    
  17420000   0.98712565     6.0219553      1.4805974      6.9245387    
  17430000   0.99341308     6.0273163      1.4900279      6.9334672    
  17440000   0.99522932     6.0201052      1.4927521      6.9270516    
  17450000   0.99947149     6.030594       1.499115       6.9317345    
  17460000   1.0034964      6.0355776      1.505152       6.9381491    
  17470000   1.0069567      6.0297002      1.5103421      6.9380822    
  17480000   1.0052545      6.0085535      1.5077889      6.9262909    
  17490000   1.0016587      6.0066435      1.5023956      6.9238329    
  17500000   0.99377375     6.0146668      1.4905689      6.9302563    
  17510000   0.99943755     6.011446       1.4990641      6.9291839    
  17520000   0.98585293     6.04063        1.4786884      6.9376291    
  17530000   1.0028619      6.0116257      1.5042003      6.9246241    
  17540000   1.005834       6.0125736      1.5086582      6.9364646    
  17550000   0.99947103     6.0233045      1.4991143      6.9349319    
  17560000   0.98912967     6.0218683      1.4836032      6.9312846    
  17570000   0.99731595     6.0167119      1.4958819      6.9240166    
  17580000   0.99559022     5.9926457      1.4932934      6.9098976    
  17590000   0.99439069     5.9878645      1.4914942      6.908462     
  17600000   0.99990477     5.9750977      1.4997649      6.9102501    
  17610000   1.0011514      5.9976041      1.5016346      6.9142283    
  17620000   1.0032971      5.997498       1.504853       6.9248753    
  17630000   0.9977038      6.0139918      1.4964636      6.9316688    
  17640000   0.99930441     5.9922883      1.4988644      6.923151     
  17650000   0.9870747      6.0231364      1.4805209      6.9330085    
  17660000   1.0011431      6.0006823      1.5016223      6.9342029    
  17670000   1.0033604      6.0176856      1.504948       6.9286153    
  17680000   0.99874984     6.0035779      1.4980326      6.9276423    
  17690000   0.9998174      6.0093694      1.4996338      6.9338678    
  17700000   1.0048443      5.9898726      1.5071738      6.9210549    
  17710000   1.0047545      6.0158883      1.507039       6.9276106    
  17720000   1.0013471      6.0241947      1.5019282      6.9334631    
  17730000   0.993786       6.0154496      1.4905873      6.9329856    
  17740000   1.0043317      6.0223433      1.5064048      6.9447518    
  17750000   1.007223       6.0032044      1.5107415      6.9329691    
  17760000   1.0110729      5.9963301      1.516516       6.9163661    
  17770000   1.0013494      6.0147291      1.5019317      6.9203325    
  17780000   0.99890842     5.9940618      1.4982704      6.9275125    
  17790000   0.99427708     6.0083959      1.4913239      6.933017     
  17800000   0.99575573     5.9912289      1.4935417      6.9307251    
  17810000   1.0014362      6.0083746      1.5020619      6.9338043    
  17820000   1.0005202      6.0084293      1.500688       6.9270216    
  17830000   1.0053028      6.0355903      1.5078613      6.9268692    
  17840000   0.99506138     6.0194017      1.4925002      6.936778     
  17850000   1.0118007      5.9914753      1.5176077      6.9094439    
  17860000   1.0049827      6.0185098      1.5073813      6.9345873    
  17870000   0.99211566     6.0067048      1.4880819      6.9243659    
  17880000   1.0019641      6.016211       1.5028537      6.9295104    
  17890000   0.99796016     6.0016125      1.4968481      6.9242382    
  17900000   0.98929252     6.0190559      1.4838475      6.9231879    
  17910000   0.99956998     6.0145789      1.4992627      6.924169     
  17920000   0.99857818     6.00278        1.4977751      6.9343393    
  17930000   0.99110004     6.0212671      1.4865586      6.9394129    
  17940000   0.99586288     6.0076114      1.4937024      6.9167703    
  17950000   0.99369973     6.0019108      1.4904579      6.9178875    
  17960000   0.99550688     6.0060806      1.4931684      6.9183472    
  17970000   1.0028865      5.9914424      1.5042371      6.9161443    
  17980000   1.0022351      5.9900859      1.5032601      6.9261318    
  17990000   1.0056289      6.0006187      1.5083505      6.9381253    
  18000000   1.0070646      6.0111404      1.510504       6.9242858    
  18010000   1.0051956      6.0265231      1.5077006      6.9368608    
  18020000   1.0039989      6.0134025      1.5059057      6.930375     
  18030000   1.0055297      6.0083815      1.5082017      6.926649     
  18040000   1.0079156      6.002538       1.5117804      6.9236197    
  18050000   1.0057593      6.0098242      1.5085461      6.9225757    
  18060000   1.0111646      6.0141639      1.5166536      6.9282333    
  18070000   1.0013359      6.0278695      1.5019114      6.9332067    
  18080000   1.0064716      6.0195662      1.5096145      6.9320575    
  18090000   1.0013099      6.0094368      1.5018724      6.9260353    
  18100000   1.0139988      6.0035323      1.5209047      6.9278531    
  18110000   1.0038427      6.0061969      1.5056713      6.920788     
  18120000   0.99418038     6.0093975      1.4911788      6.9165156    
  18130000   0.99531225     6.0038756      1.4928765      6.921383     
  18140000   0.98608263     5.9925895      1.4790329      6.9147592    
  18150000   0.9982895      5.9740488      1.4973421      6.9234292    
  18160000   0.98999537     5.999458       1.4849017      6.9219118    
  18170000   0.98902762     5.9950328      1.4834501      6.9287557    
  18180000   0.99216883     5.9890895      1.4881617      6.9218814    
  18190000   0.99899271     5.9955392      1.4983968      6.9281863    
  18200000   0.99097386     5.9933992      1.4863693      6.9251733    
  18210000   0.99821741     5.9885657      1.497234       6.9223542    
  18220000   0.98882848     6.0104893      1.4831515      6.9307544    
  18230000   0.98880394     6.0104764      1.4831146      6.9365335    
  18240000   1.0135677      6.0019399      1.520258       6.9282736    
  18250000   1.0005726      6.0280699      1.5007666      6.9415371    
  18260000   1.0022223      6.0350683      1.503241       6.9286968    
  18270000   1.0150377      6.0109013      1.5224629      6.9244891    
  18280000   1.0029843      6.0206464      1.5043838      6.9257816    
  18290000   0.99748532     6.0342985      1.4961359      6.9224943    
  18300000   0.99706069     6.0188185      1.495499       6.9278076    
  18310000   1.0027796      6.0079075      1.5040769      6.9258797    
  18320000   1.0082554      6.0004349      1.51229        6.9287617    
  18330000   0.99693031     6.0126906      1.4953034      6.9199084    
  18340000   1.0066954      5.9951304      1.5099502      6.9143136    
  18350000   1.0120821      5.9912089      1.5180297      6.9121498    
  18360000   1.0092982      6.0001193      1.5138541      6.9230971    
  18370000   1.0022562      6.0368356      1.5032918      6.926536     
  18380000   1.0044013      6.0283479      1.5065092      6.9299253    
  18390000   1.0049646      6.0298044      1.5073541      6.9320707    
  18400000   1.0014547      5.9992124      1.5020895      6.9293465    
  18410000   1.0071176      6.0053148      1.5105834      6.9240732    
  18420000   1.0051959      6.0123227      1.5077011      6.9321097    
  18430000   0.99587286     6.0217148      1.4937174      6.9326037    
  18440000   0.9969163      6.0159988      1.4952824      6.9270165    
  18450000   0.99969656     6.0102853      1.4994526      6.9351888    
  18460000   0.99564982     6.0132849      1.4933828      6.9309085    
  18470000   0.98290943     6.0226719      1.4742734      6.9259237    
  18480000   1.00689        5.997176       1.5102421      6.9280002    
  18490000   0.99286105     5.9997003      1.4891999      6.9309916    
  18500000   0.99207308     6.0107742      1.488018       6.9323914    
  18510000   0.99802368     6.0218581      1.4969434      6.9287648    
  18520000   1.0192215      5.9886483      1.5287382      6.9119248    
  18530000   0.99547135     6.0124489      1.4931151      6.9274284    
  18540000   0.99759173     6.0022067      1.4962955      6.9174533    
  18550000   0.99668014     6.0172715      1.4949282      6.9368796    
  18560000   1.0087954      6.0090165      1.5131         6.9288738    
  18570000   1.0091567      6.0285524      1.513642       6.9317056    
  18580000   0.99719434     6.0211229      1.4956995      6.9337428    
  18590000   1.0042246      6.0216285      1.5062442      6.9225647    
  18600000   0.99718778     6.0269948      1.4956896      6.9255447    
  18610000   0.99689948     6.0309071      1.4952572      6.9261702    
  18620000   1.002788       6.0389541      1.5040895      6.9281832    
  18630000   0.99950119     6.0354482      1.4991595      6.9328615    
  18640000   1.0042075      6.0417951      1.5062186      6.9376874    
  18650000   1.0073957      6.0273577      1.5110006      6.9278573    
  18660000   1.006756       6.0148241      1.5100411      6.9233746    
  18670000   0.98996646     6.0268148      1.4848583      6.9251523    
  18680000   1.0114403      6.0127986      1.5170671      6.9206863    
  18690000   1.0042752      6.0322428      1.5063201      6.9330826    
  18700000   1.0011424      6.0349845      1.5016212      6.940438     
  18710000   1.0035562      6.016013       1.5052416      6.9281887    
  18720000   0.98874048     6.0227866      1.4830195      6.9366891    
  18730000   1.0045927      5.9916726      1.5067963      6.9146762    
  18740000   0.99778217     6.0181532      1.4965812      6.9284534    
  18750000   1.0026377      6.0214725      1.503864       6.9215599    
  18760000   1.0122525      6.0165241      1.5182853      6.9340205    
  18770000   1.0129649      6.0391679      1.5193539      6.9360315    
  18780000   1.0250809      6.0200041      1.5375268      6.9335277    
  18790000   1.0108149      6.0450961      1.516129       6.9329025    
  18800000   1.0062183      6.0430764      1.5092346      6.9309963    
  18810000   0.99747031     6.0376944      1.4961134      6.9306452    
  18820000   0.99620033     6.0418402      1.4942086      6.9248507    
  18830000   1.0040164      6.0326181      1.5059319      6.939811     
  18840000   0.99555682     6.0227132      1.4932433      6.9320684    
  18850000   1.0061557      6.0162902      1.5091407      6.9226681    
  18860000   0.99755857     6.007883       1.4962458      6.9222177    
  18870000   0.99307805     5.9945674      1.4895254      6.9246755    
  18880000   0.99255157     5.9956999      1.4887357      6.9234329    
  18890000   0.99689768     6.0133983      1.4952545      6.9203778    
  18900000   1.0095863      5.9850619      1.5142863      6.9100094    
  18910000   1.0023286      6.0036234      1.5034004      6.9168608    
  18920000   1.0038747      6.0062371      1.5057193      6.9212505    
  18930000   0.99169024     6.0052971      1.4874438      6.9309423    
  18940000   1.0037142      5.9803704      1.5054786      6.9099018    
  18950000   0.99220279     5.9778821      1.4882126      6.9100372    
  18960000   0.99737863     5.9867619      1.4959759      6.9266484    
  18970000   1.001325       5.9880032      1.5018951      6.9265932    
  18980000   0.99909762     5.9818869      1.4985542      6.9230763    
  18990000   0.99395245     6.0011348      1.4908369      6.9266166    
  19000000   1.0008605      5.9962898      1.5011983      6.9305862    
  19010000   1.0010398      5.9774918      1.5014673      6.9311253    
  19020000   0.99780495     6.0051715      1.4966153      6.9280981    
  19030000   1.0045506      6.0097036      1.5067332      6.9190295    
  19040000   1.0065898      6.0068508      1.5097919      6.9245583    
  19050000   1.0012547      6.0151072      1.5017897      6.9350718    
  19060000   0.99939703     6.0012582      1.4990033      6.928437     
  19070000   1.0012632      5.9854638      1.5018024      6.9309122    
  19080000   0.98851225     5.9913002      1.4826771      6.9306159    
  19090000   0.99999402     5.9847866      1.4998987      6.9305256    
  19100000   0.9991368      5.9685398      1.498613       6.9162921    
  19110000   1.0023288      5.988047       1.5034006      6.916193     
  19120000   1.0083378      5.9930991      1.5124136      6.9249444    
  19130000   1.0064338      5.9994371      1.5095578      6.9278713    
  19140000   1.0065549      6.0062292      1.5097395      6.9201634    
  19150000   0.99701835     6.0042884      1.4954355      6.9268212    
  19160000   0.99807276     6.0011622      1.497017       6.9213952    
  19170000   0.9894425      6.0005901      1.4840724      6.9234735    
  19180000   0.99052576     6.0144547      1.4856972      6.9189677    
  19190000   0.99900246     6.0036619      1.4984115      6.9197646    
  19200000   0.99055741     5.9915703      1.4857447      6.921444     
  19210000   0.9895242      5.9993257      1.484195       6.9206313    
  19220000   0.99045859     5.9964947      1.4855965      6.9326421    
  19230000   0.99450792     5.9901861      1.4916701      6.9231356    
  19240000   0.99891031     6.009053       1.4982733      6.9354149    
  19250000   0.99496123     5.9990235      1.49235        6.9204842    
  19260000   1.0009528      5.9730909      1.5013369      6.9258694    
  19270000   0.99938162     5.9577524      1.4989802      6.9130047    
  19280000   0.98092805     5.9758791      1.4713015      6.9220173    
  19290000   0.99889961     5.9650182      1.4982572      6.9138392    
  19300000   0.99081744     5.9932765      1.4861347      6.9249253    
  19310000   1.0024487      6.0000915      1.5035805      6.9266488    
  19320000   1.0081944      6.0159617      1.5121985      6.922018     
  19330000   1.0017247      6.0178702      1.5024945      6.929892     
  19340000   1.0046105      6.0064241      1.506823       6.9291833    
  19350000   1.007678       5.9969391      1.511424       6.9168151    
  19360000   1.004278       6.014061       1.5063242      6.9326152    
  19370000   1.0012475      6.019412       1.5017788      6.9404541    
  19380000   1.0178914      6.0106513      1.5267432      6.9267781    
  19390000   1.0080796      6.000934       1.5120263      6.9230917    
  19400000   1.0016029      6.0241175      1.5023118      6.9353833    
  19410000   1.0081163      6.0110069      1.5120813      6.9263823    
  19420000   0.99873713     6.0268663      1.4980135      6.9328805    
  19430000   0.99787289     6.0202273      1.4967172      6.9153867    
  19440000   0.99794049     6.0159962      1.4968186      6.9276444    
  19450000   1.0099954      6.0105147      1.5148999      6.9247392    
  19460000   0.99731196     6.0455748      1.4958759      6.9346378    
  19470000   1.0147816      6.0235547      1.5220787      6.9296393    
  19480000   1.0115724      6.0165324      1.5172652      6.9237843    
  19490000   1.0036672      6.013582       1.5054082      6.9258716    
  19500000   0.99406545     6.0267463      1.4910064      6.9254373    
  19510000   1.0010887      6.002762       1.5015406      6.9165292    
  19520000   0.99051612     6.0175477      1.4856828      6.9360931    
  19530000   0.99938952     6.0164414      1.498992       6.9300431    
  19540000   1.0041802      6.0050962      1.5061777      6.9145008    
  19550000   0.99207788     6.0199147      1.4880252      6.9372946    
  19560000   1.011682       6.0037967      1.5174296      6.9295436    
  19570000   1.0030451      5.9990515      1.5044751      6.9264306    
  19580000   1.0051494      6.0046179      1.5076313      6.9258317    
  19590000   1.0094659      6.0112112      1.5141057      6.9253906    
  19600000   0.99879231     6.0202462      1.4980963      6.9344571    
  19610000   1.0001379      6.0016218      1.5001146      6.9297129    
  19620000   0.99895774     6.0118773      1.4983444      6.9254061    
  19630000   1.0016054      6.0152871      1.5023156      6.9271814    
  19640000   1.0016684      6.0222343      1.5024101      6.9275679    
  19650000   0.99631564     6.0157537      1.4943815      6.9373939    
  19660000   0.99816458     6.0086048      1.4971547      6.9284022    
  19670000   0.99424703     6.0134211      1.4912788      6.9306553    
  19680000   1.010774       5.9957857      1.5160677      6.9301252    
  19690000   0.9985753      5.9901081      1.4977708      6.9291851    
  19700000   0.99353281     5.9858298      1.4902075      6.9227267    
  19710000   0.99807001     5.9898375      1.4970129      6.9197404    
  19720000   0.99890764     5.9970007      1.4982693      6.9271531    
  19730000   1.0007598      5.983222       1.5010473      6.9238184    
  19740000   0.99587323     5.9844741      1.4937179      6.9223116    
  19750000   0.99603949     5.9956772      1.4939673      6.9214501    
  19760000   1.0086641      6.0209776      1.512903       6.9268716    
  19770000   1.0087285      6.0236824      1.5129996      6.9310377    
  19780000   1.0008573      6.043357       1.5011935      6.9308079    
  19790000   1.0090482      6.0267381      1.5134791      6.9347321    
  19800000   1.0127193      6.0012026      1.5189855      6.9291478    
  19810000   1.0009114      6.0363712      1.5012748      6.9403304    
  19820000   1.0055687      6.0159986      1.5082602      6.9290253    
  19830000   1.0015189      6.0058291      1.5021859      6.9248426    
  19840000   1.0017809      6.0000426      1.5025789      6.9214502    
  19850000   0.9931833      6.0309559      1.4896833      6.9276005    
  19860000   1.0018258      6.0136101      1.5026463      6.9152914    
  19870000   1.0016905      6.0039681      1.5024432      6.9258018    
  19880000   0.99629726     5.9910781      1.4943539      6.9225212    
  19890000   0.99860128     5.9745263      1.4978097      6.921324     
  19900000   0.99994533     6.0019515      1.4998257      6.9293578    
  19910000   0.9829267      5.9949888      1.4742993      6.9160233    
  19920000   1.0033408      5.9676781      1.5049186      6.9179095    
  19930000   1.0012301      5.9927885      1.5017527      6.9213627    
  19940000   1.0040426      5.9910531      1.5059712      6.9329122    
  19950000   0.99201128     5.9898334      1.4879254      6.918083     
  19960000   0.99695622     5.9890595      1.4953423      6.9216767    
  19970000   0.99667351     5.9968072      1.4949183      6.9302185    
  19980000   0.99593388     5.98495        1.4938089      6.9159934    
  19990000   0.9988054      5.9863889      1.4981159      6.9158113    
  20000000   0.99930818     5.9995839      1.49887        6.9339742    
  20010000   1.0174215      5.9792009      1.5260383      6.9200715    
  20020000   1.0044735      6.0177508      1.5066176      6.9279165    
  20030000   1.0016961      6.0097831      1.5024517      6.9232387    
  20040000   1.0078823      6.0012351      1.5117304      6.9281       
  20050000   0.98994653     6.0031174      1.4848284      6.9193612    
  20060000   0.99680276     5.9991838      1.4951121      6.9252328    
  20070000   1.0021097      6.0138223      1.503072       6.9347305    
  20080000   1.0075025      6.0028677      1.5111608      6.9306175    
  20090000   1.0075819      6.0241724      1.5112798      6.9298535    
  20100000   1.0019709      6.0195776      1.5028639      6.9292517    
  20110000   1.0258714      6.0014482      1.5387124      6.9233039    
Loop time of 356788 on 1 procs for 20000000 steps with 16251 atoms

Performance: 24216.048 tau/day, 56.056 timesteps/s
58.1% CPU use with 1 MPI tasks x 1 OpenMP threads

MPI task timing breakdown:
Section |  min time  |  avg time  |  max time  |%varavg| %total
---------------------------------------------------------------
Pair    | 1.8435e+05 | 1.8435e+05 | 1.8435e+05 |   0.0 | 51.67
Bond    | 13238      | 13238      | 13238      |   0.0 |  3.71
Neigh   | 1.2196e+05 | 1.2196e+05 | 1.2196e+05 |   0.0 | 34.18
Comm    | 2742.9     | 2742.9     | 2742.9     |   0.0 |  0.77
Output  | 18.793     | 18.793     | 18.793     |   0.0 |  0.01
Modify  | 32855      | 32855      | 32855      |   0.0 |  9.21
Other   |            | 1625       |            |       |  0.46

Nlocal:          16251 ave       16251 max       16251 min
Histogram: 1 0 0 0 0 0 0 0 0 0
Nghost:           6635 ave        6635 max        6635 min
Histogram: 1 0 0 0 0 0 0 0 0 0
Neighs:         361413 ave      361413 max      361413 min
Histogram: 1 0 0 0 0 0 0 0 0 0

Total # of neighbors = 361413
Ave neighs/atom = 22.239431
Ave special neighs/atom = 1.9198819
Neighbor list builds = 1795005
Dangerous builds = 268744


write_data data*.xyz
System init for write_data ...
Generated 0 of 1 mixed pair_coeff terms from geometric mixing rule
WARNING: Not all mixed pair coeffs generated from mixing. Use write_data with 'pair ij' option to store all pair coeffs. (src/write_data.cpp:309)
write_restart 	restart.polymer_ring
System init for write_restart ...
Generated 0 of 1 mixed pair_coeff terms from geometric mixing rule

print "ALL done"
ALL done
Total wall time: 99:09:55
