pair_style lj/cut 4.0
pair_modify shift yes

read_restart prod.restart1
Reading restart file ...
  restart file = 23 Jun 2022, LAMMPS = 23 Jun 2022
  restoring atom style bond from restart
  orthogonal box = (-30 -30 -35) to (30 30 35)
  1 by 1 by 1 MPI processor grid
  restoring pair style lj/cut from restart
  restoring bond style fene from restart
  16250 atoms
  15600 bonds
Finding 1-2 1-3 1-4 neighbors ...
  special bond factors lj:    0        1        1       
  special bond factors coul:  0        1        1       
     2 = max # of 1-2 neighbors
     6 = max # of special neighbors
  special bonds CPU = 0.001 seconds
  read_restart CPU = 0.003 seconds
bond_style fene
special_bonds fene

bond_coeff 1 10.0 2.0 1.0 1.0
group polymer type 1
16250 atoms in group polymer

pair_coeff	1 1 0.5 1.0 1.1225
pair_coeff 	1 2 50.0 1.0 4.0
pair_coeff	2 2 1.0 1.0 1.1225


neighbor       0.5 bin

region upper_box block -30 30 -30 30 32.2 34.8
create_atoms 2 random 1 998273 upper_box
Created 1 atoms
  using lattice units in orthogonal box = (-30 -30 -35) to (30 30 35)
  create_atoms CPU = 0.000 seconds


group ligand type 2
1 atoms in group ligand

fix 1 polymer wall/lj126 zlo -32 1.0 1.0 1.1225 zhi 32 1.0 1.0 1.1225
fix 2 ligand wall/lj126 zlo 32 1.0 1.0 1.1225 zhi 35 1.0 1.0 1.1225

#minimize 1.0e-4 1.0e-6 100 1000

fix 3 all nve/limit 0.01
run 10000
Generated 0 of 1 mixed pair_coeff terms from geometric mixing rule
Neighbor list info ...
  update every 1 steps, delay 10 steps, check yes
  max neighbors/atom: 2000, page size: 100000
  master list distance cutoff = 4.5
  ghost atom cutoff = 4.5
  binsize = 2.25, bins = 27 27 32
  1 neighbor lists, perpetual/occasional/extra = 1 0 0
  (1) pair lj/cut, perpetual
      attributes: half, newton on
      pair build: half/bin/newton
      stencil: half/bin/3d
      bin: standard
Per MPI rank memory allocation (min/avg/max) = 8.975 | 8.975 | 8.975 Mbytes
   Step          Temp          E_pair         E_mol          TotEng         Press     
    100000   0.9973267      7.4008928      7.4548964      16.351687      3.1192032    
    110000   0.25785427     0.0061300791   6.459819       6.8527067      0.0037291646 
Loop time of 10.4477 on 1 procs for 10000 steps with 16251 atoms

Performance: 413489.651 tau/day, 957.152 timesteps/s
99.6% CPU use with 1 MPI tasks x 1 OpenMP threads

MPI task timing breakdown:
Section |  min time  |  avg time  |  max time  |%varavg| %total
---------------------------------------------------------------
Pair    | 2.2426     | 2.2426     | 2.2426     |   0.0 | 21.46
Bond    | 1.6827     | 1.6827     | 1.6827     |   0.0 | 16.11
Neigh   | 4.2597     | 4.2597     | 4.2597     |   0.0 | 40.77
Comm    | 0.26361    | 0.26361    | 0.26361    |   0.0 |  2.52
Output  | 5.6891e-05 | 5.6891e-05 | 5.6891e-05 |   0.0 |  0.00
Modify  | 1.5941     | 1.5941     | 1.5941     |   0.0 | 15.26
Other   |            | 0.4049     |            |       |  3.88

Nlocal:          16251 ave       16251 max       16251 min
Histogram: 1 0 0 0 0 0 0 0 0 0
Nghost:           4412 ave        4412 max        4412 min
Histogram: 1 0 0 0 0 0 0 0 0 0
Neighs:          15334 ave       15334 max       15334 min
Histogram: 1 0 0 0 0 0 0 0 0 0

Total # of neighbors = 15334
Ave neighs/atom = 0.9435727
Ave special neighs/atom = 1.9198819
Neighbor list builds = 384
Dangerous builds = 0
unfix 3

fix 3 all nve
fix		4 all langevin 1 1 100.0 90428

thermo_style	custom step temp pe ke ebond
thermo_modify flush yes
thermo          10000

timestep	0.005

dump 1 all custom 50000 file_trajectory.bin id type x y z xu yu zu vx vy vz

restart 100000  prod.restart2 prod.restart3

run 20000000
Generated 0 of 1 mixed pair_coeff terms from geometric mixing rule
Per MPI rank memory allocation (min/avg/max) = 9.176 | 9.176 | 9.176 Mbytes
   Step          Temp          PotEng         KinEng         E_bond    
    110000   0.25785427     6.4659491      0.38675761     6.459819          120000   0.63047224     6.7045174      0.94565016     6.6891768         130000   0.81048529     6.8514718      1.2156531      6.8289027         140000   0.91731764     6.9160887      1.3758918      6.8952075         150000   0.95013008     6.953561       1.4251074      6.9314027         160000   0.96910975     6.9705782      1.4535752      6.9469051         170000   0.98693563     6.9702608      1.4803124      6.9458136         180000   0.98893843     6.9678059      1.4833164      6.9442473         190000   1.0000495      6.9789814      1.499982       6.9575388         200000   0.99721672     6.9867731      1.495733       6.9655634         210000   1.0015592      6.985061       1.5022464      6.9608654         220000   1.0004533      6.9901912      1.5005876      6.9665768         230000   1.0104616      6.9863429      1.5155992      6.9622923         240000   1.0012949      6.9872055      1.5018499      6.9632142         250000   1.002136       6.9863779      1.5031115      6.9599595         260000   1.0015681      6.9884545      1.5022597      6.9649488         270000   1.0052         6.9806054      1.5077072      6.9566815         280000   0.9965913      6.9829596      1.494795       6.958652          290000   0.99991664     6.9854718      1.4997827      6.9615774         300000   0.99422741     6.9886328      1.4912493      6.964887          310000   1.0070011      6.9877566      1.5104087      6.9637063         320000   1.0108748      6.9741324      1.5162189      6.9504246         330000   1.0033249      6.980574       1.5048948      6.9564432         340000   0.99708777     6.9878328      1.4955396      6.9644138         350000   1.0140524      6.9927045      1.520985       6.966157          360000   1.0094964      6.9922815      1.5141514      6.9681135         370000   0.99730875     6.9937803      1.4958711      6.9692392         380000   0.9989386      6.9922016      1.4983157      6.9683416         390000   1.0046056      6.9870151      1.5068157      6.964292          400000   0.99004598     6.9821632      1.4849776      6.9591361         410000   0.99726655     6.9731051      1.4958078      6.9505772         420000   1.0008859      6.9713473      1.5012365      6.9470478         430000   1.0042644      6.9832718      1.506304       6.9557951         440000   0.99800645     6.9756136      1.4969176      6.952811          450000   0.9866267      6.990484       1.479849       6.9666136         460000   0.99401095     6.9858126      1.4909247      6.9623414         470000   0.99566514     6.9731555      1.4934058      6.9507344         480000   0.98687341     6.9845717      1.480219       6.9583274         490000   0.99713849     6.9729939      1.4956157      6.9495488         500000   0.99401535     6.9816954      1.4909313      6.9565989         510000   0.99521342     6.9792664      1.4927283      6.9569979         520000   1.0091376      6.9806198      1.5136132      6.9559705         530000   0.99765826     6.994474       1.4963953      6.9719796         540000   0.998282       6.9860411      1.4973309      6.9621362         550000   0.99692916     6.9972237      1.4953017      6.9742233         560000   1.0012747      6.9864911      1.5018196      6.9630002         570000   0.99853731     6.9787683      1.4977138      6.9544404         580000   0.99548492     6.9851726      1.4931355      6.9608235         590000   1.0021855      6.9953088      1.5031857      6.9685099         600000   1.0081805      6.9831481      1.5121776      6.9559546         610000   1.002409       6.982262       1.5035209      6.9580636         620000   0.99187225     6.9789855      1.4877168      6.9528399         630000   0.99768523     6.9800827      1.4964358      6.9559776         640000   1.0033181      6.9770763      1.5048846      6.9534962         650000   0.99619985     6.9905611      1.4942078      6.9678516         660000   0.99518561     6.9935941      1.4926865      6.9700296         670000   1.0041807      6.9814945      1.5061784      6.9568055         680000   1.0098628      6.9794257      1.5147009      6.9547563         690000   1.0032385      6.9867598      1.5047652      6.9622822         700000   0.99727873     6.9842245      1.495826       6.9584922         710000   1.0034133      6.9755203      1.5050274      6.9519937         720000   0.99636162     6.9907532      1.4944505      6.9658718         730000   1.0010796      6.9870323      1.501527       6.9624895         740000   1.0062353      6.9782137      1.5092601      6.953419          750000   0.99225395     6.9856753      1.4882893      6.9609023         760000   0.98892964     6.9721359      1.4833032      6.9487071         770000   0.98662723     6.9779513      1.4798498      6.9542561         780000   0.99731462     6.9746384      1.4958799      6.951524          790000   0.99049306     6.9839098      1.4856482      6.9606371         800000   1.0028779      6.977572       1.5042243      6.9535972         810000   0.99858335     6.9910193      1.4977829      6.9640656         820000   1.0049563      6.9820649      1.5073417      6.9565674         830000   1.0066296      6.9867753      1.5098515      6.9647903         840000   1.006655       6.9873527      1.5098896      6.9630245         850000   0.99263756     6.994297       1.4888647      6.9713817         860000   1.0009703      6.9812399      1.501363       6.9589124         870000   1.0030953      6.9899364      1.5045503      6.9660463         880000   1.0133426      6.9784094      1.5199203      6.9550426         890000   1.0061541      6.992224       1.5091383      6.967153          900000   0.99657276     6.9834005      1.4947672      6.9592154         910000   0.99020901     6.9868445      1.4852221      6.9624027         920000   1.000655       6.975329       1.5008901      6.950596          930000   1.0006603      6.9893262      1.5008982      6.9656651         940000   1.0050022      6.9863287      1.5074106      6.9645283         950000   1.0031452      6.9795978      1.5046253      6.9551031         960000   1.0076508      6.9685117      1.5113833      6.9450168         970000   1.0099878      6.9871135      1.5148885      6.9622033         980000   1.0097866      6.9788909      1.5145868      6.9558999         990000   0.99863949     6.9820195      1.4978671      6.957378         1000000   0.99792632     6.9835801      1.4967974      6.9615587        1010000   0.99591128     6.9980806      1.493775       6.97452          1020000   0.99999538     6.990247       1.4999008      6.967241         1030000   0.9972897      6.989158       1.4958425      6.9647693        1040000   0.99994116     6.98138        1.4998194      6.9574072        1050000   0.99558886     6.9924569      1.4932914      6.967275         1060000   0.99294584     6.9837155      1.4893271      6.961114         1070000   0.99238765     6.988181       1.4884899      6.9632304        1080000   0.99674306     6.978326       1.4950226      6.9515601        1090000   0.99195611     6.9848475      1.4878426      6.9585464        1100000   0.98956269     6.9849832      1.4842527      6.9589095        1110000   0.99911878     6.9744798      1.4985859      6.95197          1120000   0.99024101     6.9810884      1.4852701      6.9557018        1130000   0.98825176     6.9841324      1.4822864      6.9622197        1140000   0.9948848      6.9836654      1.4922354      6.9611792        1150000   0.99833313     6.9832566      1.4974075      6.9616672        1160000   1.0021462      6.9762571      1.5031268      6.9516846        1170000   1.0023055      6.9817921      1.5033657      6.9575545        1180000   1.0001585      6.9757862      1.5001454      6.9542505    
   1190000   1.000786       6.9837211      1.5010867      6.9604967    
   1200000   0.99446352     6.9858781      1.4916035      6.9615783    
   1210000   1.0025673      6.9884145      1.5037585      6.964268     
   1220000   0.99778182     6.9791477      1.4965806      6.9551168    
   1230000   0.99463409     6.9746233      1.4918593      6.949549     
   1240000   0.9982166      6.9876282      1.4972328      6.9628522    
   1250000   1.0057152      6.9740607      1.5084799      6.9500931    
   1260000   0.99889675     6.9844757      1.4982529      6.9600457    
   1270000   0.99428867     6.9811444      1.4913412      6.9586261    
   1280000   1.0027396      6.9775786      1.5040168      6.9527433    
   1290000   0.99277731     6.9854012      1.4890743      6.9628755    
   1300000   0.99697958     6.9811184      1.4953773      6.9575935    
   1310000   1.0052154      6.9854474      1.5077303      6.9625704    
   1320000   1.0136264      6.9843994      1.520346       6.9591664    
   1330000   1.0104842      6.9914594      1.5156331      6.9667517    
   1340000   1.006146       6.989778       1.5091261      6.9647128    
   1350000   1.0048074      6.989551       1.5071183      6.9680076    
   1360000   1.0048079      6.9800607      1.5071191      6.9567154    
   1370000   1.0023232      6.9750197      1.5033922      6.9513757    
   1380000   0.99825937     6.9778833      1.4972969      6.9545921    
   1390000   0.99548924     6.9776956      1.493142       6.9543537    
   1400000   0.9939098      6.9855457      1.490773       6.9628448    
   1410000   0.98479336     6.98464        1.4770991      6.9591281    
   1420000   0.99179126     6.9823754      1.4875953      6.959147     
   1430000   0.99608436     6.991341       1.4940346      6.9661341    
   1440000   0.99906537     6.9762714      1.4985058      6.9546009    
   1450000   1.0017859      6.9878866      1.5025864      6.9655788    
   1460000   0.99568988     6.9958157      1.4934429      6.9719966    
   1470000   0.99486329     6.9825166      1.4922031      6.9573477    
   1480000   1.0058632      6.9836065      1.508702       6.959953     
   1490000   0.99507623     6.9828278      1.4925225      6.958686     
   1500000   1.0028992      6.9798975      1.5042562      6.9549283    
   1510000   1.0046935      6.9896773      1.5069476      6.9656587    
   1520000   0.99916221     6.976491       1.4986511      6.954191     
   1530000   0.98877332     6.978722       1.4830687      6.95216      
   1540000   1.0021462      6.986691       1.5031268      6.9619218    
   1550000   1.0011984      6.9684587      1.5017052      6.9448222    
   1560000   0.99375294     6.9923598      1.4905377      6.9688583    
   1570000   1.0029866      6.989626       1.5043873      6.9638954    
   1580000   1.0059078      6.9812281      1.5087688      6.9576398    
   1590000   1.0050973      6.9769551      1.5075532      6.9528285    
   1600000   0.99859623     6.983715       1.4978022      6.9601583    
   1610000   0.9941306      6.9863673      1.4911041      6.962592     
   1620000   0.99406        6.9884447      1.4909982      6.9628251    
   1630000   1.0115288      6.972258       1.5171999      6.9497678    
   1640000   1.0089182      6.9906282      1.5132841      6.9674942    
   1650000   1.0054947      6.9877146      1.5081493      6.9636221    
   1660000   1.0053959      6.9848133      1.5080011      6.9613541    
   1670000   1.0013493      6.992838       1.5019316      6.969659     
   1680000   0.99862565     6.9916779      1.4978463      6.9679676    
   1690000   0.99723908     6.9861634      1.4957666      6.9627965    
   1700000   1.0025407      6.9806394      1.5037185      6.957412     
   1710000   0.99948294     6.9852585      1.4991322      6.9610506    
   1720000   1.0112713      6.9721086      1.5168136      6.9475643    
   1730000   0.99570237     6.9871757      1.4934616      6.9624675    
   1740000   1.0040124      6.9883007      1.5059259      6.9634772    
   1750000   1.0043233      6.9898216      1.5063923      6.9670328    
   1760000   0.99767066     6.9794944      1.4964139      6.9559599    
   1770000   0.99758306     6.9816256      1.4962825      6.9580854    
   1780000   1.0020148      6.9806214      1.5029297      6.9578139    
   1790000   1.0011918      6.9950636      1.5016953      6.9730646    
   1800000   1.0010308      6.98824        1.5014538      6.9628097    
   1810000   0.99678532     6.985545       1.495086       6.9601863    
   1820000   0.98472505     6.9990309      1.4769967      6.9747379    
   1830000   0.99739683     6.9809912      1.4960032      6.9573312    
   1840000   0.99775517     6.9814041      1.4965407      6.9575621    
   1850000   0.99332255     6.9818644      1.4898921      6.9582766    
   1860000   0.99522469     6.9727719      1.4927452      6.9508494    
   1870000   0.98671506     6.9875157      1.4799815      6.9628327    
   1880000   0.99087878     6.9684192      1.4862267      6.9463464    
   1890000   0.98712448     6.9738884      1.4805956      6.9509909    
   1900000   0.99355288     6.9900287      1.4902376      6.9670196    
   1910000   1.0014596      6.9893118      1.502097       6.9651517    
   1920000   1.0002679      6.9902906      1.5003096      6.9635813    
   1930000   0.99236699     6.9932586      1.4884589      6.9695233    
   1940000   1.0059333      6.989931       1.5088071      6.9679388    
   1950000   1.003663       6.9830623      1.5054019      6.9596434    
   1960000   0.99377392     6.9716788      1.4905692      6.9467504    
   1970000   0.99636104     6.9717038      1.4944496      6.9492514    
   1980000   1.0014834      6.9726682      1.5021327      6.9518429    
   1990000   1.0005873      6.983016       1.5007887      6.9595432    
   2000000   0.99135651     6.9910133      1.4869433      6.9681544    
   2010000   1.007179       6.9819633      1.5106756      6.9579819    
   2020000   1.0085366      6.985734       1.5127118      6.9614285    
   2030000   1.0061471      6.9833854      1.5091278      6.9585011    
   2040000   1.0025868      6.9855291      1.5037876      6.9599269    
   2050000   1.0022708      6.986027       1.5033137      6.9632605    
   2060000   1.0114664      6.9770119      1.5171062      6.952386     
   2070000   1.007271       6.9794167      1.5108136      6.9556835    
   2080000   1.0104262      6.9701864      1.515546       6.9473356    
   2090000   1.0051861      6.9919628      1.5076863      6.9668402    
   2100000   1.0010173      6.9879323      1.5014335      6.962733     
   2110000   1.0058973      6.9742466      1.5087532      6.951737     
   2120000   0.9994776      6.9891848      1.4991241      6.9641166    
   2130000   1.0051973      6.9896593      1.5077032      6.9650221    
   2140000   1.0027513      6.9895109      1.5040345      6.9641589    
   2150000   0.99390171     6.9862079      1.4907608      6.9632436    
   2160000   1.005071       6.9775073      1.5075137      6.9537784    
   2170000   0.9863028      6.9834628      1.4793632      6.9619199    
   2180000   0.99575257     6.9975538      1.493537       6.9729578    
   2190000   1.0011394      6.9913713      1.5016167      6.96643      
   2200000   1.0093538      6.9871521      1.5139375      6.9619383    
   2210000   1.0073452      6.9953         1.5109248      6.9697606    
   2220000   1.003737       6.9788206      1.5055128      6.9552117    
   2230000   1.0079865      6.982283       1.5118866      6.9577249    
   2240000   1.0007171      6.9884908      1.5009833      6.9629754    
   2250000   1.002832       6.9767163      1.5041554      6.9510042    
   2260000   0.99349012     6.9851708      1.4901435      6.9598022    
   2270000   0.99699961     6.9827635      1.4954074      6.9570646    
   2280000   1.0010615      6.9851996      1.5014999      6.961595     
   2290000   0.99662787     6.9819044      1.4948498      6.9585677    
   2300000   0.99011118     6.9820911      1.4850754      6.9587168    
   2310000   0.99816067     6.9920815      1.4971489      6.9681746    
   2320000   1.0011105      6.9862094      1.5015734      6.9612794    
   2330000   0.98867653     6.9864481      1.4829235      6.9628626    
   2340000   0.99392358     6.9810304      1.4907936      6.9566479    
   2350000   1.0136605      6.9924394      1.5203972      6.9675487    
   2360000   0.99912648     7.0044379      1.4985975      6.9791346    
   2370000   1.0055668      6.9913714      1.5082573      6.9664605    
   2380000   1.0074362      6.9764946      1.5110614      6.953503     
   2390000   1.0052151      6.9843673      1.5077299      6.9606251    
   2400000   1.0028227      6.9944377      1.5041415      6.9707108    
   2410000   1.0021696      6.9788044      1.5031619      6.9529786    
   2420000   0.99591365     6.9833774      1.4937786      6.959408     
   2430000   1.0007361      6.9949406      1.5010118      6.9707798    
   2440000   1.003698       6.9746499      1.5054543      6.9527284    
   2450000   1.0030945      6.9865293      1.5045492      6.9636931    
   2460000   0.99875873     6.972884       1.4980459      6.9494211    
   2470000   0.99023344     6.9854645      1.4852588      6.9624586    
   2480000   0.99515109     6.9811682      1.4926348      6.9579644    
   2490000   1.0068847      6.9783401      1.5102341      6.9558904    
   2500000   1.0010501      6.9761116      1.5014827      6.9542503    
   2510000   1.0027453      6.9803903      1.5040254      6.9562809    
   2520000   1.0073534      6.9821852      1.5109371      6.9561459    
   2530000   1.0077626      6.989543       1.5115509      6.9646249    
   2540000   1.0052012      6.992201       1.507709       6.9679097    
   2550000   0.99586618     6.9920705      1.4937073      6.9676016    
   2560000   0.98834165     6.9877995      1.4824213      6.9622152    
   2570000   0.99903789     6.987338       1.4984646      6.9650271    
   2580000   1.0029721      6.9883241      1.5043656      6.9622037    
   2590000   1.0035993      6.9796088      1.5053063      6.9557706    
   2600000   1.0032202      6.9856025      1.5047377      6.9599782    
   2610000   1.0070156      6.9858042      1.5104305      6.9616371    
   2620000   1.0020434      6.9877712      1.5029726      6.9645864    
   2630000   1.0008183      6.9861853      1.5011351      6.9614006    
   2640000   1.0064778      6.9846344      1.5096237      6.9590192    
   2650000   1.0068075      6.9920508      1.5101183      6.967101     
   2660000   0.99481754     6.9906473      1.4921345      6.9645068    
   2670000   1.0004295      6.9861346      1.5005519      6.9615269    
   2680000   1.0100514      6.978782       1.5149839      6.9546655    
   2690000   1.0023035      6.9731336      1.5033627      6.9518557    
   2700000   0.9943184      6.9730887      1.4913858      6.951026     
   2710000   0.99185132     6.9770077      1.4876854      6.9514639    
   2720000   0.99775955     6.9825918      1.4965472      6.9581018    
   2730000   1.0010195      6.9876614      1.5014369      6.9609179    
   2740000   1.0063199      6.9982395      1.509387       6.9739291    
   2750000   1.0052744      6.9852471      1.5078188      6.96218      
   2760000   1.0009143      6.9934478      1.5012791      6.9692797    
   2770000   1.0038945      6.9794985      1.505749       6.9538969    
   2780000   0.99754547     6.9933395      1.4962261      6.9689755    
   2790000   1.002914       6.9811578      1.5042785      6.9574597    
   2800000   0.99418944     6.9859136      1.4911924      6.9607591    
   2810000   0.99401461     6.9873428      1.4909302      6.9635076    
   2820000   0.9873274      6.9792416      1.4809         6.9558574    
   2830000   0.98920854     6.9904439      1.4837215      6.9685454    
   2840000   1.0039682      6.9819796      1.5058596      6.9571929    
   2850000   1.0053264      6.9769899      1.5078969      6.9531404    
   2860000   1.0033102      6.9880165      1.5048727      6.9615682    
   2870000   0.99267877     6.990558       1.4889265      6.9669557    
   2880000   0.99598472     7.009628       1.4938852      6.9843705    
   2890000   0.99777226     6.9873535      1.4965663      6.9644645    
   2900000   1.005625       6.9881565      1.5083447      6.964132     
   2910000   0.99679362     6.9778836      1.4950984      6.953285     
   2920000   1.0040415      6.9821432      1.5059696      6.957177     
   2930000   1.0039921      6.9835309      1.5058955      6.9611253    
   2940000   1.0052903      6.9893703      1.5078427      6.9653224    
   2950000   1.0044114      6.9758119      1.5065244      6.9502064    
   2960000   0.99622904     6.9862893      1.4942516      6.9625951    
   2970000   0.98517238     6.9895987      1.4776676      6.9678031    
   2980000   0.99816997     6.9936721      1.4971628      6.9688316    
   2990000   1.0036043      6.9835188      1.5053138      6.9599862    
   3000000   0.99983745     6.9867825      1.4996639      6.9640438    
   3010000   0.98988369     6.9784242      1.4847342      6.955521     
   3020000   0.99806742     6.9844621      1.497009       6.959536     
   3030000   1.0014927      6.983783       1.5021465      6.9583018    
   3040000   1.0073317      6.9952378      1.5109045      6.9725751    
   3050000   1.0079248      6.9847583      1.5117941      6.9608143    
   3060000   1.0006474      6.9960503      1.5008787      6.9707854    
   3070000   1.010531       6.9975012      1.5157032      6.9757381    
   3080000   1.0043882      7.0013193      1.5064896      6.9794078    
   3090000   0.99879083     6.9824887      1.4980941      6.9577127    
   3100000   0.99520784     6.9782722      1.4927199      6.9556675    
   3110000   1.0008637      6.9783981      1.5012031      6.9546112    
   3120000   0.99884562     6.9763401      1.4981762      6.9532569    
   3130000   0.9918437      6.9892236      1.487674       6.9647419    
   3140000   1.0020519      6.9827061      1.5029853      6.957583     
   3150000   1.0011217      6.9790086      1.5015901      6.9553249    
   3160000   0.99529966     6.9887923      1.4928576      6.964501     
   3170000   1.0021247      6.9818877      1.5030946      6.9556896    
   3180000   1.0023424      6.9752568      1.503421       6.9513222    
   3190000   1.004046       6.9780637      1.5059763      6.9524444    
   3200000   1.0072465      6.9924096      1.5107768      6.9698343    
   3210000   0.99944521     6.9867062      1.4990756      6.961505     
   3220000   0.99720293     6.991503       1.4957124      6.9673991    
   3230000   1.0041693      6.9831172      1.5061613      6.9568581    
   3240000   1.0009985      6.9783921      1.5014053      6.9545134    
   3250000   1.0097328      6.9848656      1.5145059      6.962738     
   3260000   1.0000398      6.9814317      1.4999675      6.9553364    
   3270000   0.9964586      6.9896396      1.4945959      6.9653431    
   3280000   0.99857354     6.9951526      1.4977681      6.970886     
   3290000   1.0030324      6.9761798      1.5044561      6.9536889    
   3300000   1.0046694      6.9886047      1.5069114      6.9638669    
   3310000   1.0098108      6.9929464      1.514623       6.9664003    
   3320000   1.0060341      6.9903721      1.5089583      6.9679346    
   3330000   1.0005574      6.9938533      1.5007437      6.9708084    
   3340000   0.99453645     6.9897359      1.4917129      6.9648258    
   3350000   0.99486664     6.988275       1.4922081      6.964949     
   3360000   0.99437406     6.9803882      1.4914693      6.9562049    
   3370000   0.99932341     6.9766559      1.4988929      6.9525463    
   3380000   0.99108138     6.9797441      1.4865306      6.95477      
   3390000   0.9890187      6.9671301      1.4834368      6.9431906    
   3400000   0.99895105     6.9719509      1.4983344      6.9484911    
   3410000   1.0014007      6.9812608      1.5020086      6.9583994    
   3420000   0.98559284     6.9888225      1.4782983      6.9653146    
   3430000   0.99728554     6.9834076      1.4958363      6.960746     
   3440000   1.0101896      6.9888472      1.5151912      6.9639109    
   3450000   1.0129495      6.9878019      1.5193308      6.9639117    
   3460000   0.99982595     6.987096       1.4996466      6.9627223    
   3470000   0.99586504     6.9938967      1.4937056      6.9690894    
   3480000   1.000106       6.9809824      1.5000667      6.9583822    
   3490000   0.98476291     6.9868557      1.4770535      6.9626967    
   3500000   0.9959286      6.9841901      1.493801       6.9620355    
   3510000   0.98870335     6.979902       1.4829638      6.9547892    
   3520000   0.98640209     6.9972686      1.4795121      6.9726838    
   3530000   0.99160871     6.9813326      1.4873215      6.9572222    
   3540000   1.0090304      6.9792841      1.5134524      6.9572944    
   3550000   1.0050282      6.986903       1.5074495      6.9630783    
   3560000   0.99803688     6.9833976      1.4969632      6.957049     
   3570000   0.99594973     6.9753476      1.4938327      6.9535564    
   3580000   1.0069544      6.9791555      1.5103387      6.9571941    
   3590000   1.0015826      6.9870449      1.5022815      6.9638856    
   3600000   1.0065606      6.9875421      1.509748       6.9632036    
   3610000   0.99624244     6.9967153      1.4942717      6.9716558    
   3620000   1.002906       6.9660151      1.5042664      6.9429255    
   3630000   0.99618718     6.9848877      1.4941888      6.9582636    
   3640000   1.0007488      6.9910407      1.5010309      6.9672266    
   3650000   1.0005685      6.9852297      1.5007604      6.9606386    
   3660000   0.99920515     6.9878019      1.4987155      6.964958     
   3670000   0.99545114     6.9833627      1.4930848      6.9578381    
   3680000   1.0050844      6.9968168      1.5075338      6.972319     
   3690000   1.0043476      6.9955989      1.5064287      6.971172     
   3700000   1.0132039      6.9882511      1.5197124      6.963242     
   3710000   1.008387       6.9791876      1.5124874      6.9557969    
   3720000   0.99987105     6.9823235      1.4997143      6.9561354    
   3730000   0.99553644     6.9891877      1.4932128      6.9659405    
   3740000   1.005209       6.9784347      1.5077207      6.9530791    
   3750000   1.0114965      6.9782502      1.5171513      6.9533352    
   3760000   0.99775403     6.9850317      1.4965389      6.9613991    
   3770000   0.99308791     6.9854909      1.4895402      6.9605288    
   3780000   0.99802733     6.9867206      1.4969489      6.9626229    
   3790000   0.99190887     6.9943252      1.4877718      6.9690212    
   3800000   0.99320882     6.9697397      1.4897216      6.9447326    
   3810000   0.99911985     6.9729527      1.4985876      6.9501844    
   3820000   1.0043324      6.9866815      1.5064059      6.9618822    
   3830000   1.0002663      6.9783165      1.5003071      6.9548573    
   3840000   0.99361391     6.981757       1.4903292      6.9566227    
   3850000   0.99946251     6.9819787      1.4991015      6.95741      
   3860000   0.99479382     6.9934767      1.4920989      6.9692799    
   3870000   1.0063854      6.9914146      1.5094852      6.96623      
   3880000   0.99705206     6.9998021      1.4954861      6.9735634    
   3890000   1.0089623      6.9985812      1.5133503      6.9748771    
   3900000   1.0097529      6.9893016      1.5145361      6.9648912    
   3910000   1.0107344      6.9808667      1.5160084      6.9596439    
   3920000   1.0043318      6.9852515      1.506405       6.9607942    
   3930000   1.0005547      6.9828971      1.5007397      6.9571786    
   3940000   1.0072545      6.9822981      1.5107888      6.9576957    
   3950000   0.99798814     6.9928603      1.4968901      6.9692624    
   3960000   1.0031833      6.9842938      1.5046824      6.9609811    
   3970000   1.0016736      6.985221       1.502418       6.961546     
   3980000   1.0045701      6.984351       1.5067625      6.9567173    
   3990000   0.99788632     6.9865482      1.4967374      6.9627705    
   4000000   1.0032558      6.9739956      1.5047911      6.9490457    
   4010000   1.0071882      6.9756565      1.5106893      6.9501918    
   4020000   1.0029153      6.9812448      1.5042804      6.957408     
   4030000   0.99224071     6.9868981      1.4882695      6.9648804    
   4040000   0.99435264     6.9898445      1.4914372      6.9671399    
   4050000   1.0023933      6.9888318      1.5034974      6.964235     
   4060000   0.99955701     6.9938766      1.4992432      6.971174     
   4070000   1.0082785      6.9790906      1.5123247      6.95575      
   4080000   0.99464833     6.9817372      1.4918807      6.9578979    
   4090000   0.99202653     6.9820599      1.4879482      6.9572717    
   4100000   1.0007784      6.9697589      1.5010752      6.9464601    
   4110000   1.0027769      6.9944557      1.5040728      6.9707034    
   4120000   1.006677       6.9873423      1.5099226      6.9623495    
   4130000   1.0068802      6.9669217      1.5102273      6.9425722    
   4140000   0.9978997      6.9825318      1.4967574      6.9589647    
   4150000   1.0002441      7.0002091      1.5002739      6.9756345    
   4160000   1.0050129      6.9956395      1.5074266      6.9711073    
   4170000   0.99565438     6.9900755      1.4933897      6.9658911    
   4180000   1.0001664      6.9895812      1.5001573      6.9652717    
   4190000   1.0024793      6.9857078      1.5036265      6.9613141    
   4200000   0.9990579      6.9874356      1.4984946      6.9662775    
   4210000   1.0040309      6.9820863      1.5059538      6.9555153    
   4220000   0.99126886     6.9933363      1.4868118      6.966005     
   4230000   0.99828506     6.979639       1.4973355      6.9560766    
   4240000   0.99499449     6.9793531      1.4923999      6.95699      
   4250000   1.0022949      6.9800979      1.5033498      6.9565977    
   4260000   1.0034069      6.9819653      1.5050177      6.9565594    
   4270000   1.0011976      6.9880959      1.501704       6.9638521    
   4280000   0.99245314     6.9811387      1.4885881      6.9556586    
   4290000   0.99486189     6.9920196      1.492201       6.9667149    
   4300000   1.0040052      6.9950053      1.5059151      6.9683516    
   4310000   0.99477945     6.9900808      1.4920774      6.9678103    
   4320000   1.0032922      6.9822489      1.5048457      6.9597079    
   4330000   0.99506134     6.9797893      1.4925002      6.9558748    
   4340000   1.0011773      6.9775832      1.5016735      6.9523045    
   4350000   1.005249       6.9802592      1.5077808      6.9577266    
   4360000   1.0070359      6.9756459      1.5104609      6.9518823    
   4370000   0.99329577     6.9887287      1.489852       6.967551     
   4380000   1.0034022      6.9875645      1.5050107      6.9634809    
   4390000   1.0031478      6.9836843      1.504629       6.9577565    
   4400000   1.0109092      6.9771885      1.5162705      6.9535868    
   4410000   1.010398       6.9911667      1.5155038      6.9661559    
   4420000   1.0025203      6.9997277      1.503688       6.9742463    
   4430000   1.0017947      6.9863815      1.5025995      6.9594959    
   4440000   1.00881        6.9734749      1.5131218      6.9491345    
   4450000   1.0117702      6.988744       1.5175619      6.9635673    
   4460000   1.0108212      6.9918132      1.5161386      6.9681521    
   4470000   1.0117889      7.0005467      1.51759        6.9758386    
   4480000   1.0024947      6.9981585      1.5036495      6.9733006    
   4490000   1.0114419      6.9859927      1.5170696      6.9630463    
   4500000   0.99066779     6.9868697      1.4859102      6.9638314    
   4510000   1.0043239      6.9845213      1.5063931      6.9596943    
   4520000   1.0041949      6.9775978      1.5061997      6.9515975    
   4530000   1.0012452      6.975088       1.5017754      6.9491302    
   4540000   1.0088794      6.9946606      1.513226       6.9720757    
   4550000   1.0022753      6.993586       1.5033204      6.9680941    
   4560000   1.0149942      6.9813527      1.5223976      6.9575887    
   4570000   1.002931       6.9865944      1.504304       6.9613179    
   4580000   1.0046236      6.9959911      1.5068427      6.9730031    
   4590000   1.0009512      6.9880778      1.5013344      6.9633514    
   4600000   0.99557335     6.9821         1.4932681      6.9579952    
   4610000   0.99877806     6.9822671      1.4980749      6.9609169    
   4620000   0.99752709     6.9793964      1.4961986      6.9542912    
   4630000   0.99109963     6.9957621      1.486558       6.9712991    
   4640000   0.9973059      6.9784574      1.4958668      6.9556405    
   4650000   0.98951395     6.9946116      1.4841796      6.9705135    
   4660000   0.99982376     6.9912215      1.4996434      6.9654377    
   4670000   1.0071062      6.9858957      1.5105663      6.961931     
   4680000   0.994755       6.9886063      1.4920407      6.964035     
   4690000   1.0054411      6.9724059      1.5080688      6.9487234    
   4700000   0.99964042     6.9812715      1.4993684      6.9574173    
   4710000   0.99991586     6.9805254      1.4997815      6.9548727    
   4720000   0.99975418     6.9755113      1.499539       6.9519816    
   4730000   1.0108269      6.978439       1.5161471      6.9538015    
   4740000   1.0039237      6.979113       1.5057929      6.9562082    
   4750000   1.0073124      6.9813434      1.5108756      6.9573737    
   4760000   0.99664665     6.9910951      1.494878       6.9655942    
   4770000   0.99757192     6.9909571      1.4962658      6.9672717    
   4780000   0.99877472     6.9943836      1.4980699      6.9704934    
   4790000   1.0134574      6.9793118      1.5200926      6.9549645    
   4800000   1.0129281      6.9912108      1.5192987      6.9661679    
   4810000   1.0119861      6.9947046      1.5178858      6.9706902    
   4820000   1.0099314      6.9904242      1.5148039      6.9669044    
   4830000   0.99853747     6.9825114      1.497714       6.9587877    
   4840000   0.9986176      6.9684517      1.4978342      6.9454817    
   4850000   1.0088867      6.9841714      1.513237       6.9590484    
   4860000   1.0132732      6.9732233      1.5198163      6.9496581    
   4870000   0.99924808     7.0009482      1.4987799      6.9767745    
   4880000   0.9974396      6.9821444      1.4960673      6.9577915    
   4890000   1.0110062      6.9755991      1.516416       6.9519326    
   4900000   1.0025516      6.9792983      1.5037349      6.9580054    
   4910000   0.98965474     7.0009318      1.4843908      6.9753911    
   4920000   1.0054918      6.9821802      1.5081449      6.9578862    
   4930000   0.99628428     6.9924966      1.4943345      6.9676767    
   4940000   1.0020936      6.9863306      1.503048       6.9619288    
   4950000   1.0067848      6.9912938      1.5100842      6.9663782    
   4960000   0.99820399     6.994482       1.4972138      6.9712959    
   4970000   1.0098657      6.9844258      1.5147054      6.9611116    
   4980000   1.005201       6.9921417      1.5077087      6.9687267    
   4990000   1.0068237      6.9882066      1.5101427      6.96296      
   5000000   1.0064756      6.9786681      1.5096205      6.9532088    
   5010000   1.0053494      6.9769915      1.5079314      6.9542146    
   5020000   0.99452015     6.9805222      1.4916884      6.9577117    
   5030000   0.98374384     6.9805391      1.475525       6.9569702    
   5040000   0.99216997     6.9706277      1.4881634      6.9464896    
   5050000   1.0061841      6.9859729      1.5091833      6.9599509    
   5060000   1.0036719      6.9978214      1.5054153      6.9714739    
   5070000   0.99944485     6.9830255      1.499075       6.9613304    
   5080000   1.0076812      6.9780214      1.5114288      6.9548951    
   5090000   1.0048922      6.9826254      1.5072455      6.9595728    
   5100000   0.9919502      6.9728483      1.4878337      6.9458104    
   5110000   0.99388262     6.9816982      1.4907322      6.9595151    
   5120000   0.98756309     6.9708261      1.4812535      6.9481803    
   5130000   0.99159578     6.9834292      1.4873021      6.9605243    
   5140000   0.9911604      6.9791755      1.4866491      6.9550256    
   5150000   0.97772856     6.9877192      1.4665026      6.9630463    
   5160000   1.0026594      6.9809816      1.5038965      6.956812     
   5170000   1.0035776      6.9902296      1.5052738      6.9658365    
   5180000   1.003481       6.9835853      1.5051289      6.9571932    
   5190000   0.99221252     6.9878984      1.4882272      6.9648626    
   5200000   0.99378939     6.9887037      1.4905924      6.9658147    
   5210000   0.99612967     6.9797877      1.4941026      6.956137     
   5220000   1.0035795      6.9744706      1.5052766      6.948705     
   5230000   0.99116985     6.9913386      1.4866633      6.9679336    
   5240000   0.98836161     6.9926441      1.4824512      6.9698259    
   5250000   0.99847521     6.9727442      1.4976206      6.9487634    
   5260000   1.0026919      6.9734767      1.5039454      6.9509765    
   5270000   0.99535154     6.9798748      1.4929354      6.9568759    
   5280000   1.003458       6.9839575      1.5050944      6.961311     
   5290000   1.0038585      6.966053       1.5056951      6.941165     
   5300000   0.99927419     6.9838704      1.498819       6.9607659    
   5310000   1.001952       6.984842       1.5028356      6.9604829    
   5320000   1.0085613      6.9720322      1.5127488      6.9508446    
   5330000   0.99277811     6.9738561      1.4890755      6.9511706    
   5340000   0.99605178     6.9674998      1.4939857      6.942711     
   5350000   0.99821327     6.9803069      1.4972278      6.9558102    
   5360000   1.0004896      6.9865624      1.5006421      6.9620011    
   5370000   1.0002523      6.968983       1.5002861      6.945759     
   5380000   0.99299095     6.9893483      1.4893948      6.9610075    
   5390000   0.99885954     6.9873707      1.4981971      6.9618052    
   5400000   0.99233518     6.9848395      1.4884112      6.9621297    
   5410000   0.9856979      6.9814671      1.4784559      6.9580266    
   5420000   0.99586521     6.9782344      1.4937059      6.9532365    
   5430000   0.99388269     6.9791742      1.4907323      6.95693      
   5440000   1.0022406      6.9828059      1.5032684      6.9576175    
   5450000   0.99560259     6.9711891      1.493312       6.9487619    
   5460000   0.99751467     6.9897315      1.4961799      6.9648958    
   5470000   1.0013273      6.9834474      1.5018985      6.959792     
   5480000   0.99219781     6.9908131      1.4882051      6.9639568    
   5490000   0.98808548     6.9858682      1.482037       6.959765     
   5500000   0.99913447     6.9806404      1.4986095      6.9556798    
   5510000   1.0018556      6.974458       1.5026909      6.9508532    
   5520000   1.0008528      6.9840811      1.5011868      6.9616886    
   5530000   0.99068549     6.975147       1.4859368      6.9497154    
   5540000   1.0037633      6.9715905      1.5055523      6.9481701    
   5550000   0.99985992     6.9814353      1.4996976      6.9569052    
   5560000   0.99625612     6.9877296      1.4942922      6.96302      
   5570000   0.98965167     6.9994323      1.4843862      6.9745531    
   5580000   1.0021953      6.9795266      1.5032004      6.9575312    
   5590000   1.0054094      6.9790185      1.5080213      6.9559564    
   5600000   1.003115       6.9915311      1.5045799      6.965904     
   5610000   1.0042035      6.9996073      1.5062125      6.9737188    
   5620000   1.0107966      6.9960562      1.5161016      6.9711343    
   5630000   1.0089912      6.9849915      1.5133937      6.9629512    
   5640000   0.99595131     6.978426       1.493835       6.9518541    
   5650000   0.99931094     6.9777612      1.4988742      6.953392     
   5660000   0.99856587     6.9803301      1.4977566      6.9552949    
   5670000   1.0030892      6.9844083      1.5045412      6.9597079    
   5680000   1.0083924      6.9860739      1.5124955      6.9612529    
   5690000   1.0216234      6.9723305      1.5323408      6.9508942    
   5700000   1.000473       6.985912       1.5006172      6.9610657    
   5710000   1.0026274      6.9937218      1.5038486      6.9700757    
   5720000   1.0037947      6.9824259      1.5055994      6.9571027    
   5730000   0.99975496     6.9713317      1.4995402      6.9466008    
   5740000   0.99367643     6.9975204      1.4904229      6.9721114    
   5750000   1.0030462      6.9781972      1.5044767      6.9554771    
   5760000   0.9956637      6.9771674      1.4934037      6.9539657    
   5770000   1.000558       6.982212       1.5007447      6.9587228    
   5780000   0.99129912     6.9785714      1.4868572      6.9548242    
   5790000   0.98843686     6.9753945      1.4825641      6.9511952    
   5800000   0.98891627     6.9865582      1.4832831      6.962658     
   5810000   0.99535973     6.984238       1.4929477      6.9595729    
   5820000   1.0040693      6.9871173      1.5060112      6.9648797    
   5830000   0.99219129     6.9729282      1.4881954      6.9501212    
   5840000   0.99998        6.9908614      1.4998777      6.964956     
   5850000   1.0032643      6.9852804      1.5048038      6.9602345    
   5860000   1.0033968      6.9885534      1.5050026      6.9659071    
   5870000   1.0003916      6.9869825      1.500495       6.9651628    
   5880000   0.99375694     6.9819404      1.4905437      6.9590631    
   5890000   1.0060034      6.9729231      1.5089122      6.9494479    
   5900000   1.0057685      6.9923132      1.50856        6.9692193    
   5910000   1.0136115      6.9812853      1.5203238      6.9564895    
   5920000   1.0150224      6.9734544      1.5224399      6.9505724    
   5930000   0.99245578     6.9928574      1.4885921      6.9663704    
   5940000   1.0028064      6.9816129      1.5041171      6.9571438    
   5950000   0.99414848     6.9787621      1.491131       6.9542335    
   5960000   1.0011614      6.9865611      1.5016498      6.9633184    
   5970000   1.0047644      6.9937397      1.5070539      6.9702946    
   5980000   1.0112055      6.9847274      1.5167149      6.9624833    
   5990000   1.0008905      6.9811891      1.5012434      6.9589616    
   6000000   0.99284124     6.982416       1.4891702      6.9579208    
   6010000   1.0026771      6.9866946      1.5039231      6.9620249    
   6020000   0.99332939     6.9848304      1.4899024      6.963146     
   6030000   0.99748842     6.9897373      1.4961406      6.9639387    
   6040000   0.99964736     6.9801479      1.4993788      6.9557143    
   6050000   0.98843729     6.9924006      1.4825647      6.9680563    
   6060000   1.0028908      6.9834828      1.5042437      6.9595135    
   6070000   1.0017503      6.9709191      1.502533       6.9470644    
   6080000   1.0024967      6.994735       1.5036525      6.9724683    
   6090000   1.0095348      6.9733192      1.5142091      6.9486669    
   6100000   1.0007851      6.9919559      1.5010853      6.9677844    
   6110000   0.98944953     6.9895271      1.484083       6.9643471    
   6120000   0.99139444     6.9801676      1.4870002      6.9540571    
   6130000   0.99715417     6.9808983      1.4956392      6.9574847    
   6140000   0.99830409     6.9854269      1.497364       6.9618438    
   6150000   1.0059955      6.9845614      1.5089004      6.9593694    
   6160000   1.0092399      6.990891       1.5137666      6.9675565    
   6170000   1.0021551      6.9903954      1.5031401      6.9642084    
   6180000   1.006226       6.9873583      1.5092461      6.9625424    
   6190000   0.99625461     6.9789627      1.49429        6.9559919    
   6200000   0.99934872     6.9790555      1.4989308      6.9549978    
   6210000   0.99006904     6.9973628      1.4850122      6.9756151    
   6220000   0.99742188     6.9880947      1.4960408      6.9629137    
   6230000   1.0143016      6.9746493      1.5213588      6.9522984    
   6240000   1.0101381      6.9945302      1.5151139      6.9687342    
   6250000   1.0110413      6.9824561      1.5164686      6.959319     
   6260000   0.99246654     6.9877727      1.4886082      6.9652896    
   6270000   1.0038032      6.9799556      1.5056122      6.9555482    
   6280000   1.0072623      6.9787765      1.5108005      6.9549818    
   6290000   0.99767563     6.9879278      1.4964214      6.9612032    
   6300000   0.99454271     6.9888256      1.4917223      6.9636023    
   6310000   0.99061607     6.9847128      1.4858327      6.9599093    
   6320000   0.99609759     6.9799832      1.4940544      6.9586569    
   6330000   0.99717454     6.9741608      1.4956698      6.9503027    
   6340000   0.99163811     6.987177       1.4873656      6.9616755    
   6350000   0.99745282     6.9869426      1.4960872      6.9627245    
   6360000   1.0051126      6.9716892      1.5075761      6.9461065    
   6370000   1.0087413      6.9829869      1.5130189      6.9595414    
   6380000   1.0035984      6.9833486      1.505305       6.9610247    
   6390000   0.99693679     6.9842654      1.4953132      6.9583458    
   6400000   0.99772931     6.9820996      1.4965019      6.9593006    
   6410000   1.0071106      6.9803683      1.510573       6.9573082    
   6420000   1.0031296      6.9887217      1.5046018      6.9645529    
   6430000   0.99803229     6.9736155      1.4969563      6.9494581    
   6440000   1.0043002      6.9738379      1.5063576      6.9490072    
   6450000   0.99863548     6.9914272      1.497861       6.966907     
   6460000   1.0042573      6.9943657      1.5062933      6.9690425    
   6470000   0.99481849     6.9881852      1.4921359      6.9634142    
   6480000   1.0032939      6.9736053      1.5048483      6.9502299    
   6490000   0.99119364     6.9874717      1.486699       6.9641729    
   6500000   0.99877427     6.982163       1.4980692      6.9585938    
   6510000   0.99273832     6.9826112      1.4890158      6.9587546    
   6520000   1.0047254      6.9867304      1.5069953      6.9621929    
   6530000   0.99115614     6.995042       1.4866427      6.9714486    
   6540000   1.0091998      6.9817316      1.5137066      6.9567365    
   6550000   0.99864628     6.9817553      1.4978772      6.9582213    
   6560000   0.99797295     6.9841699      1.4968673      6.9591789    
   6570000   1.0028081      6.9722837      1.5041197      6.9475309    
   6580000   0.99535191     6.9827855      1.492936       6.9583522    
   6590000   0.99601885     6.9834838      1.4939363      6.9601983    
   6600000   1.0017175      6.9935263      1.5024837      6.9680644    
   6610000   1.0107251      6.9846998      1.5159943      6.9615216    
   6620000   1.0176841      6.9810618      1.5264322      6.9573771    
   6630000   1.0132233      6.9796261      1.5197415      6.9568896    
   6640000   1.0009533      6.9937619      1.5013376      6.969819     
   6650000   1.0011046      6.9765925      1.5015645      6.9530818    
   6660000   0.99385128     6.9862315      1.4906852      6.9617754    
   6670000   1.0012342      6.9836216      1.5017589      6.9605981    
   6680000   1.0024049      6.9914747      1.5035149      6.9646264    
   6690000   0.99266654     6.9933337      1.4889082      6.9706821    
   6700000   0.99882981     6.9889612      1.4981525      6.9648661    
   6710000   1.0023511      6.9791194      1.5034342      6.9529846    
   6720000   1.0100601      6.9800702      1.5149968      6.9533581    
   6730000   1.0012108      6.9912532      1.5017238      6.9692742    
   6740000   1.0005272      6.9853087      1.5006984      6.961455     
   6750000   0.98883614     6.9927628      1.4831629      6.9695139    
   6760000   0.99166295     6.985037       1.4874029      6.9603366    
   6770000   0.99576509     6.9781407      1.4935557      6.9528645    
   6780000   0.99799523     6.9923216      1.4969007      6.9685328    
   6790000   0.99789964     6.9755012      1.4967573      6.9501574    
   6800000   0.99176317     6.9822815      1.4875532      6.9577392    
   6810000   0.99257376     6.9762502      1.488769       6.9538397    
   6820000   0.99597348     6.9875478      1.4938683      6.964167     
   6830000   1.0008551      6.9901102      1.5011902      6.9645076    
   6840000   1.0009689      6.9975833      1.501361       6.9744427    
   6850000   1.0037991      6.993181       1.5056059      6.9707982    
   6860000   1.0023922      6.9891394      1.5034957      6.96385      
   6870000   1.008477       6.9914224      1.5126225      6.9667004    
   6880000   1.0052118      6.9910531      1.5077249      6.96714      
   6890000   1.0077886      6.9921482      1.5115898      6.9670746    
   6900000   1.0059571      6.992286       1.5088428      6.9674231    
   6910000   1.0104011      6.9854664      1.5155084      6.9605099    
   6920000   1.0131362      6.9913998      1.5196108      6.9683281    
   6930000   1.0073665      6.9944345      1.5109568      6.9691588    
   6940000   1.0062627      6.9824206      1.5093012      6.9611396    
   6950000   0.99498751     6.9834196      1.4923894      6.9587025    
   6960000   0.98539148     6.9783173      1.4779963      6.9558583    
   6970000   0.99066223     6.9909952      1.4859019      6.965866     
   6980000   0.99499309     6.973351       1.4923978      6.9479399    
   6990000   0.99042895     6.9772443      1.485552       6.9536654    
   7000000   0.99832089     6.9791321      1.4973892      6.9549337    
   7010000   0.99257801     6.9908346      1.4887754      6.9664409    
   7020000   0.99502968     6.9872909      1.4924527      6.9644246    
   7030000   0.99574323     6.9764796      1.4935229      6.9535531    
   7040000   0.99432752     6.9868993      1.4913995      6.9619521    
   7050000   0.99242288     6.9898003      1.4885427      6.9668018    
   7060000   0.99218166     6.9927404      1.4881809      6.967846     
   7070000   0.99102441     6.9818168      1.4864451      6.9571461    
   7080000   0.98644558     6.9811373      1.4795773      6.9583375    
   7090000   1.0037692      6.973206       1.5055612      6.9497747    
   7100000   0.99938964     6.9851772      1.4989922      6.9598874    
   7110000   0.98998408     6.9834334      1.4848847      6.9598224    
   7120000   1.0055783      6.9804459      1.5082746      6.9567405    
   7130000   0.99533845     6.9989626      1.4929158      6.9740889    
   7140000   1.0003492      6.9797915      1.5004315      6.9574473    
   7150000   1.0071351      6.9780097      1.5106096      6.9540239    
   7160000   0.99770122     6.9867513      1.4964597      6.964033     
   7170000   1.0037656      6.9734833      1.5055557      6.9493685    
   7180000   1.0041228      6.9813216      1.5060915      6.9585044    
   7190000   1.0042697      6.9922928      1.5063119      6.9689775    
   7200000   1.0082166      6.983657       1.5122318      6.9605219    
   7210000   1.0040246      6.9970986      1.5059442      6.974202     
   7220000   1.0095861      6.9898236      1.514286       6.9656268    
   7230000   1.011621       6.9891833      1.5173382      6.9659789    
   7240000   1.0003626      6.9946539      1.5004515      6.9715351    
   7250000   1.0115993      6.9888292      1.5173056      6.9643875    
   7260000   0.99375812     6.9824992      1.4905455      6.9600429    
   7270000   0.9955384      6.9853188      1.4932157      6.9621355    
   7280000   1.0022022      6.9918984      1.5032107      6.9684078    
   7290000   1.0066742      6.9899846      1.5099184      6.9667434    
   7300000   1.0086215      6.9831497      1.5128391      6.9599914    
   7310000   1.0075372      6.9878375      1.5112129      6.9634359    
   7320000   0.99834298     6.9925538      1.4974223      6.9662046    
   7330000   0.9996244      6.9836294      1.4993443      6.9592744    
   7340000   1.0026428      6.9826594      1.5038717      6.9602163    
   7350000   1.0024232      6.9869001      1.5035423      6.9620496    
   7360000   1.0022363      6.9730621      1.5032619      6.9482925    
   7370000   0.99985793     6.9794474      1.4996946      6.955787     
   7380000   1.0004283      6.9848268      1.5005501      6.9621514    
   7390000   0.994548       6.9931655      1.4917302      6.9700532    
   7400000   1.0028501      6.9752917      1.5041826      6.9511219    
   7410000   0.9979799      6.9800532      1.4968777      6.9545685    
   7420000   0.9955616      6.9754934      1.4932505      6.9516968    
   7430000   0.99046459     6.9875312      1.4856055      6.9626503    
   7440000   0.99612027     6.9766581      1.4940885      6.9504402    
   7450000   0.99583784     6.9859906      1.4936648      6.9605089    
   7460000   0.9917072      6.9762239      1.4874693      6.9531726    
   7470000   1.0030468      6.9845978      1.5044777      6.9612226    
   7480000   1.0059729      6.9844702      1.5088665      6.9603645    
   7490000   1.0050696      6.9814424      1.5075116      6.9566119    
   7500000   0.99722152     6.9841228      1.4957402      6.9599727    
   7510000   1.0070884      6.9792228      1.5105396      6.9543876    
   7520000   0.99638268     6.9899948      1.494482       6.9664193    
   7530000   1.0032072      6.9863895      1.5047182      6.9632508    
   7540000   0.99713603     6.9871683      1.495612       6.9628893    
   7550000   1.001383       6.9801895      1.5019821      6.9581667    
   7560000   0.99729881     6.9822617      1.4958562      6.9581063    
   7570000   0.99568927     6.9818419      1.493442       6.9568191    
   7580000   0.99960689     6.9776507      1.4993181      6.9526412    
   7590000   1.0086757      6.9861866      1.5129205      6.9606209    
   7600000   1.0006835      6.9771635      1.5009329      6.952197     
   7610000   1.0004535      6.983646       1.5005879      6.9625565    
   7620000   0.99081621     6.9818207      1.4861329      6.9593319    
   7630000   1.0102539      6.9734113      1.5152876      6.9500489    
   7640000   0.9976618      6.9892656      1.4964006      6.9672777    
   7650000   0.99596338     6.9806243      1.4938531      6.9567458    
   7660000   0.98777916     6.9877342      1.4815776      6.9625093    
   7670000   1.0006143      6.9802193      1.5008292      6.9559022    
   7680000   0.99070026     6.9923525      1.4859589      6.9681184    
   7690000   0.99442053     6.9982367      1.491539       6.9711448    
   7700000   0.99884454     6.9720035      1.4981746      6.9475751    
   7710000   0.99220902     6.9831878      1.4882219      6.9599696    
   7720000   1.0010475      6.9875393      1.5014789      6.9650357    
   7730000   0.98957423     6.9828724      1.48427        6.9597364    
   7740000   1.0053274      6.9913376      1.5078983      6.965524     
   7750000   1.0210708      6.9744146      1.5315119      6.9519673    
   7760000   1.0129008      6.9902843      1.5192577      6.9647629    
   7770000   0.99330631     6.9838968      1.4898678      6.961326     
   7780000   1.0014246      6.9888798      1.5020445      6.960333     
   7790000   1.0006711      6.9800696      1.5009142      6.9544762    
   7800000   0.99804933     6.9773536      1.4969819      6.952601     
   7810000   0.99353661     6.9869399      1.4902132      6.9641537    
   7820000   1.0049182      6.9914338      1.5072845      6.9679593    
   7830000   1.0036612      6.9837077      1.5053991      6.9601072    
   7840000   0.99648875     6.9798801      1.4946411      6.9572201    
   7850000   1.0074967      6.9888224      1.5111521      6.9664061    
   7860000   1.0055305      6.9826731      1.5082029      6.9575163    
   7870000   0.98876493     6.9787293      1.4830561      6.9549965    
   7880000   0.99119755     6.9844675      1.4867048      6.9598604    
   7890000   0.99786064     6.9809836      1.4966989      6.9565655    
   7900000   0.99406834     6.975378       1.4910107      6.9507521    
   7910000   0.99897725     6.9816346      1.4983737      6.9593787    
   7920000   1.0093017      6.9783245      1.5138595      6.9563872    
   7930000   1.0047557      6.9852331      1.5070409      6.961006     
   7940000   0.998013       6.9777908      1.4969274      6.9533423    
   7950000   0.99769225     6.9742177      1.4964463      6.9512953    
   7960000   0.99406221     6.9838238      1.4910016      6.9565807    
   7970000   0.98839714     6.986002       1.4825045      6.9630242    
   7980000   0.99817936     6.9899816      1.4971769      6.9665336    
   7990000   1.003716       6.9822388      1.5054813      6.9576638    
   8000000   1.0009844      6.984255       1.5013843      6.9582634    
   8010000   0.998306       6.9739931      1.4973669      6.9507713    
   8020000   0.99019857     6.9855086      1.4852065      6.9609793    
   8030000   0.98969205     6.9849965      1.4844467      6.9589502    
   8040000   0.99857593     6.9769867      1.4977717      6.9550711    
   8050000   1.0077874      6.9926841      1.5115881      6.9675989    
   8060000   1.0085733      6.9913229      1.5127668      6.9667598    
   8070000   0.99996139     6.9885652      1.4998498      6.9665726    
   8080000   0.99972893     6.9786244      1.4995011      6.9549557    
   8090000   0.98852393     6.9749165      1.4826947      6.9534042    
   8100000   0.98627439     6.979288       1.4793206      6.9554588    
   8110000   0.99845943     6.9667097      1.497597       6.9450719    
   8120000   0.99038127     6.9663448      1.4854805      6.9438408    
   8130000   0.99189184     6.9788436      1.4877462      6.9547495    
   8140000   0.99528525     6.9852705      1.492836       6.9619483    
   8150000   1.0037822      6.9748091      1.5055807      6.9508194    
   8160000   0.99092486     6.9757814      1.4862958      6.9508167    
   8170000   1.0049617      6.9723639      1.5073497      6.9478655    
   8180000   0.9977662      6.9813475      1.4965572      6.9591033    
   8190000   1.0037299      6.9915894      1.5055023      6.9693163    
   8200000   0.99901842     6.9931103      1.4984354      6.9686971    
   8210000   1.0024334      6.9916135      1.5035576      6.9679205    
   8220000   1.0123229      6.9942639      1.5183909      6.967804     
   8230000   1.0058636      6.9811315      1.5087026      6.9600286    
   8240000   0.99739725     6.9858064      1.4960038      6.961473     
   8250000   0.99803807     6.9773219      1.496965       6.954038     
   8260000   0.98793377     6.9848172      1.4818095      6.9589797    
   8270000   0.99010312     6.9900507      1.4850633      6.9655154    
   8280000   1.005668       6.9863924      1.5084091      6.9613949    
   8290000   0.9941497      6.9820897      1.4911328      6.9603616    
   8300000   1.007568       6.9830745      1.511259       6.9587969    
   8310000   1.0142599      6.9839793      1.5212963      6.958138     
   8320000   1.0082188      6.9808216      1.5122352      6.9525925    
   8330000   0.99930462     6.9925214      1.4988647      6.9691855    
   8340000   1.0005863      6.9841406      1.5007871      6.9613936    
   8350000   0.99803544     6.9948771      1.496961       6.9707554    
   8360000   0.99524555     6.9885605      1.4927765      6.9646028    
   8370000   0.99384222     6.9805101      1.4906716      6.9566377    
   8380000   1.0005489      6.9793593      1.500731       6.9568851    
   8390000   1.0033557      6.978869       1.504941       6.9522913    
   8400000   1.0035724      6.9922481      1.505266       6.9673378    
   8410000   1.0134653      6.9898502      1.5201044      6.9657686    
   8420000   1.0084364      6.9876119      1.5125615      6.9627949    
   8430000   1.0103662      6.9939216      1.515456       6.9711804    
   8440000   0.99342912     6.9801655      1.490052       6.9563699    
   8450000   0.99980249     6.9813749      1.4996114      6.9561376    
   8460000   1.0099222      6.9790549      1.5147901      6.9539084    
   8470000   1.0020275      6.9754323      1.5029487      6.952656     
   8480000   0.99619454     6.9795723      1.4941999      6.9583811    
   8490000   0.99314171     6.9846469      1.4896209      6.9589589    
   8500000   0.99177715     6.9939099      1.4875742      6.9699693    
   8510000   1.0022899      6.9802585      1.5033423      6.9544468    
   8520000   1.0013165      6.9941911      1.5018824      6.9716807    
   8530000   1.0011727      6.9945502      1.5016666      6.9697603    
   8540000   1.0048336      6.9774827      1.5071577      6.9532822    
   8550000   0.99712106     6.9872919      1.4955895      6.9624701    
   8560000   1.0014979      6.9869619      1.5021544      6.9629614    
   8570000   1.0048011      6.9855653      1.5071088      6.9611368    
   8580000   1.0042698      6.981912       1.506312       6.9568929    
   8590000   1.0049494      6.9851526      1.5073314      6.961488     
   8600000   0.99708744     6.9817211      1.4955391      6.959132     
   8610000   0.99200443     6.9848642      1.4879151      6.9588864    
   8620000   0.99897563     6.9872639      1.4983712      6.9615917    
   8630000   0.99972368     6.9964761      1.4994932      6.973222     
   8640000   0.9963958      6.991064       1.4945017      6.9652873    
   8650000   0.99580136     6.9792937      1.4936101      6.9557771    
   8660000   1.003246       6.98323        1.5047764      6.9604601    
   8670000   1.0036795      6.9890476      1.5054266      6.9652993    
   8680000   1.0051949      6.9827458      1.5076995      6.9577547    
   8690000   0.99424966     6.9870291      1.4912827      6.9626756    
   8700000   0.99191426     6.9946008      1.4877798      6.9706144    
   8710000   1.0060536      6.9784418      1.5089876      6.9565169    
   8720000   0.99130033     6.9841263      1.486859       6.959334     
   8730000   1.0078117      6.9786007      1.5116245      6.9544365    
   8740000   1.008447       7.0031187      1.5125773      6.9778802    
   8750000   1.0090323      6.9956275      1.5134554      6.9702346    
   8760000   1.0192358      6.9785534      1.5287596      6.9564019    
   8770000   0.99902801     6.99146        1.4984498      6.9665123    
   8780000   0.99289268     6.9928504      1.4892474      6.9689044    
   8790000   0.99763466     6.9833257      1.4963599      6.9596041    
   8800000   0.99274751     6.9882933      1.4890296      6.9647608    
   8810000   0.99454616     6.9728814      1.4917274      6.95027      
   8820000   0.99659434     6.9800718      1.4947995      6.9588851    
   8830000   1.0002103      6.9802143      1.5002232      6.9559388    
   8840000   1.0063573      6.9769508      1.509443       6.9524057    
   8850000   0.99555205     6.9764392      1.4932362      6.9512411    
   8860000   0.99191061     6.9790563      1.4877744      6.9569405    
   8870000   1.0070962      6.9726772      1.5105514      6.9480832    
   8880000   1.0051579      6.9803687      1.507644       6.9584577    
   8890000   1.0061989      6.9719627      1.5092055      6.9490112    
   8900000   0.99711023     6.9861202      1.4955733      6.9617183    
   8910000   0.99597719     6.9870769      1.4938739      6.9630273    
   8920000   1.0042483      6.992658       1.5062797      6.9691562    
   8930000   0.99997962     6.9869731      1.4998771      6.961935     
   8940000   0.99893335     6.9849926      1.4983078      6.9603783    
   8950000   0.98860999     6.9885666      1.4828237      6.9649039    
   8960000   0.99470461     6.9852749      1.4919651      6.9608859    
   8970000   1.0030429      6.9850156      1.5044718      6.9614948    
   8980000   0.998663       6.9842905      1.4979023      6.9614688    
   8990000   0.99979557     6.9788205      1.4996011      6.9546548    
   9000000   1.0019385      6.978432       1.5028153      6.9540566    
   9010000   0.99243289     6.9822635      1.4885577      6.9598967    
   9020000   0.99950539     6.974429       1.4991658      6.9509583    
   9030000   0.99896733     6.9891047      1.4983588      6.9638806    
   9040000   1.0014192      6.981115       1.5020363      6.955709     
   9050000   0.98987535     6.9906649      1.4847217      6.9667821    
   9060000   0.99946959     6.9920604      1.4991121      6.9692806    
   9070000   0.99818134     6.9990401      1.4971799      6.974639     
   9080000   1.0103116      6.9829213      1.5153741      6.959652     
   9090000   0.99875072     6.9779134      1.4980339      6.9528616    
   9100000   0.99613097     6.9845573      1.4941045      6.9621569    
   9110000   1.0005838      6.9861882      1.5007833      6.9627352    
   9120000   0.98515645     6.9907607      1.4776437      6.9667278    
   9130000   1.0045853      6.9774331      1.5067853      6.9550586    
   9140000   0.9996033      6.9674696      1.4993127      6.9440148    
   9150000   0.99198775     6.9771571      1.4878901      6.9539778    
   9160000   1.0000696      6.9873823      1.5000121      6.9636723    
   9170000   1.0008581      6.9848252      1.5011948      6.9600444    
   9180000   1.0076282      7.001058       1.5113493      6.9785991    
   9190000   1.0035813      6.9877674      1.5052793      6.9641356    
   9200000   1.0013897      6.9927971      1.5019921      6.9669979    
   9210000   0.99730195     6.983328       1.4958609      6.9589987    
   9220000   1.0020847      6.9881568      1.5030345      6.9650554    
   9230000   0.99648335     6.9878058      1.494633       6.9632381    
   9240000   1.0000661      6.9785731      1.5000068      6.9548156    
   9250000   0.99049002     6.9913263      1.4856436      6.9671935    
   9260000   0.99711283     6.9903369      1.4955772      6.9642681    
   9270000   0.99278705     6.9818829      1.4890889      6.9580749    
   9280000   1.0042645      6.9800014      1.5063041      6.954903     
   9290000   0.99083874     6.9806564      1.4861667      6.9551076    
   9300000   0.99172263     6.9901619      1.4874924      6.9664833    
   9310000   1.0046713      6.9860046      1.5069142      6.9626367    
   9320000   1.0001145      6.9904468      1.5000795      6.9655455    
   9330000   1.0064845      6.9819036      1.5096338      6.9565433    
   9340000   1.0072687      6.9733771      1.5108101      6.9517225    
   9350000   1.0092803      6.9850582      1.5138274      6.961855     
   9360000   1.0022722      6.9841906      1.5033157      6.9594479    
   9370000   0.99919585     6.9886795      1.4987016      6.9649482    
   9380000   1.0031548      6.9889131      1.5046396      6.9641235    
   9390000   1.0031524      6.976331       1.504636       6.9537467    
   9400000   0.99872575     6.9797282      1.4979964      6.9563856    
   9410000   0.98839764     6.9871983      1.4825052      6.964047     
   9420000   0.99145717     6.9986044      1.4870942      6.9745194    
   9430000   1.0064785      6.9749157      1.5096249      6.9527003    
   9440000   1.0056579      6.9780296      1.5083941      6.9533733    
   9450000   0.99025504     6.9829237      1.4852912      6.9590492    
   9460000   0.9981467      6.98589        1.4971279      6.9611451    
   9470000   1.0035559      6.9808568      1.5052412      6.9565267    
   9480000   0.99930263     6.9798212      1.4988617      6.9545596    
   9490000   0.99728247     6.9811737      1.4958317      6.9564564    
   9500000   0.99789        6.9757471      1.4967429      6.9511891    
   9510000   0.99512709     6.9767353      1.4925988      6.9522953    
   9520000   0.99593368     6.9864209      1.4938086      6.9627382    
   9530000   0.9892835      6.9867113      1.4838339      6.9634453    
   9540000   0.9861098      6.9851809      1.4790737      6.962146     
   9550000   0.9926993      6.9780535      1.4889573      6.9530686    
   9560000   1.0011168      6.9848123      1.5015828      6.9603723    
   9570000   1.0106998      6.994312       1.5159563      6.9706146    
   9580000   1.0042105      6.975597       1.5062231      6.9510549    
   9590000   0.99678096     6.9833292      1.4950794      6.9601205    
   9600000   1.0034358      6.9778315      1.505061       6.9541398    
   9610000   1.0055406      6.9806303      1.508218       6.9567086    
   9620000   1.007129       6.9871137      1.5106005      6.9628717    
   9630000   1.0078346      6.9792548      1.5116589      6.9555361    
   9640000   0.99802833     6.9919247      1.4969504      6.9684542    
   9650000   1.0023775      6.9810948      1.5034737      6.9586135    
   9660000   0.99631417     6.9794169      1.4943793      6.9589262    
   9670000   0.99783044     6.986321       1.4966536      6.9616529    
   9680000   1.0077341      6.9828956      1.5115081      6.9562727    
   9690000   0.99997832     6.9877487      1.4998752      6.9642294    
   9700000   1.0009187      6.9752312      1.5012857      6.9517061    
   9710000   0.99207125     6.9849011      1.4880153      6.9607335    
   9720000   0.99877526     6.9879158      1.4980707      6.9612671    
   9730000   1.0028939      6.9861212      1.5042482      6.9616333    
   9740000   0.99394715     6.9829165      1.490829       6.9565954    
   9750000   0.99146683     6.9801275      1.4871087      6.9535312    
   9760000   0.99339464     6.9808415      1.4900003      6.9543559    
   9770000   0.99535193     6.9853112      1.492936       6.9642795    
   9780000   1.002133       6.9813529      1.503107       6.9577501    
   9790000   1.0079567      6.9941582      1.511842       6.9706674    
   9800000   1.0088549      6.9938068      1.5131892      6.9689239    
   9810000   0.99427744     6.9777144      1.4913244      6.9528588    
   9820000   0.99974984     6.9793137      1.4995325      6.9559177    
   9830000   1.0030516      6.9850335      1.5044848      6.961084     
   9840000   1.0057203      6.9822702      1.5084876      6.9587083    
   9850000   1.0020506      6.9854421      1.5029834      6.9625748    
   9860000   1.0045495      6.9790114      1.5067315      6.9559707    
   9870000   1.0040773      6.9861534      1.5060232      6.9637189    
   9880000   0.99479016     6.998811       1.4920934      6.9732872    
   9890000   1.0002266      6.9907231      1.5002476      6.9690133    
   9900000   1.009366       6.9889584      1.5139558      6.9645658    
   9910000   1.0094285      6.9883268      1.5140496      6.9628391    
   9920000   1.0048149      6.9969228      1.5071295      6.9740487    
   9930000   1.004454       6.9812458      1.5065883      6.9578025    
   9940000   1.0006457      6.9810387      1.5008761      6.9563354    
   9950000   0.99297551     6.9838907      1.4893716      6.9588174    
   9960000   0.9942425      6.9843095      1.491272       6.9645104    
   9970000   0.99262931     6.9887061      1.4888523      6.9625968    
   9980000   1.0039914      6.9894187      1.5058945      6.9664462    
   9990000   1.0084354      6.981826       1.51256        6.9602557    
  10000000   1.001335       6.9801056      1.5019101      6.9563562    
  10010000   0.99657882     6.9878226      1.4947763      6.9646316    
  10020000   1.0063222      6.9715791      1.5093905      6.9486976    
  10030000   0.99165292     6.9825576      1.4873878      6.9616518    
  10040000   0.99493509     6.9763654      1.4923108      6.9538532    
  10050000   0.99593004     6.9794112      1.4938031      6.956598     
  10060000   0.99382412     6.98297        1.4906444      6.9582423    
  10070000   0.99814807     6.9865284      1.49713        6.9617098    
  10080000   1.0019201      6.9977196      1.5027876      6.9745617    
  10090000   1.0051925      6.9827749      1.5076959      6.9574372    
  10100000   0.99345838     6.9913426      1.4900959      6.9660202    
  10110000   0.99780959     6.9801649      1.4966223      6.9581327    
  10120000   1.0022588      6.9902436      1.5032957      6.965651     
  10130000   1.0088526      6.9908764      1.5131858      6.964631     
  10140000   0.99635233     6.9757332      1.4944365      6.9528835    
  10150000   0.9901689      6.9953248      1.485162       6.9733967    
  10160000   0.99512397     6.9906746      1.4925941      6.9679709    
  10170000   0.99829284     6.9821244      1.4973471      6.9583464    
  10180000   1.0065139      6.9754605      1.5096779      6.9511583    
  10190000   1.0048003      6.9967885      1.5071077      6.972013     
  10200000   1.0005441      6.9841449      1.5007238      6.9606003    
  10210000   0.99817672     7.0014802      1.4971729      6.9773267    
  10220000   1.0016596      6.9805465      1.5023969      6.9574352    
  10230000   0.99199464     6.989546       1.4879004      6.9666623    
  10240000   0.99246502     6.9750249      1.4886059      6.9488267    
  10250000   0.9854392      6.9708732      1.4780678      6.9498488    
  10260000   0.98523972     6.982164       1.4777686      6.9577422    
  10270000   1.0025224      6.9845533      1.5036911      6.9615069    
  10280000   1.0038831      6.9833305      1.5057319      6.9599598    
  10290000   1.0016712      6.9926865      1.5024143      6.9673415    
  10300000   1.0072149      6.9808309      1.5107294      6.9567133    
  10310000   1.0037714      6.9850056      1.5055645      6.959796     
  10320000   1.0046025      6.9868043      1.5068111      6.9628673    
  10330000   0.99178445     6.9928162      1.4875851      6.969113     
  10340000   1.0091321      6.9809943      1.5136051      6.9561833    
  10350000   1.0054257      6.9873614      1.5080457      6.961196     
  10360000   0.99428156     6.9869737      1.4913306      6.9650447    
  10370000   0.99227654     6.9768892      1.4883232      6.9536342    
  10380000   1.0006955      6.9765276      1.5009509      6.951334     
  10390000   0.99719185     6.973585       1.4956957      6.9477553    
  10400000   0.99217361     6.9754233      1.4881688      6.9543493    
  10410000   0.99263497     6.9840849      1.4888608      6.9600447    
  10420000   0.99947563     6.982575       1.4991212      6.9582492    
  10430000   0.99625093     6.9830792      1.4942844      6.9581168    
  10440000   1.0082008      6.9813758      1.5122081      6.9562518    
  10450000   1.0079423      6.9904513      1.5118205      6.9675712    
  10460000   0.99980286     6.9872271      1.499612       6.9622904    
  10470000   1.0037786      6.9912923      1.5055753      6.9660413    
  10480000   1.0142454      6.98509        1.5212744      6.9593313    
  10490000   1.0057754      6.9766646      1.5085703      6.9527272    
  10500000   1.0070068      6.9918661      1.5104173      6.9669681    
  10510000   1.0081232      6.9920501      1.5120917      6.9675357    
  10520000   1.0088019      6.9999553      1.5131097      6.9755247    
  10530000   1.0039805      6.9821845      1.505878       6.9586167    
  10540000   0.99949542     6.9891028      1.4991509      6.9669552    
  10550000   1.0011185      6.9844385      1.5015854      6.9630567    
  10560000   1.0090398      6.9728065      1.5134666      6.9474546    
  10570000   0.99986271     6.9809113      1.4997018      6.9555609    
  10580000   0.99908617     6.9915045      1.498537       6.9663431    
  10590000   0.99518549     6.9844711      1.4926864      6.9586439    
  10600000   0.99314507     6.9794371      1.4896259      6.9554633    
  10610000   0.99673944     6.9773281      1.4950172      6.951761     
  10620000   1.0044972      6.9868427      1.5066531      6.9651153    
  10630000   1.0003783      6.9781089      1.5004751      6.9545927    
  10640000   0.98894203     6.9739418      1.4833218      6.9492268    
  10650000   0.99060175     6.9816183      1.4858112      6.9579717    
  10660000   0.99877703     6.973037       1.4980734      6.9471704    
  10670000   1.0020495      6.9976545      1.5029817      6.9729459    
  10680000   1.0050563      6.9803046      1.5074917      6.9543741    
  10690000   0.99940108     6.987965       1.4990094      6.9624355    
  10700000   1.004972       6.9857619      1.5073653      6.9616837    
  10710000   1.0056507      6.9894305      1.5083833      6.9652288    
  10720000   0.99554745     6.9880714      1.4932293      6.9637531    
  10730000   0.99911204     6.9890134      1.4985758      6.9662148    
  10740000   1.0168973      6.9744439      1.5252521      6.9511874    
  10750000   1.0041796      6.9849061      1.5061767      6.9619406    
  10760000   1.0052553      6.996334       1.5077902      6.9708209    
  10770000   1.0080268      6.9850559      1.5119472      6.9593808    
  10780000   0.99684553     6.9797631      1.4951763      6.9563019    
  10790000   1.0031589      6.9884656      1.5046458      6.9645825    
  10800000   1.01099        6.9829752      1.5163916      6.9593935    
  10810000   0.99785541     6.9954898      1.496691       6.9720339    
  10820000   0.99141932     6.9797473      1.4870375      6.9548361    
  10830000   0.98495997     6.9891916      1.477349       6.9656712    
  10840000   0.98659233     6.9875068      1.4797974      6.9643354    
  10850000   0.99545061     6.9897895      1.493084       6.9647163    
  10860000   0.99591095     6.9710675      1.4937745      6.9473062    
  10870000   0.98046464     6.9747875      1.4706065      6.952356     
  10880000   0.98325642     6.9832074      1.4747939      6.9608264    
  10890000   0.98998214     6.9831821      1.4848818      6.9593264    
  10900000   1.0023655      6.9728342      1.5034557      6.9525763    
  10910000   1.0003226      6.9800064      1.5003916      6.956275     
  10920000   0.9904233      6.9959776      1.4855435      6.9718703    
  10930000   0.99295201     6.9746732      1.4893364      6.94907      
  10940000   0.992856       6.984663       1.4891924      6.9590029    
  10950000   1.0007984      6.9756993      1.5011053      6.9514886    
  10960000   0.99670877     6.9792693      1.4949712      6.9548666    
  10970000   1.0038699      6.9795606      1.5057122      6.9548775    
  10980000   1.0002625      6.9777197      1.5003014      6.9518582    
  10990000   1.006952       6.9814658      1.510335       6.9588151    
  11000000   1.0066719      6.9867961      1.5099149      6.9614404    
  11010000   1.0031242      6.9925156      1.5045937      6.9666532    
  11020000   1.0047408      6.9796301      1.5070184      6.9553394    
  11030000   0.99913538     6.9879039      1.4986108      6.9628399    
  11040000   1.000137       6.99212        1.5001131      6.9684706    
  11050000   0.98492145     6.9805378      1.4772913      6.9568256    
  11060000   0.99489285     6.9810916      1.4922474      6.9578665    
  11070000   0.98881567     6.9775596      1.4831322      6.9543063    
  11080000   0.99450467     6.9787576      1.4916652      6.9549129    
  11090000   0.996137       6.9886385      1.4941136      6.9637606    
  11100000   1.0070493      6.9712877      1.510481       6.9475199    
  11110000   0.99450383     6.9820409      1.491664       6.9578862    
  11120000   1.0023492      6.9794021      1.5034313      6.9557365    
  11130000   0.99535521     6.9818423      1.4929409      6.9566944    
  11140000   1.0002091      6.9895052      1.5002214      6.9641468    
  11150000   0.99057013     6.9768574      1.4857638      6.9523404    
  11160000   0.99706061     6.9863823      1.4954989      6.9616314    
  11170000   1.0111452      6.9842159      1.5166245      6.9578058    
  11180000   1.0196634      6.9861602      1.5294009      6.9615729    
  11190000   1.0082506      6.9957632      1.5122828      6.9730807    
  11200000   0.99331573     6.9926905      1.4898819      6.9677527    
  11210000   1.0029256      6.9913792      1.5042958      6.9687608    
  11220000   0.99923389     6.9888996      1.4987586      6.9648463    
  11230000   0.99829029     6.9903904      1.4973433      6.9673972    
  11240000   1.005881       6.9847703      1.5087287      6.959787     
  11250000   1.0103013      6.9849431      1.5153587      6.9605975    
  11260000   1.0035475      6.9868892      1.5052286      6.9624308    
  11270000   1.0059378      6.9902801      1.5088138      6.9665094    
  11280000   1.0095919      6.9873209      1.5142947      6.9626774    
  11290000   1.0029688      6.9974759      1.5043607      6.9713859    
  11300000   0.99879728     6.9885327      1.4981037      6.962698     
  11310000   1.0001088      6.9830871      1.5000709      6.9577719    
  11320000   1.006458       6.9756789      1.5095941      6.951397     
  11330000   1.0019377      6.9823172      1.502814       6.9589136    
  11340000   0.99905876     6.9865264      1.4984959      6.9599254    
  11350000   1.0041551      6.9775615      1.50614        6.9536715    
  11360000   1.0136109      6.9862081      1.5203227      6.9620474    
  11370000   1.00568        6.9970574      1.5084271      6.9745593    
  11380000   1.0117124      6.9974828      1.5174752      6.9739059    
  11390000   1.0039146      6.9942587      1.5057792      6.9704863    
  11400000   1.0030008      6.9867914      1.5044087      6.9621437    
  11410000   1.0059365      6.9845213      1.5088119      6.9587985    
  11420000   1.0083485      6.9885325      1.5124296      6.9623688    
  11430000   1.0081615      6.9783214      1.5121492      6.9534784    
  11440000   0.99904158     6.983353       1.4984702      6.9599552    
  11450000   1.0052387      6.971441       1.5077652      6.9456801    
  11460000   0.99255114     6.9760176      1.4887351      6.9548694    
  11470000   0.99279078     6.9808589      1.4890945      6.9553094    
  11480000   0.99419629     6.9848117      1.4912027      6.9594788    
  11490000   0.99810767     6.9767594      1.4970694      6.9526006    
  11500000   0.98901603     6.9775373      1.4834328      6.9516873    
  11510000   0.99584429     6.9693478      1.4936745      6.9451465    
  11520000   0.99040596     6.9740858      1.4855175      6.9500746    
  11530000   0.99876887     6.9862632      1.4980611      6.9603327    
  11540000   0.99950777     6.9903902      1.4991694      6.9646891    
  11550000   1.0068994      6.9850188      1.5102561      6.9628446    
  11560000   0.99865505     6.9893247      1.4978904      6.9651104    
  11570000   0.99997501     6.9816928      1.4998702      6.95928      
  11580000   1.0070068      6.9820048      1.5104173      6.9584657    
  11590000   1.0026663      6.9782197      1.5039069      6.9533529    
  11600000   1.003501       6.981745       1.5051589      6.9579481    
  11610000   0.99720138     6.9906687      1.49571        6.9679767    
  11620000   0.99390387     6.9962699      1.4907641      6.9703419    
  11630000   1.0060598      6.9740878      1.5089969      6.9508457    
  11640000   1.0012197      6.9867781      1.5017371      6.9631196    
  11650000   1.0006045      6.9903457      1.5008144      6.9690791    
  11660000   1.008902       6.9857252      1.5132598      6.9606718    
  11670000   1.0000841      6.9886074      1.5000339      6.9658247    
  11680000   1.0011778      6.9808718      1.5016742      6.9581263    
  11690000   1.0077835      6.9895143      1.5115822      6.9648304    
  11700000   0.99640329     6.9931391      1.494513       6.9676713    
  11710000   1.0031987      6.982307       1.5047055      6.9582226    
  11720000   1.0054244      6.9792814      1.5080438      6.955301     
  11730000   1.0061296      6.986341       1.5091015      6.9618828    
  11740000   1.0026862      6.9861983      1.5039367      6.9637509    
  11750000   0.9999549      6.9895821      1.4998401      6.9645815    
  11760000   1.0029269      6.9830301      1.5042977      6.9599333    
  11770000   0.99601708     6.984834       1.4939337      6.9598016    
  11780000   0.99309717     6.9818974      1.4895541      6.9583895    
  11790000   1.003371       6.992597       1.5049638      6.96698      
  11800000   1.0067218      6.9735878      1.5099898      6.9490954    
  11810000   0.99648791     6.9808501      1.4946399      6.9575375    
  11820000   0.9822894      6.9857013      1.4733434      6.9596748    
  11830000   0.99614079     6.9774423      1.4941192      6.9533186    
  11840000   0.99185503     6.978248       1.487691       6.9540986    
  11850000   1.002769       6.9810992      1.504061       6.9592131    
  11860000   0.99500036     6.9827396      1.4924087      6.959463     
  11870000   0.99811138     6.9802587      1.4970749      6.9545793    
  11880000   0.99981851     6.9848287      1.4996355      6.9579037    
  11890000   1.0001664      6.9804767      1.5001573      6.9571183    
  11900000   0.99724396     6.9896828      1.4957739      6.9643744    
  11910000   1.0146028      6.9839036      1.5218105      6.9598723    
  11920000   1.011293       6.9835661      1.5168461      6.9614024    
  11930000   1.0007951      6.9974893      1.5011002      6.9735207    
  11940000   1.0031034      6.983417       1.5045626      6.9576167    
  11950000   0.99941398     6.9896569      1.4990287      6.9656614    
  11960000   0.99134904     6.9846401      1.4869321      6.9601565    
  11970000   1.0015466      6.9789726      1.5022275      6.9568466    
  11980000   0.99899825     6.9825979      1.4984052      6.9593061    
  11990000   1.0011984      6.9846489      1.5017052      6.9616762    
  12000000   0.9962775      6.9860319      1.4943243      6.9644092    
  12010000   0.99772787     6.9766202      1.4964997      6.9530072    
  12020000   1.0009112      6.9845829      1.5012744      6.9588283    
  12030000   0.99555402     6.9871002      1.4932391      6.9628239    
  12040000   0.99651419     6.994431       1.4946793      6.9713145    
  12050000   0.99283067     6.9913377      1.4891544      6.9651417    
  12060000   1.0002562      6.9802569      1.500292       6.9547095    
  12070000   0.9892324      6.9869933      1.4837573      6.9620556    
  12080000   1.0089587      6.9856089      1.513345       6.9622531    
  12090000   1.011149       6.9845201      1.5166301      6.9599447    
  12100000   1.0014723      6.988309       1.5021161      6.9634071    
  12110000   0.99656194     6.9879352      1.4947509      6.9634578    
  12120000   0.99219566     6.9836617      1.4882019      6.9604629    
  12130000   0.99514564     6.974511       1.4926266      6.9503025    
  12140000   0.98164189     6.973562       1.4723722      6.949579     
  12150000   0.98818097     6.9730324      1.4821803      6.9482265    
  12160000   0.99414211     6.9808512      1.4911214      6.957922     
  12170000   0.9903357      6.9845101      1.4854121      6.9602355    
  12180000   0.99335556     6.9859558      1.4899417      6.9629878    
  12190000   0.99917047     6.9766995      1.4986635      6.9536417    
  12200000   0.99121311     7.0016573      1.4867282      6.9754117    
  12210000   0.99262119     6.9907677      1.4888402      6.9655346    
  12220000   1.0008268      6.9933467      1.5011478      6.9675213    
  12230000   1.0060851      7.0014096      1.5090349      6.9751988    
  12240000   1.0126783      6.9842429      1.5189239      6.9618291    
  12250000   1.0023848      6.9849275      1.5034847      6.960655     
  12260000   0.9964512      6.9846143      1.4945848      6.9578489    
  12270000   1.0051714      6.9864763      1.5076644      6.963569     
  12280000   1.0012904      6.9737125      1.5018432      6.9501436    
  12290000   0.9932967      6.9780529      1.4898534      6.9531858    
  12300000   0.9920574      6.9810115      1.4879945      6.9553234    
  12310000   0.9955116      6.9787276      1.4931755      6.9554457    
  12320000   0.99518469     6.9860273      1.4926852      6.9606591    
  12330000   1.0008792      6.9888071      1.5012264      6.9649613    
  12340000   1.0046896      6.9804652      1.5069417      6.9589572    
  12350000   1.0050647      6.9919948      1.5075042      6.9679812    
  12360000   0.9969987      7.0081656      1.495406       6.9832236    
  12370000   1.0017279      7.0039489      1.5024994      6.9811675    
  12380000   1.0060523      6.978935       1.5089856      6.9547386    
  12390000   1.006193       6.9859623      1.5091966      6.9605922    
  12400000   1.0003231      6.9969678      1.5003923      6.9720987    
  12410000   1.0051887      6.9985379      1.5076903      6.9727982    
  12420000   1.0037292      6.9903747      1.5055012      6.966077     
  12430000   1.0086133      6.988122       1.5128268      6.9636733    
  12440000   0.99897035     7.0026422      1.4983633      6.9772164    
  12450000   1.0053545      6.9889835      1.5079389      6.9646878    
  12460000   0.99905361     6.9921397      1.4984882      6.9688103    
  12470000   0.98921385     6.9890841      1.4837295      6.9631367    
  12480000   1.0028561      6.9822543      1.5041916      6.960431     
  12490000   0.99972085     6.9885525      1.499489       6.964784     
  12500000   1.0032837      6.9928197      1.5048329      6.9688561    
  12510000   0.99888755     6.9961678      1.4982391      6.9708154    
  12520000   1.0033512      6.9847487      1.5049342      6.9576654    
  12530000   1.0017721      6.9819762      1.5025657      6.9589997    
  12540000   0.9943425      6.9863831      1.491422       6.9616412    
  12550000   1.0070235      6.9719658      1.5104424      6.9479512    
  12560000   0.99780301     6.9691913      1.4966124      6.9454847    
  12570000   0.99123393     6.9871623      1.4867594      6.9626561    
  12580000   0.99745016     6.9822911      1.4960832      6.9597123    
  12590000   0.9922928      6.9775772      1.4883476      6.9551028    
  12600000   0.99247997     6.9877817      1.4886284      6.9640883    
  12610000   1.0015731      6.9908569      1.5022672      6.9656677    
  12620000   1.00218        6.9732762      1.5031776      6.9486589    
  12630000   0.99808971     6.9969698      1.4970424      6.9722289    
  12640000   1.0030936      6.9904835      1.5045479      6.9679156    
  12650000   0.99786443     6.9784304      1.4967045      6.9536074    
  12660000   1.0015905      6.9759419      1.5022933      6.9511091    
  12670000   0.99407643     6.9833072      1.4910229      6.9588138    
  12680000   1.0055188      6.9825593      1.5081853      6.9587798    
  12690000   1.0090926      6.9810443      1.5135458      6.9574039    
  12700000   1.0006397      6.9974816      1.5008672      6.9738045    
  12710000   1.0011358      6.9744822      1.5016113      6.9517946    
  12720000   0.99220564     6.9857266      1.4882169      6.9619867    
  12730000   0.99455186     6.972349       1.491736       6.948634     
  12740000   0.99579911     6.9920944      1.4936067      6.9685686    
  12750000   1.0016685      6.9851736      1.5024103      6.9586255    
  12760000   1.0001824      6.9908898      1.5001813      6.9698938    
  12770000   1.0039092      6.991383       1.5057712      6.9694338    
  12780000   1.002055       6.9881021      1.50299        6.9630305    
  12790000   0.99343776     6.9757866      1.4900649      6.9498865    
  12800000   0.99935501     6.976193       1.4989403      6.9506295    
  12810000   1.0036721      6.9764934      1.5054155      6.9517533    
  12820000   0.99540301     6.9874556      1.4930126      6.9618609    
  12830000   1.0060997      6.9773618      1.5090567      6.9526708    
  12840000   1.0014959      6.9856096      1.5021514      6.9609197    
  12850000   0.98721567     6.9832335      1.4807324      6.9586583    
  12860000   0.99073621     6.9742308      1.4860129      6.9489386    
  12870000   0.99734648     6.972492       1.4959277      6.9503626    
  12880000   1.0003706      6.9814147      1.5004636      6.958883     
  12890000   0.99269965     6.9838221      1.4889579      6.9597181    
  12900000   1.005062       6.975349       1.5075002      6.952638     
  12910000   1.0110615      6.9807072      1.5164989      6.9570916    
  12920000   1.0040312      6.9794837      1.5059542      6.9546169    
  12930000   0.99672858     6.9749161      1.4950009      6.9486999    
  12940000   1.0061599      6.9796804      1.509147       6.9549377    
  12950000   0.99460731     6.9822201      1.4918192      6.9568699    
  12960000   0.99258862     6.9864178      1.4887913      6.9632951    
  12970000   1.0014508      6.9789337      1.5020838      6.9563313    
  12980000   0.99775663     6.9875382      1.4965428      6.9639123    
  12990000   1.0014007      6.9782742      1.5020087      6.9539765    
  13000000   0.99156069     6.992736       1.4872495      6.9686301    
  13010000   0.99959611     6.9844095      1.4993019      6.9585565    
  13020000   0.99895141     6.9853432      1.4983349      6.9621494    
  13030000   0.99666162     6.977521       1.4949004      6.9530283    
  13040000   0.99351812     6.9851988      1.4901855      6.961551     
  13050000   0.99786073     6.9893245      1.496699       6.9645846    
  13060000   0.99545646     6.976237       1.4930928      6.9521281    
  13070000   0.9911042      7.001351       1.4865648      6.9772679    
  13080000   1.0011897      6.9861437      1.5016922      6.9631374    
  13090000   0.99083893     6.9788157      1.4861669      6.9534176    
  13100000   0.9967526      6.9796952      1.4950369      6.9571671    
  13110000   0.99282627     6.9735947      1.4891478      6.9492499    
  13120000   1.0011507      6.9879063      1.5016336      6.9634539    
  13130000   0.99976981     6.9804542      1.4995624      6.9573822    
  13140000   0.99509556     6.9778114      1.4925515      6.952906     
  13150000   0.98955631     6.9770883      1.4842431      6.9523288    
  13160000   1.001611       6.9822428      1.502324       6.9577623    
  13170000   1.0029449      6.9824031      1.5043247      6.9571609    
  13180000   1.001104       6.9733868      1.5015636      6.9498473    
  13190000   1.0013754      6.9677802      1.5019707      6.9441811    
  13200000   0.99028509     6.984025       1.4853362      6.9607838    
  13210000   0.99866186     6.9826214      1.4979006      6.9598594    
  13220000   0.99755854     6.9864044      1.4962457      6.9603307    
  13230000   0.99127186     6.9910474      1.4868163      6.9670533    
  13240000   1.0023885      6.9888819      1.5034902      6.9628171    
  13250000   0.9951723      6.9980137      1.4926666      6.9740498    
  13260000   1.0072203      6.9883501      1.5107375      6.9637677    
  13270000   1.004379       6.9815995      1.5064758      6.9561931    
  13280000   0.99613018     6.975511       1.4941033      6.952318     
  13290000   0.99056847     6.9778826      1.4857613      6.9528248    
  13300000   1.0019294      6.9801853      1.5028016      6.9559615    
  13310000   0.99635656     6.9948913      1.4944429      6.968755     
  13320000   1.0071236      6.9859302      1.5105925      6.959012     
  13330000   0.99493289     6.9889067      1.4923075      6.9654052    
  13340000   1.0036557      6.9814909      1.505391       6.9573659    
  13350000   0.99024638     6.9856912      1.4852782      6.9614447    
  13360000   1.0020063      6.9855393      1.502917       6.9625684    
  13370000   0.99637035     6.9932551      1.4944636      6.9698255    
  13380000   1.0078463      6.9822545      1.5116765      6.957354     
  13390000   1.0022235      6.9916635      1.5032427      6.9676795    
  13400000   1.0069239      6.9809579      1.5102929      6.956098     
  13410000   1.0057288      6.9850296      1.5085004      6.9589222    
  13420000   1.0003972      6.981966       1.5005034      6.9582918    
  13430000   1.0025429      7.0013974      1.5037218      6.9752409    
  13440000   1.0091562      6.9891398      1.5136411      6.9646107    
  13450000   0.99915069     6.9889031      1.4986338      6.9653579    
  13460000   1.0076173      6.9778199      1.511333       6.9560636    
  13470000   0.99604163     6.9897091      1.4939705      6.9646597    
  13480000   0.99561171     6.9747604      1.4933257      6.9537022    
  13490000   0.99349193     6.9771503      1.4901462      6.9540244    
  13500000   0.99859932     6.9823505      1.4978068      6.957406     
  13510000   0.9954528      6.98326        1.4930873      6.9566836    
  13520000   0.99725909     6.9890134      1.4957966      6.9641511    
  13530000   1.0047106      7.0002227      1.5069732      6.9757169    
  13540000   0.99836376     6.9896789      1.4974535      6.9665512    
  13550000   1.008311       6.9740589      1.5123734      6.950406     
  13560000   0.9995988      6.9939758      1.4993059      6.9687927    
  13570000   1.0012266      6.9882713      1.5017474      6.9648639    
  13580000   0.99300073     6.9966335      1.4894094      6.972578     
  13590000   0.99976667     6.9739434      1.4995577      6.9511494    
  13600000   0.99895848     6.9806359      1.4983455      6.9566892    
  13610000   0.99148091     6.9899721      1.4871298      6.9672072    
  13620000   1.0056425      6.9783935      1.508371       6.9569558    
  13630000   1.0167762      6.9811885      1.5250704      6.9583072    
  13640000   1.0038943      6.9721095      1.5057488      6.9490277    
  13650000   0.994573       6.9774702      1.4917677      6.9530393    
  13660000   0.99958025     6.9793817      1.4992781      6.9543648    
  13670000   0.99484982     6.9864869      1.4921829      6.9634333    
  13680000   1.0006164      6.9846662      1.5008322      6.9600356    
  13690000   0.99210182     6.9801985      1.4880612      6.956652     
  13700000   0.9953875      6.9804036      1.4929894      6.9565647    
  13710000   1.0041594      6.9892673      1.5061465      6.9632377    
  13720000   1.0035987      6.9780482      1.5053054      6.9549807    
  13730000   1.0002635      6.987228       1.5003029      6.9649616    
  13740000   1.0010125      6.9933424      1.5014263      6.9694371    
  13750000   1.0034019      6.9870981      1.5050103      6.9630898    
  13760000   0.99636651     6.9808819      1.4944578      6.9553741    
  13770000   0.99054211     6.9733119      1.4857217      6.951451     
  13780000   0.9892443      6.9914371      1.4837751      6.9675177    
  13790000   0.98937741     6.9844768      1.4839748      6.9621142    
  13800000   0.99489999     6.9789989      1.4922581      6.9550318    
  13810000   0.98243802     6.9976964      1.4735663      6.9746842    
  13820000   1.0043435      6.9821844      1.5064226      6.9590635    
  13830000   1.0125323      6.9836034      1.5187051      6.9604386    
  13840000   0.99098731     6.9991269      1.4863895      6.9738947    
  13850000   1.0030905      6.9847355      1.5045432      6.9595977    
  13860000   1.0050998      6.9678786      1.5075569      6.9454852    
  13870000   0.99655699     6.9761532      1.4947435      6.9540607    
  13880000   0.99848261     6.9756909      1.4976318      6.9532294    
  13890000   1.0010784      6.9733526      1.5015251      6.9471289    
  13900000   1.0053231      6.9830685      1.5078919      6.9594782    
  13910000   1.0171577      6.9883379      1.5256426      6.9664451    
  13920000   0.99915228     6.9899841      1.4986362      6.966472     
  13930000   0.9953637      6.9824295      1.4929537      6.9582258    
  13940000   0.99549796     6.9790679      1.493155       6.9544471    
  13950000   0.99384102     6.9693315      1.4906698      6.9457882    
  13960000   0.99355327     6.9777164      1.4902382      6.9531737    
  13970000   1.002509       6.9848704      1.5036709      6.9615583    
  13980000   1.0076265      6.980769       1.5113467      6.957999     
  13990000   1.0042841      6.9909393      1.5063334      6.9668229    
  14000000   0.99664173     6.9997931      1.4948706      6.9739369    
  14010000   1.002296       6.9710698      1.5033515      6.9485414    
  14020000   1.005679       6.9874044      1.5084257      6.9602981    
  14030000   0.99996136     6.9933957      1.4998497      6.9688217    
  14040000   0.99858532     6.9917983      1.4977858      6.9670556    
  14050000   0.99061917     6.9887389      1.4858373      6.9627946    
  14060000   1.0062143      6.9777857      1.5092285      6.954047     
  14070000   1.0038792      6.9727197      1.5057261      6.947649     
  14080000   1.0022927      6.9946561      1.5033465      6.9697146    
  14090000   0.99982453     6.9978203      1.4996445      6.9734109    
  14100000   0.99506684     7.000653       1.4925084      6.9772074    
  14110000   0.99789719     6.9893753      1.4967537      6.9664035    
  14120000   0.99684834     6.9854395      1.4951805      6.9624947    
  14130000   1.0035985      6.9894309      1.5053051      6.9647643    
  14140000   1.0034271      6.9939305      1.505048       6.9722858    
  14150000   1.000518       6.9849829      1.5006847      6.9597125    
  14160000   1.0078167      6.9801626      1.511632       6.9560093    
  14170000   1.0026169      6.9850735      1.5038328      6.9621943    
  14180000   1.0055295      6.9855098      1.5082015      6.9598445    
  14190000   1.0159934      6.9745035      1.5238963      6.9514125    
  14200000   1.0049838      6.9903453      1.5073829      6.9655497    
  14210000   1.0095866      6.9842295      1.5142867      6.9594978    
  14220000   1.0027087      6.9897685      1.5039705      6.9657427    
  14230000   0.99951214     6.9785043      1.499176       6.9540273    
  14240000   0.99451375     6.9853242      1.4916788      6.9620699    
  14250000   0.99533966     6.9875421      1.4929176      6.9624851    
  14260000   1.0015224      6.9911236      1.5021911      6.9681166    
  14270000   1.0017574      6.9874038      1.5025436      6.9641299    
  14280000   0.99027794     6.9908524      1.4853255      6.9652988    
  14290000   0.99973852     6.9876524      1.4995155      6.9642349    
  14300000   0.99803406     6.9761573      1.496959       6.9513742    
  14310000   1.0022419      6.9762644      1.5032703      6.9535012    
  14320000   1.0118367      6.9860203      1.5176616      6.9633093    
  14330000   0.99329621     6.9842832      1.4898526      6.9608617    
  14340000   0.99253628     6.9890447      1.4887128      6.9648939    
  14350000   0.99629752     6.9801763      1.4943543      6.9548812    
  14360000   1.0025454      6.9800934      1.5037255      6.9576802    
  14370000   0.9992095      6.9806337      1.498722       6.956138     
  14380000   0.99136211     6.9916346      1.4869517      6.9677154    
  14390000   1.0015786      6.9864758      1.5022754      6.9636678    
  14400000   0.99876321     6.9815695      1.4980526      6.9600257    
  14410000   1.0037332      6.9878026      1.5055072      6.965456     
  14420000   0.99395313     6.9835665      1.490838       6.9599431    
  14430000   0.9856675      6.9904178      1.4784103      6.9667789    
  14440000   0.99005228     6.9905274      1.484987       6.9690931    
  14450000   1.0034949      6.98145        1.5051497      6.9599915    
  14460000   1.0002341      6.9939637      1.5002588      6.969843     
  14470000   0.99320149     6.988327       1.4897106      6.9636992    
  14480000   1.0076712      6.9800098      1.5114138      6.9558275    
  14490000   0.99154878     6.9734687      1.4872316      6.9495382    
  14500000   0.98886067     6.9866118      1.4831997      6.96013      
  14510000   0.9928542      6.9862572      1.4891897      6.9606918    
  14520000   0.99112024     6.9886636      1.4865889      6.964829     
  14530000   1.000628       6.9874135      1.5008496      6.9630445    
  14540000   1.0003564      6.9764995      1.5004423      6.9522605    
  14550000   0.99939316     6.9854893      1.4989975      6.9639575    
  14560000   0.99760548     6.9857176      1.4963161      6.9610657    
  14570000   0.99571031     6.9847134      1.4934736      6.9598344    
  14580000   1.0099875      6.9683817      1.514888       6.9443469    
  14590000   1.0030488      6.9719588      1.5044805      6.9481182    
  14600000   1.0013025      6.9939494      1.5018614      6.9708213    
  14610000   0.99829974     6.9920796      1.4973575      6.9683403    
  14620000   1.0057145      6.9899411      1.5084789      6.9660845    
  14630000   1.0045444      6.9838231      1.5067239      6.9600068    
  14640000   0.99672492     6.9750862      1.4949954      6.9505046    
  14650000   0.99980685     6.9843553      1.499618       6.9597295    
  14660000   1.0109985      6.9765914      1.5164044      6.9539273    
  14670000   1.0083957      6.995927       1.5125004      6.969588     
  14680000   0.99893284     6.9925674      1.4983071      6.9695938    
  14690000   0.99822283     6.9799263      1.4972421      6.9559272    
  14700000   1.000283       6.9683732      1.5003321      6.9471329    
  14710000   0.98910587     6.9875676      1.4835675      6.9629608    
  14720000   0.9984645      6.9790964      1.4976046      6.9548858    
  14730000   0.99774832     6.9833776      1.4965304      6.9595914    
  14740000   0.99601689     6.9886896      1.4939334      6.9625501    
  14750000   1.0103408      6.9854703      1.5154179      6.9617522    
  14760000   1.0087776      6.9865041      1.5130732      6.9625611    
  14770000   1.0054352      6.9838694      1.50806        6.959992     
  14780000   1.0051092      6.9753789      1.507571       6.9491046    
  14790000   0.99060015     6.9908127      1.4858088      6.9679289    
  14800000   0.9885559      6.9839802      1.4827426      6.9602532    
  14810000   0.99518961     6.9805246      1.4926926      6.9561887    
  14820000   0.99618904     6.9749752      1.4941916      6.9519782    
  14830000   0.99371379     6.984942       1.490479       6.9607674    
  14840000   1.007192       6.9759206      1.5106951      6.9530646    
  14850000   1.0005038      6.9817428      1.5006634      6.956849     
  14860000   0.99944458     6.9963019      1.4990746      6.9735248    
  14870000   1.0132806      6.9858912      1.5198274      6.9639938    
  14880000   1.0022426      6.9828239      1.5032714      6.9581234    
  14890000   0.99490014     6.9907349      1.4922584      6.9679903    
  14900000   1.0054272      6.9857575      1.508048       6.9620056    
  14910000   0.99422024     6.9907996      1.4912386      6.9652304    
  14920000   0.99562527     6.9771003      1.493346       6.9525095    
  14930000   0.9968129      6.9882525      1.4951273      6.9627262    
  14940000   1.0052174      6.9825866      1.5077333      6.9577078    
  14950000   1.0062267      6.9840526      1.5092471      6.9585236    
  14960000   1.0094142      6.982051       1.5140281      6.9565048    
  14970000   1.0052314      6.9781387      1.5077543      6.9546298    
  14980000   0.99211486     6.9681465      1.4880807      6.9445624    
  14990000   0.9898402      6.9776397      1.4846689      6.9550499    
  15000000   0.99116024     6.9748454      1.4866489      6.9515516    
  15010000   0.98858218     6.9821418      1.482782       6.9602792    
  15020000   1.0082052      6.9737403      1.5122147      6.950896     
  15030000   1.0020444      6.9766442      1.5029741      6.9537538    
  15040000   1.0030208      6.9824436      1.5044386      6.9580385    
  15050000   0.99947358     6.9891217      1.4991181      6.963478     
  15060000   1.0051146      6.9803915      1.5075791      6.9580014    
  15070000   1.0046754      6.9807041      1.5069204      6.9560572    
  15080000   0.99612715     6.9882679      1.4940988      6.9660463    
  15090000   0.99282509     6.9950125      1.489146       6.9705195    
  15100000   1.0011062      6.9831302      1.5015668      6.9582428    
  15110000   0.99702335     6.9856486      1.495443       6.9616605    
  15120000   0.99730244     6.9787746      1.4958616      6.9557103    
  15130000   1.0029141      6.9893284      1.5042786      6.963918     
  15140000   0.99404221     6.9854872      1.4909716      6.9632871    
  15150000   0.99904128     6.9704081      1.4984697      6.9445649    
  15160000   1.0055644      6.985986       1.5082538      6.9597679    
  15170000   0.99782693     6.9886287      1.4966483      6.9621545    
  15180000   0.9900931      6.9844039      1.4850483      6.9600251    
  15190000   1.002145       6.9765003      1.503125       6.9542156    
  15200000   0.99282936     6.9867289      1.4891524      6.9642535    
  15210000   1.0038135      6.9821288      1.5056276      6.9566105    
  15220000   1.0001062      6.9783316      1.500067       6.9543166    
  15230000   1.0019107      6.9731505      1.5027736      6.9505015    
  15240000   1.00056        6.9823264      1.5007476      6.9589206    
  15250000   1.000918       6.987412       1.5012846      6.9659225    
  15260000   1.0059957      6.9751983      1.5089007      6.9509552    
  15270000   0.99348522     6.9987388      1.4901361      6.9753438    
  15280000   0.99838478     6.9927659      1.497485       6.9691967    
  15290000   1.009356       6.9825818      1.5139408      6.9582546    
  15300000   1.007243       6.9887701      1.5107715      6.9656336    
  15310000   1.004438       6.9876078      1.5065643      6.96333      
  15320000   1.0018975      6.9896999      1.5027538      6.9660017    
  15330000   1.0030186      6.9759418      1.5044354      6.9516407    
  15340000   1.0018584      6.9902223      1.5026951      6.9659479    
  15350000   0.98220226     6.9843938      1.4732127      6.9591014    
  15360000   0.99521484     6.9825346      1.4927304      6.9600584    
  15370000   0.995817       6.9951256      1.4936336      6.9704292    
  15380000   1.0094221      6.985001       1.51404        6.9618428    
  15390000   1.003358       6.9877891      1.5049443      6.9626214    
  15400000   1.0018096      6.9890354      1.5026219      6.965311     
  15410000   0.99252854     7.0058135      1.4887012      6.9799205    
  15420000   0.99112313     6.9873462      1.4865932      6.9611046    
  15430000   0.99287745     6.977537       1.4892245      6.9535415    
  15440000   0.99298626     6.9917468      1.4893877      6.9664819    
  15450000   1.0037061      6.9739729      1.5054666      6.9487199    
  15460000   0.9981355      6.9830857      1.4971111      6.958335     
  15470000   1.0147105      6.9818611      1.5219722      6.9592449    
  15480000   0.99755887     6.9796763      1.4962462      6.9560023    
  15490000   1.0002527      6.9781976      1.5002867      6.9535796    
  15500000   0.99937657     6.98151        1.4989726      6.9557951    
  15510000   1.0038396      6.9791457      1.5056668      6.9557972    
  15520000   1.006285       6.9865411      1.5093347      6.9617412    
  15530000   1.0032992      6.9910979      1.5048562      6.9672618    
  15540000   0.99772081     6.9892392      1.4964891      6.9682812    
  15550000   0.99890432     6.9843084      1.4982643      6.9603236    
  15560000   1.0118917      6.9885508      1.5177441      6.9635737    
  15570000   1.0206794      6.9928031      1.5309249      6.9697511    
  15580000   1.0137915      6.9821763      1.5205936      6.9570709    
  15590000   1.0112746      6.9909653      1.5168186      6.9665165    
  15600000   1.0073506      6.9910147      1.5109329      6.9675992    
  15610000   0.99424624     6.9842129      1.4912776      6.9590639    
  15620000   1.0092335      6.9986915      1.5137571      6.9752185    
  15630000   0.99855491     7.0023594      1.4977402      6.9776546    
  15640000   0.99297581     6.9893501      1.4893721      6.9670647    
  15650000   0.99894365     6.9790098      1.4983233      6.9543882    
  15660000   0.99890623     6.9686035      1.4982671      6.9437857    
  15670000   0.99448464     6.9768005      1.4916352      6.9527375    
  15680000   0.99412302     6.9801724      1.4910928      6.9571425    
  15690000   0.99341841     6.9918065      1.4900359      6.9672523    
  15700000   1.0075921      6.9801932      1.5112951      6.9565438    
  15710000   1.0104283      6.9918809      1.5155491      6.9677793    
  15720000   1.0013073      6.9804303      1.5018685      6.9566134    
  15730000   1.0042828      6.9839971      1.5063315      6.9609999    
  15740000   0.99718322     6.9990841      1.4956828      6.9753202    
  15750000   1.0039902      6.9955012      1.5058926      6.9697119    
  15760000   1.0003248      6.9980688      1.5003948      6.9745542    
  15770000   0.99481402     6.9829147      1.4921292      6.9568527    
  15780000   0.9982769      6.9901136      1.4973232      6.9676001    
  15790000   1.0117328      6.9806407      1.5175058      6.9596252    
  15800000   1.0006238      6.9765234      1.5008433      6.9525882    
  15810000   1.0035331      6.9984275      1.505207       6.9734648    
  15820000   1.0135995      6.9857676      1.5203056      6.9610792    
  15830000   1.0033729      6.9867592      1.5049668      6.9626228    
  15840000   0.98738658     6.985191       1.4809887      6.9617769    
  15850000   1.0003175      6.988984       1.5003839      6.9649487    
  15860000   0.99360729     6.989899       1.4903192      6.9658631    
  15870000   1.0042731      6.9869914      1.5063169      6.9641816    
  15880000   0.99100481     6.9934944      1.4864157      6.9687397    
  15890000   0.99130917     6.9819986      1.4868723      6.9592378    
  15900000   0.98884444     6.9789755      1.4831754      6.9565669    
  15910000   0.99583995     6.9796948      1.493668       6.9542524    
  15920000   1.0028068      6.9826944      1.5041176      6.9607539    
  15930000   1.0034575      6.9913753      1.5050936      6.9664955    
  15940000   1.0025799      6.98756        1.5037773      6.9636396    
  15950000   1.0025207      6.9777265      1.5036885      6.9549345    
  15960000   0.99384554     6.9883653      1.4906766      6.9621796    
  15970000   0.99580054     6.9784429      1.4936089      6.9537841    
  15980000   1.0017981      6.9822311      1.5026047      6.9594524    
  15990000   1.0011089      6.9902969      1.501571       6.9689576    
  16000000   1.0000435      6.9861137      1.499973       6.9637597    
  16010000   1.0059662      6.9811206      1.5088565      6.9579626    
  16020000   1.0136785      6.9705748      1.5204242      6.9443943    
  16030000   1.0031856      6.971603       1.5046858      6.9452766    
  16040000   0.99530116     6.9830852      1.4928599      6.9590595    
  16050000   1.0003205      6.9898818      1.5003884      6.9655922    
  16060000   1.0072387      6.977251       1.5107651      6.9528392    
  16070000   0.99734139     6.9960477      1.49592        6.972039     
  16080000   1.0047134      6.9780027      1.5069774      6.9548061    
  16090000   0.99669888     6.9890787      1.4949563      6.9657407    
  16100000   1.000862       6.9775878      1.5012006      6.9530607    
  16110000   0.98565993     6.9801422      1.4783989      6.958248     
  16120000   0.99338362     6.9744203      1.4899837      6.9505547    
  16130000   1.0047229      6.9780633      1.5069916      6.9531744    
  16140000   1.0022953      6.9786905      1.5033504      6.9550153    
  16150000   1.0009612      6.9870413      1.5013494      6.9638867    
  16160000   0.99719186     6.9783879      1.4956958      6.9557338    
  16170000   0.99649333     6.984549       1.494648       6.9597256    
  16180000   0.98775026     6.9797717      1.4815342      6.9550509    
  16190000   0.99492279     6.9825708      1.4922924      6.9589391    
  16200000   1.0054138      6.9736325      1.5080278      6.9504331    
  16210000   0.99958613     6.9834801      1.4992869      6.9607875    
  16220000   0.99410585     6.9763564      1.491067       6.9525026    
  16230000   0.99536833     6.9873831      1.4929606      6.9622033    
  16240000   0.99818448     6.9881161      1.4971846      6.9634561    
  16250000   0.99718009     6.9851296      1.4956781      6.9599212    
  16260000   0.98696154     6.9877666      1.4803512      6.9621651    
  16270000   0.99422429     6.9864471      1.4912447      6.9609369    
  16280000   1.0082852      6.9839481      1.5123347      6.9611686    
  16290000   1.0035059      6.9860292      1.5051662      6.95904      
  16300000   1.010354       6.979781       1.5154378      6.9569497    
  16310000   1.0137527      6.9854718      1.5205355      6.9617058    
  16320000   1.0094989      6.9866965      1.5141552      6.9625963    
  16330000   0.99895239     6.9945407      1.4983364      6.9688113    
  16340000   1.0064132      6.9857849      1.5095269      6.9613866    
  16350000   1.009194       6.9885414      1.5136979      6.9628831    
  16360000   1.0013008      6.9780874      1.5018588      6.9546694    
  16370000   0.99633354     6.976404       1.4944083      6.9527527    
  16380000   1.0023902      6.9801248      1.5034928      6.9554319    
  16390000   1.0057677      6.9839906      1.5085588      6.9601517    
  16400000   0.99846163     6.9780588      1.4976003      6.9543028    
  16410000   1.0085481      6.9780179      1.512729       6.9557428    
  16420000   1.0063719      6.9889142      1.509465       6.9643198    
  16430000   0.99630391     6.9896402      1.4943639      6.9641588    
  16440000   1.0017279      6.9956089      1.5024994      6.9731255    
  16450000   1.0035249      6.9902235      1.5051948      6.9661356    
  16460000   0.99880389     6.9760602      1.4981136      6.9518472    
  16470000   0.99493515     6.9811346      1.4923109      6.9565888    
  16480000   1.0003167      6.9595181      1.5003827      6.9379263    
  16490000   0.99942075     6.974797       1.4990389      6.9493604    
  16500000   1.0062048      6.981202       1.5092144      6.9572727    
  16510000   0.9965422      6.9805017      1.4947213      6.9565047    
  16520000   1.0047785      6.9856787      1.507075       6.9621185    
  16530000   0.99884438     6.9832354      1.4981744      6.9584827    
  16540000   0.99908687     6.9878222      1.4985381      6.9646739    
  16550000   0.99304218     6.9842462      1.4894716      6.9595908    
  16560000   0.9955474      6.9951217      1.4932292      6.9708609    
  16570000   1.0031976      6.9718472      1.5047038      6.9471724    
  16580000   0.99877177     6.9819546      1.4980655      6.9580923    
  16590000   0.9937127      6.9892737      1.4904773      6.9657834    
  16600000   1.0003138      6.9896767      1.5003784      6.9649172    
  16610000   0.98966768     6.9890917      1.4844102      6.9650383    
  16620000   0.99509996     6.9880439      1.4925581      6.9660111    
  16630000   0.98772155     6.9803831      1.4814912      6.957633     
  16640000   0.99023033     6.9680141      1.4852541      6.9418972    
  16650000   1.0012602      6.9877651      1.5017979      6.9632615    
  16660000   0.99644214     6.9998352      1.4945712      6.9747152    
  16670000   1.0019786      6.9871306      1.5028754      6.9626179    
  16680000   0.99092645     6.97932        1.4862982      6.955299     
  16690000   0.99869449     6.9787292      1.4979496      6.9566533    
  16700000   0.9993158      6.9918429      1.4988815      6.9647143    
  16710000   0.99846389     6.9860407      1.4976037      6.9624826    
  16720000   1.0046107      6.992637       1.5068234      6.9691576    
  16730000   1.0128099      6.9821972      1.5191213      6.9575942    
  16740000   0.99771499     6.9841318      1.4964804      6.9603808    
  16750000   0.9969127      6.9830249      1.495277       6.9584616    
  16760000   0.98864868     6.9847922      1.4828818      6.9593522    
  16770000   0.99406741     6.9814332      1.4910094      6.9605853    
  16780000   1.0011826      6.9881646      1.5016814      6.9628863    
  16790000   0.9982402      6.9801368      1.4972682      6.9565477    
  16800000   0.99661281     6.9701347      1.4948272      6.9454663    
  16810000   0.99845855     6.9744816      1.4975957      6.9532308    
  16820000   1.0038567      6.9721675      1.5056923      6.9504427    
  16830000   0.99629381     6.9775662      1.4943488      6.9548463    
  16840000   0.99781318     6.9725047      1.4966277      6.9498927    
  16850000   1.0005309      6.9853424      1.500704       6.9629834    
  16860000   0.9961262      6.9933891      1.4940974      6.9680539    
  16870000   1.005051       6.9844394      1.5074837      6.9593737    
  16880000   1.0122734      6.9902619      1.5183167      6.9637902    
  16890000   0.99971624     6.9972469      1.4994821      6.9716817    
  16900000   0.9999825      6.9876863      1.4998814      6.9631217    
  16910000   1.0126095      6.976545       1.5188208      6.9520769    
  16920000   0.98915218     6.9811907      1.483637       6.9580299    
  16930000   0.99119642     6.9933131      1.4867031      6.9702998    
  16940000   1.0044663      6.9783271      1.5066067      6.9535084    
  16950000   1.0100643      6.9883767      1.5150032      6.9638024    
  16960000   1.0072354      6.9941931      1.5107601      6.9681725    
  16970000   1.0001853      6.9884016      1.5001856      6.9635752    
  16980000   1.0010833      6.9871507      1.5015325      6.9648273    
  16990000   1.0034505      6.9926256      1.5050831      6.9678203    
  17000000   1.0018399      6.9911806      1.5026674      6.9662692    
  17010000   0.99270494     6.990605       1.4889658      6.9658023    
  17020000   0.99618632     6.9823873      1.4941875      6.9586614    
  17030000   1.0063572      6.9855254      1.5094428      6.9613008    
  17040000   0.99993228     6.9874421      1.4998061      6.9638879    
  17050000   0.99593112     6.9792031      1.4938048      6.9573091    
  17060000   0.99774329     6.9746669      1.4965228      6.9499343    
  17070000   1.0029408      6.983142       1.5043186      6.9581699    
  17080000   1.0022427      6.9842802      1.5032715      6.9612387    
  17090000   1.0018657      6.9848017      1.5027061      6.9598472    
  17100000   0.99888695     6.9840058      1.4982382      6.9610751    
  17110000   0.99589712     6.9980493      1.4937538      6.9733992    
  17120000   1.0030499      6.9709531      1.5044823      6.9472789    
  17130000   0.99005002     6.9862933      1.4849836      6.9623776    
  17140000   1.0041591      6.9658401      1.5061459      6.9415094    
  17150000   0.99970547     6.9868851      1.4994659      6.960417     
  17160000   1.0034265      6.9821667      1.5050471      6.9575728    
  17170000   0.99983881     6.9818405      1.4996659      6.9590113    
  17180000   1.0020942      6.9718446      1.5030488      6.9502924    
  17190000   1.002525       6.9815949      1.5036949      6.9558071    
  17200000   0.99656578     6.9890333      1.4947567      6.9662725    
  17210000   0.99778795     6.9794051      1.4965898      6.9553366    
  17220000   1.0028919      6.9840066      1.5042453      6.9588407    
  17230000   1.0081419      6.9896223      1.5121198      6.9651962    
  17240000   1.0022313      6.9848633      1.5032545      6.9615885    
  17250000   0.99586156     6.9919648      1.4937004      6.9669177    
  17260000   0.99435176     6.9863601      1.4914359      6.9626538    
  17270000   1.0021716      6.9839509      1.503165       6.959668     
  17280000   0.99836571     6.9747405      1.4974564      6.9501731    
  17290000   0.99986352     6.982219       1.499703       6.9571081    
  17300000   0.99891184     6.9927468      1.4982756      6.9675143    
  17310000   0.99632975     6.9931833      1.4944027      6.9682194    
  17320000   0.99636131     6.9945706      1.49445        6.9702203    
  17330000   1.0008251      6.9842091      1.5011453      6.9592363    
  17340000   0.99683946     6.9853786      1.4951672      6.9618326    
  17350000   0.99038525     6.9759357      1.4854865      6.9518376    
  17360000   0.99153916     6.9792963      1.4872172      6.9566766    
  17370000   0.99850321     6.9726974      1.4976626      6.9491785    
  17380000   1.0042023      6.9775222      1.5062107      6.9550094    
  17390000   1.0013373      6.9752275      1.5019136      6.9513946    
  17400000   1.0083693      6.9816785      1.5124609      6.9577276    
  17410000   1.0062749      6.9959877      1.5093194      6.9702432    
  17420000   1.005059       7.0047614      1.5074957      6.9798383    
  17430000   0.99426409     6.9897372      1.4913044      6.965674     
  17440000   0.99734172     6.9948638      1.4959205      6.969086     
  17450000   1.0099637      6.9737146      1.5148523      6.9508727    
  17460000   0.98571575     6.9843772      1.4784826      6.9616919    
  17470000   0.99241399     6.9884038      1.4885294      6.963916     
  17480000   0.99085836     6.9799297      1.4861961      6.9572254    
  17490000   1.0009515      6.9763413      1.5013348      6.9519399    
  17500000   1.002288       6.9902023      1.5033395      6.9652852    
  17510000   1.0124236      6.9879464      1.518542       6.9613646    
  17520000   1.000899       6.9854345      1.5012562      6.9636971    
  17530000   1.0063439      6.9919243      1.5094229      6.9678262    
  17540000   1.0123346      6.9868237      1.5184085      6.9614877    
  17550000   1.0065616      6.9873673      1.5097495      6.9631532    
  17560000   1.0091947      6.9813592      1.5136989      6.9579305    
  17570000   1.0042901      6.9874545      1.5063425      6.9645078    
  17580000   1.0001289      6.9871016      1.5001011      6.964519     
  17590000   0.99940938     6.9801155      1.4990218      6.9573777    
  17600000   0.99546035     6.9736345      1.4930986      6.9508938    
  17610000   0.99276379     6.9849626      1.4890541      6.9604958    
  17620000   0.99024419     6.9792453      1.4852749      6.9543226    
  17630000   0.99356126     6.9805949      1.4902502      6.9571775    
  17640000   0.98629095     6.994785       1.4793454      6.9700325    
  17650000   0.99315581     6.9817832      1.489642       6.9595043    
  17660000   0.99435813     6.9778227      1.4914454      6.9535054    
  17670000   1.0067191      6.9766025      1.5099857      6.9538775    
  17680000   1.0002766      6.985627       1.5003226      6.9591199    
  17690000   0.99791653     6.9868661      1.4967827      6.9621374    
  17700000   1.0003334      6.9796572      1.5004078      6.9557716    
  17710000   0.99532966     6.9934121      1.4929026      6.9682398    
  17720000   0.99691943     6.9957971      1.4952871      6.9714891    
  17730000   0.99631344     6.9869976      1.4943782      6.9636955    
  17740000   1.0005654      6.9734142      1.5007557      6.9480064    
  17750000   0.99689147     6.9835539      1.4952452      6.9587556    
  17760000   1.0099686      6.9861293      1.5148597      6.9616957    
  17770000   0.99863771     6.971513       1.4978644      6.945986     
  17780000   0.99939738     6.9800705      1.4990038      6.9584868    
  17790000   1.0000011      6.9825711      1.4999094      6.9586944    
  17800000   0.99513223     6.9939155      1.4926065      6.9668769    
  17810000   1.0041265      6.9874274      1.5060971      6.9622028    
  17820000   1.0013395      6.9951109      1.5019168      6.9715519    
  17830000   0.99881604     6.9943222      1.4981319      6.9693868    
  17840000   0.98991937     6.9833953      1.4847877      6.958285     
  17850000   0.98763528     6.9830286      1.4813618      6.9590855    
  17860000   0.99480123     6.9818463      1.49211        6.9560408    
  17870000   1.0009605      6.979959       1.5013484      6.954279     
  17880000   0.99931874     6.984902       1.4988859      6.9615158    
  17890000   0.99548054     6.994089       1.4931289      6.9696313    
  17900000   0.99416598     6.9792132      1.4911572      6.9553057    
  17910000   0.99443527     6.9798592      1.4915611      6.953846     
  17920000   1.0070981      6.9802613      1.5105541      6.9565417    
  17930000   1.0076242      6.9877957      1.5113433      6.9629293    
  17940000   0.99513365     6.9928964      1.4926086      6.9676296    
  17950000   1.0072174      6.9720584      1.5107331      6.9498919    
  17960000   1.0019077      6.9816389      1.5027691      6.9569398    
  17970000   0.99884162     6.9809782      1.4981702      6.9577701    
  17980000   0.99360432     6.9778705      1.4903148      6.9529868    
  17990000   0.99361031     6.9762039      1.4903238      6.951415     
  18000000   1.0071343      6.9737108      1.5106086      6.9481845    
  18010000   1.0042341      6.9826279      1.5062585      6.9576462    
  18020000   1.0018543      6.9800608      1.5026889      6.9554367    
  18030000   1.0011551      6.9759582      1.5016403      6.9528244    
  18040000   1.0002482      6.9895756      1.50028        6.9658014    
  18050000   0.98837819     6.9777179      1.482476       6.9543369    
  18060000   1.0003326      6.9795898      1.5004065      6.9566536    
  18070000   0.99925534     6.9731332      1.4987908      6.9494902    
  18080000   1.0030409      6.9837205      1.5044688      6.9603625    
  18090000   0.9858723      6.9924347      1.4787175      6.9681802    
  18100000   0.98993167     6.9784026      1.4848061      6.9537364    
  18110000   0.98912776     6.9776774      1.4836003      6.9521973    
  18120000   0.99953136     6.9777854      1.4992048      6.9544624    
  18130000   0.99309907     6.9723567      1.4895569      6.9504554    
  18140000   0.99097385     6.9817686      1.4863693      6.9574203    
  18150000   0.99941415     6.9826935      1.499029       6.9597542    
  18160000   1.0097162      6.983961       1.5144811      6.9597062    
  18170000   0.99249374     6.981481       1.488649       6.956667     
  18180000   0.99098472     6.9861785      1.4863856      6.9609643    
  18190000   1.0034887      6.99362        1.5051405      6.9706828    
  18200000   1.006354       6.9908139      1.5094382      6.9662362    
  18210000   1.0117553      6.9855821      1.5175395      6.9607885    
  18220000   1.0082256      6.9876914      1.5122453      6.9656703    
  18230000   1.0029249      6.9880155      1.5042948      6.9651491    
  18240000   1.0134468      6.9861585      1.5200766      6.9619809    
  18250000   0.9898402      6.98621        1.4846689      6.9630848    
  18260000   1.0000097      6.9807369      1.4999222      6.9568092    
  18270000   0.99781537     6.9852732      1.496631       6.9618853    
  18280000   0.99902233     6.9925422      1.4984413      6.9695513    
  18290000   1.0032657      6.985418       1.504806       6.9618042    
  18300000   1.0052092      6.9882688      1.507721       6.9611253    
  18310000   1.0025227      6.9825127      1.5036916      6.9598423    
  18320000   1.0048895      6.9811472      1.5072414      6.9577969    
  18330000   1.0109618      6.9841377      1.5163494      6.9595166    
  18340000   1.0060437      6.9955349      1.5089726      6.9728391    
  18350000   1.0177479      6.9767416      1.5265279      6.9522104    
  18360000   1.0020991      6.9922291      1.5030561      6.9660011    
  18370000   1.0042242      7.000029       1.5062436      6.9743052    
  18380000   1.0052398      6.9884992      1.5077669      6.9635521    
  18390000   0.99816471     6.991922       1.4971549      6.9667124    
  18400000   0.99845541     6.9872375      1.497591       6.9650188    
  18410000   0.99216614     6.9830953      1.4881576      6.9580733    
  18420000   0.98774528     6.9759575      1.4815267      6.9526979    
  18430000   0.98435548     6.9757188      1.4764424      6.9522229    
  18440000   0.99136658     6.980274       1.4869584      6.9559249    
  18450000   1.0017619      6.9851742      1.5025503      6.9608241    
  18460000   0.99657121     6.9827767      1.4947648      6.9600245    
  18470000   1.0031216      6.9924854      1.5045898      6.967297     
  18480000   1.0102387      6.984356       1.5152649      6.9605816    
  18490000   1.0057124      6.9880518      1.5084757      6.9623122    
  18500000   0.99284143     6.9902068      1.4891705      6.9657704    
  18510000   0.98760115     6.991442       1.4813106      6.9662929    
  18520000   0.99616672     6.9856425      1.4941581      6.9618061    
  18530000   0.99591922     6.9802209      1.4937869      6.9570715    
  18540000   0.99799511     6.9892661      1.4969005      6.9642225    
  18550000   0.99606782     6.9897185      1.4940098      6.9629457    
  18560000   0.99864352     6.9896534      1.4978731      6.9657952    
  18570000   0.99523681     6.9858739      1.4927634      6.9614255    
  18580000   0.99531972     6.9890996      1.4928877      6.9666033    
  18590000   1.0014977      6.9950088      1.5021541      6.9695043    
  18600000   1.0016884      6.9907716      1.5024401      6.9660782    
  18610000   1.002213       6.9906765      1.5032271      6.9680895    
  18620000   1.0033993      6.9806112      1.5050063      6.9550886    
  18630000   1.010125       6.9728189      1.5150942      6.9483892    
  18640000   0.99703289     6.9844188      1.4954573      6.9608456    
  18650000   0.99930692     6.9878736      1.4988681      6.9619808    
  18660000   0.99077461     6.9906544      1.4860705      6.9674329    
  18670000   0.99975253     6.9936811      1.4995365      6.9708815    
  18680000   0.99507788     6.9949205      1.492525       6.9729754    
  18690000   0.9989325      6.9845953      1.4983065      6.9619061    
  18700000   1.0095232      6.9835052      1.5141916      6.9605277    
  18710000   1.0007983      6.9872974      1.5011051      6.9625284    
  18720000   1.0106586      6.984452       1.5158946      6.9622184    
  18730000   1.0103319      6.980491       1.5154046      6.9547856    
  18740000   1.0032811      6.9750556      1.504829       6.9518687    
  18750000   0.98952581     6.9891148      1.4841974      6.9646496    
  18760000   0.98799949     6.9837121      1.481908       6.9595144    
  18770000   1.0056524      6.9846648      1.5083858      6.9622911    
  18780000   0.99916157     6.9896153      1.4986501      6.9674381    
  18790000   1.0063673      6.9853808      1.509458       6.9645212    
  18800000   1.0049434      6.9890183      1.5073223      6.9636589    
  18810000   0.99753715     6.9766068      1.4962137      6.9520082    
  18820000   0.99284999     6.9717212      1.4891834      6.9497439    
  18830000   0.99243635     6.972278       1.4885629      6.9503212    
  18840000   0.99037328     6.9740744      1.4854685      6.9483046    
  18850000   0.98552888     6.9812415      1.4782024      6.9558265    
  18860000   0.99183047     6.9923722      1.4876542      6.9687408    
  18870000   0.99825518     6.9881864      1.4972906      6.96295      
  18880000   1.0011354      6.9712081      1.5016106      6.9489121    
  18890000   0.99033603     6.9873585      1.4854126      6.9638253    
  18900000   0.98939926     6.9819406      1.4840076      6.9587618    
  18910000   1.0013605      6.9861916      1.5019484      6.9617894    
  18920000   0.99609143     6.9892736      1.4940452      6.9655841    
  18930000   0.99936976     6.9782423      1.4989624      6.9524704    
  18940000   1.0011074      6.9901016      1.5015686      6.9665007    
  18950000   0.9923294      6.9881793      1.4884025      6.9640002    
  18960000   1.005132       6.9887571      1.5076052      6.9645804    
  18970000   0.99279919     6.9982721      1.4891071      6.9751928    
  18980000   0.99781249     6.985016       1.4966266      6.9592904    
  18990000   0.99563991     6.9858114      1.493368       6.9608866    
  19000000   0.99450625     6.9953219      1.4916676      6.9709387    
  19010000   1.0011969      6.9944115      1.501703       6.9702731    
  19020000   1.0113581      6.9867377      1.5169438      6.9625051    
  19030000   1.0026277      6.980139       1.503849       6.9575333    
  19040000   0.99516037     6.9736338      1.4926487      6.9512626    
  19050000   1.0000735      6.9822802      1.5000179      6.9591613    
  19060000   0.99471652     6.9835104      1.491983       6.9582865    
  19070000   0.99836706     6.9862073      1.4974584      6.9634238    
  19080000   0.9972121      6.984193       1.4957261      6.960839     
  19090000   0.99822902     6.9798046      1.4972514      6.9534582    
  19100000   0.99914448     6.9883976      1.4986245      6.9628662    
  19110000   0.995613       6.9825059      1.4933276      6.9575432    
  19120000   0.99545961     6.9747567      1.4930975      6.9512422    
  19130000   0.99118826     6.97691        1.4866909      6.9523793    
  19140000   0.99664089     6.9835686      1.4948694      6.9585729    
  19150000   1.0002955      6.9920104      1.500351       6.9673529    
  19160000   1.0084         6.9874006      1.5125069      6.9622315    
  19170000   1.0052507      6.9834105      1.5077833      6.9588349    
  19180000   1.0099656      6.9871654      1.5148552      6.961271     
  19190000   0.99979849     6.9868137      1.4996054      6.9629938    
  19200000   1.0014334      6.9798385      1.5020577      6.9570075    
  19210000   1.0012333      6.9923204      1.5017576      6.9673865    
  19220000   0.99913759     6.9898199      1.4986142      6.9666663    
  19230000   0.99266977     6.9904198      1.488913       6.966855     
  19240000   1.0007785      6.9879177      1.5010754      6.9619017    
  19250000   0.99330649     6.9830137      1.4898681      6.9580587    
  19260000   0.98887553     6.9765847      1.483222       6.9539876    
  19270000   0.99060123     6.9802967      1.4858104      6.9565581    
  19280000   0.99351169     6.9754426      1.4901758      6.9498728    
  19290000   0.99758797     6.9834082      1.4962899      6.9598254    
  19300000   1.0031405      6.9733067      1.5046181      6.9489587    
  19310000   1.0012122      6.9757235      1.5017258      6.9521603    
  19320000   1.0006469      6.9807922      1.500878       6.9553398    
  19330000   1.000668       6.9792385      1.5009097      6.9566687    
  19340000   0.99831552     6.9790396      1.4973811      6.9551961    
  19350000   0.99876634     6.9818559      1.4980573      6.955482     
  19360000   0.99733137     6.9894024      1.495905       6.9659427    
  19370000   1.0055393      6.9870722      1.5082161      6.961059     
  19380000   0.99872043     6.9865585      1.4979885      6.9632059    
  19390000   1.0036998      6.9801218      1.505457       6.9565827    
  19400000   1.0026387      6.9896077      1.5038655      6.9642232    
  19410000   1.0002276      6.992503       1.5002491      6.9696012    
  19420000   1.0008828      6.9865924      1.5012318      6.9615126    
  19430000   0.99976578     6.9847191      1.4995564      6.9603733    
  19440000   0.9941277      6.984485       1.4910998      6.9599441    
  19450000   1.0029565      6.9769618      1.5043422      6.9494012    
  19460000   0.99622592     6.9961159      1.4942469      6.9699594    
  19470000   0.99472999     6.9854798      1.4920032      6.9601917    
  19480000   1.0055887      6.991019       1.5082902      6.9686702    
  19490000   1.0095609      6.9898137      1.5142482      6.9657407    
  19500000   1.0074219      6.9844582      1.5110398      6.9627006    
  19510000   1.0073629      6.9805059      1.5109514      6.9570045    
  19520000   1.0116649      6.9852739      1.517404       6.9626208    
  19530000   1.0102958      6.9860626      1.5153504      6.9616795    
  19540000   1.0012711      6.9869411      1.5018142      6.9628721    
  19550000   1.0005504      6.9826846      1.5007333      6.958653     
  19560000   0.99922442     6.9803959      1.4987444      6.9578689    
  19570000   0.99103272     6.986976       1.4864576      6.9626942    
  19580000   1.0008745      6.9825892      1.5012194      6.9587247    
  19590000   0.99493964     6.9887965      1.4923176      6.9647641    
  19600000   0.99268475     6.9800303      1.4889355      6.9581872    
  19610000   0.99371183     6.9555325      1.490476       6.9304483    
  19620000   0.98537864     6.9711835      1.477977       6.9465201    
  19630000   0.99067616     6.9756212      1.4859228      6.9516569    
  19640000   0.99320884     6.9753463      1.4897216      6.9519508    
  19650000   0.98433575     6.9811198      1.4764128      6.9558122    
  19660000   0.98565056     6.9868533      1.4783849      6.9638653    
  19670000   0.99919448     6.9818924      1.4986995      6.9576523    
  19680000   0.99186181     6.9853996      1.4877012      6.963174     
  19690000   0.98829365     6.9862012      1.4823492      6.9604275    
  19700000   1.0044047      6.9872527      1.5065143      6.9620485    
  19710000   1.0029177      6.9938008      1.5042839      6.9714477    
  19720000   0.99854045     6.9817322      1.4977185      6.9564999    
  19730000   1.0067145      6.9788582      1.5099788      6.9536925    
  19740000   0.99605459     6.9929567      1.4939899      6.9682452    
  19750000   0.99934317     6.9856615      1.4989225      6.9596827    
  19760000   0.99851927     6.9877953      1.4976867      6.9638676    
  19770000   1.000874       6.976591       1.5012185      6.9513321    
  19780000   1.014392       6.9870179      1.5214944      6.9611243    
  19790000   0.99533147     6.9967283      1.4929053      6.9734825    
  19800000   0.99754918     6.9886326      1.4962317      6.9630006    
  19810000   0.99441758     6.9772465      1.4915346      6.9545882    
  19820000   0.99152973     6.9943469      1.4872031      6.9701138    
  19830000   1.0045682      6.9847387      1.5067595      6.960254     
  19840000   1.0033006      6.9923535      1.5048583      6.9683105    
  19850000   1.0012316      6.993261       1.501755       6.9684936    
  19860000   1.0048312      6.9826578      1.507154       6.9591276    
  19870000   1.0011066      7.0027009      1.5015675      6.9756208    
  19880000   1.0013964      6.9856747      1.5020022      6.9610716    
  19890000   0.99923637     6.9809511      1.4987623      6.9586053    
  19900000   1.008098       6.9764776      1.512054       6.952223     
  19910000   0.99694666     6.9863615      1.495328       6.9630679    
  19920000   0.99416801     6.9803125      1.4911602      6.9523874    
  19930000   1.0004027      6.9769519      1.5005118      6.9527898    
  19940000   0.9923087      6.9916415      1.4883715      6.9674291    
  19950000   0.99182742     6.9806279      1.4876496      6.9564167    
  19960000   1.0032477      6.9649593      1.5047789      6.9399364    
  19970000   0.99887369     6.9839245      1.4982183      6.9620801    
  19980000   0.99707752     6.9821953      1.4955243      6.9592607    
  19990000   0.9996052      6.9812162      1.4993155      6.9576467    
  20000000   0.98791232     6.9748145      1.4817773      6.9518069    
  20010000   0.99153883     6.9719992      1.4872167      6.9472198    
  20020000   0.99511001     6.9810815      1.4925732      6.955262     
  20030000   1.0002423      6.9844076      1.5002712      6.9605175    
  20040000   0.99367354     6.9785042      1.4904186      6.9540929    
  20050000   0.99009038     6.9802769      1.4850442      6.9571672    
  20060000   0.99077735     6.9862002      1.4860746      6.9603492    
  20070000   0.99141765     6.988662       1.487035       6.9647678    
  20080000   0.99377297     6.980802       1.4905677      6.9558414    
  20090000   1.0004872      6.9938599      1.5006385      6.9684395    
  20100000   0.98484158     6.9842282      1.4771715      6.9599909    
  20110000   0.99451418     6.9796117      1.4916795      6.9565841    
Loop time of 41269.5 on 1 procs for 20000000 steps with 16251 atoms

Performance: 209355.688 tau/day, 484.620 timesteps/s
99.3% CPU use with 1 MPI tasks x 1 OpenMP threads

MPI task timing breakdown:
Section |  min time  |  avg time  |  max time  |%varavg| %total
---------------------------------------------------------------
Pair    | 3644.6     | 3644.6     | 3644.6     |   0.0 |  8.83
Bond    | 4200.7     | 4200.7     | 4200.7     |   0.0 | 10.18
Neigh   | 16685      | 16685      | 16685      |   0.0 | 40.43
Comm    | 1052.9     | 1052.9     | 1052.9     |   0.0 |  2.55
Output  | 10.535     | 10.535     | 10.535     |   0.0 |  0.03
Modify  | 14953      | 14953      | 14953      |   0.0 | 36.23
Other   |            | 723.3      |            |       |  1.75

Nlocal:          16251 ave       16251 max       16251 min
Histogram: 1 0 0 0 0 0 0 0 0 0
Nghost:           5223 ave        5223 max        5223 min
Histogram: 1 0 0 0 0 0 0 0 0 0
Neighs:          11516 ave       11516 max       11516 min
Histogram: 1 0 0 0 0 0 0 0 0 0

Total # of neighbors = 11516
Ave neighs/atom = 0.70863331
Ave special neighs/atom = 1.9198819
Neighbor list builds = 1803949
Dangerous builds = 297186


write_data data*.xyz
System init for write_data ...
Generated 0 of 1 mixed pair_coeff terms from geometric mixing rule
WARNING: Not all mixed pair coeffs generated from mixing. Use write_data with 'pair ij' option to store all pair coeffs. (src/write_data.cpp:309)
write_restart 	restart.polymer_ring
System init for write_restart ...
Generated 0 of 1 mixed pair_coeff terms from geometric mixing rule

print "ALL done"
ALL done
Total wall time: 11:28:00
