pair_style lj/cut 4.0
pair_modify shift yes

read_restart prod.restart1
Reading restart file ...
  restart file = 23 Jun 2022, LAMMPS = 23 Jun 2022
  restoring atom style bond from restart
  orthogonal box = (-30 -30 -35) to (30 30 35)
  1 by 1 by 1 MPI processor grid
  restoring pair style lj/cut from restart
  restoring bond style fene from restart
  16250 atoms
  15600 bonds
Finding 1-2 1-3 1-4 neighbors ...
  special bond factors lj:    0        1        1       
  special bond factors coul:  0        1        1       
     2 = max # of 1-2 neighbors
     6 = max # of special neighbors
  special bonds CPU = 0.003 seconds
  read_restart CPU = 0.034 seconds
bond_style fene
special_bonds fene

bond_coeff 1 10.0 2.0 1.0 1.0
group polymer type 1
16250 atoms in group polymer

pair_coeff	1 1 0.5 1.0 2.5
pair_coeff 	1 2 50.0 1.0 4.0
pair_coeff	2 2 1.0 1.0 1.1225


neighbor       0.5 bin

region upper_box block -30 30 -30 30 32.2 34.8
create_atoms 2 random 20 998273 upper_box
Created 20 atoms
  using lattice units in orthogonal box = (-30 -30 -35) to (30 30 35)
  create_atoms CPU = 0.000 seconds


group ligand type 2
20 atoms in group ligand

fix 1 polymer wall/lj126 zlo -32 1.0 1.0 1.1225 zhi 32 1.0 1.0 1.1225
fix 2 ligand wall/lj126 zlo 32 1.0 1.0 1.1225 zhi 35 1.0 1.0 1.1225

#minimize 1.0e-4 1.0e-6 100 1000

fix 3 all nve/limit 0.01
run 10000
Generated 0 of 1 mixed pair_coeff terms from geometric mixing rule
Neighbor list info ...
  update every 1 steps, delay 10 steps, check yes
  max neighbors/atom: 2000, page size: 100000
  master list distance cutoff = 4.5
  ghost atom cutoff = 4.5
  binsize = 2.25, bins = 27 27 32
  1 neighbor lists, perpetual/occasional/extra = 1 0 0
  (1) pair lj/cut, perpetual
      attributes: half, newton on
      pair build: half/bin/newton
      stencil: half/bin/3d
      bin: standard
Per MPI rank memory allocation (min/avg/max) = 13.17 | 13.17 | 13.17 Mbytes
   Step          Temp          E_pair         E_mol          TotEng         Press     
    100000   0.99616196     3.3691966      7.4461906      12.309538      2.8742009    
    110000   0.23777989    -2.3906804      6.4645781      4.4305456      0.00029549671
Loop time of 122.168 on 1 procs for 10000 steps with 16270 atoms

Performance: 35361.192 tau/day, 81.855 timesteps/s
99.8% CPU use with 1 MPI tasks x 1 OpenMP threads

MPI task timing breakdown:
Section |  min time  |  avg time  |  max time  |%varavg| %total
---------------------------------------------------------------
Pair    | 94.662     | 94.662     | 94.662     |   0.0 | 77.49
Bond    | 3.465      | 3.465      | 3.465      |   0.0 |  2.84
Neigh   | 20.364     | 20.364     | 20.364     |   0.0 | 16.67
Comm    | 0.47447    | 0.47447    | 0.47447    |   0.0 |  0.39
Output  | 9.5198e-05 | 9.5198e-05 | 9.5198e-05 |   0.0 |  0.00
Modify  | 2.5799     | 2.5799     | 2.5799     |   0.0 |  2.11
Other   |            | 0.6228     |            |       |  0.51

Nlocal:          16270 ave       16270 max       16270 min
Histogram: 1 0 0 0 0 0 0 0 0 0
Nghost:           3296 ave        3296 max        3296 min
Histogram: 1 0 0 0 0 0 0 0 0 0
Neighs:         740267 ave      740267 max      740267 min
Histogram: 1 0 0 0 0 0 0 0 0 0

Total # of neighbors = 740267
Ave neighs/atom = 45.498894
Ave special neighs/atom = 1.9176398
Neighbor list builds = 384
Dangerous builds = 0
unfix 3

fix 3 all nve
fix		4 all langevin 1 1 100.0 90428

thermo_style	custom step temp pe ke ebond
thermo_modify flush yes
thermo          10000

timestep	0.005

dump 1 all custom 50000 file_trajectory.bin id type x y z xu yu zu vx vy vz

restart 100000  prod.restart2 prod.restart3

run 20000000
Generated 0 of 1 mixed pair_coeff terms from geometric mixing rule
Per MPI rank memory allocation (min/avg/max) = 13.48 | 13.48 | 13.48 Mbytes
   Step          Temp          PotEng         KinEng         E_bond    
    110000   0.23777989     4.0738977      0.35664792     6.4645781         120000   0.48177237     4.6629919      0.72261414     6.5857226         130000   0.64690995     5.0629178      0.97030528     6.6819307         140000   0.76674554     5.3322209      1.1500476      6.7505207         150000   0.83951201     5.5249706      1.2591906      6.7949554         160000   0.89125525     5.6396587      1.3368007      6.8218401         170000   0.92520325     5.7428969      1.3877196      6.8562144         180000   0.94144292     5.7988144      1.4120776      6.8707528         190000   0.96733112     5.8382147      1.4509075      6.8760282         200000   0.97770659     5.891523       1.4664697      6.8978053         210000   0.97532718     5.9263776      1.4629008      6.9034179         220000   0.98528518     5.9399604      1.4778369      6.906641          230000   0.9960666      5.9642213      1.4940081      6.9061509         240000   1.0003817      5.9756656      1.5004803      6.9100723         250000   1.0042327      5.97527        1.5062565      6.9175707         260000   1.0027647      5.9824715      1.5040546      6.9149693         270000   0.9977158      6.0042436      1.4964817      6.9267136         280000   1.0028925      5.9976318      1.5042462      6.9265043         290000   0.99629388     6.003071       1.494349       6.9229341         300000   0.98826689     6.0054324      1.4823092      6.9229285         310000   0.98841685     6.0034022      1.4825341      6.9180372         320000   0.99045955     6.0019984      1.485598       6.9071212         330000   0.99615076     6.0016819      1.4941343      6.914409          340000   1.0070353      6.0002995      1.5104601      6.9126518         350000   1.0017836      6.0125146      1.502583       6.9166476         360000   1.0106276      6.0005435      1.5158483      6.9117319         370000   1.0122915      5.9893385      1.518344       6.9139643         380000   0.9989117      6.0101857      1.4982755      6.9137076         390000   1.0013733      6.0119215      1.5019676      6.9235678         400000   1.0025072      5.9941877      1.5036684      6.9204382         410000   0.99598092     5.9967044      1.4938796      6.9207155         420000   0.99917761     6.0095654      1.4986743      6.9145959         430000   0.99766707     6.012964       1.4964086      6.921             440000   0.99556109     6.0023162      1.4932499      6.9102665         450000   1.0002553      5.9965721      1.5002908      6.9139418         460000   0.99381447     5.9955425      1.4906301      6.9043569         470000   0.99922075     6.0039889      1.498739       6.920245          480000   0.99590844     6.0045951      1.4937708      6.9160321         490000   0.99555129     6.0151345      1.4932352      6.9114719         500000   1.0044879      6.0168076      1.5066392      6.921294          510000   1.0095832      6.015263       1.5142818      6.9253116         520000   1.0102765      5.9990374      1.5153217      6.9184556         530000   1.0063039      6.0089413      1.509363       6.9158693         540000   0.99254499     6.0406901      1.488726       6.9294868         550000   1.006132       5.997262       1.5091052      6.9170928         560000   0.99560703     6.0120075      1.4933187      6.9177237         570000   0.99837073     6.0007972      1.497464       6.9225751         580000   0.9989976      5.9975691      1.4984043      6.9122931         590000   0.99348699     6.0011119      1.4901389      6.9238662         600000   1.0014226      5.9829829      1.5020415      6.9165813         610000   0.99207549     5.9917879      1.4880218      6.9257322         620000   0.99720071     5.9942897      1.4957091      6.9183604         630000   0.99448935     6.0058644      1.4916423      6.925471          640000   1.0039603      5.9962958      1.5058479      6.9195668         650000   0.99605559     5.9890163      1.4939915      6.9100838         660000   1.0007469      5.9909611      1.5010282      6.9191307         670000   1.0038212      6.0071093      1.5056393      6.921911          680000   0.99884403     6.0096724      1.498174       6.9159726         690000   1.0045309      6.0108771      1.5067038      6.9243433         700000   0.99046473     6.012475       1.4856058      6.9175107         710000   1.0055102      6.0076272      1.5081726      6.9164587         720000   1.0088682      6.0111674      1.5132092      6.920803          730000   1.007892       6.0259785      1.511745       6.9258257         740000   0.9989479      6.0283882      1.4983297      6.9318051         750000   1.0074423      6.0172456      1.5110706      6.9270339         760000   1.0008434      6.0289328      1.5011728      6.9266294         770000   0.9992997      6.023324       1.4988574      6.9237082         780000   0.99797755     6.0243786      1.4968743      6.9281195         790000   1.0031221      6.0077757      1.5045907      6.9284707         800000   0.9997691      6.0152498      1.4995615      6.9179838         810000   0.99802332     5.989207       1.496943       6.9133018         820000   1.002543       5.993045       1.5037221      6.9117387         830000   1.0025356      5.9974697      1.503711       6.9170922         840000   0.99714788     6.0060594      1.4956299      6.9255504         850000   0.98821944     6.0092623      1.4822381      6.9218397         860000   0.98915375     6.0049912      1.4836394      6.9171892         870000   0.99169949     5.9913413      1.4874578      6.9114059         880000   0.99960516     5.9750324      1.4993156      6.9141559         890000   0.99550475     6.0203003      1.4931654      6.9154977         900000   0.99145753     6.0254215      1.4870949      6.9259187         910000   0.99228343     6.0078771      1.4883337      6.9201242         920000   0.99880807     5.9906257      1.49812        6.9177533         930000   0.99943707     5.9933646      1.4990635      6.9121743         940000   0.98634848     5.9979313      1.4794318      6.924369          950000   1.0083349      5.9719166      1.5124093      6.90427           960000   0.99086606     6.0088812      1.4862077      6.9097385         970000   1.0003949      5.9969357      1.5005001      6.9126121         980000   1.0056593      5.9950539      1.5083963      6.9168105         990000   1.0004614      5.9967011      1.5005999      6.9167798        1000000   1.0043394      5.98898        1.5064165      6.9147398        1010000   0.9986662      6.0028248      1.4979072      6.9178951        1020000   0.99942363     5.9968685      1.4990433      6.9277355        1030000   0.99843747     6.0014602      1.4975642      6.9201318        1040000   1.0015035      5.9976319      1.5021629      6.9179917        1050000   1.0013633      5.9904992      1.5019526      6.9102963        1060000   0.99884802     5.9993377      1.4981799      6.9151805        1070000   1.0006832      6.0037456      1.5009326      6.9183748        1080000   1.0042784      5.9894234      1.5063251      6.9250363        1090000   1.0024732      5.99386        1.5036174      6.9114124        1100000   0.9962788      5.989619       1.4943263      6.9203867        1110000   0.99298341     6.0001679      1.4893836      6.9154528        1120000   1.0013881      5.9701918      1.5019898      6.9096191        1130000   0.99998158     5.9874655      1.4998802      6.908587         1140000   0.99825452     5.9945704      1.4972897      6.9153286        1150000   0.99685087     5.9907537      1.4951844      6.9188942        1160000   0.99929409     5.9769658      1.498849       6.9118256        1170000   0.99703034     5.9870743      1.4954536      6.904225         1180000   0.99287308     5.9719187      1.4892181      6.9098643        1190000   0.99878877     5.975773       1.4980911      6.9122088        1200000   0.99788747     5.9845713      1.4967392      6.9169565        1210000   1.0005729      5.9726762      1.5007671      6.916779         1220000   0.99875923     5.9944607      1.4980468      6.9108834        1230000   0.99631848     5.9996823      1.4943859      6.9173326        1240000   0.996526       5.992473       1.4946971      6.9157335        1250000   0.99611377     5.9811309      1.4940788      6.9262936        1260000   0.98716931     5.9911172      1.4806629      6.9185763        1270000   0.99340671     6.0000568      1.4900185      6.915873         1280000   0.98879379     6.0057407      1.4830995      6.9258234        1290000   0.98783195     6.0041982      1.4816568      6.9300562        1300000   1.0027149      5.9945396      1.5039799      6.9174519        1310000   0.99996915     5.998817       1.4998615      6.9224947        1320000   1.0087572      5.9895669      1.5130428      6.9064454        1330000   0.99935554     5.9961788      1.4989412      6.9149398        1340000   0.99844961     6.023766       1.4975824      6.9292598        1350000   0.99611339     6.0089866      1.4940783      6.9198473        1360000   0.99841619     5.9956726      1.4975322      6.9138656        1370000   0.99538311     5.9996493      1.4929829      6.9190269        1380000   1.0006716      5.9862473      1.5009152      6.9107831        1390000   0.99311547     6.0106783      1.4895816      6.9199691        1400000   0.99557795     6.0042827      1.4932751      6.9218142        1410000   1.0072355      6.0052787      1.5107604      6.9230624        1420000   0.9998265      6.0019776      1.4996476      6.9180201        1430000   1.0010282      6.0023972      1.5014501      6.9169785        1440000   0.99919612     6.0039626      1.4987021      6.9194168        1450000   1.0070588      6.0118535      1.5104954      6.925053         1460000   1.0100099      6.0132608      1.5149218      6.921759         1470000   1.0029573      6.0324254      1.5043435      6.9175355        1480000   1.0125237      6.0134922      1.5186922      6.9250763        1490000   0.9974187      6.0138869      1.4960361      6.9127549        1500000   0.99813693     6.0104681      1.4971134      6.9136505        1510000   0.98895179     6.0228379      1.4833365      6.915645         1520000   1.0026493      6.0144777      1.5038814      6.9149795        1530000   0.99545236     6.0177369      1.4930868      6.9242503        1540000   0.99570577     6.0088238      1.4934669      6.9208966        1550000   0.99518748     6.0039261      1.4926895      6.9189353        1560000   1.0059049      5.9977688      1.5087647      6.9184907        1570000   1.0067287      6.0081627      1.5100002      6.9212725        1580000   1.0040706      5.9876844      1.5060133      6.9065668        1590000   0.99533486     6.0050238      1.4929105      6.9238116        1600000   0.99479748     6.0016085      1.4921045      6.9198443        1610000   1.0003668      5.9972004      1.500458       6.9230481        1620000   0.99952597     6.006834       1.4991968      6.9147198        1630000   1.0073714      5.9705765      1.5109642      6.9111101        1640000   0.99713929     5.9940905      1.495617       6.9181237        1650000   0.99218744     5.9880289      1.4881897      6.9116227        1660000   0.99460972     6.0002185      1.4918229      6.9187728        1670000   0.98907093     5.9807791      1.4835152      6.9165814        1680000   0.98950757     5.9893282      1.4841701      6.9128084        1690000   1.0030052      5.9807633      1.5044153      6.9041607        1700000   0.99489234     5.9773247      1.4922468      6.9206875        1710000   0.99253388     5.956246       1.4887093      6.9127892        1720000   0.9953153      5.9691386      1.4928812      6.9193938        1730000   0.99560797     5.9804881      1.4933202      6.9156208        1740000   0.98488654     5.9960213      1.477239       6.9178569        1750000   1.0117787      5.9757907      1.5175747      6.9169593        1760000   1.0021972      5.9975826      1.5032034      6.9201129        1770000   0.99373249     6.0199604      1.4905071      6.928767         1780000   0.99531901     6.0000032      1.4928867      6.9176832        1790000   0.99214841     5.9946456      1.4881311      6.9149529        1800000   0.99366511     6.0019633      1.4904061      6.9208936        1810000   0.99842169     6.0076739      1.4975405      6.915568         1820000   1.002674       5.9998762      1.5039186      6.9205317        1830000   1.0012786      6.0065777      1.5018256      6.9171442        1840000   0.99839635     6.0128486      1.4975025      6.9291354        1850000   0.99358837     6.0071771      1.490291       6.9229334        1860000   1.0012594      6.002479       1.5017968      6.907069         1870000   1.0104173      6.0050374      1.5155328      6.9294872        1880000   0.99521847     6.0132739      1.4927359      6.9299991        1890000   1.0025476      6.0043424      1.503729       6.9169471        1900000   1.0080153      6.0119468      1.5119301      6.9145425        1910000   0.99812847     6.0160366      1.4971007      6.9206732        1920000   1.0000023      6.0023872      1.4999112      6.9269489        1930000   0.99628289     6.0104632      1.4943325      6.9188545        1940000   0.9940779      6.0075893      1.4910252      6.9173873        1950000   1.0018468      6.0014661      1.5026778      6.9288827        1960000   1.012462       6.0023298      1.5185997      6.9130245        1970000   1.0061245      5.9987108      1.5090939      6.9190819        1980000   0.99938346     6.014312       1.4989831      6.9220202        1990000   1.0012954      5.9893315      1.5018509      6.9252218        2000000   0.99842418     6.0005293      1.4975442      6.9214055        2010000   0.98986285     5.9990034      1.484703       6.9196116        2020000   1.0022611      5.9823015      1.5032993      6.914805         2030000   0.99460501     5.996809       1.4918158      6.9210784        2040000   0.9928633      6.0131347      1.4892034      6.9242174        2050000   0.99946656     6.0009482      1.4991077      6.9147745        2060000   0.99280984     6.0018266      1.4891232      6.9147033        2070000   0.9992197      6.0066999      1.4987374      6.9207517        2080000   1.0037681      5.9935154      1.5055596      6.9193795        2090000   0.99868749     6.0085737      1.4979392      6.9205147        2100000   0.99626434     6.0036313      1.4943047      6.9291292        2110000   0.99762848     6.0150564      1.4963507      6.9306366        2120000   0.99645919     6.0205341      1.4945969      6.9170422        2130000   1.0028245      6.0198743      1.5041443      6.9196178        2140000   0.99993823     6.0100325      1.4998152      6.9157567        2150000   1.0075139      6.008213       1.511178       6.912554         2160000   1.0016979      6.0210872      1.5024545      6.9163474        2170000   1.0065239      6.0136265      1.509693       6.9196046        2180000   1.0134597      6.0011077      1.5200961      6.9207111        2190000   1.0025281      6.0014788      1.5036997      6.9096284        2200000   1.0014706      5.9976883      1.5021135      6.9185889        2210000   0.99685099     6.001976       1.4951846      6.9138773        2220000   0.9991752      5.9825061      1.4986707      6.9096006        2230000   0.98656554     5.9861763      1.4797574      6.9090299        2240000   0.98423412     5.9942986      1.4762604      6.9197855        2250000   0.99089328     5.9908187      1.4862486      6.9265409        2260000   0.99452827     6.0053909      1.4917007      6.9135142        2270000   0.99617551     5.9984926      1.4941714      6.9125534        2280000   0.99782003     6.0061243      1.4966381      6.9099566        2290000   0.99795729     6.018099       1.4968439      6.9288097        2300000   1.006252       6.0171199      1.5092853      6.9176446        2310000   1.0016128      6.0196871      1.5023268      6.9217787        2320000   1.0026498      6.0038093      1.5038822      6.9137914        2330000   0.98761979     6.0131165      1.4813386      6.921088         2340000   0.99246468     6.0064834      1.4886055      6.9238706        2350000   0.99135264     6.0169938      1.4869376      6.9200631        2360000   0.9970609      6.0136637      1.4954994      6.9132976        2370000   0.99608083     6.0032778      1.4940294      6.9311786        2380000   0.99473752     6.0065843      1.4920146      6.9219314        2390000   1.0021351      6.0086462      1.5031102      6.9224473        2400000   1.0129372      6.0089419      1.5193123      6.9209128        2410000   0.99676609     6.0141731      1.4950572      6.9166936        2420000   1.0160399      5.9919915      1.5239662      6.9118013        2430000   1.0041089      6.0251787      1.5060708      6.9202306        2440000   1.010197       6.0173109      1.5152023      6.9280636        2450000   1.0142711      6.0119638      1.5213131      6.9307969        2460000   1.0035391      6.0189157      1.5052162      6.9250119        2470000   1.0052775      6.0133629      1.5078235      6.9336661        2480000   1.0021785      6.0106991      1.5031753      6.9224789        2490000   0.9901667      6.0227201      1.4851588      6.923351         2500000   0.98570875     6.0276063      1.4784722      6.9225442        2510000   0.99536224     6.0179772      1.4929516      6.919218         2520000   1.0040746      6.0157546      1.5060193      6.9285464        2530000   1.008262       5.9890251      1.5123001      6.9059877        2540000   0.99416687     6.0092767      1.4911586      6.9170333        2550000   1.0008317      6.0033343      1.5011553      6.9054406        2560000   0.99389008     6.0139913      1.4907435      6.9243107        2570000   0.99706213     6.0113354      1.4955013      6.9059304        2580000   0.99431167     6.0337194      1.4913758      6.9316191        2590000   1.0021052      6.0132146      1.5030655      6.9237154        2600000   1.0035919      5.9714878      1.5052953      6.9137698        2610000   1.0007551      5.9619431      1.5010404      6.9011062        2620000   0.99024389     5.9822194      1.4852745      6.9162343        2630000   0.99447646     5.9943576      1.491623       6.9213813        2640000   0.99730795     5.9901754      1.49587        6.9127555        2650000   0.99090018     5.9927371      1.4862589      6.902395         2660000   0.99661649     5.9970334      1.4948329      6.9097718        2670000   0.99829249     5.9867149      1.4973467      6.9164706        2680000   0.99828414     5.9789199      1.4973342      6.9173395        2690000   0.99961734     5.9795917      1.4993338      6.9050642        2700000   0.99980949     5.9711534      1.4996221      6.9101858        2710000   0.99151672     5.9785591      1.4871837      6.9053914        2720000   0.99675547     5.9968887      1.4950413      6.9183783        2730000   0.99873473     6.0138323      1.49801        6.9208819        2740000   0.99474102     6.0125303      1.4920198      6.923933         2750000   1.0021253      6.0014454      1.5030955      6.9126731        2760000   1.0091205      6.0183591      1.5135877      6.9248366        2770000   1.0049078      6.0114939      1.507269       6.9195194        2780000   1.0061866      6.0162881      1.5091872      6.916592         2790000   1.0040195      6.0099025      1.5059366      6.9257252        2800000   1.0057958      6.0061711      1.5086009      6.9229823        2810000   1.0065671      6.0150378      1.5097579      6.9240287        2820000   1.0067314      5.9965709      1.5100042      6.9145469        2830000   1.0162556      5.9955741      1.5242897      6.925222         2840000   1.0018158      5.9958136      1.5026314      6.917499         2850000   1.0004253      5.9958003      1.5005456      6.9123944        2860000   0.9995098      5.9886191      1.4991725      6.9137188        2870000   0.99334393     6.0139719      1.4899243      6.9281832        2880000   1.0056652      5.9991652      1.5084051      6.9160568        2890000   0.98674331     6.0215145      1.480024       6.9235593        2900000   0.98082144     6.0050497      1.4711417      6.9110635        2910000   1.0012178      5.9904533      1.5017343      6.9181914        2920000   0.99835762     5.9820885      1.4974444      6.9139504        2930000   0.98999937     5.9819126      1.4849078      6.9016905        2940000   1.0016368      5.9693196      1.5023629      6.9067495        2950000   0.99641999     5.9882542      1.4945381      6.907678         2960000   0.99515981     5.9844995      1.492648       6.9177056        2970000   0.99929448     5.9808437      1.4988496      6.9166163        2980000   0.99171825     5.9839307      1.4874859      6.9129589        2990000   0.97848151     5.9968563      1.4676321      6.9186649        3000000   1.0007839      5.9949096      1.5010836      6.9084093        3010000   0.99213243     6.0094905      1.4881072      6.9157851        3020000   1.0058359      5.9908669      1.5086611      6.9102821        3030000   0.99607022     6.0014449      1.4940135      6.9254593        3040000   1.0008518      5.9982916      1.5011854      6.9224653        3050000   0.99394616     6.0027279      1.4908276      6.919943         3060000   0.99873325     6.0052881      1.4980078      6.9117471        3070000   1.0096462      6.0134065      1.5143762      6.9234247        3080000   0.99205267     6.0144686      1.4879875      6.9358461        3090000   1.000666       6.0168287      1.5009067      6.9261079        3100000   1.000721       5.9951183      1.5009892      6.919942         3110000   1.0069836      6.0096748      1.5103826      6.9228251        3120000   1.0028525      6.0126776      1.5041863      6.9140164        3130000   1.003826       6.0261171      1.5056464      6.9215716        3140000   1.0107348      6.0115926      1.5160091      6.9230241        3150000   1.0110103      6.0153168      1.5164223      6.9263117        3160000   0.99837313     6.0311124      1.4974676      6.9223019        3170000   1.0058456      6.018553       1.5086756      6.9162753        3180000   1.000656       6.0114088      1.5008918      6.911721         3190000   1.0103857      5.994953       1.5154854      6.9155779        3200000   0.99184902     5.9954444      1.4876821      6.9125241        3210000   0.99548726     5.9879059      1.4931391      6.9202403        3220000   0.99174287     6.0106956      1.4875229      6.9223846        3230000   0.99381938     5.9897032      1.4906375      6.9181612        3240000   0.9893563      6.0032631      1.4839432      6.9141635        3250000   1.0008712      5.9760381      1.5012145      6.911697         3260000   1.0039735      5.9958141      1.5058677      6.916481         3270000   1.0101061      5.9830951      1.515066       6.908224         3280000   0.99731644     5.992356       1.4958827      6.9209899        3290000   1.0071083      5.9859149      1.5105696      6.9143408        3300000   0.99706476     5.9942873      1.4955052      6.9168193        3310000   0.99485601     6.0007991      1.4921923      6.9102514        3320000   0.99404979     6.0030237      1.490983       6.9148376        3330000   1.001763       5.9990413      1.5025522      6.9206727        3340000   0.9981313      5.9997576      1.4971049      6.9192056        3350000   0.99615929     6.009644       1.4941471      6.9177895        3360000   1.0028962      6.0011847      1.5042518      6.9256584        3370000   0.99890935     5.9905999      1.4982719      6.920968         3380000   0.99528234     5.9926208      1.4928317      6.9121511        3390000   1.0035285      5.9824456      1.5052002      6.9139703        3400000   1.0033234      6.0016609      1.5048926      6.914068         3410000   0.98862214     6.0172866      1.4828421      6.9302332        3420000   1.0040098      5.993257       1.5059222      6.9201672        3430000   1.0022099      6.007233       1.5032225      6.9331217        3440000   0.99915568     6.0096509      1.4986414      6.9238491        3450000   1.0048287      5.9897083      1.5071504      6.9251159        3460000   0.99573296     6.006365       1.4935076      6.9154289        3470000   0.98450423     6.0239766      1.4766656      6.9190387        3480000   0.98563212     6.0195636      1.4783573      6.9168623        3490000   0.99421449     6.0079938      1.4912301      6.9250404        3500000   1.0135307      6.0044941      1.5202027      6.9181856        3510000   0.9961117      6.0134647      1.4940757      6.9189854        3520000   1.0019013      5.9992035      1.5027596      6.9081134        3530000   1.0010722      6.0148934      1.501516       6.9223346        3540000   0.99735982     5.993823       1.4959478      6.9124448        3550000   1.0060928      5.9978108      1.5090465      6.9104006        3560000   1.0044194      6.0017004      1.5065364      6.915884         3570000   0.990683       5.9995806      1.4859332      6.9197306        3580000   1.0031201      5.9903961      1.5045877      6.9168029        3590000   1.0022355      5.9811303      1.5032608      6.9162854        3600000   0.99492408     6.0081257      1.4922944      6.9231831        3610000   0.99924178     5.9921077      1.4987706      6.9141618        3620000   0.99777882     5.9977944      1.4965762      6.9179761        3630000   0.99264407     5.9975812      1.4888746      6.9182699        3640000   1.0082289      5.9944099      1.5122505      6.9125743        3650000   1.0067631      6.0075221      1.5100518      6.9245938        3660000   1.0073978      6.0081418      1.5110037      6.9276098        3670000   0.99574682     6.0133839      1.4935284      6.9214774        3680000   1.0010171      5.9933676      1.5014333      6.9065874        3690000   0.99882863     6.0029872      1.4981509      6.9194588        3700000   0.99605296     6.001818       1.4939876      6.9222741        3710000   0.98891911     6.0140136      1.4832875      6.9194041        3720000   0.99491569     6.0000543      1.4922818      6.9161851        3730000   1.0077773      5.9919624      1.5115731      6.916637         3740000   1.0042959      6.0106843      1.5063513      6.9258057        3750000   1.003793       6.0147987      1.505597       6.9276215        3760000   1.0050959      6.0119512      1.5075511      6.9173504        3770000   1.0107237      6.0178129      1.5159924      6.9234218        3780000   1.0111601      6.022936       1.5166469      6.9239459        3790000   1.0037538      6.0110026      1.5055381      6.9241682        3800000   1.0116088      5.9979024      1.5173199      6.9151042        3810000   1.0001301      6.0202893      1.500103       6.9214195        3820000   0.99447905     6.0175379      1.4916269      6.9133986        3830000   0.99615586     6.0214977      1.4941419      6.9164853        3840000   1.0016567      6.0128058      1.5023927      6.9212557        3850000   0.98272021     6.0271339      1.4739897      6.9103675        3860000   0.99892645     5.9892287      1.4982976      6.9232332        3870000   1.0049157      5.9894509      1.5072809      6.9128107        3880000   1.003963       5.9760063      1.505852       6.910621         3890000   0.99322081     5.980976       1.4897397      6.9185608        3900000   1.0022289      5.9826144      1.5032509      6.9064168        3910000   0.99486632     5.9791848      1.4922078      6.9151268        3920000   0.99282202     5.9929698      1.4891415      6.9116929        3930000   1.0010467      5.9744337      1.5014778      6.9151275        3940000   1.0022604      6.004098       1.5032982      6.9069618        3950000   0.9951024      6.0191473      1.4925619      6.9236917        3960000   0.9935945      6.0056237      1.4903001      6.9217457        3970000   0.99807839     6.0059361      1.4970256      6.9148151        3980000   1.0098002      6.0093995      1.5146072      6.9311656        3990000   0.99987546     6.0072951      1.499721       6.9147359        4000000   1.0091181      6.0101043      1.5135841      6.9257983        4010000   0.99644327     6.0204443      1.494573       6.9208397        4020000   0.99820411     6.0100952      1.4972141      6.9179355        4030000   1.0016605      6.0199189      1.5023984      6.9259594        4040000   1.0015023      6.0114342      1.5021611      6.9297622        4050000   1.0113972      5.9920473      1.5170026      6.9235959        4060000   1.0102325      5.992348       1.5152557      6.9184716        4070000   0.98961131     6.0196085      1.4843257      6.9377982        4080000   1.0057283      6.0121402      1.5084998      6.9287457        4090000   1.0014231      5.9985179      1.5020423      6.9264138        4100000   1.014641       5.9664665      1.5218679      6.9107754        4110000   0.99424702     5.993033       1.4912789      6.9184702        4120000   0.99850684     5.9834527      1.4976682      6.9092803        4130000   1.0029748      5.9964863      1.5043697      6.9275135        4140000   1.012877       5.9916553      1.5192222      6.9120445        4150000   1.0005648      6.0068226      1.500755       6.9217557        4160000   1.0012362      5.9988677      1.5017619      6.9181556        4170000   0.99257423     6.0032281      1.4887698      6.9211492        4180000   1.0013403      5.9894689      1.5019181      6.913736         4190000   0.99676105     5.9994574      1.4950497      6.9202613        4200000   1.0034224      5.9934076      1.5050412      6.9145398        4210000   1.0008637      5.9958527      1.5012033      6.912081         4220000   1.0005317      5.9991891      1.5007054      6.9144419        4230000   1.0021289      5.9851748      1.503101       6.9166833        4240000   1.0063122      5.9871475      1.5093755      6.9075212        4250000   1.0025952      5.9971357      1.5038003      6.9272609        4260000   1.0059758      6.0007685      1.508871       6.9246448        4270000   1.0028932      5.9913104      1.5042474      6.9184876        4280000   0.99442339     6.0100503      1.4915434      6.9224875        4290000   1.0074606      6.0021483      1.511098       6.9234417        4300000   0.99317983     6.0160972      1.4896782      6.9261533        4310000   0.99736193     6.0100662      1.4959509      6.9209113        4320000   0.9992708      6.0126646      1.4988141      6.9279558        4330000   1.00198        6.0073031      1.5028776      6.9209491        4340000   0.99521173     6.0286151      1.4927258      6.9269368        4350000   1.0030036      6.0122118      1.504413       6.9243321        4360000   1.0046078      6.022702       1.506819       6.9343518        4370000   1.0080002      6.0067755      1.5119074      6.9189843        4380000   1.0013339      6.0122159      1.5019086      6.9245776        4390000   1.0022199      5.9897211      1.5032375      6.9175473        4400000   0.99628384     5.9919003      1.4943339      6.9172222        4410000   0.9951612      5.9865038      1.4926501      6.9120717        4420000   0.99511599     5.9938605      1.4925822      6.918036         4430000   0.99359797     6.0048343      1.4903053      6.9241655        4440000   1.0025422      6.0104218      1.5037209      6.9182316        4450000   1.0045093      6.0041067      1.5066714      6.9100943        4460000   1.0045877      6.006684       1.506789       6.9149268        4470000   1.0087063      6.0010476      1.5129665      6.9180203        4480000   1.0111123      5.9854375      1.5165752      6.9219382        4490000   1.0100655      5.9991984      1.5150051      6.9164423        4500000   1.0060394      6.0004182      1.5089663      6.9093067        4510000   1.0077069      6.0056519      1.5114674      6.9133502        4520000   1.0052898      6.0173051      1.507842       6.9190673        4530000   1.0012144      6.0213199      1.5017293      6.9253811        4540000   1.0099988      6.0045188      1.514905       6.916472         4550000   0.98898375     6.0093232      1.4833844      6.921692         4560000   0.99550311     6.0017121      1.4931629      6.9254776        4570000   1.0051837      6.0131982      1.5076829      6.9138022        4580000   1.0121877      6.0017809      1.5181882      6.9136115        4590000   1.0037552      6.0142827      1.5055402      6.9113714        4600000   0.99732237     6.0157175      1.4958916      6.9228694        4610000   0.99966006     6.0105721      1.4993979      6.9106323        4620000   1.0007519      5.9980993      1.5010355      6.9151812        4630000   0.99870886     6.0065563      1.4979712      6.9259746        4640000   1.0031889      5.9995536      1.5046909      6.9077088        4650000   1.0024709      6.0044392      1.5036139      6.9135973        4660000   1.0014872      5.9976764      1.5021384      6.9139607        4670000   0.99748321     6.0051038      1.4961328      6.9175626        4680000   0.99635262     6.0276471      1.4944371      6.9273396        4690000   0.99963206     6.0042496      1.4993559      6.9135364        4700000   1.0019718      6.0156744      1.5028653      6.9210012        4710000   1.007565       6.0001466      1.5112546      6.9151353        4720000   0.99736149     6.0140051      1.4959503      6.9162682        4730000   1.0010871      6.010354       1.5015384      6.9141672        4740000   1.0023225      6.0152105      1.5033914      6.9236832        4750000   1.0086176      6.0121756      1.5128335      6.9261291        4760000   0.99957029     6.0252944      1.4992633      6.9146273        4770000   1.0061734      6.0149106      1.5091673      6.9198577        4780000   1.0005323      6.0080124      1.5007062      6.9150277        4790000   1.0009891      6.0173561      1.5013914      6.9212002        4800000   1.0027697      5.9974134      1.5040621      6.9145958        4810000   0.99830278     5.9887927      1.4973621      6.9107849        4820000   1.0047506      5.9843548      1.5070332      6.9138313        4830000   1.0038828      5.9844527      1.5057316      6.9207537        4840000   1.0056685      5.9786828      1.50841        6.9181356        4850000   0.99698767     5.9915298      1.4953896      6.9213335        4860000   0.99959666     5.9815979      1.4993028      6.9155657        4870000   1.0001804      5.9751866      1.5001784      6.9063778        4880000   1.0030378      5.9620731      1.5044642      6.9036079        4890000   1.0040915      5.9787484      1.5060447      6.9133113        4900000   1.001703       5.9756345      1.5024621      6.9147855        4910000   0.99825691     5.9865395      1.4972933      6.9193038        4920000   1.0049369      5.9874467      1.5073127      6.9089874        4930000   1.0017742      6.0022618      1.5025689      6.9175402        4940000   1.0070169      5.9867754      1.5104325      6.9177708        4950000   1.0130968      5.9770846      1.5195518      6.9082185        4960000   0.99251044     5.9973195      1.4886742      6.9109567        4970000   0.99379907     5.99028        1.490607       6.909725         4980000   1.0045658      6.0046057      1.5067561      6.9129776        4990000   1.0068424      5.9895068      1.5101707      6.9167555        5000000   0.99761959     5.9998954      1.4963374      6.9054392        5010000   0.99130211     6.0101004      1.4868618      6.9210974        5020000   0.9968967      6.0060697      1.4952531      6.9119205        5030000   1.0003231      6.0099575      1.5003924      6.9194747        5040000   0.99715402     6.0007966      1.4956391      6.920532         5050000   1.000927       6.0045164      1.5012982      6.9120275        5060000   0.99948758     6.0011126      1.4991392      6.905464         5070000   0.99296143     5.989103       1.4893506      6.9199483        5080000   0.98662408     6.0114311      1.4798452      6.9257551        5090000   0.98749889     6.0119908      1.4811573      6.920842         5100000   0.99717571     6.0145633      1.4956716      6.9251397        5110000   1.0065759      5.9938261      1.509771       6.904887         5120000   1.0000794      6.0065238      1.5000268      6.9238949        5130000   0.99786037     6.0050464      1.4966986      6.9146306        5140000   1.0014016      6.0033485      1.5020101      6.9214671        5150000   1.0046942      6.0041437      1.5069487      6.9095612        5160000   1.0034299      5.9941718      1.5050524      6.9101719        5170000   0.99611983     6.0108935      1.4940879      6.9130918        5180000   0.99023174     5.9858457      1.4852563      6.907703         5190000   0.98822574     5.9748555      1.4822475      6.9108345        5200000   0.9916305      5.9858593      1.4873543      6.9171754        5210000   0.99555213     5.9856786      1.4932364      6.9104817        5220000   0.9886638      5.9869206      1.4829045      6.9036279        5230000   0.99872622     5.9858894      1.4979972      6.9079844        5240000   0.992281       6.0017006      1.48833        6.916369         5250000   0.9941665      6.0073421      1.4911581      6.9174959        5260000   0.9938078      6.0074908      1.4906201      6.9177677        5270000   1.0028456      5.9898473      1.504176       6.9146875        5280000   1.0033016      5.9966411      1.5048599      6.9078412        5290000   0.99652214     5.9847534      1.4946913      6.9083699        5300000   0.99793859     5.9712803      1.4968159      6.9107061        5310000   1.0001241      5.9918864      1.5000939      6.9110574        5320000   0.99638763     6.0051727      1.4944896      6.910956         5330000   0.99733983     5.9975069      1.4959178      6.9064723        5340000   0.9971712      6.0060123      1.4956649      6.9145847        5350000   1.0018011      6.004569       1.5026093      6.9177373        5360000   1.0080197      5.9923258      1.5119366      6.9154602        5370000   1.0012972      6.0075625      1.5018536      6.9153636        5380000   0.99113172     6.0160082      1.4866062      6.9210562        5390000   1.006272       5.9873189      1.5093153      6.9165133        5400000   1.0036645      5.9916839      1.5054043      6.9097775        5410000   0.99805272     6.0039741      1.4969871      6.9225127        5420000   1.0026859      6.001925       1.5039364      6.913962         5430000   1.0000693      6.0075139      1.5000117      6.9170202        5440000   0.99101107     6.0029606      1.4864252      6.9111171        5450000   0.99625061     6.0027798      1.4942841      6.9265087        5460000   0.99709146     5.98721        1.4955453      6.9278224        5470000   1.0092246      5.9741651      1.5137438      6.9210745        5480000   0.99895107     5.9862166      1.4983345      6.9244084        5490000   0.99808921     5.9731182      1.4970418      6.9160961        5500000   0.99421517     5.9677275      1.4912311      6.9021364        5510000   0.99601308     5.9813136      1.4939278      6.9024113        5520000   0.98803871     5.9977318      1.481967       6.9085802        5530000   1.0061756      5.9728755      1.5091707      6.9221534        5540000   0.9942381      5.9966376      1.4912655      6.9159022        5550000   0.99135555     5.9913559      1.4869419      6.9109226        5560000   0.98543646     5.9953193      1.4780638      6.9230618        5570000   0.99013777     6.0003578      1.4851154      6.9199924        5580000   0.9862343      6.0112307      1.4792605      6.9129028        5590000   1.0173322      5.9924274      1.5259046      6.9095018        5600000   0.99762734     6.0074381      1.496349       6.9176421        5610000   0.99714491     6.0035112      1.4956254      6.9158244        5620000   0.99778967     6.0054078      1.4965925      6.9168745        5630000   1.0035202      6.0054252      1.5051878      6.917567         5640000   1.0008795      6.0055385      1.501227       6.9198107        5650000   1.0054864      6.0094729      1.5081369      6.9191943        5660000   1.0018023      5.9989008      1.502611       6.9118668        5670000   1.003257       5.9877474      1.5047929      6.9138494        5680000   0.99902785     5.9896065      1.4984497      6.9083572        5690000   0.99572589     5.9972701      1.493497       6.9172459        5700000   1.0070542      5.9929231      1.5104885      6.9156875        5710000   0.99744388     6.0019745      1.4960739      6.9224095        5720000   1.0005151      5.9929682      1.5006805      6.9138552        5730000   0.99679908     6.023417       1.4951067      6.9270259        5740000   0.99362002     6.0068864      1.4903384      6.9127991        5750000   1.0015663      6.0009413      1.5022572      6.9230183        5760000   1.0008847      6.0032875      1.5012347      6.9097415        5770000   1.0003364      6.0002376      1.5004123      6.9185823        5780000   1.0016342      5.9872944      1.502359       6.9198775        5790000   0.99544729     5.9969526      1.4930792      6.9121761        5800000   1.0028114      5.9835824      1.5041247      6.9189181        5810000   0.99805423     5.9940831      1.4969893      6.9163152        5820000   1.0001093      5.9967463      1.5000717      6.9223795        5830000   0.99541886     5.9929026      1.4930365      6.9231944        5840000   0.99762891     5.9947779      1.4963514      6.9039043        5850000   1.0033726      5.9853349      1.5049664      6.9124854        5860000   0.9991554      5.9822748      1.498641       6.9075313        5870000   1.0031197      5.9981947      1.5045871      6.9108239        5880000   0.99410593     6.0089648      1.4910672      6.9104586        5890000   1.0005873      5.9934533      1.5007887      6.9111122        5900000   0.99425369     6.0238306      1.4912889      6.9186207        5910000   1.0088773      6.0016287      1.5132229      6.9167914        5920000   0.99938217     6.0229074      1.4989811      6.9325615        5930000   1.0083181      6.014474       1.5123841      6.9195977        5940000   1.0075724      6.021051       1.5112657      6.9333685        5950000   1.0003523      6.0102635      1.5004363      6.9161593        5960000   1.0025799      6.0031718      1.5037775      6.9144132        5970000   0.99766843     6.0095822      1.4964107      6.9137156        5980000   0.99896906     6.0059055      1.4983615      6.9139308        5990000   0.99787111     5.9828786      1.4967147      6.910935         6000000   1.0053407      5.9773194      1.5079184      6.9243645        6010000   1.0125579      5.9936357      1.5187435      6.9215409        6020000   1.0097684      5.9895669      1.5145594      6.910523         6030000   0.99829662     5.999384       1.4973529      6.9112258        6040000   0.99801677     6.0070404      1.4969331      6.9224515        6050000   0.99528022     6.0109414      1.4928286      6.907818         6060000   0.98731226     6.0180852      1.4808774      6.9231456        6070000   1.0017918      5.9949807      1.5025954      6.9098731        6080000   0.9921687      6.0077289      1.4881616      6.9256219        6090000   0.99447778     5.9900957      1.491625       6.9136969        6100000   1.0017202      5.9912105      1.502488       6.9035593        6110000   0.98842631     6.0062772      1.4825483      6.9172933        6120000   0.99526447     6.0203829      1.4928049      6.9221639        6130000   1.0056447      6.0020363      1.5083743      6.9238368        6140000   1.0064776      6.0043977      1.5096236      6.9212119        6150000   0.99855738     6.0019887      1.497744       6.9198909        6160000   1.0027349      5.9808746      1.5040099      6.914233         6170000   0.99512714     5.9936832      1.492599       6.9206907        6180000   0.9971365      5.9907315      1.4956128      6.9127056        6190000   0.99112321     5.988772       1.4865934      6.9253781        6200000   0.99097423     5.9805196      1.48637        6.9131711        6210000   1.0050322      5.9734484      1.5074556      6.9085575        6220000   1.0014951      5.9762468      1.5021503      6.9099955        6230000   1.0028088      5.9827992      1.5041208      6.923863         6240000   0.99443566     6.0089157      1.4915618      6.9197246        6250000   0.99883131     6.0035845      1.4981549      6.9174637        6260000   1.0033233      5.9996485      1.5048924      6.9153178        6270000   0.9977857      6.0107438      1.4965866      6.9196291        6280000   0.99495909     6.0120543      1.4923469      6.9192661        6290000   0.99746023     6.0041224      1.4960984      6.9149905        6300000   1.0033565      5.9995712      1.5049422      6.9234481        6310000   0.99281659     6.000469       1.4891334      6.914547         6320000   0.99642007     5.989105       1.4945382      6.9201718        6330000   0.99693422     5.9855343      1.4953094      6.9224834        6340000   1.004028       5.9601126      1.5059495      6.9138772        6350000   1.0043665      5.9681738      1.5064571      6.908659         6360000   0.99344932     5.9722924      1.4900824      6.9238133        6370000   0.99746313     5.9691898      1.4961027      6.9006989        6380000   0.99743077     5.9790521      1.4960542      6.9094067        6390000   0.99856139     5.9972306      1.49775        6.9172516        6400000   1.0077982      5.9926306      1.5116044      6.9190496        6410000   1.0104825      6.0031566      1.5156306      6.9211246        6420000   1.0055316      5.9915164      1.5082047      6.9118055        6430000   0.99578678     5.9828268      1.4935884      6.9083675        6440000   0.98982542     5.9810717      1.4846469      6.9174167        6450000   0.9910102      5.9889302      1.4864239      6.9209593        6460000   0.98870771     5.9914999      1.4829704      6.9219722        6470000   0.992428       5.9861386      1.4885505      6.9089277        6480000   0.99663031     5.9848573      1.4948536      6.9177123        6490000   0.99603702     5.9864516      1.4939637      6.9117999        6500000   0.99847817     5.9908079      1.4976252      6.9253808        6510000   0.99378883     5.9982363      1.4905916      6.9164291        6520000   0.99793725     5.9989802      1.4968139      6.9241492        6530000   0.99421937     6.0002226      1.4912374      6.9108963        6540000   1.0033279      5.9908655      1.5048993      6.9254355        6550000   1.0014367      6.0117149      1.5020627      6.9293567        6560000   0.99807545     6.0096531      1.4970212      6.924539         6570000   1.0085306      6.0150814      1.5127029      6.9160347        6580000   0.99591811     6.0172936      1.4937854      6.926944         6590000   0.99572181     6.0230217      1.4934909      6.9221005        6600000   1.0082058      6.0016456      1.5122158      6.9110524        6610000   1.0022244      6.0128899      1.5032442      6.925195         6620000   1.0033511      6.0219374      1.5049342      6.9327168        6630000   1.0028401      6.004656       1.5041677      6.9147309        6640000   1.0059676      6.0082634      1.5088586      6.9170879        6650000   1.011373       5.9872804      1.5169663      6.9156823        6660000   0.99787612     6.0122642      1.4967222      6.9146288        6670000   0.99668962     6.0187693      1.4949425      6.922329         6680000   0.99438195     5.9981758      1.4914813      6.913454         6690000   0.99628782     5.988407       1.4943399      6.9202347        6700000   0.98952485     6.0281629      1.484196       6.9219089        6710000   1.0033756      6.0051804      1.5049708      6.9217119        6720000   1.0024282      6.0041309      1.5035499      6.9135483        6730000   1.000711       6.0092106      1.5009743      6.9080286        6740000   1.002553       6.014249       1.5037371      6.9241537        6750000   0.99844483     6.0218098      1.4975752      6.9206883        6760000   0.99876681     6.0009939      1.4980581      6.9163996        6770000   0.99773505     6.0108705      1.4965106      6.9219456        6780000   1.0004762      6.0187542      1.5006221      6.9214204        6790000   1.0135923      6.0101171      1.5202951      6.9194647        6800000   1.0048745      6.0215331      1.5072191      6.9198175        6810000   1.0002497      6.0212633      1.5002823      6.9276219        6820000   0.99683851     6.0277453      1.4951659      6.9256397        6830000   1.0017827      6.0257838      1.5025816      6.9298766        6840000   1.0018283      6.0038407      1.5026501      6.9232659        6850000   1.0110851      6.00317        1.5165344      6.9200849        6860000   1.0023907      6.022517       1.5034936      6.9280117        6870000   1.0080246      6.0128664      1.5119439      6.9081766        6880000   0.99853815     6.009447       1.4977152      6.9156377        6890000   0.99761188     6.0217962      1.4963258      6.9198978        6900000   1.001985       6.0209133      1.5028852      6.9229972        6910000   1.0103409      6.021957       1.5154182      6.9177118        6920000   1.0084644      6.0093596      1.5126037      6.9252429        6930000   1.001184       6.0037409      1.5016837      6.914756         6940000   1.0042846      5.9944321      1.5063343      6.9158606        6950000   0.99979523     5.99985        1.4996007      6.9234834        6960000   0.99532119     5.9839551      1.49289        6.9165969        6970000   0.99878945     5.9806901      1.4980921      6.9192397        6980000   0.99052644     6.0122951      1.4856983      6.9264166        6990000   0.99801986     5.992877       1.4969378      6.9096604        7000000   0.98557749     5.9942954      1.4782754      6.9145714        7010000   0.99887083     5.9907662      1.4982142      6.9160048        7020000   0.99401245     6.0043592      1.490927       6.9168174        7030000   1.0026528      6.012423       1.5038868      6.9194512        7040000   1.0073529      5.9997529      1.5109364      6.9179436        7050000   1.0001777      6.0018751      1.5001743      6.9158712        7060000   0.99785561     5.9992666      1.4966914      6.9149269        7070000   0.99182952     6.0005905      1.4876528      6.9077801        7080000   0.99608406     6.0173407      1.4940343      6.9185534        7090000   0.99527124     6.0076466      1.4928151      6.9191359        7100000   0.99246568     6.0008267      1.488607       6.921615         7110000   0.99159471     5.9933465      1.4873006      6.9125353        7120000   1.0031542      5.9926283      1.5046388      6.9125643        7130000   0.99823986     6.0148181      1.4972678      6.9203058        7140000   1.006956       6.0024868      1.5103411      6.9235664        7150000   0.99627163     5.9896445      1.4943156      6.9101655        7160000   0.99212354     6.0052727      1.4880938      6.9122033        7170000   1.0036156      6.0033286      1.5053308      6.9134753        7180000   0.99815358     5.9817479      1.4971383      6.9073398        7190000   1.0023903      5.9943127      1.503493       6.9068532        7200000   0.99110834     6.0091845      1.4865711      6.9297195        7210000   1.006332       6.0019581      1.5094052      6.9186596        7220000   0.9962053      6.0228882      1.4942161      6.925906         7230000   0.99982281     6.0173127      1.499642       6.9260184        7240000   1.0090658      5.9995095      1.5135056      6.9112893        7250000   1.0028931      5.9926911      1.5042473      6.9127416        7260000   0.99650358     5.9977641      1.4946635      6.9152937        7270000   1.0030415      6.0133467      1.5044698      6.917306         7280000   0.99818522     6.0074136      1.4971858      6.9234549        7290000   0.99815264     5.9935971      1.4971369      6.9129272        7300000   0.99365014     5.9918563      1.4903836      6.9141033        7310000   1.0081482      5.9890379      1.5121293      6.9147987        7320000   1.0008996      5.9892812      1.5012571      6.918801         7330000   0.99675166     6.0037152      1.4950356      6.9080829        7340000   0.99664829     6.0215319      1.4948806      6.9188508        7350000   1.001795       6.00638        1.5026002      6.9217336        7360000   1.0009288      6.0003601      1.5013009      6.9138623        7370000   0.99720876     6.0153072      1.4957212      6.9141028        7380000   1.0083232      5.9936081      1.5123919      6.9124665        7390000   0.99663468     5.9998624      1.4948601      6.9219532        7400000   0.99538843     6.0025271      1.4929909      6.9115122        7410000   0.99237308     5.9992212      1.4884681      6.9159023        7420000   1.0030388      5.9885019      1.5044657      6.9093163        7430000   0.99970364     6.0024068      1.4994633      6.9183184        7440000   0.99652555     6.0075937      1.4946965      6.919279         7450000   0.99084576     6.0183251      1.4861773      6.9158633        7460000   0.99078793     5.9994709      1.4860905      6.9154564        7470000   0.99628834     5.9794781      1.4943407      6.9164353        7480000   0.99793553     5.9969013      1.4968113      6.9168185        7490000   1.0017891      6.0084618      1.5025912      6.9173769        7500000   1.0014845      5.9947625      1.5021345      6.9196109        7510000   0.99695186     6.0148026      1.4953359      6.9264352        7520000   0.99530742     6.0022969      1.4928694      6.9217563        7530000   1.0028243      5.9971359      1.504144       6.9194382        7540000   0.99832573     6.005921       1.4973966      6.9188276        7550000   0.99834671     5.9996875      1.497428       6.9143506        7560000   0.99198623     6.0104241      1.4878879      6.9205472        7570000   0.99702107     5.9981341      1.4954397      6.9205964        7580000   0.98646769     5.9945493      1.4796106      6.9209467        7590000   0.98601305     5.9906602      1.4789287      6.9190778        7600000   1.0007163      5.9734321      1.5009822      6.9114132        7610000   0.98700756     5.9934602      1.4804203      6.9088394        7620000   1.0016351      5.9833791      1.5023603      6.9142717        7630000   1.0083165      5.9990551      1.5123818      6.9225295        7640000   0.99237885     6.0117774      1.4884768      6.9176758        7650000   1.0068008      5.9926403      1.5101084      6.9117945        7660000   1.0101472      6.0060374      1.5151277      6.9195633        7670000   1.0038549      6.0069174      1.5056899      6.9182241        7680000   1.0087671      5.9850958      1.5130576      6.9142733        7690000   0.99880367     6.0084758      1.4981134      6.9168601        7700000   1.0025136      5.9993283      1.503678       6.9142925        7710000   1.001637       6.0053346      1.5023632      6.9143313        7720000   0.99628344     6.0138374      1.4943333      6.9206209        7730000   1.0068264      5.9875502      1.5101468      6.9202313        7740000   1.0052809      6.0082923      1.5078287      6.9139972        7750000   1.0081154      6.0208646      1.5120802      6.9221947        7760000   0.99615918     6.0313479      1.4941469      6.9217047        7770000   1.0017447      5.9967317      1.5025247      6.9105993        7780000   1.0109658      5.9745665      1.5163555      6.9117846        7790000   0.99968074     5.9703126      1.4994289      6.9010578        7800000   0.996563       5.9907085      1.4947526      6.9100444        7810000   1.0071271      5.9887374      1.5105978      6.9188037        7820000   0.99575221     6.0004646      1.4935365      6.9147213        7830000   0.99863716     6.0165082      1.4978637      6.9145509        7840000   1.0045681      5.9930286      1.5067595      6.9152438        7850000   0.9862691      6.0026374      1.4793127      6.9206372        7860000   1.0024709      6.0013755      1.503614       6.9144651        7870000   0.99214786     6.0036403      1.4881303      6.9128133        7880000   0.99632717     6.0129693      1.4943989      6.9097973        7890000   1.0003353      6.0108646      1.5004107      6.9151028        7900000   0.9971334      6.0193194      1.4956082      6.9275446        7910000   0.99877087     6.0193614      1.4980642      6.9207636        7920000   0.99829704     6.0239634      1.4973535      6.9282964        7930000   1.0020049      6.0145593      1.502915       6.914703         7940000   1.0007218      6.017201       1.5009904      6.917843         7950000   1.0008355      6.0025398      1.5011609      6.90606          7960000   0.99526886     6.0068993      1.4928115      6.9105755        7970000   0.99948903     6.0171336      1.4991414      6.9162053        7980000   0.99257148     6.0222056      1.4887657      6.9203171        7990000   0.99474664     5.9969531      1.4920283      6.9121181        8000000   0.99849598     6.0099119      1.4976519      6.9269862        8010000   0.99888324     5.9975863      1.4982328      6.9099816        8020000   0.99322362     5.9806915      1.4897439      6.9144951        8030000   1.0050214      5.9878276      1.5074394      6.9255142        8040000   0.99198036     6.0247355      1.4878791      6.9368728        8050000   1.0017849      5.9929819      1.5025849      6.9193162        8060000   0.99967425     5.9943836      1.4994192      6.9210866        8070000   0.99663757     6.0000614      1.4948645      6.9190185        8080000   0.99650475     5.9991617      1.4946653      6.923176         8090000   0.9992068      5.9776807      1.4987181      6.9097598        8100000   1.0038705      5.9875404      1.5057133      6.9087207        8110000   1.0061099      5.9983149      1.5090721      6.9238707        8120000   0.99592933     5.9998736      1.4938022      6.9262309        8130000   1.0032875      6.0039392      1.5048387      6.91851          8140000   1.0049679      5.9883221      1.5073592      6.9244844        8150000   1.0090109      5.9932022      1.5134234      6.9160069        8160000   0.9998709      6.0120455      1.4997142      6.9265777        8170000   1.0019932      6.0163512      1.5028974      6.9107516        8180000   1.0025591      5.9862664      1.5037462      6.9180716        8190000   0.99909492     5.9898595      1.4985503      6.9183009        8200000   0.99555072     5.9873893      1.4932343      6.9108367        8210000   0.98545402     6.0158958      1.4780902      6.9201946        8220000   1.0076199      6.0110893      1.5113369      6.923048         8230000   1.0081323      6.0019498      1.5121055      6.9215858        8240000   1.0001145      6.0134803      1.5000796      6.9240893        8250000   1.0016472      6.0016728      1.5023785      6.9160172        8260000   0.99819441     6.0243198      1.4971996      6.9206208        8270000   1.0036972      6.0201387      1.5054532      6.9291588        8280000   0.99759934     6.0207471      1.496307       6.9163671        8290000   1.0040384      6.008483       1.505965       6.9081708        8300000   1.0028104      6.0128821      1.5041232      6.9229733        8310000   1.0044227      6.0109787      1.5065414      6.9214149        8320000   0.99653837     6.0114203      1.4947157      6.918431         8330000   0.99595777     5.995204       1.4938448      6.9179473        8340000   1.0028475      6.0097925      1.5041788      6.9139422        8350000   0.9986146      6.0088039      1.4978298      6.9125922        8360000   0.99728355     5.9963319      1.4958334      6.9108738        8370000   0.99523804     5.992696       1.4927653      6.9072848        8380000   0.99362629     5.9883963      1.4903478      6.910989         8390000   0.99293053     5.9833364      1.4893043      6.9077432        8400000   0.98978837     5.9999308      1.4845913      6.9236171        8410000   0.99932949     6.002338       1.4989021      6.9056282        8420000   1.0011384      6.0081328      1.5016153      6.9230177        8430000   1.0091642      6.0156455      1.5136532      6.9263772        8440000   1.0143579      6.0077012      1.5214434      6.9306971        8450000   1.0033499      6.022508       1.5049323      6.9225889        8460000   1.0114808      6.0346804      1.5171279      6.9303946        8470000   1.0083406      6.0318538      1.5124179      6.9240201        8480000   1.0137872      6.021684       1.5205873      6.9223352        8490000   1.0046456      6.0261995      1.5068757      6.933138         8500000   1.0020119      6.0107472      1.5029255      6.9248346        8510000   1.0055343      5.9958332      1.5082087      6.9224815        8520000   1.0074067      6.0042661      1.5110171      6.9198906        8530000   0.99593801     6.0094166      1.4938152      6.9231665        8540000   1.0008866      5.9971295      1.5012376      6.9171125        8550000   1.0004779      6.0154401      1.5006246      6.9185394        8560000   1.0053026      6.009504       1.5078613      6.9287232        8570000   1.0038859      6.015665       1.5057363      6.9236038        8580000   1.0140208      6.0047109      1.5209377      6.9187579        8590000   1.0014206      6.0001864      1.5020386      6.9144474        8600000   0.99535643     5.9892011      1.4929429      6.9222885        8610000   0.98835236     5.988967       1.4824374      6.9171925        8620000   0.99499911     5.9728748      1.4924069      6.9222024        8630000   1.0002551      5.9775403      1.5002905      6.9097851        8640000   1.0043692      5.9889239      1.5064611      6.9109334        8650000   0.99720097     5.9895213      1.4957095      6.9090954        8660000   0.99620423     6.0018299      1.4942145      6.9188268        8670000   0.99686719     6.007058       1.4952089      6.911434         8680000   0.99314731     6.0046546      1.4896294      6.9148142        8690000   1.0050089      5.9771145      1.5074207      6.9035645        8700000   0.9972869      5.9883704      1.4958384      6.9096582        8710000   0.99464642     5.9802733      1.4918779      6.9133625        8720000   1.0012296      5.9755414      1.5017521      6.9132081        8730000   0.9954632      6.0087644      1.493103       6.9208539        8740000   1.0091675      6.0110642      1.5136581      6.9203202        8750000   1.0023978      6.0118808      1.5035043      6.9235024        8760000   1.0045415      5.9944963      1.5067196      6.9150476        8770000   1.0044741      6.0082901      1.5066186      6.9269343        8780000   1.0105805      5.9953808      1.5157775      6.9033307        8790000   1.0007162      6.0136772      1.5009821      6.9190893        8800000   0.99754773     6.0126234      1.4962296      6.9200549        8810000   0.99035821     6.0220895      1.485446       6.9223898        8820000   1.0152029      6.0037509      1.5227108      6.910976         8830000   1.0057986      5.9984467      1.5086052      6.9203918        8840000   1.0064745      5.9977926      1.5096189      6.9172694        8850000   0.99907832     6.0156242      1.4985254      6.9127618        8860000   1.008014       6.0129331      1.5119281      6.9187727        8870000   1.0028546      6.0228011      1.5041894      6.9120036        8880000   0.99718982     6.0236772      1.4956928      6.926261         8890000   0.99736272     5.9985125      1.4959521      6.909226         8900000   0.99416247     5.9946143      1.491152       6.9197536        8910000   0.99547566     5.9945426      1.4931217      6.9153045        8920000   1.0017464      5.9945552      1.5025273      6.9089287        8930000   1.001505       5.99821        1.5021652      6.9092732        8940000   1.0002128      5.9962847      1.500227       6.9174037        8950000   0.99760421     6.0076379      1.4963143      6.9254655        8960000   0.99128882     6.0054566      1.4868418      6.9154351        8970000   0.99198614     6.0102782      1.4878878      6.9242108        8980000   1.0006768      6.0019379      1.500923       6.9177846        8990000   1.001151       6.0099245      1.5016342      6.9053642        9000000   1.0021462      5.9945974      1.5031269      6.9127379        9010000   0.99666787     6.0107401      1.4949099      6.9305555        9020000   0.99949075     6.0162554      1.499144       6.9183837        9030000   1.0100036      6.0200584      1.5149122      6.9161881        9040000   1.0099798      6.0203053      1.5148765      6.9268553        9050000   1.0029678      6.0314184      1.5043592      6.9099926        9060000   1.0028431      6.0281934      1.5041722      6.9308074        9070000   1.0184237      5.9810936      1.5275416      6.9087961        9080000   1.0006151      6.0122666      1.5008304      6.9227464        9090000   0.99812005     6.0020004      1.4970881      6.9245796        9100000   1.0000121      6.0014377      1.4999259      6.9088873        9110000   0.9968977      5.9747333      1.4952546      6.915122         9120000   0.99618051     5.9871468      1.4941789      6.9159517        9130000   1.0125594      5.9794         1.5187458      6.9167096        9140000   1.0096135      5.9886716      1.5143272      6.9232847        9150000   0.99728071     5.9895352      1.4958291      6.9189192        9160000   1.0045713      5.9764921      1.5067643      6.9169618        9170000   1.0000223      6.0033703      1.4999413      6.9116786        9180000   0.99624518     5.9966607      1.4942759      6.9193279        9190000   1.0000545      5.9814392      1.4999896      6.9089006        9200000   0.99860077     5.9816228      1.4978091      6.9065231        9210000   0.99953082     5.9839797      1.4992041      6.9114627        9220000   0.99866429     5.9920991      1.4979044      6.9123598        9230000   0.99772824     5.9943237      1.4965004      6.9185385        9240000   1.0020616      5.9811776      1.503          6.9187852        9250000   0.99859793     5.9888989      1.4978048      6.9169374        9260000   0.99391191     5.9914561      1.4907762      6.909999         9270000   1.0146174      5.9701871      1.5218325      6.9079083        9280000   1.0114918      5.9801375      1.5171445      6.9140022        9290000   0.99791634     5.9801168      1.4967825      6.9068934        9300000   0.99805786     5.9994187      1.4969948      6.9139291        9310000   1.0000269      6.0003038      1.4999482      6.9152964        9320000   1.0102968      6.0176929      1.5153521      6.9173169        9330000   1.0075983      6.0188443      1.5113045      6.9235588        9340000   1.0101217      6.0127776      1.5150895      6.9268226        9350000   0.99882581     6.0134244      1.4981466      6.9222341        9360000   0.99953322     6.0101269      1.4992077      6.9219748        9370000   0.99639854     6.0186133      1.4945059      6.9158438        9380000   1.010407       5.9901391      1.5155174      6.9069057        9390000   0.99397653     6.005739       1.4908732      6.9125269        9400000   0.99466196     5.9947043      1.4919012      6.9187272        9410000   1.0055298      5.9647508      1.5082021      6.9058503        9420000   0.99737011     5.9784698      1.4959632      6.9148696        9430000   0.99611804     5.9832708      1.4940852      6.9158716        9440000   0.99340768     6.0135072      1.4900199      6.9211677        9450000   1.0012157      6.0064094      1.5017313      6.9131894        9460000   1.0040679      6.0119942      1.5060093      6.9203784        9470000   0.99916782     6.0040292      1.4986596      6.9229346        9480000   1.0105274      5.9995652      1.515698       6.9216155        9490000   0.99673485     6.0078215      1.4950104      6.9258095        9500000   0.99888026     5.9959039      1.4982283      6.9218408        9510000   1.0022947      5.9919146      1.5033497      6.9217358        9520000   0.99847623     5.9850713      1.4976223      6.917604         9530000   1.0010045      5.9814314      1.5014145      6.919013         9540000   1.0013821      5.9896087      1.5019809      6.9222673        9550000   0.99104255     6.0047251      1.4864725      6.9133356        9560000   0.99309207     5.9959081      1.4895465      6.9080992        9570000   0.99495536     6.000826       1.4923413      6.9293397        9580000   0.98737125     6.0096771      1.4809659      6.931064         9590000   0.99914023     5.9852593      1.4986182      6.9146615        9600000   0.98916481     5.9937003      1.483656       6.9120171        9610000   0.99434058     5.999127       1.4914192      6.9183554        9620000   0.98734775     6.0080909      1.4809306      6.920482         9630000   1.0068727      5.9967656      1.5102163      6.92531          9640000   0.99854398     5.9887224      1.4977239      6.9214818        9650000   1.0018857      5.9826576      1.5027361      6.9163949        9660000   0.989534       5.9824802      1.4842098      6.9146077        9670000   0.98721604     5.9825069      1.480733       6.9143798        9680000   0.99675612     5.9801717      1.4950423      6.9163967        9690000   0.99957906     6.0032936      1.4992764      6.9186991        9700000   1.0052728      6.0031836      1.5078166      6.9125506        9710000   1.0073878      5.9761397      1.5109888      6.9012019        9720000   1.0020932      5.9765402      1.5030474      6.9165212        9730000   0.98653141     6.0107076      1.4797062      6.9199089        9740000   1.0027207      5.9906023      1.5039886      6.9101546        9750000   1.0026967      6.0015568      1.5039526      6.9210364        9760000   0.99713989     5.9926859      1.4956179      6.9020754        9770000   1.0021697      5.9991456      1.5031622      6.9153454        9780000   0.99994468     6.0170751      1.4998248      6.9162925        9790000   1.0021182      6.032805       1.503085       6.9275913        9800000   1.0082492      6.0132239      1.5122809      6.9270642        9810000   0.99901126     6.0108947      1.4984248      6.9140513        9820000   0.99890233     6.0132582      1.4982614      6.9181107        9830000   1.0001425      6.0115651      1.5001215      6.9167282        9840000   1.0008258      6.0186711      1.5011464      6.9204807        9850000   1.012521       6.0167348      1.5186881      6.9222483        9860000   1.0070353      6.0113565      1.5104602      6.9186043        9870000   1.0039482      5.9743126      1.5058297      6.9191733        9880000   1.0031308      5.9895146      1.5046038      6.9287341        9890000   1.0034737      5.9825597      1.505118       6.9084131        9900000   1.0026956      5.9682862      1.503951       6.9034712        9910000   0.98820347     5.9949407      1.4822141      6.9147366        9920000   0.99655937     5.9797495      1.4947472      6.9087881        9930000   0.99388074     5.9859321      1.4907295      6.9106446        9940000   0.99597383     5.9672086      1.4938689      6.914045         9950000   0.99754373     5.9892771      1.4962236      6.9135278        9960000   1.0034172      5.9781459      1.5050332      6.9149865        9970000   0.98993562     5.992484       1.4848122      6.9259832        9980000   0.99634359     5.9721796      1.4944235      6.9065302        9990000   0.98692914     5.9727316      1.4803027      6.912912        10000000   0.98623038     5.9745562      1.4792546      6.9067861       10010000   0.98289588     5.985923       1.4742532      6.9123535       10020000   1.0003094      5.9853015      1.500372       6.9088184       10030000   0.99732127     5.9799753      1.49589        6.9078324       10040000   0.98481419     5.9983467      1.4771305      6.9196639       10050000   1.0010447      5.9791298      1.5014748      6.9051085       10060000   0.9875411      6.0073803      1.4812206      6.917373        10070000   0.99941511     5.9827828      1.4990305      6.9061469       10080000   0.98839326     5.9836625      1.4824988      6.9143757       10090000   0.99377797     5.9945856      1.4905753      6.9209422       10100000   1.0033745      5.9804663      1.5049693      6.909747        10110000   0.98664635     5.9967542      1.4798786      6.9232227       10120000   0.99109297     5.9857284      1.4865481      6.911346        10130000   0.99924927     5.9892208      1.4987818      6.9135048       10140000   1.0003264      5.9933877      1.5003974      6.9220395       10150000   1.0074785      5.9984431      1.5111249      6.9172935       10160000   1.0024202      6.0193952      1.503538       6.9220699       10170000   1.0022847      6.01768        1.5033346      6.9217561       10180000   0.99274919     6.0228383      1.4890323      6.9336731       10190000   0.99535462     6.0307855      1.4929402      6.9337182       10200000   0.98908193     6.0276706      1.4835317      6.9283227       10210000   1.0160792      6.0060617      1.5240251      6.9140882       10220000   1.0174879      6.011352       1.5261381      6.9260414       10230000   1.0090623      6.0291732      1.5135004      6.9265232       10240000   0.99708462     6.0279816      1.495535       6.9228332       10250000   1.0075364      6.0212745      1.5112118      6.9262632       10260000   0.99756973     6.0185621      1.4962626      6.9158813       10270000   0.99447696     6.0161465      1.4916238      6.9126008       10280000   0.99804073     6.003549       1.4969691      6.9150916       10290000   1.008663       5.9939184      1.5129014      6.9233781       10300000   1.0018128      6.0104775      1.5026268      6.91636         10310000   0.9961203      6.0010258      1.4940886      6.9083025       10320000   0.992305       6.0140412      1.488366       6.9161396       10330000   1.0053597      5.9847571      1.5079469      6.9115162       10340000   0.99181364     6.0080548      1.487629       6.9236917       10350000   0.99376242     6.0195408      1.490552       6.9307932       10360000   1.0093693      6.0196273      1.5139609      6.9191186       10370000   1.0071384      6.0111945      1.5106148      6.9157908       10380000   1.0038328      6.0064703      1.5056566      6.9207416       10390000   0.99944495     5.9947915      1.4990753      6.9099754       10400000   0.98940408     5.9862598      1.4840149      6.9153429       10410000   1.0038755      5.9752338      1.5057207      6.9147123       10420000   0.99776345     6.0021329      1.4965532      6.9164138       10430000   0.9974759      6.008522       1.4961219      6.9096515       10440000   0.99759145     6.0085133      1.4962952      6.9290201       10450000   1.006927       5.9849129      1.5102977      6.920566        10460000   0.98243074     6.0136512      1.4735555      6.9209058       10470000   1.0052322      5.9784761      1.5077556      6.9154231       10480000   1.0028136      5.9931923      1.504128       6.9115913       10490000   1.0002315      5.9806133      1.5002551      6.9178011       10500000   0.9990886      5.9982708      1.4985408      6.9158394       10510000   1.0044075      6.0016124      1.5065186      6.9122962       10520000   1.0083395      6.0133799      1.5124163      6.9239725       10530000   0.99256636     6.0155094      1.488758       6.9316082       10540000   1.0054074      6.0060022      1.5080184      6.9233678       10550000   1.0016296      6.0100618      1.5023521      6.9230346       10560000   0.9964008      6.0097689      1.4945093      6.9236993       10570000   1.0048713      6.0155572      1.5072143      6.9194048       10580000   0.99839933     6.0074742      1.497507       6.9190709       10590000   0.99657517     6.0150753      1.4947709      6.9134945       10600000   0.99678256     6.0023487      1.4950819      6.9250321       10610000   0.99710073     6.0061146      1.4955592      6.9200725       10620000   1.0008866      5.9999316      1.5012377      6.9192586       10630000   1.0080353      5.9863147      1.51196        6.9099871       10640000   1.0005552      5.9986712      1.5007405      6.9182117       10650000   0.99813235     6.0126926      1.4971065      6.9220012       10660000   0.99426963     5.987862       1.4913128      6.9212469       10670000   1.0021802      5.9809167      1.5031779      6.9218592       10680000   1.0000034      5.9792855      1.4999129      6.9107587       10690000   0.99644753     5.9681008      1.4945794      6.9136816       10700000   1.0013964      5.9825563      1.5020023      6.9139953       10710000   0.99581665     6.0012913      1.4936332      6.9186361       10720000   1.0002427      6.0017888      1.5002718      6.9202105       10730000   0.99756328     5.9939408      1.4962529      6.9151093       10740000   0.99639103     5.989156       1.4944947      6.9195471       10750000   0.9970921      5.978182       1.4955462      6.9077013       10760000   0.99924013     5.9784648      1.4987681      6.9055338       10770000   0.98912854     5.978475       1.4836016      6.9132467       10780000   0.99242661     5.98969        1.4885484      6.9137455       10790000   1.002328       5.9854011      1.5033996      6.9210301       10800000   0.99344278     5.9868836      1.4900726      6.9128654       10810000   0.99970978     5.9920522      1.4994725      6.9202589       10820000   0.99684804     5.9704526      1.4951802      6.8946464       10830000   0.98923932     5.9994384      1.4837678      6.9187737       10840000   0.99687493     5.9927453      1.4952205      6.9126728       10850000   0.99870188     5.9942389      1.4979607      6.9164781       10860000   0.99761331     5.9849581      1.496328       6.9230069       10870000   0.99611991     5.9938986      1.494088       6.9221          10880000   0.99735499     6.0049416      1.4959405      6.9265268       10890000   1.0006044      6.0254732      1.5008143      6.9244573       10900000   1.0077152      6.0016784      1.5114798      6.9078467       10910000   1.0075019      5.9943242      1.51116        6.9168766       10920000   1.0072209      5.9975791      1.5107384      6.9181714       10930000   0.99320443     5.991023       1.4897151      6.9139021       10940000   0.99850672     5.9965331      1.497668       6.9085324       10950000   0.99078403     6.0169299      1.4860847      6.9227324       10960000   1.0038542      5.9963653      1.5056888      6.9234958       10970000   1.0202149      5.9810163      1.5302283      6.9207873       10980000   1.0028658      6.0012331      1.5042062      6.9249386       10990000   0.99803074     6.0011215      1.4969541      6.9305018       11000000   1.0020962      5.9778313      1.5030519      6.9080451       11010000   0.98806953     5.9848259      1.4820132      6.9154395       11020000   1.0057949      5.9747626      1.5085996      6.9094707       11030000   1.0026445      5.9734254      1.5038743      6.9218837       11040000   0.99506442     5.9980208      1.4925049      6.9210051       11050000   0.99858151     5.9964622      1.4977802      6.9118236       11060000   0.99896945     5.9993474      1.4983621      6.91597         11070000   1.0139372      6.0064258      1.5208124      6.91584         11080000   1.0001274      6.0159283      1.5000988      6.9255242       11090000   1.0020013      6.0195871      1.5029096      6.9276533       11100000   0.99765322     6.0115122      1.4963878      6.9194016       11110000   0.99649683     6.0178487      1.4946534      6.9169144       11120000   0.9817013      6.0049808      1.4724614      6.9285247       11130000   0.98761142     6.0083655      1.4813261      6.9187118       11140000   0.9980764      6.0096276      1.4970226      6.9200478       11150000   1.0024777      6.0206007      1.5036241      6.9312412       11160000   1.0071748      6.0256155      1.5106694      6.9311156       11170000   1.0021841      6.0231261      1.5031838      6.9210895       11180000   1.0042896      6.0269677      1.5063417      6.9270026       11190000   1.0034366      6.0220089      1.5050624      6.9233095       11200000   1.0208159      5.9899231      1.5311298      6.9241969       11210000   1.0033968      5.9988871      1.5050026      6.9183864       11220000   1.0054361      5.9755816      1.5080614      6.9112173       11230000   1.0033248      5.9988454      1.5048947      6.923966        11240000   0.99103583     6.0006225      1.4864624      6.9163877       11250000   0.99613279     6.0043631      1.4941073      6.9326922       11260000   1.0020006      6.0072009      1.5029085      6.9218177       11270000   1.0077039      5.9871918      1.5114629      6.9184645       11280000   1.0008624      6.012753       1.5012014      6.9235688       11290000   1.0011866      6.0212575      1.5016876      6.925906        11300000   0.99957943     6.0009607      1.499277       6.9150637       11310000   0.99722093     6.000032       1.4957395      6.913046        11320000   1.0030104      6.0025475      1.5044232      6.9274697       11330000   0.99070396     6.0233024      1.4859646      6.9201923       11340000   0.99804965     6.0102013      1.4969825      6.9253916       11350000   1.0003149      6.0119562      1.5003802      6.9285843       11360000   1.0085434      5.9976973      1.5127221      6.9102527       11370000   0.99776452     6.0093413      1.4965548      6.912239        11380000   1.0051377      6.0203259      1.5076139      6.9147972       11390000   1.0055403      6.0349484      1.5082177      6.9263794       11400000   1.0070933      6.0265402      1.5105472      6.9338555       11410000   1.0140919      6.019156       1.5210443      6.9186673       11420000   0.99700823     6.0119506      1.4954204      6.9157507       11430000   0.99873232     6.0098381      1.4980064      6.920985        11440000   1.005674       6.0046285      1.5084183      6.9227892       11450000   1.0023635      5.9919194      1.5034529      6.9078923       11460000   0.9899701      6.0008258      1.4848639      6.922449        11470000   0.99220448     6.004118       1.4882152      6.9245668       11480000   1.002248       5.9907495      1.5032795      6.9068666       11490000   1.0049137      5.9834882      1.5072779      6.908849        11500000   1.0055678      5.9866051      1.508259       6.9132918       11510000   1.0022468      5.9829878      1.5032778      6.9126668       11520000   1.0055016      5.9942526      1.5081597      6.9239721       11530000   0.99900604     5.9896734      1.498417       6.908769        11540000   0.99544042     6.0043709      1.4930689      6.9129267       11550000   1.0056547      6.0086539      1.5083893      6.9213065       11560000   0.99985052     6.0077228      1.4996836      6.9179058       11570000   1.0056216      5.9967673      1.5083397      6.9250119       11580000   1.0023879      6.0046324      1.5034895      6.9203321       11590000   1.0033257      6.0105316      1.504896       6.9213372       11600000   1.0112665      6.0097215      1.5168065      6.918548        11610000   1.0112123      5.9995553      1.5167252      6.9198732       11620000   0.99570145     6.0055442      1.4934604      6.9231643       11630000   1.0040363      5.9912496      1.5059618      6.9249678       11640000   0.9933067      5.9746201      1.4898685      6.9164393       11650000   0.98701025     5.9792936      1.4804244      6.9200692       11660000   0.9961332      5.9649476      1.494108       6.9125425       11670000   0.99521823     5.993094       1.4927356      6.9175004       11680000   1.0010957      6.00596        1.5015512      6.9267239       11690000   0.99274173     5.9858627      1.4890211      6.9092855       11700000   0.97791193     6.0150419      1.4667777      6.9198572       11710000   0.9933243      5.9942434      1.4898949      6.9210108       11720000   0.98563914     5.9923069      1.4783678      6.9040518       11730000   0.99960875     5.9778546      1.499321       6.9089004       11740000   1.0046044      5.9949801      1.5068139      6.906332        11750000   0.98759849     5.9925816      1.4813067      6.919128        11760000   0.99772198     5.9860552      1.496491       6.9183178       11770000   0.99662387     6.0055185      1.4948439      6.9149498       11780000   0.99572143     5.9964579      1.4934903      6.9089155       11790000   1.0053015      5.9927449      1.5078596      6.9254344       11800000   0.99853889     6.0069742      1.4977163      6.9169481       11810000   1.0003084      6.001178       1.5003704      6.9094777       11820000   0.99854969     6.0075506      1.4977325      6.9258671       11830000   0.99405736     6.0059613      1.4909944      6.9159797       11840000   0.99711784     6.0051402      1.4955848      6.9200141       11850000   0.98690537     6.0112895      1.4802671      6.9387532       11860000   1.0047119      6.0014758      1.5069752      6.9163997       11870000   0.99838221     5.9892235      1.4974813      6.9136436       11880000   0.99088505     6.0126017      1.4862362      6.9274006       11890000   1.0019514      6.0129065      1.5028347      6.9224078       11900000   1.0036845      6.0187153      1.5054343      6.9308443       11910000   1.0089821      6.0110018      1.5133801      6.9176722       11920000   0.99235611     6.0215933      1.4884427      6.92326         11930000   1.0064645      5.9891069      1.509604       6.9279573       11940000   0.99850625     6.001974       1.4976673      6.9156396       11950000   1.0071132      5.99987        1.5105769      6.9260884       11960000   1.0052338      5.9886575      1.507758       6.9183088       11970000   1.0015983      5.9986747      1.502305       6.9284393       11980000   0.99865839     5.9945059      1.4978955      6.9196252       11990000   0.99868545     5.9664033      1.4979361      6.9177474       12000000   0.9985649      5.9830696      1.4977553      6.9227472       12010000   1.0127144      5.9647827      1.5189783      6.9169181       12020000   0.99346422     6.0015527      1.4901047      6.925941        12030000   1.0016074      5.9862437      1.5023188      6.9243854       12040000   0.99700213     5.9829715      1.4954113      6.9133757       12050000   1.0018428      5.9720852      1.5026719      6.9179093       12060000   0.98890692     5.9917855      1.4832692      6.9192386       12070000   0.98930004     5.9975224      1.4838589      6.9163052       12080000   0.99345708     5.9770807      1.490094       6.9120743       12090000   0.99807437     5.9856556      1.4970195      6.9200532       12100000   0.98898532     5.9948487      1.4833868      6.9175199       12110000   0.99735286     5.9903594      1.4959373      6.9114784       12120000   1.0066595      6.0026951      1.5098965      6.9139093       12130000   0.99773071     6.0059593      1.4965041      6.9182875       12140000   0.99094244     6.011826       1.4863223      6.9154089       12150000   0.99603583     5.9971982      1.4939619      6.9188056       12160000   0.99966336     6.0004033      1.4994029      6.9274297       12170000   1.001593       5.9881338      1.5022972      6.912934        12180000   1.001871       6.0095478      1.5027141      6.9150755       12190000   0.98914034     6.0084473      1.4836193      6.9155042       12200000   0.99951564     6.0070523      1.4991813      6.9103187       12210000   1.0005566      6.0072588      1.5007427      6.9162515       12220000   0.99564056     6.0098585      1.4933691      6.9244828       12230000   1.0095341      6.0107839      1.5142081      6.9198998       12240000   1.0130153      6.0110354      1.5194296      6.9101993       12250000   0.99695268     6.0403269      1.4953371      6.9325479       12260000   1.0024826      6.0322914      1.5036315      6.9176483       12270000   1.0071625      6.0336038      1.510651       6.9272642       12280000   1.0050961      6.0299423      1.5075515      6.9256808       12290000   1.00023        6.0171777      1.5002529      6.9150333       12300000   1.0051708      6.0107446      1.5076635      6.9181256       12310000   1.0045955      6.0138849      1.5068007      6.9300888       12320000   1.0021844      6.0006409      1.5031842      6.9099072       12330000   1.0091085      6.0025758      1.5135698      6.9270711       12340000   1.0006209      6.0059602      1.5008391      6.9173542       12350000   0.99735517     6.0274519      1.4959408      6.9329356       12360000   1.0018793      6.0118282      1.5027265      6.9222046       12370000   1.0001942      6.0045554      1.5001991      6.9179124       12380000   1.0074198      5.9908602      1.5110368      6.9066827       12390000   1.0000927      5.9967824      1.5000468      6.9137098       12400000   0.99358708     5.9917648      1.490289       6.9145987       12410000   1.0017615      5.9689223      1.5025498      6.8983789       12420000   0.99419281     5.9881274      1.4911976      6.9129749       12430000   1.0012416      5.9916383      1.5017702      6.9175794       12440000   0.99836045     5.9774037      1.4974486      6.9211257       12450000   0.98648139     6.0033753      1.4796311      6.9186173       12460000   0.99478212     5.9915886      1.4920815      6.9152054       12470000   0.99996274     5.9724145      1.4998519      6.9105636       12480000   0.99957029     5.9843508      1.4992633      6.9156911       12490000   0.99256514     5.9934742      1.4887562      6.9127799       12500000   0.99702235     5.9880033      1.4954416      6.9007131       12510000   0.99750038     5.9926796      1.4961586      6.9183129       12520000   1.0038778      6.0012861      1.5057241      6.9158811       12530000   1.0011807      6.0060137      1.5016788      6.9281949       12540000   1.0121839      5.9909422      1.5181825      6.9177997       12550000   0.99582496     5.9913692      1.4936456      6.9112153       12560000   1.0039596      5.9790454      1.5058469      6.9170803       12570000   1.0086951      6.0189673      1.5129496      6.9274003       12580000   1.0021811      6.0187274      1.5031793      6.9246804       12590000   0.99861594     6.0175504      1.4978318      6.921992        12600000   1.0102887      5.9990696      1.5153399      6.9188248       12610000   1.005955       6.0031427      1.5088398      6.9095619       12620000   1.0134773      6.0143415      1.5201225      6.9172249       12630000   1.0025017      6.0198672      1.5036602      6.9164357       12640000   1.0159781      6.0056612      1.5238735      6.909854        12650000   1.0062498      6.0004501      1.509282       6.9131748       12660000   0.99487301     6.003456       1.4922178      6.9111583       12670000   0.99883651     5.9949813      1.4981627      6.916973        12680000   0.99040649     6.0040998      1.4855184      6.9165482       12690000   1.0011968      6.0026192      1.5017028      6.9164787       12700000   0.98934233     6.0141498      1.4839223      6.9108825       12710000   1.0004749      5.9892403      1.5006201      6.9112897       12720000   1.0033637      6.0112146      1.504953       6.917001        12730000   0.99113941     6.0227158      1.4866177      6.92313         12740000   0.98996934     6.0092796      1.4848627      6.9111679       12750000   0.99577623     6.0000392      1.4935725      6.920193        12760000   0.9969126      6.0082993      1.495277       6.9112546       12770000   0.9970272      6.0046001      1.4954489      6.9212155       12780000   0.9975109      5.9883343      1.4961744      6.9171499       12790000   0.97934471     5.9940937      1.4689268      6.9203283       12800000   0.99610643     5.9635708      1.4940678      6.9058129       12810000   0.99474837     5.9744056      1.4920308      6.9105406       12820000   0.99688933     5.9800236      1.4952421      6.9142189       12830000   1.0024292      5.9638031      1.5035514      6.9116574       12840000   0.98283733     5.996112       1.4741654      6.9197603       12850000   1.0078196      5.967749       1.5116365      6.9107645       12860000   0.99699026     5.9636277      1.4953935      6.9131551       12870000   1.0003951      5.973538       1.5005004      6.9107956       12880000   0.99663831     5.9896561      1.4948656      6.9161397       12890000   0.99950553     5.9823846      1.4991661      6.9220183       12900000   1.0011327      6.0015127      1.5016067      6.916124        12910000   1.0088869      5.9772168      1.5132374      6.908234        12920000   0.99840593     5.985159       1.4975168      6.9130799       12930000   0.99231076     6.0009648      1.4883747      6.9138482       12940000   1.006791       5.9959043      1.5100936      6.9254056       12950000   0.99384575     5.9996771      1.490677       6.9222229       12960000   0.99353527     5.9992019      1.4902113      6.9149569       12970000   1.0006213      5.9867399      1.5008398      6.9182752       12980000   0.99204191     6.0012329      1.4879714      6.9137047       12990000   0.99872871     6.0092153      1.498001       6.9212749       13000000   1.0016696      5.997902       1.502412       6.9101797       13010000   0.99907592     5.9943003      1.4985218      6.922851        13020000   0.9984406      6.0068019      1.4975688      6.9208702       13030000   0.99799048     5.995372       1.4968937      6.9193653       13040000   0.99401101     6.0143198      1.4909249      6.9239653       13050000   0.99336732     5.9931942      1.4899594      6.921483        13060000   1.0084799      5.9893249      1.5126269      6.903899        13070000   1.0085204      6.0001299      1.5126876      6.917874        13080000   1.0049106      5.9900623      1.5072733      6.9155472       13090000   1.0004471      5.9862942      1.5005784      6.9051376       13100000   1.000582       5.9897507      1.5007807      6.9152583       13110000   0.99790898     5.9914562      1.4967715      6.9240409       13120000   0.99372488     6.0074471      1.4904957      6.9217952       13130000   1.0058972      5.9894164      1.5087531      6.9139868       13140000   1.0077112      6.003583       1.5114739      6.9262742       13150000   1.0016788      6.0149395      1.5024259      6.9206341       13160000   1.0040153      6.0045817      1.5059304      6.9290206       13170000   0.99515023     6.0092021      1.4926336      6.9131794       13180000   0.99436036     6.012447       1.4914489      6.9145067       13190000   0.99326134     6.0144791      1.4898004      6.9284773       13200000   1.0016423      6.0092759      1.5023711      6.9256353       13210000   0.99999871     6.0137501      1.4999059      6.9215309       13220000   1.0044867      6.0033595      1.5066374      6.91362         13230000   1.0067292      5.991137       1.510001       6.9133877       13240000   0.99778714     6.0099214      1.4965887      6.920753        13250000   1.0052268      6.0026961      1.5077476      6.9135515       13260000   1.0062874      6.0068379      1.5093383      6.9131309       13270000   0.99133948     6.0256278      1.4869178      6.9283061       13280000   1.0018438      6.0123192      1.5026733      6.9219961       13290000   1.0022059      6.0173499      1.5032165      6.9330155       13300000   1.0045277      6.0168441      1.506699       6.917219        13310000   1.00975        6.0076045      1.514532       6.9179506       13320000   1.0020453      6.0268216      1.5029755      6.9272844       13330000   1.0000572      6.0065811      1.4999936      6.9210055       13340000   0.99270235     5.9914304      1.488962       6.9129444       13350000   1.0041557      5.9943518      1.506141       6.9140244       13360000   1.0111577      5.9839678      1.5166433      6.9074878       13370000   1.0056712      6.0017942      1.5084141      6.9261323       13380000   1.0108769      5.9867734      1.5162222      6.9151304       13390000   1.0095738      5.9946747      1.5142676      6.9216923       13400000   1.0026616      6.0001962      1.5039         6.925289        13410000   0.99973402     6.0088633      1.4995089      6.9257733       13420000   0.9898985      6.0173325      1.4847565      6.9262539       13430000   0.99031171     6.0051134      1.4853763      6.9236937       13440000   1.0020802      5.9940612      1.5030279      6.9082975       13450000   0.99348343     5.9886765      1.4901336      6.9098315       13460000   0.99914887     5.9846106      1.4986312      6.9115967       13470000   1.0059179      5.9685399      1.5087841      6.9129639       13480000   1.0072242      5.9948683      1.5107435      6.9126799       13490000   0.99674053     5.9943344      1.4950189      6.9105363       13500000   0.98424623     5.999382       1.4762786      6.9182788       13510000   0.98340972     5.9824712      1.4750239      6.9049645       13520000   0.9814599      5.9896414      1.4720994      6.9159127       13530000   0.98976712     6.0087318      1.4845594      6.9179402       13540000   1.0007402      5.9913906      1.5010181      6.9185853       13550000   0.99350259     5.984497       1.4901623      6.9150381       13560000   0.98579254     5.9845379      1.4785979      6.9061295       13570000   0.99708524     5.9814717      1.4955359      6.9161755       13580000   0.98756978     5.9826024      1.4812636      6.9142613       13590000   0.99660358     5.9929391      1.4948135      6.9099509       13600000   0.98952586     5.9849413      1.4841976      6.9129971       13610000   0.99085503     5.9706629      1.4861912      6.9095665       13620000   0.99549665     5.9772338      1.4931532      6.9212064       13630000   0.99505484     5.9583828      1.4924905      6.9108232       13640000   0.98645835     5.9767417      1.4795966      6.9166651       13650000   0.99773968     5.9540359      1.4965175      6.8978093       13660000   0.99908458     5.9511993      1.4985348      6.9033227       13670000   0.98484638     5.9832149      1.4771788      6.913125        13680000   0.99079627     5.9825775      1.4861031      6.9186754       13690000   0.99126265     5.9881299      1.4868026      6.9153794       13700000   1.0003379      5.9972917      1.5004146      6.9256117       13710000   0.99834823     5.9868038      1.4974303      6.924346        13720000   0.99935972     6.0010243      1.4989474      6.9179363       13730000   0.98910375     6.0067226      1.4835644      6.9180682       13740000   0.9961744      5.9957224      1.4941698      6.9069238       13750000   0.99892121     6.0064         1.4982897      6.9186617       13760000   1.0020198      5.9933692      1.5029373      6.9161121       13770000   1.000969       6.0023963      1.5013612      6.9145932       13780000   1.0074422      5.9963689      1.5110704      6.9254581       13790000   1.0014128      5.9975371      1.5020269      6.9174111       13800000   1.0027603      5.9985955      1.504048       6.9210019       13810000   1.0039085      6.0207069      1.5057702      6.9192163       13820000   0.99883089     6.0182018      1.4981542      6.9254907       13830000   0.99075474     6.0003999      1.4860408      6.9144698       13840000   1.001969       5.9957049      1.5028611      6.9058756       13850000   1.0078405      5.9840714      1.5116678      6.9105743       13860000   1.0098236      6.0014107      1.5146423      6.9104997       13870000   1.0020623      6.0109461      1.5030011      6.9218023       13880000   1.00223        6.0140397      1.5032526      6.9287701       13890000   0.9979622      5.984515       1.4968513      6.9141191       13900000   0.99196744     6.0025599      1.4878597      6.9248545       13910000   1.0027334      5.9942175      1.5040077      6.9258126       13920000   0.99098625     6.0146859      1.486388       6.926485        13930000   0.99542777     5.9968225      1.4930499      6.9147866       13940000   1.0015052      5.9974145      1.5021654      6.9167114       13950000   1.0060893      6.0060634      1.5090411      6.9270283       13960000   1.0097336      6.0020377      1.5145074      6.9191041       13970000   1.0021989      5.9931103      1.5032059      6.9132085       13980000   1.0059013      5.9930089      1.5087592      6.9232759       13990000   0.98459628     6.0026865      1.4768037      6.9250008       14000000   1.012456       5.97748        1.5185907      6.9143271       14010000   1.003148       5.9960088      1.5046294      6.9191755       14020000   0.99711317     6.0051626      1.4955778      6.9129248       14030000   0.99999519     5.9953153      1.4999006      6.9193147       14040000   1.0046206      5.9819334      1.5068383      6.9165016       14050000   1.0003915      5.9936515      1.500495       6.9061691       14060000   0.99029524     5.9985033      1.4853516      6.9100389       14070000   0.99716944     5.9870503      1.4956622      6.9072297       14080000   0.99418558     5.9822962      1.4911867      6.9139218       14090000   1.0118178      5.9800472      1.5176334      6.9163005       14100000   0.99425516     5.9947497      1.4912911      6.9177659       14110000   0.99687835     5.9849856      1.4952256      6.9137512       14120000   0.99374507     6.0083688      1.490526       6.9203276       14130000   1.0003948      6.0010746      1.5005         6.9135893       14140000   1.0029035      6.0074993      1.5042628      6.9183679       14150000   0.99021384     6.0185179      1.4852295      6.9373923       14160000   1.0110662      5.9934761      1.5165061      6.9167307       14170000   0.99186893     6.0110365      1.487712       6.9189665       14180000   1.0011321      6.0046817      1.5016058      6.9185727       14190000   1.0054864      5.9952963      1.5081369      6.9067523       14200000   1.0112095      6.0157998      1.516721       6.9256721       14210000   1.0068849      5.9879638      1.5102346      6.918088        14220000   1.0004801      5.9940857      1.5006278      6.9095446       14230000   0.99956074     6.0008731      1.4992489      6.9181186       14240000   0.99866256     5.9996732      1.4979018      6.9101145       14250000   1.005546       5.9955618      1.5082264      6.9165058       14260000   0.99904877     5.9959711      1.498481       6.9106038       14270000   0.99939739     6.0072479      1.4990039      6.9131952       14280000   1.0035731      5.9861899      1.5052671      6.9128621       14290000   0.997394       5.9905634      1.495999       6.9133305       14300000   0.99565162     5.9914736      1.4933856      6.9252676       14310000   1.0068471      5.980351       1.5101778      6.9155273       14320000   1.0036123      5.9997265      1.5053259      6.9157426       14330000   1.0003337      5.9863809      1.5004083      6.9100321       14340000   0.99774006     5.9839752      1.4965181      6.9199678       14350000   0.99231244     5.9962485      1.4883772      6.9155961       14360000   0.9935669      6.0246312      1.4902588      6.9211625       14370000   1.0061738      6.0036292      1.509168       6.9177305       14380000   1.0082612      6.001551       1.5122989      6.913883        14390000   1.0010211      6.0055037      1.5014393      6.9232074       14400000   0.99784655     6.0012366      1.4966778      6.9067243       14410000   0.99299327     6.0116328      1.4893984      6.9261315       14420000   1.000515       5.9949938      1.5006802      6.9186234       14430000   0.99970064     6.0280249      1.4994588      6.9245294       14440000   0.99803373     6.0220655      1.4969586      6.9294889       14450000   1.0086941      6.0054971      1.5129481      6.9160697       14460000   1.0104436      5.9890846      1.5155722      6.9165701       14470000   1.0010593      5.9989039      1.5014966      6.9235658       14480000   0.993588       6.0093735      1.4902904      6.9200915       14490000   1.0051396      5.9919494      1.5076168      6.9119627       14500000   0.9975921      5.9917431      1.4962962      6.90896         14510000   0.99319768     5.9865795      1.4897049      6.9148334       14520000   0.99657324     5.9772187      1.494768       6.9152314       14530000   0.99253301     5.9782645      1.488708       6.9059906       14540000   0.99519547     5.9769371      1.4927015      6.9143589       14550000   1.0073435      5.9612786      1.5109223      6.8998767       14560000   0.98979565     5.9692659      1.4846022      6.9201563       14570000   0.99144731     5.9868417      1.4870796      6.9118784       14580000   0.99996401     5.9914589      1.4998538      6.9199532       14590000   1.0026235      5.9872433      1.5038428      6.9043346       14600000   0.99924854     6.0009294      1.4987807      6.920496        14610000   0.99252311     6.0162209      1.4886932      6.9179773       14620000   0.99704012     5.9989745      1.4954683      6.9156636       14630000   0.99318089     6.0017221      1.4896798      6.9201271       14640000   0.99452416     5.9959594      1.4916945      6.9175028       14650000   0.99842235     6.0030547      1.4975415      6.920528        14660000   1.0022526      6.0120842      1.5032866      6.9168339       14670000   1.0094174      5.9993337      1.514033       6.9223033       14680000   1.0006006      6.0079548      1.5008086      6.9246419       14690000   0.99281633     6.0061209      1.489133       6.9260303       14700000   1.0092353      5.9898961      1.5137599      6.9178047       14710000   1.0074143      6.0108807      1.5110286      6.9265796       14720000   1.0051328      6.0125647      1.5076065      6.9168222       14730000   1.0129518      6.0091644      1.5193342      6.9185875       14740000   1.0021286      6.0111732      1.5031004      6.9183823       14750000   0.99563717     5.9929083      1.493364       6.9174024       14760000   0.9963282      6.0003224      1.4944004      6.9182714       14770000   0.99783559     5.9870527      1.4966614      6.917798        14780000   0.98994273     5.9956151      1.4848228      6.9218675       14790000   1.0005051      6.0059336      1.5006653      6.9187965       14800000   1.0007694      6.0014879      1.5010618      6.9223031       14810000   1.0000794      5.9825705      1.5000268      6.9075929       14820000   1.0043076      5.9640791      1.5063688      6.9050058       14830000   0.98769171     5.9823502      1.4814465      6.9187405       14840000   0.99637125     5.9722098      1.494465       6.9027253       14850000   0.99619715     5.9972339      1.4942039      6.913708        14860000   1.0023571      5.9994525      1.5034433      6.9112449       14870000   0.9902201      6.0176045      1.4852389      6.9199457       14880000   0.99842835     6.0201757      1.4975505      6.9059966       14890000   1.0025644      6.0186936      1.5037542      6.9224998       14900000   1.0070481      6.0075017      1.5104794      6.9172586       14910000   1.0038258      5.9932064      1.5056461      6.9185951       14920000   0.99429039     6.0092415      1.4913439      6.9236336       14930000   0.99277174     6.0207906      1.4890661      6.9225583       14940000   0.99118919     6.0210089      1.4866924      6.9152688       14950000   1.0080352      5.998132       1.5119599      6.9052797       14960000   1.0014642      5.9947459      1.502104       6.9164728       14970000   0.99672855     6.0097158      1.4950009      6.9223975       14980000   0.99893906     6.007294       1.4983165      6.9273793       14990000   0.99605653     6.0047957      1.493993       6.9049838       15000000   0.98765463     6.0205001      1.4813909      6.9243304       15010000   0.99797358     6.0208094      1.4968684      6.9269811       15020000   1.0064201      6.0195387      1.5095373      6.9229974       15030000   1.0013505      6.0326547      1.5019334      6.919973        15040000   1.0123932      6.0137354      1.5184965      6.9255403       15050000   1.0053896      6.0151546      1.5079918      6.9207096       15060000   1.0058838      6.0197104      1.508733       6.9217666       15070000   1.0092837      6.0158124      1.5138325      6.9201423       15080000   1.0059219      6.0069943      1.5087901      6.9119219       15090000   1.0041205      6.0017672      1.5060882      6.9185273       15100000   0.99708491     6.0206079      1.4955354      6.9261498       15110000   0.99859753     6.0129549      1.4978042      6.9273733       15120000   0.99978229     6.0116508      1.4995813      6.9214042       15130000   1.0114597      6.0071071      1.5170963      6.9154712       15140000   0.99581137     6.0267656      1.4936253      6.9247859       15150000   1.002856       6.0198563      1.5041915      6.9175883       15160000   1.0053137      6.0221932      1.5078779      6.9173831       15170000   1.0075633      6.0183913      1.511252       6.9289686       15180000   1.0073779      6.0114314      1.510974       6.9316462       15190000   1.0102986      5.9911015      1.5153548      6.9177979       15200000   0.99936287     6.016696       1.4989522      6.9185199       15210000   1.0083756      6.0090452      1.5124704      6.9218282       15220000   0.99565726     6.0195863      1.4933941      6.9241413       15230000   1.0055828      6.0083465      1.5082815      6.9162118       15240000   1.000445       6.0256583      1.5005753      6.9175718       15250000   1.0086449      6.0144275      1.5128744      6.9265028       15260000   0.99999348     6.0060606      1.499898       6.9149043       15270000   0.99629776     6.0064956      1.4943548      6.9184898       15280000   0.99998658     5.9991251      1.4998877      6.9124128       15290000   1.0007814      6.012221       1.5010798      6.9201717       15300000   0.9997468      6.0236246      1.499528       6.9268706       15310000   1.0035134      6.0026732      1.5051776      6.9191567       15320000   1.0124641      5.9784793      1.5186027      6.9190111       15330000   1.0064489      5.9735965      1.5095805      6.9064111       15340000   1.0058794      5.991344       1.5087263      6.9297879       15350000   0.99834327     5.9978006      1.4974229      6.9155288       15360000   0.99985924     6.0008285      1.4996967      6.9088825       15370000   0.99669403     5.9957594      1.4949492      6.9125709       15380000   0.99659323     6.0051286      1.494798       6.9174098       15390000   1.0000647      6.0166737      1.5000049      6.9190469       15400000   0.99735954     6.0041316      1.4959474      6.9144406       15410000   1.0044399      6.0004328      1.5065672      6.9182548       15420000   1.0044666      5.9896589      1.5066073      6.9096305       15430000   1.012837       6.0018663      1.5191621      6.9166576       15440000   1.0020358      6.0082655      1.5029613      6.9181347       15450000   1.0029904      5.9874247      1.5043932      6.9101887       15460000   0.99715235     6.0052451      1.4956366      6.9152779       15470000   1.006826       6.0005521      1.5101461      6.9153886       15480000   1.0134186      5.9976008      1.5200345      6.919572        15490000   1.0134738      6.0174005      1.5201173      6.9222288       15500000   1.0041563      6.0150793      1.5061418      6.9085447       15510000   1.0186238      6.0053981      1.5278418      6.9173908       15520000   1.012534       6.0289991      1.5187076      6.9273266       15530000   0.99105624     6.0254902      1.486493       6.9173834       15540000   0.99565478     6.0171148      1.4933904      6.9279075       15550000   1.0117601      5.9961618      1.5175469      6.9176618       15560000   0.9935708      6.0122894      1.4902646      6.9098873       15570000   0.99895405     5.9982402      1.498339       6.9145821       15580000   1.0047428      5.9803413      1.5070216      6.9157742       15590000   1.0117072      5.9678619      1.5174676      6.916667        15600000   0.99919636     5.9842479      1.4987024      6.9166797       15610000   1.0007761      5.9977784      1.5010719      6.9221286       15620000   1.0124257      5.9926491      1.5185452      6.9185739       15630000   1.0137297      5.995961       1.520501       6.9253677       15640000   1.0070307      6.0069047      1.5104532      6.9179943       15650000   1.0025165      6.014192       1.5036823      6.9215143       15660000   1.0024613      6.0221632      1.5035996      6.9252808       15670000   1.005262       6.0182627      1.5078003      6.937583        15680000   1.0104416      6.0091202      1.5155692      6.9185136       15690000   1.0047924      6.0135522      1.5070959      6.9228865       15700000   1.00146        6.0226103      1.5020976      6.9232305       15710000   1.0122559      5.9980104      1.5182906      6.9199948       15720000   0.99524987     6.0168581      1.4927831      6.9163286       15730000   1.0114775      5.9954249      1.517123       6.9269165       15740000   1.0011969      6.0068143      1.5017031      6.9199909       15750000   0.99385284     6.021511       1.4906876      6.9291537       15760000   0.9917128      6.0217513      1.4874778      6.9173857       15770000   1.0021644      6.0084792      1.5031542      6.9141868       15780000   1.0003732      6.0174991      1.5004675      6.9286428       15790000   0.99348637     5.9969653      1.490138       6.9163519       15800000   0.99273431     5.9888555      1.4890099      6.9196954       15810000   0.9993458      5.9816157      1.4989266      6.9131917       15820000   0.99902613     5.9971238      1.4984471      6.9232302       15830000   1.006072       5.9931185      1.5090152      6.9218463       15840000   1.0119811      5.9923986      1.5178784      6.9183185       15850000   1.0019684      5.9981487      1.5028603      6.9118815       15860000   1.0084079      6.0042566      1.5125188      6.9254375       15870000   0.99864958     6.0082608      1.4978823      6.9145259       15880000   0.99812761     6.0044944      1.4970994      6.9206324       15890000   0.99923366     6.0058725      1.4987584      6.9268588       15900000   1.0060019      5.9969442      1.5089101      6.9215138       15910000   0.99887817     6.0081363      1.4982252      6.9275768       15920000   1.0030228      6.0014453      1.5044417      6.9136855       15930000   0.99914375     6.0189571      1.4986235      6.9162444       15940000   0.99865905     6.0141726      1.4978965      6.9154391       15950000   1.0049951      6.011577       1.5074         6.9138766       15960000   1.0029552      6.0177893      1.5043404      6.9203436       15970000   1.0065661      6.0102429      1.5097564      6.9211481       15980000   0.9984147      6.0163445      1.49753        6.9134011       15990000   1.0093232      6.0215922      1.5138917      6.9194504       16000000   1.0107044      5.9943905      1.5159634      6.9259127       16010000   0.99957513     5.9835552      1.4992705      6.9188611       16020000   0.99533897     5.9994074      1.4929167      6.9099652       16030000   1.0007138      6.0054359      1.5009784      6.9160591       16040000   1.0102908      6.0041469      1.5153431      6.9272548       16050000   1.0022186      5.9991264      1.5032355      6.9235919       16060000   0.99153815     6.0088363      1.4872158      6.9144211       16070000   0.99472223     6.0119541      1.4919916      6.9192081       16080000   0.99855649     6.0060777      1.4977427      6.9147901       16090000   0.99940657     6.0046645      1.4990177      6.9179013       16100000   1.0002584      5.9972327      1.5002953      6.9224568       16110000   0.9992549      6.0023521      1.4987902      6.9252606       16120000   0.99281223     6.0081443      1.4891268      6.9220008       16130000   1.0050753      5.9976242      1.5075203      6.9119778       16140000   0.99411294     6.0095228      1.4910778      6.920642        16150000   1.0023311      5.9940516      1.5034042      6.9155954       16160000   0.99262345     6.0152215      1.4888437      6.9240427       16170000   0.9987983      5.9960365      1.4981054      6.919975        16180000   1.0030472      5.9853871      1.5044784      6.9153073       16190000   1.0029342      6.0015536      1.5043088      6.9219813       16200000   1.0002585      5.9820474      1.5002955      6.926497        16210000   0.99184337     5.9928281      1.4876736      6.9113977       16220000   1.0030867      5.9788404      1.5045375      6.9167284       16230000   0.99693662     5.975239       1.495313       6.9149616       16240000   0.99844533     5.9790582      1.4975759      6.9164485       16250000   0.98900921     5.9962299      1.4834226      6.9131858       16260000   1.0044557      5.9934857      1.5065909      6.9084415       16270000   1.0096888      5.9829495      1.5144402      6.9105481       16280000   0.99549753     6.000252       1.4931545      6.9268234       16290000   1.0029024      6.006466       1.5042611      6.9186037       16300000   0.99990906     6.025172       1.4997714      6.9240256       16310000   0.99939035     6.0311293      1.4989934      6.9314496       16320000   0.99990451     6.0174281      1.4997646      6.9100539       16330000   0.99907406     6.0201205      1.498519       6.9172876       16340000   1.0139939      6.0231186      1.5208974      6.9131803       16350000   1.0065998      6.0254025      1.5098069      6.9219895       16360000   0.99511515     6.0356173      1.492581       6.9218504       16370000   1.0037106      6.0253335      1.5054734      6.922393        16380000   1.0024801      5.9980275      1.5036277      6.9175342       16390000   0.99997603     5.9954549      1.4998719      6.9190942       16400000   0.99606493     5.9985171      1.4940056      6.9114514       16410000   0.991361       5.9916884      1.4869501      6.9060896       16420000   0.9958583      5.9877926      1.4936956      6.9144306       16430000   0.99415291     6.0105035      1.4911377      6.9237261       16440000   1.0083576      6.0033931      1.5124434      6.907131        16450000   0.9979881      6.0113168      1.4968901      6.9160247       16460000   1.0045665      6.0108366      1.5067571      6.9193301       16470000   1.0043324      6.0099893      1.5064061      6.9225586       16480000   0.99030294     6.014169       1.4853631      6.9286092       16490000   1.0061636      5.9867197      1.5091526      6.9150563       16500000   1.0078655      5.9924046      1.5117054      6.9219246       16510000   0.99888193     6.010005       1.4982308      6.9244689       16520000   1.0072524      6.001258       1.5107858      6.9230957       16530000   1.0062322      6.0059637      1.5092556      6.9275057       16540000   0.99588882     6.0130456      1.4937414      6.920936        16550000   1.01406        5.9979249      1.5209965      6.9195575       16560000   1.0046776      6.0020042      1.5069237      6.9205649       16570000   0.99821038     6.007252       1.4972235      6.9129001       16580000   1.0032133      5.9962848      1.5047275      6.9255718       16590000   1.0086192      5.9785141      1.5128357      6.904697        16600000   1.0075599      6.006955       1.511247       6.9213302       16610000   1.0141265      5.9941935      1.5210962      6.9191972       16620000   1.0033235      6.0079236      1.5048928      6.931481        16630000   1.0019227      5.9942605      1.5027916      6.9188507       16640000   1.0035445      5.9930707      1.5052242      6.9223697       16650000   0.99578457     6.0130253      1.493585       6.9274662       16660000   1.0033882      6.0071         1.5049898      6.9214376       16670000   1.0107723      5.9888665      1.5160652      6.9276434       16680000   0.99952427     5.9932759      1.4991943      6.9139569       16690000   0.9954041      5.9800927      1.4930144      6.9105812       16700000   0.98822286     5.9899446      1.4822432      6.9201607       16710000   1.0028509      5.9838147      1.5041839      6.9044942       16720000   1.0012629      5.9892326      1.5018021      6.914942        16730000   1.002645       6.0099359      1.503875       6.9112015       16740000   1.000643       6.0089771      1.5008723      6.9150592       16750000   1.0095788      5.9990381      1.5142751      6.911908        16760000   1.0017413      6.0155532      1.5025195      6.9227686       16770000   0.99972867     6.02627        1.4995008      6.927228        16780000   0.9991412      6.0035045      1.4986197      6.9166958       16790000   0.99456257     5.9886054      1.4917522      6.9283268       16800000   0.99789778     5.9968462      1.4967547      6.9076698       16810000   0.99960652     5.9959951      1.4993176      6.9107697       16820000   0.99450631     6.0048708      1.4916678      6.9144679       16830000   0.98972714     6.0036907      1.4844995      6.9197217       16840000   0.99759152     5.9864309      1.4962953      6.9174043       16850000   0.99905961     5.9808867      1.4984973      6.9144161       16860000   0.99029105     5.9841626      1.4853453      6.9173159       16870000   0.99877558     5.9854844      1.4980713      6.9093341       16880000   0.98311846     5.9983044      1.4745871      6.9246421       16890000   0.98757553     5.993618       1.4812723      6.917215        16900000   0.99378624     5.992626       1.4905877      6.9159182       16910000   1.0016282      5.9834601      1.5023499      6.9119393       16920000   1.0021422      5.9823542      1.5031209      6.9186143       16930000   1.0061118      5.9925971      1.5090749      6.9250316       16940000   1.0082001      5.9986712      1.5122073      6.9192604       16950000   1.00513        6.0091092      1.5076023      6.9238699       16960000   1.0058326      5.9985114      1.5086561      6.9124948       16970000   0.98647708     6.006952       1.4796247      6.9162616       16980000   1.0013045      6.0050194      1.5018644      6.9227177       16990000   1.0074689      5.9997229      1.5111105      6.9103597       17000000   0.99933975     6.0050001      1.4989175      6.9165688       17010000   1.0062353      6.0064007      1.5092602      6.9146886       17020000   1.0057121      6.0076545      1.5084754      6.912694        17030000   1.0104213      6.0055428      1.5155388      6.920719        17040000   0.99696247     6.0007897      1.4953518      6.9145787       17050000   0.99919142     6.0085097      1.498695       6.9063259       17060000   1.0113236      6.0173403      1.5168922      6.9259452       17070000   1.0033016      6.0194868      1.5048598      6.9136758       17080000   1.004895       6.0324353      1.5072499      6.9224377       17090000   1.0110858      6.0208092      1.5165354      6.9204372       17100000   1.0058312      6.0162417      1.508654       6.9254088       17110000   1.0116932      6.0059283      1.5174465      6.9245354       17120000   0.99774604     6.0155061      1.4965271      6.9211762       17130000   1.0050575      5.9948525      1.5074935      6.9149508       17140000   1.0039199      5.9953985      1.5057873      6.919074        17150000   1.0120512      5.9849176      1.5179836      6.9108725       17160000   1.0080071      6.0005116      1.5119177      6.9277998       17170000   1.0010308      6.0171754      1.5014539      6.9245438       17180000   1.0094831      6.0019314      1.5141316      6.9120987       17190000   1.0057341      5.9987053      1.5085084      6.9177093       17200000   1.0028955      5.9983056      1.5042508      6.9139963       17210000   0.99908096     5.9985826      1.4985293      6.9149286       17220000   0.9910429      6.0074732      1.486473       6.9132385       17230000   0.98648231     6.0029639      1.4796325      6.911814        17240000   1.0058895      6.0008487      1.5087416      6.9094449       17250000   1.002263       6.0163667      1.503302       6.9178774       17260000   1.005235       5.9961506      1.5077598      6.918286        17270000   1.0064485      5.9924223      1.50958        6.9237173       17280000   1.0021119      6.0049568      1.5030754      6.9243543       17290000   1.0049454      6.0144929      1.5073254      6.9208184       17300000   1.0075897      6.0046891      1.5112917      6.9170093       17310000   0.99185208     6.0199311      1.4876867      6.9154045       17320000   1.0017536      5.9953566      1.5025381      6.9186055       17330000   0.99084784     6.0066382      1.4861804      6.9230505       17340000   0.99576538     6.0073966      1.4935563      6.924814        17350000   0.99068457     5.9989564      1.4859355      6.9186713       17360000   0.99610968     5.9943044      1.4940727      6.9128813       17370000   1.0017421      5.9896486      1.5025209      6.913103        17380000   0.98776103     6.0093523      1.4815505      6.9225372       17390000   0.99568222     6.0100796      1.4934315      6.9240887       17400000   1.0058582      6.0053284      1.5086946      6.9128088       17410000   0.99461459     5.9897066      1.4918302      6.915513        17420000   0.99785449     5.9913386      1.4966897      6.9227744       17430000   1.0009691      5.9818163      1.5013614      6.912219        17440000   0.99615403     5.9829261      1.4941392      6.9196777       17450000   0.99352344     6.0067819      1.4901936      6.9276182       17460000   0.99565062     5.9875493      1.4933841      6.9103327       17470000   0.99351343     5.997225       1.4901785      6.9171015       17480000   0.99235971     6.0067093      1.4884481      6.9153562       17490000   0.99684193     6.0158014      1.495171       6.9223617       17500000   0.99648023     6.0127385      1.4946285      6.9192319       17510000   1.0028687      6.0056508      1.5042105      6.9245871       17520000   0.99097113     6.0172197      1.4863653      6.925605        17530000   0.9992857      5.9996078      1.4988364      6.9158412       17540000   1.0036653      5.9908417      1.5054055      6.9142055       17550000   0.99445451     5.9810706      1.4915901      6.9192968       17560000   0.99037163     5.9967857      1.4854661      6.9159135       17570000   1.0052084      5.9929722      1.50772        6.9027365       17580000   1.0056694      5.9999349      1.5084113      6.9113385       17590000   1.003376       6.0217406      1.5049715      6.9217135       17600000   1.0127352      5.9960707      1.5190095      6.924124        17610000   1.0036454      6.0110745      1.5053756      6.9238508       17620000   1.0003983      5.9974627      1.5005052      6.9181445       17630000   1.0020608      6.015941       1.5029988      6.9163584       17640000   1.0006867      6.0122269      1.5009378      6.9129944       17650000   1.00092        6.0102156      1.5012877      6.9203248       17660000   1.0009759      6.0059133      1.5013716      6.9164292       17670000   0.99616743     5.9980404      1.4941593      6.9210048       17680000   1.0022554      6.0057677      1.5032907      6.9217722       17690000   1.006796       6.0115927      1.5101012      6.9254053       17700000   1.0017904      6.0039042      1.5025932      6.9260675       17710000   0.99349968     6.0070447      1.4901579      6.9185057       17720000   0.99155025     5.9931415      1.487234       6.9124892       17730000   0.99708638     5.9942269      1.4955377      6.9199648       17740000   0.98903171     6.0201089      1.4834564      6.9133063       17750000   0.99317285     6.023307       1.4896677      6.9210097       17760000   1.0046982      6.0151353      1.5069546      6.913463        17770000   1.0001973      6.0301487      1.5002037      6.9203971       17780000   0.99902092     6.0289676      1.4984393      6.9154864    
  17790000   0.99949031     6.0305039      1.4991433      6.9257215    
  17800000   0.99067076     6.0111271      1.4859148      6.9158078       17810000   0.99442347     6.0087904      1.4915435      6.9201551       17820000   1.0000615      5.9938189      1.5            6.9216032       17830000   0.99980204     6.0136204      1.4996109      6.9235123    
  17840000   0.99268174     6.0281687      1.4889311      6.9287662    
  17850000   1.0048318      6.0150692      1.507155       6.9201379    
  17860000   0.99428805     6.0085457      1.4913404      6.9114066    
  17870000   1.0007024      6.0084478      1.5009614      6.9148042    
  17880000   1.0021119      6.0094233      1.5030754      6.925266     
  17890000   1.009387       6.0051086      1.5139875      6.9138844    
  17900000   1.0095531      6.0236738      1.5142365      6.9126657    
  17910000   0.99618904     6.0386461      1.4941917      6.9217296    
  17920000   1.001882       6.0459836      1.5027306      6.9339855    
  17930000   1.0029356      6.0230674      1.5043109      6.9277818    
  17940000   1.0073839      5.9910191      1.510983       6.9199645    
  17950000   1.0024119      6.0054384      1.5035254      6.9183322    
  17960000   1.0071141      6.0051984      1.5105783      6.9109785    
  17970000   0.99939442     6.0073744      1.4989995      6.9150033    
  17980000   1.0045586      6.0185757      1.5067452      6.9195901    
  17990000   1.0062784      6.0165765      1.5093248      6.9220301    
  18000000   1.0121615      6.0152889      1.5181489      6.9288838    
  18010000   1.0076471      6.0026198      1.5113777      6.9244536    
  18020000   1.0075311      6.001678       1.5112037      6.9218217    
  18030000   0.99422703     6.0159744      1.4912489      6.9238353    
  18040000   1.0098129      5.9971272      1.5146262      6.9151805    
  18050000   1.0098135      5.9866346      1.5146272      6.9093092    
  18060000   1.0045977      5.9977284      1.5068039      6.9170828    
  18070000   0.99342771     6.0121322      1.49005        6.9332233    
  18080000   1.0048905      5.988          1.5072431      6.9125888    
  18090000   1.0010341      5.9936931      1.5014588      6.9102006    
  18100000   1.0039059      5.9820088      1.5057663      6.915274     
  18110000   1.0028224      5.9757636      1.5041412      6.9183942    
  18120000   1.0057507      6.0018131      1.5085334      6.9221786    
  18130000   1.0147794      5.980056       1.5220755      6.9032414    
  18140000   1.0020526      6.0162657      1.5029865      6.9150676    
  18150000   0.99859323     6.0293585      1.4977978      6.9190824    
  18160000   1.0039084      6.0193338      1.5057701      6.9203862    
  18170000   0.99324272     6.0203091      1.4897725      6.9212684    
  18180000   0.99745649     6.0188967      1.4960928      6.9197737    
  18190000   1.0105624      6.0164954      1.5157504      6.9248023    
  18200000   1.000106       6.0274881      1.5000667      6.9210745    
  18210000   1.0105689      6.0179593      1.5157601      6.9256994    
  18220000   0.99559805     6.0237479      1.4933053      6.9280405    
  18230000   0.99560805     6.0189613      1.4933203      6.9198167    
  18240000   1.0004819      6.0048765      1.5006305      6.9134607    
  18250000   0.99531241     5.9998561      1.4928769      6.9208718    
  18260000   0.99544958     6.0073511      1.4930826      6.9076977    
  18270000   0.99456169     6.0169106      1.4917508      6.9186679    
  18280000   0.99705582     6.020837       1.4954918      6.9203599    
  18290000   1.0019273      6.0232311      1.5027986      6.9278788    
  18300000   1.0054497      6.011256       1.5080818      6.9172608    
  18310000   1.007676       6.0083827      1.5114212      6.9197041    
  18320000   1.0038749      6.018062       1.5057199      6.9219403    
  18330000   0.99572929     6.0246943      1.4935021      6.9263743    
  18340000   1.003227       6.0100377      1.504748       6.9179416    
  18350000   1.0102371      5.9967563      1.5152625      6.9197967    
  18360000   0.9959042      5.9995434      1.4937645      6.9200557    
  18370000   1.00258        5.9833604      1.5037776      6.9148968    
  18380000   1.0040819      5.9869538      1.5060302      6.9066446    
  18390000   1.0032817      5.990832       1.50483        6.9257975    
  18400000   1.0035906      5.9865203      1.5052934      6.9109544    
  18410000   0.99252142     6.0169954      1.4886906      6.9177109    
  18420000   0.99929157     6.0188109      1.4988452      6.9260666    
  18430000   1.0029788      6.0098006      1.5043758      6.9247044    
  18440000   1.0035905      6.0087368      1.5052932      6.9221864    
  18450000   0.99626126     6.0050624      1.4943         6.9236813    
  18460000   1.0018316      6.0046585      1.5026551      6.9174589    
  18470000   1.0118012      5.9916912      1.5176084      6.9153544    
  18480000   0.9922361      6.0105037      1.4882627      6.9114464    
  18490000   0.99767879     6.0103836      1.4964262      6.9142668    
  18500000   0.9961359      6.0194708      1.494112       6.9114422    
  18510000   0.99439709     6.0196276      1.491504       6.9230649    
  18520000   0.99875933     6.0234723      1.4980469      6.9233068    
  18530000   0.99965175     6.0127692      1.4993855      6.9166597    
  18540000   1.007901       5.9999057      1.5117585      6.9132067    
  18550000   1.005477       5.9984695      1.5081228      6.9187616    
  18560000   1.0091907      6.005356       1.5136931      6.9283169    
  18570000   1.0019639      6.0155818      1.5028534      6.9198443    
  18580000   1.0020052      6.0179672      1.5029155      6.916376     
  18590000   0.9990476      6.0119183      1.4984793      6.9197739    
  18600000   1.0048191      5.9952616      1.507136       6.9124427    
  18610000   0.99189617     6.0037909      1.4877528      6.9173852    
  18620000   0.99923703     5.9983082      1.4987634      6.9127459    
  18630000   0.98651725     6.0244082      1.4796849      6.92446      
  18640000   0.99739478     6.0133419      1.4960002      6.9105801    
  18650000   1.0025108      6.011198       1.5036737      6.917519     
  18660000   0.9978274      6.0053883      1.4966491      6.9219302    
  18670000   1.0018539      6.016246       1.5026885      6.9265274    
  18680000   0.99397234     6.0156335      1.4908669      6.9185866    
  18690000   0.99164845     6.0070363      1.4873813      6.9160343    
  18700000   0.98874639     6.0146036      1.4830284      6.9211028    
  18710000   1.0034585      6.0118973      1.5050952      6.9199638    
  18720000   0.99861381     6.0223405      1.4978287      6.9248561    
  18730000   1.0033252      6.0084455      1.5048953      6.9268933    
  18740000   1.0053282      5.9991672      1.5078995      6.920737     
  18750000   0.99494772     6.0063627      1.4923299      6.9234434    
  18760000   0.99920484     5.9998057      1.4987151      6.9159227    
  18770000   0.99585031     5.9844114      1.4936837      6.908209     
  18780000   0.99558381     6.0075388      1.4932839      6.9132242    
  18790000   0.99204114     6.0156497      1.4879703      6.9243903    
  18800000   1.006893       6.0046469      1.5102467      6.9235402    
  18810000   1.0170766      5.9812402      1.5255212      6.9046527    
  18820000   0.9812562      6.008694       1.4717938      6.9169177    
  18830000   0.98391676     6.0018665      1.4757844      6.9218294    
  18840000   0.99584822     5.987543       1.4936805      6.9092527    
  18850000   0.99517687     5.9994568      1.4926736      6.9199123    
  18860000   1.0020506      5.9942087      1.5029835      6.9159606    
  18870000   1.0092386      5.9937168      1.5137649      6.9217388    
  18880000   1.0033262      6.0053878      1.5048968      6.921283     
  18890000   1.0023532      6.0048554      1.5034374      6.9228774    
  18900000   0.99872404     5.9984288      1.497994       6.9206428    
  18910000   1.0012789      6.0098635      1.5018261      6.9182353    
  18920000   1.0034972      6.0103807      1.5051533      6.9176831    
  18930000   1.0094095      6.0115886      1.5140211      6.9201696    
  18940000   1.0201614      6.0066804      1.530148       6.9227826    
  18950000   1.0008797      6.0310857      1.5012272      6.9160398    
  18960000   1.0105155      6.006714       1.51568        6.9197529    
  18970000   1.0049743      6.0200878      1.5073687      6.9150775    
  18980000   1.0001333      6.0187885      1.5001077      6.9186312    
  18990000   0.99253976     6.001821       1.4887181      6.9168055    
  19000000   1.0070798      5.9968839      1.5105268      6.9127526    
  19010000   0.99599602     6.0149316      1.4939022      6.9213151    
  19020000   1.0055587      5.9946938      1.5082454      6.914826     
  19030000   0.9976768      6.0151723      1.4964232      6.9131178    
  19040000   1.0057438      6.0109219      1.508523       6.9173779    
  19050000   1.0039734      5.997687       1.5058676      6.9200059    
  19060000   1.0021434      5.9811683      1.5031227      6.9212562    
  19070000   1.0050082      5.9814593      1.5074197      6.9164605    
  19080000   1.0076216      5.9810486      1.5113395      6.9167997    
  19090000   1.0091539      6.006          1.5136378      6.9223857    
  19100000   0.99701199     6.019326       1.4954261      6.9218711    
  19110000   1.0035123      6.0208257      1.5051759      6.9271245    
  19120000   1.0039214      5.98674        1.5057895      6.9192525    
  19130000   0.9950165      6.0044578      1.492433       6.9215452    
  19140000   0.9895176      6.0128823      1.4841852      6.9170179    
  19150000   0.99500655     6.0030322      1.4924181      6.9176277    
  19160000   0.99838484     5.9838183      1.4974852      6.9102008    
  19170000   1.0033737      5.990994       1.5049681      6.9163359    
  19180000   1.0016563      5.9975098      1.5023921      6.921607     
  19190000   0.99529998     6.0041692      1.4928582      6.9257613    
  19200000   1.0046513      5.9726708      1.5068843      6.9021953    
  19210000   0.99498308     5.99672        1.4923829      6.920306     
  19220000   0.99631369     6.0005064      1.4943787      6.9214143    
  19230000   1.0060467      5.9845109      1.5089773      6.9181106    
  19240000   1.00921        5.9987452      1.513722       6.9214331    
  19250000   0.99475603     5.9977529      1.4920423      6.9180903    
  19260000   0.99884603     5.9785673      1.498177       6.9109298    
  19270000   0.99382405     5.9589311      1.4906444      6.9012844    
  19280000   0.9905707      5.9656702      1.4857647      6.9117747    
  19290000   0.9972019      5.9710824      1.4957109      6.9144414    
  19300000   0.98377078     5.9922368      1.4755655      6.9101235    
  19310000   1.0008779      5.9490248      1.5012245      6.9040833    
  19320000   0.9900165      5.9752576      1.4849335      6.908609     
  19330000   0.99817696     5.9931333      1.4971734      6.9174066    
  19340000   1.0008771      6.0106416      1.5012233      6.9225538    
  19350000   1.0069345      6.0074889      1.5103089      6.9247069    
  19360000   1.006388       6.0116958      1.5094892      6.9283329    
  19370000   0.99234939     6.0282722      1.4884326      6.9102054    
  19380000   0.99050576     6.0275079      1.4856673      6.9151398    
  19390000   0.9966441      6.0120376      1.4948743      6.9202235    
  19400000   0.99938971     5.9975351      1.4989924      6.9190125    
  19410000   0.98876564     5.999659       1.4830573      6.9152047    
  19420000   1.0022221      5.9860516      1.5032408      6.9103976    
  19430000   0.99620021     5.9934816      1.4942085      6.9160127    
  19440000   0.99840987     5.9828085      1.4975228      6.9111383    
  19450000   0.98972625     5.9888394      1.4844981      6.9173553    
  19460000   0.9968476      5.988957       1.4951795      6.9134487    
  19470000   0.99945272     5.9991241      1.4990869      6.9181125    
  19480000   0.99830402     5.9935552      1.497364       6.9109034    
  19490000   1.0032571      6.009971       1.5047932      6.9266883    
  19500000   0.99964964     6.0047802      1.4993823      6.9224821    
  19510000   1.0148365      5.9767633      1.5221612      6.9144467    
  19520000   1.0011808      6.0027305      1.501679       6.9148836    
  19530000   1.0030708      6.0118751      1.5045137      6.9119533    
  19540000   1.0072576      6.0192054      1.5107935      6.9148451    
  19550000   1.0023168      6.0068259      1.5033828      6.9175594    
  19560000   1.0105697      6.0000053      1.5157613      6.927033     
  19570000   1.0100765      6.0065295      1.5150216      6.9168562    
  19580000   0.99966479     6.0190636      1.499405       6.9130872    
  19590000   1.0030568      6.0198449      1.5044927      6.9254742    
  19600000   1.0060325      6.010335       1.508956       6.9207867    
  19610000   0.99814848     5.9990744      1.4971307      6.9280437    
  19620000   0.9973         6.0227799      1.4958581      6.9232186    
  19630000   0.99953675     6.0140231      1.499213       6.9188123    
  19640000   1.0068903      6.0005117      1.5102426      6.9138964    
  19650000   1.0019643      5.989407       1.5028541      6.904728     
  19660000   0.99603766     6.003372       1.4939647      6.9212584    
  19670000   1.0100455      6.004322       1.5149751      6.9159881    
  19680000   1.0094915      6.0135298      1.5141442      6.9313672    
  19690000   1.0082912      5.9968645      1.5123438      6.9164293    
  19700000   1.0074863      5.9993323      1.5111365      6.9056182    
  19710000   1.0112706      6.000084       1.5168127      6.9075939    
  19720000   1.0108489      6.0145565      1.5161801      6.9223044    
  19730000   1.0073052      6.0216048      1.510865       6.9162959    
  19740000   0.99953101     6.0261627      1.4992044      6.9305172    
  19750000   1.0078494      6.0104003      1.5116811      6.925118     
  19760000   0.99923261     6.0181155      1.4987568      6.9252784    
  19770000   0.99278639     6.0332105      1.4890881      6.9281535    
  19780000   1.0037407      6.0172513      1.5055185      6.9310277    
  19790000   1.0087349      6.0103377      1.5130093      6.9198501    
  19800000   0.99847283     6.0026585      1.4976172      6.9236495    
  19810000   0.99972593     6.0077248      1.4994967      6.9156932    
  19820000   0.98769341     6.0226591      1.481449       6.9276208    
  19830000   0.99972623     6.0039514      1.4994972      6.9144015    
  19840000   0.99484037     6.0137615      1.4921688      6.918461     
  19850000   0.99591432     6.0135571      1.4937797      6.9281536    
  19860000   0.99498783     6.0119894      1.49239        6.9239137    
  19870000   1.0046887      6.0103387      1.5069405      6.9250745    
  19880000   1.0044305      6.0081411      1.5065532      6.9186213    
  19890000   1.0057355      5.9980228      1.5085106      6.9181284    
  19900000   0.99161761     6.0197163      1.487335       6.9392107    
  19910000   1.0000018      6.0056806      1.4999105      6.9269547    
  19920000   1.0036205      5.9996315      1.5053382      6.9185454    
  19930000   1.0082195      6.0216511      1.5122362      6.9173136    
  19940000   1.0123385      6.0159683      1.5184144      6.9136187    
  19950000   1.002446       6.0215927      1.5035765      6.9271666    
  19960000   1.0025065      6.0206846      1.5036674      6.9224936    
  19970000   1.0026842      6.0240873      1.5039339      6.9226391    
  19980000   1.004573       5.9888926      1.5067668      6.9163077    
  19990000   0.99684446     6.005072       1.4951748      6.9283091    
  20000000   0.99425821     6.0050488      1.4912957      6.920665     
  20010000   0.99582002     5.9834053      1.4936382      6.9135785    
  20020000   0.99638383     5.970023       1.4944839      6.9068154    
  20030000   0.9932969      5.9943829      1.4898538      6.9153862    
  20040000   0.99461383     5.9942688      1.491829       6.9231387    
  20050000   1.0095322      5.9794282      1.5142053      6.9107404    
  20060000   0.99509635     6.0243208      1.4925528      6.9146128    
  20070000   0.99318976     6.0157412      1.4896931      6.9191825    
  20080000   1.0020596      5.9869497      1.502997       6.9147515    
  20090000   0.99672575     6.0084288      1.4949967      6.9188328    
  20100000   1.0017427      6.0028354      1.5025218      6.9130387    
  20110000   0.99154251     5.9873792      1.4872224      6.9171382    
Loop time of 205414 on 1 procs for 20000000 steps with 16270 atoms

Performance: 42061.346 tau/day, 97.364 timesteps/s
99.7% CPU use with 1 MPI tasks x 1 OpenMP threads

MPI task timing breakdown:
Section |  min time  |  avg time  |  max time  |%varavg| %total
---------------------------------------------------------------
Pair    | 1.0604e+05 | 1.0604e+05 | 1.0604e+05 |   0.0 | 51.62
Bond    | 7036       | 7036       | 7036       |   0.0 |  3.43
Neigh   | 71050      | 71050      | 71050      |   0.0 | 34.59
Comm    | 1458.6     | 1458.6     | 1458.6     |   0.0 |  0.71
Output  | 7.3624     | 7.3624     | 7.3624     |   0.0 |  0.00
Modify  | 18983      | 18983      | 18983      |   0.0 |  9.24
Other   |            | 836.4      |            |       |  0.41

Nlocal:          16270 ave       16270 max       16270 min
Histogram: 1 0 0 0 0 0 0 0 0 0
Nghost:           5736 ave        5736 max        5736 min
Histogram: 1 0 0 0 0 0 0 0 0 0
Neighs:         363112 ave      363112 max      363112 min
Histogram: 1 0 0 0 0 0 0 0 0 0

Total # of neighbors = 363112
Ave neighs/atom = 22.317886
Ave special neighs/atom = 1.9176398
Neighbor list builds = 1795074
Dangerous builds = 268373


write_data data*.xyz
System init for write_data ...
Generated 0 of 1 mixed pair_coeff terms from geometric mixing rule
WARNING: Not all mixed pair coeffs generated from mixing. Use write_data with 'pair ij' option to store all pair coeffs. (src/write_data.cpp:309)
write_restart 	restart.polymer_ring
System init for write_restart ...
Generated 0 of 1 mixed pair_coeff terms from geometric mixing rule

print "ALL done"
ALL done
Total wall time: 57:05:37
