
pair_style      lj/cut 4.0
pair_modify     shift yes
read_restart    prod.restart1
Reading restart file ...
  restart file = 23 Jun 2022, LAMMPS = 23 Jun 2022
  restoring atom style bond from restart
  orthogonal box = (-40 -40 -35) to (40 40 35)
  1 by 1 by 1 MPI processor grid
  restoring pair style lj/cut from restart
  restoring bond style fene from restart
  30000 atoms
  28800 bonds
Finding 1-2 1-3 1-4 neighbors ...
  special bond factors lj:    0        1        1       
  special bond factors coul:  0        1        1       
     2 = max # of 1-2 neighbors
     6 = max # of special neighbors
  special bonds CPU = 0.006 seconds
  read_restart CPU = 0.014 seconds

bond_style      fene
special_bonds   fene
bond_coeff      1 10.0 2.0 1.0 1.0

group polymerA type 1
15000 atoms in group polymerA
group polymerB type 2
15000 atoms in group polymerB
group receptorC type 3
0 atoms in group receptorC
group receptorD type 4
0 atoms in group receptorD
group polymer union polymerA polymerB
30000 atoms in group polymer
group ligand union receptorC receptorD
0 atoms in group ligand

# Polymer-Polymer
pair_coeff 1 1 0.5 1.0 2.5      # A-A
pair_coeff 2 2 0.5 1.0 2.5      # B-B
pair_coeff 1 2 0.1 1.0 2.5      # A-B

# Polymer-Receptor
pair_coeff 1 3 50.0 1.0 4.0     # A-C
pair_coeff 1 4 50.0 1.0 1.1225  # A-D
pair_coeff 2 3 50.0 1.0 1.1225  # B-C
pair_coeff 2 4 50.0 1.0 4.0     # B-D

# Receptor-Receptor
pair_coeff 3 3 1.0 1.0 1.1225
pair_coeff 4 4 1.0 1.0 1.1225
pair_coeff 3 4 1.0 1.0 1.1225

neighbor        1.0 bin

region upper_box block -40 40 -40 40 32.2 34.8
create_atoms 3 random 50 998273 upper_box   # receptor C
Created 50 atoms
  using lattice units in orthogonal box = (-40 -40 -35) to (40 40 35)
  create_atoms CPU = 0.000 seconds
create_atoms 4 random 50 123456 upper_box   # receptor D
Created 50 atoms
  using lattice units in orthogonal box = (-40 -40 -35) to (40 40 35)
  create_atoms CPU = 0.000 seconds

group receptorC type 3
50 atoms in group receptorC
group receptorD type 4
50 atoms in group receptorD
group ligand union receptorC receptorD
100 atoms in group ligand

fix wall_poly polymer wall/lj126 zlo -32 1.0 1.0 1.1225 zhi 32 1.0 1.0 1.1225

fix wall_lig ligand wall/lj126 zlo 32 1.0 1.0 1.1225 zhi 35 1.0 1.0 1.1225

#minimize 1.0e-4 1.0e-6 100 1000

fix 3 all nve/limit 0.01
run 10000
Generated 0 of 6 mixed pair_coeff terms from geometric mixing rule
Neighbor list info ...
  update every 1 steps, delay 10 steps, check yes
  max neighbors/atom: 2000, page size: 100000
  master list distance cutoff = 5
  ghost atom cutoff = 5
  binsize = 2.5, bins = 32 32 28
  1 neighbor lists, perpetual/occasional/extra = 1 0 0
  (1) pair lj/cut, perpetual
      attributes: half, newton on
      pair build: half/bin/newton
      stencil: half/bin/3d
      bin: standard
Per MPI rank memory allocation (min/avg/max) = 23.04 | 23.04 | 23.04 Mbytes
   Step          Temp          E_pair         E_mol          TotEng         Press     
     20000   0.99271394     3.7144201      8.0627278      13.266169      2.893598     
     30000   0.24692116    -2.0123533      6.4345076      4.7925238     -0.0030902547 
Loop time of 133.009 on 1 procs for 10000 steps with 30100 atoms

Performance: 32479.112 tau/day, 75.183 timesteps/s
100.0% CPU use with 1 MPI tasks x 1 OpenMP threads

MPI task timing breakdown:
Section |  min time  |  avg time  |  max time  |%varavg| %total
---------------------------------------------------------------
Pair    | 116.46     | 116.46     | 116.46     |   0.0 | 87.55
Bond    | 3.2716     | 3.2716     | 3.2716     |   0.0 |  2.46
Neigh   | 9.5233     | 9.5233     | 9.5233     |   0.0 |  7.16
Comm    | 0.30416    | 0.30416    | 0.30416    |   0.0 |  0.23
Output  | 0.00010565 | 0.00010565 | 0.00010565 |   0.0 |  0.00
Modify  | 2.6953     | 2.6953     | 2.6953     |   0.0 |  2.03
Other   |            | 0.7587     |            |       |  0.57

Nlocal:          30100 ave       30100 max       30100 min
Histogram: 1 0 0 0 0 0 0 0 0 0
Nghost:           6979 ave        6979 max        6979 min
Histogram: 1 0 0 0 0 0 0 0 0 0
Neighs:     1.6077e+06 ave  1.6077e+06 max  1.6077e+06 min
Histogram: 1 0 0 0 0 0 0 0 0 0

Total # of neighbors = 1607701
Ave neighs/atom = 53.411993
Ave special neighs/atom = 1.9136213
Neighbor list builds = 196
Dangerous builds = 0
unfix 3

fix 3 all nve
fix 4 all langevin 1 1 1.0 90428

thermo_style    custom step temp pe ke ebond
thermo_modify   flush yes
thermo          10000
timestep        0.005

dump 1 all custom 50000 file_trajectory.bin id type x y z xu yu zu vx vy vz

restart 100000 prod.restart2 prod.restart3
run 20000000
Generated 0 of 6 mixed pair_coeff terms from geometric mixing rule
Per MPI rank memory allocation (min/avg/max) = 27.1 | 27.1 | 27.1 Mbytes
   Step          Temp          PotEng         KinEng         E_bond    
     30000   0.24692116     4.4221544      0.37036943     6.4345076    
     40000   1.0063767      6.1152348      1.5095148      6.9084885    
     50000   1.0038672      6.1310964      1.5057507      6.9034255    
     60000   1.0073552      6.1297235      1.5109826      6.9026461    
     70000   1.0041219      6.1480371      1.5061327      6.9078016    
     80000   0.99409586     6.1474133      1.4910942      6.9087454    
     90000   0.99876112     6.1391396      1.4980919      6.9059321    
    100000   0.99837613     6.1603053      1.4975144      6.8984279    
    110000   0.99653822     6.1743144      1.4947577      6.9145094    
    120000   0.99912085     6.1436301      1.4986315      6.9034894    
    130000   1.007175       6.1562865      1.5107123      6.9022789    
    140000   0.99777218     6.150721       1.4966085      6.9088198    
    150000   1.0057578      6.1578327      1.5085866      6.9031703    
    160000   1.001021       6.1551659      1.5014816      6.9074676    
    170000   1.0123015      6.1554418      1.5184018      6.9024543    
    180000   1.0074016      6.1675276      1.5110521      6.9115205    
    190000   1.0049482      6.1709127      1.5073722      6.9077169    
    200000   1.0069121      6.1507495      1.510318       6.9049218    
    210000   1.0016508      6.1534568      1.5024263      6.904154     
    220000   0.99009821     6.1535768      1.485098       6.8988849    
    230000   0.99488803     6.1601687      1.4922825      6.910773     
    240000   1.0009884      6.1507025      1.5014327      6.8984152    
    250000   1.0018222      6.1595568      1.5026833      6.9092311    
    260000   0.9942312      6.1501895      1.4912973      6.9030015    
    270000   0.99678166     6.1625219      1.4951228      6.9069719    
    280000   1.0049278      6.1666205      1.5073416      6.9146223    
    290000   0.99632232     6.1696351      1.4944338      6.9095957    
    300000   0.99465747     6.1720448      1.4919366      6.9128008    
    310000   1.0056113      6.1437344      1.5083668      6.8984763    
    320000   0.99532421     6.1623116      1.4929367      6.9128148    
    330000   0.99256818     6.1541322      1.4888028      6.9084507    
    340000   0.99795934     6.1777055      1.4968893      6.9109907    
    350000   1.000326       6.1664948      1.5004392      6.908231     
    360000   0.99902628     6.1635221      1.4984896      6.9051436    
    370000   1.0009252      6.1742416      1.501338       6.9065177    
    380000   1.0055004      6.1605069      1.5082004      6.9058422    
    390000   1.0009957      6.1572771      1.5014437      6.9057465    
    400000   0.99838379     6.1424104      1.4975259      6.9013415    
    410000   1.0047827      6.1571799      1.507124       6.9106008    
    420000   0.99741482     6.1701794      1.4960725      6.919025     
    430000   0.99959674     6.1515112      1.4993453      6.9102025    
    440000   1.0001645      6.1567388      1.5001969      6.9124091    
    450000   0.9988919      6.1630338      1.4982881      6.9119662    
    460000   1.0021625      6.1733843      1.5031938      6.9129462    
    470000   1.0009121      6.1628998      1.5013182      6.908157     
    480000   1.0089878      6.1590294      1.5134314      6.910566     
    490000   1.000484       6.1603777      1.5006762      6.9062311    
    500000   0.99030919     6.1351375      1.4854144      6.8989291    
    510000   0.99851472     6.1427419      1.4977223      6.9026378    
    520000   0.99722424     6.1498831      1.4957867      6.9071756    
    530000   1.0016651      6.1536781      1.5024477      6.9170818    
    540000   0.99965722     6.1441483      1.499436       6.9047043    
    550000   1.008285       6.1536521      1.5123773      6.9141681    
    560000   1.0007172      6.153393       1.5010259      6.9153596    
    570000   0.99926419     6.1442192      1.4988465      6.9016756    
    580000   0.99874924     6.1458102      1.4980741      6.9033531    
    590000   1.000062       6.1496859      1.5000431      6.9058402    
    600000   0.99773452     6.1451099      1.4965521      6.9094863    
    610000   0.99845683     6.148418       1.4976355      6.9037679    
    620000   1.0055757      6.1525498      1.5083134      6.9056055    
    630000   1.0008874      6.1592694      1.5012812      6.9054069    
    640000   0.99594557     6.1619049      1.4938687      6.9069376    
    650000   1.0041428      6.1627618      1.5061642      6.906514     
    660000   0.99696246     6.144581       1.495394       6.9047939    
    670000   1.0043736      6.1426136      1.5065104      6.9027793    
    680000   0.99549575     6.1444777      1.493194       6.8987715    
    690000   1.0148485      6.1553351      1.5222222      6.9042265    
    700000   0.99732856     6.1651038      1.4959431      6.9078105    
    710000   0.99797079     6.1612088      1.4969064      6.9120446    
    720000   0.99394921     6.1449501      1.4908743      6.9060666    
    730000   1.0005728      6.1547056      1.5008094      6.9075733    
    740000   1.003152       6.1562173      1.504678       6.9026911    
    750000   1.0007161      6.1665771      1.5010243      6.911913     
    760000   0.99791734     6.1565822      1.4968263      6.9087363    
    770000   1.0044547      6.1536043      1.506632       6.9105757    
    780000   1.0060662      6.1644398      1.5090491      6.9148426    
    790000   1.0057343      6.1455715      1.5085513      6.914813     
    800000   1.0033155      6.1509774      1.5049232      6.9094945    
    810000   0.99996083     6.1581374      1.4998914      6.9118987    
    820000   0.99336837     6.1517227      1.490003       6.9142866    
    830000   0.99456226     6.1512343      1.4917938      6.906426     
    840000   0.99908553     6.160311       1.4985785      6.9068657    
    850000   0.9914359      6.1637598      1.4871044      6.9091649    
    860000   1.006491       6.149564       1.5096863      6.9080129    
    870000   1.0026739      6.1335598      1.5039608      6.9081806    
    880000   1.0075425      6.1555221      1.5112636      6.9121629    
    890000   1.0048153      6.1447267      1.5071729      6.900306     
    900000   0.99507996     6.1583618      1.4925703      6.9138339    
    910000   0.99738317     6.1691466      1.4960251      6.9102815    
    920000   1.0058281      6.163055       1.508692       6.9091508    
    930000   0.99518183     6.1558344      1.4927232      6.9072952    
    940000   0.99657953     6.1706639      1.4948196      6.9177215    
    950000   0.99549737     6.1379343      1.4931964      6.9009665    
    960000   0.98953268     6.1560036      1.4842497      6.9130074    
    970000   0.9992167      6.146779       1.4987753      6.9093408    
    980000   0.99701316     6.1522163      1.4954701      6.9098438    
    990000   0.99697652     6.1456928      1.4954151      6.9078547    
   1000000   0.99366099     6.1424321      1.490442       6.9020808    
   1010000   0.99867676     6.1446444      1.4979654      6.9003195    
   1020000   1.0072746      6.1433804      1.5108617      6.9037638    
   1030000   0.99791954     6.1659536      1.4968296      6.9153354    
   1040000   1.0092765      6.1514027      1.5138645      6.911798     
   1050000   0.99535245     6.15602        1.4929791      6.906143     
   1060000   1.0034463      6.151508       1.5051195      6.9111203    
   1070000   0.99969609     6.1553183      1.4994943      6.9097445    
   1080000   1.0022593      6.1412975      1.503339       6.9062902    
   1090000   0.99880259     6.1551047      1.4981541      6.9069135    
   1100000   0.99903126     6.1526231      1.4984971      6.9045222    
   1110000   0.99888978     6.1656415      1.4982849      6.904602     
   1120000   1.0032851      6.1457338      1.5048777      6.9088879    
   1130000   0.99524659     6.1634859      1.4928203      6.9125563    
   1140000   1.0158099      6.1636445      1.5236643      6.9120482    
   1150000   1.0009115      6.1495732      1.5013174      6.9092988    
   1160000   1.0038206      6.1561388      1.5056808      6.9074347    
   1170000   0.98429581     6.1472581      1.4763947      6.9035642    
   1180000   0.99286762     6.1438465      1.489252       6.9059316    
   1190000   0.98725633     6.1550336      1.4808353      6.9087877    
   1200000   0.99962019     6.1509406      1.4993805      6.91126      
   1210000   1.0032994      6.1574847      1.5048991      6.9095208    
   1220000   0.99438592     6.1551094      1.4915293      6.9051093    
   1230000   1.0017517      6.1512356      1.5025777      6.9113451    
   1240000   1.0025543      6.1579577      1.5037814      6.9094657    
   1250000   1.0024061      6.1727488      1.5035592      6.9176756    
   1260000   0.99866226     6.1599165      1.4979436      6.9131162    
   1270000   0.99996779     6.1624123      1.4999019      6.9218973    
   1280000   1.0109867      6.1526144      1.5164296      6.9076968    
   1290000   0.99864898     6.1370805      1.4979237      6.9018361    
   1300000   0.9953066      6.1476495      1.4929103      6.9135664    
   1310000   1.0006108      6.1549737      1.5008663      6.9173516    
   1320000   0.99620869     6.1379503      1.4942634      6.9071994    
   1330000   1.0021341      6.1411635      1.5031511      6.9079336    
   1340000   0.99632083     6.152613       1.4944316      6.911596     
   1350000   1.0079798      6.1468028      1.5119194      6.9082729    
   1360000   0.99985651     6.1411043      1.4997349      6.9036093    
   1370000   0.99490679     6.1549063      1.4923106      6.910184     
   1380000   0.99759649     6.140039       1.496345       6.9063201    
   1390000   1.0026815      6.148761       1.5039723      6.9129295    
   1400000   1.0072847      6.1352757      1.5108769      6.9092323    
   1410000   0.99654718     6.1437629      1.4947711      6.9086771    
   1420000   1.0042751      6.133515       1.5063626      6.8971269    
   1430000   0.99334031     6.1386917      1.489961       6.9076211    
   1440000   0.99657331     6.1456541      1.4948103      6.9107596    
   1450000   1.0028709      6.1379932      1.5042563      6.9077552    
   1460000   1.0016447      6.1494488      1.5024171      6.9106821    
   1470000   0.99881687     6.1549676      1.4981755      6.9109921    
   1480000   1.0064092      6.1419045      1.5095637      6.9089957    
   1490000   0.99990534     6.1446301      1.4998082      6.9124774    
   1500000   1.0050121      6.1378008      1.5074681      6.9095694    
   1510000   1.0065525      6.1481028      1.5097787      6.9039623    
   1520000   0.99264506     6.1466919      1.4889181      6.9038944    
   1530000   1.0033105      6.1467552      1.5049158      6.9044786    
   1540000   1.0000129      6.1430989      1.4999695      6.905171     
   1550000   1.0023831      6.1363012      1.5035247      6.9110423    
   1560000   0.99924867     6.1384109      1.4988232      6.9048329    
   1570000   1.0041287      6.1566801      1.5061429      6.9098739    
   1580000   0.99633986     6.1469748      1.4944601      6.9075253    
   1590000   1.0040225      6.1484155      1.5059837      6.9114323    
   1600000   0.99596382     6.1389364      1.4938961      6.9038129    
   1610000   0.99564395     6.1494996      1.4934163      6.91015      
   1620000   0.99705259     6.1431175      1.4955292      6.9184354    
   1630000   1.0023644      6.1469059      1.5034967      6.9024278    
   1640000   0.99864445     6.1424226      1.4979169      6.9033961    
   1650000   0.99451697     6.1315124      1.4917259      6.9050274    
   1660000   1.0090101      6.1438944      1.5134649      6.9057617    
   1670000   1.0060676      6.1427591      1.5090513      6.9080825    
   1680000   1.0017307      6.1390244      1.5025462      6.9050575    
   1690000   1.0017271      6.1445143      1.5025407      6.9144059    
   1700000   0.99210405     6.1404958      1.4881066      6.9113186    
   1710000   1.002906       6.1396714      1.5043091      6.9133729    
   1720000   0.99643764     6.1320932      1.4946068      6.9053674    
   1730000   1.0034589      6.1326327      1.5051384      6.8991816    
   1740000   1.0066518      6.1203924      1.5099275      6.8953495    
   1750000   1.0001484      6.140125       1.5001728      6.9151914    
   1760000   1.0106758      6.14066        1.5159633      6.9113832    
   1770000   0.99569714     6.1284678      1.4934961      6.9032471    
   1780000   0.99393354     6.136142       1.4908508      6.9036872    
   1790000   0.98876031     6.1417705      1.4830912      6.9099329    
   1800000   0.99896844     6.1276849      1.4984029      6.9084248    
   1810000   0.99335706     6.1235725      1.4899861      6.9053056    
   1820000   1.0003725      6.1308856      1.5005088      6.9095998    
   1830000   1.0096209      6.120336       1.5143811      6.9094479    
   1840000   0.99096173     6.1203326      1.4863932      6.9096992    
   1850000   0.99850672     6.1264558      1.4977103      6.9112483    
   1860000   1.0016292      6.1204707      1.502394       6.905351     
   1870000   0.99379358     6.1135886      1.4906408      6.9037626    
   1880000   1.0019262      6.113159       1.5028394      6.9016084    
   1890000   0.9978474      6.1290352      1.4967214      6.9087421    
   1900000   0.99977193     6.1189428      1.4996081      6.9038911    
   1910000   1.006794       6.1220402      1.5101409      6.9053497    
   1920000   0.99517691     6.1202461      1.4927158      6.9132973    
   1930000   1.0026746      6.1431604      1.503962       6.9188635    
   1940000   0.99604143     6.1306244      1.4940125      6.9103498    
   1950000   0.99615802     6.1269016      1.4941874      6.9079951    
   1960000   0.99570837     6.1236178      1.4935129      6.9038192    
   1970000   1.0070425      6.1206262      1.5105136      6.89963      
   1980000   0.99671492     6.1126801      1.4950227      6.9043902    
   1990000   1.0044662      6.1285271      1.5066492      6.9079352    
   2000000   1.0054866      6.1299688      1.5081798      6.9107657    
   2010000   1.003924       6.1123565      1.505836       6.8999453    
   2020000   0.99481928     6.1122923      1.4921793      6.9059349    
   2030000   0.9914764      6.1101236      1.4871652      6.9035199    
   2040000   1.0038031      6.1364261      1.5056547      6.9133019    
   2050000   1.000282       6.116094       1.5003731      6.9095884    
   2060000   1.0043138      6.1140678      1.5064207      6.9054273    
   2070000   0.99944913     6.1166115      1.4991239      6.9087847    
   2080000   0.99605773     6.1186738      1.494037       6.9029111    
   2090000   1.0011425      6.1217526      1.5016638      6.9084202    
   2100000   0.99731511     6.1382226      1.495923       6.9119829    
   2110000   1.0059733      6.1336669      1.5089098      6.9137906    
   2120000   0.99718497     6.1333622      1.4957278      6.9050016    
   2130000   1.0012409      6.1280989      1.5018115      6.9105809    
   2140000   1.0059821      6.1186294      1.508923       6.9072662    
   2150000   0.99673558     6.1026347      1.4950537      6.8998343    
   2160000   1.0015936      6.1131806      1.5023405      6.907015     
   2170000   0.99743138     6.1134202      1.4960974      6.9079438    
   2180000   1.0053022      6.1162558      1.5079032      6.9052964    
   2190000   1.0071591      6.1158769      1.5106885      6.9062645    
   2200000   1.0066571      6.1182593      1.5099354      6.9072802    
   2210000   1.0030963      6.1255013      1.5045944      6.9034862    
   2220000   0.99965215     6.1250073      1.4994284      6.9075921    
   2230000   1.0067257      6.1426623      1.5100383      6.9150064    
   2240000   0.99872551     6.1298265      1.4980385      6.9095907    
   2250000   0.99899003     6.1376708      1.4984353      6.9117672    
   2260000   1.0036499      6.1215996      1.5054248      6.9105248    
   2270000   1.0067533      6.123541       1.5100797      6.9067523    
   2280000   0.99594407     6.1174462      1.4938665      6.901775     
   2290000   0.99834657     6.1124518      1.4974701      6.9013814    
   2300000   0.99726975     6.1218994      1.4958549      6.9064557    
   2310000   1.00008        6.1272595      1.5000702      6.9147213    
   2320000   1.0008176      6.1303156      1.5011765      6.9139681    
   2330000   0.99997587     6.1244693      1.499914       6.9067297    
   2340000   0.99637963     6.1237974      1.4945198      6.9074756    
   2350000   0.98887387     6.1295707      1.4832615      6.9073097    
   2360000   1.0051847      6.1123673      1.5077269      6.9062604    
   2370000   1.0051553      6.1313541      1.5076828      6.9056854    
   2380000   1.0045464      6.117081       1.5067696      6.9044223    
   2390000   0.99787616     6.1248937      1.4967645      6.9049824    
   2400000   1.0018593      6.1326079      1.5027391      6.9120435    
   2410000   1.0064731      6.1264151      1.5096595      6.9004113    
   2420000   1.0042557      6.1241936      1.5063335      6.9034544    
   2430000   0.99651007     6.1202817      1.4947154      6.9025229    
   2440000   0.99536533     6.1162708      1.4929984      6.9128736    
   2450000   1.0016788      6.1157922      1.5024683      6.9077911    
   2460000   0.99862682     6.1086722      1.4978905      6.9025862    
   2470000   1.0076858      6.1101049      1.5114785      6.9098388    
   2480000   1.0062775      6.1165891      1.509366       6.9157987    
   2490000   0.99408288     6.1177121      1.4910748      6.9104292    
   2500000   1.0019975      6.1235003      1.5029464      6.8997807    
   2510000   1.0044189      6.1075411      1.5065783      6.9089193    
   2520000   0.99706502     6.1133899      1.4955478      6.8966429    
   2530000   0.99624844     6.1285508      1.494323       6.9078031    
   2540000   1.0007286      6.1266815      1.501043       6.903994     
   2550000   1.0026732      6.1344542      1.5039599      6.9088743    
   2560000   0.99827644     6.1376403      1.4973649      6.912884     
   2570000   0.99918863     6.1218116      1.4987332      6.9055462    
   2580000   0.99286484     6.1187314      1.4892478      6.9056868    
   2590000   0.99871235     6.1077136      1.4980188      6.900624     
   2600000   1.0045394      6.1255656      1.506759       6.9105383    
   2610000   1.0019884      6.1219506      1.5029327      6.9074192    
   2620000   0.99821328     6.1226299      1.4972702      6.908302     
   2630000   0.99958882     6.1068259      1.4993334      6.8969177    
   2640000   1.0031848      6.1218981      1.5047271      6.9023785    
   2650000   1.0071073      6.1306213      1.5106108      6.9084464    
   2660000   0.99982594     6.1316354      1.4996891      6.9069193    
   2670000   1.005221       6.1215765      1.5077814      6.9077518    
   2680000   0.99792018     6.1198996      1.4968305      6.9044252    
   2690000   1.0094695      6.1239759      1.5141539      6.9059384    
   2700000   0.99006776     6.1315341      1.4850523      6.9154164    
   2710000   1.002353       6.1218319      1.5034796      6.9085977    
   2720000   1.0009109      6.126316       1.5013165      6.9034057    
   2730000   0.99728917     6.1272933      1.4958841      6.9049754    
   2740000   0.99885092     6.1307129      1.4982266      6.9124195    
   2750000   0.99687303     6.1410157      1.4952599      6.9172707    
   2760000   1.0024877      6.1189724      1.5036816      6.906125     
   2770000   1.0115821      6.1175845      1.5173228      6.910634     
   2780000   0.99666007     6.1235333      1.4949404      6.9069048    
   2790000   1.0031584      6.1382759      1.5046876      6.9036954    
   2800000   1.0008445      6.1246426      1.5012168      6.916289     
   2810000   1.0085153      6.1265095      1.5127227      6.9098349    
   2820000   0.99496191     6.1222249      1.4923933      6.9114105    
   2830000   1.0040283      6.1232176      1.5059924      6.9083986    
   2840000   1.000134       6.1316914      1.5001512      6.9109109    
   2850000   0.99953739     6.109978       1.4992563      6.9048945    
   2860000   0.99819887     6.1220632      1.4972486      6.9078884    
   2870000   1.0050851      6.1137461      1.5075776      6.9060065    
   2880000   1.000765       6.1118319      1.5010976      6.9080418    
   2890000   0.99900432     6.112037       1.4984567      6.9087664    
   2900000   0.99691516     6.1362644      1.4953231      6.91386      
   2910000   0.99724663     6.1293825      1.4958202      6.9094024    
   2920000   1.0020727      6.1076022      1.5030591      6.9104881    
   2930000   1.0016518      6.1099218      1.5024278      6.9102993    
   2940000   0.99957589     6.1225199      1.499314       6.9107652    
   2950000   0.99823418     6.1019918      1.4973015      6.9069787    
   2960000   1.0007116      6.1021196      1.5010176      6.9039341    
   2970000   1.0010199      6.1100119      1.5014799      6.908492     
   2980000   0.99912341     6.1080529      1.4986353      6.9028542    
   2990000   0.99647847     6.1172858      1.494668       6.9016207    
   3000000   1.0003348      6.1297486      1.5004524      6.9125953    
   3010000   1.0021075      6.1238523      1.5031113      6.9120786    
   3020000   1.0037062      6.122782       1.5055093      6.9094711    
   3030000   0.99451727     6.1069237      1.4917263      6.9020504    
   3040000   1.00032        6.1048221      1.5004302      6.9078493    
   3050000   1.0006176      6.1309416      1.5008765      6.9112028    
   3060000   0.99544222     6.1229788      1.4931137      6.9028935    
   3070000   0.99071491     6.1106291      1.486023       6.8986564    
   3080000   1.0000331      6.1279507      1.4999998      6.9072847    
   3090000   1.0019176      6.1180956      1.5028265      6.912344     
   3100000   0.99935468     6.1191894      1.4989822      6.9090925    
   3110000   1.0084515      6.1233575      1.512627       6.9069571    
   3120000   0.99950433     6.1142153      1.4992067      6.907627     
   3130000   0.9997006      6.1226436      1.4995011      6.9013184    
   3140000   0.99890229     6.1118966      1.4983037      6.9048685    
   3150000   0.99572015     6.1075506      1.4935306      6.8988667    
   3160000   1.0014999      6.1182149      1.5021999      6.9128507    
   3170000   0.99946038     6.1195799      1.4991408      6.9153659    
   3180000   0.99220801     6.1165208      1.4882626      6.9046923    
   3190000   0.99780976     6.1216894      1.4966649      6.9085173    
   3200000   1.0064307      6.1394792      1.5095959      6.9207251    
   3210000   0.99823901     6.1012714      1.4973088      6.9009294    
   3220000   1.0090105      6.1105217      1.5134655      6.9020864    
   3230000   1.0014719      6.1235018      1.502158       6.9068924    
   3240000   1.0054622      6.1157507      1.5081431      6.9042763    
   3250000   1.0028321      6.125345       1.5041981      6.9098888    
   3260000   0.99828978     6.1248649      1.4973849      6.9090961    
   3270000   0.99700476     6.1063695      1.4954575      6.909921     
   3280000   1.0006016      6.1157068      1.5008526      6.913138     
   3290000   0.99887759     6.1154858      1.4982666      6.9067265    
   3300000   1.0032105      6.1358804      1.5047658      6.9166658    
   3310000   1.0026374      6.1083572      1.5039061      6.908045     
   3320000   0.99266511     6.1011383      1.4889482      6.9028962    
   3330000   0.99870796     6.1272737      1.4980122      6.9164353    
   3340000   0.99916501     6.1177297      1.4986977      6.9092196    
   3350000   0.99995437     6.1090833      1.4998817      6.9026289    
   3360000   1.0057187      6.133486       1.5085279      6.9140037    
   3370000   1.0094725      6.1260284      1.5141585      6.9079996    
   3380000   1.0010568      6.1198672      1.5015353      6.9110077    
   3390000   0.99759376     6.107701       1.4963409      6.903427     
   3400000   0.9990014      6.1156897      1.4984523      6.9036449    
   3410000   0.99815708     6.1139171      1.4971859      6.9015821    
   3420000   1.0029271      6.1364417      1.5043406      6.912936     
   3430000   1.0092767      6.1314525      1.5138647      6.9123351    
   3440000   1.0068773      6.1296798      1.5102657      6.9120689    
   3450000   1.0066718      6.1265961      1.5099576      6.9095781    
   3460000   0.99702663     6.1388287      1.4954903      6.9100597    
   3470000   1.0049666      6.1104019      1.5073998      6.8999957    
   3480000   0.99546508     6.1134755      1.493148       6.9045919    
   3490000   1.0018329      6.1327292      1.5026994      6.9156135    
   3500000   0.99778609     6.1176701      1.4966294      6.902116     
   3510000   1.0007752      6.1214509      1.5011129      6.9071171    
   3520000   1.0000594      6.1214301      1.5000393      6.9094806    
   3530000   1.011278       6.1165421      1.5168666      6.9069448    
   3540000   1.0007109      6.0982727      1.5010165      6.907419     
   3550000   1.0010468      6.1126531      1.5015202      6.9044347    
   3560000   1.0063634      6.0988576      1.509495       6.9003865    
   3570000   1.0023271      6.1320586      1.5034406      6.9150552    
   3580000   0.99859235     6.1143681      1.4978388      6.9022607    
   3590000   0.99939148     6.137135       1.4990374      6.9180896    
   3600000   0.99911934     6.1231786      1.4986292      6.9044117    
   3610000   0.99509371     6.1232151      1.492591       6.9075355    
   3620000   0.99739557     6.1193012      1.4960436      6.902365     
   3630000   1.0110932      6.109262       1.5165894      6.9046379    
   3640000   0.9908191      6.1149562      1.4861793      6.908977     
   3650000   0.99550219     6.1189349      1.4932037      6.9064958    
   3660000   1.0010981      6.133339       1.5015972      6.9054153    
   3670000   1.0012079      6.1305524      1.501762       6.9067953    
   3680000   0.99500843     6.1422765      1.4924631      6.9129989    
   3690000   0.99202991     6.1303358      1.4879954      6.9188295    
   3700000   0.99799915     6.1293425      1.496949       6.9162629    
   3710000   0.99725278     6.1164787      1.4958295      6.9063521    
   3720000   0.99900597     6.1272918      1.4984592      6.913253     
   3730000   1.0084199      6.1132797      1.5125796      6.9046245    
   3740000   0.99980117     6.0983559      1.4996519      6.903616     
   3750000   1.0031883      6.1134336      1.5047324      6.908228     
   3760000   1.000197       6.1189121      1.5002457      6.9113308    
   3770000   0.99590127     6.1286613      1.4938023      6.9050136    
   3780000   1.0013041      6.1364862      1.5019062      6.9150271    
   3790000   1.0100972      6.12706        1.5150954      6.9113227    
   3800000   1.0095498      6.1195578      1.5142744      6.9079786    
   3810000   1.0005464      6.1140919      1.5007698      6.9043523    
   3820000   0.99636276     6.1112548      1.4944945      6.904749     
   3830000   0.99524613     6.1226233      1.4928196      6.9134136    
   3840000   0.99024735     6.1160332      1.4853217      6.8982665    
   3850000   1.0005166      6.1241044      1.500725       6.9046086    
   3860000   0.99403206     6.1208294      1.4909986      6.9041647    
   3870000   1.005706       6.1113733      1.5085089      6.9007564    
   3880000   1.0019936      6.1185434      1.5029405      6.9114591    
   3890000   1.003657       6.1044017      1.5054355      6.9036411    
   3900000   1.0056808      6.1151226      1.5084711      6.9054552    
   3910000   1.0011752      6.1081         1.5017129      6.9110606    
   3920000   0.99666314     6.1083259      1.494945       6.9087767    
   3930000   1.0049564      6.100053       1.5073845      6.9081912    
   3940000   0.99953756     6.1112721      1.4992565      6.9031627    
   3950000   1.0090553      6.1112974      1.5135326      6.9037906    
   3960000   1.0066633      6.1061907      1.5099447      6.9037286    
   3970000   1.005848       6.1261955      1.5087219      6.9052481    
   3980000   1.0033457      6.130054       1.5049686      6.9057759    
   3990000   0.99413371     6.135012       1.491151       6.912522     
   4000000   0.99828249     6.1219279      1.497374       6.9080453    
   4010000   1.0068646      6.1106136      1.5102467      6.9065832    
   4020000   1.0014682      6.1199253      1.5021524      6.9070701    
   4030000   0.99549965     6.1118947      1.4931999      6.903813     
   4040000   0.99746547     6.116634       1.4961485      6.9051486    
   4050000   1.0022366      6.110452       1.503305       6.9077136    
   4060000   1.0023067      6.1102854      1.5034101      6.9107835    
   4070000   0.99098276     6.0981326      1.4864247      6.9042803    
   4080000   0.99888813     6.1119232      1.4982824      6.9110855    
   4090000   1.0001851      6.1034487      1.5002278      6.9063417    
   4100000   1.0008998      6.1048287      1.5012998      6.9051487    
   4110000   1.004801       6.1116764      1.5071515      6.9070942    
   4120000   1.0004616      6.0984557      1.5006425      6.9044473    
   4130000   0.99957801     6.105033       1.4993172      6.9068411    
   4140000   1.0035026      6.1060913      1.5052039      6.9047705    
   4150000   0.99777402     6.1162728      1.4966113      6.9028954    
   4160000   1.0017788      6.1235003      1.5026183      6.9096369    
   4170000   1.0037478      6.1051691      1.5055716      6.897188     
   4180000   1.0000522      6.1189267      1.5000285      6.9053468    
   4190000   1.0053622      6.1252094      1.5079932      6.9150621    
   4200000   0.99744044     6.1152518      1.4961109      6.9111691    
   4210000   1.0102535      6.1114733      1.5153299      6.9074579    
   4220000   0.99360796     6.1252149      1.4903624      6.909351     
   4230000   0.99787292     6.1276908      1.4967596      6.9108588    
   4240000   1.0006376      6.1044673      1.5009065      6.8993691    
   4250000   0.99563375     6.1027562      1.493401       6.9105956    
   4260000   0.99661089     6.1191502      1.4948667      6.9096083    
   4270000   0.99556789     6.1050234      1.4933022      6.9064653    
   4280000   0.99539721     6.1111212      1.4930462      6.9075561    
   4290000   1.004827       6.1008324      1.5071905      6.9062638    
   4300000   1.0010436      6.1113919      1.5015155      6.9118718    
   4310000   1.007302       6.1094384      1.5109028      6.9053757    
   4320000   1.0008229      6.094656       1.5011844      6.8990966    
   4330000   1.0014692      6.1149738      1.5021538      6.9080962    
   4340000   1.0013294      6.103519       1.5019442      6.911875     
   4350000   1.0066245      6.1009347      1.5098866      6.9039944    
   4360000   0.99984556     6.1070018      1.4997185      6.9086692    
   4370000   0.99476887     6.1031087      1.4921037      6.9019332    
   4380000   0.99644862     6.1121925      1.4946233      6.9055981    
   4390000   1.0011158      6.1108865      1.5016237      6.9023562    
   4400000   0.99436555     6.1155759      1.4914988      6.9122211    
   4410000   1.0023955      6.1114874      1.5035433      6.9059497    
   4420000   0.99625494     6.1072558      1.4943328      6.9001257    
   4430000   1.0008709      6.1226141      1.5012565      6.9167729    
   4440000   0.99689228     6.0991532      1.4952887      6.8994322    
   4450000   1.0051782      6.103694       1.5077172      6.9089506    
   4460000   1.0031771      6.1097374      1.5047157      6.912129     
   4470000   1.0027983      6.1142028      1.5041475      6.915068     
   4480000   1.0038468      6.101546       1.5057202      6.9032844    
   4490000   0.99590249     6.1125375      1.4938041      6.9022063    
   4500000   0.99670108     6.1102242      1.495002       6.9111138    
   4510000   0.99268954     6.1062342      1.4889848      6.9120101    
   4520000   0.99847921     6.1177166      1.4976691      6.9054017    
   4530000   0.99803259     6.1072841      1.4969991      6.9064683    
   4540000   0.99691572     6.1165802      1.4953239      6.9134222    
   4550000   1.0010691      6.1333288      1.5015537      6.9167513    
   4560000   1.0054466      6.1188247      1.5081198      6.9069711    
   4570000   1.0038502      6.1179743      1.5057253      6.9040172    
   4580000   1.0023274      6.1146204      1.5034412      6.9026871    
   4590000   1.0014238      6.1214853      1.5020859      6.9052083    
   4600000   1.0051773      6.1167903      1.5077159      6.9014589    
   4610000   1.0063306      6.1135841      1.5094458      6.904687     
   4620000   0.99731576     6.1327119      1.4959239      6.915153     
   4630000   1.0026021      6.123039       1.5038532      6.903501     
   4640000   0.99714549     6.132664       1.4956685      6.9030064    
   4650000   1.0015502      6.1122048      1.5022754      6.9063751    
   4660000   0.99988637     6.1214185      1.4997797      6.9108311    
   4670000   0.99822639     6.1220089      1.4972898      6.9057469    
   4680000   1.0015945      6.1247596      1.5023418      6.9124357    
   4690000   0.99365278     6.1056482      1.4904296      6.9014472    
   4700000   0.99867052     6.1211635      1.497956       6.9070606    
   4710000   0.99896571     6.1000057      1.4983988      6.8941634    
   4720000   1.0013353      6.1059861      1.501953       6.9020195    
   4730000   1.0005696      6.1240826      1.5008045      6.9011713    
   4740000   0.99987072     6.1289531      1.4997563      6.9083058    
   4750000   1.0017279      6.1332685      1.5025419      6.9036017    
   4760000   0.99375085     6.1322344      1.4905767      6.916328     
   4770000   1.0074629      6.1302488      1.5111441      6.9083518    
   4780000   1.0056335      6.1197875      1.5084001      6.907439     
   4790000   0.99468717     6.1295755      1.4919812      6.912996     
   4800000   1.0055969      6.1231068      1.5083452      6.9126326    
   4810000   0.99547059     6.1016808      1.4931563      6.8939374    
   4820000   0.99657413     6.1050918      1.4948115      6.9049651    
   4830000   0.99037065     6.1083396      1.4855066      6.9066999    
   4840000   1.0007104      6.1223068      1.5010158      6.9079781    
   4850000   1.0076991      6.1126997      1.5114985      6.9022207    
   4860000   0.99640631     6.1197681      1.4945598      6.9043579    
   4870000   0.99688741     6.1087953      1.4952814      6.9002161    
   4880000   1.002654       6.1185469      1.5039311      6.9017579    
   4890000   0.99512324     6.1204341      1.4926353      6.9123164    
   4900000   1.0057023      6.1259055      1.5085033      6.9118659    
   4910000   1.0031399      6.1285724      1.5046599      6.9094682    
   4920000   0.99572849     6.1247123      1.4935431      6.9070783    
   4930000   0.99816402     6.1038946      1.4971963      6.9003027    
   4940000   0.99583758     6.1160175      1.4937067      6.9008334    
   4950000   0.99846144     6.110184       1.4976424      6.9000957    
   4960000   0.99891189     6.1187383      1.4983181      6.9050898    
   4970000   1.0005978      6.1320372      1.5008468      6.9102217    
   4980000   0.99986245     6.1230473      1.4997439      6.9043999    
   4990000   0.99757238     6.1316409      1.4963089      6.9131907    
   5000000   1.0003108      6.1288168      1.5004163      6.9127825    
   5010000   0.99850858     6.1136889      1.4977131      6.9044482    
   5020000   1.0007408      6.131883       1.5010613      6.9123513    
   5030000   1.0005725      6.1222078      1.5008089      6.9058856    
   5040000   0.99678048     6.1310221      1.4951211      6.9157935    
   5050000   1.0005209      6.1197093      1.5007315      6.9015095    
   5060000   1.0003523      6.1135019      1.5004786      6.9086455    
   5070000   0.99879977     6.1224415      1.4981499      6.9139822    
   5080000   0.99517082     6.1192728      1.4927066      6.9088529    
   5090000   1.0043628      6.1217742      1.5064942      6.9057833    
   5100000   1.0043082      6.120043       1.5064122      6.9119118    
   5110000   0.99927402     6.11865        1.4988612      6.9132531    
   5120000   0.99702716     6.1158755      1.4954911      6.9038278    
   5130000   1.0077792      6.1137975      1.5116186      6.9063142    
   5140000   0.99979229     6.1110397      1.4996386      6.9068617    
   5150000   1.003237       6.1232675      1.5048055      6.909896     
   5160000   0.99744369     6.1151218      1.4961158      6.9032948    
   5170000   0.99491309     6.1115347      1.4923201      6.9158351    
   5180000   0.99774016     6.1172346      1.4965605      6.9092091    
   5190000   0.99043537     6.1135634      1.4856037      6.9063623    
   5200000   0.99662648     6.1137215      1.49489        6.9077861    
   5210000   0.99195594     6.1215683      1.4878845      6.9061896    
   5220000   0.9950415      6.121799       1.4925127      6.9086783    
   5230000   1.011327       6.1120123      1.51694        6.9044379    
   5240000   0.99180784     6.1230723      1.4876623      6.9059048    
   5250000   1.0017675      6.1216882      1.5026013      6.903463     
   5260000   0.99487762     6.1222681      1.4922668      6.9118174    
   5270000   1.0027801      6.1112673      1.5041202      6.9068625    
   5280000   0.99759337     6.1379393      1.4963403      6.9194497    
   5290000   1.0029769      6.1252396      1.5044153      6.9093158    
   5300000   1.0072035      6.1185951      1.510755       6.9152457    
   5310000   1.0024322      6.1232238      1.5035983      6.9122045    
   5320000   0.9924114      6.1448986      1.4885676      6.913447     
   5330000   0.99789025     6.1212519      1.4967856      6.9094593    
   5340000   1.0043321      6.1247821      1.5064481      6.9054433    
   5350000   0.99614538     6.1016484      1.4941684      6.9019946    
   5360000   1.0009156      6.1248515      1.5013235      6.9150192    
   5370000   0.99839028     6.1267459      1.4975357      6.9095513    
   5380000   0.998487       6.1388317      1.4976807      6.911889     
   5390000   1.0007445      6.112016       1.5010668      6.9037414    
   5400000   0.99501316     6.1312615      1.4924702      6.9042537    
   5410000   0.99691462     6.1240977      1.4953222      6.912696     
   5420000   1.0004828      6.1251722      1.5006743      6.9116483    
   5430000   1.0038016      6.1308506      1.5056524      6.9190253    
   5440000   0.9961348      6.1107262      1.4941526      6.90797      
   5450000   0.99782294     6.1156745      1.4966847      6.9056534    
   5460000   0.99766385     6.1226632      1.4964461      6.9079493    
   5470000   1.0024825      6.1169894      1.5036737      6.9030346    
   5480000   1.0001662      6.1332358      1.5001994      6.9124468    
   5490000   1.0062463      6.1260084      1.5093193      6.9117096    
   5500000   0.99683047     6.1256598      1.495196       6.9036514    
   5510000   1.0041742      6.1179703      1.5062112      6.901241     
   5520000   0.99587305     6.1193315      1.49376        6.9053665    
   5530000   0.99783585     6.1166024      1.4967041      6.8985728    
   5540000   0.99756961     6.1344624      1.4963047      6.9123113    
   5550000   0.99294311     6.1218418      1.4893652      6.905782     
   5560000   0.99654117     6.1286835      1.4947621      6.9019492    
   5570000   0.99752138     6.1232784      1.4962324      6.9053406    
   5580000   1.0046006      6.1453511      1.5068509      6.9082611    
   5590000   0.99610189     6.1434548      1.4941032      6.9146987    
   5600000   0.99934118     6.1389178      1.498962       6.9081459    
   5610000   0.9993288      6.1295159      1.4989434      6.9004185    
   5620000   0.99511746     6.1262109      1.4926266      6.9018318    
   5630000   1.0062588      6.1221506      1.509338       6.9005603    
   5640000   0.99264082     6.1354112      1.4889118      6.9059466    
   5650000   0.9981188      6.1347759      1.4971285      6.90645      
   5660000   0.99665679     6.1443643      1.4949355      6.913128     
   5670000   1.0002536      6.1302466      1.5003306      6.9093178    
   5680000   1.0009721      6.1120727      1.5014083      6.8950615    
   5690000   1.0029096      6.1168212      1.5043144      6.9013755    
   5700000   1.0028311      6.1367125      1.5041966      6.9070351    
   5710000   1.0140591      6.1286306      1.5210381      6.9053026    
   5720000   0.99284841     6.1383965      1.4892231      6.9087691    
   5730000   1.0058537      6.1363676      1.5087304      6.9107286    
   5740000   1.0011094      6.1249754      1.5016141      6.906598     
   5750000   1.0050828      6.1141037      1.5075741      6.9017003    
   5760000   1.0009218      6.1301513      1.5013328      6.9133964    
   5770000   0.9909133      6.1204594      1.4863206      6.9047632    
   5780000   1.0050002      6.1249423      1.5074503      6.9053838    
   5790000   0.99847563     6.1388556      1.4976637      6.9184749    
   5800000   0.99561889     6.1393998      1.4933787      6.9193767    
   5810000   1.0046772      6.1332706      1.5069658      6.9081225    
   5820000   1.0015969      6.140994       1.5023455      6.9158711    
   5830000   0.99538242     6.1364938      1.493024       6.9077255    
   5840000   1.0018517      6.1258116      1.5027276      6.9064117    
   5850000   0.99827777     6.1317561      1.4973669      6.905647     
   5860000   0.99811187     6.1310871      1.4971181      6.9089668    
   5870000   0.99060455     6.1396286      1.4858575      6.9106483    
   5880000   1.001285       6.1251979      1.5018777      6.9048532    
   5890000   0.99888166     6.1353555      1.4982727      6.9109473    
   5900000   1.0019909      6.1267931      1.5029364      6.912877     
   5910000   1.0019636      6.1423406      1.5028955      6.9069529    
   5920000   0.98635974     6.1388246      1.4794905      6.9023019    
   5930000   1.0005894      6.1336477      1.5008342      6.907407     
   5940000   0.99956665     6.1408022      1.4993002      6.9129926    
   5950000   0.99535268     6.1137816      1.4929794      6.899617     
   5960000   0.99224827     6.127572       1.488323       6.9044038    
   5970000   0.99640027     6.1289237      1.4945507      6.911383     
   5980000   1.0007349      6.1275053      1.5010524      6.9070186    
   5990000   1.0022603      6.1344247      1.5033404      6.9085786    
   6000000   1.0117484      6.1187638      1.5175722      6.9017968    
   6010000   1.0037093      6.1298698      1.505514       6.8988772    
   6020000   1.0020504      6.1329722      1.5030257      6.9044006    
   6030000   0.99124889     6.1376834      1.4868239      6.909446     
   6040000   1.0010808      6.1456249      1.5015713      6.9143299    
   6050000   1.0067255      6.1409892      1.5100381      6.9166346    
   6060000   1.0079183      6.1409172      1.5118272      6.9077848    
   6070000   1.00373        6.1363379      1.5055451      6.9099431    
   6080000   1.000543       6.1264954      1.5007646      6.906475     
   6090000   0.99317719     6.1294877      1.4897163      6.9042502    
   6100000   0.99863219     6.1361917      1.4978985      6.9169501    
   6110000   0.99814624     6.1242125      1.4971696      6.90332      
   6120000   0.99976167     6.1434037      1.4995927      6.9131375    
   6130000   1.0001386      6.1287861      1.500158       6.9028411    
   6140000   1.0035529      6.1220241      1.5052793      6.9070442    
   6150000   1.0040351      6.1353854      1.5060026      6.9203203    
   6160000   1.0066893      6.1330428      1.5099837      6.9126015    
   6170000   0.99904964     6.1201012      1.4985247      6.9056893    
   6180000   1.0014894      6.1230693      1.5021842      6.9104512    
   6190000   1.0040951      6.1236022      1.5060927      6.8970125    
   6200000   1.0015089      6.1388894      1.5022134      6.9102379    
   6210000   0.9956033      6.1283581      1.4933553      6.9005295    
   6220000   0.99704111     6.1414682      1.495512       6.9130202    
   6230000   0.99964177     6.1281293      1.4994128      6.9044434    
   6240000   1.0045978      6.1364761      1.5068466      6.91146      
   6250000   1.0023193      6.1165626      1.503429       6.9038631    
   6260000   0.99568047     6.1296939      1.4934711      6.9147702    
   6270000   1.0052828      6.1143361      1.507874       6.9000087    
   6280000   1.0101248      6.1224862      1.5151369      6.9099758    
   6290000   1.0121043      6.1199581      1.518106       6.9104934    
   6300000   0.99548704     6.1176488      1.4931809      6.9079957    
   6310000   1.0011057      6.1175539      1.5016086      6.905986     
   6320000   0.99493314     6.1259174      1.4923501      6.911258     
   6330000   1.0069038      6.1206713      1.5103056      6.9082063    
   6340000   0.99459462     6.1182953      1.4918424      6.9014868    
   6350000   1.0063288      6.1140187      1.509443       6.8978933    
   6360000   0.99863786     6.1119449      1.497907       6.909884     
   6370000   0.99624816     6.1102434      1.4943226      6.9092505    
   6380000   0.9977211      6.1248208      1.4965319      6.91208      
   6390000   1.01198        6.134059       1.5179196      6.9083264    
   6400000   0.99955252     6.1148026      1.499279       6.9049359    
   6410000   1.0017336      6.1188899      1.5025504      6.9132674    
   6420000   1.005802       6.1193901      1.5086529      6.9065754    
   6430000   1.0010374      6.1006565      1.5015063      6.895656     
   6440000   0.99282282     6.1130502      1.4891848      6.9063586    
   6450000   0.99909286     6.1078265      1.4985895      6.9029823    
   6460000   1.0014705      6.1140501      1.5021558      6.9016386    
   6470000   1.0002691      6.1170219      1.5003538      6.912036     
   6480000   1.0068678      6.111276       1.5102515      6.9034041    
   6490000   0.99807733     6.1163834      1.4970663      6.9069462    
   6500000   1.0014045      6.1178216      1.5020569      6.9073184    
   6510000   1.0013832      6.1099898      1.5020249      6.910327     
   6520000   0.99937054     6.1118577      1.499006       6.9056366    
   6530000   1.0038393      6.1146666      1.505709       6.9032026    
   6540000   0.9913822      6.1237521      1.4870239      6.9143377    
   6550000   0.9988253      6.1106935      1.4981882      6.91122      
   6560000   1.0013664      6.1146789      1.5019997      6.9066145    
   6570000   1.0046532      6.1215536      1.5069298      6.9048889    
   6580000   0.9959982      6.1068383      1.4939477      6.9087866    
   6590000   1.0026118      6.1049033      1.5038678      6.9036733    
   6600000   0.98748314     6.0962201      1.4811755      6.8989849    
   6610000   1.0078212      6.100511       1.5116816      6.9094804    
   6620000   0.9980231      6.0985591      1.4969849      6.9115918    
   6630000   0.99678398     6.0856492      1.4951263      6.9041932    
   6640000   0.99699254     6.0946391      1.4954391      6.9026199    
   6650000   1.0011498      6.091549       1.5016748      6.8973724    
   6660000   1.0005224      6.1025576      1.5007338      6.9087737    
   6670000   0.99032265     6.0959097      1.4854346      6.9017146    
   6680000   1.0062069      6.1045224      1.5092602      6.9038788    
   6690000   1.0023305      6.1048976      1.5034458      6.9111705    
   6700000   0.99658741     6.1192548      1.4948315      6.9162378    
   6710000   0.99931627     6.0934042      1.4989246      6.8995832    
   6720000   1.0017428      6.098978       1.5025642      6.9043872    
   6730000   1.0086711      6.1118626      1.5129563      6.9010184    
   6740000   1.0016909      6.0938607      1.5024865      6.9084285    
   6750000   0.99904919     6.0981654      1.498524       6.9045344    
   6760000   0.99507004     6.0952346      1.4925555      6.9046295    
   6770000   0.99970343     6.0889442      1.4995053      6.9028092    
   6780000   0.99791481     6.1041894      1.4968225      6.9119865    
   6790000   0.99953772     6.0924834      1.4992568      6.9087239    
   6800000   0.9967589      6.0969207      1.4950887      6.9051674    
   6810000   0.99402378     6.0898962      1.4909861      6.9009531    
   6820000   1.0064752      6.07816        1.5096627      6.9022119    
   6830000   1.0024149      6.1006007      1.5035724      6.9082582    
   6840000   0.99895425     6.1055737      1.4983816      6.9051698    
   6850000   0.99828843     6.102698       1.4973829      6.906282     
   6860000   1.0014997      6.104787       1.5021997      6.9063819    
   6870000   0.99544068     6.1004236      1.4931114      6.9053345    
   6880000   0.99563493     6.1070444      1.4934028      6.914552     
   6890000   1.0005688      6.0948992      1.5008033      6.9067748    
   6900000   0.99982325     6.1007389      1.4996851      6.9053967    
   6910000   1.0009829      6.1058606      1.5014245      6.9036957    
   6920000   1.0066989      6.094546       1.5099982      6.9021908    
   6930000   0.99953049     6.0988307      1.4992459      6.9118124    
   6940000   1.004903       6.1049813      1.5073044      6.909973     
   6950000   0.99757612     6.0969963      1.4963145      6.9105146    
   6960000   0.99727213     6.1000333      1.4958585      6.9102915    
   6970000   1.0057196      6.091344       1.5085293      6.9135139    
   6980000   0.99898739     6.0991816      1.4984313      6.9036244    
   6990000   0.995033       6.1045082      1.4924999      6.9109991    
   7000000   1.0032636      6.1129358      1.5048455      6.9119174    
   7010000   0.99618033     6.0892126      1.4942209      6.9073993    
   7020000   0.99890194     6.0839266      1.4983031      6.9030129    
   7030000   0.99631652     6.1083546      1.4944251      6.9090895    
   7040000   0.99182711     6.1097154      1.4876912      6.9169896    
   7050000   0.99616152     6.1042415      1.4941926      6.905191     
   7060000   1.0002011      6.0968235      1.5002518      6.9043719    
   7070000   1.0039398      6.0982106      1.5058597      6.904701     
   7080000   1.0103869      6.0929146      1.51553        6.899366     
   7090000   0.99952302     6.0892708      1.4992347      6.90977      
   7100000   1.0039345      6.1050697      1.5058518      6.9124832    
   7110000   1.0030803      6.1009111      1.5045705      6.9072508    
   7120000   0.99601227     6.1010617      1.4939688      6.9094005    
   7130000   0.99709241     6.1061109      1.4955889      6.9072446    
   7140000   0.99420541     6.1149287      1.4912586      6.9130018    
   7150000   0.99911509     6.1019521      1.4986228      6.9111254    
   7160000   0.99992743     6.0850108      1.4998413      6.9041579    
   7170000   1.0017829      6.091655       1.5026245      6.9005638    
   7180000   0.99890775     6.0932679      1.4983118      6.9059794    
   7190000   0.99877368     6.1023412      1.4981107      6.9042158    
   7200000   1.0052218      6.106122       1.5077825      6.9086485    
   7210000   0.9938638      6.0861691      1.4907462      6.9004167    
   7220000   0.99873611     6.0914014      1.4980544      6.9017094    
   7230000   1.0023912      6.0947364      1.5035368      6.9061014    
   7240000   0.99681066     6.0962874      1.4951663      6.9109578    
   7250000   1.0009689      6.0824377      1.5014034      6.9006736    
   7260000   0.99607967     6.0924846      1.4940699      6.906762     
   7270000   0.99761485     6.0992509      1.4963726      6.9046572    
   7280000   1.0000247      6.0986352      1.4999872      6.9134758    
   7290000   1.0009327      6.0940623      1.5013492      6.9009462    
   7300000   0.99685172     6.0922924      1.4952279      6.9048284    
   7310000   0.9947064      6.0969587      1.49201        6.9135292    
   7320000   1.0046615      6.0798748      1.5069422      6.9040871    
   7330000   0.99799362     6.0899055      1.4969407      6.903618     
   7340000   0.99617403     6.0857388      1.4942114      6.9042416    
   7350000   0.99504903     6.0885295      1.492524       6.9121313    
   7360000   0.99858223     6.0881051      1.4978236      6.900069     
   7370000   0.99535622     6.0918256      1.4929847      6.9059843    
   7380000   1.0028372      6.0866002      1.5042058      6.9036523    
   7390000   1.0015887      6.0841485      1.5023332      6.9018031    
   7400000   0.99719059     6.0936716      1.4957362      6.914839     
   7410000   0.99952741     6.0887908      1.4992413      6.9102054    
   7420000   0.99680366     6.092352       1.4951558      6.9147435    
   7430000   0.99939192     6.076275       1.4990381      6.9068268    
   7440000   0.99977886     6.0902906      1.4996185      6.9074444    
   7450000   1.0002537      6.079627       1.5003308      6.9013838    
   7460000   1.0048123      6.0890776      1.5071684      6.9115003    
   7470000   1.0061537      6.0841839      1.5091805      6.907945     
   7480000   1.0011339      6.0981135      1.5016509      6.9156669    
   7490000   0.99498559     6.1029891      1.4924288      6.9044412    
   7500000   0.99737858     6.0940916      1.4960182      6.9089735    
   7510000   0.99937365     6.0916924      1.4990107      6.9060821    
   7520000   1.0041265      6.0624944      1.5061397      6.8964284    
   7530000   0.99725474     6.0655705      1.4958324      6.8983146    
   7540000   1.0033424      6.0915964      1.5049637      6.9139337    
   7550000   0.99497669     6.0883991      1.4924155      6.9065003    
   7560000   0.99659466     6.0696048      1.4948423      6.9005739    
   7570000   0.99412804     6.0827559      1.4911425      6.9128774    
   7580000   0.99591848     6.0664419      1.4938281      6.9018098    
   7590000   1.0012411      6.0836643      1.5018118      6.909125     
   7600000   0.99958425     6.0866376      1.4993266      6.905807     
   7610000   1.0006114      6.0717193      1.5008673      6.9036645    
   7620000   0.99795803     6.0850189      1.4968873      6.9107817    
   7630000   0.98787736     6.0885569      1.4817668      6.902197     
   7640000   0.99750741     6.0824622      1.4962114      6.9068898    
   7650000   0.99836772     6.0941242      1.4975018      6.908599     
   7660000   0.9872542      6.0949942      1.4808321      6.9010215    
   7670000   0.99884709     6.089072       1.4982209      6.9118967    
   7680000   1.0020829      6.0916117      1.5030745      6.9118037    
   7690000   0.99283325     6.0920573      1.4892004      6.9068677    
   7700000   1.0054477      6.0872562      1.5081215      6.905835     
   7710000   0.99713002     6.0911786      1.4956453      6.9083934    
   7720000   1.006105       6.0935174      1.5091074      6.9044282    
   7730000   1.0128975      6.0896449      1.5192958      6.9002509    
   7740000   0.99964737     6.0971998      1.4994212      6.9039336    
   7750000   0.99775742     6.0965806      1.4965864      6.9093222    
   7760000   1.0005562      6.0871694      1.5007844      6.903529     
   7770000   0.99139221     6.1014238      1.4870389      6.9100106    
   7780000   0.99565193     6.0861085      1.4934283      6.9050666    
   7790000   0.99955362     6.0765308      1.4992806      6.9017646    
   7800000   0.99643157     6.08161        1.4945977      6.9053609    
   7810000   1.0050228      6.0914597      1.5074841      6.9079506    
   7820000   0.99433283     6.0864455      1.4914497      6.908231     
   7830000   0.99595723     6.0820889      1.4938862      6.9073902    
   7840000   0.99615454     6.0790443      1.4941822      6.8991591    
   7850000   0.9997736      6.1001771      1.4996106      6.9109358    
   7860000   1.0034057      6.0856074      1.5050586      6.9076186    
   7870000   0.99837116     6.0873221      1.497507       6.900948     
   7880000   1.0006852      6.077313       1.500978       6.8994107    
   7890000   0.99921442     6.0835203      1.4987718      6.906852     
   7900000   1.0011281      6.0953275      1.5016422      6.9076283    
   7910000   0.99438838     6.0800013      1.491533       6.9047228    
   7920000   1.002222       6.0868823      1.503283       6.9018698    
   7930000   0.99614814     6.0907265      1.4941726      6.9102688    
   7940000   0.99899034     6.0810723      1.4984357      6.9034683    
   7950000   1.0025116      6.091114       1.5037175      6.9096403    
   7960000   1.0066129      6.0703233      1.5098692      6.8988311    
   7970000   0.99944692     6.089707       1.4991206      6.9023248    
   7980000   0.98916556     6.0901202      1.483699       6.9112226    
   7990000   0.9957385      6.092063       1.4935581      6.9119527    
   8000000   0.99759304     6.0936872      1.4963398      6.9050266    
   8010000   1.0035027      6.0972851      1.505204       6.9077363    
   8020000   1.0034085      6.0956018      1.5050627      6.9083846    
   8030000   0.99837613     6.0840178      1.4975144      6.9164085    
   8040000   1.0020213      6.0840888      1.502982       6.9049884    
   8050000   0.99703425     6.0909636      1.4955017      6.907147     
   8060000   1.0003246      6.0918944      1.5004371      6.907749     
   8070000   0.99836575     6.1092531      1.4974989      6.9131871    
   8080000   0.99977588     6.0985514      1.499614       6.90356      
   8090000   0.99971598     6.0910775      1.4995241      6.9015116    
   8100000   1.0030184      6.0946054      1.5044775      6.9045728    
   8110000   1.008303       6.0950854      1.5124043      6.8991751    
   8120000   1.0039434      6.1069506      1.505865       6.9157078    
   8130000   1.0024395      6.1001835      1.5036092      6.9082414    
   8140000   1.0001328      6.1180106      1.5001493      6.9114967    
   8150000   1.0009942      6.0891586      1.5014414      6.9016312    
   8160000   1.00398        6.1048845      1.5059199      6.9021303    
   8170000   1.0115653      6.104121       1.5172976      6.9019885    
   8180000   1.005601       6.1023758      1.5083514      6.9115465    
   8190000   0.99858399     6.0957761      1.4978262      6.9005222    
   8200000   1.0028298      6.1140175      1.5041948      6.9107389    
   8210000   0.9964872      6.1067834      1.4946811      6.9120949    
   8220000   1.0011718      6.1043507      1.5017078      6.9133185    
   8230000   1.0107152      6.0964622      1.5160225      6.9041313    
   8240000   1.0032169      6.107909       1.5047753      6.9037746    
   8250000   0.99902536     6.115472       1.4984883      6.9123382    
   8260000   0.99747134     6.1160205      1.4961573      6.9102366    
   8270000   1.002422       6.1027639      1.503583       6.9100908    
   8280000   0.99910416     6.0920061      1.4986064      6.9063741    
   8290000   1.0006519      6.0953787      1.500928       6.9111766    
   8300000   1.0017121      6.102812       1.5025182      6.9069736    
   8310000   1.001809       6.1052491      1.5026635      6.9057533    
   8320000   1.0045423      6.0977424      1.5067634      6.8990162    
   8330000   1.002373       6.0885947      1.5035096      6.9123767    
   8340000   1.0070717      6.0943166      1.5105573      6.9069761    
   8350000   0.99501627     6.0855077      1.4924748      6.9064308    
   8360000   1.0005062      6.0885555      1.5007095      6.9123873    
   8370000   0.99784719     6.0896311      1.4967211      6.9100456    
   8380000   1.0052449      6.1000581      1.5078172      6.9044656    
   8390000   0.99817399     6.0944462      1.4972112      6.9025877    
   8400000   1.003813       6.1004545      1.5056695      6.90833      
   8410000   1.000873       6.0935706      1.5012597      6.9087983    
   8420000   1.0025389      6.0790337      1.5037584      6.9048429    
   8430000   1.0046283      6.0811861      1.5068924      6.9036526    
   8440000   0.99887139     6.0845261      1.4982573      6.9060843    
   8450000   1.0029679      6.0842723      1.5044019      6.9031282    
   8460000   1.0080282      6.092152       1.511992       6.9021623    
   8470000   0.9924474      6.0848832      1.4886216      6.9020485    
   8480000   0.99920992     6.0899182      1.4987651      6.9101184    
   8490000   0.9988995      6.0879743      1.4982995      6.9096808    
   8500000   1.0051235      6.0971106      1.5076352      6.915897     
   8510000   1.0008091      6.0765912      1.5011638      6.8975417    
   8520000   0.99751076     6.0871781      1.4962164      6.9035933    
   8530000   1.000591       6.0988798      1.5008366      6.9145509    
   8540000   1.0022759      6.0887241      1.503364       6.9096947    
   8550000   0.99566006     6.0940177      1.4934405      6.9147448    
   8560000   0.99427415     6.1007357      1.4913617      6.9130382    
   8570000   1.000123       6.0840051      1.5001346      6.899737     
   8580000   1.0128259      6.0913887      1.5191884      6.9051227    
   8590000   0.99656343     6.0892825      1.4947955      6.9078643    
   8600000   0.99472247     6.0911543      1.4920341      6.9088934    
   8610000   1.0069856      6.075802       1.5104283      6.9032392    
   8620000   1.0015492      6.096148       1.5022739      6.9060183    
   8630000   0.99918457     6.0975262      1.4987271      6.905974     
   8640000   1.0028918      6.1106858      1.5042877      6.9200544    
   8650000   0.99856011     6.0914611      1.4977904      6.9095023    
   8660000   1.0037902      6.0746056      1.5056354      6.9063379    
   8670000   0.99850541     6.0797953      1.4977084      6.9040255    
   8680000   0.99192365     6.0972001      1.487836       6.9121221    
   8690000   0.99769946     6.0835952      1.4964995      6.8995524    
   8700000   1.0016686      6.0825906      1.5024529      6.9002931    
   8710000   1.0067902      6.0886591      1.5101351      6.9097274    
   8720000   0.99983974     6.0877529      1.4997098      6.9029843    
   8730000   0.99625006     6.0942702      1.4943254      6.9026312    
   8740000   0.99526597     6.1026959      1.4928494      6.9112461    
   8750000   0.99471839     6.0948737      1.492028       6.9047762    
   8760000   0.99099718     6.0820555      1.4864464      6.8983516    
   8770000   1.0014944      6.0848947      1.5021917      6.908007     
   8780000   0.99447007     6.0800401      1.4916556      6.897882     
   8790000   0.99684057     6.1014877      1.4952112      6.9066799    
   8800000   0.99759248     6.1038207      1.496339       6.9162043    
   8810000   1.0074589      6.0773677      1.5111382      6.8974241    
   8820000   1.0017573      6.0773648      1.5025861      6.9007606    
   8830000   0.99640426     6.0748548      1.4945567      6.9046887    
   8840000   1.0065485      6.085392       1.5097726      6.9091222    
   8850000   0.99391983     6.0816335      1.4908302      6.9005401    
   8860000   0.9978907      6.08317        1.4967863      6.9068921    
   8870000   0.99468083     6.0750794      1.4919717      6.9031906    
   8880000   1.0037958      6.0697638      1.5056437      6.9007781    
   8890000   1.0007606      6.1013632      1.501091       6.9182647    
   8900000   0.99813608     6.0779139      1.4971544      6.9023621    
   8910000   0.99946277     6.0828974      1.4991443      6.9019748    
   8920000   1.0079925      6.0754302      1.5119385      6.9020471    
   8930000   0.99799103     6.0914461      1.4969368      6.9036171    
   8940000   1.0041764      6.0946453      1.5062146      6.9082271    
   8950000   0.99743265     6.0895929      1.4960993      6.9081582    
   8960000   0.99855356     6.0850159      1.4977806      6.9011216    
   8970000   1.0004474      6.0870661      1.5006213      6.90653      
   8980000   1.0022162      6.093828       1.5032744      6.9047869    
   8990000   0.99576906     6.0808361      1.493604       6.9054364    
   9000000   1.0118944      6.0863099      1.5177912      6.9092813    
   9010000   1.0022416      6.0991664      1.5033124      6.9057812    
   9020000   0.99012959     6.0903488      1.485145       6.906447     
   9030000   1.0096407      6.0915365      1.5144108      6.9027496    
   9040000   1.0024295      6.0955381      1.5035943      6.9102281    
   9050000   1.0052322      6.0861738      1.5077982      6.9047717    
   9060000   1.00471        6.0900724      1.5070149      6.9070057    
   9070000   0.99311159     6.0907863      1.4896179      6.9116259    
   9080000   1.003694       6.085551       1.505491       6.9061307    
   9090000   0.99573482     6.0687986      1.4935526      6.9007386    
   9100000   1.0023411      6.0730237      1.5034618      6.9090697    
   9110000   0.99942097     6.080729       1.4990817      6.908481     
   9120000   1.0078322      6.069448       1.5116981      6.8985777    
   9130000   0.9963063      6.0864822      1.4944098      6.9107061    
   9140000   1.0020933      6.0915317      1.50309        6.9088211    
   9150000   1.0063909      6.0848227      1.5095363      6.9090527    
   9160000   0.9930396      6.0847922      1.4895099      6.9119147    
   9170000   0.99490763     6.0770844      1.4923119      6.903902     
   9180000   1.0025885      6.0857335      1.5038328      6.9060168    
   9190000   0.994137       6.0801547      1.491156       6.9069174    
   9200000   1.0026968      6.0810251      1.5039953      6.9064649    
   9210000   1.000524       6.1045864      1.5007361      6.9097199    
   9220000   0.99788479     6.0854093      1.4967775      6.9089296    
   9230000   0.99834639     6.0922761      1.4974698      6.9098138    
   9240000   1.0047808      6.0777258      1.5071212      6.9113235    
   9250000   1.0028039      6.0850322      1.5041558      6.9066961    
   9260000   0.99780599     6.091728       1.4966593      6.9047976    
   9270000   1.0024602      6.0822871      1.5036403      6.9112551    
   9280000   1.0012549      6.0797899      1.5018324      6.9115117    
   9290000   1.0031867      6.0818905      1.5047301      6.9090961    
   9300000   1.0025609      6.0824335      1.5037914      6.9029014    
   9310000   0.99779548     6.0921387      1.4966435      6.916189     
   9320000   1.0020579      6.0836819      1.5030369      6.90243      
   9330000   1.0042455      6.0855258      1.5063182      6.9097089    
   9340000   0.9999689      6.1024876      1.4999035      6.9185333    
   9350000   1.0030261      6.0925749      1.5044892      6.9143735    
   9360000   0.99812946     6.0719106      1.4971445      6.9001383    
   9370000   0.9995873      6.0941679      1.4993311      6.9077349    
   9380000   0.9939893      6.0883215      1.4909344      6.905185     
   9390000   1.0050539      6.0948295      1.5075308      6.9041225    
   9400000   1.0063371      6.1094909      1.5094556      6.9109163    
   9410000   0.99494889     6.0973536      1.4923738      6.9102898    
   9420000   0.99115365     6.0969599      1.4866811      6.9076812    
   9430000   1.0031324      6.0997401      1.5046485      6.9050028    
   9440000   0.99853055     6.1017134      1.4977461      6.9049273    
   9450000   0.9973611      6.0952251      1.4959919      6.9036603    
   9460000   1.0048302      6.1067158      1.5071952      6.9082598    
   9470000   1.0017267      6.0931491      1.5025401      6.9029475    
   9480000   1.0015026      6.1059362      1.5022039      6.9130828    
   9490000   1.0040732      6.0992377      1.5060598      6.9023375    
   9500000   0.99951969     6.0950397      1.4992297      6.9086847    
   9510000   0.99751569     6.0940951      1.4962238      6.9095604    
   9520000   0.99529549     6.0905873      1.4928936      6.9013368    
   9530000   0.99755863     6.0847265      1.4962882      6.9106166    
   9540000   1.0006688      6.0684418      1.5009533      6.8966397    
   9550000   0.99545242     6.0781642      1.493129       6.9011914    
   9560000   0.99805282     6.0905311      1.4970295      6.9134196    
   9570000   0.99509939     6.0797638      1.4925995      6.9050635    
   9580000   0.99643974     6.0863996      1.49461        6.9106106    
   9590000   0.99514818     6.0794692      1.4926727      6.9104456    
   9600000   1.0048174      6.0753223      1.507176       6.9136078    
   9610000   0.99994894     6.0711491      1.4998736      6.899852     
   9620000   1.0019444      6.0854716      1.5028667      6.9006987    
   9630000   1.0032033      6.0891707      1.5047549      6.9030131    
   9640000   0.99637988     6.0855865      1.4945202      6.9021117    
   9650000   1.0083998      6.0848511      1.5125495      6.906541     
   9660000   1.0003287      6.0836819      1.5004432      6.901425     
   9670000   0.99506814     6.1006146      1.4925526      6.9080211    
   9680000   1.0001104      6.1067637      1.5001157      6.912661     
   9690000   1.0026663      6.0902196      1.5039495      6.9060783    
   9700000   0.99546527     6.0835733      1.4931483      6.9185062    
   9710000   0.99502026     6.0888461      1.4924808      6.9054688    
   9720000   1.0052414      6.0982623      1.5078119      6.916379     
   9730000   0.997993       6.0864685      1.4969398      6.9020997    
   9740000   1.0019049      6.07391        1.5028074      6.8986881    
   9750000   1.0008724      6.0888464      1.5012587      6.906652     
   9760000   0.9974609      6.0863076      1.4961416      6.9068473    
   9770000   1.0058303      6.0930797      1.5086953      6.91171      
   9780000   0.9976275      6.0785561      1.4963915      6.9065067    
   9790000   0.99430206     6.0948764      1.4914035      6.9154868    
   9800000   0.9992822      6.0946064      1.4988735      6.9058261    
   9810000   1.0003875      6.0774358      1.5005314      6.8976546    
   9820000   1.0010642      6.0838119      1.5015465      6.9089078    
   9830000   1.004939       6.0868545      1.5073585      6.9105511    
   9840000   1.0014623      6.0805732      1.5021436      6.9094724    
   9850000   1.0042213      6.0814955      1.5062819      6.9117645    
   9860000   0.99822542     6.0612392      1.4972884      6.9052628    
   9870000   0.99368126     6.0759353      1.4904724      6.9160119    
   9880000   0.99182152     6.0885061      1.4876829      6.9106226    
   9890000   0.99888188     6.0793923      1.498273       6.9095713    
   9900000   0.99543222     6.0750176      1.4930987      6.9021389    
   9910000   1.0036044      6.0695681      1.5053566      6.9028808    
   9920000   0.9994994      6.0843605      1.4991993      6.9082551    
   9930000   1.010021       6.0620736      1.5149811      6.9040771    
   9940000   0.99593472     6.0866393      1.4938524      6.9074711    
   9950000   1.0047172      6.0937699      1.5070258      6.9097816    
   9960000   1.0043205      6.0765314      1.5064307      6.906077     
   9970000   1.0011074      6.0733991      1.5016112      6.9054295    
   9980000   1.0000033      6.0914394      1.4999551      6.9080892    
   9990000   1.0082278      6.0653237      1.5122914      6.8977258    
  10000000   0.996859       6.0829427      1.4952388      6.9020788    
  10010000   0.99583807     6.0709519      1.4937075      6.9008709    
  10020000   1.0008077      6.0793552      1.5011617      6.9051387    
  10030000   1.0004864      6.0821551      1.5006797      6.9104903    
  10040000   0.99867922     6.0761784      1.4979691      6.9095996    
  10050000   0.99886832     6.0776635      1.4982527      6.9050971    
  10060000   1.0040233      6.0962424      1.505985       6.9093073    
  10070000   1.0003415      6.0849304      1.5004625      6.9090697    
  10080000   0.9981978      6.0720762      1.497247       6.8993903    
  10090000   0.9989405      6.0677888      1.498361       6.9023005    
  10100000   1.0042371      6.0671839      1.5063055      6.9048332    
  10110000   1.0010458      6.0690103      1.5015187      6.9007639    
  10120000   1.0105734      6.0917354      1.5158097      6.9020996    
  10130000   0.99697338     6.0871284      1.4954104      6.91112      
  10140000   0.99114072     6.0672024      1.4866617      6.9011047    
  10150000   1.005629       6.0867715      1.5083934      6.909534     
  10160000   0.99369254     6.0641364      1.4904893      6.8974916    
  10170000   0.9945021      6.0802558      1.4917036      6.9137674    
  10180000   1.001746       6.075358       1.502569       6.9110924    
  10190000   1.0056853      6.0807888      1.5084779      6.9064371    
  10200000   0.99543781     6.0927269      1.4931071      6.9157235    
  10210000   1.0032617      6.0903407      1.5048426      6.9042737    
  10220000   0.99317367     6.0877296      1.489711       6.9049988    
  10230000   1.0037576      6.1095571      1.5055864      6.9141812    
  10240000   0.99494833     6.0885965      1.4923729      6.9070117    
  10250000   1.0025375      6.0958269      1.5037564      6.9052514    
  10260000   0.99907303     6.0807424      1.4985598      6.898796     
  10270000   1.0034042      6.0911987      1.5050563      6.9020066    
  10280000   0.99873778     6.0936992      1.4980569      6.9025348    
  10290000   0.99679246     6.0970219      1.495139       6.908471     
  10300000   0.9982366      6.0749836      1.4973052      6.9101946    
  10310000   1.0006719      6.0862914      1.500958       6.8982581    
  10320000   0.99661261     6.0778078      1.4948693      6.9030308    
  10330000   0.99647085     6.0714448      1.4946566      6.9107336    
  10340000   1.011876       6.0845373      1.5177636      6.905907     
  10350000   0.99624717     6.078679       1.4943211      6.9051336    
  10360000   1.0118666      6.088232       1.5177495      6.9095288    
  10370000   1.0003966      6.0930748      1.500545       6.9074788    
  10380000   1.0007817      6.0867325      1.5011227      6.9064312    
  10390000   0.99466805     6.0758711      1.4919525      6.9026423    
  10400000   0.9892916      6.0784454      1.4838881      6.9061557    
  10410000   1.0137994      6.0820762      1.5206485      6.9049371    
  10420000   1.0004516      6.062225       1.5006276      6.8985707    
  10430000   0.99353306     6.0848325      1.4902501      6.9124497    
  10440000   0.99821108     6.0870727      1.4972669      6.9078621    
  10450000   1.0010092      6.0892018      1.5014639      6.9147255    
  10460000   1.0034473      6.0834152      1.505121       6.906031     
  10470000   0.99163125     6.0886765      1.4873975      6.9092719    
  10480000   1.0105539      6.0747375      1.5157805      6.9063998    
  10490000   0.98737045     6.068944       1.4810065      6.9038722    
  10500000   0.99751908     6.0890302      1.4962289      6.9110823    
  10510000   1.003005       6.0706899      1.5044576      6.9016651    
  10520000   1.0057459      6.0891778      1.5085687      6.915703     
  10530000   1.0002885      6.0846535      1.500383       6.9053577    
  10540000   0.99746774     6.0787         1.4961519      6.9101655    
  10550000   1.0050875      6.0643924      1.5075812      6.8987948    
  10560000   1.0032588      6.0683527      1.5048382      6.9039152    
  10570000   1.0028483      6.0673795      1.5042225      6.905995     
  10580000   0.99657498     6.0542724      1.4948128      6.9018122    
  10590000   1.0009764      6.0739042      1.5014148      6.9022967    
  10600000   0.99721277     6.073184       1.4957695      6.9097897    
  10610000   1.0060207      6.0786407      1.508981       6.9099634    
  10620000   0.99904966     6.0756353      1.4985247      6.9037835    
  10630000   1.0000819      6.0863102      1.5000729      6.9101182    
  10640000   1.0004272      6.0805331      1.5005909      6.9074143    
  10650000   0.99607176     6.08534        1.494058       6.9067219    
  10660000   0.99451715     6.0668729      1.4917262      6.9010278    
  10670000   1.0041155      6.0794322      1.5061232      6.9104243    
  10680000   1.0022907      6.0804426      1.5033861      6.9110684    
  10690000   0.99230569     6.0673857      1.4884091      6.9051169    
  10700000   0.99602188     6.0768219      1.4939832      6.9075846    
  10710000   0.99584007     6.0827086      1.4937105      6.9086657    
  10720000   0.99898481     6.0782609      1.4984274      6.9015279    
  10730000   0.9998261      6.0712503      1.4996893      6.9045212    
  10740000   0.99889384     6.0768525      1.498291       6.8996342    
  10750000   0.99501466     6.0747366      1.4924724      6.9099011    
  10760000   0.99376524     6.072584       1.4905983      6.9078379    
  10770000   0.99563215     6.0737713      1.4933986      6.9097677    
  10780000   0.99994122     6.0748039      1.499862       6.9043583    
  10790000   1.0022107      6.0775404      1.5032661      6.9125746    
  10800000   0.9950022      6.0805129      1.4924537      6.9089564    
  10810000   1.0013858      6.0703623      1.5020289      6.9059719    
  10820000   0.99806588     6.0755818      1.4970491      6.9077416    
  10830000   1.0092998      6.0634618      1.5138994      6.9037321    
  10840000   0.99135782     6.0764334      1.4869873      6.9053002    
  10850000   0.9983827      6.055144       1.4975243      6.9020396    
  10860000   1.0098033      6.0642978      1.5146547      6.9103579    
  10870000   0.99806987     6.0704551      1.4970551      6.9102215    
  10880000   0.99492303     6.0572444      1.492335       6.9066327    
  10890000   0.99615185     6.0898603      1.4941781      6.9127436    
  10900000   0.98798143     6.0700397      1.4819229      6.9117478    
  10910000   0.9986215      6.0781598      1.4978825      6.9104659    
  10920000   0.99728868     6.0819912      1.4958833      6.9086327    
  10930000   0.99657938     6.076541       1.4948194      6.908021     
  10940000   0.99996182     6.084222       1.4998929      6.8996264    
  10950000   0.99916485     6.0722162      1.4986975      6.9033363    
  10960000   0.99093972     6.0869992      1.4863602      6.9076481    
  10970000   1.0018796      6.0787924      1.5027695      6.905707     
  10980000   0.99976141     6.077405       1.4995923      6.9048491    
  10990000   1.0050979      6.0784737      1.5075967      6.90765      
  11000000   1.0001023      6.0796231      1.5001037      6.911583     
  11010000   1.0027912      6.0743762      1.5041368      6.9074358    
  11020000   1.0009745      6.0723781      1.5014119      6.8959762    
  11030000   1.0001678      6.0875819      1.5002018      6.9133899    
  11040000   1.0033565      6.0582842      1.5049847      6.9001986    
  11050000   0.99547553     6.0536316      1.4931637      6.9012287    
  11060000   0.99597653     6.0711693      1.4939152      6.906636     
  11070000   0.9949392      6.0771267      1.4923592      6.9062089    
  11080000   0.99939371     6.0920021      1.4990408      6.9190022    
  11090000   1.0018189      6.0743628      1.5026785      6.9069596    
  11100000   1.0047826      6.0724308      1.5071238      6.9076966    
  11110000   0.99823301     6.0737579      1.4972998      6.9083271    
  11120000   0.99791925     6.0853278      1.4968291      6.909319     
  11130000   1.002201       6.052043       1.5032516      6.9006434    
  11140000   0.9990151      6.057554       1.4984729      6.9023636    
  11150000   0.995985       6.0886309      1.4939279      6.9120382    
  11160000   1.0085949      6.0733761      1.5128421      6.9071246    
  11170000   0.99492938     6.0592357      1.4923445      6.8978994    
  11180000   1.0043959      6.084777       1.5065438      6.9067302    
  11190000   0.99464739     6.0898665      1.4919215      6.9134612    
  11200000   1.0004181      6.0750173      1.5005773      6.9000759    
  11210000   0.99894868     6.0807976      1.4983732      6.9024295    
  11220000   1.000897       6.0777234      1.5012956      6.8981654    
  11230000   1.0039231      6.0647384      1.5058347      6.8987515    
  11240000   1.0009316      6.07761        1.5013475      6.9029646    
  11250000   0.99855618     6.0797867      1.4977845      6.9063121    
  11260000   1.0006371      6.0793078      1.5009058      6.9081646    
  11270000   0.99043413     6.0680846      1.4856018      6.9041634    
  11280000   0.99339729     6.0671786      1.4900464      6.9070171    
  11290000   0.99594208     6.0750272      1.4938635      6.9066577    
  11300000   0.99660679     6.0573521      1.4948605      6.9086045    
  11310000   0.99539596     6.0721553      1.4930443      6.902178     
  11320000   1.0043898      6.0689719      1.5065346      6.9011846    
  11330000   0.99700788     6.0642482      1.4954621      6.9027713    
  11340000   1.0034887      6.0780655      1.505183       6.904748     
  11350000   1.0024785      6.0628811      1.5036678      6.9047739    
  11360000   1.0030115      6.0722986      1.5044673      6.9057391    
  11370000   0.99386197     6.0773408      1.4907434      6.9116245    
  11380000   0.99960108     6.0828813      1.4993518      6.9104393    
  11390000   0.99898362     6.0588227      1.4984256      6.8991214    
  11400000   0.99776407     6.0752261      1.4965964      6.9141672    
  11410000   0.997419       6.0633945      1.4960788      6.9023743    
  11420000   0.9976791      6.0579168      1.4964689      6.8973434    
  11430000   0.99503232     6.0812859      1.4924989      6.9130349    
  11440000   0.99973928     6.0734524      1.4995591      6.9098786    
  11450000   0.99106315     6.0653298      1.4865453      6.9045041    
  11460000   1.0064723      6.0630177      1.5096583      6.9093149    
  11470000   1.0047018      6.0665142      1.5070026      6.9109289    
  11480000   0.99803126     6.0634721      1.4969972      6.9042659    
  11490000   1.001681       6.0556534      1.5024715      6.9002143    
  11500000   1.0024108      6.0762159      1.5035662      6.9101591    
  11510000   1.0016195      6.0814978      1.5023793      6.9127447    
  11520000   0.9987911      6.0730627      1.4981369      6.9012509    
  11530000   0.99691758     6.0689527      1.4953267      6.9021265    
  11540000   0.99935096     6.0754993      1.4989766      6.9114827    
  11550000   1.0028811      6.0811358      1.5042716      6.9062727    
  11560000   1.0058955      6.0733796      1.5087931      6.9123813    
  11570000   0.98778978     6.0687223      1.4816354      6.9044231    
  11580000   0.9987665      6.0560078      1.4981         6.9030165    
  11590000   0.9919616      6.0650953      1.487893       6.9070199    
  11600000   1.0115541      6.0547748      1.5172807      6.8957828    
  11610000   0.99988481     6.062389       1.4997774      6.9023586    
  11620000   1.005649       6.0570915      1.5084234      6.8990715    
  11630000   1.0023737      6.0659106      1.5035106      6.9063936    
  11640000   1.0064977      6.0560902      1.5096964      6.9067725    
  11650000   0.99587167     6.0828882      1.4937579      6.9174847    
  11660000   1.0056715      6.0732327      1.5084572      6.9030842    
  11670000   0.99886553     6.0665899      1.4982485      6.904525     
  11680000   0.99193084     6.0607796      1.4878468      6.9094231    
  11690000   0.99760153     6.0616634      1.4963526      6.9011714    
  11700000   0.99491105     6.0737053      1.492317       6.9098441    
  11710000   1.0033417      6.075428       1.5049626      6.9084506    
  11720000   0.99332775     6.0755265      1.4899421      6.9070836    
  11730000   0.99968343     6.0562145      1.4994753      6.9053205    
  11740000   0.99884477     6.0631956      1.4982174      6.9065117    
  11750000   0.99409564     6.061348       1.4910939      6.9025106    
  11760000   0.9949275      6.0710813      1.4923417      6.9061014    
  11770000   0.99791797     6.0702483      1.4968272      6.903928     
  11780000   1.0029501      6.0683705      1.5043752      6.9098924    
  11790000   0.99340385     6.0725605      1.4900563      6.907473     
  11800000   0.99941752     6.0748109      1.4990765      6.9068306    
  11810000   0.99638858     6.0691647      1.4945332      6.9143004    
  11820000   0.99815141     6.0655893      1.4971774      6.9056449    
  11830000   0.99933491     6.0714782      1.4989526      6.9063011    
  11840000   1.0035067      6.0720045      1.5052101      6.9015584    
  11850000   1.0051677      6.0597882      1.5077014      6.900806     
  11860000   0.99334158     6.0665574      1.4899629      6.905845     
  11870000   0.99972493     6.0711251      1.4995376      6.905168     
  11880000   0.9974333      6.0616452      1.4961002      6.9106943    
  11890000   0.99651763     6.0630198      1.4947268      6.9067971    
  11900000   1.0056071      6.0813294      1.5083605      6.9195229    
  11910000   1.0068951      6.0572218      1.5102924      6.9059905    
  11920000   1.0093504      6.0682436      1.5139752      6.9081512    
  11930000   1.0014025      6.0524243      1.5020539      6.8987482    
  11940000   0.9985106      6.0621334      1.4977161      6.9155074    
  11950000   1.0023653      6.0644374      1.503498       6.9105043    
  11960000   0.99898649     6.0625485      1.49843        6.904391     
  11970000   1.0017564      6.0670442      1.5025846      6.9087894    
  11980000   1.0036109      6.0684081      1.5053664      6.9113023    
  11990000   0.99363114     6.0729013      1.4903972      6.9087362    
  12000000   0.99315738     6.0682844      1.4896866      6.9022439    
  12010000   1.0001599      6.0735607      1.50019        6.8984523    
  12020000   0.99918005     6.0744717      1.4987203      6.9085774    
  12030000   1.0037533      6.0759392      1.50558        6.9127464    
  12040000   0.99851314     6.0796117      1.49772        6.9078415    
  12050000   0.99858769     6.0717894      1.4978318      6.9081779    
  12060000   1.0032487      6.0491322      1.5048231      6.8963898    
  12070000   0.99402346     6.0723996      1.4909856      6.9044014    
  12080000   0.99812563     6.0846305      1.4971387      6.9166235    
  12090000   1.0070433      6.075892       1.5105148      6.912735     
  12100000   0.99491008     6.0741654      1.4923155      6.905004     
  12110000   1.0011877      6.0649374      1.5017317      6.9018237    
  12120000   1.0059172      6.068134       1.5088256      6.9055181    
  12130000   1.0018096      6.0678981      1.5026645      6.9036402    
  12140000   0.99962266     6.0656297      1.4993842      6.9116624    
  12150000   1.0022468      6.0634197      1.5033202      6.9033004    
  12160000   1.0001712      6.0692812      1.500207       6.9070171    
  12170000   1.0130964      6.0692493      1.5195941      6.9000082    
  12180000   0.99127724     6.0775483      1.4868665      6.9159323    
  12190000   0.99618212     6.0708561      1.4942235      6.9051806    
  12200000   0.99978865     6.0908863      1.4996331      6.9120786    
  12210000   1.0027232      6.0814602      1.5040348      6.9095511    
  12220000   1.0004328      6.0687997      1.5005994      6.9064135    
  12230000   1.0000204      6.0777369      1.4999808      6.91262      
  12240000   1.0014036      6.0666985      1.5020555      6.9071499    
  12250000   1.0043354      6.0533969      1.5064531      6.8992657    
  12260000   1.0059439      6.0533636      1.5088657      6.9018132    
  12270000   0.99823381     6.0610319      1.497301       6.8997235    
  12280000   0.99968546     6.0711369      1.4994784      6.9094759    
  12290000   0.9922582      6.0558146      1.4883378      6.9089423    
  12300000   0.99317816     6.0565483      1.4897178      6.908202     
  12310000   0.99714011     6.0621564      1.4956605      6.9018925    
  12320000   0.99611538     6.0573672      1.4941234      6.9050592    
  12330000   0.99647682     6.0626887      1.4946656      6.9056683    
  12340000   1.0010079      6.0557821      1.5014619      6.9037202    
  12350000   0.99242721     6.0640499      1.4885914      6.9072316    
  12360000   0.99108306     6.0591671      1.4865752      6.9005069    
  12370000   1.0065211      6.0659534      1.5097315      6.9094405    
  12380000   1.0042814      6.0718857      1.506372       6.9054208    
  12390000   1.0048255      6.0752571      1.5071881      6.9157396    
  12400000   1.0000938      6.0579366      1.5000908      6.9025988    
  12410000   0.99599419     6.061411       1.4939416      6.9077659    
  12420000   1.0042017      6.0543113      1.5062526      6.9029892    
  12430000   0.9929442      6.0679278      1.4893668      6.9073977    
  12440000   1.000435       6.0627913      1.5006026      6.9048171    
  12450000   1.0030364      6.0550109      1.5045046      6.9030122    
  12460000   0.99277068     6.0694109      1.4891065      6.9051209    
  12470000   0.99962785     6.0671667      1.499392       6.9035064    
  12480000   1.0004376      6.0571151      1.5006066      6.9006985    
  12490000   0.99039048     6.0496618      1.4855364      6.9039652    
  12500000   0.99371479     6.0695764      1.4905227      6.9077453    
  12510000   1.0038064      6.0621653      1.5056596      6.9076334    
  12520000   0.99778636     6.057529       1.4966298      6.9052011    
  12530000   1.0034951      6.0556136      1.5051927      6.9034071    
  12540000   0.99331732     6.0643031      1.4899265      6.9065996    
  12550000   1.0055024      6.0765621      1.5082035      6.9049662    
  12560000   0.9929315      6.0647371      1.4893478      6.9023053    
  12570000   1.0076061      6.0457246      1.511359       6.893345     
  12580000   1.0001594      6.0539891      1.5001892      6.8990056    
  12590000   0.99415141     6.0641468      1.4911776      6.9079975    
  12600000   1.0105866      6.0736262      1.5158295      6.8968798    
  12610000   1.0002206      6.0765815      1.500281       6.9120288    
  12620000   0.99145193     6.0721197      1.4871285      6.9007928    
  12630000   1.0083895      6.0807812      1.5125339      6.9095215    
  12640000   1.0006331      6.0743367      1.5008998      6.9047532    
  12650000   0.99542107     6.0806827      1.493082       6.9047294    
  12660000   0.99669703     6.0792063      1.4949959      6.9003533    
  12670000   0.99643884     6.0730227      1.4946086      6.9090222    
  12680000   1.008254       6.0607233      1.5123307      6.905503     
  12690000   1.0007301      6.0705672      1.5010453      6.9073737    
  12700000   1.0000762      6.0713925      1.5000644      6.9020582    
  12710000   0.99585789     6.0721377      1.4937372      6.9070816    
  12720000   0.99926006     6.0759809      1.4988403      6.9089184    
  12730000   0.9946319      6.0727355      1.4918983      6.8976571    
  12740000   0.99809924     6.0793825      1.4970991      6.9060235    
  12750000   0.99091848     6.0697698      1.4863283      6.896383     
  12760000   1.0070941      6.0888403      1.5105909      6.9094644    
  12770000   0.99222667     6.068822       1.4882906      6.9064251    
  12780000   1.0000469      6.0685876      1.5000205      6.9050388    
  12790000   0.99648665     6.0759504      1.4946803      6.9106053    
  12800000   1.0020424      6.0789598      1.5030137      6.9095746    
  12810000   1.0108136      6.0799163      1.5161701      6.908295     
  12820000   1.0010243      6.0648921      1.5014866      6.903408     
  12830000   1.0077955      6.0810336      1.511643       6.9094422    
  12840000   0.99912022     6.0762215      1.4986305      6.9022679    
  12850000   1.0033204      6.0576248      1.5049305      6.901551     
  12860000   1.0003921      6.0608937      1.5005384      6.905651     
  12870000   0.99164624     6.0762117      1.4874199      6.9090858    
  12880000   0.99591721     6.0682954      1.4938262      6.8970688    
  12890000   1.0030737      6.0583801      1.5045605      6.8975815    
  12900000   1.0052502      6.0659716      1.5078252      6.905234     
  12910000   0.99953878     6.066878       1.4992584      6.9033284    
  12920000   1.0018992      6.0657017      1.5027989      6.9094217    
  12930000   1.000949       6.0455612      1.5013737      6.894702     
  12940000   0.99576718     6.0729679      1.4936012      6.9102067    
  12950000   0.99886543     6.0770512      1.4982484      6.9146445    
  12960000   0.99160082     6.075051       1.4873518      6.9074517    
  12970000   0.9993454      6.0636123      1.4989683      6.9060923    
  12980000   0.9941909      6.0779723      1.4912368      6.9043938    
  12990000   1.0000547      6.0881166      1.5000322      6.9081755    
  13000000   1.0007563      6.0894441      1.5010845      6.9110075    
  13010000   1.008702       6.053754       1.5130027      6.896896     
  13020000   0.9997317      6.0681013      1.4995477      6.9098965    
  13030000   1.0072325      6.0669179      1.5107986      6.9104813    
  13040000   1.0019032      6.071611       1.5028049      6.9074158    
  13050000   1.0067189      6.0717211      1.5100282      6.9069121    
  13060000   0.99795405     6.059307       1.4968813      6.9030011    
  13070000   1.0030436      6.0621512      1.5045154      6.9080931    
  13080000   0.99494544     6.0627002      1.4923686      6.901826     
  13090000   1.0041834      6.0775114      1.5062251      6.9083063    
  13100000   1.006033       6.0631022      1.5089994      6.9049257    
  13110000   1.0003035      6.0633981      1.5004054      6.9060965    
  13120000   1.0026571      6.0745844      1.5039357      6.9093758    
  13130000   0.99298727     6.065209       1.4894314      6.9086414    
  13140000   1.0035377      6.0530885      1.5052565      6.9005406    
  13150000   0.99972146     6.0691181      1.4995324      6.9079794    
  13160000   0.98925809     6.0506651      1.4838378      6.9011776    
  13170000   1.0009857      6.0595338      1.5014287      6.904482     
  13180000   0.99600994     6.0525698      1.4939653      6.9037341    
  13190000   1.0019338      6.0634108      1.5028508      6.9073108    
  13200000   1.0034575      6.0595272      1.5051362      6.9048816    
  13210000   1.0069602      6.0473398      1.5103902      6.9003705    
  13220000   1.0054509      6.0643554      1.5081262      6.9056041    
  13230000   1.0026462      6.0558494      1.5039194      6.9020718    
  13240000   1.0036353      6.0533236      1.5054029      6.9044078    
  13250000   0.99808025     6.0517808      1.4970706      6.9104674    
  13260000   0.99909406     6.0569957      1.4985913      6.9066082    
  13270000   1.0020551      6.0567127      1.5030327      6.8963031    
  13280000   1.0042393      6.0484429      1.506309       6.9064566    
  13290000   0.99832603     6.0475468      1.4974393      6.9088217    
  13300000   0.99663103     6.0667667      1.4948969      6.913932     
  13310000   1.0001077      6.0620401      1.5001117      6.9100007    
  13320000   0.99882471     6.0550428      1.4981873      6.904835     
  13330000   0.99405708     6.0439674      1.4910361      6.8978391    
  13340000   0.99640729     6.0654921      1.4945613      6.907436     
  13350000   0.99431027     6.0561978      1.4914159      6.9014437    
  13360000   0.99773324     6.0589108      1.4965501      6.9029556    
  13370000   1.0016924      6.0572382      1.5024887      6.9076478    
  13380000   0.99387654     6.0494416      1.4907653      6.9063984    
  13390000   0.99966913     6.056162       1.4994539      6.8974452    
  13400000   1.0001556      6.0632792      1.5001835      6.9093407    
  13410000   0.99327226     6.0567115      1.4898589      6.9043816    
  13420000   1.0050956      6.0511183      1.5075934      6.9066391    
  13430000   0.99779248     6.061508       1.496639       6.9104782    
  13440000   0.99829528     6.0740335      1.4973932      6.9094408    
  13450000   0.9974509      6.0709913      1.4961266      6.9136546    
  13460000   1.0010401      6.0622776      1.5015102      6.9064437    
  13470000   0.99389394     6.0601102      1.4907914      6.9014268    
  13480000   1.0039824      6.0637303      1.5059236      6.906197     
  13490000   1.004615       6.0636115      1.5068725      6.9081046    
  13500000   0.99655969     6.0586288      1.4947899      6.9034899    
  13510000   0.99832308     6.0819522      1.4974349      6.9114617    
  13520000   1.0072837      6.0686056      1.5108753      6.9057843    
  13530000   1.0012866      6.0617676      1.50188        6.9034237    
  13540000   0.9974142      6.0757787      1.4960716      6.9051903    
  13550000   0.99481838     6.0695201      1.492178       6.9055547    
  13560000   1.0056844      6.0747673      1.5084765      6.9032334    
  13570000   1.0106481      6.0666992      1.5159217      6.9028152    
  13580000   1.0064958      6.0667859      1.5096935      6.9142485    
  13590000   0.99959727     6.0689122      1.4993461      6.9077155    
  13600000   1.0012496      6.0684976      1.5018245      6.9125264    
  13610000   0.99833003     6.0673682      1.4974453      6.914587     
  13620000   0.99799961     6.0764298      1.4969497      6.9122105    
  13630000   0.99764119     6.0775961      1.4964121      6.9105942    
  13640000   0.99994166     6.0725218      1.4998627      6.9036103    
  13650000   0.9935369      6.0669086      1.4902558      6.9085635    
  13660000   0.99870917     6.0605474      1.498014       6.9061952    
  13670000   0.99313881     6.0598437      1.4896587      6.9100704    
  13680000   1.0041295      6.0689113      1.5061442      6.9109726    
  13690000   0.99742369     6.0632001      1.4960858      6.9091424    
  13700000   1.0028784      6.0446918      1.5042677      6.9040163    
  13710000   1.0032767      6.052515       1.5048651      6.9138318    
  13720000   0.9972298      6.0517239      1.495795       6.9027346    
  13730000   1.0005022      6.0517015      1.5007034      6.9077348    
  13740000   0.99396271     6.0419151      1.4908945      6.9043364    
  13750000   0.99759368     6.0427411      1.4963408      6.904064     
  13760000   0.99267121     6.0355702      1.4889573      6.8978494    
  13770000   1.0060257      6.0481896      1.5089884      6.9081001    
  13780000   1.0049668      6.0502261      1.5074002      6.9038764    
  13790000   0.99382496     6.0554032      1.4906879      6.9059274    
  13800000   1.0003708      6.0687609      1.5005064      6.9137369    
  13810000   1.0039095      6.0528279      1.5058142      6.8998562    
  13820000   0.99852613     6.0658147      1.4977394      6.9093256    
  13830000   1.0056918      6.0384382      1.5084876      6.9007842    
  13840000   0.99890032     6.0464611      1.4983007      6.9087228    
  13850000   1.000976       6.0696491      1.5014141      6.9125407    
  13860000   1.0000663      6.0480447      1.5000496      6.8973711    
  13870000   0.99873197     6.0479744      1.4980482      6.8994376    
  13880000   1.0067215      6.0514513      1.5100321      6.9029908    
  13890000   1.0025936      6.0575104      1.5038405      6.904588     
  13900000   1.0001567      6.0684516      1.5001852      6.9128213    
  13910000   1.0031828      6.0547819      1.5047241      6.9101684    
  13920000   0.99971937     6.0451242      1.4995292      6.8932412    
  13930000   1.0002221      6.0615884      1.5002833      6.900097     
  13940000   1.0036698      6.0513875      1.5054547      6.9010153    
  13950000   1.0114939      6.0533145      1.5171905      6.9056412    
  13960000   1.0055542      6.062422       1.5082812      6.9061215    
  13970000   0.99971151     6.0512654      1.4995174      6.9041941    
  13980000   1.0038706      6.0513806      1.5057558      6.9084521    
  13990000   1.0002606      6.0516646      1.5003411      6.90247      
  14000000   0.99918088     6.0692274      1.4987215      6.9054414    
  14010000   1.00078        6.0567888      1.5011201      6.9069631    
  14020000   1.0050912      6.0518248      1.5075868      6.8988951    
  14030000   0.99518537     6.0526838      1.4927285      6.9024952    
  14040000   1.0028018      6.0635993      1.5041527      6.9076254    
  14050000   1.000614       6.0565334      1.5008711      6.8999192    
  14060000   0.99192122     6.0589405      1.4878324      6.9119847    
  14070000   1.002894       6.0541732      1.504291       6.902784     
  14080000   1.0089451      6.0600863      1.5133673      6.9038391    
  14090000   0.99849465     6.0628428      1.4976922      6.9068602    
  14100000   1.0153995      6.0526442      1.5230487      6.9061218    
  14110000   1.000457       6.0654347      1.5006356      6.9108089    
  14120000   1.0029678      6.0608801      1.5044017      6.902091     
  14130000   0.999462       6.05348        1.4991432      6.9045636    
  14140000   1.0083868      6.0659301      1.5125299      6.911864     
  14150000   1.0070414      6.0737852      1.5105119      6.9014933    
  14160000   0.99495668     6.0658493      1.4923854      6.9073133    
  14170000   1.0060369      6.0661906      1.5090052      6.9122053    
  14180000   1.0084293      6.0649768      1.5125937      6.9009259    
  14190000   1.0028765      6.0573462      1.5042648      6.9026109    
  14200000   1.0030978      6.0785967      1.5045967      6.9163218    
  14210000   1.0137497      6.0783054      1.520574       6.9095683    
  14220000   0.99514687     6.0684974      1.4926707      6.9078581    
  14230000   0.99480812     6.0523819      1.4921626      6.9040832    
  14240000   0.99508443     6.0550184      1.4925771      6.9006519    
  14250000   1.0000578      6.0532229      1.5000368      6.900614     
  14260000   1.0005774      6.060596       1.5008163      6.9054045    
  14270000   0.99294355     6.062293       1.4893658      6.9082197    
  14280000   0.99747125     6.0521669      1.4961572      6.9043771    
  14290000   1.0093292      6.0586412      1.5139435      6.9074789    
  14300000   1.0044537      6.0510332      1.5066304      6.9048145    
  14310000   0.99551121     6.0490588      1.4932172      6.9035616    
  14320000   0.99209339     6.0648017      1.4880906      6.9063313    
  14330000   0.99458308     6.048552       1.491825       6.9129767    
  14340000   0.99270605     6.0471603      1.4890096      6.9068105    
  14350000   0.99741706     6.0391676      1.4960759      6.9008596    
  14360000   1.0024813      6.0507729      1.503672       6.9083351    
  14370000   0.99984569     6.0523405      1.4997187      6.9102708    
  14380000   0.99355744     6.0680324      1.4902866      6.9116815    
  14390000   0.9999718      6.0638983      1.4999079      6.9052281    
  14400000   1.00272        6.0620901      1.50403        6.9120115    
  14410000   0.98914291     6.0573721      1.4836651      6.9114006    
  14420000   1.0055962      6.0564645      1.5083442      6.9027975    
  14430000   0.99742034     6.0570082      1.4960808      6.9022642    
  14440000   1.0056109      6.0665557      1.5083663      6.9125828    
  14450000   1.0026997      6.0555065      1.5039996      6.906072     
  14460000   1.0025386      6.0693606      1.5037579      6.9169831    
  14470000   1.0024997      6.0436473      1.5036996      6.9067852    
  14480000   0.9985719      6.0598492      1.4978081      6.912112     
  14490000   1.0020214      6.0678476      1.5029821      6.9049865    
  14500000   1.0022596      6.0741734      1.5033395      6.9170094    
  14510000   0.99822802     6.0710252      1.4972923      6.9065695    
  14520000   0.99217796     6.0569621      1.4882175      6.904238     
  14530000   0.9964127      6.059103       1.4945694      6.9077609    
  14540000   0.99696533     6.0502001      1.4953983      6.9032569    
  14550000   1.0037592      6.0552767      1.5055888      6.9050837    
  14560000   1.0005675      6.0435428      1.5008014      6.9021443    
  14570000   0.99585664     6.0442879      1.4937353      6.9081291    
  14580000   1.0052948      6.045242       1.507892       6.9058411    
  14590000   0.99604438     6.0520592      1.4940169      6.9035894    
  14600000   1.0013921      6.047367       1.5020383      6.9014889    
  14610000   0.99513104     6.0453576      1.492647       6.9022237    
  14620000   0.99760665     6.0560378      1.4963603      6.9131614    
  14630000   1.0025344      6.0432914      1.5037516      6.9084826    
  14640000   0.99900572     6.0374426      1.4984588      6.904105     
  14650000   0.99534153     6.0485773      1.4929627      6.9025164    
  14660000   0.99510071     6.052163       1.4926015      6.9063438    
  14670000   0.99188883     6.0481866      1.4877838      6.8986812    
  14680000   0.99311014     6.0597162      1.4896157      6.9104929    
  14690000   0.99514213     6.0675721      1.4926636      6.9138697    
  14700000   0.99393131     6.0609527      1.4908474      6.9069983    
  14710000   1.0010265      6.059317       1.5014899      6.9087955    
  14720000   1.0033413      6.0567417      1.504962       6.9026787    
  14730000   1.0005827      6.0571859      1.5008241      6.9109729    
  14740000   0.99897505     6.0605074      1.4984128      6.9058878    
  14750000   0.99986137     6.0525766      1.4997422      6.8992211    
  14760000   0.99915934     6.0456161      1.4986892      6.9033927    
  14770000   0.99201633     6.0458169      1.4879751      6.9011628    
  14780000   1.0068385      6.0419372      1.5102076      6.9041357    
  14790000   1.000063       6.0553945      1.5000447      6.8981458    
  14800000   1.0038569      6.0416865      1.5057353      6.8979739    
  14810000   1.0007564      6.0497965      1.5010847      6.9075195    
  14820000   0.99091836     6.0482419      1.4863282      6.9083657    
  14830000   1.0018055      6.0388071      1.5026584      6.9041096    
  14840000   1.0001848      6.0471082      1.5002274      6.9043533    
  14850000   1.0037888      6.0362534      1.5056332      6.8994824    
  14860000   0.9940928      6.0464436      1.4910897      6.9067005    
  14870000   1.0048927      6.0347052      1.5072889      6.9059221    
  14880000   0.99457493     6.0415895      1.4918128      6.9043502    
  14890000   0.99554535     6.0620062      1.4932684      6.9107939    
  14900000   0.98986978     6.045648       1.4847553      6.8996867    
  14910000   1.0109071      6.0583687      1.5163102      6.9101419    
  14920000   0.99092961     6.0531301      1.486345       6.9089252    
  14930000   1.000224       6.0589935      1.5002861      6.9109759    
  14940000   0.99747339     6.0448045      1.4961604      6.9045751    
  14950000   0.99744761     6.0523914      1.4961217      6.9048324    
  14960000   1.0036018      6.0665518      1.5053527      6.9150217    
  14970000   1.0032275      6.0506122      1.5047913      6.9056353    
  14980000   1.0054597      6.0423742      1.5081395      6.9031195    
  14990000   0.99767067     6.0535308      1.4964563      6.9030923    
  15000000   0.99763923     6.0508396      1.4964091      6.903047     
  15010000   0.99895712     6.0533025      1.4983859      6.9116129    
  15020000   1.0000957      6.066084       1.5000937      6.9086742    
  15030000   1.0032146      6.0527522      1.5047719      6.9022032    
  15040000   1.0021408      6.0514607      1.5031613      6.9142607    
  15050000   0.99217849     6.0377615      1.4882183      6.907071     
  15060000   0.99967255     6.0580704      1.499459       6.9067792    
  15070000   1.0026018      6.0456918      1.5038527      6.9045135    
  15080000   0.99147345     6.0557738      1.4871608      6.9117691    
  15090000   0.99307149     6.0480871      1.4895577      6.9036095    
  15100000   1.0001523      6.0349936      1.5001785      6.9018541    
  15110000   1.0032783      6.0377157      1.5048675      6.9012634    
  15120000   1.0031867      6.0431153      1.5047301      6.9079582    
  15130000   1.0050799      6.0394793      1.5075697      6.9071504    
  15140000   1.0034648      6.0296939      1.5051472      6.902989     
  15150000   1.0046718      6.0419825      1.5069577      6.9020338    
  15160000   0.99597583     6.0236734      1.4939141      6.9055761    
  15170000   0.99918873     6.0411825      1.4987333      6.9067851    
  15180000   0.99715202     6.0451968      1.4956783      6.9140857    
  15190000   1.0057458      6.0347968      1.5085685      6.9027588    
  15200000   1.0034636      6.0388901      1.5051453      6.9059617    
  15210000   1.0024583      6.0441165      1.5036375      6.9110526    
  15220000   0.99700925     6.032103       1.4954642      6.8990048    
  15230000   1.0015518      6.0501236      1.5022779      6.9084581    
  15240000   0.99536052     6.0418372      1.4929912      6.901285     
  15250000   0.99504931     6.0525027      1.4925244      6.9056771    
  15260000   1.005212       6.0414612      1.5077679      6.8955683    
  15270000   1.0066001      6.0477686      1.5098499      6.902557     
  15280000   1.0043488      6.0502318      1.5064731      6.8998987    
  15290000   1.0004296      6.0328742      1.5005945      6.9051734    
  15300000   0.99600323     6.0254946      1.4939552      6.8952806    
  15310000   1.004941       6.0418383      1.5073614      6.9071374    
  15320000   0.99701758     6.0500043      1.4954767      6.9065571    
  15330000   1.0043258      6.0340528      1.5064386      6.9047776    
  15340000   0.991696       6.0434282      1.4874946      6.9045134    
  15350000   0.99681288     6.0553604      1.4951696      6.9087202    
  15360000   0.99174895     6.0403197      1.487574       6.9027575    
  15370000   0.99955843     6.0567922      1.4992878      6.909325     
  15380000   0.99179244     6.0555423      1.4876392      6.9107545    
  15390000   1.0011649      6.0640192      1.5016975      6.9057749    
  15400000   0.99837558     6.0632229      1.4975136      6.906262     
  15410000   1.0017677      6.0433167      1.5026016      6.9004932    
  15420000   1.0017852      6.0481353      1.5026279      6.9005435    
  15430000   0.99666037     6.0592734      1.4949409      6.9116574    
  15440000   0.99350281     6.0736832      1.4902047      6.9117797    
  15450000   0.99118315     6.0524152      1.4867253      6.9076006    
  15460000   0.99296104     6.0529633      1.4893921      6.9045142    
  15470000   1.0103485      6.0507063      1.5154724      6.9062363    
  15480000   0.99542126     6.058708       1.4930823      6.9069478    
  15490000   1.0014355      6.0591566      1.5021033      6.9099913    
  15500000   1.0041898      6.054248       1.5062347      6.9053759    
  15510000   0.99333347     6.0523533      1.4899507      6.9078449    
  15520000   0.98738779     6.0580898      1.4810325      6.9091136    
  15530000   1.0127721      6.0585341      1.5191077      6.9102802    
  15540000   1.0014121      6.0536771      1.5020682      6.9129173    
  15550000   1.0033089      6.0527077      1.5049134      6.905918     
  15560000   1.0035928      6.0522791      1.5053392      6.9042737    
  15570000   0.99951073     6.0744476      1.4992163      6.9110386    
  15580000   0.99966709     6.0604374      1.4994508      6.9071371    
  15590000   0.9960975      6.0666338      1.4940966      6.9105697    
  15600000   1.0029309      6.0698762      1.5043464      6.9015983    
  15610000   1.0036922      6.0659947      1.5054883      6.907705     
  15620000   1.002848       6.0758829      1.504222       6.9035598    
  15630000   0.99932717     6.0589339      1.498941       6.9120722    
  15640000   0.99681164     6.0526158      1.4951678      6.898887     
  15650000   0.99728172     6.0607149      1.4958729      6.9072858    
  15660000   0.99457556     6.0582337      1.4918138      6.9037094    
  15670000   0.9913914      6.0574705      1.4870377      6.9089113    
  15680000   1.0050884      6.0461606      1.5075825      6.8983642    
  15690000   0.99569826     6.0441306      1.4934978      6.8976645    
  15700000   0.99610541     6.0576871      1.4941085      6.9087639    
  15710000   1.0096334      6.055822       1.5143998      6.9088165    
  15720000   1.0015494      6.052859       1.5022741      6.910205     
  15730000   0.99796949     6.0542051      1.4969045      6.9042768    
  15740000   1.0088733      6.0538695      1.5132596      6.9046067    
  15750000   0.99616514     6.0364193      1.4941981      6.9045113    
  15760000   0.99601936     6.0410873      1.4939794      6.9069771    
  15770000   0.99422553     6.0551254      1.4912887      6.9127704    
  15780000   1.000834       6.0502527      1.5012011      6.9000151    
  15790000   0.99695313     6.052405       1.49538        6.9029339    
  15800000   1.0004017      6.0666736      1.5005527      6.9110015    
  15810000   1.0013202      6.0555003      1.5019304      6.9035785    
  15820000   0.99940498     6.0461017      1.4990577      6.9043846    
  15830000   0.99698488     6.0533595      1.4954276      6.9095078    
  15840000   1.001651       6.0569423      1.5024266      6.9128328    
  15850000   1.0019268      6.0574123      1.5028403      6.9122686    
  15860000   0.99560536     6.0491482      1.4933584      6.9033905    
  15870000   1.0006977      6.0611479      1.5009967      6.909718     
  15880000   0.99735365     6.0543509      1.4959808      6.9080429    
  15890000   1.0051591      6.0467868      1.5076885      6.9059158    
  15900000   0.99552527     6.0537019      1.4932383      6.9033272    
  15910000   1.0051234      6.0576406      1.507635       6.9083245    
  15920000   1.0023096      6.051419       1.5034145      6.8969565    
  15930000   1.0098483      6.0580233      1.5147221      6.9082346    
  15940000   0.99903278     6.0551587      1.4984994      6.9079845    
  15950000   0.99812365     6.0567786      1.4971357      6.899497     
  15960000   0.99773463     6.0526933      1.4965522      6.9042686    
  15970000   1.0016961      6.0509593      1.5024942      6.9079081    
  15980000   0.99775604     6.037313       1.4965843      6.8990657    
  15990000   1.0025105      6.0547024      1.5037158      6.9039424    
  16000000   0.9951355      6.0554083      1.4926537      6.9014608    
  16010000   0.99833893     6.0612888      1.4974586      6.9095522    
  16020000   0.99529526     6.0652493      1.4928933      6.9075129    
  16030000   1.0019476      6.0564807      1.5028714      6.9093119    
  16040000   1.0039283      6.0604632      1.5058425      6.9062004    
  16050000   1.0013068      6.0765086      1.5019103      6.9172416    
  16060000   0.99505845     6.0682694      1.4925381      6.9082125    
  16070000   1.0034107      6.0579969      1.505066       6.901852     
  16080000   1.0039781      6.065369       1.5059171      6.9055799    
  16090000   0.99955117     6.0673453      1.4992769      6.9077745    
  16100000   1.001822       6.0704451      1.5026831      6.9057148    
  16110000   0.99414368     6.0619527      1.491166       6.9099768    
  16120000   0.99523742     6.0534369      1.4928065      6.9025547    
  16130000   1.002482       6.0654943      1.503673       6.9094001    
  16140000   1.0010039      6.0628705      1.5014559      6.9105797    
  16150000   1.00266        6.0467386      1.50394        6.8994601    
  16160000   0.99516422     6.0480191      1.4926967      6.9031239    
  16170000   0.98735049     6.0536615      1.4809765      6.9064646    
  16180000   0.99584404     6.057838       1.4937164      6.9091669    
  16190000   0.99366101     6.0639255      1.490442       6.9132677    
  16200000   1.0013444      6.0704096      1.5019667      6.9108743    
  16210000   0.99932248     6.0520879      1.4989339      6.9002856    
  16220000   1.0004673      6.0430776      1.500651       6.9041919    
  16230000   0.9968997      6.0496294      1.4952999      6.9032184    
  16240000   0.99883724     6.0511527      1.4982061      6.9044384    
  16250000   0.99847296     6.0463016      1.4976597      6.906152     
  16260000   1.0038068      6.0633674      1.5056601      6.9042455    
  16270000   1.0037293      6.0596658      1.5055439      6.9052291    
  16280000   1.0029474      6.0710379      1.5043711      6.908642     
  16290000   0.9901957      6.075663       1.4852442      6.9078183    
  16300000   0.99711861     6.0741318      1.4956282      6.9090381    
  16310000   1.0048327      6.0837702      1.5071989      6.9113647    
  16320000   0.99263306     6.0516798      1.4889001      6.9028473    
  16330000   1.0009004      6.0533476      1.5013007      6.9057318    
  16340000   1.0029872      6.0688888      1.5044309      6.9114457    
  16350000   0.99920631     6.049653       1.4987597      6.9026351    
  16360000   0.99945982     6.0514356      1.4991399      6.9045588    
  16370000   1.0033698      6.0476387      1.5050047      6.9066599    
  16380000   1.0018857      6.0477827      1.5027787      6.9061127    
  16390000   1.0013104      6.0438442      1.5019157      6.903351     
  16400000   1.0001397      6.0489191      1.5001598      6.9071078    
  16410000   0.9939698      6.0511305      1.4909052      6.9086579    
  16420000   1.0002863      6.054093       1.5003796      6.9026196    
  16430000   1.0045256      6.0527549      1.5067383      6.9022551    
  16440000   1.00379        6.0547574      1.505635       6.9065965    
  16450000   0.99268422     6.0576073      1.4889769      6.9078873    
  16460000   0.99108535     6.0511292      1.4865786      6.8995421    
  16470000   0.99484711     6.0732583      1.4922211      6.9175049    
  16480000   1.0015677      6.052275       1.5023017      6.9002337    
  16490000   0.99456228     6.04582        1.4917939      6.9036163    
  16500000   1.0006876      6.0557172      1.5009815      6.9094336    
  16510000   0.99952342     6.0619984      1.4992353      6.9076824    
  16520000   0.99572737     6.0691121      1.4935414      6.9079811    
  16530000   1.0019606      6.0647683      1.502891       6.9057185    
  16540000   0.99190363     6.0561382      1.487806       6.9092754    
  16550000   0.99680919     6.062608       1.4951641      6.9033611    
  16560000   0.99664871     6.0687175      1.4949234      6.9094344    
  16570000   1.0073796      6.0606854      1.5110192      6.9095277    
  16580000   0.99783226     6.0593576      1.4966987      6.8975512    
  16590000   0.99801501     6.0588182      1.4969728      6.908697     
  16600000   0.99995873     6.0769659      1.4998883      6.9115191    
  16610000   0.99333994     6.072369       1.4899604      6.9109706    
  16620000   0.99228563     6.0571297      1.488379       6.9043283    
  16630000   1.0092677      6.0690946      1.5138512      6.9131452    
  16640000   1.0073573      6.0743161      1.5109857      6.9046037    
  16650000   0.99872257     6.0740408      1.4980341      6.9109414    
  16660000   1.000801       6.0591434      1.5011516      6.9052963    
  16670000   1.0056538      6.0675066      1.5084305      6.9125754    
  16680000   1.0044111      6.0424575      1.5065666      6.903715     
  16690000   0.99609222     6.0334726      1.4940887      6.9036576    
  16700000   0.99573826     6.0407968      1.4935578      6.90504      
  16710000   1.0037976      6.043154       1.5056463      6.9014574    
  16720000   1.0043916      6.0574333      1.5065374      6.8979686    
  16730000   1.0024451      6.0552426      1.5036177      6.903879     
  16740000   0.99794535     6.0568364      1.4968683      6.9019014    
  16750000   1.0002754      6.0590062      1.5003632      6.9057546    
  16760000   0.9910068      6.0667418      1.4864608      6.9121621    
  16770000   1.0056938      6.0772334      1.5084906      6.9137894    
  16780000   0.99927728     6.0815848      1.4988661      6.9056107    
  16790000   0.9970906      6.0742181      1.4955862      6.9098391    
  16800000   0.99600654     6.0580901      1.4939602      6.9037349    
  16810000   0.99355096     6.0525408      1.4902769      6.9052863    
  16820000   0.99104403     6.065553       1.4865167      6.9116007    
  16830000   1.0026412      6.0527834      1.5039118      6.8978693    
  16840000   1.0006974      6.0658166      1.5009962      6.9124789    
  16850000   0.99823095     6.0563767      1.4972967      6.9089651    
  16860000   0.99911811     6.0561802      1.4986274      6.9040904    
  16870000   1.006277       6.0501078      1.5093653      6.8973653    
  16880000   0.99442682     6.0599461      1.4915907      6.9065245    
  16890000   0.99720628     6.0582894      1.4957597      6.9121035    
  16900000   0.99947427     6.0590672      1.4991616      6.9081482    
  16910000   1.0017624      6.0564097      1.5025937      6.9013468    
  16920000   1.0002644      6.0490883      1.5003468      6.9017791    
  16930000   1.0074343      6.0494721      1.5111012      6.9014283    
  16940000   0.9975231      6.0492371      1.4962349      6.9074102    
  16950000   1.0026543      6.0517605      1.5039315      6.9071294    
  16960000   0.99492107     6.0561153      1.492332       6.9053325    
  16970000   0.9984592      6.0500721      1.497639       6.9015994    
  16980000   1.0003125      6.0402161      1.500419       6.9003416    
  16990000   0.99335617     6.0585245      1.4899847      6.9088185    
  17000000   0.99922911     6.0519997      1.4987939      6.9083724    
  17010000   0.99645887     6.0415736      1.4946387      6.9009469    
  17020000   0.99785498     6.043434       1.4967327      6.9056824    
  17030000   1.0051864      6.0401466      1.5077295      6.9001836    
  17040000   0.99771899     6.06197        1.4965288      6.9043348    
  17050000   1.0040535      6.0563698      1.5060302      6.9067742    
  17060000   0.98787273     6.0620071      1.4817599      6.9088868    
  17070000   1.0015061      6.0531115      1.5022092      6.9064269    
  17080000   0.99985051     6.0632683      1.4997259      6.9011958    
  17090000   0.99572753     6.0523294      1.4935417      6.9112194    
  17100000   1.0034799      6.0629908      1.5051699      6.9164946    
  17110000   1.0028024      6.0344797      1.5041536      6.8978629    
  17120000   0.99518496     6.0295061      1.4927278      6.8948726    
  17130000   0.99772499     6.0424506      1.4965378      6.9014928    
  17140000   1.0085082      6.0601921      1.5127121      6.9130595    
  17150000   1.0000445      6.0572647      1.5000169      6.9024158    
  17160000   0.99946626     6.0662532      1.4991496      6.9059444    
  17170000   1.0034536      6.0612676      1.5051304      6.9067992    
  17180000   1.0049639      6.0567985      1.5073957      6.8995924    
  17190000   1.0023948      6.0581614      1.5035422      6.8999012    
  17200000   1.0050932      6.0610048      1.5075898      6.9029501    
  17210000   1.0068114      6.0673096      1.510167       6.9072229    
  17220000   1.0065809      6.0417839      1.5098212      6.8978934    
  17230000   1.0062774      6.0492646      1.5093659      6.9091647    
  17240000   0.99623221     6.0736763      1.4942987      6.9188843    
  17250000   0.99904479     6.0661629      1.4985174      6.9112038    
  17260000   0.99280632     6.0523744      1.48916        6.905912     
  17270000   0.99343409     6.0549324      1.4901016      6.9073566    
  17280000   0.99745298     6.0644168      1.4961298      6.9024138    
  17290000   0.9992592      6.0541454      1.498839       6.9069311    
  17300000   1.0008504      6.0661606      1.5012257      6.907462     
  17310000   1.0003933      6.0587679      1.50054        6.8989074    
  17320000   0.99899525     6.0536328      1.4984431      6.9004485    
  17330000   0.99687205     6.0527567      1.4952584      6.8985754    
  17340000   0.99715152     6.0564097      1.4956776      6.9050577    
  17350000   1.0045372      6.0670216      1.5067558      6.9045818    
  17360000   0.99373389     6.0423902      1.4905513      6.9054429    
  17370000   1.0024472      6.0444648      1.5036208      6.8997985    
  17380000   1.0011958      6.0569725      1.5017438      6.9099037    
  17390000   1.0009882      6.0575997      1.5014325      6.9067911    
  17400000   0.99988328     6.0546971      1.4997751      6.9036348    
  17410000   1.0003911      6.0537305      1.5005368      6.9081881    
  17420000   0.99444281     6.0533339      1.4916147      6.9103512    
  17430000   1.0020871      6.0533663      1.5030807      6.904592     
  17440000   0.9977743      6.0555214      1.4966117      6.9080112    
  17450000   1.0029799      6.0551109      1.5044199      6.909421     
  17460000   1.0053031      6.0578239      1.5079046      6.9007296    
  17470000   1.0029423      6.0589729      1.5043635      6.907518     
  17480000   1.0025221      6.0508091      1.5037332      6.9074833    
  17490000   1.0029218      6.0569498      1.5043327      6.9098417    
  17500000   1.0008199      6.0552704      1.50118        6.911054     
  17510000   1.0030404      6.0499737      1.5045106      6.9042538    
  17520000   1.0024605      6.0677353      1.5036407      6.9123649    
  17530000   0.9980092      6.0487685      1.4969641      6.9040044    
  17540000   0.99994535     6.0432497      1.4998682      6.9043289    
  17550000   0.98970093     6.0276084      1.4845021      6.8976679    
  17560000   1.0077218      6.0389431      1.5115325      6.9016137    
  17570000   0.99960472     6.0438847      1.4993573      6.9042976    
  17580000   1.00267        6.0560774      1.5039551      6.9112224    
  17590000   0.99478559     6.0492636      1.4921288      6.9083428    
  17600000   0.99699494     6.0446806      1.4954427      6.8962616    
  17610000   1.0010121      6.0490113      1.5014683      6.8971134    
  17620000   1.0021624      6.0535126      1.5031937      6.9039814    
  17630000   0.99891901     6.0426888      1.4983287      6.9035459    
  17640000   1.0009106      6.0490368      1.501316       6.9035255    
  17650000   0.98578109     6.0559374      1.4786225      6.9080156    
  17660000   1.0083369      6.0379555      1.5124551      6.8997238    
  17670000   1.0007902      6.0320954      1.5011354      6.91073      
  17680000   0.99562198     6.0415395      1.4933834      6.9110036    
  17690000   0.99709928     6.0457357      1.4955992      6.9070895    
  17700000   0.99561906     6.0520698      1.493379       6.9052448    
  17710000   0.98554234     6.0491225      1.4782644      6.9076814    
  17720000   0.9969328      6.0491194      1.4953495      6.9021092    
  17730000   1.0024954      6.0522676      1.5036932      6.9123608    
  17740000   0.99810349     6.0497865      1.4971055      6.905516     
  17750000   1.0047173      6.041945       1.5070259      6.900622     
  17760000   1.0015295      6.0475759      1.5022443      6.911976     
  17770000   0.99970995     6.04515        1.4995151      6.9134397    
  17780000   0.99974842     6.0549476      1.4995728      6.9105604    
  17790000   1.0031231      6.0424882      1.5046346      6.9001976    
  17800000   1.0025733      6.0457513      1.5038099      6.9035822    
  17810000   0.99994884     6.0597762      1.4998734      6.9143007    
  17820000   0.9960442      6.0543664      1.4940167      6.9144762    
  17830000   1.004363       6.0380559      1.5064944      6.9036917    
  17840000   1.0111236      6.0467466      1.516635       6.9152888    
  17850000   0.99530573     6.0369487      1.492909       6.8976179    
  17860000   1.0048647      6.0500431      1.5072469      6.9049086    
  17870000   1.0025967      6.043373       1.503845       6.9057074    
  17880000   1.0029198      6.0482497      1.5043298      6.9020043    
  17890000   1.0090041      6.0658688      1.5134558      6.9087996    
  17900000   1.0031783      6.0600336      1.5047174      6.8993673    
  17910000   1.0016858      6.056914       1.5024787      6.9027954    
  17920000   1.005417       6.0497817      1.5080754      6.9078366    
  17930000   1.0034959      6.0492134      1.5051938      6.9075108    
  17940000   1.0029429      6.0339306      1.5043643      6.9026325    
  17950000   1.0075816      6.0444457      1.5113222      6.908787     
  17960000   0.99698856     6.0424417      1.4954332      6.9023936    
  17970000   0.99757043     6.0527028      1.4963059      6.905837     
  17980000   1.0008965      6.0598422      1.5012949      6.9117798    
  17990000   0.99678574     6.0512481      1.4951289      6.9070238    
  18000000   1.0074724      6.0511939      1.5111584      6.9094683    
  18010000   0.9952811      6.032445       1.4928721      6.9005038    
  18020000   1.0068583      6.0339105      1.5102373      6.906612     
  18030000   0.9972709      6.0517119      1.4958567      6.9090239    
  18040000   0.99793126     6.0529782      1.4968472      6.9081819    
  18050000   0.99886482     6.0516973      1.4982475      6.9065841    
  18060000   0.99441898     6.0575732      1.4915789      6.9069219    
  18070000   0.99880125     6.0271831      1.4981521      6.8994775    
  18080000   0.99368876     6.0476263      1.4904836      6.9020395    
  18090000   0.99677799     6.0510785      1.4951173      6.9125588    
  18100000   0.99776895     6.034722       1.4966037      6.9060767    
  18110000   0.9998359      6.0433222      1.499704       6.9069518    
  18120000   0.99422405     6.052556       1.4912865      6.9100473    
  18130000   1.0041586      6.0585872      1.5061879      6.9094694    
  18140000   1.0037868      6.0622036      1.5056301      6.9082146    
  18150000   1.0012205      6.0451039      1.5017808      6.9049681    
  18160000   0.99837336     6.0328281      1.4975103      6.9020031    
  18170000   1.005036       6.0313468      1.5075039      6.9078506    
  18180000   1.0045411      6.0333337      1.5067616      6.899601     
  18190000   1.0058675      6.0323409      1.5087511      6.9064729    
  18200000   1.006213       6.0213271      1.5092693      6.9026043    
  18210000   0.99966541     6.03486        1.4994483      6.9073007    
  18220000   0.99718253     6.0302256      1.4957241      6.9078057    
  18230000   1.0075433      6.0279726      1.5112648      6.9024083    
  18240000   0.99969416     6.0355907      1.4994914      6.9070029    
  18250000   0.99408827     6.0387811      1.4910829      6.9105588    
  18260000   0.99277497     6.0417355      1.489113       6.9111201    
  18270000   1.0020488      6.0301038      1.5030232      6.9050017    
  18280000   1.0014536      6.0339917      1.5021305      6.9064474    
  18290000   0.99866316     6.0394635      1.497945       6.9112668    
  18300000   1.0020866      6.0329942      1.50308        6.9029967    
  18310000   0.99079081     6.042208       1.4861368      6.9107329    
  18320000   1.0008493      6.0428573      1.5012241      6.898803     
  18330000   1.0111459      6.035518       1.5166685      6.9053779    
  18340000   0.9976849      6.0468514      1.4964776      6.9037992    
  18350000   1.0042373      6.0416425      1.5063058      6.9064753    
  18360000   1.0005858      6.0404952      1.5008289      6.8970907    
  18370000   0.99844428     6.0339671      1.4976167      6.9022707    
  18380000   1.0011087      6.0254538      1.5016132      6.8984183    
  18390000   1.0036079      6.0326339      1.5053618      6.9070746    
  18400000   0.99771929     6.0225027      1.4965292      6.9017905    
  18410000   0.99452846     6.0301048      1.4917431      6.9054226    
  18420000   1.0037652      6.0433727      1.5055978      6.9056311    
  18430000   0.99661987     6.0312321      1.4948801      6.8985312    
  18440000   1.0008521      6.0277981      1.5012283      6.908482     
  18450000   1.0007016      6.0188007      1.5010026      6.9043638    
  18460000   1.0121734      6.0376331      1.5182096      6.9110398    
  18470000   1.0028467      6.0387353      1.50422        6.9049989    
  18480000   1.0004622      6.0270104      1.5006434      6.9027959    
  18490000   1.015881       6.0352992      1.5237709      6.9054326    
  18500000   1.0011077      6.0227002      1.5016117      6.8958903    
  18510000   0.99569796     6.0376798      1.4934973      6.9119338    
  18520000   1.0025974      6.0414928      1.5038462      6.9028041    
  18530000   0.99662902     6.0619283      1.4948939      6.9165227    
  18540000   0.9960201      6.0397405      1.4939805      6.907939     
  18550000   0.99617789     6.0401871      1.4942172      6.9065058    
  18560000   0.98942189     6.0393786      1.4840835      6.9050373    
  18570000   0.9960045      6.0409685      1.4939571      6.9064787    
  18580000   0.99470118     6.0205565      1.4920022      6.9027539    
  18590000   0.99389423     6.0351119      1.4907918      6.9100868    
  18600000   1.0087085      6.0223586      1.5130124      6.8976342    
  18610000   1.0029077      6.0356962      1.5043116      6.9032941    
  18620000   1.0034324      6.0382333      1.5050986      6.9113593    
  18630000   0.99392573     6.0469506      1.4908391      6.9087119    
  18640000   0.99942833     6.0215276      1.4990927      6.8961203    
  18650000   1.0045832      6.0467854      1.5068248      6.9064805    
  18660000   0.99949265     6.0274915      1.4991892      6.9059955    
  18670000   1.0012614      6.038675       1.5018422      6.9088639    
  18680000   1.0007518      6.0348113      1.5010778      6.9044081    
  18690000   0.99841113     6.0231307      1.4975669      6.9008191    
  18700000   1.0070217      6.032609       1.5104823      6.9060695    
  18710000   1.0023151      6.0486532      1.5034227      6.908898     
  18720000   0.99561008     6.0376662      1.4933655      6.9045988    
  18730000   1.0001458      6.0279736      1.5001689      6.8945415    
  18740000   0.99862414     6.0271587      1.4978864      6.8952172    
  18750000   0.99589733     6.0396787      1.4937964      6.9000889    
  18760000   0.99997119     6.0337225      1.499907       6.9018443    
  18770000   0.99940064     6.0394308      1.4990512      6.9041554    
  18780000   1.0030469      6.0426477      1.5045203      6.9114077    
  18790000   1.0093596      6.0355154      1.5139892      6.9067685    
  18800000   0.99617636     6.0300845      1.4942149      6.9015519    
  18810000   0.9948372      6.0364177      1.4922062      6.9008797    
  18820000   1.0015991      6.0367212      1.5023487      6.9005975    
  18830000   1.0008892      6.057142       1.501284       6.9134846    
  18840000   0.9927111      6.038106       1.4890172      6.9056554    
  18850000   0.99128201     6.0367575      1.4868736      6.8991919    
  18860000   0.98928474     6.052674       1.4838778      6.9133017    
  18870000   0.99733283     6.0286329      1.4959495      6.905365     
  18880000   1.0057853      6.0328631      1.5086278      6.9033027    
  18890000   0.99495371     6.0418069      1.492381       6.9026612    
  18900000   0.99029747     6.0420123      1.4853969      6.905888     
  18910000   0.9999179      6.04643        1.499827       6.9046816    
  18920000   0.99010033     6.050828       1.4851012      6.9095838    
  18930000   0.99818849     6.035734       1.497233       6.908556     
  18940000   0.99965279     6.0447716      1.4994294      6.9121034    
  18950000   0.99819788     6.0376498      1.4972471      6.9055235    
  18960000   1.0047955      6.0526891      1.5071431      6.9173887    
  18970000   1.0013012      6.034199       1.5019019      6.9019294    
  18980000   1.0027884      6.0300796      1.5041326      6.9046332    
  18990000   1.0093017      6.0419234      1.5139022      6.9005452    
  19000000   1.0011756      6.0480747      1.5017134      6.9081588    
  19010000   1.0058295      6.0384317      1.5086942      6.9103176    
  19020000   1.0033775      6.0347398      1.5050163      6.903573     
  19030000   1.0045693      6.0335434      1.5068038      6.9022424    
  19040000   1.0021883      6.0359947      1.5032325      6.9092092    
  19050000   0.99498318     6.0294814      1.4924252      6.9011795    
  19060000   0.99398225     6.022125       1.4909238      6.9029369    
  19070000   0.99748143     6.0329984      1.4961724      6.9010749    
  19080000   1.0024986      6.0238885      1.5036979      6.9043944    
  19090000   0.99146935     6.0408937      1.4871546      6.9067314    
  19100000   0.99826846     6.0220525      1.4973529      6.8998377    
  19110000   1.0073664      6.03293        1.5109994      6.9035091    
  19120000   0.99580069     6.0416322      1.4936514      6.9052553    
  19130000   1.0047182      6.0246956      1.5070273      6.8968045    
  19140000   0.99875964     6.0342518      1.4980897      6.8988284    
  19150000   0.994863       6.0558861      1.4922449      6.9085262    
  19160000   1.0028419      6.0436697      1.5042129      6.9016949    
  19170000   0.99491558     6.0387835      1.4923238      6.9045294    
  19180000   1.0027934      6.0564946      1.5041401      6.9122704    
  19190000   1.0090217      6.0395226      1.5134823      6.9048411    
  19200000   1.0004566      6.0334241      1.5006351      6.9068664    
  19210000   0.99659583     6.0225948      1.4948441      6.9012435    
  19220000   1.0007737      6.0419411      1.5011106      6.9058455    
  19230000   0.99119882     6.0377223      1.4867488      6.8996682    
  19240000   1.002015       6.0371708      1.5029726      6.9019195    
  19250000   0.99829048     6.0351505      1.497386       6.9085492    
  19260000   1.0022036      6.0353314      1.5032554      6.9085734    
  19270000   1.0031758      6.0334716      1.5047136      6.9027392    
  19280000   0.99497282     6.047858       1.4924096      6.9182748    
  19290000   0.99050474     6.0566953      1.4857078      6.9130132    
  19300000   0.99676447     6.052132       1.495097       6.9109935    
  19310000   0.99373287     6.0416074      1.4905498      6.9059144    
  19320000   1.0006064      6.0375085      1.5008597      6.9048192    
  19330000   0.99698423     6.0479175      1.4954267      6.9121069    
  19340000   1.0053         6.0323983      1.5078999      6.8972804    
  19350000   0.9936102      6.0314492      1.4903658      6.8959329    
  19360000   1.0052038      6.0348762      1.5077555      6.9015179    
  19370000   0.99562883     6.0408906      1.4933936      6.9022329    
  19380000   1.0017415      6.0373256      1.5025624      6.9023697    
  19390000   0.99276005     6.0486574      1.4890906      6.9125512    
  19400000   0.99279914     6.0460137      1.4891492      6.909595     
  19410000   1.001439       6.0389294      1.5021086      6.9076628    
  19420000   0.99870535     6.0391509      1.4980083      6.9109013    
  19430000   0.99466921     6.0315889      1.4919542      6.8982158    
  19440000   1.0012022      6.0350597      1.5017534      6.9086745    
  19450000   0.99496722     6.0340074      1.4924012      6.9066219    
  19460000   1.0031364      6.0355125      1.5046546      6.9068193    
  19470000   1.0092983      6.0391827      1.5138972      6.9073418    
  19480000   1.000764       6.0378146      1.5010962      6.9043536    
  19490000   0.99591219     6.0275277      1.4938187      6.9052782    
  19500000   0.9927821      6.034922       1.4891237      6.9022124    
  19510000   0.99444093     6.0350248      1.4916118      6.9053984    
  19520000   1.0044649      6.0280273      1.5066472      6.9054668    
  19530000   0.99979747     6.0243613      1.4996464      6.8970549    
  19540000   1.0027314      6.022469       1.5040471      6.8998174    
  19550000   1.001244       6.040874       1.5018162      6.9029697    
  19560000   1.0054649      6.049348       1.5081472      6.9098445    
  19570000   0.99102463     6.0452913      1.4864876      6.9036729    
  19580000   1.0016816      6.0406948      1.5024726      6.8996268    
  19590000   1.0011128      6.0394123      1.5016193      6.9002507    
  19600000   0.99960453     6.0540741      1.499357       6.9087827    
  19610000   1.0019904      6.0394072      1.5029356      6.9117503    
  19620000   1.0070381      6.0468833      1.510507       6.9067603    
  19630000   1.0019997      6.0327877      1.5029496      6.9066854    
  19640000   1.0020967      6.0383232      1.5030951      6.9119771    
  19650000   0.99551393     6.0409669      1.4932213      6.9058114    
  19660000   0.99806177     6.0424999      1.4970429      6.9054942    
  19670000   0.99802971     6.0440541      1.4969948      6.904087     
  19680000   1.0016707      6.0362673      1.5024562      6.905423     
  19690000   0.99084042     6.0319354      1.4862113      6.9061577    
  19700000   1.006166       6.0324727      1.5091989      6.9087939    
  19710000   0.99860609     6.0367369      1.4978594      6.9102345    
  19720000   1.010825       6.0237389      1.5161871      6.8995674    
  19730000   1.0006782      6.0248898      1.5009674      6.9084734    
  19740000   1.0017069      6.0263646      1.5025104      6.9118571    
  19750000   1.0029137      6.0238111      1.5043206      6.9003493    
  19760000   1.008497       6.0217491      1.5126952      6.899334     
  19770000   0.99907698     6.0299176      1.4985657      6.9020538    
  19780000   0.99615828     6.0359715      1.4941878      6.903341     
  19790000   0.99340345     6.0323133      1.4900557      6.8986791    
  19800000   0.9982852      6.0336618      1.4973781      6.9015228    
  19810000   0.99188129     6.0296209      1.4877725      6.9009601    
  19820000   0.99578817     6.0454847      1.4936326      6.907291     
  19830000   0.99641907     6.0427233      1.494579       6.9047464    
  19840000   0.99405272     6.0262279      1.4910295      6.9028346    
  19850000   1.0047765      6.0244213      1.5071147      6.8989586    
  19860000   0.99033556     6.0411503      1.485454       6.9095115    
  19870000   1.000457       6.0217253      1.5006357      6.8974444    
  19880000   1.00029        6.0385392      1.5003852      6.9138796    
  19890000   0.98879322     6.0381404      1.4831405      6.9016295    
  19900000   1.0037181      6.0398956      1.5055272      6.9046209    
  19910000   0.99944933     6.0375862      1.4991242      6.9061392    
  19920000   0.9912319      6.0483187      1.4867984      6.9112717    
  19930000   1.0083122      6.0262502      1.5124181      6.9040828    
  19940000   1.001856       6.033937       1.5027341      6.911858     
  19950000   1.0032494      6.0131295      1.5048241      6.9018388    
  19960000   1.0035528      6.0278315      1.5052791      6.9085797    
  19970000   1.0005102      6.0391757      1.5007154      6.9059192    
  19980000   1.0014723      6.033926       1.5021586      6.9062265    
  19990000   0.99397817     6.0239463      1.4909177      6.9111424    
  20000000   0.99675255     6.0231326      1.4950792      6.8993313    
  20010000   1.0036045      6.0359254      1.5053568      6.9090232    
  20020000   1.0014012      6.0367042      1.5020519      6.9077114    
  20030000   1.0091274      6.0320235      1.5136408      6.9084374    
Loop time of 254227 on 1 procs for 20000000 steps with 30100 atoms

Performance: 33985.425 tau/day, 78.670 timesteps/s
100.0% CPU use with 1 MPI tasks x 1 OpenMP threads

MPI task timing breakdown:
Section |  min time  |  avg time  |  max time  |%varavg| %total
---------------------------------------------------------------
Pair    | 1.6635e+05 | 1.6635e+05 | 1.6635e+05 |   0.0 | 65.43
Bond    | 10242      | 10242      | 10242      |   0.0 |  4.03
Neigh   | 42709      | 42709      | 42709      |   0.0 | 16.80
Comm    | 1111.3     | 1111.3     | 1111.3     |   0.0 |  0.44
Output  | 2.6736     | 2.6736     | 2.6736     |   0.0 |  0.00
Modify  | 32303      | 32303      | 32303      |   0.0 | 12.71
Other   |            | 1509       |            |       |  0.59

Nlocal:          30100 ave       30100 max       30100 min
Histogram: 1 0 0 0 0 0 0 0 0 0
Nghost:           4591 ave        4591 max        4591 min
Histogram: 1 0 0 0 0 0 0 0 0 0
Neighs:         990299 ave      990299 max      990299 min
Histogram: 1 0 0 0 0 0 0 0 0 0

Total # of neighbors = 990299
Ave neighs/atom = 32.900299
Ave special neighs/atom = 1.9136213
Neighbor list builds = 890060
Dangerous builds = 0

write_data data*.xyz
System init for write_data ...
Generated 0 of 6 mixed pair_coeff terms from geometric mixing rule
WARNING: Not all mixed pair coeffs generated from mixing. Use write_data with 'pair ij' option to store all pair coeffs. (src/write_data.cpp:309)
write_restart 	restart.polymer_ring
System init for write_restart ...
Generated 0 of 6 mixed pair_coeff terms from geometric mixing rule

print "ALL done"
ALL done
Total wall time: 70:39:20
