
pair_style      lj/cut 4.0
pair_modify     shift yes
read_restart    prod.restart1
Reading restart file ...
  restart file = 23 Jun 2022, LAMMPS = 23 Jun 2022
  restoring atom style bond from restart
  orthogonal box = (-40 -40 -35) to (40 40 35)
  1 by 1 by 1 MPI processor grid
  restoring pair style lj/cut from restart
  restoring bond style fene from restart
  30000 atoms
  28800 bonds
Finding 1-2 1-3 1-4 neighbors ...
  special bond factors lj:    0        1        1       
  special bond factors coul:  0        1        1       
     2 = max # of 1-2 neighbors
     6 = max # of special neighbors
  special bonds CPU = 0.004 seconds
  read_restart CPU = 0.011 seconds

bond_style      fene
special_bonds   fene
bond_coeff      1 10.0 2.0 1.0 1.0

group polymerA type 1
15000 atoms in group polymerA
group polymerB type 2
15000 atoms in group polymerB
group receptorC type 3
0 atoms in group receptorC
group receptorD type 4
0 atoms in group receptorD
group polymer union polymerA polymerB
30000 atoms in group polymer
group ligand union receptorC receptorD
0 atoms in group ligand

# Polymer-Polymer
pair_coeff 1 1 0.5 1.0 2.5      # A-A
pair_coeff 2 2 0.5 1.0 2.5      # B-B
pair_coeff 1 2 0.1 1.0 2.5      # A-B

# Polymer-Receptor
pair_coeff 1 3 50.0 1.0 4.0     # A-C
pair_coeff 1 4 50.0 1.0 1.1225  # A-D
pair_coeff 2 3 50.0 1.0 1.1225  # B-C
pair_coeff 2 4 50.0 1.0 4.0     # B-D

# Receptor-Receptor
pair_coeff 3 3 1.0 1.0 1.1225
pair_coeff 4 4 1.0 1.0 1.1225
pair_coeff 3 4 1.0 1.0 1.1225

neighbor        1.0 bin

region upper_box block -40 40 -40 40 32.2 34.8
create_atoms 3 random 204 998273 upper_box   # receptor C
Created 204 atoms
  using lattice units in orthogonal box = (-40 -40 -35) to (40 40 35)
  create_atoms CPU = 0.000 seconds
create_atoms 4 random 204 123456 upper_box   # receptor D
Created 204 atoms
  using lattice units in orthogonal box = (-40 -40 -35) to (40 40 35)
  create_atoms CPU = 0.000 seconds

group receptorC type 3
204 atoms in group receptorC
group receptorD type 4
204 atoms in group receptorD
group ligand union receptorC receptorD
408 atoms in group ligand

fix wall_poly polymer wall/lj126 zlo -32 1.0 1.0 1.1225 zhi 32 1.0 1.0 1.1225

fix wall_lig ligand wall/lj126 zlo 32 1.0 1.0 1.1225 zhi 35 1.0 1.0 1.1225

#minimize 1.0e-4 1.0e-6 100 1000

fix 3 all nve/limit 0.01
run 10000
Generated 0 of 6 mixed pair_coeff terms from geometric mixing rule
Neighbor list info ...
  update every 1 steps, delay 10 steps, check yes
  max neighbors/atom: 2000, page size: 100000
  master list distance cutoff = 5
  ghost atom cutoff = 5
  binsize = 2.5, bins = 32 32 28
  1 neighbor lists, perpetual/occasional/extra = 1 0 0
  (1) pair lj/cut, perpetual
      attributes: half, newton on
      pair build: half/bin/newton
      stencil: half/bin/3d
      bin: standard
Per MPI rank memory allocation (min/avg/max) = 23.05 | 23.05 | 23.05 Mbytes
   Step          Temp          E_pair         E_mol          TotEng         Press     
     20000   0.98265849     5715.5487      7.9810611      5725.0037      1553.7895    
     30000   0.25203937    -2.1011469      6.3730259      4.6499256     -0.013633286  
Loop time of 191.17 on 1 procs for 10000 steps with 30408 atoms

Performance: 22597.672 tau/day, 52.309 timesteps/s
100.0% CPU use with 1 MPI tasks x 1 OpenMP threads

MPI task timing breakdown:
Section |  min time  |  avg time  |  max time  |%varavg| %total
---------------------------------------------------------------
Pair    | 165.91     | 165.91     | 165.91     |   0.0 | 86.79
Bond    | 6.0982     | 6.0982     | 6.0982     |   0.0 |  3.19
Neigh   | 13.388     | 13.388     | 13.388     |   0.0 |  7.00
Comm    | 0.42451    | 0.42451    | 0.42451    |   0.0 |  0.22
Output  | 0.00015648 | 0.00015648 | 0.00015648 |   0.0 |  0.00
Modify  | 4.4117     | 4.4117     | 4.4117     |   0.0 |  2.31
Other   |            | 0.9395     |            |       |  0.49

Nlocal:          30408 ave       30408 max       30408 min
Histogram: 1 0 0 0 0 0 0 0 0 0
Nghost:           6255 ave        6255 max        6255 min
Histogram: 1 0 0 0 0 0 0 0 0 0
Neighs:    1.62666e+06 ave 1.62666e+06 max 1.62666e+06 min
Histogram: 1 0 0 0 0 0 0 0 0 0

Total # of neighbors = 1626659
Ave neighs/atom = 53.494442
Ave special neighs/atom = 1.8942384
Neighbor list builds = 199
Dangerous builds = 0
unfix 3

fix 3 all nve
fix 4 all langevin 1 1 1.0 90428

thermo_style    custom step temp pe ke ebond
thermo_modify   flush yes
thermo          10000
timestep        0.005

dump 1 all custom 50000 file_trajectory.bin id type x y z xu yu zu vx vy vz

restart 100000 prod.restart2 prod.restart3
run 20000000
Generated 0 of 6 mixed pair_coeff terms from geometric mixing rule
Per MPI rank memory allocation (min/avg/max) = 27.08 | 27.08 | 27.08 Mbytes
   Step          Temp          PotEng         KinEng         E_bond    
     30000   0.25203937     4.2718789      0.37804663     6.3730259    
     40000   0.99708423     5.9428447      1.4955772      6.8247924    
     50000   0.99975498     5.9584313      1.4995832      6.8277711    
     60000   0.9937877      5.9691835      1.4906325      6.8367988    
     70000   1.0037274      5.9615957      1.5055415      6.8319058    
     80000   0.99999346     5.9646641      1.4999409      6.8365292    
     90000   1.0000219      5.964106       1.4999835      6.8394342    
    100000   0.99556326     5.9656492      1.4932958      6.8340972    
    110000   1.0013413      5.9630386      1.5019626      6.836585     
    120000   0.99300744     5.9493183      1.4894622      6.8368824    
    130000   0.99260056     5.9484897      1.4888519      6.8379288    
    140000   1.0052672      5.9348754      1.5078511      6.8332425    
    150000   0.99872565     5.9309392      1.4980392      6.8359631    
    160000   1.0057228      5.9476409      1.5085346      6.8422962    
    170000   0.99607366     5.9407423      1.4940614      6.8367663    
    180000   0.99665422     5.9425429      1.4949322      6.8350435    
    190000   1.003693       5.9263816      1.50549        6.8391563    
    200000   0.99744727     5.9077582      1.4961217      6.8302652    
    210000   1.0040087      5.9333669      1.5059636      6.8470476    
    220000   1.0015881      5.918617       1.5023327      6.8340186    
    230000   0.9950942      5.9143411      1.4925922      6.8364113    
    240000   0.99931658     5.9144735      1.4989256      6.8429797    
    250000   0.99564574     5.9059673      1.4934195      6.8342743    
    260000   0.99253481     5.9119889      1.4887533      6.8350621    
    270000   0.99206791     5.8966948      1.4880529      6.8279067    
    280000   1.0011613      5.9217325      1.5016926      6.8407562    
    290000   0.99782885     5.9165549      1.496694       6.8283876    
    300000   1.0002903      5.9095986      1.5003861      6.833327     
    310000   1.0006873      5.9109635      1.5009815      6.8248346    
    320000   1.0008085      5.9186279      1.5011634      6.8452197    
    330000   1.0005618      5.9210072      1.5007934      6.8361373    
    340000   0.99924023     5.9037512      1.498811       6.8324435    
    350000   1.0005732      5.9093438      1.5008104      6.8425242    
    360000   1.0017462      5.8861848      1.5025699      6.8305781    
    370000   1.0043067      5.8858611      1.5064105      6.8330184    
    380000   0.99990817     5.8937253      1.4998129      6.8338009    
    390000   1.0021344      5.9042569      1.5031522      6.8388405    
    400000   1.0076662      5.8974087      1.5114496      6.8323077    
    410000   0.99075801     5.9140169      1.4860881      6.8353752    
    420000   0.99886866     5.9199065      1.4982537      6.8395876    
    430000   1.0014046      5.8983664      1.5020575      6.8340576    
    440000   0.99908181     5.8979416      1.4985734      6.8339824    
    450000   1.0073762      5.8941563      1.5110145      6.8312984    
    460000   0.99111344     5.8877755      1.4866213      6.8293205    
    470000   1.0006934      5.8854966      1.5009907      6.8324267    
    480000   1.0024201      5.8916203      1.5035807      6.8335999    
    490000   0.99686761     5.8993121      1.4952522      6.8341064    
    500000   0.99950747     5.901832       1.4992119      6.8339769    
    510000   0.99592796     5.8842313      1.4938428      6.8276108    
    520000   0.99727612     5.8856312      1.495865       6.8254889    
    530000   1.0005991      5.8958747      1.5008493      6.8296976    
    540000   1.0027184      5.8989844      1.5040281      6.8314159    
    550000   1.0030488      5.8958656      1.5045237      6.8273575    
    560000   1.0025673      5.8981124      1.5038015      6.8328627    
    570000   1.0004148      5.8865506      1.5005729      6.8309383    
    580000   0.99888721     5.9146719      1.4982815      6.832888     
    590000   0.99237808     5.8904389      1.4885182      6.8296969    
    600000   0.99960033     5.8963896      1.4993512      6.8377069    
    610000   0.99791781     5.9009044      1.4968275      6.8352741    
    620000   0.99655512     5.8900225      1.4947835      6.8293152    
    630000   0.99588029     5.9093777      1.4937713      6.8425633    
    640000   1.0006357      5.910665       1.5009042      6.8361428    
    650000   1.001922       5.9106535      1.5028336      6.846252     
    660000   0.99546494     5.8961273      1.4931483      6.8399618    
    670000   1.0052788      5.9119927      1.5078686      6.8356579    
    680000   1.0067976      5.9155188      1.5101468      6.8382255    
    690000   1.0040574      5.9113299      1.5060366      6.8378131    
    700000   0.99783533     5.907474       1.4967038      6.8400312    
    710000   0.99629662     5.8877013      1.4943958      6.8318468    
    720000   0.99513451     5.893673       1.4926527      6.8301767    
    730000   0.99719875     5.8873335      1.4957489      6.8339106    
    740000   1.0009238      5.9007007      1.5013363      6.8379497    
    750000   0.99964882     5.9107184      1.4994239      6.8397087    
    760000   0.99726933     5.8862886      1.4958548      6.8261137    
    770000   0.99802072     5.9000286      1.4969819      6.8349773    
    780000   1.0053442      5.9020154      1.5079668      6.8383155    
    790000   1.0036091      5.9013584      1.5053641      6.8444567    
    800000   0.99426951     5.896398       1.4913552      6.8358812    
    810000   1.0015459      5.9083446      1.5022694      6.8385005    
    820000   0.99648588     5.8978616      1.4946797      6.8311065    
    830000   1.0036693      5.8955546      1.5054545      6.8314159    
    840000   0.99101083     5.9085003      1.4864674      6.8312903    
    850000   0.99803938     5.9029718      1.4970098      6.8366209    
    860000   1.0098764      5.9083162      1.5147647      6.8382516    
    870000   0.99590164     5.8908294      1.4938033      6.8314247    
    880000   0.99752525     5.9120564      1.4962387      6.8364933    
    890000   0.98864648     5.9133615      1.4829209      6.8341582    
    900000   0.99606663     5.8995126      1.4940508      6.8367335    
    910000   1.0077933      5.9058713      1.5116403      6.8400964    
    920000   0.99723671     5.9051747      1.4958059      6.8405053    
    930000   0.99746205     5.8869787      1.4961439      6.8275949    
    940000   1.0067004      5.9025066      1.5100009      6.8373927    
    950000   1.0024584      5.90027        1.5036382      6.8367888    
    960000   1.0072911      5.9006766      1.5108869      6.8332052    
    970000   0.99850558     5.8870085      1.4977091      6.8321743    
    980000   1.0022618      5.8821047      1.5033433      6.8342902    
    990000   0.9988342      5.8839129      1.498202       6.8343096    
   1000000   0.99518033     5.884356       1.4927214      6.8295095    
   1010000   0.99550769     5.9077935      1.4932124      6.8417027    
   1020000   1.0047176      5.8826894      1.5070268      6.8345072    
   1030000   0.994715       5.8829312      1.4920234      6.831388     
   1040000   1.0021443      5.8923663      1.503167       6.8341595    
   1050000   0.99942878     5.8978794      1.4990939      6.8378791    
   1060000   1.0017714      5.8833833      1.5026077      6.836435     
   1070000   1.0036804      5.8894682      1.5054711      6.8336412    
   1080000   0.99891389     5.8984468      1.4983216      6.838478     
   1090000   1.009333       5.88821        1.5139497      6.8326889    
   1100000   1.0016315      5.8851796      1.5023978      6.8301135    
   1110000   1.0064676      5.8994603      1.5096517      6.8393575    
   1120000   1.001594       5.8856726      1.5023416      6.8271877    
   1130000   0.99619801     5.9063495      1.4942479      6.8460883    
   1140000   1.000681       5.8995836      1.5009721      6.8354157    
   1150000   0.99440902     5.8990713      1.4915645      6.8377866    
   1160000   1.0013054      5.8997398      1.5019087      6.8355522    
   1170000   0.99444062     5.8983423      1.4916119      6.8348886    
   1180000   1.0032784      5.9043236      1.5048682      6.8392501    
   1190000   0.99792165     5.8864567      1.4968333      6.8343286    
   1200000   1.0106364      5.8896072      1.5159048      6.8315263    
   1210000   1.0055654      5.8825648      1.5082986      6.8353887    
   1220000   1.0046521      5.8779055      1.5069286      6.8396728    
   1230000   1.0060797      5.8570529      1.5090699      6.8315855    
   1240000   0.99576523     5.8839646      1.4935987      6.8417217    
   1250000   1.008942       5.8720092      1.5133633      6.831804     
   1260000   0.99825587     5.8627588      1.4973346      6.8348853    
   1270000   0.99883883     5.8807503      1.498209       6.8301275    
   1280000   0.99876477     5.8779671      1.4980979      6.8339682    
   1290000   1.000642       5.8762231      1.5009137      6.8347756    
   1300000   1.0053696      5.890021       1.5080048      6.8354306    
   1310000   0.98913215     5.877038       1.4836494      6.8368197    
   1320000   1.0068871      5.8742257      1.510281       6.8347929    
   1330000   1.0015434      5.8764444      1.5022656      6.8330833    
   1340000   0.99928726     5.8714436      1.4988816      6.8327208    
   1350000   0.99910987     5.8671017      1.4986155      6.8336229    
   1360000   1.0012443      5.8815108      1.5018171      6.8347577    
   1370000   1.004155       5.8853021      1.506183       6.8403301    
   1380000   1.0092729      5.8633323      1.5138595      6.8278323    
   1390000   1.0018262      5.8482382      1.5026899      6.8243258    
   1400000   0.9974991      5.8650959      1.4961995      6.8340205    
   1410000   1.0019346      5.8744861      1.5028525      6.83585      
   1420000   0.99587406     5.884138       1.493762       6.8425355    
   1430000   0.9962852      5.8710339      1.4943787      6.836169     
   1440000   0.99546233     5.8758899      1.4931444      6.8400784    
   1450000   0.99994916     5.8746718      1.4998744      6.8351954    
   1460000   1.0067058      5.8809943      1.510009       6.8371544    
   1470000   0.98808902     5.8807143      1.4820848      6.8360803    
   1480000   0.99826207     5.8765214      1.4973439      6.839083     
   1490000   1.004299       5.8796122      1.506399       6.8368643    
   1500000   1.0050288      5.8643067      1.5074936      6.8306811    
   1510000   1.0079172      5.8752044      1.5118261      6.8306162    
   1520000   1.004794       5.8724239      1.5071414      6.8346017    
   1530000   1.0062982      5.8737409      1.5093976      6.8292515    
   1540000   0.99691407     5.8739435      1.4953219      6.8310014    
   1550000   0.989307       5.8767409      1.4839117      6.8389603    
   1560000   0.99935244     5.8706903      1.4989794      6.8334745    
   1570000   0.99180292     5.8740118      1.4876555      6.8360407    
   1580000   1.0006478      5.8769551      1.5009223      6.8369629    
   1590000   1.0037312      5.8800805      1.5055473      6.8359651    
   1600000   0.99325559     5.8671115      1.4898344      6.8296969    
   1610000   1.0027664      5.8647147      1.5041001      6.8316704    
   1620000   1.0011382      5.8777572      1.501658       6.8403271    
   1630000   0.9960921      5.8643366      1.494089       6.8432481    
   1640000   0.9992821      5.8597361      1.4988739      6.8315878    
   1650000   0.99244457     5.8747857      1.4886179      6.8309128    
   1660000   1.0021209      5.8611171      1.5031319      6.8244763    
   1670000   0.99514352     5.8635883      1.4926662      6.8310622    
   1680000   0.99752536     5.8462073      1.4962388      6.829342     
   1690000   0.99743957     5.8531768      1.4961102      6.8307516    
   1700000   1.0011305      5.8680667      1.5016464      6.8292158    
   1710000   1.0014052      5.8682125      1.5020584      6.8332323    
   1720000   0.99230332     5.8669944      1.488406       6.8402023    
   1730000   1.0046718      5.8658026      1.5069581      6.8316433    
   1740000   0.99298317     5.8733346      1.4894258      6.8298508    
   1750000   0.99829941     5.8797732      1.4973999      6.8337669    
   1760000   0.99996437     5.862778       1.4998972      6.834118     
   1770000   0.99751378     5.868613       1.4962215      6.8337454    
   1780000   1.0115392      5.8825894      1.5172588      6.8442344    
   1790000   1.0081651      5.8722859      1.5121979      6.8365551    
   1800000   0.99569887     5.8829029      1.4934992      6.8330484    
   1810000   1.0074572      5.8767879      1.511136       6.8387923    
   1820000   1.0081032      5.8795268      1.512105       6.8358117    
   1830000   1.0004088      5.8759548      1.5005638      6.8307189    
   1840000   1.0056263      5.8979313      1.5083899      6.8397123    
   1850000   0.99947255     5.8655625      1.4991595      6.8302831    
   1860000   1.0009808      5.8978941      1.5014218      6.843249     
   1870000   1.0045202      5.8835346      1.5067308      6.838953     
   1880000   1.0064533      5.8761901      1.5096302      6.836703     
   1890000   0.99973866     5.8772975      1.4995587      6.8339202    
   1900000   0.99537762     5.8734689      1.4930173      6.8322704    
   1910000   0.99984998     5.8629584      1.4997257      6.8338443    
   1920000   0.99370537     5.8758056      1.490509       6.8392892    
   1930000   0.99737651     5.8886194      1.4960156      6.8433013    
   1940000   1.0060695      5.8679228      1.5090547      6.8309485    
   1950000   1.0002094      5.8692708      1.5002647      6.8314391    
   1960000   1.0092846      5.8731244      1.5138771      6.8345338    
   1970000   1.0018382      5.8780525      1.5027079      6.835002     
   1980000   1.0019572      5.8938918      1.5028864      6.8348785    
   1990000   0.99499488     5.8791858      1.4924432      6.8333684    
   2000000   1.0039158      5.8739201      1.5058242      6.8322593    
   2010000   1.0008885      5.8756776      1.5012833      6.8350199    
   2020000   1.0032205      5.8784694      1.5047812      6.8345907    
   2030000   0.99749527     5.8667293      1.4961937      6.8264066    
   2040000   0.9939347      5.8722212      1.490853       6.8320532    
   2050000   1.0033896      5.8733098      1.5050349      6.8339443    
   2060000   1.0008506      5.8770438      1.5012265      6.8351352    
   2070000   1.0014774      5.8810895      1.5021668      6.8361569    
   2080000   1.0037303      5.8797279      1.5055459      6.8336224    
   2090000   0.99871179     5.8672477      1.4980184      6.8428113    
   2100000   0.99770331     5.8664277      1.4965058      6.8302898    
   2110000   1.0016547      5.8817595      1.5024326      6.8380664    
   2120000   1.0028079      5.8629859      1.5041624      6.8330403    
   2130000   0.99296296     5.8741959      1.4893955      6.833802     
   2140000   0.99282323     5.8867349      1.4891859      6.8352114    
   2150000   1.0054987      5.8767696      1.5081984      6.8327952    
   2160000   1.007654       5.889022       1.5114313      6.8406524    
   2170000   1.0073598      5.8798189      1.51099        6.8399354    
   2180000   1.0093882      5.8731972      1.5140326      6.8278773    
   2190000   0.99579221     5.8802325      1.4936392      6.833328     
   2200000   1.0061601      5.8819267      1.5091905      6.8342011    
   2210000   0.99952018     5.872949       1.499231       6.8235317    
   2220000   0.99900228     5.8766356      1.4984541      6.8386159    
   2230000   0.99939671     5.8689818      1.4990458      6.8325722    
   2240000   1.0015512      5.883453       1.5022773      6.840926     
   2250000   1.009912       5.8815214      1.5148182      6.8389136    
   2260000   1.0089786      5.8788004      1.5134181      6.8369747    
   2270000   0.99537706     5.8735092      1.4930165      6.8400861    
   2280000   1.0014212      5.8497858      1.5020824      6.8294067    
   2290000   1.0031335      5.8643286      1.5046508      6.8338763    
   2300000   1.0032629      5.8753317      1.5048449      6.8343074    
   2310000   0.99895076     5.8717643      1.4983769      6.8413083    
   2320000   0.99562385     5.8615955      1.4933867      6.8259712    
   2330000   1.0013381      5.8639548      1.5019577      6.8284992    
   2340000   0.99071389     5.8685175      1.486022       6.8378939    
   2350000   0.99636233     5.8755974      1.4944943      6.8387818    
   2360000   1.0057958      5.8770045      1.5086442      6.8352155    
   2370000   0.9926381      5.8800099      1.4889082      6.8434838    
   2380000   0.99698194     5.8760501      1.4954237      6.8337545    
   2390000   1.0010648      5.8688314      1.5015478      6.8284592    
   2400000   1.0033348      5.8713496      1.5049527      6.8362623    
   2410000   0.99810926     5.8700477      1.4971147      6.8384231    
   2420000   1.0006074      5.865169       1.5008618      6.8318288    
   2430000   1.0026366      5.8641672      1.5039054      6.8351212    
   2440000   1.003938       5.8464332      1.5058575      6.8263244    
   2450000   0.99681956     5.8588733      1.4951802      6.8327982    
   2460000   0.98634708     5.8642114      1.479472       6.8317442    
   2470000   1.0055715      5.8640179      1.5083076      6.8298185    
   2480000   0.99742855     5.8693361      1.4960936      6.8367016    
   2490000   0.9953871      5.8750429      1.4930315      6.8392684    
   2500000   0.99854767     5.8619433      1.4977722      6.8301331    
   2510000   0.99519362     5.8666491      1.4927413      6.8330751    
   2520000   1.0018832      5.8683368      1.5027754      6.8427985    
   2530000   1.0048885      5.8514214      1.5072831      6.8382602    
   2540000   0.9952121      5.8632539      1.4927691      6.8257907    
   2550000   0.99477062     5.8792766      1.4921069      6.8450724    
   2560000   0.99915007     5.8586405      1.4986758      6.8289938    
   2570000   0.99883624     5.8583993      1.4982051      6.8299809    
   2580000   0.99823455     5.8721179      1.4973026      6.8365758    
   2590000   0.98947061     5.8593087      1.4841571      6.8369965    
   2600000   0.99916807     5.8642728      1.4987028      6.8351903    
   2610000   0.99178809     5.8564692      1.4876332      6.8287043    
   2620000   0.99702192     5.8662214      1.4954837      6.8380633    
   2630000   0.99966398     5.8568021      1.4994467      6.8306759    
   2640000   1.0053296      5.845953       1.5079448      6.8310738    
   2650000   0.99451682     5.8666641      1.4917262      6.8398982    
   2660000   0.99815203     5.8691216      1.4971788      6.8378571    
   2670000   1.0044178      5.8648344      1.5065771      6.8387286    
   2680000   0.99658804     5.8605555      1.4948329      6.8346231    
   2690000   1.0044398      5.8586889      1.5066102      6.8359154    
   2700000   1.0001975      5.8703961      1.5002469      6.8428414    
   2710000   1.006987       5.8702211      1.5104308      6.840555     
   2720000   1.0060702      5.8728584      1.5090557      6.8403304    
   2730000   1.0009688      5.8691202      1.5014038      6.8423482    
   2740000   1.0093267      5.8613921      1.5139402      6.8384276    
   2750000   0.99741375     5.8472566      1.4960714      6.8345058    
   2760000   0.99717562     5.8640114      1.4957142      6.8449317    
   2770000   0.99717646     5.8601729      1.4957155      6.8344716    
   2780000   1.002643       5.8536713      1.5039151      6.8353934    
   2790000   1.008852       5.8594812      1.5132283      6.8376416    
   2800000   0.99600795     5.8683756      1.4939628      6.8410248    
   2810000   0.99777188     5.8570103      1.4966086      6.8365006    
   2820000   1.0039034      5.8568628      1.5058055      6.8321863    
   2830000   1.0033298      5.8719905      1.5049452      6.838036     
   2840000   0.99469101     5.8692754      1.4919875      6.8373377    
   2850000   0.99608776     5.8673459      1.4940825      6.8393747    
   2860000   1.0118283      5.8593588      1.5176926      6.8406294    
   2870000   1.0069492      5.8711646      1.5103741      6.8459831    
   2880000   1.0029726      5.8612035      1.5044094      6.8309275    
   2890000   0.99139664     5.8655675      1.4870461      6.8361815    
   2900000   1.0063414      5.8705008      1.5094625      6.8399384    
   2910000   1.0009796      5.8481908      1.50142        6.8358818    
   2920000   0.9994671      5.8550553      1.4991513      6.8347577    
   2930000   0.99900301     5.8517964      1.4984552      6.831541     
   2940000   0.99237081     5.8691084      1.4885073      6.8347866    
   2950000   0.99465368     5.8479753      1.4919314      6.8337414    
   2960000   0.99627533     5.862393       1.4943638      6.8360452    
   2970000   1.0040836      5.8564877      1.5060758      6.833962     
   2980000   1.0007912      5.8665916      1.5011374      6.8369088    
   2990000   1.0034873      5.86402        1.5051814      6.8378233    
   3000000   1.0020902      5.8536551      1.5030859      6.829168     
   3010000   1.000402       5.8628598      1.5005536      6.8419974    
   3020000   0.99351538     5.8507954      1.4902241      6.8299999    
   3030000   1.0029759      5.8649229      1.5044143      6.8337399    
   3040000   1.0053334      5.8641776      1.5079506      6.8316251    
   3050000   1.003282       5.8745018      1.5048736      6.8323243    
   3060000   1.0029536      5.8592684      1.5043809      6.8366787    
   3070000   1.007901       5.8548387      1.5118019      6.8313553    
   3080000   0.99862787     5.8511353      1.4978925      6.836707     
   3090000   0.99403913     5.8592348      1.4910097      6.8395668    
   3100000   1.0046227      5.8727205      1.5068845      6.8363448    
   3110000   0.99925188     5.8503075      1.4988285      6.8313574    
   3120000   0.99946809     5.8634282      1.4991528      6.8424232    
   3130000   0.9955188      5.8577008      1.4932291      6.8319641    
   3140000   0.99928226     5.8529513      1.4988741      6.8290826    
   3150000   1.0020833      5.8508861      1.5030756      6.83118      
   3160000   0.99760017     5.8597342      1.496351       6.8337199    
   3170000   0.99567236     5.838077       1.4934594      6.831475     
   3180000   1.0044827      5.8606523      1.5066745      6.839543     
   3190000   1.0035183      5.8580658      1.5052279      6.8379681    
   3200000   1.0031665      5.8721603      1.5047003      6.8452474    
   3210000   1.0012429      5.8550714      1.501815       6.832653     
   3220000   1.0054473      5.8586205      1.5081213      6.8345577    
   3230000   0.99684115     5.8546379      1.4952125      6.8441089    
   3240000   1.0011481      5.8363452      1.5016727      6.824834     
   3250000   1.0020747      5.8550182      1.5030626      6.841725     
   3260000   0.99663337     5.8406674      1.4949009      6.8347545    
   3270000   1.0069613      5.8419271      1.5103923      6.8367368    
   3280000   1.0047281      5.8504398      1.5070426      6.8334361    
   3290000   0.99667044     5.8411796      1.4949565      6.8341447    
   3300000   1.0134173      5.8364802      1.520076       6.8263155    
   3310000   0.9886012      5.8488501      1.482853       6.8325261    
   3320000   1.0035513      5.8478214      1.5052775      6.8368794    
   3330000   0.99765408     5.8492174      1.4964319      6.8366365    
   3340000   0.99523337     5.8489748      1.492801       6.836663     
   3350000   0.99619237     5.8563028      1.4942394      6.842198     
   3360000   0.99346385     5.858884       1.4901468      6.8366063    
   3370000   1.0043373      5.8490234      1.5064564      6.8366564    
   3380000   1.0060791      5.844847       1.5090691      6.8353704    
   3390000   1.0086818      5.860396       1.5129729      6.8385105    
   3400000   1.0028409      5.8375067      1.5042119      6.8279883    
   3410000   0.99952501     5.845833       1.4992382      6.8338689    
   3420000   0.99926303     5.8473921      1.4988453      6.830675     
   3430000   0.99992186     5.8529094      1.4998335      6.8361031    
   3440000   0.99407697     5.8568912      1.4910664      6.8358311    
   3450000   0.99867535     5.8553327      1.4979638      6.8329971    
   3460000   1.0068968      5.8620422      1.5102956      6.8317731    
   3470000   0.99379779     5.8754175      1.4906477      6.8422589    
   3480000   1.000346       5.8653041      1.5004696      6.8453101    
   3490000   1.0047815      5.8433194      1.5071227      6.833921     
   3500000   0.99885264     5.8539         1.4982297      6.8307244    
   3510000   1.0008916      5.8582048      1.501288       6.8357998    
   3520000   1.0001735      5.8663702      1.500211       6.8368554    
   3530000   1.0018289      5.8711733      1.5026939      6.8306416    
   3540000   0.99187056     5.8596287      1.4877569      6.8304766    
   3550000   0.98917872     5.8534598      1.4837193      6.8293227    
   3560000   0.99780197     5.8394095      1.4966537      6.8288629    
   3570000   0.99620884     5.8517774      1.4942641      6.8371756    
   3580000   1.0086794      5.8515798      1.5129694      6.8285798    
   3590000   0.99315212     5.8393317      1.4896792      6.8274916    
   3600000   1.0070868      5.8443428      1.5105805      6.8319644    
   3610000   1.0104956      5.8656989      1.5156936      6.8337615    
   3620000   0.9993727      5.8493267      1.4990098      6.8368037    
   3630000   1.0051556      5.8505525      1.5076838      6.8375874    
   3640000   1.011606       5.8519232      1.5173591      6.836918     
   3650000   1.0015232      5.8487289      1.5022354      6.8300845    
   3660000   1.0070196      5.8707356      1.5104798      6.8397117    
   3670000   1.0052586      5.8753796      1.5078383      6.8396471    
   3680000   1.0086858      5.8559328      1.512979       6.8376693    
   3690000   1.0025854      5.8661235      1.5038287      6.8384325    
   3700000   1.0021008      5.855556       1.5031017      6.8292924    
   3710000   0.98754821     5.8549186      1.4812736      6.8307285    
   3720000   0.99088012     5.8546113      1.4862713      6.8278764    
   3730000   0.99904811     5.8762005      1.4985229      6.8376293    
   3740000   0.9947499      5.8680946      1.4920758      6.8444933    
   3750000   1.0018389      5.8611396      1.5027089      6.8376071    
   3760000   1.0003773      5.8651767      1.5005166      6.832531     
   3770000   0.9968552      5.8569621      1.4952336      6.8358568    
   3780000   1.0014193      5.8469347      1.5020795      6.8418929    
   3790000   0.99283776     5.8411658      1.4892077      6.828598     
   3800000   1.001846       5.8628813      1.5027195      6.8401458    
   3810000   1.0057538      5.8550165      1.5085812      6.8383933    
   3820000   1.0036355      5.8522453      1.5054037      6.8354958    
   3830000   0.98930198     5.8489834      1.4839042      6.8305407    
   3840000   1.0122954      5.8581583      1.5183932      6.8383978    
   3850000   1.0019441      5.8644594      1.5028667      6.8379895    
   3860000   1.0049216      5.8524601      1.5073329      6.8399911    
   3870000   0.9922901      5.8608045      1.4883862      6.8325355    
   3880000   1.0047075      5.857381       1.5070117      6.8362817    
   3890000   0.99499216     5.8416923      1.4924392      6.8316927    
   3900000   1.0024962      5.8488627      1.5036948      6.8296738    
   3910000   1.0006198      5.8762295      1.5008804      6.8398505    
   3920000   1.0037737      5.8565031      1.5056111      6.8296041    
   3930000   1.00679        5.8513322      1.5101354      6.8408037    
   3940000   1.0037531      5.8380242      1.5055802      6.8305542    
   3950000   0.99963273     5.858623       1.4993998      6.8365592    
   3960000   1.0026767      5.8518075      1.5039656      6.8324523    
   3970000   1.002306       5.834602       1.5034095      6.834228     
   3980000   0.99666544     5.8545791      1.494949       6.8384403    
   3990000   0.99819765     5.867851       1.4972472      6.8446054    
   4000000   0.99344385     5.863835       1.4901168      6.8341607    
   4010000   1.0000721      5.8463985      1.5000588      6.828602     
   4020000   0.99687723     5.8675318      1.4952667      6.8329618    
   4030000   1.0004619      5.8547637      1.5006436      6.8324878    
   4040000   0.99532436     5.8690441      1.4929374      6.8373123    
   4050000   0.99927142     5.8586141      1.4988578      6.8372478    
   4060000   1.0024149      5.8531056      1.5035729      6.834109     
   4070000   1.0036897      5.8372905      1.505485       6.8261852    
   4080000   1.0027279      5.8513987      1.5040424      6.8326091    
   4090000   1.0022234      5.8415324      1.5032857      6.8291964    
   4100000   1.0010576      5.8520107      1.501537       6.8351111    
   4110000   0.99728547     5.8635986      1.495879       6.8417631    
   4120000   1.0023624      5.8450282      1.5034941      6.8321408    
   4130000   0.98763057     5.8443935      1.4813971      6.8332188    
   4140000   0.99335792     5.845062       1.4899879      6.8382517    
   4150000   1.0014783      5.8474673      1.502168       6.8372555    
   4160000   1.0022513      5.8562943      1.5033275      6.8374734    
   4170000   0.99412251     5.8619055      1.4911347      6.8453623    
   4180000   0.99954436     5.8553086      1.4992672      6.8351811    
   4190000   1.0039132      5.8432875      1.5058203      6.8301569    
   4200000   0.99526032     5.8408378      1.4928414      6.8257889    
   4210000   0.99961272     5.8441009      1.4993698      6.8295521    
   4220000   0.99876186     5.8533864      1.4980935      6.8416719    
   4230000   0.99951161     5.8361576      1.4992181      6.8255984    
   4240000   1.0004189      5.8415788      1.500579       6.8340127    
   4250000   0.99495068     5.8233013      1.4923769      6.8258429    
   4260000   0.99677439     5.8646945      1.4951124      6.8399213    
   4270000   0.99666865     5.8367747      1.4949538      6.8361104    
   4280000   0.99962723     5.845386       1.4993915      6.8316929    
   4290000   0.99959654     5.8390132      1.4993455      6.8346571    
   4300000   0.99575539     5.8393326      1.493584       6.8320563    
   4310000   0.99734188     5.8369936      1.4959636      6.835565     
   4320000   1.0042639      5.8418865      1.5063463      6.8424593    
   4330000   1.0052288      5.8545935      1.5077936      6.837952     
   4340000   1.0015345      5.8561167      1.5022524      6.8471237    
   4350000   1.0010192      5.8406557      1.5014794      6.8414186    
   4360000   0.99978674     5.8388259      1.4996308      6.8332844    
   4370000   1.0096772      5.8531801      1.5144661      6.8359983    
   4380000   0.99808511     5.864648       1.4970784      6.8390472    
   4390000   0.99995623     5.8585269      1.499885       6.8405148    
   4400000   1.0035511      5.8581445      1.5052772      6.8363562    
   4410000   0.99271604     5.8369426      1.4890251      6.8310487    
   4420000   0.99916486     5.8453083      1.498698       6.8298117    
   4430000   1.0033769      5.8499183      1.5050158      6.8329584    
   4440000   0.99816843     5.8480589      1.4972034      6.831076     
   4450000   1.003118       5.8388636      1.5046276      6.8303958    
   4460000   1.0007729      5.8532283      1.50111        6.840127     
   4470000   0.99124321     5.8386207      1.4868159      6.8321737    
   4480000   0.99744943     5.8427519      1.4961249      6.8327027    
   4490000   1.0053911      5.8392289      1.508037       6.8287518    
   4500000   1.0105482      5.8425342      1.5157725      6.83229      
   4510000   1.0006856      5.8450969      1.500979       6.837873     
   4520000   1.0003599      5.8444593      1.5004905      6.8381625    
   4530000   1.0004885      5.8542281      1.5006834      6.8395592    
   4540000   1.0064491      5.8480471      1.509624       6.8336587    
   4550000   1.0028491      5.8298355      1.5042242      6.8324504    
   4560000   1.0011956      5.8523351      1.5017441      6.8382071    
   4570000   1.0149965      5.8412651      1.5224447      6.8375156    
   4580000   1.0059933      5.8412051      1.5089403      6.8287539    
   4590000   1.0034484      5.8384839      1.5051231      6.8361994    
   4600000   0.99994881     5.8477958      1.4998739      6.8414467    
   4610000   0.99719824     5.8594762      1.4957482      6.8395458    
   4620000   1.0049007      5.8476445      1.5073015      6.8381016    
   4630000   1.0016015      5.8401738      1.5023528      6.8350393    
   4640000   1.0070937      5.8345262      1.5105908      6.8267835    
   4650000   0.99462092     5.8474781      1.4918823      6.834162     
   4660000   1.0016795      5.8352563      1.5024699      6.8299929    
   4670000   1.0027418      5.8494793      1.5040632      6.8411535    
   4680000   0.99313866     5.8400435      1.489659       6.8341716    
   4690000   0.99895755     5.8329171      1.498387       6.8350735    
   4700000   0.99546946     5.8461713      1.4931551      6.8343393    
   4710000   0.99824165     5.8341475      1.4973132      6.8317147    
   4720000   1.0019817      5.8358147      1.5029232      6.8363841    
   4730000   1.0064363      5.8347413      1.5096048      6.8373926    
   4740000   0.99901812     5.8518099      1.4984779      6.8351233    
   4750000   1.0035687      5.8235873      1.5053036      6.8333965    
   4760000   1.0001145      5.8263111      1.5001224      6.8346347    
   4770000   0.99801092     5.8414397      1.4969672      6.8314918    
   4780000   1.0029127      5.8362816      1.5043195      6.8306671    
   4790000   0.9984706      5.8334107      1.4976566      6.8320101    
   4800000   1.0001451      5.8379435      1.5001683      6.8338893    
   4810000   1.0039582      5.8467203      1.5058877      6.8369937    
   4820000   0.99555774     5.8417763      1.4932875      6.8326024    
   4830000   0.99909522     5.8327476      1.4985935      6.8329178    
   4840000   0.99990581     5.8467755      1.4998094      6.8347034    
   4850000   0.99860564     5.839045       1.4978592      6.8446577    
   4860000   1.0074379      5.8313412      1.5111071      6.8417201    
   4870000   0.99958791     5.8390381      1.4993326      6.8383605    
   4880000   0.99857325     5.8256571      1.4978106      6.8308885    
   4890000   0.99499591     5.8381631      1.4924448      6.8333963    
   4900000   1.0011841      5.8378927      1.5017267      6.8392844    
   4910000   0.99619915     5.8473014      1.4942496      6.8456287    
   4920000   1.0056821      5.8286384      1.5084735      6.832596     
   4930000   0.99653161     5.8294289      1.4947483      6.8435977    
   4940000   0.99660294     5.8475311      1.4948552      6.8398111    
   4950000   1.0051329      5.8299959      1.5076498      6.8273057    
   4960000   0.9981036      5.8334421      1.4971062      6.8363975    
   4970000   0.99873558     5.819198       1.4980541      6.8405825    
   4980000   0.99421522     5.8326031      1.4912738      6.8410038    
   4990000   0.9982144      5.8240432      1.4972724      6.8349933    
   5000000   1.0080851      5.8088439      1.5120779      6.8312831    
   5010000   1.0015453      5.817639       1.5022685      6.836183     
   5020000   0.99626824     5.8142286      1.4943532      6.8314757    
   5030000   0.99472813     5.8237352      1.4920431      6.8426998    
   5040000   0.99954248     5.8092491      1.4992644      6.8304457    
   5050000   0.99765961     5.8164583      1.4964402      6.8319498    
   5060000   1.0010453      5.823364       1.5015185      6.8292058    
   5070000   1.0041062      5.836405       1.5061098      6.8403351    
   5080000   1.000908       5.825523       1.5013126      6.8314187    
   5090000   0.99534302     5.8256275      1.4929654      6.8354062    
   5100000   0.99866045     5.8145431      1.4979414      6.8342508    
   5110000   0.99923399     5.8287665      1.4988017      6.8360503    
   5120000   1.0020689      5.8307379      1.503054       6.8316633    
   5130000   1.0026971      5.8509585      1.5039963      6.836643     
   5140000   1.0063053      5.8177231      1.5094083      6.8346384    
   5150000   0.99361285     5.8192544      1.4903703      6.8349819    
   5160000   1.0005155      5.8294605      1.5007239      6.8347805    
   5170000   0.99952896     5.8185647      1.4992441      6.8347444    
   5180000   1.0001353      5.8273659      1.5001536      6.8397905    
   5190000   1.0050522      5.8285431      1.5075287      6.8408722    
   5200000   0.99480497     5.8253812      1.4921584      6.8418491    
   5210000   1.0043815      5.8280188      1.5065227      6.834637     
   5220000   1.0087827      5.8423448      1.5131243      6.8360671    
   5230000   0.99975074     5.8357863      1.4995768      6.8325674    
   5240000   1.0077011      5.8354549      1.5115019      6.8405596    
   5250000   1.0063441      5.8207659      1.5094665      6.8247063    
   5260000   0.99863585     5.8278799      1.4979045      6.82988      
   5270000   0.9947602      5.8267318      1.4920912      6.8354866    
   5280000   1.0014536      5.8302989      1.5021309      6.8371236    
   5290000   1.0013772      5.8230953      1.5020163      6.8335403    
   5300000   0.99639192     5.8298665      1.4945387      6.8313311    
   5310000   0.99952084     5.8322273      1.499232       6.8402337    
   5320000   1.0009415      5.8253254      1.5013629      6.8301123    
   5330000   1.0022039      5.8241663      1.5032564      6.8404104    
   5340000   1.0059035      5.8331633      1.5088056      6.8415165    
   5350000   1.0065622      5.8325533      1.5097936      6.8388806    
   5360000   0.99993027     5.8349636      1.4998461      6.8351521    
   5370000   0.99814055     5.8368886      1.4971616      6.832294     
   5380000   0.99638513     5.8384654      1.4945285      6.8326986    
   5390000   1.0072101      5.8190777      1.5107655      6.8265027    
   5400000   0.99736409     5.832501       1.4959969      6.8333616    
   5410000   1.000326       5.837464       1.5004397      6.8303192    
   5420000   1.0075337      5.8295889      1.5112508      6.8353432    
   5430000   1.0048285      5.8230128      1.5071932      6.8300732    
   5440000   0.99113092     5.8445253      1.4866475      6.8365675    
   5450000   1.0036947      5.831497       1.5054926      6.8344624    
   5460000   1.0038338      5.8297712      1.5057011      6.8383848    
   5470000   1.0052298      5.8244351      1.5077951      6.827556     
   5480000   0.99887843     5.8349258      1.4982684      6.8329582    
   5490000   0.99875747     5.8304127      1.4980869      6.8351254    
   5500000   0.99942348     5.8364704      1.4990859      6.8415892    
   5510000   1.0023279      5.8307499      1.5034424      6.8369882    
   5520000   0.99915419     5.8203752      1.498682       6.8220081    
   5530000   0.99853036     5.8460695      1.4977463      6.838399     
   5540000   1.0060117      5.839056       1.508968       6.8302883    
   5550000   0.99311093     5.8447741      1.4896174      6.8413368    
   5560000   0.99986368     5.8433103      1.4997462      6.8349246    
   5570000   1.0013939      5.8330678      1.5020415      6.8345366    
   5580000   1.0026658      5.8270685      1.5039493      6.8349787    
   5590000   0.99579085     5.8113826      1.4936372      6.8225837    
   5600000   1.0083172      5.8170613      1.5124261      6.8295791    
   5610000   0.99702646     5.8410439      1.4954905      6.8419991    
   5620000   0.99954433     5.83348        1.4992672      6.8297771    
   5630000   1.0081944      5.8373424      1.5122419      6.8271463    
   5640000   1.0009252      5.8249165      1.5013384      6.8344628    
   5650000   0.99546166     5.8317128      1.4931434      6.837463     
   5660000   0.9960615      5.8359797      1.4940431      6.8382219    
   5670000   1.0065923      5.8244236      1.5098388      6.8305023    
   5680000   0.98858376     5.8232638      1.4828269      6.8346629    
   5690000   1.002013       5.8265069      1.50297        6.8353164    
   5700000   0.99525412     5.8303603      1.4928321      6.8413099    
   5710000   1.0038457      5.8245207      1.5057191      6.8385044    
   5720000   0.9960025      5.8249881      1.4939546      6.8294897    
   5730000   0.99465268     5.8162192      1.49193        6.8316832    
   5740000   0.98956388     5.8182269      1.484297       6.8331096    
   5750000   0.9987692      5.8088553      1.4981045      6.8299041    
   5760000   0.99389754     5.8258728      1.4907973      6.8387811    
   5770000   0.99790026     5.8069357      1.4968012      6.8225524    
   5780000   1.0048581      5.821456       1.5072375      6.8340623    
   5790000   0.99918611     5.8243137      1.4987299      6.8368887    
   5800000   0.99592068     5.8234895      1.4938319      6.8362657    
   5810000   0.99391615     5.816834       1.4908252      6.8363456    
   5820000   1.0022791      5.820492       1.5033691      6.8346515    
   5830000   0.99282453     5.8266742      1.4891878      6.837817     
   5840000   1.0015746      5.8310447      1.5023125      6.8341161    
   5850000   1.0049048      5.8213541      1.5073076      6.8325108    
   5860000   0.99761856     5.822489       1.4963786      6.8297743    
   5870000   0.99956469     5.8251854      1.4992977      6.8286503    
   5880000   0.99661136     5.8399913      1.4948679      6.8391729    
   5890000   1.0097564      5.83024        1.5145847      6.8279451    
   5900000   1.0001837      5.8316348      1.5002262      6.8392776    
   5910000   1.0056766      5.8110446      1.5084652      6.8315615    
   5920000   1.0024096      5.8295169      1.503565       6.8384467    
   5930000   1.0005952      5.8233183      1.5008435      6.8378072    
   5940000   1.0058338      5.8163918      1.5087011      6.8351472    
   5950000   1.0059743      5.8251673      1.5089118      6.8336823    
   5960000   0.9980234      5.8245802      1.4969859      6.8373148    
   5970000   1.0009849      5.8139638      1.501428       6.8289562    
   5980000   1.0027708      5.826118       1.5041067      6.8299523    
   5990000   1.0003362      5.8232224      1.500455       6.8321434    
   6000000   0.99063384     5.8162642      1.4859019      6.8336275    
   6010000   1.0000246      5.8213609      1.4999876      6.825893     
   6020000   0.99658512     5.8248596      1.4948285      6.8351707    
   6030000   1.0080803      5.835094       1.5120707      6.8319711    
   6040000   1.0058245      5.8245927      1.5086871      6.8317801    
   6050000   1.0045893      5.8330005      1.5068344      6.8344727    
   6060000   1.00406        5.8464524      1.5060404      6.8383973    
   6070000   0.99008206     5.8570441      1.4850742      6.8454602    
   6080000   0.9947088      5.8414193      1.4920141      6.8363974    
   6090000   0.99851903     5.8361385      1.4977293      6.8384787    
   6100000   1.002208       5.8243742      1.5032625      6.8316713    
   6110000   0.99631821     5.8198011      1.4944282      6.8282681    
   6120000   1.0084965      5.8317203      1.512695       6.8316334    
   6130000   1.0047175      5.8455941      1.5070267      6.8430467    
   6140000   0.99931229     5.8295331      1.4989191      6.8305001    
   6150000   0.99949467     5.8358243      1.4991927      6.8355306    
   6160000   0.99532742     5.8288865      1.492942       6.8379482    
   6170000   1.0054729      5.8422779      1.5081597      6.834702     
   6180000   1.0016306      5.8394177      1.5023964      6.8314739    
   6190000   1.0015418      5.8322737      1.5022632      6.831568     
   6200000   0.99997865     5.8201113      1.4999186      6.8291395    
   6210000   0.99315194     5.8334501      1.4896789      6.8346591    
   6220000   1.0017264      5.8275487      1.5025402      6.8288131    
   6230000   1.0025995      5.8274483      1.5038498      6.8288393    
   6240000   1.0015791      5.8361564      1.5023192      6.8375805    
   6250000   1.0030075      5.8256889      1.5044618      6.8317292    
   6260000   1.0152947      5.8411047      1.522892       6.8412063    
   6270000   1.0053415      5.8273058      1.5079626      6.8373365    
   6280000   1.002645       5.8070312      1.5039181      6.8246092    
   6290000   0.99366164     5.8242081      1.4904434      6.8398493    
   6300000   0.99491089     5.8269676      1.4923173      6.8374752    
   6310000   1.0101092      5.8162621      1.515114       6.8282847    
   6320000   0.99869123     5.817511       1.4979876      6.8311533    
   6330000   0.99874189     5.813271       1.4980636      6.8286974    
   6340000   1.0060255      5.8401255      1.5089886      6.8328297    
   6350000   0.99595618     5.8320055      1.4938851      6.8305468    
   6360000   0.99592211     5.8406434      1.493834       6.8380991    
   6370000   0.99627765     5.8442902      1.4943673      6.8321362    
   6380000   0.99842622     5.8297734      1.4975901      6.8318256    
   6390000   0.99883866     5.8343754      1.4982087      6.8404899    
   6400000   0.99722816     5.8291172      1.4957931      6.8340499    
   6410000   1.0032556      5.8263586      1.5048338      6.8340369    
   6420000   0.99412802     5.8205888      1.491143       6.8278364    
   6430000   0.99982658     5.8237047      1.4996905      6.8286754    
   6440000   1.0119507      5.8145463      1.5178762      6.8284447    
   6450000   1.0067571      5.8153366      1.5100859      6.8310855    
   6460000   1.0072986      5.8312204      1.5108983      6.8377757    
   6470000   0.9994213      5.838007       1.4990826      6.833409     
   6480000   1.001113       5.8341034      1.5016202      6.834681     
   6490000   0.99797157     5.8300072      1.4969081      6.8322943    
   6500000   0.99163796     5.8275022      1.487408       6.8340348    
   6510000   1.0022841      5.8367041      1.5033767      6.8372079    
   6520000   1.0011887      5.8154365      1.5017336      6.8331929    
   6530000   0.99520428     5.8203609      1.4927573      6.8357799    
   6540000   0.99534892     5.8194052      1.4929743      6.8267989    
   6550000   1.0035606      5.8265591      1.5052914      6.8368501    
   6560000   0.99936247     5.8286911      1.4989944      6.8312054    
   6570000   1.0002474      5.8325103      1.5003217      6.8426888    
   6580000   0.9976663      5.823841       1.4964502      6.8346991    
   6590000   0.99847385     5.8351901      1.4976615      6.8478919    
   6600000   1.0069482      5.8175953      1.5103727      6.8293044    
   6610000   0.99558306     5.8047061      1.4933255      6.8311777    
   6620000   1.0031662      5.8154572      1.5046999      6.8353717    
   6630000   0.99129474     5.8242991      1.4868932      6.835942     
   6640000   0.99757316     5.8221903      1.4963105      6.8357495    
   6650000   0.99243117     5.8342942      1.4885978      6.8410421    
   6660000   0.99640749     5.8317185      1.4945621      6.83862      
   6670000   1.0059145      5.8310071      1.5088221      6.8374389    
   6680000   1.006672       5.8230182      1.5099584      6.8324044    
   6690000   0.99945259     5.8215943      1.4991296      6.8292326    
   6700000   1.0099249      5.8250677      1.5148376      6.8335536    
   6710000   1.0036309      5.8302749      1.5053968      6.8422637    
   6720000   0.99393095     5.8115657      1.4908474      6.8369138    
   6730000   1.0004852      5.8290935      1.5006784      6.8364125    
   6740000   0.99734857     5.824972       1.4959737      6.830922     
   6750000   1.0082138      5.8220448      1.512271       6.8334568    
   6760000   0.98882963     5.8258439      1.4831957      6.8350373    
   6770000   0.99843214     5.8074318      1.497599       6.8320038    
   6780000   0.99523718     5.8205021      1.4928067      6.8361522    
   6790000   1.0011458      5.8210544      1.5016693      6.8340785    
   6800000   1.0032717      5.8295561      1.5048581      6.8265266    
   6810000   0.99810986     5.8228333      1.4971156      6.8337863    
   6820000   0.99764303     5.814105       1.4964153      6.8289595    
   6830000   0.99681097     5.824939       1.4951673      6.8332247    
   6840000   1.0002859      5.8156861      1.5003795      6.832571     
   6850000   1.0010543      5.814245       1.501532       6.8356355    
   6860000   1.00122        5.8127396      1.5017807      6.836056     
   6870000   0.99982176     5.8430004      1.4996833      6.8434097    
   6880000   1.0008918      5.832544       1.5012884      6.8358011    
   6890000   1.0009678      5.8280067      1.5014024      6.8256677    
   6900000   1.000687       5.8397936      1.5009812      6.839886     
   6910000   1.0051008      5.8252941      1.5076016      6.831086     
   6920000   0.99907613     5.8276252      1.4985649      6.8334483    
   6930000   1.0004484      5.8183651      1.5006232      6.8323672    
   6940000   1.0026632      5.8362339      1.5039453      6.8439271    
   6950000   1.0031139      5.8217583      1.5046213      6.8392616    
   6960000   1.0052986      5.8162906      1.5078983      6.83848      
   6970000   1.003362       5.8186207      1.5049935      6.8344686    
   6980000   1.0015809      5.8092795      1.5023219      6.8342222    
   6990000   1.0062202      5.8154002      1.5092807      6.8291818    
   7000000   1.0006126      5.8291234      1.5008696      6.8438328    
   7010000   0.99820241     5.8387185      1.4972544      6.8405651    
   7020000   1.0064331      5.8292901      1.5096001      6.8335752    
   7030000   1.0023117      5.8286559      1.5034181      6.8268068    
   7040000   0.99879782     5.830714       1.4981475      6.8338691    
   7050000   0.99839184     5.8258034      1.4975385      6.8277293    
   7060000   0.99343122     5.8247983      1.4900978      6.8378161    
   7070000   0.99928605     5.824897       1.4988798      6.8294012    
   7080000   0.998954       5.8356926      1.4983817      6.8388236    
   7090000   0.99572375     5.8197526      1.4935365      6.8319965    
   7100000   0.99168961     5.8102342      1.4874855      6.8252704    
   7110000   1.0011638      5.8126247      1.5016964      6.828279     
   7120000   0.99864912     5.8058983      1.4979244      6.8255384    
   7130000   1.0005354      5.8190327      1.5007537      6.8303209    
   7140000   1.003012       5.8226522      1.5044686      6.8300323    
   7150000   0.98884791     5.8054485      1.4832231      6.8271231    
   7160000   0.99933538     5.8313807      1.4989538      6.8346868    
   7170000   1.0076922      5.8359154      1.5114886      6.8383452    
   7180000   1.0020761      5.8238075      1.5030647      6.8323338    
   7190000   1.0003111      5.8211508      1.5004174      6.8280647    
   7200000   1.0029104      5.8272716      1.5043161      6.834398     
   7210000   0.99317707     5.833926       1.4897166      6.8326253    
   7220000   1.011553       5.8141494      1.5172797      6.8295147    
   7230000   1.0030307      5.8274867      1.5044965      6.8355214    
   7240000   1.0026318      5.8210863      1.5038983      6.8386502    
   7250000   0.9979744      5.8241515      1.4969124      6.8349648    
   7260000   1.00432        5.8260059      1.5064304      6.8404886    
   7270000   1.0036815      5.8164632      1.5054727      6.8370038    
   7280000   1.0022938      5.8017347      1.5033913      6.8343128    
   7290000   0.99680381     5.7946618      1.4951566      6.824286     
   7300000   1.0013178      5.8152117      1.5019273      6.8377764    
   7310000   0.99555451     5.8405371      1.4932827      6.8379453    
   7320000   1.0014635      5.8133469      1.5021459      6.8348639    
   7330000   0.99983976     5.7943844      1.4997103      6.8314888    
   7340000   1.0019738      5.8067129      1.5029113      6.8281155    
   7350000   0.99973347     5.823357       1.4995509      6.835999     
   7360000   0.99910044     5.8276411      1.4986014      6.8374035    
   7370000   1.0020259      5.8177225      1.5029895      6.8367666    
   7380000   0.99763634     5.8134968      1.4964053      6.8355607    
   7390000   1.0024522      5.8086529      1.5036288      6.8367803    
   7400000   0.9994123      5.8161637      1.4990692      6.8350722    
   7410000   1.0013894      5.8230197      1.5020347      6.8331495    
   7420000   0.99264761     5.8059765      1.4889225      6.8358875    
   7430000   1.0009001      5.8128621      1.5013008      6.8339696    
   7440000   0.99490886     5.8204634      1.4923142      6.8326505    
   7450000   1.0006771      5.8277072      1.5009662      6.8381072    
   7460000   1.0062929      5.8186842      1.5093896      6.8319214    
   7470000   0.99810626     5.8258975      1.4971102      6.8338679    
   7480000   0.99634112     5.8273712      1.4944625      6.8337882    
   7490000   0.99277409     5.8291072      1.4891122      6.8371989    
   7500000   1.0060981      5.8130761      1.5090975      6.8332605    
   7510000   1.0132916      5.8168595      1.5198874      6.8370319    
   7520000   1.004473       5.8064524      1.50666        6.8276648    
   7530000   0.99732215     5.8096575      1.495934       6.8289673    
   7540000   0.99699155     5.818427       1.4954381      6.8376238    
   7550000   0.9999331      5.8211581      1.4998503      6.8313576    
   7560000   1.0040851      5.8356214      1.5060781      6.84123      
   7570000   1.0026049      5.8040942      1.5038579      6.8250056    
   7580000   1.0006998      5.826324       1.5010004      6.8329531    
   7590000   0.99487412     5.8190604      1.4922621      6.8390522    
   7600000   0.99689515     5.8203987      1.4952936      6.8413745    
   7610000   1.0069966      5.8091979      1.5104453      6.830279     
   7620000   0.9986342      5.8143413      1.497902       6.8392018    
   7630000   0.99523278     5.8053291      1.4928001      6.8320415    
   7640000   0.99361171     5.8240258      1.4903686      6.8398795    
   7650000   0.99905022     5.8232779      1.498526       6.8341523    
   7660000   0.99412        5.8149456      1.491131       6.8285913    
   7670000   0.99927543     5.8236468      1.4988639      6.8449595    
   7680000   0.99917593     5.8098549      1.4987146      6.8381948    
   7690000   1.0009066      5.8083152      1.5013105      6.8421744    
   7700000   1.0000589      5.8168374      1.500039       6.8295187    
   7710000   0.99416567     5.8166407      1.4911995      6.8355612    
   7720000   0.99904447     5.8166037      1.4985174      6.8329366    
   7730000   0.99424394     5.8128862      1.4913169      6.8245476    
   7740000   1.0062137      5.8324907      1.5092709      6.8399024    
   7750000   0.99994113     5.8092178      1.4998624      6.8358764    
   7760000   0.99568597     5.8157644      1.4934798      6.8361231    
   7770000   1.0026055      5.8211437      1.5038587      6.8359956    
   7780000   1.0048116      5.8321583      1.5071679      6.8338321    
   7790000   1.0003971      5.8377126      1.5005462      6.8390217    
   7800000   0.995323       5.8166062      1.4929354      6.8271441    
   7810000   1.0043937      5.8315124      1.506541       6.8373234    
   7820000   1.0030789      5.8238368      1.5045689      6.8349202    
   7830000   0.99971498     5.8214718      1.4995232      6.8349855    
   7840000   0.99299309     5.8143891      1.4894406      6.8254947    
   7850000   1.0006647      5.8157793      1.5009477      6.8337177    
   7860000   1.0017048      5.8283128      1.5025079      6.8395444    
   7870000   1.0031339      5.8197053      1.5046514      6.8318066    
   7880000   0.99963698     5.8261185      1.4994062      6.8386562    
   7890000   0.99635361     5.8308163      1.4944813      6.8410119    
   7900000   0.99918413     5.8195713      1.4987269      6.8376448    
   7910000   1.0056128      5.8239128      1.5083696      6.8353771    
   7920000   0.99801226     5.8116524      1.4969692      6.8348327    
   7930000   1.0020288      5.8137485      1.5029937      6.8390235    
   7940000   0.99538794     5.8205441      1.4930328      6.8346378    
   7950000   1.006055       5.8284313      1.5090329      6.8350007    
   7960000   1.0063497      5.8104778      1.5094749      6.8288227    
   7970000   0.99393317     5.8270578      1.4908507      6.8412297    
   7980000   1.0005657      5.8159536      1.5007993      6.836792     
   7990000   0.99670562     5.8100388      1.4950093      6.8265921    
   8000000   1.0083453      5.8172501      1.5124683      6.8387381    
   8010000   1.001267       5.8158324      1.5018512      6.8385268    
   8020000   0.9998066      5.8114828      1.4996606      6.8314949    
   8030000   1.0048289      5.8183885      1.5071938      6.8303789    
   8040000   0.99012465     5.8252601      1.4851381      6.8393574    
   8050000   1.0026439      5.8069134      1.5039164      6.8296268    
   8060000   1.0018922      5.8207768      1.5027889      6.8401573    
   8070000   0.99537934     5.8273051      1.4930199      6.8373922    
   8080000   1.0006331      5.8103583      1.5009003      6.8399579    
   8090000   0.99404335     5.8147165      1.491016       6.8287084    
   8100000   1.0009903      5.7971161      1.5014361      6.8291044    
   8110000   0.99886266     5.8264583      1.4982447      6.8426524    
   8120000   1.0046748      5.8115317      1.5069627      6.8305573    
   8130000   1.0039507      5.8149482      1.5058765      6.8412012    
   8140000   1.0014685      5.8041859      1.5021533      6.8378296    
   8150000   0.99646465     5.8154324      1.4946478      6.8366668    
   8160000   1.0031676      5.8297423      1.5047019      6.8427184    
   8170000   0.99474718     5.8084573      1.4920717      6.8306994    
   8180000   1.0042693      5.8235654      1.5063544      6.8376155    
   8190000   1.0101919      5.8233894      1.5152381      6.8412507    
   8200000   0.99344942     5.8171645      1.4901251      6.8279027    
   8210000   1.0035111      5.8030301      1.5052171      6.8305993    
   8220000   1.0084126      5.8054804      1.5125692      6.825661     
   8230000   0.99961756     5.8215837      1.499377       6.8323221    
   8240000   1.0007566      5.8115145      1.5010855      6.8409996    
   8250000   0.99252434     5.8151001      1.4887375      6.8274047    
   8260000   0.99262064     5.8274944      1.488882       6.8348803    
   8270000   0.99878653     5.8173838      1.4981305      6.8325508    
   8280000   0.99420146     5.8334173      1.4912531      6.8351679    
   8290000   0.99683972     5.833886       1.4952104      6.8322379    
   8300000   1.0020508      5.813485       1.5030268      6.829029     
   8310000   1.0002341      5.8121389      1.5003019      6.8366239    
   8320000   1.0047655      5.8137014      1.5070988      6.8382702    
   8330000   0.99406925     5.804568       1.4910548      6.8359232    
   8340000   1.0131232      5.8093766      1.5196348      6.8240515    
   8350000   0.99939157     5.821501       1.4990381      6.833335     
   8360000   1.0015659      5.8188107      1.5022995      6.840143     
   8370000   0.99735087     5.820473       1.4959771      6.839564     
   8380000   1.0049694      5.8223716      1.5074045      6.8307004    
   8390000   0.99965224     5.8130956      1.499429       6.8306972    
   8400000   0.99885471     5.8230861      1.4982328      6.8435515    
   8410000   0.99851365     5.8118266      1.4977212      6.8341142    
   8420000   1.0028677      5.8185393      1.5042521      6.8367772    
   8430000   1.0012547      5.8197593      1.5018326      6.8453243    
   8440000   0.99872731     5.8033421      1.4980417      6.8340729    
   8450000   1.0006594      5.8177452      1.5009398      6.8393024    
   8460000   0.9963157      5.8265126      1.4944244      6.8377962    
   8470000   1.0036193      5.8182436      1.5053795      6.8403682    
   8480000   0.99644345     5.8183132      1.494616       6.8334486    
   8490000   1.0029895      5.8276822      1.5044347      6.8341064    
   8500000   1.0009858      5.8080765      1.5014293      6.8351615    
   8510000   0.99607663     5.809291       1.4940658      6.8273242    
   8520000   0.99969033     5.8100853      1.4994862      6.82997      
   8530000   1.0080502      5.7949644      1.5120256      6.831202     
   8540000   0.99719742     5.8100008      1.4957469      6.8284146    
   8550000   1.0039459      5.8237469      1.5058693      6.8287674    
   8560000   0.99937425     5.8000368      1.4990121      6.8217807    
   8570000   1.0031327      5.8196482      1.5046495      6.8372356    
   8580000   0.99466775     5.794626       1.4919526      6.8283379    
   8590000   1.008886       5.8082504      1.5132793      6.8365599    
   8600000   0.99902052     5.8067858      1.4984815      6.8302139    
   8610000   0.99900752     5.8287038      1.498462       6.8297629    
   8620000   1.001603       5.7998299      1.502355       6.8284688    
   8630000   1.0038149      5.8298161      1.5056728      6.8333775    
   8640000   0.99334833     5.8146648      1.4899735      6.8287579    
   8650000   1.006093       5.8104516      1.5090899      6.8305152    
   8660000   0.99841122     5.798241       1.4975676      6.8268143    
   8670000   1.0032562      5.8023132      1.5048348      6.8344093    
   8680000   0.99028493     5.8239975      1.4853785      6.8337234    
   8690000   0.99638382     5.8151036      1.4945266      6.8343644    
   8700000   0.9882075      5.8359732      1.4822625      6.8379951    
   8710000   0.99754643     5.8158073      1.4962704      6.84101      
   8720000   0.99703214     5.829047       1.495499       6.8358727    
   8730000   1.0029518      5.81911        1.5043783      6.8380619    
   8740000   1.0014228      5.8202875      1.5020848      6.835747     
   8750000   0.99786189     5.8059688      1.4967436      6.8283463    
   8760000   1.0031317      5.8023376      1.5046481      6.826645     
   8770000   0.99910714     5.8013278      1.4986114      6.8210824    
   8780000   0.99657165     5.8039373      1.4948083      6.8296287    
   8790000   1.0118239      5.817656       1.517686       6.8318449    
   8800000   0.99750607     5.8134168      1.4962099      6.8344603    
   8810000   1.0038079      5.8182647      1.5056623      6.8305425    
   8820000   1.0014174      5.814433       1.5020767      6.8277186    
   8830000   0.99881967     5.8204281      1.4981802      6.8416614    
   8840000   1.0053605      5.803391       1.5079911      6.8273358    
   8850000   0.99990035     5.8047313      1.4998012      6.8279809    
   8860000   1.0006124      5.8224738      1.5008693      6.8398957    
   8870000   0.99425833     5.7872647      1.4913384      6.8267121    
   8880000   1.0015086      5.8085524      1.5022135      6.839577     
   8890000   0.99831243     5.800082       1.4974194      6.8289454    
   8900000   1.0040072      5.8087003      1.5059613      6.8294089    
   8910000   1.0071773      5.8134969      1.5107162      6.836008     
   8920000   0.99061403     5.8132801      1.4858722      6.8306636    
   8930000   0.9971697      5.7992646      1.4957054      6.8253702    
   8940000   0.9971794      5.814272       1.4957199      6.8374337    
   8950000   0.99906143     5.8213125      1.4985429      6.8434366    
   8960000   0.99428244     5.8184839      1.4913746      6.8318098    
   8970000   1.0034112      5.8107376      1.5050673      6.8392243    
   8980000   1.0009399      5.8172589      1.5013605      6.8374805    
   8990000   1.0016317      5.8129344      1.5023982      6.845777     
   9000000   1.0063932      5.8099452      1.5095401      6.8378411    
   9010000   1.0063834      5.8110649      1.5095254      6.8394398    
   9020000   0.99544027     5.8159119      1.4931113      6.8348849    
   9030000   1.0006521      5.8075464      1.5009288      6.8393902    
   9040000   0.99748489     5.819946       1.4961781      6.8353909    
   9050000   1.0074081      5.8135893      1.5110624      6.8363583    
   9060000   1.0000191      5.8015304      1.4999793      6.8350636    
   9070000   0.99831308     5.8324842      1.4974204      6.8381466    
   9080000   1.001828       5.8150592      1.5026926      6.8372483    
   9090000   1.000496       5.8164239      1.5006947      6.839569     
   9100000   1.0068411      5.8196028      1.510212       6.8290139    
   9110000   0.99608585     5.8030849      1.4940796      6.8331121    
   9120000   1.01052        5.816661       1.5157302      6.8347972    
   9130000   0.99529401     5.8025016      1.4928919      6.8391441    
   9140000   0.99404325     5.8240627      1.4910158      6.8342988    
   9150000   1.0051566      5.8123112      1.5076853      6.8353996    
   9160000   1.0022658      5.8184773      1.5033493      6.8405107    
   9170000   0.99777666     5.8029741      1.4966158      6.8307641    
   9180000   0.99538644     5.8118373      1.4930306      6.8350024    
   9190000   0.99072214     5.8113906      1.4860343      6.8281335    
   9200000   1.000876       5.8221727      1.5012646      6.8336241    
   9210000   0.9982382      5.8103342      1.4973081      6.8293876    
   9220000   1.0006836      5.8171365      1.5009761      6.8334107    
   9230000   0.99520083     5.827788       1.4927522      6.8372516    
   9240000   1.0041043      5.8054106      1.5061069      6.8335761    
   9250000   0.98996686     5.8119642      1.4849015      6.8291346    
   9260000   1.0099968      5.8064903      1.5149454      6.8322949    
   9270000   0.99660084     5.8086444      1.4948521      6.8261222    
   9280000   0.99649067     5.8161124      1.4946869      6.836333     
   9290000   1.0049379      5.8174511      1.5073572      6.8395057    
   9300000   0.98825039     5.8163888      1.4823268      6.8383306    
   9310000   1.0039743      5.8126997      1.505912       6.837627     
   9320000   0.99526125     5.8030543      1.4928428      6.8298321    
   9330000   0.99502443     5.8070859      1.4924876      6.8337941    
   9340000   0.99650439     5.8136282      1.4947074      6.8288011    
   9350000   0.99372987     5.8279034      1.4905458      6.8367247    
   9360000   0.99484661     5.82541        1.4922208      6.8296987    
   9370000   1.0015795      5.8119416      1.5023198      6.8344332    
   9380000   0.99712487     5.8129705      1.4956381      6.8252857    
   9390000   1.0061739      5.8115099      1.5092111      6.8326015    
   9400000   0.99882419     5.8085486      1.498187       6.8336885    
   9410000   0.99263973     5.8110692      1.4889106      6.8319233    
   9420000   0.98862769     5.8118138      1.4828928      6.8358772    
   9430000   1.0031053      5.8063824      1.5046085      6.8287835    
   9440000   0.9944691      5.8024903      1.4916546      6.831463     
   9450000   1.003265       5.8141343      1.504848       6.8349929    
   9460000   1.0007519      5.8108099      1.5010785      6.8322773    
   9470000   1.0013285      5.8010416      1.5019433      6.8370136    
   9480000   1.0052785      5.7934516      1.5078682      6.8262572    
   9490000   1.0037121      5.812995       1.5055186      6.8347356    
   9500000   1.0011821      5.8128323      1.5017238      6.8396057    
   9510000   1.0015092      5.8051257      1.5022143      6.8331398    
   9520000   1.0034372      5.797699       1.5051062      6.8308538    
   9530000   0.99682847     5.7905034      1.4951935      6.825479     
   9540000   0.99568005     5.8070156      1.493471       6.8339559    
   9550000   0.9976673      5.7892842      1.4964517      6.8292006    
   9560000   0.98883638     5.8188603      1.4832058      6.8336197    
   9570000   0.99885601     5.8034547      1.4982347      6.830455     
   9580000   1.0039324      5.8011209      1.505849       6.8339987    
   9590000   1.0040098      5.8137787      1.5059652      6.8320171    
   9600000   0.98827478     5.8118138      1.4823634      6.8321093    
   9610000   1.0014884      5.8190498      1.5021832      6.8419035    
   9620000   0.99554795     5.8171991      1.4932728      6.8325142    
   9630000   0.99717185     5.8130881      1.4957086      6.8307381    
   9640000   0.99535304     5.8455752      1.4929805      6.8452346    
   9650000   0.99432429     5.8055221      1.4914374      6.8281932    
   9660000   1.0086467      5.8177598      1.5129202      6.8360581    
   9670000   1.0000408      5.8263057      1.5000118      6.8345328    
   9680000   1.0025685      5.8119238      1.5038033      6.8354518    
   9690000   1.0003167      5.8116403      1.5004257      6.8334899    
   9700000   0.99383443     5.8138305      1.4907026      6.8331687    
   9710000   1.0033849      5.8176355      1.5050278      6.8338725    
   9720000   0.99503156     5.8169143      1.4924983      6.8324224    
   9730000   1.0110488      5.8200121      1.5165234      6.8316127    
   9740000   0.99574269     5.7996092      1.4935649      6.8376233    
   9750000   0.99848262     5.8240115      1.4976747      6.8361986    
   9760000   0.9911324      5.8217009      1.4866497      6.8455599    
   9770000   1.0021201      5.8104931      1.5031307      6.8284199    
   9780000   0.99938027     5.8247548      1.4990211      6.838784     
   9790000   0.99659095     5.8325299      1.4948373      6.8370581    
   9800000   0.99960836     5.8168429      1.4993632      6.8379362    
   9810000   1.0038967      5.8312346      1.5057955      6.8348281    
   9820000   1.0038718      5.8231861      1.5057582      6.8332025    
   9830000   0.99615698     5.819343       1.4941863      6.8299433    
   9840000   1.002987       5.80374        1.504431       6.8188651    
   9850000   1.0023187      5.8006624      1.5034286      6.822325     
   9860000   1.0033898      5.816106       1.5050352      6.8330651    
   9870000   0.99879023     5.803739       1.4981361      6.8277859    
   9880000   0.99737333     5.8154261      1.4960108      6.8324551    
   9890000   0.99809199     5.8133984      1.4970888      6.8338113    
   9900000   1.0042816      5.8032594      1.5063729      6.8369903    
   9910000   0.99899474     5.8062047      1.4984428      6.8352473    
   9920000   1.0066671      5.8024643      1.509951       6.8346732    
   9930000   1.0120718      5.7987429      1.5180578      6.8247596    
   9940000   0.99617294     5.8146193      1.4942103      6.8336066    
   9950000   1.0067525      5.8024235      1.5100791      6.8293351    
   9960000   0.99434773     5.8037415      1.4914725      6.8307864    
   9970000   0.99927824     5.8093583      1.4988681      6.828477     
   9980000   0.99713517     5.7995434      1.4956536      6.8401899    
   9990000   0.9982583      5.7905769      1.4973382      6.8227569    
  10000000   0.98987153     5.7922679      1.4847585      6.8313413    
  10010000   1.0050307      5.8063774      1.5074964      6.8395743    
  10020000   0.99620051     5.7933342      1.4942516      6.8284857    
  10030000   1.0045263      5.8016236      1.5067399      6.8299383    
  10040000   1.0008379      5.8060198      1.5012074      6.8312014    
  10050000   0.99679239     5.7911248      1.4951394      6.8240076    
  10060000   0.99410993     5.8040577      1.4911159      6.8344218    
  10070000   0.99661187     5.8070428      1.4948686      6.832663     
  10080000   1.0011614      5.7997245      1.5016927      6.8316495    
  10090000   0.99216394     5.7898302      1.488197       6.8296142    
  10100000   0.99582202     5.8011473      1.4936839      6.8381104    
  10110000   1.0116834      5.791632       1.5174752      6.8366544    
  10120000   0.9971184      5.7946031      1.4956284      6.8336464    
  10130000   0.99621834     5.7982307      1.4942784      6.8332373    
  10140000   0.99910612     5.7939791      1.4986099      6.8299627    
  10150000   1.0023086      5.8015381      1.5034134      6.8290957    
  10160000   0.9898361      5.7857605      1.4847053      6.8249502    
  10170000   0.99909752     5.7900005      1.498597       6.8225632    
  10180000   0.99964568     5.7936795      1.4994192      6.8283833    
  10190000   0.99981096     5.8074374      1.4996671      6.8307301    
  10200000   1.0011265      5.8016358      1.5016404      6.8339321    
  10210000   0.99691912     5.8004264      1.4953295      6.8316958    
  10220000   0.99630944     5.8007806      1.494415       6.83433      
  10230000   0.99802088     5.8152705      1.4969821      6.8399588    
  10240000   1.002563       5.8175316      1.5037951      6.8344933    
  10250000   1.0099505      5.8044836      1.5148759      6.8332744    
  10260000   1.0011773      5.8005573      1.5017165      6.836345     
  10270000   0.99739096     5.8030968      1.4960372      6.8259978    
  10280000   0.99837252     5.8210663      1.4975095      6.8399165    
  10290000   0.9989691      5.7909796      1.4984044      6.8278557    
  10300000   0.99348878     5.8035073      1.4901842      6.8266381    
  10310000   1.0038922      5.8143987      1.5057888      6.8345911    
  10320000   0.99190969     5.8091906      1.4878156      6.8445504    
  10330000   0.99174743     5.7970172      1.4875722      6.8348398    
  10340000   1.0029733      5.8068789      1.5044105      6.8323753    
  10350000   0.99146989     5.8039692      1.4871559      6.8321456    
  10360000   0.9979035      5.790485       1.496806       6.8236422    
  10370000   0.99420449     5.8002224      1.4912577      6.8365498    
  10380000   1.000883       5.8161232      1.5012751      6.8437809    
  10390000   1.0021008      5.8156042      1.5031018      6.8308345    
  10400000   0.99615913     5.8083493      1.4941896      6.8324438    
  10410000   1.0017807      5.8144402      1.5026217      6.8296919    
  10420000   1.0070124      5.8259631      1.5104689      6.82923      
  10430000   0.99284055     5.8167712      1.4892118      6.8301764    
  10440000   1.0001275      5.8121276      1.5001419      6.8311218    
  10450000   1.0016852      5.8169935      1.5024784      6.840085     
  10460000   1.0035003      5.8067841      1.5052009      6.837401     
  10470000   1.0030871      5.8112066      1.5045812      6.8342615    
  10480000   0.99411906     5.8148008      1.4911296      6.8335281    
  10490000   1.0064374      5.8131557      1.5096065      6.8372228    
  10500000   1.0051507      5.7921214      1.5076764      6.8221345    
  10510000   1.000326       5.8083095      1.5004397      6.8376063    
  10520000   0.99879985     5.8051973      1.4981505      6.8337296    
  10530000   1.0052479      5.800596       1.5078223      6.8330271    
  10540000   1.0014196      5.8108834      1.5020801      6.8309284    
  10550000   0.99996768     5.7914514      1.4999022      6.8226548    
  10560000   1.0050618      5.804809       1.5075431      6.8287341    
  10570000   1.007437       5.8041023      1.5111058      6.8376576    
  10580000   1.0030583      5.7968427      1.5045379      6.835482     
  10590000   0.99491304     5.7964414      1.4923205      6.8371694    
  10600000   1.0023891      5.8201484      1.5035342      6.8412712    
  10610000   1.0047585      5.8112934      1.5070881      6.8417836    
  10620000   1.0046189      5.8058737      1.5068787      6.8346227    
  10630000   1.0033841      5.8028161      1.5050266      6.8334401    
  10640000   1.0028692      5.8121684      1.5042543      6.83485      
  10650000   1.0072192      5.812442       1.5107792      6.8438908    
  10660000   1.0040474      5.8097573      1.5060216      6.836846     
  10670000   0.99630549     5.8110772      1.4944091      6.8314938    
  10680000   0.99614184     5.8123643      1.4941636      6.8376247    
  10690000   1.0010692      5.8083708      1.5015544      6.8343298    
  10700000   1.0051669      5.8153153      1.5077007      6.8358033    
  10710000   0.99511552     5.8065813      1.4926242      6.8335385    
  10720000   0.99465583     5.8343911      1.4919347      6.8429244    
  10730000   0.9969179      5.8019538      1.4953277      6.8323321    
  10740000   0.99671474     5.8151117      1.4950229      6.8416022    
  10750000   0.99851331     5.804817       1.4977207      6.829001     
  10760000   0.99423667     5.8255313      1.491306       6.841627     
  10770000   1.0068468      5.8073417      1.5102205      6.8314226    
  10780000   0.99562035     5.8033598      1.4933814      6.8345826    
  10790000   0.99683648     5.811839       1.4952055      6.8310072    
  10800000   1.0074526      5.8198964      1.5111292      6.839645     
  10810000   0.99326657     5.8182184      1.4898509      6.8370263    
  10820000   1.0004225      5.8444437      1.5005845      6.8461504    
  10830000   0.99708265     5.801625       1.4955748      6.8301925    
  10840000   1.0077508      5.8093705      1.5115765      6.837212     
  10850000   1.0023151      5.8117272      1.5034232      6.8348379    
  10860000   1.002641       5.8009162      1.503912       6.8285326    
  10870000   0.99225569     5.8207892      1.4883346      6.8347099    
  10880000   1.0122455      5.8066541      1.5183183      6.8343966    
  10890000   0.9976969      5.7871381      1.4964961      6.8286588    
  10900000   0.99981301     5.8184651      1.4996702      6.8408782    
  10910000   1.0026183      5.8135701      1.503878       6.8368095    
  10920000   1.0077122      5.8197418      1.5115185      6.8360194    
  10930000   0.99780181     5.7931662      1.4966535      6.8321924    
  10940000   1.0107768      5.8106165      1.5161153      6.8346675    
  10950000   1.0085745      5.8008261      1.512812       6.8328203    
  10960000   1.0071974      5.8161684      1.5107464      6.8452071    
  10970000   1.0039011      5.7821873      1.5058021      6.825355     
  10980000   1.0011161      5.7977872      1.5016247      6.8327335    
  10990000   0.99617747     5.808241       1.4942171      6.8374024    
  11000000   0.99608116     5.7909477      1.4940726      6.8310643    
  11010000   0.99862107     5.8038279      1.4978823      6.843024     
  11020000   0.99491843     5.799498       1.4923286      6.8329252    
  11030000   0.99627626     5.7934135      1.4943652      6.8247296    
  11040000   0.9985699      5.7923663      1.4978056      6.8310869    
  11050000   1.0037117      5.7905127      1.505518       6.8371874    
  11060000   0.99619244     5.7926481      1.4942395      6.8364172    
  11070000   1.0097359      5.7685017      1.5145541      6.824252     
  11080000   0.99734668     5.7964281      1.4959708      6.8345123    
  11090000   0.99553482     5.787813       1.4932531      6.8392125    
  11100000   0.99847778     5.8055749      1.4976674      6.8405417    
  11110000   0.99764264     5.7895368      1.4964148      6.8363354    
  11120000   0.99226406     5.7924121      1.4883471      6.8314553    
  11130000   1.0002617      5.8077685      1.5003432      6.8389106    
  11140000   1.0099685      5.8089016      1.5149029      6.8400564    
  11150000   0.99652673     5.7976613      1.4947409      6.8313666    
  11160000   0.99783091     5.7896935      1.4966971      6.8222016    
  11170000   1.0000135      5.7878725      1.499971       6.8269606    
  11180000   1.0088532      5.7953036      1.5132301      6.8333136    
  11190000   0.99262907     5.7853244      1.4888946      6.8310726    
  11200000   0.9981781      5.7881946      1.4972179      6.8362024    
  11210000   0.99413879     5.7815053      1.4911591      6.8280125    
  11220000   1.0026613      5.7870093      1.5039425      6.8234027    
  11230000   1.0036105      5.8166087      1.5053663      6.8396753    
  11240000   1.0002063      5.7992951      1.5002602      6.8325964    
  11250000   1.0029389      5.7966508      1.5043588      6.8328356    
  11260000   1.0052267      5.8070873      1.5077905      6.8350725    
  11270000   0.99990487     5.7923389      1.499808       6.8309742    
  11280000   0.99739077     5.7883988      1.496037       6.8352617    
  11290000   0.99728108     5.8031884      1.4958724      6.8447893    
  11300000   1.0020777      5.7943005      1.5030671      6.8291916    
  11310000   0.99889201     5.8099196      1.4982887      6.8442289    
  11320000   1.0020503      5.792022       1.5030261      6.8320989    
  11330000   1.0012797      5.7941185      1.5018701      6.8355821    
  11340000   1.0006472      5.8059728      1.5009214      6.8335419    
  11350000   1.0041832      5.7921687      1.5062253      6.834456     
  11360000   0.9985794      5.7940277      1.4978198      6.8303406    
  11370000   1.0007523      5.7887315      1.501079       6.8395109    
  11380000   1.0016126      5.7841962      1.5023694      6.8272173    
  11390000   1.0017629      5.796516       1.5025949      6.8356082    
  11400000   0.99667897     5.7976163      1.4949693      6.8363626    
  11410000   0.99187259     5.8040169      1.48776        6.8362664    
  11420000   0.98884412     5.7955058      1.4832174      6.8341724    
  11430000   1.0026656      5.7957158      1.5039489      6.832114     
  11440000   1.0037224      5.8114656      1.505534       6.8414823    
  11450000   1.006829       5.7868117      1.5101938      6.8356911    
  11460000   0.99981762     5.7851009      1.4996771      6.835488     
  11470000   1.0115371      5.7806453      1.5172558      6.8252971    
  11480000   1.0021203      5.8073321      1.503131       6.8373937    
  11490000   1.0033473      5.7988524      1.5049715      6.8441161    
  11500000   0.99600796     5.801089       1.4939628      6.8314608    
  11510000   0.99673486     5.7877782      1.4950531      6.8377211    
  11520000   0.99579282     5.8095821      1.4936401      6.8342145    
  11530000   1.0016333      5.8003374      1.5024006      6.8370803    
  11540000   1.0035645      5.7846122      1.5052973      6.8359042    
  11550000   1.0086248      5.7876212      1.5128875      6.8337794    
  11560000   1.001684       5.7881437      1.5024766      6.8332832    
  11570000   1.0003916      5.7952018      1.5005381      6.8406398    
  11580000   0.99735051     5.7936954      1.4959766      6.8369126    
  11590000   1.0016968      5.7991839      1.5024957      6.8373598    
  11600000   1.0035653      5.7953009      1.5052984      6.8367229    
  11610000   1.0022685      5.8008789      1.5033533      6.830281     
  11620000   0.99651348     5.8010893      1.4947211      6.8332673    
  11630000   1.0055207      5.7879504      1.5082314      6.8295741    
  11640000   1.0029232      5.8028634      1.5043353      6.8432335    
  11650000   1.0020166      5.786013       1.5029754      6.8301644    
  11660000   0.99790348     5.7975416      1.496806       6.8307661    
  11670000   1.0039983      5.7862169      1.505948       6.8358784    
  11680000   0.98994788     5.797285       1.484873       6.8333136    
  11690000   1.0082826      5.7934671      1.5123741      6.8295401    
  11700000   0.99547767     5.7955191      1.4931674      6.836477     
  11710000   1.0015316      5.8020133      1.5022479      6.8344277    
  11720000   1.0011572      5.7855615      1.5016864      6.8335149    
  11730000   1.0016521      5.797545       1.5024288      6.8306329    
  11740000   1.0008684      5.8035392      1.5012532      6.8350011    
  11750000   0.99839437     5.7961371      1.4975423      6.82969      
  11760000   0.99461862     5.8076848      1.4918789      6.8330958    
  11770000   0.99021453     5.8095161      1.4852729      6.8452749    
  11780000   1.0056179      5.8021994      1.5083773      6.8319602    
  11790000   0.99982629     5.8077364      1.4996901      6.8350794    
  11800000   1.0033083      5.8077536      1.504913       6.8301276    
  11810000   0.99524285     5.8150984      1.4928152      6.8409452    
  11820000   0.99818334     5.8075518      1.4972258      6.8275132    
  11830000   0.99944185     5.8212393      1.4991135      6.8405408    
  11840000   0.99493972     5.8198027      1.4923605      6.8347301    
  11850000   0.99327881     5.8086248      1.4898692      6.8414717    
  11860000   1.0044887      5.8022114      1.5066835      6.8309479    
  11870000   0.99950102     5.8088979      1.4992022      6.8311255    
  11880000   1.0048867      5.8100591      1.5072806      6.8366547    
  11890000   0.99838136     5.7923274      1.4975228      6.8376958    
  11900000   1.0003613      5.7887356      1.5004926      6.8354828    
  11910000   1.005141       5.797751       1.5076619      6.8279864    
  11920000   1.0072969      5.8070376      1.5108957      6.8384043    
  11930000   1.0055798      5.7902284      1.5083201      6.8317035    
  11940000   0.99702913     5.7928245      1.4954945      6.8378339    
  11950000   1.0017116      5.7881001      1.5025179      6.8336014    
  11960000   1.0005381      5.7914301      1.5007578      6.8322903    
  11970000   1.0014751      5.8180736      1.5021632      6.8319092    
  11980000   0.9910017      5.7954566      1.4864537      6.8291649    
  11990000   1.0097914      5.8017661      1.5146374      6.8364876    
  12000000   0.99709943     5.78688        1.4956         6.8287294    
  12010000   1.0037477      5.7885177      1.5055721      6.8292071    
  12020000   0.99712854     5.7966932      1.4956436      6.8321902    
  12030000   0.99661315     5.7867463      1.4948706      6.8267994    
  12040000   0.99948895     5.7920186      1.4991841      6.8308544    
  12050000   0.99741931     5.809351       1.4960798      6.8401478    
  12060000   1.0049556      5.7975328      1.5073838      6.8311109    
  12070000   0.99442543     5.8051867      1.4915891      6.8400059    
  12080000   0.99412265     5.791181       1.4911349      6.8319671    
  12090000   1.0008267      5.7904048      1.5011906      6.8310177    
  12100000   0.99830277     5.796603       1.4974049      6.8289048    
  12110000   0.99951346     5.7957513      1.4992209      6.8334722    
  12120000   1.0014171      5.7905401      1.5020762      6.8332056    
  12130000   1.0047745      5.8075522      1.5071122      6.8416039    
  12140000   0.99531829     5.7913616      1.4929283      6.8293498    
  12150000   1.0020735      5.8036218      1.5030609      6.8337893    
  12160000   0.99007296     5.8043234      1.4850606      6.8380867    
  12170000   0.99592824     5.7904185      1.4938432      6.8297561    
  12180000   1.0036636      5.793251       1.5054459      6.8288303    
  12190000   1.0084269      5.7927655      1.5125906      6.8365438    
  12200000   0.99509801     5.8015907      1.4925979      6.8375582    
  12210000   1.0040043      5.7937573      1.505957       6.8359461    
  12220000   1.000859       5.7979859      1.5012392      6.8343986    
  12230000   1.0105201      5.8074573      1.5157302      6.8379307    
  12240000   1.0042487      5.8055379      1.5063236      6.8313349    
  12250000   1.0043559      5.7736806      1.5064843      6.82322      
  12260000   1.0035252      5.78026        1.5052383      6.8322311    
  12270000   0.99913396     5.7882705      1.4986517      6.8282776    
  12280000   0.99201938     5.7969034      1.4879801      6.8308375    
  12290000   1.0009136      5.8020943      1.501321       6.8394639    
  12300000   0.9983359      5.792829       1.4974546      6.835808     
  12310000   0.99576833     5.7970392      1.4936034      6.8345499    
  12320000   0.99210047     5.7837319      1.4881018      6.8298069    
  12330000   1.0111915      5.8007146      1.5167373      6.8363525    
  12340000   0.9931629      5.7853935      1.4896954      6.8306848    
  12350000   1.0026422      5.777621       1.5039139      6.834689     
  12360000   1.0025806      5.782371       1.5038215      6.8340858    
  12370000   0.99687186     5.7795521      1.4952586      6.8351098    
  12380000   0.99211183     5.7814865      1.4881188      6.8313888    
  12390000   0.98927236     5.7899288      1.4838597      6.8286423    
  12400000   1.0000135      5.7922121      1.4999709      6.837796     
  12410000   1.0029133      5.7922812      1.5043205      6.8290957    
  12420000   1.0018499      5.7975632      1.5027255      6.8327975    
  12430000   0.99440897     5.8010972      1.4915644      6.8337309    
  12440000   1.0078129      5.7929165      1.5116696      6.8372819    
  12450000   1.0045955      5.7819543      1.5068438      6.8277291    
  12460000   1.0006503      5.7980071      1.5009261      6.8341123    
  12470000   0.99571512     5.8057491      1.4935236      6.8339842    
  12480000   0.98819086     5.7905701      1.4822375      6.8239547    
  12490000   0.99702105     5.8071202      1.4954824      6.8349814    
  12500000   1.0030439      5.8156589      1.5045163      6.8356342    
  12510000   0.99815519     5.8119084      1.4971835      6.8420719    
  12520000   1.0005696      5.8086475      1.500805       6.8369594    
  12530000   1.0021546      5.7803506      1.5031825      6.8309393    
  12540000   1.0041115      5.8023426      1.5061178      6.8382126    
  12550000   1.0086227      5.7960709      1.5128842      6.8307853    
  12560000   1.0035573      5.7919845      1.5052865      6.8353265    
  12570000   0.99961172     5.7947561      1.4993683      6.8387072    
  12580000   1.00775        5.8042274      1.5115752      6.8374642    
  12590000   1.0033638      5.7924382      1.5049962      6.8303177    
  12600000   0.99474065     5.7932953      1.4920619      6.8360551    
  12610000   1.0120492      5.8067363      1.5180238      6.8350778    
  12620000   1.0028642      5.8123805      1.5042469      6.8350814    
  12630000   1.00301        5.8014399      1.5044655      6.8316684    
  12640000   1.003978       5.7933677      1.5059175      6.825553     
  12650000   0.994299       5.8087786      1.4913995      6.8444258    
  12660000   0.99749523     5.8123593      1.4961936      6.8331292    
  12670000   0.99290045     5.8114715      1.4893017      6.8364935    
  12680000   1.000961       5.7963131      1.5013921      6.8256397    
  12690000   1.0034689      5.8163345      1.5051539      6.8371426    
  12700000   0.9958905      5.8010593      1.4937866      6.833667     
  12710000   0.99635089     5.8178265      1.4944772      6.8391771    
  12720000   1.0009539      5.8002935      1.5013815      6.8302202    
  12730000   1.0044821      5.79983        1.5066736      6.8316918    
  12740000   0.99982069     5.784615       1.4996817      6.8278829    
  12750000   1.0119652      5.8029472      1.5178979      6.8364001    
  12760000   0.99844417     5.7852052      1.497617       6.8288228    
  12770000   1.0010096      5.7963785      1.5014651      6.8311057    
  12780000   0.99558414     5.7879976      1.4933271      6.829758     
  12790000   1.001111       5.8027003      1.5016171      6.8415043    
  12800000   0.99571714     5.7981398      1.4935266      6.8314949    
  12810000   0.99319299     5.7995818      1.4897405      6.8351881    
  12820000   1.0004704      5.8140235      1.5006562      6.8316064    
  12830000   0.98911475     5.797564       1.4836233      6.8302048    
  12840000   0.99987367     5.7951957      1.4997612      6.8298951    
  12850000   1.0033217      5.7986242      1.504933       6.8339402    
  12860000   0.99829079     5.7857364      1.4973869      6.8243657    
  12870000   1.0005755      5.8059617      1.5008139      6.8425734    
  12880000   1.0003158      5.8051398      1.5004244      6.8304594    
  12890000   0.99936122     5.8030736      1.4989925      6.8348441    
  12900000   0.99976194     5.7998816      1.4995936      6.8357259    
  12910000   0.99327827     5.8042322      1.4898684      6.8347556    
  12920000   1.0037618      5.7917612      1.5055932      6.8272279    
  12930000   0.99616715     5.8003059      1.4942016      6.8360091    
  12940000   1.0027454      5.8010809      1.5040687      6.8350595    
  12950000   1.0001353      5.7844244      1.5001536      6.8326715    
  12960000   1.0085221      5.8090475      1.5127334      6.8382949    
  12970000   0.99845484     5.7869907      1.497633       6.8290816    
  12980000   1.0132023      5.8057166      1.5197535      6.8268326    
  12990000   1.0071633      5.8078944      1.5106953      6.836196     
  13000000   0.99325668     5.8165755      1.489836       6.8389123    
  13010000   0.99852231     5.8003342      1.4977342      6.8382215    
  13020000   0.99458953     5.7906908      1.4918352      6.8376487    
  13030000   0.99697038     5.7935141      1.4954064      6.8294545    
  13040000   1.0003567      5.7942886      1.5004857      6.8332531    
  13050000   0.99065392     5.7866837      1.485932       6.8283206    
  13060000   1.0060192      5.8147192      1.5089792      6.8322536    
  13070000   0.99630948     5.8117349      1.4944151      6.8311974    
  13080000   1.0002898      5.8057989      1.5003854      6.835466     
  13090000   0.99571255     5.7921309      1.4935197      6.8356359    
  13100000   0.99749144     5.7883975      1.496188       6.8356117    
  13110000   0.99786195     5.7769984      1.4967437      6.8299391    
  13120000   0.99576214     5.7863904      1.4935941      6.8350588    
  13130000   1.003306       5.7821101      1.5049095      6.834934     
  13140000   0.99253118     5.7827293      1.4887478      6.8333828    
  13150000   1.0065673      5.7964315      1.5098013      6.8340826    
  13160000   1.0074345      5.7837127      1.511102       6.834417     
  13170000   1.0087099      5.7969933      1.5130151      6.8362256    
  13180000   0.99728527     5.8042873      1.4958787      6.8348031    
  13190000   1.0030743      5.7723152      1.5045619      6.8284967    
  13200000   0.99606918     5.784724       1.4940546      6.8310453    
  13210000   0.99980008     5.7795765      1.4996508      6.8268921    
  13220000   0.98765852     5.8000019      1.4814391      6.837683     
  13230000   1.002338       5.7829565      1.5034576      6.8306443    
  13240000   0.99796994     5.7784021      1.4969057      6.8305395    
  13250000   0.99628216     5.7821504      1.4943741      6.8267108    
  13260000   1.0049871      5.803164       1.5074311      6.8416479    
  13270000   0.99717613     5.7893699      1.495715       6.8327546    
  13280000   1.003686       5.8020131      1.5054795      6.8362522    
  13290000   1.0006695      5.7886649      1.5009548      6.8249532    
  13300000   1.0093153      5.7893774      1.5139231      6.8286185    
  13310000   0.99361443     5.7826106      1.4903726      6.8258702    
  13320000   0.99592484     5.8007884      1.4938381      6.8309252    
  13330000   1.0065565      5.8025511      1.5097851      6.8340012    
  13340000   1.0085765      5.7915211      1.512815       6.8418081    
  13350000   0.99856063     5.8105042      1.4977917      6.8363751    
  13360000   0.99662365     5.8049568      1.4948863      6.8340964    
  13370000   1.0025362      5.792321       1.5037548      6.827585     
  13380000   0.99444027     5.788811       1.4916113      6.8335492    
  13390000   0.99744894     5.7930701      1.4961242      6.8339344    
  13400000   0.99873956     5.7946827      1.4980601      6.8430807    
  13410000   0.99933443     5.7845204      1.4989524      6.8392291    
  13420000   1.0043822      5.7962872      1.5065238      6.8360276    
  13430000   1.0089949      5.8049132      1.5134425      6.8331345    
  13440000   0.9973105      5.7931904      1.4959166      6.8336054    
  13450000   0.99353973     5.7885143      1.4902606      6.8296474    
  13460000   0.99483713     5.8197489      1.4922066      6.8330585    
  13470000   0.99669414     5.7961116      1.494992       6.8312916    
  13480000   1.0007609      5.8083448      1.501092       6.8334834    
  13490000   1.0019966      5.8103812      1.5029455      6.8344676    
  13500000   0.99686717     5.7967577      1.4952516      6.8392937    
  13510000   1.0051546      5.8039316      1.5076824      6.8336945    
  13520000   0.99797859     5.7941352      1.4969187      6.8326727    
  13530000   1.0029287      5.8014191      1.5043436      6.8365711    
  13540000   0.99201103     5.7990874      1.4879676      6.83422      
  13550000   0.99532277     5.7991687      1.4929351      6.8348418    
  13560000   1.0026133      5.8012106      1.5038705      6.8351992    
  13570000   1.0006676      5.8043984      1.500952       6.8354871    
  13580000   0.99816426     5.7957672      1.4971971      6.8367554    
  13590000   0.99778354     5.8058456      1.4966261      6.8329738    
  13600000   0.99909894     5.7979636      1.4985991      6.8348348    
  13610000   1.0023951      5.7852774      1.5035432      6.8356775    
  13620000   1.004689       5.7828857      1.5069839      6.8310553    
  13630000   0.99971569     5.7975415      1.4995242      6.8380657    
  13640000   1.0060219      5.7916157      1.5089833      6.8378737    
  13650000   0.99979763     5.7982341      1.4996471      6.8301881    
  13660000   0.99909916     5.7898935      1.4985995      6.8270022    
  13670000   0.99474225     5.8060034      1.4920643      6.8366729    
  13680000   1.0045586      5.7908472      1.5067884      6.8375951    
  13690000   0.99479435     5.7717843      1.4921425      6.8293547    
  13700000   0.99938193     5.7848754      1.4990236      6.8308132    
  13710000   1.0051706      5.7927702      1.5077063      6.8321097    
  13720000   1.0081904      5.7872351      1.5122358      6.8337045    
  13730000   0.99158971     5.778715       1.4873357      6.8285755    
  13740000   1.0016647      5.76923        1.5024477      6.8375564    
  13750000   0.98233861     5.7837132      1.4734595      6.8322958    
  13760000   1.0049111      5.7702866      1.5073171      6.8317972    
  13770000   0.9980448      5.791867       1.497018       6.8377192    
  13780000   1.0017627      5.7802702      1.5025946      6.825157     
  13790000   0.99904114     5.791013       1.4985124      6.835418     
  13800000   0.99127667     5.7914947      1.4868661      6.8357825    
  13810000   0.99876112     5.7840684      1.4980924      6.830955     
  13820000   0.99942726     5.790198       1.4990916      6.8366071    
  13830000   0.99895628     5.8009662      1.4983851      6.8353908    
  13840000   0.99896221     5.7957232      1.498394       6.8260503    
  13850000   1.0044837      5.8093384      1.506676       6.8397932    
  13860000   0.99776634     5.798233       1.4966003      6.8362578    
  13870000   0.9986742      5.8043325      1.497962       6.836199     
  13880000   0.99370565     5.791213       1.4905095      6.8371481    
  13890000   1.0020132      5.7838642      1.5029704      6.8331751    
  13900000   1.0021946      5.793764       1.5032425      6.8290427    
  13910000   1.0045287      5.791773       1.5067434      6.8260276    
  13920000   1.0071426      5.7899437      1.5106642      6.835797     
  13930000   1.0022356      5.7842105      1.503304       6.8336626    
  13940000   1.0010231      5.8055059      1.5014852      6.8375989    
  13950000   1.0000281      5.8010792      1.4999929      6.8287947    
  13960000   1.0091586      5.8025653      1.5136881      6.83752      
  13970000   0.99948963     5.7803003      1.4991851      6.8308012    
  13980000   0.99700169     5.7907319      1.4954534      6.8358046    
  13990000   0.99381853     5.7974451      1.4906788      6.8387898    
  14000000   0.99887074     5.7869798      1.4982568      6.8352365    
  14010000   0.99622088     5.7763813      1.4942822      6.8276548    
  14020000   1.0056973      5.7737244      1.5084964      6.8305853    
  14030000   0.99520782     5.7654544      1.4927626      6.8284721    
  14040000   1.00982        5.7736606      1.5146802      6.82981      
  14050000   1.006188       5.7793992      1.5092323      6.8291688    
  14060000   1.0052322      5.7867956      1.5077986      6.8338656    
  14070000   1.0018532      5.7920721      1.5027304      6.831172     
  14080000   1.0034146      5.7865544      1.5050724      6.8408036    
  14090000   0.9961494      5.7849055      1.494175       6.8310911    
  14100000   1.0037003      5.7946627      1.5055009      6.8422604    
  14110000   0.99332362     5.7782534      1.4899364      6.826711     
  14120000   0.99791194     5.7825195      1.4968187      6.8287141    
  14130000   1.0017914      5.7809146      1.5026377      6.8319221    
  14140000   1.0026807      5.7926389      1.5039716      6.8293871    
  14150000   0.99045323     5.8023941      1.485631       6.8403036    
  14160000   0.99331282     5.8068028      1.4899202      6.8411383    
  14170000   0.99687322     5.7983756      1.4952607      6.8339412    
  14180000   0.99834148     5.800325       1.497463       6.8351425    
  14190000   1.0088118      5.7865234      1.513168       6.8262005    
  14200000   1.0025144      5.8001998      1.5037221      6.8344515    
  14210000   0.99890233     5.7871927      1.4983042      6.834705     
  14220000   0.99813046     5.8010851      1.4971465      6.8412779    
  14230000   1.0057384      5.7751579      1.5085579      6.8369897    
  14240000   0.98954041     5.7840404      1.4842618      6.8391477    
  14250000   1.0026413      5.7714325      1.5039125      6.8329759    
  14260000   0.99282438     5.7999196      1.4891876      6.8404008    
  14270000   0.99875806     5.7827437      1.4980878      6.8324694    
  14280000   1.0007457      5.7842285      1.5010692      6.8342368    
  14290000   1.0047405      5.7916459      1.5070612      6.8397971    
  14300000   0.99456481     5.7824808      1.4917981      6.829542     
  14310000   0.99438887     5.7819322      1.4915343      6.8333793    
  14320000   1.0021222      5.7858225      1.5031339      6.8324641    
  14330000   1.004435       5.7781039      1.506603       6.8315762    
  14340000   1.0091592      5.7911404      1.513689       6.8375926    
  14350000   0.99619063     5.7925453      1.4942368      6.8328112    
  14360000   0.99489221     5.7769102      1.4922892      6.8247825    
  14370000   1.0001738      5.8059369      1.5002114      6.8339323    
  14380000   0.99627928     5.7799779      1.4943698      6.8278656    
  14390000   1.0096382      5.7795194      1.5144074      6.8345683    
  14400000   1.0004656      5.7852261      1.500649       6.8384529    
  14410000   0.99860992     5.7813334      1.4978656      6.8340152    
  14420000   1.0059317      5.7664075      1.508848       6.8241867    
  14430000   0.99173323     5.791073       1.4875509      6.8373403    
  14440000   0.99669732     5.7918532      1.4949968      6.8353139    
  14450000   0.99542421     5.7787354      1.4930872      6.8369677    
  14460000   1.002032       5.7652988      1.5029986      6.831102     
  14470000   0.99870579     5.7759909      1.4980094      6.8302544    
  14480000   1.0062634      5.7721487      1.5093454      6.8292461    
  14490000   0.99478091     5.7757853      1.4921223      6.8359553    
  14500000   0.99244596     5.7607366      1.48862        6.8292601    
  14510000   0.99399237     5.76971        1.4909395      6.8372736    
  14520000   0.99803666     5.784681       1.4970058      6.8391485    
  14530000   1.0016152      5.7813583      1.5023734      6.8423775    
  14540000   0.99331001     5.7772672      1.489916       6.8373969    
  14550000   1.0003976      5.7927148      1.5005471      6.8338244    
  14560000   0.99136096     5.7993151      1.4869925      6.8407777    
  14570000   0.99718401     5.7888023      1.4957268      6.8292287    
  14580000   1.0004083      5.7654761      1.5005631      6.8304838    
  14590000   1.0015225      5.7730489      1.5022344      6.8383126    
  14600000   1.0047543      5.7973701      1.5070818      6.8373757    
  14610000   1.0074961      5.781528       1.5111944      6.8320447    
  14620000   0.99526286     5.7773587      1.4928452      6.8335331    
  14630000   1.0065463      5.7778589      1.5097699      6.8312798    
  14640000   1.0064073      5.7890022      1.5095612      6.8392177    
  14650000   0.99685564     5.7771051      1.4952343      6.8399979    
  14660000   1.0003349      5.7933946      1.500453       6.8444201    
  14670000   0.99620738     5.7815608      1.4942619      6.8322742    
  14680000   1.0010418      5.7864336      1.5015133      6.8251495    
  14690000   0.99786328     5.7811897      1.4967457      6.8387424    
  14700000   1.0084092      5.7918945      1.5125641      6.8334598    
  14710000   1.0004135      5.7881253      1.5005709      6.8341575    
  14720000   0.99738992     5.7761648      1.4960357      6.8324049    
  14730000   0.99960377     5.7807397      1.4993563      6.8363277    
  14740000   0.99996348     5.7732884      1.4998959      6.8300902    
  14750000   1.0006077      5.7935649      1.5008621      6.8420689    
  14760000   1.0026604      5.7942074      1.5039411      6.83803      
  14770000   0.99762175     5.7876066      1.4963834      6.8278768    
  14780000   0.99635972     5.7858836      1.4944904      6.8280743    
  14790000   1.002927       5.780997       1.5043411      6.8315266    
  14800000   0.9914691      5.7803191      1.4871547      6.8265957    
  14810000   1.0028998      5.78505        1.5043003      6.8312103    
  14820000   1.003862       5.8027601      1.5057434      6.8381266    
  14830000   0.99912052     5.7820592      1.4986315      6.8285915    
  14840000   0.98900401     5.7990159      1.4834572      6.8327888    
  14850000   1.0021435      5.8015324      1.5031659      6.8366637    
  14860000   1.0026366      5.8124196      1.5039054      6.8407186    
  14870000   0.9997676      5.8073963      1.4996021      6.8357274    
  14880000   0.99914349     5.8122636      1.4986659      6.8427193    
  14890000   1.0054909      5.7905514      1.5081868      6.8342165    
  14900000   0.99852662     5.7889163      1.4977407      6.8303322    
  14910000   1.005482       5.7935905      1.5081735      6.8374996    
  14920000   1.0072617      5.7877631      1.5108429      6.8313541    
  14930000   1.0017831      5.7870456      1.5026253      6.8321248    
  14940000   0.99982324     5.7921649      1.4996855      6.8378379    
  14950000   1.0059456      5.7876941      1.5088687      6.829533     
  14960000   1.0076148      5.7922961      1.5113725      6.8305571    
  14970000   0.99740113     5.789314       1.4960525      6.8288948    
  14980000   1.0022395      5.8094849      1.5033099      6.8436674    
  14990000   1.0048095      5.8076656      1.5071647      6.831618     
  15000000   0.996259       5.8023043      1.4943393      6.8314591    
  15010000   0.99730807     5.7920412      1.4959129      6.8336172    
  15020000   0.99832329     5.8112231      1.4974357      6.8392037    
  15030000   1.0046848      5.8028731      1.5069776      6.8367726    
  15040000   1.0056896      5.8009158      1.5084848      6.8345636    
  15050000   1.0029886      5.7800691      1.5044335      6.8240123    
  15060000   1.0038948      5.7810673      1.5057927      6.8277679    
  15070000   0.99803886     5.7772125      1.4970091      6.8355914    
  15080000   0.99593812     5.7958675      1.4938581      6.8408082    
  15090000   0.99552022     5.7952676      1.4932312      6.8362813    
  15100000   0.99608136     5.7927009      1.4940729      6.8326459    
  15110000   1.0007068      5.7937654      1.5010108      6.8335029    
  15120000   0.99790413     5.7962632      1.496807       6.8312632    
  15130000   0.99745269     5.7918443      1.4961298      6.8318373    
  15140000   0.99428483     5.7804429      1.4913782      6.8274356    
  15150000   1.0082986      5.7950112      1.5123982      6.8386666    
  15160000   0.99979355     5.7829934      1.499641       6.8278621    
  15170000   0.99980243     5.8115295      1.4996543      6.8374894    
  15180000   0.99898433     5.7856224      1.4984272      6.8332145    
  15190000   0.99907611     5.7964364      1.4985649      6.8324885    
  15200000   0.99793926     5.7982593      1.4968597      6.8311791    
  15210000   1.0029761      5.7877532      1.5044146      6.8340935    
  15220000   1.0019974      5.7886671      1.5029467      6.8338332    
  15230000   1.0019181      5.7841333      1.5028277      6.8330137    
  15240000   0.99770467     5.7801523      1.4965078      6.8287238    
  15250000   1.0006098      5.7694111      1.5008654      6.8333154    
  15260000   0.99518186     5.7826271      1.4927237      6.8362078    
  15270000   0.99910938     5.786807       1.4986148      6.8363692    
  15280000   1.0021718      5.7796947      1.5032083      6.8378539    
  15290000   1.0002589      5.7837171      1.500339       6.8295226    
  15300000   1.0041814      5.8045139      1.5062226      6.837205     
  15310000   0.99610084     5.7763207      1.4941021      6.8249977    
  15320000   0.99877835     5.779342       1.4981183      6.8291355    
  15330000   1.0048676      5.7816383      1.5072518      6.8296553    
  15340000   1.0027182      5.7725713      1.5040278      6.8276558    
  15350000   1.0063851      5.7768884      1.509528       6.8340837    
  15360000   0.99856007     5.7614321      1.4977908      6.826336     
  15370000   0.99573784     5.7740032      1.4935576      6.8352384    
  15380000   0.99699941     5.7792798      1.4954499      6.8315289    
  15390000   1.0047264      5.7892962      1.50704        6.829328     
  15400000   0.99717472     5.7709586      1.4957129      6.8376604    
  15410000   1.00139        5.7818835      1.5020356      6.8275739    
  15420000   1.0085277      5.7862059      1.5127418      6.8317527    
  15430000   1.0048089      5.7893249      1.5071639      6.8308605    
  15440000   1.0041544      5.7843219      1.5061821      6.82858      
  15450000   0.99774774     5.8012076      1.4965724      6.8373095    
  15460000   0.99621307     5.7727849      1.4942705      6.8268789    
  15470000   0.98952376     5.7716631      1.4842368      6.8233354    
  15480000   1.0022052      5.7729448      1.5032584      6.8329057    
  15490000   0.99795204     5.7702114      1.4968788      6.8346558    
  15500000   1.0016718      5.7721877      1.5024583      6.8348014    
  15510000   1.0068159      5.7656641      1.5101742      6.8260086    
  15520000   1.0112109      5.7912118      1.5167665      6.8310012    
  15530000   0.98933988     5.7892164      1.483961       6.829982     
  15540000   1.0036372      5.7903452      1.5054063      6.8377788    
  15550000   1.0046912      5.8130437      1.5069873      6.8374032    
  15560000   0.99813252     5.7827029      1.4971495      6.826952     
  15570000   0.99028436     5.7820935      1.4853777      6.8325329    
  15580000   0.99994152     5.7837417      1.4998629      6.8273509    
  15590000   1.0104312      5.7963317      1.5155969      6.8294369    
  15600000   1.0034089      5.8007912      1.5050639      6.8339622    
  15610000   1.0006794      5.7815221      1.5009697      6.8308818    
  15620000   0.99546966     5.8038328      1.4931554      6.8341939    
  15630000   1.0002834      5.7894938      1.5003758      6.832453     
  15640000   1.008253       5.7848028      1.5123297      6.8307891    
  15650000   1.0037513      5.7811786      1.5055774      6.8309284    
  15660000   0.99744446     5.7964154      1.4961175      6.8368071    
  15670000   0.99560094     5.7912016      1.4933523      6.8404132    
  15680000   0.99748338     5.7889837      1.4961759      6.8421048    
  15690000   1.0016794      5.7798647      1.5024697      6.8345242    
  15700000   0.99155804     5.7873834      1.4872881      6.8263186    
  15710000   0.99420374     5.786417       1.4912566      6.8330841    
  15720000   1.0052952      5.7790994      1.5078931      6.8272001    
  15730000   1.0011984      5.7867189      1.5017483      6.8375863    
  15740000   1.0025977      5.7848803      1.503847       6.8286452    
  15750000   1.0084845      5.789078       1.512677       6.8333438    
  15760000   0.98961793     5.8031648      1.4843781      6.83913      
  15770000   1.0041692      5.7878574      1.5062043      6.8351946    
  15780000   1.0049877      5.7722632      1.507432       6.8284219    
  15790000   0.989443       5.7833404      1.4841157      6.830483     
  15800000   1.0000888      5.7729604      1.5000839      6.8297353    
  15810000   0.99576939     5.7773848      1.493605       6.8419898    
  15820000   1.0028682      5.7785681      1.5042528      6.83541      
  15830000   1.0059889      5.7985293      1.5089338      6.8315161    
  15840000   0.99740858     5.7964451      1.4960637      6.8381141    
  15850000   1.0069486      5.7877257      1.5103732      6.8308097    
  15860000   1.0007387      5.7856505      1.5010587      6.8368405    
  15870000   0.99803809     5.7744373      1.4970079      6.8258918    
  15880000   1.0061044      5.7881316      1.509107       6.8276495    
  15890000   0.99436838     5.7786495      1.4915035      6.8262295    
  15900000   0.99813751     5.7889733      1.497157       6.836193     
  15910000   0.99738955     5.7772         1.4960351      6.8390156    
  15920000   1.0001629      5.7923266      1.5001951      6.8462474    
  15930000   0.99543065     5.787816       1.4930969      6.8338209    
  15940000   0.99746807     5.7846651      1.4961529      6.8330635    
  15950000   1.0010301      5.7784601      1.5014958      6.8277073    
  15960000   1.0027981      5.778076       1.5041477      6.8295741    
  15970000   0.99921739     5.7870292      1.4987768      6.8316466    
  15980000   1.0031826      5.7817869      1.5047245      6.8337456    
  15990000   0.99944606     5.7649815      1.4991198      6.8214328    
  16000000   1.0015694      5.7872521      1.5023047      6.8359599    
  16010000   0.99191682     5.7895162      1.4878263      6.8243045    
  16020000   1.0037619      5.8008293      1.5055933      6.8416975    
  16030000   1.0035602      5.7860244      1.5052908      6.8344537    
  16040000   1.0000439      5.7710608      1.5000165      6.8304585    
  16050000   1.0075338      5.788075       1.511251       6.8347741    
  16060000   1.0092972      5.7689513      1.513896       6.8315656    
  16070000   0.99847549     5.7771505      1.497664       6.8310827    
  16080000   0.99596446     5.7854718      1.4938976      6.8353817    
  16090000   0.9987427      5.7595041      1.4980648      6.8282023    
  16100000   1.0084764      5.7730033      1.5126648      6.8254487    
  16110000   0.99433668     5.7793442      1.491456       6.8281513    
  16120000   1.0082356      5.7863632      1.5123037      6.8446522    
  16130000   0.99527018     5.7777857      1.4928562      6.8323541    
  16140000   0.99648133     5.7740539      1.4946728      6.831837     
  16150000   1.0019368      5.7750995      1.5028558      6.8293688    
  16160000   1.0018633      5.7850987      1.5027456      6.8287034    
  16170000   0.99450481     5.7776627      1.4917082      6.8287773    
  16180000   1.0020447      5.7778075      1.5030176      6.8251375    
  16190000   0.99912676     5.7883023      1.4986409      6.83266      
  16200000   0.99490949     5.7888379      1.4923152      6.8322401    
  16210000   1.0003639      5.7791408      1.5004964      6.8336702    
  16220000   0.99416541     5.7771645      1.4911991      6.8241682    
  16230000   1.0019811      5.7909392      1.5029222      6.8385554    
  16240000   1.0008133      5.7830705      1.5011705      6.8313335    
  16250000   0.99630829     5.7882244      1.4944133      6.8290289    
  16260000   1.0019731      5.7759454      1.5029102      6.8276329    
  16270000   0.99226219     5.7899081      1.4883443      6.8342587    
  16280000   0.99584311     5.8164393      1.4937155      6.836408     
  16290000   1.0103483      5.8015888      1.5154726      6.8365678    
  16300000   0.9935739      5.8014473      1.4903118      6.8370211    
  16310000   1.0114305      5.7877945      1.5170959      6.8316061    
  16320000   0.99616033     5.7748469      1.4941914      6.8287021    
  16330000   1.0003127      5.7973541      1.5004197      6.8350084    
  16340000   1.0056432      5.8117094      1.5084152      6.8452654    
  16350000   0.99604353     5.7920785      1.4940162      6.8313879    
  16360000   1.000595       5.7964165      1.5008432      6.8370166    
  16370000   1.0049017      5.7799397      1.5073029      6.8299409    
  16380000   0.99888216     5.7886635      1.498274       6.8424386    
  16390000   1.0055451      5.7975388      1.508268       6.8410838    
  16400000   0.99768987     5.7902683      1.4964856      6.8332461    
  16410000   1.0052904      5.8093224      1.5078861      6.8385932    
  16420000   1.0068901      5.7865044      1.5102855      6.8301294    
  16430000   1.0057761      5.787216       1.5086146      6.8379982    
  16440000   1.0013391      5.7935285      1.5019592      6.8350661    
  16450000   1.0100844      5.8192065      1.5150768      6.8315968    
  16460000   1.0024797      5.7987613      1.50367        6.8301059    
  16470000   0.98802382     5.7868625      1.481987       6.8304869    
  16480000   0.99849576     5.7828549      1.4976944      6.8290782    
  16490000   0.98913373     5.790462       1.4836518      6.8292793    
  16500000   0.99861647     5.7815642      1.4978754      6.8294925    
  16510000   1.0016417      5.7933136      1.5024131      6.8371679    
  16520000   0.99431635     5.790042       1.4914255      6.8291085    
  16530000   1.0036969      5.7957976      1.5054958      6.8319066    
  16540000   1.0004413      5.7729129      1.5006126      6.8248326    
  16550000   1.0100316      5.7900524      1.5149975      6.8352605    
  16560000   0.99012333     5.7828027      1.4851362      6.8398251    
  16570000   0.99568256     5.7794245      1.4934747      6.8337027    
  16580000   1.0072573      5.7896368      1.5108363      6.8353179    
  16590000   1.0070675      5.7998978      1.5105516      6.8359628    
  16600000   0.99242831     5.7925396      1.4885935      6.8350063    
  16610000   1.0034228      5.7898219      1.5050847      6.8343733    
  16620000   0.99911914     5.7811611      1.4986294      6.8219001    
  16630000   0.99446497     5.7772129      1.4916484      6.829621     
  16640000   0.99837272     5.7888002      1.4975098      6.8329084    
  16650000   1.0025554      5.7872016      1.5037836      6.830593     
  16660000   1.0046807      5.7878002      1.5069715      6.8362338    
  16670000   1.00194        5.7941182      1.5028606      6.8364144    
  16680000   1.0019859      5.8003715      1.5029294      6.8354347    
  16690000   0.99960485     5.7882225      1.499358       6.8352432    
  16700000   1.0043378      5.7799044      1.5064572      6.8241712    
  16710000   1.0066045      5.8010537      1.5098571      6.8309112    
  16720000   1.0015066      5.7863377      1.5022106      6.834474     
  16730000   0.99804478     5.7969738      1.4970179      6.8354203    
  16740000   1.0014724      5.7885256      1.5021591      6.8312917    
  16750000   1.0031945      5.7909089      1.5047423      6.8389656    
  16760000   0.99900213     5.7726898      1.4984539      6.8309884    
  16770000   1.0017728      5.7882598      1.5026098      6.8403158    
  16780000   1.0064995      5.7848495      1.5096996      6.8329708    
  16790000   1.0025817      5.7692534      1.503823       6.8259238    
  16800000   1.0107355      5.7758405      1.5160533      6.8305045    
  16810000   0.99631684     5.7867135      1.4944261      6.8432195    
  16820000   0.99489501     5.7719912      1.4922934      6.8373461    
  16830000   0.99981378     5.7758747      1.4996714      6.8359803    
  16840000   1.0050049      5.7634659      1.5074577      6.8317329    
  16850000   0.99699738     5.7867921      1.4954469      6.8322044    
  16860000   0.99279199     5.7739593      1.489139       6.8329263    
  16870000   0.99311241     5.7884328      1.4896196      6.8331662    
  16880000   1.0039862      5.8045134      1.5059297      6.8442193    
  16890000   0.99257197     5.797302       1.488809       6.8364754    
  16900000   0.99529137     5.7968443      1.492888       6.836429     
  16910000   0.99898567     5.7915416      1.4984292      6.8345151    
  16920000   1.0034131      5.804051       1.5050701      6.8337029    
  16930000   0.99867742     5.7761046      1.4979669      6.8286051    
  16940000   0.99581166     5.7886507      1.4936684      6.8370194    
  16950000   1.0173678      5.7786187      1.5260015      6.8242523    
  16960000   1.0065182      5.7811265      1.5097277      6.8340667    
  16970000   0.99602146     5.7988782      1.4939831      6.838706     
  16980000   1.0011402      5.783164       1.5016609      6.8362411    
  16990000   0.9996229      5.7801121      1.499385       6.8306809    
  17000000   1.0034392      5.7800654      1.5051093      6.8278514    
  17010000   0.99523462     5.7909615      1.4928028      6.8322195    
  17020000   1.0042081      5.7912549      1.5062626      6.8330972    
  17030000   0.99779995     5.7800944      1.4966507      6.8313134    
  17040000   0.99996805     5.7855609      1.4999027      6.8336865    
  17050000   1.0064638      5.7805368      1.509646       6.834647     
  17060000   1.0015683      5.7863828      1.5023031      6.8310187    
  17070000   0.99427187     5.7815374      1.4913588      6.832446     
  17080000   0.99443565     5.7917877      1.4916044      6.8309835    
  17090000   1.000498       5.7918179      1.5006977      6.8363669    
  17100000   0.9967544      5.7878332      1.4950824      6.8304921    
  17110000   0.99737961     5.7999168      1.4960202      6.8343219    
  17120000   1.0024049      5.7901026      1.5035579      6.8316576    
  17130000   0.989847       5.7744627      1.4847217      6.8322048    
  17140000   0.99996522     5.7709756      1.4998985      6.8292282    
  17150000   0.99668054     5.7741745      1.4949716      6.8311578    
  17160000   0.99409708     5.7731101      1.4910966      6.829307     
  17170000   1.0019952      5.7824313      1.5029433      6.8350385    
  17180000   1.004085       5.7853949      1.506078       6.8401502    
  17190000   1.0053733      5.7801364      1.5080103      6.8322238    
  17200000   0.99989056     5.7804949      1.4997865      6.8334745    
  17210000   1.0002078      5.7757013      1.5002623      6.8302206    
  17220000   0.9996069      5.7776829      1.499361       6.8343915    
  17230000   1.0040876      5.7820143      1.5060819      6.8408862    
  17240000   0.9984799      5.7595613      1.4976706      6.8311302    
  17250000   0.99627991     5.7899529      1.4943707      6.8402164    
  17260000   0.99406425     5.8010673      1.4910473      6.8393186    
  17270000   0.99291662     5.7821685      1.4893259      6.8315756    
  17280000   1.0023778      5.7904925      1.5035172      6.8344233    
  17290000   1.0055235      5.772671       1.5082356      6.8335309    
  17300000   0.99860016     5.7735668      1.497851       6.8339942    
  17310000   1.0004917      5.7637205      1.5006883      6.8290213    
  17320000   0.99755656     5.7835527      1.4962856      6.8342727    
  17330000   1.0039859      5.7854491      1.5059293      6.8252979    
  17340000   0.99376314     5.791606       1.4905957      6.8321963    
  17350000   0.9936565      5.7853397      1.4904357      6.8301762    
  17360000   0.99577943     5.787069       1.49362        6.8297447    
  17370000   1.0044693      5.7969004      1.5066545      6.832169     
  17380000   1.0046668      5.8063515      1.5069506      6.8356408    
  17390000   0.99701093     5.7984692      1.4954672      6.8339911    
  17400000   0.99795986     5.7828853      1.4968906      6.8306783    
  17410000   0.99220656     5.787844       1.4882609      6.836118     
  17420000   0.99991557     5.7858625      1.499824       6.8298126    
  17430000   1.0005118      5.7652658      1.5007183      6.8243433    
  17440000   1.006474       5.7790263      1.5096614      6.8317227    
  17450000   1.0002837      5.792834       1.5003763      6.8327172    
  17460000   1.0037025      5.7933892      1.5055043      6.8357909    
  17470000   1.0051276      5.798794       1.5076419      6.8365424    
  17480000   0.99507958     5.7796698      1.4925703      6.8305022    
  17490000   0.99904205     5.7828914      1.4985138      6.836677     
  17500000   1.0034206      5.7787046      1.5050813      6.8297146    
  17510000   1.0031364      5.7785283      1.5046551      6.8296188    
  17520000   1.0033826      5.7755492      1.5050245      6.8303529    
  17530000   0.99619399     5.7938392      1.4942418      6.8329141    
  17540000   0.99805886     5.7771368      1.4970391      6.8362531    
  17550000   0.99539062     5.7823326      1.4930368      6.8284449    
  17560000   0.99207587     5.793197       1.4880649      6.8319556    
  17570000   0.99672864     5.7881509      1.4950438      6.8269942    
  17580000   0.99751512     5.8104405      1.4962235      6.8377697    
  17590000   0.9981825      5.7808606      1.4972245      6.8332771    
  17600000   0.99794694     5.8012649      1.4968712      6.8358572    
  17610000   1.0009972      5.8114947      1.5014465      6.8392883    
  17620000   1.0040671      5.8023005      1.5060511      6.836758     
  17630000   0.99764602     5.7867934      1.4964198      6.8349039    
  17640000   0.99690815     5.7969711      1.4953131      6.8337093    
  17650000   0.99691848     5.7904278      1.4953285      6.8330516    
  17660000   1.0076673      5.7932762      1.5114513      6.8375435    
  17670000   1.0071504      5.7903366      1.5106759      6.8295413    
  17680000   0.99822641     5.8036407      1.4972904      6.8365523    
  17690000   1.0047257      5.790514       1.507039       6.8365371    
  17700000   0.99788125     5.790256       1.4967727      6.8397166    
  17710000   0.99576828     5.7694854      1.4936033      6.8227017    
  17720000   0.9984669      5.7871612      1.4976511      6.8361651    
  17730000   1.0031984      5.7891178      1.5047481      6.8302749    
  17740000   0.99836981     5.7748927      1.4975055      6.8271533    
  17750000   1.0056594      5.7850323      1.5084395      6.8392215    
  17760000   1.0017924      5.7624866      1.5026392      6.8176491    
  17770000   1.0007884      5.7927071      1.5011333      6.8434545    
  17780000   0.99214149     5.7952835      1.4881633      6.8380309    
  17790000   1.0010717      5.7860631      1.5015582      6.8281428    
  17800000   1.001629       5.804102       1.5023941      6.8369228    
  17810000   1.0040678      5.7890737      1.5060522      6.8339438    
  17820000   0.9914398      5.787206       1.4871108      6.8308643    
  17830000   0.99560643     5.7891418      1.4933605      6.832522     
  17840000   1.0037547      5.7947865      1.5055825      6.8376351    
  17850000   0.99342427     5.8018447      1.4900874      6.8439454    
  17860000   0.99461487     5.7781631      1.4918732      6.8354151    
  17870000   0.99887122     5.7871283      1.4982576      6.8340818    
  17880000   0.99901197     5.7858889      1.4984687      6.837815     
  17890000   0.99323062     5.7985331      1.4897969      6.8401697    
  17900000   1.0016454      5.769788       1.5024186      6.8243759    
  17910000   0.99417196     5.7912156      1.4912089      6.8333404    
  17920000   1.0079424      5.7940508      1.5118639      6.8299753    
  17930000   1.0028496      5.7943772      1.504225       6.8370627    
  17940000   1.0096175      5.8051234      1.5143764      6.841737     
  17950000   1.003333       5.7926775      1.5049499      6.8358178    
  17960000   1.0168543      5.7869709      1.5252314      6.8291051    
  17970000   1.0024848      5.7893289      1.5036778      6.8324211    
  17980000   0.99507092     5.7995287      1.4925573      6.8341409    
  17990000   1.0066226      5.7922996      1.5098843      6.8376311    
  18000000   1.0005154      5.7806924      1.5007237      6.8331351    
  18010000   1.0088743      5.7849196      1.5132617      6.8423793    
  18020000   0.99885388     5.7997072      1.4982315      6.8380341    
  18030000   1.0007874      5.8013993      1.5011317      6.8375896    
  18040000   0.99798952     5.7950644      1.4969351      6.834943     
  18050000   0.99608079     5.8024357      1.494072       6.8412187    
  18060000   0.99999834     5.7971955      1.4999482      6.8302735    
  18070000   1.0002086      5.795692       1.5002635      6.8434481    
  18080000   1.0037586      5.7882042      1.5055883      6.8310755    
  18090000   1.0068512      5.7840788      1.5102271      6.8314366    
  18100000   0.99874061     5.7854876      1.4980616      6.8328355    
  18110000   0.99756252     5.7663997      1.4962946      6.8275164    
  18120000   1.0009271      5.7798591      1.5013413      6.8272388    
  18130000   1.0024399      5.7581803      1.5036103      6.826973     
  18140000   1.0065022      5.7634673      1.5097037      6.8285856    
  18150000   1.0028111      5.7742943      1.5041672      6.8371742    
  18160000   1.0078009      5.7807891      1.5116517      6.838923     
  18170000   1.0047458      5.7940897      1.5070692      6.8403685    
  18180000   0.99718737     5.7913372      1.4957319      6.8400408    
  18190000   0.99581759     5.7848584      1.4936773      6.8346163    
  18200000   1.0042285      5.8063506      1.5062932      6.8383289    
  18210000   0.99310934     5.7718526      1.489615       6.8187072    
  18220000   1.0022835      5.7838081      1.5033758      6.8356976    
  18230000   0.9939829      5.7825231      1.4909253      6.8282838    
  18240000   1.004008       5.779371       1.5059625      6.8354048    
  18250000   0.98950492     5.7734239      1.4842086      6.8337698    
  18260000   0.99832179     5.8028482      1.4974334      6.839364     
  18270000   1.0007232      5.8027071      1.5010354      6.8385211    
  18280000   1.0009377      5.8061052      1.5013572      6.8402796    
  18290000   0.9999518      5.7849157      1.4998784      6.8351354    
  18300000   0.99059857     5.7874767      1.485849       6.8323903    
  18310000   0.98850606     5.8008413      1.4827103      6.8383502    
  18320000   0.9970536      5.7910496      1.4955312      6.8310436    
  18330000   1.0030849      5.7838717      1.5045779      6.8251686    
  18340000   0.99980089     5.800157       1.499652       6.8395902    
  18350000   0.99102832     5.7792627      1.4864936      6.8295988    
  18360000   0.99703509     5.7807411      1.4955034      6.8338834    
  18370000   1.0083777      5.7934674      1.5125168      6.8317672    
  18380000   1.0055283      5.7863275      1.5082429      6.8369053    
  18390000   1.000347       5.7774601      1.5004712      6.8342249    
  18400000   0.99896112     5.791133       1.4983924      6.8361367    
  18410000   1.00734        5.7827681      1.5109603      6.8316754    
  18420000   1.0006509      5.787474       1.500927       6.8300555    
  18430000   0.99944727     5.7914519      1.4991216      6.8287134    
  18440000   1.0021652      5.7915115      1.5031983      6.8312525    
  18450000   0.99804497     5.8053487      1.4970182      6.8377889    
  18460000   1.0041198      5.8047459      1.5061302      6.8378825    
  18470000   0.99334539     5.8119015      1.4899691      6.838187     
  18480000   0.99759312     5.7990807      1.4963405      6.8414669    
  18490000   0.99360276     5.7900354      1.4903551      6.8335091    
  18500000   0.99530869     5.7870787      1.4929139      6.8295862    
  18510000   1.0003949      5.8048601      1.5005429      6.8427033    
  18520000   1.0036648      5.7766903      1.5054476      6.8315555    
  18530000   1.0056121      5.775831       1.5083685      6.8322186    
  18540000   1.0012657      5.7833689      1.5018492      6.8355847    
  18550000   0.99798959     5.7770859      1.4969352      6.8347814    
  18560000   1.0014199      5.7703259      1.5020804      6.8288967    
  18570000   0.99310362     5.7553769      1.4896064      6.8273217    
  18580000   1.0040912      5.7830415      1.5060872      6.840015     
  18590000   0.99894759     5.7893924      1.4983721      6.829632     
  18600000   1.0066212      5.7986053      1.5098822      6.8418381    
  18610000   0.99787407     5.7833757      1.4967619      6.8259974    
  18620000   1.0039529      5.7833604      1.5058799      6.8303454    
  18630000   0.99480896     5.7744246      1.4921644      6.8205593    
  18640000   0.99887587     5.7936753      1.4982645      6.8372763    
  18650000   1.0100608      5.7837292      1.5150414      6.8288011    
  18660000   0.99935795     5.7906217      1.4989876      6.8311807    
  18670000   1.0013334      5.7881954      1.5019506      6.8401937    
  18680000   1.0016605      5.7788612      1.5024413      6.8386187    
  18690000   0.9972487      5.7787407      1.4958239      6.8337005    
  18700000   1.0012077      5.7670409      1.5017622      6.8316579    
  18710000   0.99932036     5.7605255      1.4989312      6.8325933    
  18720000   1.0054463      5.777449       1.5081199      6.8324437    
  18730000   1.0044899      5.7730639      1.5066852      6.832556     
  18740000   1.0021795      5.7756795      1.5032198      6.8316023    
  18750000   0.99862281     5.7813802      1.497885       6.8345445    
  18760000   0.99554016     5.7714371      1.4932611      6.8362051    
  18770000   1.0006209      5.7652256      1.5008819      6.831025     
  18780000   0.99742574     5.7878448      1.4960894      6.8377868    
  18790000   0.99683885     5.7858292      1.4952091      6.8378311    
  18800000   1.0078372      5.7973392      1.511706       6.837092     
  18810000   1.0061077      5.7789506      1.509112       6.8299973    
  18820000   0.99880617     5.7945595      1.49816        6.8362685    
  18830000   0.99421621     5.7958921      1.4912753      6.8337955    
  18840000   1.0073107      5.7783545      1.5109164      6.8342801    
  18850000   1.0044965      5.794355       1.5066952      6.832484     
  18860000   1.0002687      5.7781678      1.5003537      6.8238763    
  18870000   1.0019541      5.7795951      1.5028817      6.828691     
  18880000   1.0009688      5.77794        1.5014038      6.8373992    
  18890000   0.99675069     5.7770987      1.4950769      6.8323344    
  18900000   1.0018253      5.7849617      1.5026886      6.8311845    
  18910000   1.001522       5.7991828      1.5022336      6.8263295    
  18920000   0.99727556     5.7865331      1.4958641      6.8338533    
  18930000   0.99775721     5.7934314      1.4965866      6.8391139    
  18940000   1.003201       5.7909275      1.504752       6.8345067    
  18950000   1.0082613      5.7897213      1.5123422      6.834627     
  18960000   1.0073551      5.7821288      1.510983       6.8294987    
  18970000   0.99612434     5.7958802      1.4941374      6.8421734    
  18980000   1.0017607      5.7749523      1.5025917      6.8344117    
  18990000   0.9975434      5.7709165      1.4962659      6.8264507    
  19000000   1.004577       5.7877935      1.5068159      6.8321599    
  19010000   0.9949022      5.7733581      1.4923042      6.8215367    
  19020000   0.99144635     5.7786752      1.4871206      6.8341922    
  19030000   1.0047964      5.7835641      1.5071451      6.8325939    
  19040000   0.99674005     5.7869989      1.4950609      6.8354879    
  19050000   1.0034047      5.7696237      1.5050576      6.8296595    
  19060000   0.9954337      5.7863576      1.4931014      6.8365952    
  19070000   0.99762929     5.7819252      1.4963947      6.8381589    
  19080000   0.99599162     5.7731356      1.4939383      6.8332797    
  19090000   0.99607247     5.7605822      1.4940596      6.835224     
  19100000   1.0069722      5.7606273      1.5104086      6.8302375    
  19110000   1.0013949      5.7753168      1.5020429      6.8356816    
  19120000   1.0018232      5.7903442      1.5026854      6.8399764    
  19130000   1.0015125      5.7798267      1.5022193      6.8351248    
  19140000   1.0039407      5.7886353      1.5058615      6.8328652    
  19150000   0.99980717     5.7811328      1.4996614      6.8364768    
  19160000   1.0035234      5.7901372      1.5052356      6.8314918    
  19170000   0.99963779     5.7824331      1.4994074      6.8302808    
  19180000   1.0074346      5.7922393      1.5111022      6.8306172    
  19190000   0.99923684     5.781658       1.498806       6.8225658    
  19200000   0.99949757     5.7864654      1.4991971      6.8372935    
  19210000   1.0006584      5.7986612      1.5009382      6.833949     
  19220000   1.0082329      5.7767534      1.5122997      6.8237789    
  19230000   0.99784663     5.7847863      1.4967207      6.8344468    
  19240000   1.0101122      5.7769392      1.5151185      6.8384375    
  19250000   0.99991712     5.7632273      1.4998264      6.8334476    
  19260000   1.0021941      5.772903       1.5032417      6.8236627    
  19270000   0.99878637     5.7740986      1.4981303      6.8267203    
  19280000   0.99966134     5.7830213      1.4994427      6.829297     
  19290000   0.99789789     5.7830158      1.4967976      6.8321961    
  19300000   1.0027611      5.7801405      1.5040923      6.8364849    
  19310000   1.0002467      5.7783129      1.5003208      6.8395869    
  19320000   1.0032036      5.7900695      1.5047559      6.8401071    
  19330000   0.99518452     5.7808884      1.4927277      6.8354642    
  19340000   1.0012231      5.7668556      1.5017852      6.8213836    
  19350000   1.0004398      5.7938103      1.5006104      6.8432395    
  19360000   1.0010969      5.7666769      1.5015959      6.8257458    
  19370000   1.0017893      5.7876451      1.5026345      6.8349583    
  19380000   0.99792581     5.7856676      1.4968395      6.8350716    
  19390000   1.0048176      5.772688       1.5071769      6.8274345    
  19400000   0.99802901     5.7751792      1.4969943      6.8297664    
  19410000   1.0043708      5.7871282      1.5065067      6.8371852    
  19420000   1.0016896      5.7968632      1.502485       6.8366121    
  19430000   1.0029905      5.7747543      1.5044363      6.8335947    
  19440000   1.007299       5.7865775      1.5108988      6.8243379    
  19450000   1.0054226      5.7905931      1.5080843      6.8332888    
  19460000   0.99119113     5.7985223      1.4867378      6.8369303    
  19470000   1.0030513      5.7823333      1.5045274      6.8414882    
  19480000   1.0036206      5.7787207      1.5053814      6.836269     
  19490000   0.99297425     5.781006       1.4894124      6.8419126    
  19500000   1.0034719      5.7854117      1.5051584      6.8323901    
  19510000   0.99962316     5.7831919      1.4993854      6.8387378    
  19520000   0.99920835     5.7888196      1.4987632      6.8341034    
  19530000   1.0040757      5.7848409      1.506064       6.8293529    
  19540000   1.0017466      5.7857691      1.5025705      6.8399709    
  19550000   0.98844212     5.8071655      1.4826144      6.833433     
  19560000   1.0114403      5.8097602      1.5171105      6.8455425    
  19570000   1.004121       5.7964996      1.5061319      6.8377494    
  19580000   0.99979908     5.8022236      1.4996493      6.8343842    
  19590000   0.99507716     5.7932975      1.4925666      6.8286414    
  19600000   0.9999131      5.8033782      1.4998203      6.832891     
  19610000   0.99922186     5.7857552      1.4987835      6.8358376    
  19620000   0.99313565     5.7758975      1.4896545      6.8334207    
  19630000   0.99790298     5.7764594      1.4968052      6.8286787    
  19640000   1.0060188      5.8119833      1.5089785      6.8404939    
  19650000   0.99395263     5.7858566      1.4908799      6.8328925    
  19660000   0.99770738     5.787882       1.4965119      6.8356994    
  19670000   0.99608578     5.7999461      1.4940795      6.8372782    
  19680000   1.0054707      5.8003255      1.5081565      6.8354351    
  19690000   0.9951424      5.7859814      1.4926645      6.8312169    
  19700000   1.0033833      5.7915132      1.5050254      6.834584     
  19710000   1.006341       5.7896527      1.5094618      6.8321707    
  19720000   0.9940152      5.7747209      1.4909738      6.8330661    
  19730000   0.9943248      5.8041563      1.4914382      6.8416439    
  19740000   1.0056353      5.783417       1.5084034      6.8262481    
  19750000   1.0003764      5.7884632      1.5005153      6.8285786    
  19760000   0.99607308     5.7983973      1.4940605      6.8322487    
  19770000   1.003439       5.7983724      1.5051089      6.8333648    
  19780000   0.9960452      5.7978355      1.4940187      6.8383778    
  19790000   1.0074053      5.800499       1.5110583      6.8449794    
  19800000   1.0003277      5.7986353      1.5004421      6.8388597    
  19810000   1.0141003      5.8124771      1.5211005      6.8366499    
  19820000   1.006665       5.8103954      1.5099478      6.8405885    
  19830000   1.0082049      5.7932667      1.5122577      6.8299834    
  19840000   0.99716843     5.7978057      1.4957035      6.8339893    
  19850000   1.0042275      5.7895451      1.5062916      6.8280034    
  19860000   0.99757838     5.7842839      1.4963184      6.8365984    
  19870000   1.0004064      5.7795672      1.5005602      6.8351888    
  19880000   0.99674448     5.7635947      1.4950676      6.8301964    
  19890000   0.99907026     5.7850876      1.4985561      6.8384589    
  19900000   0.99345212     5.7625966      1.4901292      6.8280165    
  19910000   0.99908104     5.7700536      1.4985723      6.8338613    
  19920000   1.0007366      5.7735092      1.5010555      6.8313461    
  19930000   0.99637382     5.7822593      1.4945116      6.8366081    
  19940000   0.99101223     5.7865315      1.4864695      6.8360736    
  19950000   1.0068243      5.7739157      1.5101868      6.8354975    
  19960000   0.9932351      5.7816103      1.4898037      6.8382227    
  19970000   0.99580083     5.7753598      1.4936521      6.8315714    
  19980000   1.0069057      5.7928014      1.5103089      6.8387264    
  19990000   0.99787264     5.7840028      1.4967597      6.8382464    
  20000000   1.0095253      5.7846093      1.5142382      6.8382521    
  20010000   0.99814343     5.7910883      1.4971659      6.8355894    
  20020000   0.99512367     5.7785191      1.4926364      6.8388575    
  20030000   1.0016788      5.8002607      1.5024687      6.8375826    
Loop time of 319720 on 1 procs for 20000000 steps with 30408 atoms

Performance: 27023.666 tau/day, 62.555 timesteps/s
100.0% CPU use with 1 MPI tasks x 1 OpenMP threads

MPI task timing breakdown:
Section |  min time  |  avg time  |  max time  |%varavg| %total
---------------------------------------------------------------
Pair    | 2.126e+05  | 2.126e+05  | 2.126e+05  |   0.0 | 66.50
Bond    | 13160      | 13160      | 13160      |   0.0 |  4.12
Neigh   | 51668      | 51668      | 51668      |   0.0 | 16.16
Comm    | 1438.6     | 1438.6     | 1438.6     |   0.0 |  0.45
Output  | 3.6099     | 3.6099     | 3.6099     |   0.0 |  0.00
Modify  | 39099      | 39099      | 39099      |   0.0 | 12.23
Other   |            | 1752       |            |       |  0.55

Nlocal:          30408 ave       30408 max       30408 min
Histogram: 1 0 0 0 0 0 0 0 0 0
Nghost:           7386 ave        7386 max        7386 min
Histogram: 1 0 0 0 0 0 0 0 0 0
Neighs:    1.00494e+06 ave 1.00494e+06 max 1.00494e+06 min
Histogram: 1 0 0 0 0 0 0 0 0 0

Total # of neighbors = 1004935
Ave neighs/atom = 33.048375
Ave special neighs/atom = 1.8942384
Neighbor list builds = 889041
Dangerous builds = 0

write_data data*.xyz
System init for write_data ...
Generated 0 of 6 mixed pair_coeff terms from geometric mixing rule
WARNING: Not all mixed pair coeffs generated from mixing. Use write_data with 'pair ij' option to store all pair coeffs. (src/write_data.cpp:309)
write_restart 	restart.polymer_ring
System init for write_restart ...
Generated 0 of 6 mixed pair_coeff terms from geometric mixing rule

print "ALL done"
ALL done
Total wall time: 88:51:51
