pair_style lj/cut 4.0
pair_modify shift yes

read_restart prod.restart1
Reading restart file ...
  restart file = 23 Jun 2022, LAMMPS = 23 Jun 2022
  restoring atom style bond from restart
  orthogonal box = (-30 -30 -35) to (30 30 35)
  1 by 1 by 1 MPI processor grid
  restoring pair style lj/cut from restart
  restoring bond style fene from restart
  16250 atoms
  15600 bonds
Finding 1-2 1-3 1-4 neighbors ...
  special bond factors lj:    0        1        1       
  special bond factors coul:  0        1        1       
     2 = max # of 1-2 neighbors
     6 = max # of special neighbors
  special bonds CPU = 0.001 seconds
  read_restart CPU = 0.003 seconds
bond_style fene
special_bonds fene

bond_coeff 1 10.0 2.0 1.0 1.0
group polymer type 1
16250 atoms in group polymer

pair_coeff	1 1 0.5 1.0 1.225
pair_coeff 	1 2 50.0 1.0 4.0
pair_coeff	2 2 1.0 1.0 1.1225


neighbor       0.5 bin

region upper_box block -30 30 -30 30 32.2 34.8
create_atoms 2 random 300 998273 upper_box
Created 300 atoms
  using lattice units in orthogonal box = (-30 -30 -35) to (30 30 35)
  create_atoms CPU = 0.001 seconds


group ligand type 2
300 atoms in group ligand
delete_atoms random count 50 no ligand NULL 32
WARNING: Ignoring 'compress yes' for molecular system (src/delete_atoms.cpp:140)
Deleted 50 atoms, new total = 16500
fix 1 polymer wall/lj126 zlo -32 1.0 1.0 1.1225 zhi 32 1.0 1.0 1.1225
fix 2 ligand wall/lj126 zlo 32 1.0 1.0 1.1225 zhi 35 1.0 1.0 1.1225

#minimize 1.0e-4 1.0e-6 100 1000

fix 3 all nve/limit 0.01
run 10000
Generated 0 of 1 mixed pair_coeff terms from geometric mixing rule
Neighbor list info ...
  update every 1 steps, delay 10 steps, check yes
  max neighbors/atom: 2000, page size: 100000
  master list distance cutoff = 4.5
  ghost atom cutoff = 4.5
  binsize = 2.25, bins = 27 27 32
  1 neighbor lists, perpetual/occasional/extra = 1 0 0
  (1) pair lj/cut, perpetual
      attributes: half, newton on
      pair build: half/bin/newton
      stencil: half/bin/3d
      bin: standard
Per MPI rank memory allocation (min/avg/max) = 9.738 | 9.738 | 9.738 Mbytes
   Step          Temp          E_pair         E_mol          TotEng         Press     
    100000   0.98227522     20988230       7.3423952      20988239       5496928      
    110000   0.25899638    -0.28535208     6.3663028      6.4694218     -0.021864302  
Loop time of 13.5569 on 1 procs for 10000 steps with 16500 atoms

Performance: 318657.584 tau/day, 737.633 timesteps/s
99.5% CPU use with 1 MPI tasks x 1 OpenMP threads

MPI task timing breakdown:
Section |  min time  |  avg time  |  max time  |%varavg| %total
---------------------------------------------------------------
Pair    | 4.9015     | 4.9015     | 4.9015     |   0.0 | 36.16
Bond    | 1.7047     | 1.7047     | 1.7047     |   0.0 | 12.57
Neigh   | 4.5178     | 4.5178     | 4.5178     |   0.0 | 33.33
Comm    | 0.29862    | 0.29862    | 0.29862    |   0.0 |  2.20
Output  | 5.4813e-05 | 5.4813e-05 | 5.4813e-05 |   0.0 |  0.00
Modify  | 1.6598     | 1.6598     | 1.6598     |   0.0 | 12.24
Other   |            | 0.4743     |            |       |  3.50

Nlocal:          16500 ave       16500 max       16500 min
Histogram: 1 0 0 0 0 0 0 0 0 0
Nghost:           4194 ave        4194 max        4194 min
Histogram: 1 0 0 0 0 0 0 0 0 0
Neighs:          42442 ave       42442 max       42442 min
Histogram: 1 0 0 0 0 0 0 0 0 0

Total # of neighbors = 42442
Ave neighs/atom = 2.5722424
Ave special neighs/atom = 1.8909091
Neighbor list builds = 388
Dangerous builds = 0
unfix 3

fix 3 all nve
fix		4 all langevin 1 1 100.0 90428

thermo_style	custom step temp pe ke ebond
thermo_modify flush yes
thermo          10000

timestep	0.005

dump 1 all custom 50000 traj.lammpstrj id type x y z xu yu zu vx vy vz

restart 100000  prod.restart2 prod.restart3

run 20000000
Generated 0 of 1 mixed pair_coeff terms from geometric mixing rule
Per MPI rank memory allocation (min/avg/max) = 9.951 | 9.951 | 9.951 Mbytes
   Step          Temp          PotEng         KinEng         E_bond    
    110000   0.25899638     6.0809507      0.38847102     6.3663028         120000   0.61825209     6.3475978      0.92732193     6.5848668         130000   0.79049812     6.5141014      1.1856753      6.7140988         140000   0.88428554     6.5919684      1.3263479      6.7710877         150000   0.94122248     6.6447972      1.4117482      6.8068473         160000   0.9692561      6.6835839      1.453796       6.8319986         170000   0.98015081     6.7045866      1.4701371      6.8458381         180000   1.0033598      6.7142356      1.5049485      6.8474788         190000   0.9980591      6.7332987      1.4969979      6.8593726         200000   1.0084246      6.7406674      1.5125453      6.8622513         210000   0.99727678     6.74204        1.4958245      6.8599827         220000   1.0086294      6.7201343      1.5128524      6.8430845         230000   0.99554215     6.7299497      1.4932227      6.8529341         240000   0.99922167     6.7380006      1.4987417      6.8579822         250000   0.99684216     6.7377761      1.4951726      6.8567794         260000   1.0039044      6.7470749      1.5057654      6.8628147         270000   1.0020444      6.7327415      1.5029756      6.8529012         280000   1.0002144      6.7211608      1.5002307      6.8439487         290000   0.99819798     6.7431411      1.4972062      6.8615147         300000   1.005027       6.7276947      1.5074491      6.8496317         310000   0.99318922     6.7364664      1.4896935      6.8586072         320000   0.99400833     6.7319465      1.4909221      6.8579098         330000   1.0041612      6.7303043      1.5061505      6.8492508         340000   0.99877582     6.7283022      1.4980729      6.8497021         350000   0.99841231     6.7380534      1.4975277      6.8515071         360000   0.99691157     6.7314053      1.4952767      6.8528793         370000   1.0087207      6.7262787      1.5129893      6.8549781         380000   1.0013086      6.7278885      1.5018718      6.8612627         390000   1.0108184      6.7162659      1.5161357      6.8471783         400000   0.99742763     6.739103       1.4960508      6.865759          410000   1.0048973      6.732498       1.5072546      6.8589411         420000   1.0049414      6.7245696      1.5073208      6.8510087         430000   1.0052011      6.7146788      1.5077102      6.8461096         440000   1.002528       6.7185996      1.5037009      6.8500801         450000   0.99781247     6.7250479      1.496628       6.8496461         460000   0.98721623     6.7310577      1.4807346      6.8634021         470000   0.98521673     6.7105642      1.4777355      6.8385575         480000   0.99829591     6.726802       1.4973531      6.8565132         490000   0.98980831     6.7217044      1.4846225      6.8461515         500000   0.99176898     6.7353841      1.4875633      6.8561496         510000   0.99526926     6.7300211      1.4928134      6.85389           520000   0.99789314     6.7271238      1.496749       6.8504248         530000   0.98617585     6.7247366      1.4791741      6.8525562         540000   1.0027537      6.7156047      1.5040394      6.8426132         550000   1.0050518      6.711936       1.5074864      6.8479138         560000   1.0038837      6.7183312      1.5057343      6.8450036         570000   0.9970309      6.7185068      1.4954557      6.8468851         580000   1.0070491      6.7318459      1.5104822      6.8551158         590000   1.0036336      6.7284284      1.5053592      6.8577726         600000   1.0143174      6.717582       1.5213839      6.8573943         610000   0.99894399     6.7233848      1.4983252      6.8611484         620000   0.99760769     6.7108018      1.4963208      6.8515221         630000   0.99318769     6.7256734      1.4896912      6.8589399         640000   0.99145837     6.7136966      1.4870974      6.8557349         650000   0.99339141     6.7091229      1.4899968      6.8433065         660000   0.99683642     6.7148004      1.495164       6.8514542         670000   1.0021946      6.7158747      1.5032009      6.8466219         680000   1.0135048      6.7012919      1.520165       6.8477511         690000   0.99676385     6.7186339      1.4950552      6.8617272         700000   0.9965216      6.7248294      1.4946918      6.8564121         710000   1.0039385      6.7119581      1.5058164      6.8595893         720000   0.9986938      6.714943       1.4979499      6.8501421         730000   1.0001728      6.7207629      1.5001683      6.8603931         740000   0.99251753     6.7093662      1.4886861      6.848731          750000   0.9878965      6.7090351      1.4817549      6.8489507         760000   1.0012067      6.7002739      1.5017191      6.8543247         770000   0.99548123     6.7034181      1.4931313      6.8494004         780000   0.99967981     6.7004139      1.4994288      6.8563218         790000   1.001945       6.707769       1.5028264      6.856977          800000   1.0103986      6.7038068      1.515506       6.8579096         810000   0.99890324     6.7093782      1.4982641      6.8574182         820000   0.99663953     6.7060362      1.4948687      6.8618597         830000   0.99367346     6.680031       1.4904199      6.8408849         840000   0.9881116      6.6892558      1.4820776      6.8489712         850000   0.99537488     6.6957629      1.4929718      6.8577545         860000   0.9870372      6.7028078      1.4804661      6.8609274         870000   0.98749245     6.7075879      1.4811489      6.8600641         880000   0.98908632     6.6900563      1.4835396      6.8496613         890000   0.99374691     6.6921364      1.49053        6.8488877         900000   1.0037254      6.6796775      1.5054968      6.8411778         910000   1.0004524      6.6990603      1.5005877      6.8431728         920000   0.99735875     6.703604       1.4959474      6.8521137         930000   0.99738143     6.6895581      1.4959815      6.8403354         940000   0.993655       6.7084792      1.4903922      6.852304          950000   1.0062049      6.7157022      1.5092159      6.8517568         960000   1.00202        6.7118467      1.5029389      6.8497532         970000   1.0040175      6.7001225      1.505935       6.8405796         980000   0.99167026     6.7034196      1.4874152      6.8514654         990000   0.99404399     6.7124601      1.4909756      6.8541741        1000000   0.99458646     6.6980463      1.4917893      6.8393863        1010000   0.99146052     6.714112       1.4871006      6.851907         1020000   0.9868717      6.7094745      1.4802178      6.8510758        1030000   0.9992396      6.7047427      1.4987686      6.8420586        1040000   1.0031566      6.7160267      1.5046437      6.8568651        1050000   1.0047518      6.7227461      1.5070363      6.8599963        1060000   1.0086128      6.7141957      1.5128275      6.862716         1070000   0.99789438     6.7159018      1.4967509      6.8520049        1080000   1.0095397      6.7147577      1.5142178      6.8541266        1090000   1.0116163      6.7217455      1.5173325      6.865359         1100000   1.0005342      6.7076446      1.5007103      6.850039         1110000   1.0059518      6.7021169      1.5088363      6.8412721        1120000   1.0125884      6.7073081      1.5187905      6.8492866        1130000   1.0013273      6.719009       1.5018999      6.8635728        1140000   0.99577164     6.7128376      1.4935669      6.8524433        1150000   0.99163743     6.7201348      1.487366       6.8571102        1160000   0.99407616     6.7134028      1.4910239      6.8508753        1170000   0.99551188     6.7229091      1.4931773      6.8592853        1180000   0.9980697      6.7071445      1.4970138      6.8500672        1190000   0.99327541     6.6987073      1.4898228      6.8410738        1200000   1.0016981      6.7091881      1.5024561      6.8513249        1210000   0.9982377      6.7198292      1.4972658      6.8621961        1220000   1.0045222      6.6962863      1.506692       6.8437413        1230000   1.0055457      6.7058052      1.5082271      6.8521299        1240000   1.0132407      6.7160574      1.519769       6.8642914        1250000   1.0028482      6.7194703      1.5041812      6.8626182        1260000   1.0013051      6.7339553      1.5018667      6.8666215        1270000   1.0062019      6.7220945      1.5092114      6.8528402        1280000   1.0076902      6.7332439      1.5114437      6.8616479        1290000   1.0043967      6.7238272      1.5065037      6.8562015        1300000   1.0033202      6.7233354      1.5048891      6.8487707        1310000   0.99649609     6.726869       1.4946535      6.8547168        1320000   0.99599945     6.7203188      1.4939086      6.8502515        1330000   0.99370331     6.7113991      1.4904646      6.842768         1340000   0.9906892      6.7232974      1.4859437      6.8551888        1350000   1.0040881      6.709728       1.5060409      6.8467694        1360000   0.99306105     6.7094837      1.4895013      6.8505423        1370000   0.99907524     6.7034106      1.498522       6.8433669        1380000   0.99744375     6.7122901      1.4960749      6.8545908        1390000   1.0000388      6.7150537      1.4999672      6.8501697    
   1400000   1.0045874      6.7036114      1.5067897      6.8457691    
   1410000   0.99629717     6.706627       1.4943552      6.8547427    
   1420000   1.0075979      6.7150129      1.5113052      6.856708     
   1430000   1.0127222      6.7190628      1.5189913      6.8571004    
   1440000   1.003433       6.7166618      1.5050583      6.8611875    
   1450000   1.0006817      6.7096909      1.5009316      6.8548974    
   1460000   1.0157507      6.7164496      1.5235337      6.8544424    
   1470000   1.0024196      6.7203805      1.5035382      6.8571986    
   1480000   1.0091287      6.7174314      1.5136013      6.8576033    
   1490000   1.0018127      6.7264175      1.502628       6.8610427    
   1500000   0.99608678     6.6983599      1.4940396      6.8442848    
   1510000   1.002852       6.7009914      1.5041868      6.8401759    
   1520000   0.99264027     6.7111132      1.4888702      6.8597921    
   1530000   1.0063361      6.7058975      1.5094126      6.853114     
   1540000   1.0002572      6.7110167      1.5002948      6.8612026    
   1550000   0.9957389      6.6894099      1.4935178      6.8447955    
   1560000   0.99603476     6.6972529      1.4939616      6.8502123    
   1570000   1.0045305      6.6998798      1.5067044      6.853294     
   1580000   0.99839326     6.7094585      1.4974991      6.8525612    
   1590000   0.99899637     6.7116581      1.4984037      6.8555838    
   1600000   0.99736009     6.7252752      1.4959495      6.864297     
   1610000   0.99753767     6.7121031      1.4962158      6.8553085    
   1620000   1.0053764      6.7007801      1.5079732      6.850557     
   1630000   1.0001708      6.702832       1.5001652      6.8432822    
   1640000   1.0032333      6.6964695      1.5047587      6.8389459    
   1650000   0.99790832     6.7242896      1.4967718      6.8635769    
   1660000   1.0042725      6.7126197      1.5063174      6.8514876    
   1670000   1.0098947      6.7190128      1.5147503      6.8630841    
   1680000   0.99597052     6.7156643      1.4938652      6.8556331    
   1690000   0.9946296      6.7070368      1.491854       6.8510251    
   1700000   0.99177055     6.709327       1.4875657      6.8421523    
   1710000   0.99638248     6.7177399      1.4944831      6.8525796    
   1720000   1.0072195      6.7126357      1.5107378      6.8502521    
   1730000   0.99491464     6.7137215      1.4922815      6.8496987    
   1740000   0.99467417     6.7180923      1.4919208      6.849896     
   1750000   1.0027647      6.7200272      1.5040559      6.849827     
   1760000   1.0002253      6.7207907      1.5002471      6.8506173    
   1770000   1.0045725      6.7193714      1.5067675      6.8511199    
   1780000   1.0016539      6.7212156      1.5023898      6.8515168    
   1790000   0.99656128     6.7270132      1.4947513      6.8631049    
   1800000   0.99715932     6.7228953      1.4956483      6.8604253    
   1810000   1.003486       6.7255893      1.5051378      6.8620449    
   1820000   1.0001997      6.7277138      1.5002086      6.860895     
   1830000   1.0065496      6.7156722      1.5097329      6.8477174    
   1840000   1.0104992      6.7234738      1.5156569      6.8571609    
   1850000   1.0088936      6.7306738      1.5132487      6.8543821    
   1860000   1.0024529      6.7301948      1.5035882      6.8601191    
   1870000   0.99198169     6.7329631      1.4878824      6.8550112    
   1880000   0.99926898     6.7193649      1.4988126      6.8508586    
   1890000   0.9994962      6.7302851      1.4991534      6.8615203    
   1900000   1.0027378      6.7280526      1.5040156      6.8593846    
   1910000   0.99811306     6.7305314      1.4970789      6.865744     
   1920000   0.99860512     6.7229307      1.4978169      6.8515297    
   1930000   0.99414454     6.7236792      1.4911264      6.8540893    
   1940000   0.99688575     6.7248771      1.495238       6.853682     
   1950000   1.0021751      6.7147679      1.5031716      6.8493862    
   1960000   0.9953482      6.716282       1.4929318      6.8463478    
   1970000   1.0006378      6.7144368      1.5008657      6.848412     
   1980000   0.99165375     6.7362217      1.4873905      6.8701711    
   1990000   0.99456702     6.7261187      1.4917601      6.8546914    
   2000000   1.0041351      6.7243138      1.5061114      6.8534157    
   2010000   0.99925493     6.7234028      1.4987916      6.8601054    
   2020000   1.0109645      6.7238907      1.5163549      6.857739     
   2030000   1.0087149      6.7217278      1.5129806      6.8580313    
   2040000   1.0033075      6.7128202      1.50487        6.8561953    
   2050000   1.0064096      6.7223384      1.5095229      6.8644135    
   2060000   0.9980711      6.7070585      1.4970159      6.8561797    
   2070000   1.0104962      6.7101736      1.5156524      6.8564739    
   2080000   1.0048925      6.7124122      1.5072475      6.8634218    
   2090000   1.0088936      6.7025607      1.5132487      6.8517856    
   2100000   0.99625617     6.7145801      1.4942937      6.8606435    
   2110000   0.99335478     6.6994467      1.4899419      6.8543965    
   2120000   0.99307663     6.7036802      1.4895247      6.8568172    
   2130000   0.99650831     6.687787       1.4946719      6.8462507    
   2140000   0.99708607     6.7075298      1.4955385      6.8549861    
   2150000   1.0044747      6.7033362      1.5066208      6.8508216    
   2160000   0.9962649      6.707749       1.4943068      6.8544744    
   2170000   1.0013088      6.7110175      1.5018722      6.8601059    
   2180000   0.99828705     6.7198328      1.4973398      6.8650886    
   2190000   1.0052026      6.7105871      1.5077125      6.8546273    
   2200000   1.007141       6.7078752      1.5106199      6.8470071    
   2210000   0.99764964     6.7020855      1.4963838      6.8377874    
   2220000   0.99215456     6.6961759      1.4881416      6.8344767    
   2230000   0.98954456     6.7009034      1.4842269      6.8421346    
   2240000   0.99721484     6.7020898      1.4957316      6.8436563    
   2250000   1.0082889      6.7040826      1.5123417      6.8435105    
   2260000   0.98856425     6.7190748      1.4827565      6.8579938    
   2270000   1.0047164      6.7020571      1.5069833      6.8450201    
   2280000   1.0002976      6.7197274      1.5003555      6.8568318    
   2290000   0.99723685     6.7190212      1.4957646      6.8544922    
   2300000   1.0035332      6.7220268      1.5052086      6.8633041    
   2310000   1.0142087      6.7144643      1.5212208      6.8550898    
   2320000   1.0052908      6.717673       1.5078447      6.8517076    
   2330000   0.99846606     6.7049772      1.4976083      6.8527082    
   2340000   0.98872293     6.7251136      1.4829945      6.8592691    
   2350000   0.99571633     6.7044018      1.493484       6.8478594    
   2360000   0.9872054      6.7178299      1.4807184      6.8583464    
   2370000   0.99417688     6.7139468      1.4911749      6.8555843    
   2380000   1.0054077      6.7153755      1.5080202      6.851988     
   2390000   1.0077577      6.718204       1.511545       6.8544858    
   2400000   1.000929       6.7154099      1.5013026      6.852948     
   2410000   0.99807114     6.7090943      1.497016       6.8521335    
   2420000   1.003753       6.7200745      1.5055383      6.8607093    
   2430000   1.0140827      6.7174837      1.5210319      6.8588415    
   2440000   1.0023832      6.7076408      1.5034837      6.8496551    
   2450000   1.0060551      6.7200795      1.5089911      6.8607358    
   2460000   1.0038723      6.7079723      1.5057172      6.8483433    
   2470000   1.0047339      6.702896       1.5070095      6.8408703    
   2480000   0.99623129     6.7038416      1.4942564      6.8478692    
   2490000   0.99565801     6.7253259      1.4933965      6.8552269    
   2500000   1.0005316      6.7342099      1.5007065      6.8684574    
   2510000   0.99936708     6.7232395      1.4989598      6.8535495    
   2520000   1.0038387      6.7221489      1.5056667      6.8648569    
   2530000   1.0055495      6.7064051      1.5082329      6.8428504    
   2540000   1.0038153      6.7147438      1.5056318      6.8509718    
   2550000   0.99219932     6.7294396      1.4882088      6.8588407    
   2560000   0.99782946     6.7244508      1.4966535      6.8556689    
   2570000   1.0098834      6.7164857      1.5147333      6.8479929    
   2580000   1.0025284      6.7002608      1.5037014      6.8388729    
   2590000   0.99947763     6.7153283      1.4991256      6.8533932    
   2600000   1.0017222      6.7113079      1.5024922      6.8526401    
   2610000   0.99908741     6.7229713      1.4985403      6.8546144    
   2620000   0.99366207     6.7240611      1.4904028      6.8525728    
   2630000   0.99024865     6.7226037      1.485283       6.8549133    
   2640000   0.99678937     6.6926697      1.4950934      6.8359676    
   2650000   0.98921339     6.6969279      1.4837301      6.8424587    
   2660000   0.99856751     6.6834613      1.4977605      6.8319835    
   2670000   1.0009939      6.7063589      1.5013998      6.8540323    
   2680000   0.99134549     6.7051464      1.4869281      6.8555673    
   2690000   0.99365575     6.7084435      1.4903933      6.8591303    
   2700000   0.99588143     6.7044651      1.4937316      6.852545     
   2710000   1.0010586      6.6963634      1.5014969      6.8403862    
   2720000   1.0125302      6.6962761      1.5187033      6.8419535    
   2730000   1.0076512      6.7133215      1.5113852      6.8584982    
   2740000   1.001193       6.7145969      1.5016985      6.8603322    
   2750000   0.99955535     6.7009731      1.4992422      6.8465116    
   2760000   0.99184561     6.7009762      1.4876782      6.8445446    
   2770000   0.9928692      6.6974987      1.4892135      6.843753     
   2780000   0.99236123     6.7097539      1.4884516      6.8493629    
   2790000   0.98859981     6.7078023      1.4828098      6.8480066    
   2800000   0.99524182     6.700354       1.4927723      6.8470855    
   2810000   0.99448668     6.6976614      1.4916396      6.847999     
   2820000   0.9864414      6.6812074      1.4795724      6.8390421    
   2830000   0.9849122      6.71076        1.4772788      6.8474814    
   2840000   0.99191333     6.7042714      1.4877798      6.8398806    
   2850000   0.99758962     6.7075169      1.4962937      6.8573501    
   2860000   1.0087167      6.6844301      1.5129833      6.8365725    
   2870000   0.99839613     6.7067417      1.4975034      6.8485586    
   2880000   0.98948188     6.7221213      1.4841329      6.866297     
   2890000   1.0018823      6.7125217      1.5027324      6.8503169    
   2900000   1.0038135      6.716823       1.505629       6.862216     
   2910000   1.0076032      6.7171561      1.5113133      6.8607543    
   2920000   0.99591362     6.7177432      1.4937799      6.8655689    
   2930000   0.99536391     6.7077292      1.4929554      6.8546639    
   2940000   0.99569677     6.7128715      1.4934546      6.8550218    
   2950000   1.0064193      6.7095003      1.5095375      6.851156     
   2960000   1.0014887      6.7142071      1.502142       6.8534206    
   2970000   1.0078643      6.7099048      1.5117048      6.8485628    
   2980000   1.008344       6.7113174      1.5124243      6.8551264    
   2990000   1.0146101      6.7178551      1.5218229      6.8622619    
   3000000   1.0140224      6.7205194      1.5209414      6.8652921    
   3010000   1.006473       6.7180292      1.509618       6.8599518    
   3020000   1.0058289      6.7120878      1.5086519      6.856914     
   3030000   0.99979129     6.7182844      1.499596       6.8568725    
   3040000   0.99533532     6.7088998      1.4929125      6.8579336    
   3050000   1.0007169      6.7002864      1.5009844      6.8467039    
   3060000   1.0016828      6.7090038      1.5024332      6.8472014    
   3070000   0.99428168     6.7156905      1.4913321      6.8567149    
   3080000   1.001647       6.7102914      1.5023795      6.8608598    
   3090000   1.0080619      6.7058949      1.5120012      6.8534184    
   3100000   0.99842596     6.7019983      1.4975482      6.8595417    
   3110000   0.99891265     6.7022565      1.4982782      6.8471091    
   3120000   0.99674812     6.7033502      1.4950316      6.8493816    
   3130000   1.0033195      6.7142792      1.5048881      6.8564636    
   3140000   1.0039631      6.715157       1.5058534      6.858028     
   3150000   1.0073373      6.7185512      1.5109143      6.8562874    
   3160000   1.0113625      6.7033882      1.5169518      6.8402521    
   3170000   1.0051586      6.7191548      1.5076466      6.8564314    
   3180000   1.0067126      6.701814       1.5099774      6.835201     
   3190000   0.99989729     6.7261182      1.499755       6.86267      
   3200000   0.99974811     6.7245106      1.4995313      6.8621721    
   3210000   1.0002701      6.7200596      1.5003142      6.8602857    
   3220000   1.0040448      6.7219661      1.5059759      6.8529503    
   3230000   1.0081799      6.7132259      1.5121782      6.8491883    
   3240000   1.0051779      6.7185626      1.5076755      6.8546929    
   3250000   1.0021534      6.7217467      1.5031389      6.8553013    
   3260000   1.0136501      6.7292994      1.520383       6.8602961    
   3270000   0.99834063     6.7237926      1.4974202      6.8546359    
   3280000   1.0054336      6.7168878      1.508059       6.8459515    
   3290000   0.99522356     6.7220551      1.4927449      6.8480378    
   3300000   0.99102051     6.7306711      1.4864407      6.8512408    
   3310000   1.0049263      6.7135575      1.5072981      6.8439009    
   3320000   1.0006939      6.728389       1.5009499      6.855055     
   3330000   0.99970359     6.7293415      1.4994645      6.8526631    
   3340000   0.99400289     6.7351994      1.490914       6.8616741    
   3350000   0.99385646     6.72859        1.4906943      6.8581909    
   3360000   1.0023835      6.7228173      1.5034842      6.8598189    
   3370000   1.0023417      6.7112474      1.5034214      6.849052     
   3380000   1.0136009      6.7240562      1.5203093      6.8596203    
   3390000   1.0025288      6.7338815      1.5037021      6.8623483    
   3400000   1.0022458      6.7283605      1.5032776      6.8536784    
   3410000   0.99419328     6.7130806      1.4911995      6.8488409    
   3420000   1.0071897      6.7059091      1.5106929      6.8446985    
   3430000   1.0002414      6.7149407      1.5002712      6.851437     
   3440000   0.98859755     6.7074364      1.4828064      6.8451304    
   3450000   0.98895931     6.6950415      1.4833491      6.8442081    
   3460000   0.98526537     6.7016651      1.4778085      6.8436154    
   3470000   0.99735419     6.7008948      1.4959406      6.8504427    
   3480000   0.99518323     6.706981       1.4926844      6.8559088    
   3490000   1.0100094      6.7054167      1.5149222      6.8549686    
   3500000   0.98945571     6.7110567      1.4840936      6.8554529    
   3510000   1.001765       6.6926956      1.5025565      6.8439837    
   3520000   0.98826774     6.7012874      1.4823118      6.8525       
   3530000   0.98995832     6.7046372      1.4848475      6.8536706    
   3540000   0.98482281     6.6952447      1.4771447      6.8511694    
   3550000   1.0041678      6.6946768      1.5061604      6.8498809    
   3560000   1.0030549      6.7075862      1.5044911      6.8589544    
   3570000   1.0002325      6.7003939      1.5002579      6.8518872    
   3580000   0.99749076     6.7120095      1.4961455      6.8591482    
   3590000   0.99873232     6.7010292      1.4980077      6.8573488    
   3600000   0.99836697     6.712326       1.4974597      6.8547878    
   3610000   0.98986995     6.7071244      1.4847149      6.8579119    
   3620000   0.98858636     6.7106349      1.4827897      6.8528323    
   3630000   1.0003887      6.6912193      1.5004921      6.8357419    
   3640000   0.99258435     6.7052907      1.4887863      6.8518608    
   3650000   0.99763797     6.6908035      1.4963663      6.842839     
   3660000   0.98745208     6.7039816      1.4810883      6.8522639    
   3670000   0.99493483     6.7071418      1.4923118      6.8531143    
   3680000   1.0027047      6.6890056      1.5039659      6.8421563    
   3690000   0.99374779     6.6920947      1.4905313      6.8421353    
   3700000   0.99104822     6.6965979      1.4864822      6.8444045    
   3710000   1.0059889      6.6984776      1.5088919      6.8514471    
   3720000   1.0018962      6.7017268      1.5027533      6.8454518    
   3730000   0.99789444     6.6970942      1.4967509      6.848088     
   3740000   1.0063036      6.6928844      1.5093639      6.8486056    
   3750000   1.0055419      6.712743       1.5082215      6.8606133    
   3760000   1.0047447      6.7154125      1.5070258      6.8508824    
   3770000   1.0028915      6.7149028      1.5042461      6.8547116    
   3780000   1.0069567      6.7029675      1.5103435      6.8426015    
   3790000   1.0021149      6.7087314      1.5030813      6.8542415    
   3800000   1.0024843      6.7120161      1.5036353      6.8503604    
   3810000   0.99447285     6.7132037      1.4916189      6.8512537    
   3820000   1.0073228      6.711111       1.5108927      6.8549616    
   3830000   1.002208       6.7177745      1.5032209      6.8643083    
   3840000   1.0031126      6.7130714      1.5045777      6.8523223    
   3850000   1.0001172      6.7093211      1.5000849      6.8502778    
   3860000   0.99745536     6.7156642      1.4960924      6.854329     
   3870000   0.99903719     6.6947897      1.498465       6.8405457    
   3880000   0.99842872     6.7122877      1.4975523      6.8529697    
   3890000   0.9986073      6.711325       1.4978202      6.8513203    
   3900000   0.99421175     6.7084606      1.4912272      6.8526627    
   3910000   0.99123529     6.7144766      1.4867628      6.8535856    
   3920000   0.99947726     6.7176413      1.499125       6.8519691    
   3930000   0.99819659     6.7368098      1.4972041      6.8666253    
   3940000   0.99652507     6.7113366      1.494697       6.8458835    
   3950000   0.99509609     6.7215039      1.4925537      6.8588485    
   3960000   0.99639109     6.709496       1.494496       6.8581812    
   3970000   1.0066816      6.7119599      1.5099309      6.8563384    
   3980000   1.0023062      6.7083374      1.5033682      6.8559416    
   3990000   1.000564       6.7104333      1.5007551      6.8545509    
   4000000   1.0007555      6.7116017      1.5010422      6.8566566    
   4010000   1.0036552      6.71944        1.5053916      6.8594749    
   4020000   1.0023153      6.714948       1.5033818      6.8594942    
   4030000   1.0046551      6.7192992      1.5068913      6.8588881    
   4040000   1.0034469      6.7213769      1.5050791      6.8625514    
   4050000   1.0138839      6.7086322      1.5207337      6.8500011    
   4060000   1.0087329      6.7202439      1.5130076      6.8558028    
   4070000   1.0012665      6.7225269      1.5018088      6.8553389    
   4080000   0.9930493      6.7243171      1.4894837      6.8595748    
   4090000   0.99270319     6.7311027      1.4889645      6.8552687    
   4100000   0.99533016     6.7126566      1.4929047      6.8420667    
   4110000   1.0002305      6.7138879      1.5002548      6.8442007    
   4120000   1.0070437      6.7191098      1.510474       6.8489218    
   4130000   0.99050765     6.7293555      1.4856714      6.8622172    
   4140000   1.0044234      6.714983       1.5065438      6.8506405    
   4150000   1.0031295      6.7189882      1.5046031      6.8538474    
   4160000   0.99568386     6.7369688      1.4934353      6.8569409    
   4170000   0.99930026     6.7259013      1.4988595      6.8589343    
   4180000   0.99645987     6.7225165      1.4945992      6.8573477    
   4190000   0.99563324     6.7340233      1.4933593      6.8637417    
   4200000   0.99757433     6.6945434      1.4962708      6.8358348    
   4210000   0.99779231     6.7035575      1.4965978      6.8428132    
   4220000   0.99949452     6.7210992      1.4991509      6.8645431    
   4230000   1.0084894      6.7082676      1.5126425      6.8553501    
   4240000   1.0115147      6.7115626      1.5171801      6.8532416    
   4250000   0.990364       6.7228267      1.485456       6.8614115    
   4260000   0.99930057     6.7037181      1.49886        6.8502421    
   4270000   1.0057696      6.7054839      1.5085629      6.8507159    
   4280000   0.99835883     6.7072593      1.4974475      6.847479     
   4290000   0.99543181     6.6973494      1.4930572      6.8421086    
   4300000   0.98877736     6.7098939      1.4830761      6.8635462    
   4310000   1.0034212      6.7056332      1.5050406      6.8520933    
   4320000   0.99669781     6.7041452      1.4949561      6.8454611    
   4330000   1.0012468      6.7080839      1.5017792      6.8489039    
   4340000   0.99867636     6.7019123      1.4979237      6.8465375    
   4350000   0.99915549     6.7102181      1.4986424      6.8495374    
   4360000   0.99630058     6.7138737      1.4943603      6.8551159    
   4370000   0.98774296     6.720319       1.4815246      6.8594506    
   4380000   0.99767418     6.698598       1.4964206      6.8439247    
   4390000   0.98657925     6.7112661      1.4797792      6.8575557    
   4400000   1.009356       6.7108469      1.5139423      6.852734     
   4410000   1.0015318      6.6995967      1.5022067      6.851937     
   4420000   0.9904455      6.693981       1.4855782      6.8472949    
   4430000   0.99402363     6.7074357      1.4909451      6.8598403    
   4440000   0.99864819     6.703813       1.4978815      6.8520463    
   4450000   0.99500016     6.7137626      1.4924098      6.869013     
   4460000   1.0033758      6.7116529      1.5049725      6.8553851    
   4470000   1.0060108      6.7202515      1.5089248      6.8566912    
   4480000   1.0073951      6.7036026      1.511001       6.8483213    
   4490000   0.99671895     6.7122266      1.4949878      6.8566118    
   4500000   0.99130222     6.7097156      1.4868632      6.8522495    
   4510000   0.99155123     6.709539       1.4872367      6.8488451    
   4520000   0.98840069     6.7177497      1.4825112      6.8553283    
   4530000   0.99407929     6.7171219      1.4910286      6.8530408    
   4540000   0.99232325     6.7017844      1.4883947      6.8414916    
   4550000   0.99129695     6.7139099      1.4868553      6.853659     
   4560000   0.99312088     6.6989979      1.489591       6.8445103    
   4570000   1.0053329      6.7015536      1.507908       6.8434974    
   4580000   0.99589875     6.7096479      1.4937576      6.8503049    
   4590000   0.99672548     6.708626       1.4949976      6.8501521    
   4600000   0.99974969     6.7179269      1.4995336      6.8518767    
   4610000   0.99547532     6.7174781      1.4931225      6.8557534    
   4620000   0.9922645      6.7044356      1.4883065      6.8504346    
   4630000   0.99887081     6.6995737      1.4982154      6.8446416    
   4640000   0.99784462     6.7043172      1.4966762      6.8542879    
   4650000   0.99684597     6.6985227      1.4951783      6.8480701    
   4660000   1.0034832      6.6986942      1.5051336      6.8424006    
   4670000   0.99138301     6.7137         1.4869844      6.8548807    
   4680000   1.0012193      6.6984213      1.5017379      6.8486267    
   4690000   0.99237549     6.7008419      1.488473       6.842647     
   4700000   0.99116195     6.7160283      1.4866528      6.8547343    
   4710000   0.98813266     6.7140238      1.4821092      6.856635     
   4720000   0.99680422     6.7121349      1.4951157      6.8526512    
   4730000   1.0054031      6.7231332      1.5080132      6.8543353    
   4740000   1.0149227      6.7205061      1.5222919      6.8553089    
   4750000   1.0115149      6.7253112      1.5171804      6.8591098    
   4760000   1.0028876      6.7110796      1.5042402      6.8447472    
   4770000   0.99361732     6.7218394      1.4903357      6.8614906    
   4780000   1.0050381      6.7102029      1.5074658      6.8456407    
   4790000   1.0002132      6.7254606      1.5002289      6.8549419    
   4800000   1.0131819      6.7149531      1.5196807      6.8569873    
   4810000   0.98897574     6.720427       1.4833737      6.8552617    
   4820000   1.0000606      6.7065045      1.4999999      6.8517479    
   4830000   1.0050014      6.696512       1.5074107      6.8379972    
   4840000   0.99540102     6.7187811      1.493011       6.8510465    
   4850000   1.0042073      6.7139578      1.5062196      6.8484694    
   4860000   1.0112868      6.7229399      1.5168382      6.8641315    
   4870000   1.0117216      6.7128991      1.5174904      6.8581783    
   4880000   1.0102995      6.7196281      1.5153573      6.8575566    
   4890000   1.007509       6.7223311      1.5111719      6.8600327    
   4900000   1.0075994      6.7082445      1.5113075      6.8500278    
   4910000   1.0061044      6.71297        1.5090652      6.8549218    
   4920000   0.99490006     6.7185508      1.4922596      6.86056      
   4930000   0.99960324     6.7277705      1.499314       6.8609623    
   4940000   1.0002261      6.721722       1.5002482      6.8568587    
   4950000   0.99993404     6.7125291      1.4998102      6.846705     
   4960000   1.0004847      6.7153824      1.5006361      6.8509503    
   4970000   0.9914653      6.7167271      1.4871078      6.8590834    
   4980000   0.99067481     6.7109671      1.4859222      6.8465867    
   4990000   0.99081183     6.7106796      1.4861277      6.8474512    
   5000000   0.98711223     6.7188565      1.4805786      6.8529103    
   5010000   0.98860312     6.724325       1.4828148      6.8542296    
   5020000   0.99242774     6.7261869      1.4885514      6.8650536    
   5030000   0.99512673     6.7115763      1.4925996      6.8435007    
   5040000   1.0023766      6.7155005      1.5034738      6.8492498    
   5050000   0.99483089     6.7132814      1.4921559      6.849504     
   5060000   0.99738702     6.7188821      1.4959899      6.8554241    
   5070000   1.0014158      6.7105759      1.5020327      6.8505431    
   5080000   0.99662349     6.7206511      1.4948446      6.8549695    
   5090000   0.99168099     6.7128172      1.4874313      6.848269     
   5100000   0.99620924     6.7075892      1.4942233      6.8434478    
   5110000   0.98836667     6.7188325      1.4824602      6.8609241    
   5120000   0.99808424     6.7146225      1.4970356      6.8556958    
   5130000   0.99385281     6.7112279      1.4906889      6.8483996    
   5140000   0.99746404     6.7156482      1.4961054      6.8489392    
   5150000   0.99480752     6.7105186      1.4921208      6.8447857    
   5160000   0.99671279     6.7124232      1.4949786      6.8510477    
   5170000   1.0034684      6.703494       1.5051113      6.847613     
   5180000   1.0034588      6.6976008      1.5050969      6.848001     
   5190000   0.99468417     6.7125659      1.4919358      6.8508349    
   5200000   1.0000392      6.7104655      1.499968       6.8531023    
   5210000   1.0027933      6.71443        1.5040988      6.8594383    
   5220000   0.99937449     6.7102499      1.4989709      6.8517146    
   5230000   0.99531207     6.7077084      1.4928776      6.8549638    
   5240000   1.0006327      6.7046455      1.5008581      6.8523114    
   5250000   0.9969389      6.6954953      1.4953177      6.8503592    
   5260000   0.99454051     6.7005019      1.4917204      6.851478     
   5270000   0.99634742     6.6939944      1.4944305      6.847931     
   5280000   0.99568449     6.6991418      1.4934362      6.8499128    
   5290000   1.0004713      6.6931762      1.5006159      6.8499098    
   5300000   0.99349674     6.7054042      1.4901548      6.857048     
   5310000   1.0060836      6.6804595      1.5090339      6.8383352    
   5320000   0.98993607     6.7089366      1.4848141      6.8569736    
   5330000   0.98812767     6.7044551      1.4821017      6.8524639    
   5340000   0.99954244     6.6984126      1.4992228      6.8439119    
   5350000   0.99759826     6.7139754      1.4963067      6.8678904    
   5360000   1.0047107      6.705603       1.5069747      6.8518124    
   5370000   1.0006223      6.7198575      1.5008424      6.857835     
   5380000   0.99883725     6.7113614      1.4981651      6.8583396    
   5390000   1.0011588      6.7129947      1.5016472      6.8570236    
   5400000   1.0062331      6.7123521      1.5092581      6.8574872    
   5410000   0.99640544     6.7139619      1.4945176      6.8557479    
   5420000   1.0075582      6.7108662      1.5112456      6.8545132    
   5430000   1.0080458      6.7323829      1.511977       6.8683129    
   5440000   1.00487        6.7109066      1.5072136      6.8542737    
   5450000   0.99552274     6.7224593      1.4931936      6.8589322    
   5460000   0.99170232     6.704672       1.4874633      6.8522526    
   5470000   0.99882422     6.7151825      1.4981455      6.8608801    
   5480000   1.007544       6.7040195      1.5112243      6.8500734    
   5490000   1.0033962      6.7169859      1.5050031      6.8560518    
   5500000   1.0010827      6.7223         1.5015331      6.8624975    
   5510000   1.0039837      6.7108298      1.5058843      6.8513836    
   5520000   0.99974543     6.7144412      1.4995273      6.8575445    
   5530000   1.0037127      6.7100402      1.5054778      6.8516681    
   5540000   0.99581597     6.6951491      1.4936334      6.8410952    
   5550000   0.99368414     6.7185689      1.4904359      6.8578615    
   5560000   1.0010568      6.7082368      1.5014942      6.8511936    
   5570000   0.99648765     6.725482       1.4946409      6.8629466    
   5580000   1.0012712      6.7196291      1.5018157      6.8666422    
   5590000   1.0049473      6.7087187      1.5073296      6.8530788    
   5600000   1.0079336      6.7087705      1.5118088      6.8529776    
   5610000   1.0021199      6.7184259      1.5030887      6.8581173    
   5620000   1.0103174      6.7062073      1.5153843      6.84604      
   5630000   1.0117418      6.706339       1.5175207      6.849503     
   5640000   1.0039658      6.7271347      1.5058574      6.8661096    
   5650000   1.0217207      6.7062166      1.5324881      6.8486641    
   5660000   1.0072891      6.720165       1.5108421      6.8597479    
   5670000   1.0072568      6.7131033      1.5107937      6.8436997    
   5680000   1.0059403      6.7074255      1.508819       6.8445514    
   5690000   0.99895927     6.7077991      1.4983481      6.8456272    
   5700000   0.99516775     6.7206179      1.4926611      6.8593263    
   5710000   0.99456221     6.7235326      1.4917529      6.8606691    
   5720000   1.0191406      6.7119253      1.5286183      6.851423     
   5730000   1.0094105      6.7399329      1.514024       6.879568     
   5740000   1.0054475      6.7342042      1.5080799      6.8722754    
   5750000   0.99154979     6.7140793      1.4872345      6.8572256    
   5760000   1.0019845      6.6995205      1.5028857      6.8437311    
   5770000   1.0008404      6.701016       1.5011696      6.8521666    
   5780000   0.98827507     6.7099953      1.4823228      6.8575035    
   5790000   0.99846816     6.6981978      1.4976115      6.8460489    
   5800000   0.98824779     6.6956793      1.4822818      6.8415564    
   5810000   0.99207181     6.6956481      1.4880175      6.8447083    
   5820000   0.99154959     6.7048548      1.4872342      6.8558346    
   5830000   0.99622432     6.7096004      1.4942459      6.8579937    
   5840000   0.99931441     6.7050874      1.4988808      6.8532439    
   5850000   1.0097334      6.7011579      1.5145082      6.8489695    
   5860000   1.0058807      6.7184037      1.5087297      6.8571458    
   5870000   1.0028654      6.7154193      1.504207       6.8559876    
   5880000   1.0005277      6.7254159      1.5007007      6.871054     
   5890000   0.9965531      6.7245327      1.4947391      6.8652181    
   5900000   1.0012958      6.7073434      1.5018526      6.8563999    
   5910000   0.99906989     6.7091126      1.498514       6.8517576    
   5920000   1.0048226      6.7096905      1.5071426      6.8548654    
   5930000   0.99470844     6.7063655      1.4919722      6.8489244    
   5940000   0.99631        6.7099531      1.4943744      6.8504738    
   5950000   1.0042616      6.708554       1.5063011      6.8523238    
   5960000   1.0013184      6.7010132      1.5018866      6.8501716    
   5970000   0.99107781     6.6970092      1.4865266      6.8451078    
   5980000   0.99678116     6.7052219      1.4950811      6.8546064    
   5990000   1.0018531      6.7024105      1.5026886      6.8517208    
   6000000   1.002896       6.7063596      1.5042529      6.8546435    
   6010000   1.0043107      6.7044901      1.5063747      6.853639     
   6020000   0.99584364     6.694634       1.4936749      6.8465335    
   6030000   0.99690167     6.701318       1.4952619      6.8484662    
   6040000   0.99602975     6.7118432      1.4939541      6.8542044    
   6050000   0.99758273     6.7193781      1.4962834      6.8587864    
   6060000   1.0076514      6.6994032      1.5113855      6.8424319    
   6070000   1.0029562      6.7116793      1.5043432      6.8481935    
   6080000   1.0067564      6.7233083      1.5100431      6.8564961    
   6090000   1.0097127      6.7124907      1.5144772      6.8488304    
   6100000   1.0088042      6.7169186      1.5131146      6.855349     
   6110000   0.99180363     6.7268703      1.4876153      6.8622356    
   6120000   1.0090872      6.7104169      1.513539       6.8462813    
   6130000   1.0145462      6.7246855      1.5217271      6.8630181    
   6140000   1.0144209      6.7253178      1.5215391      6.8614038    
   6150000   0.99907331     6.7318156      1.4985191      6.8677969    
   6160000   1.0053846      6.7091744      1.5079855      6.855965     
   6170000   1.0013205      6.7214877      1.5018898      6.8597841    
   6180000   0.99616088     6.7137067      1.4941508      6.8503824    
   6190000   0.99724842     6.705615       1.495782       6.8392464    
   6200000   0.99485308     6.7080935      1.4921892      6.8465744    
   6210000   1.0033899      6.7159642      1.5049937      6.8567405    
   6220000   1.0049344      6.7236871      1.5073102      6.8609044    
   6230000   1.0017241      6.7204948      1.5024951      6.8571383    
   6240000   1.0105934      6.7042351      1.5157982      6.8458367    
   6250000   0.99686005     6.7230509      1.4951995      6.8670596    
   6260000   1.0090154      6.7066593      1.5134313      6.8477124    
   6270000   0.99759695     6.7198708      1.4963047      6.8550858    
   6280000   0.99760474     6.7203402      1.4963164      6.8620964    
   6290000   1.0104088      6.7114898      1.5155214      6.8458241    
   6300000   1.0001871      6.730563       1.5001897      6.8649294    
   6310000   1.0059326      6.7233067      1.5088074      6.8555245    
   6320000   1.0003509      6.7287998      1.5004355      6.8597999    
   6330000   1.0063715      6.7192634      1.5094658      6.8507282    
   6340000   0.99732971     6.7249677      1.4959039      6.8445274    
   6350000   1.0011865      6.7321762      1.5016887      6.8595326    
   6360000   1.0001193      6.7420754      1.500088       6.8595777    
   6370000   1.0132579      6.7235916      1.5197948      6.854201     
   6380000   1.0129511      6.7403912      1.5193346      6.8621779    
   6390000   1.0035632      6.7277508      1.5052536      6.8554812    
   6400000   0.99929801     6.7293974      1.4988562      6.8567268    
   6410000   1.0002941      6.7324011      1.5003501      6.8603579    
   6420000   1.0023984      6.7278353      1.5035065      6.8484769    
   6430000   0.98968835     6.7287756      1.4844426      6.850692     
   6440000   1.0006         6.7133689      1.500809       6.8405031    
   6450000   1.0101362      6.7332347      1.5151125      6.8597061    
   6460000   1.0050883      6.7324662      1.507541       6.8570435    
   6470000   1.0073701      6.7254783      1.5109636      6.8460206    
   6480000   0.99403724     6.7273393      1.4909655      6.8531752    
   6490000   1.0028966      6.7207506      1.5042538      6.8529174    
   6500000   1.0090206      6.7261521      1.5134392      6.8461798    
   6510000   1.0004564      6.7257387      1.5005937      6.8515361    
   6520000   0.99539242     6.7455119      1.4929981      6.8708603    
   6530000   1.0123754      6.7298089      1.5184711      6.8619792    
   6540000   1.0082135      6.7287571      1.5122286      6.8625186    
   6550000   1.0020616      6.7267556      1.5030013      6.8564342    
   6560000   1.0067883      6.7233044      1.510091       6.8568104    
   6570000   1.0065292      6.7188435      1.5097024      6.8556028    
   6580000   1.0059267      6.7197783      1.5087985      6.8554611    
   6590000   1.0040331      6.7168819      1.5059584      6.8519354    
   6600000   0.99436478     6.7208343      1.4914568      6.855099     
   6610000   1.0083161      6.6932335      1.5123825      6.833013     
   6620000   0.99509351     6.7186283      1.4925498      6.8552819    
   6630000   0.99589624     6.7014003      1.4937538      6.8511945    
   6640000   0.99441062     6.719201       1.4915255      6.8586676    
   6650000   1.0053363      6.7218006      1.507913       6.8665455    
   6660000   1.0104129      6.6984722      1.5155275      6.8433493    
   6670000   1.0083223      6.707028       1.5123918      6.8515243    
   6680000   1.0025488      6.7181289      1.5037321      6.8605502    
   6690000   1.0029595      6.709844       1.5043481      6.8568936    
   6700000   0.99840468     6.7140603      1.4975163      6.8584902    
   6710000   1.0039117      6.7135089      1.5057763      6.8506145    
   6720000   0.99975762     6.7075187      1.4995455      6.8505099    
   6730000   0.9998728      6.7142575      1.4997183      6.8562925    
   6740000   0.99439813     6.7146064      1.4915068      6.8528253    
   6750000   0.99837327     6.7113483      1.4974691      6.8473814    
   6760000   1.0009784      6.7080914      1.5013766      6.8531381    
   6770000   1.0025496      6.7115735      1.5037333      6.848588     
   6780000   1.0050147      6.7181851      1.5074306      6.8578006    
   6790000   0.99919821     6.7131238      1.4987065      6.8554792    
   6800000   1.0043463      6.7087156      1.5064281      6.8570835    
   6810000   1.0044045      6.7114464      1.5065155      6.8592689    
   6820000   1.0002666      6.7028661      1.500309       6.8515136    
   6830000   0.99649026     6.7054618      1.4946448      6.8482604    
   6840000   0.99136532     6.7048747      1.4869579      6.8523516    
   6850000   1.0013816      6.7071956      1.5019813      6.8517906    
   6860000   1.0089626      6.7043014      1.5133522      6.853881     
   6870000   0.99912971     6.7013823      1.4986037      6.853223     
   6880000   0.9920057      6.7047223      1.4879184      6.8502232    
   6890000   1.0002913      6.696669       1.500346       6.8413635    
   6900000   1.0028116      6.7067879      1.5041262      6.8568685    
   6910000   0.99776513     6.7072738      1.496557       6.8539677    
   6920000   1.0025765      6.721863       1.5037736      6.8599968    
   6930000   1.0047664      6.7170238      1.5070582      6.8492017    
   6940000   1.0059967      6.7207063      1.5089036      6.852193     
   6950000   1.0062661      6.7277206      1.5093076      6.8603502    
   6960000   0.99945191     6.7314398      1.499087       6.8598172    
   6970000   1.0089483      6.724084       1.5133308      6.8533866    
   6980000   0.99803279     6.7167339      1.4969585      6.8457096    
   6990000   0.99523874     6.7234278      1.4927676      6.8509971    
   7000000   1.0113451      6.7107712      1.5169257      6.8464807    
   7010000   1.004738       6.723477       1.5070156      6.8583187    
   7020000   0.99590775     6.729171       1.4937711      6.8604804    
   7030000   0.99021939     6.7227646      1.4852391      6.8539009    
   7040000   0.98519831     6.7216755      1.4777079      6.856012     
   7050000   0.99316938     6.7227209      1.4896638      6.8557041    
   7060000   0.99853945     6.7077873      1.4977184      6.83862      
   7070000   0.99555716     6.7105482      1.4932452      6.8494399    
   7080000   0.9972504      6.7136149      1.4957849      6.8469493    
   7090000   0.99940142     6.7147633      1.4990113      6.8507454    
   7100000   0.99751045     6.7232372      1.496175       6.8580565    
   7110000   1.0120536      6.7117997      1.5179884      6.8490535    
   7120000   1.0037093      6.7233246      1.5054727      6.8521113    
   7130000   0.99591447     6.707798       1.4937812      6.8422396    
   7140000   0.99585869     6.7008419      1.4936975      6.8349472    
   7150000   0.99321062     6.7148692      1.4897256      6.8487961    
   7160000   0.99542264     6.7209908      1.4930435      6.8519404    
   7170000   0.99583799     6.7132178      1.4936665      6.8431003    
   7180000   1.0005444      6.7204567      1.5007257      6.8448887    
   7190000   0.99628407     6.7312343      1.4943355      6.8548717    
   7200000   1.0053472      6.7286149      1.5079295      6.8586411    
   7210000   1.007365       6.7265651      1.510956       6.8584777    
   7220000   1.0127783      6.7196249      1.5190753      6.8499254    
   7230000   0.99786328     6.7242651      1.4967042      6.8602915    
   7240000   1.0030388      6.7136584      1.504467       6.8502542    
   7250000   0.99950621     6.7156413      1.4991685      6.8585366    
   7260000   0.99430975     6.7117399      1.4913742      6.8527861    
   7270000   1.0009614      6.6968379      1.5013511      6.8503119    
   7280000   1.0009601      6.7092226      1.5013491      6.8504842    
   7290000   1.0034919      6.7060163      1.5051466      6.845307     
   7300000   0.99588689     6.7051936      1.4937398      6.84386      
   7310000   0.99833642     6.6988475      1.4974139      6.8465397    
   7320000   0.99554423     6.7095154      1.4932258      6.8511185    
   7330000   1.0010021      6.7201724      1.5014122      6.8577782    
   7340000   0.99509088     6.7222154      1.4925459      6.8588722    
   7350000   0.99312938     6.7064884      1.4896038      6.8493698    
   7360000   0.99567822     6.7017879      1.4934268      6.8487073    
   7370000   0.99593217     6.7043973      1.4938077      6.8560452    
   7380000   0.999237       6.7185665      1.4987647      6.8660204    
   7390000   1.0046775      6.7233294      1.5069248      6.8659151    
   7400000   0.99809726     6.7195709      1.4970552      6.8631898    
   7410000   1.0013882      6.7124114      1.5019913      6.8529688    
   7420000   0.99955214     6.7112666      1.4992373      6.8588677    
   7430000   0.99559484     6.7046306      1.4933018      6.8550117    
   7440000   1.0023553      6.7104783      1.5034418      6.8482547    
   7450000   0.99789303     6.7062382      1.4967488      6.8572787    
   7460000   1.0143935      6.6998923      1.5214981      6.8483964    
   7470000   1.0129571      6.703292       1.5193436      6.8551851    
   7480000   0.98803821     6.7266369      1.4819675      6.8715135    
   7490000   0.98273683     6.7038134      1.4740159      6.8486961    
   7500000   0.99534454     6.7005873      1.4929263      6.8476576    
   7510000   0.99466916     6.7021304      1.4919133      6.8483577    
   7520000   1.000099       6.7036469      1.5000576      6.8446189    
   7530000   0.99843946     6.7115411      1.4975684      6.856939     
   7540000   1.001629       6.7088699      1.5023524      6.8481327    
   7550000   1.0049616      6.7145058      1.507351       6.860533     
   7560000   0.99892964     6.6970283      1.4983036      6.845225     
   7570000   0.9888905      6.7000334      1.4832458      6.8514959    
   7580000   0.99998793     6.7013092      1.499891       6.8433565    
   7590000   0.99693182     6.7237712      1.4953071      6.8651961    
   7600000   0.99847591     6.7194152      1.4976231      6.8562281    
   7610000   1.0016313      6.7219533      1.502356       6.863928     
   7620000   1.0061418      6.7136639      1.5091212      6.8460385    
   7630000   1.0057728      6.7129823      1.5085677      6.8484006    
   7640000   1.0039148      6.7085261      1.505781       6.8545737    
   7650000   1.000711       6.7162875      1.5009756      6.8530941    
   7660000   1.0040738      6.7070015      1.5060194      6.8474131    
   7670000   0.99655336     6.709637       1.4947394      6.8486373    
   7680000   1.001968       6.7117195      1.5028609      6.8602007    
   7690000   1.00313        6.7141029      1.5046037      6.8587733    
   7700000   1.0021667      6.7136763      1.503159       6.8566234    
   7710000   0.99867452     6.7081052      1.497921       6.8539709    
   7720000   1.0013442      6.710161       1.5019253      6.8602043    
   7730000   1.0152369      6.7019709      1.522763       6.846271     
   7740000   1.0027263      6.704719       1.5039983      6.8547548    
   7750000   1.0048285      6.6907626      1.5071515      6.8434389    
   7760000   0.98536903     6.7145262      1.477964       6.8550709    
   7770000   0.99684476     6.7169278      1.4951765      6.8573109    
   7780000   0.99988954     6.719184       1.4997434      6.8639593    
   7790000   1.0034615      6.707711       1.505101       6.8504389    
   7800000   0.99183281     6.705408       1.487659       6.8514565    
   7810000   0.99048165     6.7016041      1.4856324      6.8480139    
   7820000   0.98350033     6.6929677      1.4751611      6.838537     
   7830000   0.99589238     6.6956785      1.493748       6.8408254    
   7840000   0.99588636     6.7022179      1.493739       6.8440689    
   7850000   1.0041784      6.7237243      1.5061763      6.8681271    
   7860000   1.0063834      6.7126082      1.5094836      6.8542852    
   7870000   0.99682452     6.7246428      1.4951462      6.8597497    
   7880000   1.0060525      6.7079589      1.5089873      6.8534731    
   7890000   1.0052491      6.7052615      1.5077823      6.8482132    
   7900000   1.0019396      6.7066987      1.5028183      6.8503553    
   7910000   0.99756689     6.7139459      1.4962596      6.8523773    
   7920000   1.0045388      6.7096587      1.5067168      6.8561043    
   7930000   0.99752572     6.6983314      1.4961979      6.8510323    
   7940000   1.0011225      6.7064084      1.5015927      6.8511281    
   7950000   0.99744458     6.7072656      1.4960762      6.8499973    
   7960000   1.0021118      6.6905182      1.5030765      6.8380831    
   7970000   0.99864142     6.7038214      1.4978713      6.85329      
   7980000   0.99712739     6.7187257      1.4956004      6.8595965    
   7990000   0.98809212     6.7048348      1.4820484      6.8470074    
   8000000   0.99686785     6.6956337      1.4952112      6.8397106    
   8010000   0.99275237     6.6983772      1.4890383      6.8482282    
   8020000   0.99591351     6.707528       1.4937797      6.8526289    
   8030000   0.99090026     6.7029178      1.4862603      6.8432635    
   8040000   0.99340753     6.7070711      1.490021       6.84209      
   8050000   0.99355512     6.7121289      1.4902424      6.8485527    
   8060000   0.99704877     6.7198023      1.4954825      6.8564139    
   8070000   1.0069781      6.7192131      1.5103756      6.8563561    
   8080000   1.0016481      6.7239928      1.5023811      6.8595776    
   8090000   1.003841       6.7359339      1.5056702      6.8733931    
   8100000   1.0163898      6.7063173      1.5244923      6.850786     
   8110000   1.0025322      6.7155878      1.5037071      6.8547429    
   8120000   0.9952093      6.7204343      1.4927235      6.8669992    
   8130000   1.0000351      6.7153496      1.4999617      6.864587     
   8140000   1.0068287      6.6987223      1.5101516      6.8476971    
   8150000   1.0014238      6.704376       1.5020447      6.8482574    
   8160000   0.99824512     6.7082444      1.4972769      6.8529261    
   8170000   0.99976172     6.7137197      1.4995517      6.8582492    
   8180000   1.0032355      6.7197854      1.5047621      6.8582325    
   8190000   1.0059102      6.7188481      1.5087738      6.8590342    
   8200000   0.99788021     6.7211575      1.4967296      6.8551384    
   8210000   0.99212364     6.7074381      1.4880953      6.8520855    
   8220000   0.98852801     6.7024328      1.4827022      6.8494685    
   8230000   0.99537012     6.7020846      1.4929647      6.8551212    
   8240000   1.0053917      6.6990965      1.5079962      6.8428166    
   8250000   0.99135845     6.7086139      1.4869475      6.8495476    
   8260000   1.0035277      6.7096153      1.5052003      6.8492051    
   8270000   1.009591       6.7028814      1.5142948      6.8376578    
   8280000   1.0045463      6.7086888      1.5067281      6.8488635    
   8290000   0.99640868     6.712401       1.4945224      6.8532016    
   8300000   1.001888       6.7102428      1.5027409      6.8557865    
   8310000   1.0087865      6.7166802      1.513088       6.8573624    
   8320000   0.99660637     6.6992751      1.494819       6.841149     
   8330000   1.0089925      6.7135703      1.513397       6.8499761    
   8340000   1.0049251      6.7137607      1.5072963      6.8566184    
   8350000   0.99767315     6.725004       1.496419       6.8681752    
   8360000   1.0216044      6.7022497      1.5323137      6.8504386    
   8370000   1.008723       6.7041387      1.5129928      6.8547661    
   8380000   1.0123796      6.6995091      1.5184773      6.8493232    
   8390000   1.0010466      6.7052404      1.5014789      6.8505987    
   8400000   1.004126       6.7096589      1.5060977      6.8548152    
   8410000   0.99196818     6.7049344      1.4878621      6.850505     
   8420000   1.0040532      6.6896639      1.5059885      6.8375944    
   8430000   0.98546938     6.7036225      1.4781145      6.854286     
   8440000   0.98807272     6.7050154      1.4820192      6.8495085    
   8450000   0.99356148     6.702951       1.4902519      6.847733     
   8460000   0.99963523     6.6988483      1.499362       6.8513665    
   8470000   0.98324473     6.697477       1.4747777      6.8453115    
   8480000   0.99783656     6.6932584      1.4966641      6.840114     
   8490000   0.98399774     6.7053973      1.4759072      6.853329     
   8500000   0.99150206     6.7204059      1.4871629      6.8627868    
   8510000   1.0004994      6.6910875      1.5006581      6.850683     
   8520000   0.99023945     6.7118275      1.4852692      6.8580355    
   8530000   0.98823012     6.6984261      1.4822553      6.8503978    
   8540000   0.99265916     6.7048975      1.4888985      6.8498917    
   8550000   0.99398725     6.690613       1.4908905      6.843316     
   8560000   1.0007631      6.7021511      1.5010537      6.8507977    
   8570000   0.9995929      6.6990383      1.4992985      6.8520646    
   8580000   1.0033189      6.6939923      1.5048871      6.851534     
   8590000   1.0083397      6.6982007      1.5124179      6.8542526    
   8600000   0.99910325     6.7031383      1.4985641      6.8514267    
   8610000   0.99213432     6.6964776      1.4881113      6.8482836    
   8620000   1.0009409      6.7127239      1.5013204      6.864584     
   8630000   1.0048289      6.7061058      1.5071519      6.8595938    
   8640000   1.0101217      6.7091425      1.5150908      6.8629794    
   8650000   1.0111782      6.7041365      1.5166754      6.8579787    
   8660000   1.0108683      6.7028082      1.5162105      6.857281     
   8670000   1.000328       6.7115901      1.5004011      6.8610712    
   8680000   0.99557442     6.6987783      1.4932711      6.8492625    
   8690000   0.98158539     6.7010858      1.4722888      6.8547607    
   8700000   0.99666883     6.699378       1.4949126      6.8521072    
   8710000   0.99851408     6.7034937      1.4976803      6.851927     
   8720000   0.98662931     6.6986947      1.4798543      6.8516456    
   8730000   0.98971921     6.7078326      1.4844888      6.8501993    
   8740000   0.98598682     6.7194055      1.4788906      6.854064     
   8750000   0.99774369     6.7158674      1.4965248      6.8504675    
   8760000   0.99450905     6.715231       1.4916732      6.8546331    
   8770000   1.0006855      6.7149226      1.5009372      6.8489859    
   8780000   0.99309211     6.7173285      1.4895479      6.8653994    
   8790000   0.99869528     6.701134       1.4979521      6.8495927    
   8800000   1.0025752      6.6952935      1.5037717      6.8489737    
   8810000   1.0055718      6.7026071      1.5082663      6.8484887    
   8820000   0.99213774     6.7127956      1.4881164      6.8592863    
   8830000   1.0008669      6.7062964      1.5012093      6.851361     
   8840000   0.99729675     6.6954161      1.4958545      6.8419565    
   8850000   0.99352541     6.7038425      1.4901978      6.8505196    
   8860000   0.9949734      6.6948467      1.4923696      6.8449363    
   8870000   0.99155605     6.7050448      1.4872439      6.8518912    
   8880000   0.99645405     6.6887218      1.4945905      6.8399477    
   8890000   0.98935777     6.7171627      1.4839467      6.8648989    
   8900000   1.0030183      6.7002904      1.5044363      6.8592961    
   8910000   1.0010972      6.7043679      1.5015548      6.8577235    
   8920000   1.0033904      6.7105339      1.5049944      6.8594292    
   8930000   1.00291        6.6963192      1.5042739      6.8465644    
   8940000   1.0073128      6.6811974      1.5108776      6.8356212    
   8950000   1.003493       6.7024674      1.5051483      6.8497934    
   8960000   0.99548154     6.6992885      1.4931318      6.8475567    
   8970000   0.99136997     6.7059805      1.4869648      6.8508159    
   8980000   0.99740152     6.7087158      1.4960116      6.8537752    
   8990000   1.0058416      6.7071838      1.5086709      6.8540606    
   9000000   0.99996625     6.7153714      1.4998585      6.8531435    
   9010000   0.99680333     6.7042336      1.4951144      6.838254     
   9020000   0.9808263      6.7215598      1.4711503      6.8610271    
   9030000   0.99007451     6.7126475      1.4850218      6.8439072    
   9040000   1.0028121      6.7086045      1.504127       6.8514001    
   9050000   1.0105868      6.7166804      1.5157883      6.8517583    
   9060000   1.0035843      6.7082232      1.5052852      6.8480202    
   9070000   0.9949267      6.7103028      1.4922996      6.8479868    
   9080000   0.99564969     6.7050085      1.493384       6.8454969    
   9090000   0.99649843     6.7195459      1.4946571      6.8595764    
   9100000   0.99545317     6.7044634      1.4930893      6.8488198    
   9110000   0.99016017     6.7019828      1.4851502      6.8509969    
   9120000   0.99835305     6.7037971      1.4974388      6.8522249    
   9130000   1.0051458      6.7126534      1.5076274      6.8599409    
   9140000   1.0047346      6.7081243      1.5070106      6.8565004    
   9150000   0.99421394     6.713364       1.4912305      6.8546565    
   9160000   1.0036893      6.691944       1.5054427      6.84515      
   9170000   1.0032157      6.7002553      1.5047324      6.8469058    
   9180000   1.0024741      6.7040218      1.50362        6.8530644    
   9190000   1.0055826      6.715646       1.5082824      6.8648532    
   9200000   1.0065247      6.7068696      1.5096955      6.8484844    
   9210000   1.0095802      6.6908042      1.5142786      6.8512859    
   9220000   1.0041761      6.7070938      1.5061728      6.8582217    
   9230000   1.0148537      6.7148292      1.5221883      6.8645152    
   9240000   1.0089335      6.7058334      1.5133085      6.8535246    
   9250000   0.99176953     6.7159314      1.4875641      6.8589183    
   9260000   1.003038       6.7060686      1.5044658      6.8465001    
   9270000   1.0031388      6.703449       1.5046169      6.8467776    
   9280000   1.0053422      6.7136515      1.5079219      6.8548123    
   9290000   0.99874998     6.7049383      1.4980342      6.8465263    
   9300000   0.99720349     6.7125243      1.4957146      6.8534493    
   9310000   0.99810348     6.7109916      1.4970645      6.8528514    
   9320000   1.002912       6.7121482      1.5042768      6.8583133    
   9330000   1.0055711      6.7210685      1.5082653      6.8618481    
   9340000   1.0154716      6.7200057      1.5231151      6.861042     
   9350000   0.99936784     6.718063       1.4989609      6.8571019    
   9360000   1.0017803      6.7120302      1.5025794      6.847759     
   9370000   1.0016393      6.7276198      1.5023679      6.86079      
   9380000   1.0025696      6.7263877      1.5037632      6.8597293    
   9390000   0.99803176     6.7310002      1.4969569      6.8638432    
   9400000   1.0055487      6.7203581      1.5082316      6.8543888    
   9410000   0.99668394     6.7291369      1.4949353      6.8559696    
   9420000   1.0045545      6.7074076      1.5067404      6.8446267    
   9430000   0.99992008     6.7126507      1.4997892      6.8498949    
   9440000   1.0032949      6.7087725      1.5048512      6.848733     
   9450000   1.0024722      6.7237678      1.5036172      6.8572856    
   9460000   0.98981431     6.7127812      1.4846315      6.8537857    
   9470000   1.0046635      6.7178497      1.5069038      6.8479392    
   9480000   1.0144675      6.709029       1.521609       6.8462109    
   9490000   1.00831        6.7025467      1.5123734      6.8470134    
   9500000   1.0041925      6.7097786      1.5061974      6.8518116    
   9510000   0.99979235     6.7144165      1.4995976      6.8518254    
   9520000   1.0107643      6.710978       1.5160545      6.8455853    
   9530000   1.0005974      6.7189816      1.5008052      6.855025     
   9540000   0.99685853     6.7186135      1.4951972      6.8517837    
   9550000   1.0019322      6.7217858      1.5028073      6.8576976    
   9560000   0.99784724     6.7158667      1.4966802      6.8503172    
   9570000   1.0047096      6.7140481      1.5069731      6.8493893    
   9580000   1.0016734      6.715114       1.5024191      6.8480164    
   9590000   0.98732403     6.7222079      1.4808963      6.8585589    
   9600000   0.9891115      6.7088572      1.4835773      6.8450736    
   9610000   0.9971078      6.7164339      1.4955711      6.8518116    
   9620000   0.99832999     6.7171138      1.4974042      6.8583152    
   9630000   0.99444385     6.7067787      1.4915754      6.844679     
   9640000   1.0013771      6.7100517      1.5019747      6.8473815    
   9650000   0.99697984     6.7129947      1.4953791      6.8492015    
   9660000   1.0009783      6.7379391      1.5013765      6.8605623    
   9670000   1.0014361      6.7148019      1.5020631      6.8468707    
   9680000   1.0130066      6.7172472      1.5194178      6.8523315    
   9690000   1.0029656      6.7150646      1.5043573      6.8465676    
   9700000   0.99897213     6.7181119      1.4983674      6.8485398    
   9710000   0.98774225     6.7328916      1.4815236      6.8581479    
   9720000   0.99627839     6.7298735      1.494327       6.8605964    
   9730000   0.99611788     6.7056979      1.4940863      6.841449     
   9740000   0.99147914     6.7060098      1.4871286      6.8450129    
   9750000   0.98863004     6.7106725      1.4828552      6.8524133    
   9760000   0.99944159     6.713899       1.4990715      6.8535902    
   9770000   1.0066147      6.7027954      1.5098305      6.8464922    
   9780000   0.9974023      6.7169495      1.4960128      6.8549726    
   9790000   0.99202422     6.7079654      1.4879461      6.8484927    
   9800000   0.98632159     6.7053884      1.4793927      6.85205      
   9810000   0.99228048     6.6961238      1.4883305      6.8432791    
   9820000   0.98974005     6.7007377      1.4845201      6.8506794    
   9830000   0.98780595     6.695254       1.4816191      6.8454915    
   9840000   0.99007555     6.6967143      1.4850233      6.845012     
   9850000   0.99304396     6.713745       1.4894757      6.8596319    
   9860000   1.0054123      6.709621       1.508027       6.8502237    
   9870000   0.99863384     6.7188712      1.49786        6.8588328    
   9880000   1.0056079      6.7166285      1.5083204      6.8563549    
   9890000   1.0007367      6.7187964      1.501014       6.8545549    
   9900000   1.008608       6.7177194      1.5128203      6.8544776    
   9910000   1.011734       6.7196639      1.517509       6.8513176    
   9920000   0.9935016      6.725537       1.4901621      6.8636554    
   9930000   1.0112637      6.7098337      1.5168036      6.8481259    
   9940000   1.016043       6.7203162      1.5239721      6.8595049    
   9950000   1.0085339      6.7118665      1.5127091      6.8558811    
   9960000   1.0074807      6.7124882      1.5111294      6.84728      
   9970000   0.99350866     6.7261425      1.4901727      6.8659564    
   9980000   0.99504362     6.7211081      1.492475       6.8533787    
   9990000   0.99505835     6.7212944      1.4924971      6.8598885    
  10000000   0.99489364     6.7035507      1.49225        6.8446932    
  10010000   0.99970956     6.7110478      1.4994735      6.8508318    
  10020000   0.99318456     6.7227456      1.4896865      6.8553537    
  10030000   1.005545       6.708887       1.5082261      6.8488275    
  10040000   1.0117806      6.7126639      1.5175789      6.8564915    
  10050000   1.0068688      6.7167139      1.5102116      6.8498564    
  10060000   1.0014182      6.711272       1.5020363      6.85236      
  10070000   1.0018478      6.7169153      1.5026806      6.8473139    
  10080000   1.0025624      6.7214898      1.5037524      6.8522595    
  10090000   0.99921422     6.712179       1.4987305      6.84717      
  10100000   0.99805946     6.714791       1.4969985      6.8507785    
  10110000   1.005934       6.7118437      1.5088096      6.8452347    
  10120000   0.99983262     6.7116805      1.499658       6.8507068    
  10130000   0.99784992     6.7293123      1.4966842      6.8622399    
  10140000   1.0008991      6.7169077      1.5012576      6.8534035    
  10150000   1.0035138      6.7215092      1.5051794      6.8614571    
  10160000   1.0034015      6.7257435      1.505011       6.8590524    
  10170000   1.0052071      6.7195969      1.5077193      6.852659     
  10180000   0.99112891     6.7258198      1.4866033      6.8599232    
  10190000   1.0003056      6.7327895      1.5003675      6.8602451    
  10200000   1.0080125      6.7305125      1.5119271      6.8568305    
  10210000   1.0183291      6.7369465      1.527401       6.8610688    
  10220000   0.99890464     6.7499969      1.4982662      6.862847     
  10230000   0.99939387     6.7326951      1.499          6.8497429    
  10240000   0.99924606     6.7107065      1.4987783      6.8407703    
  10250000   1.0048437      6.7126728      1.5071742      6.8391994    
  10260000   1.0071385      6.7130077      1.5106161      6.8389036    
  10270000   1.0031299      6.7312317      1.5046036      6.8594608    
  10280000   1.0028574      6.7207028      1.5041949      6.8492665    
  10290000   0.98987297     6.7232402      1.4847195      6.8549016    
  10300000   1.0119897      6.7155036      1.5178925      6.8443049    
  10310000   1.0019998      6.7418585      1.5029086      6.8683638    
  10320000   1.0054443      6.7224366      1.5080751      6.846772     
  10330000   0.99387802     6.7221558      1.4907267      6.8485111    
  10340000   1.0011963      6.714634       1.5017035      6.8499681    
  10350000   0.99961468     6.7283714      1.4993311      6.8545464    
  10360000   1.0058448      6.7074735      1.5086757      6.846594     
  10370000   0.99962435     6.7167525      1.4993456      6.8537311    
  10380000   1.0085182      6.7179942      1.5126856      6.8507236    
  10390000   1.0046836      6.7038213      1.5069341      6.8541058    
  10400000   0.99907798     6.7232511      1.4985261      6.8566802    
  10410000   1.0081549      6.7103045      1.5121407      6.8518046    
  10420000   1.0020799      6.7138656      1.5030287      6.8539773    
  10430000   0.98782527     6.7185904      1.4816481      6.8541184    
  10440000   0.99650005     6.716613       1.4946595      6.8533971    
  10450000   1.0021991      6.6981498      1.5032075      6.8348603    
  10460000   0.98080331     6.7087569      1.4711158      6.8441895    
  10470000   1.0023344      6.7154188      1.5034105      6.851758     
  10480000   0.98998717     6.726482       1.4848908      6.8566393    
  10490000   0.99699689     6.7227824      1.4954047      6.8553874    
  10500000   1.0000466      6.7175586      1.499979       6.8564322    
  10510000   0.99947169     6.7017508      1.4991167      6.8402316    
  10520000   0.99239915     6.7101761      1.4885085      6.8481596    
  10530000   0.99624224     6.7063389      1.4942728      6.8433302    
  10540000   0.99208375     6.727096       1.4880354      6.8608088    
  10550000   0.995562       6.7110766      1.4932525      6.853403     
  10560000   0.98941544     6.716315       1.4840332      6.8543444    
  10570000   0.99623272     6.7092184      1.4942585      6.8471099    
  10580000   0.99973885     6.7046404      1.4995174      6.8472907    
  10590000   1.0020115      6.7048076      1.5029261      6.8446788    
  10600000   0.99957        6.7192797      1.4992641      6.8603652    
  10610000   1.0107145      6.7151768      1.5159799      6.8517084    
  10620000   1.0074086      6.69743        1.5110213      6.8399794    
  10630000   1.0073257      6.7129661      1.5108969      6.8537132    
  10640000   0.99654917     6.7308308      1.4947332      6.8691028    
  10650000   1.008169       6.7139195      1.5121618      6.8580515    
  10660000   1.008687       6.7089259      1.5129388      6.8526756    
  10670000   1.0180043      6.7043746      1.5269139      6.8508839    
  10680000   1.0102408      6.7242734      1.5152694      6.8640635    
  10690000   1.0066353      6.7120788      1.5098614      6.8461279    
  10700000   1.002039       6.7168583      1.5029674      6.8553321    
  10710000   0.99825402     6.7168585      1.4972903      6.8558749    
  10720000   1.0020579      6.70622        1.5029957      6.8542318    
  10730000   1.003448       6.7074473      1.5050808      6.8443291    
  10740000   1.0006035      6.7049795      1.5008143      6.8415302    
  10750000   0.99834656     6.7109118      1.4974291      6.8486724    
  10760000   1.0075267      6.7047339      1.5111985      6.8426915    
  10770000   0.99618165     6.7174363      1.4941819      6.8509536    
  10780000   1.0011257      6.7138058      1.5015976      6.8494322    
  10790000   1.0068677      6.7082664      1.5102101      6.8458576    
  10800000   1.0036438      6.7116309      1.5053744      6.8518447    
  10810000   0.99900049     6.7031862      1.4984099      6.8485614    
  10820000   0.99968158     6.7208348      1.4994315      6.855576     
  10830000   1.0146667      6.7101077      1.5219078      6.8495085    
  10840000   1.0012774      6.7270533      1.5018251      6.8625112    
  10850000   1.0040438      6.7099722      1.5059745      6.8490913    
  10860000   1.0152141      6.7242095      1.5227288      6.8609819    
  10870000   1.0037437      6.7142951      1.5055244      6.8536218    
  10880000   1.002131       6.7238244      1.5031053      6.8564516    
  10890000   1.0022239      6.7171974      1.5032447      6.8509786    
  10900000   1.0020946      6.7197579      1.5030509      6.8545906    
  10910000   0.99222686     6.7271779      1.4882501      6.8657174    
  10920000   1.0109372      6.7161593      1.5163139      6.8539979    
  10930000   1.0144906      6.714184       1.5216437      6.8497189    
  10940000   0.99880094     6.7275153      1.4981106      6.8584111    
  10950000   1.0072927      6.7253402      1.5108474      6.8569704    
  10960000   1.0042387      6.7335627      1.5062667      6.863291     
  10970000   1.0116926      6.7268042      1.517447       6.8580509    
  10980000   0.99625606     6.7253233      1.4942935      6.8617861    
  10990000   1.0031537      6.7088317      1.5046394      6.8492323    
  11000000   0.99510582     6.7191588      1.4925683      6.8669412    
  11010000   1.0019302      6.7073936      1.5028042      6.8440714    
  11020000   0.99813041     6.714875       1.4971049      6.8527068    
  11030000   0.99937143     6.7044497      1.4989663      6.8451155    
  11040000   0.99648671     6.7148518      1.4946395      6.8551263    
  11050000   0.99163659     6.7138442      1.4873647      6.8568829    
  11060000   1.0071178      6.722725       1.5105852      6.8594844    
  11070000   1.0025248      6.7256676      1.5036961      6.8649705    
  11080000   1.0084631      6.7184566      1.512603       6.859596     
  11090000   1.01357        6.7173887      1.5202629      6.8515061    
  11100000   1.0072269      6.7253188      1.5107487      6.8609183    
  11110000   1.0110458      6.7272118      1.5164768      6.8650572    
  11120000   1.0080306      6.7237103      1.5119543      6.8589127    
  11130000   1.0110777      6.7316678      1.5165246      6.8640204    
  11140000   0.99578581     6.7266171      1.4935882      6.8576521    
  11150000   0.99206038     6.7137886      1.4880004      6.8447372    
  11160000   1.0029681      6.7096887      1.5043609      6.8473639    
  11170000   1.0076326      6.712892       1.5113573      6.8464278    
  11180000   1.0083868      6.7119195      1.5124886      6.8512446    
  11190000   1.0015274      6.7257561      1.5022001      6.8574813    
  11200000   1.0001485      6.7248261      1.5001319      6.8641291    
  11210000   1.0018016      6.7277781      1.5026113      6.8554153    
  11220000   0.998255       6.7235084      1.4972918      6.8580319    
  11230000   1.0051123      6.7125657      1.5075771      6.8504406    
  11240000   1.004016       6.7172376      1.5059327      6.8529573    
  11250000   1.0084802      6.7141109      1.5126287      6.8521935    
  11260000   1.0045285      6.7169799      1.5067015      6.8625692    
  11270000   1.0141815      6.721636       1.5211801      6.8616389    
  11280000   1.0136232      6.7211707      1.5203427      6.8595335    
  11290000   0.99755805     6.7238075      1.4962464      6.8573421    
  11300000   1.0090606      6.7243992      1.5134992      6.8538778    
  11310000   1.006901       6.7142689      1.51026        6.8462093    
  11320000   1.0110128      6.7057424      1.5164273      6.8453024    
  11330000   1.0054499      6.717925       1.5080834      6.8495263    
  11340000   1.0013729      6.7280159      1.5019684      6.8576108    
  11350000   1.0034794      6.7097452      1.5051278      6.8453284    
  11360000   0.99090749     6.7155491      1.4862712      6.8505824    
  11370000   1.0083111      6.7087797      1.5123749      6.8482072    
  11380000   1.0036876      6.7201543      1.5054401      6.8508717    
  11390000   1.0094037      6.716493       1.5140138      6.8503441    
  11400000   0.99754705     6.7200341      1.4962299      6.8559913    
  11410000   1.0121109      6.7213899      1.5180743      6.854367     
  11420000   0.9986324      6.7282682      1.4978578      6.860217     
  11430000   1.0082241      6.7218112      1.5122445      6.8577281    
  11440000   1.0085545      6.714889       1.51274        6.8492102    
  11450000   1.0036411      6.7160959      1.5053705      6.8553719    
  11460000   1.0033436      6.7173692      1.5049242      6.8643684    
  11470000   1.0001746      6.7044878      1.500171       6.8487772    
  11480000   0.99336805     6.7136754      1.4899618      6.8567252    
  11490000   1.0028593      6.7023271      1.5041977      6.8472557    
  11500000   1.0009894      6.7001836      1.5013931      6.84283      
  11510000   0.99402117     6.7055856      1.4909414      6.8485937    
  11520000   1.0022861      6.7172107      1.503338       6.8579196    
  11530000   0.99949407     6.7063145      1.4991502      6.8512035    
  11540000   1.0000486      6.7104958      1.499982       6.8506288    
  11550000   0.9990158      6.7143362      1.4984329      6.8512848    
  11560000   0.99890044     6.7013015      1.4982599      6.8470461    
  11570000   0.99424415     6.6968697      1.4912758      6.8463648    
  11580000   1.0007071      6.7070952      1.5009697      6.8521269    
  11590000   0.9959559      6.7050276      1.4938433      6.8483551    
  11600000   1.0052383      6.7233804      1.507766       6.8636983    
  11610000   1.0036244      6.7241467      1.5053454      6.8598571    
  11620000   1.0055648      6.7131573      1.5082558      6.850205     
  11630000   1.0037207      6.7229676      1.5054898      6.8648844    
  11640000   1.0009406      6.7066643      1.5013198      6.8506235    
  11650000   1.004948       6.7160522      1.5073306      6.85959      
  11660000   1.0019715      6.7173965      1.5028662      6.8595434    
  11670000   1.0021443      6.720088       1.5031254      6.8559755    
  11680000   1.0011391      6.71768        1.5016176      6.8501571    
  11690000   0.99344209     6.7131749      1.4900728      6.8458511    
  11700000   0.99803631     6.7116972      1.4969637      6.8474026    
  11710000   1.0075824      6.7125427      1.511282       6.8466129    
  11720000   0.9925431      6.7194683      1.4887244      6.8536284    
  11730000   0.99722624     6.7103176      1.4957487      6.8532389    
  11740000   0.99071456     6.7119359      1.4859818      6.8539071    
  11750000   1.0011162      6.7005512      1.5015833      6.8394089    
  11760000   0.994575       6.7016818      1.4917721      6.8475604    
  11770000   0.99782258     6.7102781      1.4966432      6.8517355    
  11780000   0.99038473     6.7066695      1.4854871      6.8459851    
  11790000   0.99372501     6.7145257      1.4904972      6.8472085    
  11800000   1.0053391      6.7238604      1.5079173      6.8555223    
  11810000   0.9993655      6.724068       1.4989574      6.8542027    
  11820000   1.0079528      6.7033983      1.5118376      6.844711     
  11830000   1.0064238      6.7188559      1.5095442      6.8535524    
  11840000   1.0053092      6.7135001      1.5078725      6.8480189    
  11850000   1.001958       6.7236812      1.5028459      6.8597738    
  11860000   1.0046258      6.7215088      1.5068474      6.8580113    
  11870000   1.0082142      6.7202602      1.5122297      6.8580926    
  11880000   1.0038509      6.7121328      1.5056851      6.8500193    
  11890000   0.99201259     6.7102252      1.4879287      6.8522586    
  11900000   1.00062        6.7084814      1.500839       6.8519264    
  11910000   0.99624868     6.7152117      1.4942825      6.8570969    
  11920000   0.99963071     6.707842       1.4993552      6.8476667    
  11930000   0.99531599     6.7338625      1.4928835      6.8680195    
  11940000   0.99775282     6.7147223      1.4965385      6.856638     
  11950000   0.99544078     6.717964       1.4930707      6.8536017    
  11960000   0.99596132     6.7143882      1.4938514      6.8525435    
  11970000   1.0014836      6.7143522      1.5021344      6.851198     
  11980000   0.99977015     6.7229995      1.4995643      6.8555936    
  11990000   1.0069216      6.7120792      1.5102909      6.8494862    
  12000000   0.99463269     6.7280894      1.4918586      6.8670591    
  12010000   1.0012101      6.7065137      1.5017241      6.8513045    
  12020000   0.99950795     6.7060252      1.4991711      6.8459653    
  12030000   0.99677789     6.7164252      1.4950762      6.8493157    
  12040000   1.0056244      6.7146101      1.5083452      6.8548962    
  12050000   1.0037831      6.7178913      1.5055834      6.8582414    
  12060000   0.98564281     6.7147099      1.4783746      6.8521999    
  12070000   1.0069504      6.7071035      1.5103341      6.8469391    
  12080000   0.99033906     6.7154401      1.4854186      6.8484996    
  12090000   0.99833072     6.7148032      1.4974053      6.8453142    
  12100000   1.0065095      6.7108479      1.5096727      6.8476269    
  12110000   0.99518616     6.7149475      1.4926888      6.8489073    
  12120000   0.98805829     6.7141819      1.4819976      6.8576232    
  12130000   1.0038992      6.7134606      1.5057576      6.8526187    
  12140000   1.0064736      6.7171713      1.5096189      6.8557895    
  12150000   1.0057046      6.7265651      1.5084654      6.858192     
  12160000   0.99542725     6.7143842      1.4930504      6.8493901    
  12170000   0.99905947     6.7246288      1.4984984      6.8640349    
  12180000   0.99687123     6.7136039      1.4952162      6.8530558    
  12190000   0.99800144     6.7118059      1.4969114      6.8470034    
  12200000   1.0032746      6.7262571      1.5048207      6.8573773    
  12210000   1.0014516      6.7185053      1.5020864      6.854138     
  12220000   0.99899353     6.7250638      1.4983995      6.8594672    
  12230000   0.99854471     6.7214283      1.4977263      6.858378     
  12240000   1.0046707      6.719096       1.5069147      6.8495478    
  12250000   1.002905       6.7305649      1.5042663      6.865745     
  12260000   0.99788949     6.7179437      1.4967435      6.853692     
  12270000   1.0055377      6.7047152      1.5082152      6.8436151    
  12280000   0.99848524     6.7160288      1.4976371      6.8480126    
  12290000   1.0034625      6.7072004      1.5051025      6.8398252    
  12300000   0.99491997     6.7263638      1.4922895      6.8575841    
  12310000   1.0027039      6.7152464      1.5039647      6.8480742    
  12320000   1.0077027      6.7172312      1.5114625      6.8560855    
  12330000   0.992105       6.7080581      1.4880673      6.8435771    
  12340000   1.0009427      6.6999795      1.5013231      6.8377033    
  12350000   1.0029834      6.7145598      1.504384       6.8524277    
  12360000   1.0042468      6.7218078      1.5062789      6.8593611    
  12370000   1.0087483      6.7077276      1.5130307      6.8552852    
  12380000   1.0026668      6.7336222      1.5039091      6.869643     
  12390000   1.0048364      6.7213175      1.5071633      6.860275     
  12400000   1.0070858      6.7058551      1.5105371      6.8503391    
  12410000   1.0080638      6.7163168      1.512004       6.8519138    
  12420000   1.013558       6.7118991      1.5202449      6.8536092    
  12430000   0.99736004     6.7323951      1.4959494      6.8668202    
  12440000   1.0210079      6.7198906      1.531419       6.8565694    
  12450000   1.0007679      6.728568       1.5010608      6.8661753    
  12460000   1.0094537      6.7115064      1.5140888      6.853797     
  12470000   0.98752786     6.719817       1.481202       6.8561268    
  12480000   0.98907925     6.7001679      1.483529       6.8400675    
  12490000   0.99359948     6.7130188      1.4903089      6.8533209    
  12500000   0.99802053     6.7082802      1.4969401      6.8434364    
  12510000   1.0015805      6.7101769      1.5022798      6.8441315    
  12520000   0.99482643     6.7169891      1.4921492      6.8587728    
  12530000   0.9894563      6.7236191      1.4840945      6.8547076    
  12540000   0.99572713     6.72064        1.4935002      6.8560283    
  12550000   0.98966203     6.7243301      1.4844031      6.8627108    
  12560000   0.99449161     6.7164871      1.491647       6.8455733    
  12570000   0.99302627     6.7170731      1.4894491      6.8550741    
  12580000   0.98840573     6.7365004      1.4825187      6.8658081    
  12590000   1.0007371      6.7302062      1.5010147      6.8606399    
  12600000   1.0047286      6.7126548      1.5070015      6.8473872    
  12610000   0.99472386     6.7202256      1.4919954      6.84633      
  12620000   0.99194338     6.7282789      1.4878249      6.8549565    
  12630000   0.9995318      6.7214295      1.4992068      6.8488176    
  12640000   0.99750213     6.7197         1.4961625      6.8531871    
  12650000   1.0006786      6.7111925      1.5009269      6.8484906    
  12660000   1.0086516      6.6989606      1.5128857      6.8467189    
  12670000   1.0090306      6.7077396      1.5134542      6.849344     
  12680000   1.0023702      6.7157597      1.5034642      6.8628447    
  12690000   1.0118924      6.7156144      1.5177466      6.8598369    
  12700000   1.0014747      6.7083552      1.502121       6.8553942    
  12710000   1.0025285      6.701001       1.5037016      6.8478199    
  12720000   0.99203319     6.6995387      1.4879596      6.8518042    
  12730000   0.98878769     6.6996394      1.4830916      6.8433176    
  12740000   0.9953714      6.7089874      1.4929666      6.8529508    
  12750000   0.99579455     6.6926003      1.4936013      6.8445044    
  12760000   0.99978        6.7007755      1.4995791      6.8422966    
  12770000   1.0018045      6.7069965      1.5026157      6.8536642    
  12780000   1.0065966      6.7052389      1.5098033      6.8462703    
  12790000   1.0054581      6.7134604      1.5080958      6.8553039    
  12800000   0.9989005      6.7304276      1.4982599      6.8681599    
  12810000   0.99983387     6.7176813      1.4996599      6.8541971    
  12820000   1.0053869      6.7235186      1.5079889      6.8588512    
  12830000   1.0103922      6.7084594      1.5154965      6.8464904    
  12840000   0.9991036      6.7182007      1.4985646      6.8533305    
  12850000   1.0011348      6.7182978      1.5016112      6.8533724    
  12860000   0.99688293     6.7071931      1.4952338      6.8450464    
  12870000   0.99894609     6.7114658      1.4983283      6.84825      
  12880000   1.0008447      6.7057584      1.501176       6.8449732    
  12890000   0.99519188     6.7168216      1.4926973      6.8494841    
  12900000   0.99244822     6.7204283      1.4885821      6.8559082    
  12910000   1.008088       6.708289       1.5120404      6.8496311    
  12920000   1.0073255      6.7213491      1.5108966      6.8582059    
  12930000   0.99696495     6.7319223      1.4953568      6.8628636    
  12940000   0.99460195     6.7231508      1.4918125      6.8583952    
  12950000   1.0046379      6.7166904      1.5068655      6.8580979    
  12960000   0.99939441     6.7095393      1.4990008      6.8583906    
  12970000   1.0036891      6.7064586      1.5054425      6.8446145    
  12980000   1.0057616      6.7204259      1.5085509      6.8523734    
  12990000   1.0129254      6.6934724      1.5192961      6.841545     
  13000000   1.0033898      6.701253       1.5049935      6.8437655    
  13010000   0.99941696     6.7064315      1.4990346      6.8559757    
  13020000   0.99531469     6.6926106      1.4928815      6.8429421    
  13030000   0.99601394     6.701997       1.4939304      6.8610026    
  13040000   1.0020138      6.7045208      1.5029296      6.8514622    
  13050000   0.9969824      6.707928       1.495383       6.8588717    
  13060000   1.0072904      6.7109859      1.510844       6.8580038    
  13070000   0.99855953     6.7238925      1.4977485      6.8640013    
  13080000   1.0041869      6.7000918      1.506189       6.8496639    
  13090000   1.0029684      6.7062117      1.5043614      6.8497217    
  13100000   0.99441695     6.7149666      1.491535       6.8616691    
  13110000   0.99871664     6.7171312      1.4979842      6.8535706    
  13120000   0.9967029      6.71759        1.4949637      6.8534348    
  13130000   0.99873414     6.7206473      1.4980104      6.8555613    
  13140000   0.9984633      6.7179384      1.4976042      6.8609588    
  13150000   0.99521979     6.704503       1.4927392      6.8462761    
  13160000   0.99202112     6.7022489      1.4879415      6.8431825    
  13170000   0.99762516     6.7098268      1.4963471      6.8554152    
  13180000   1.0056292      6.7173342      1.5083524      6.8555659    
  13190000   0.99416506     6.7117007      1.4911572      6.8446602    
  13200000   0.99984863     6.7180658      1.499682       6.8546956    
  13210000   1.0061768      6.72272        1.5091737      6.8511757    
  13220000   1.0033851      6.7325856      1.5049865      6.8619281    
  13230000   1.0196166      6.7252364      1.5293322      6.8513526    
  13240000   1.005281       6.7148639      1.5078301      6.8455217    
  13250000   1.0003386      6.7148499      1.500417       6.8472575    
  13260000   1.0034441      6.7110107      1.505075       6.8483075    
  13270000   0.99822259     6.7167384      1.4972431      6.8488247    
  13280000   1.002833       6.7105368      1.5041584      6.8493367    
  13290000   0.99262553     6.7145875      1.4888481      6.850893     
  13300000   0.99549245     6.7143571      1.4931482      6.8512712    
  13310000   0.9978764      6.7012768      1.4967239      6.8432165    
  13320000   1.0086295      6.7122244      1.5128525      6.8522572    
  13330000   0.99931404     6.7191897      1.4988802      6.8570335    
  13340000   1.008379       6.7146656      1.5124768      6.85657      
  13350000   1.0038658      6.7165757      1.5057075      6.8534172    
  13360000   0.99737607     6.7281289      1.4959734      6.8578302    
  13370000   1.0078388      6.7237644      1.5116665      6.8624912    
  13380000   1.0020579      6.7210235      1.5029958      6.8586714    
  13390000   1.0030377      6.7163641      1.5044654      6.8506274    
  13400000   0.99356432     6.717565       1.4902562      6.8537851    
  13410000   0.99651302     6.7125051      1.4946789      6.8496718    
  13420000   1.0015326      6.7203789      1.5022078      6.8579239    
  13430000   1.0073705      6.7144585      1.5109641      6.8521763    
  13440000   0.99845289     6.7205118      1.4975886      6.8597497    
  13450000   1.0007157      6.7180863      1.5009825      6.8555245    
  13460000   1.0009421      6.7222801      1.5013221      6.8555954    
  13470000   1.0055229      6.7041261      1.5081929      6.8418112    
  13480000   1.0068936      6.7104225      1.5102488      6.848968     
  13490000   0.99652952     6.7207122      1.4947037      6.855098     
  13500000   0.99809323     6.7172309      1.4970491      6.8536086    
  13510000   0.99492441     6.6991895      1.4922962      6.8407096    
  13520000   1.0004215      6.7004961      1.5005413      6.8432758    
  13530000   0.99545287     6.7088029      1.4930888      6.8528599    
  13540000   0.99488224     6.7101788      1.4922329      6.852223     
  13550000   1.0024697      6.6992855      1.5036134      6.8397468    
  13560000   1.0045438      6.6948057      1.5067244      6.8448594    
  13570000   0.99941858     6.7108658      1.499037       6.862299     
  13580000   1.0033557      6.705644       1.5049423      6.8521185    
  13590000   1.0018811      6.7118584      1.5027306      6.8548591    
  13600000   1.0021135      6.7222797      1.5030792      6.8649106    
  13610000   0.99696801     6.7165654      1.4953614      6.8545814    
  13620000   1.0066464      6.7194228      1.5098781      6.8587499    
  13630000   0.99831366     6.7103439      1.4973797      6.8475478    
  13640000   0.9969465      6.7183813      1.4953291      6.855085     
  13650000   1.0091931      6.7042384      1.5136979      6.8526266    
  13660000   1.0020127      6.7144747      1.5029279      6.8579468    
  13670000   1.0014659      6.7062827      1.5021078      6.8451008    
  13680000   0.99992685     6.7087697      1.4997994      6.8465833    
  13690000   0.99982477     6.7095683      1.4996463      6.8519481    
  13700000   1.0024574      6.7065178      1.503595       6.8385113    
  13710000   0.99433145     6.7112314      1.4914068      6.8473768    
  13720000   1.001166       6.7068556      1.501658       6.844712     
  13730000   0.99852167     6.7153482      1.4976917      6.8479371    
  13740000   0.99304105     6.713004       1.4894713      6.8483688    
  13750000   0.99521661     6.7328627      1.4927344      6.867041     
  13760000   1.0125649      6.7260867      1.5187553      6.8636665    
  13770000   1.0103004      6.7233938      1.5153587      6.858556     
  13780000   0.99352843     6.73232        1.4902023      6.8641529    
  13790000   1.0102919      6.7110842      1.515346       6.8504345    
  13800000   0.99856986     6.7294854      1.497764       6.8633534    
  13810000   1.0083369      6.7093254      1.5124137      6.8495833    
  13820000   1.0036412      6.7166524      1.5053706      6.8515611    
  13830000   0.9993014      6.7310159      1.4988613      6.8679543    
  13840000   1.0123456      6.7267755      1.5184264      6.8550477    
  13850000   1.0042728      6.7193732      1.5063179      6.8502867    
  13860000   1.0052531      6.720091       1.5077882      6.856208     
  13870000   0.99299705     6.7111252      1.4894053      6.8467912    
  13880000   0.99059799     6.7155343      1.4858069      6.8508839    
  13890000   0.99985364     6.7027106      1.4996896      6.8416201    
  13900000   0.99145176     6.7248602      1.4870875      6.8595958    
  13910000   1.0083024      6.7060648      1.512362       6.845211     
  13920000   1.0009571      6.7247502      1.5013447      6.8570155    
  13930000   0.99971104     6.7174021      1.4994757      6.848632     
  13940000   0.99414622     6.713363       1.4911289      6.8509731    
  13950000   0.9928431      6.7144668      1.4891744      6.8521547    
  13960000   0.99887424     6.7154619      1.4982205      6.8524894    
  13970000   1.0008232      6.7111037      1.5011439      6.8488605    
  13980000   1.0020047      6.7262728      1.5029159      6.8591277    
  13990000   0.99128833     6.717909       1.4868424      6.8535946    
  14000000   0.98939363     6.7318359      1.4840005      6.8581304    
  14010000   0.99093367     6.7242129      1.4863104      6.8512896    
  14020000   0.99434353     6.7098732      1.4914249      6.8417312    
  14030000   0.99895204     6.7049727      1.4983372      6.8456213    
  14040000   0.98599349     6.7041874      1.4789006      6.8440119    
  14050000   0.98750889     6.7143097      1.4811736      6.8560212    
  14060000   0.99382553     6.710201       1.4906479      6.8498971    
  14070000   1.0030135      6.714276       1.504429       6.846984     
  14080000   0.98901689     6.7313843      1.4834354      6.8534359    
  14090000   0.99613292     6.7147758      1.4941088      6.8414852    
  14100000   0.99645179     6.7259707      1.4945871      6.8540618    
  14110000   0.9917312      6.7357268      1.4875066      6.8616772    
  14120000   0.9927749      6.7215284      1.4890721      6.8459292    
  14130000   1.0055023      6.7125613      1.5081621      6.8470448    
  14140000   0.99722217     6.7275548      1.4957426      6.8569506    
  14150000   0.9900556      6.7345317      1.4849934      6.856487     
  14160000   0.99310984     6.7141792      1.4895745      6.8474401    
  14170000   0.99633785     6.7328215      1.4944162      6.8507796    
  14180000   0.99463435     6.7327224      1.4918611      6.8570973    
  14190000   0.99741818     6.7141799      1.4960366      6.8448697    
  14200000   1.0075313      6.7198816      1.5112053      6.8491284    
  14210000   1.0119922      6.711352       1.5178962      6.8487966    
  14220000   0.99742424     6.7197451      1.4960457      6.8496187    
  14230000   0.99421532     6.7131034      1.4912326      6.8412349    
  14240000   1.0011659      6.7224517      1.5016578      6.8549474    
  14250000   0.9946755      6.7186637      1.4919228      6.8472728    
  14260000   1.0001615      6.7231329      1.5001513      6.8588415    
  14270000   0.99889547     6.7121588      1.4982524      6.846506     
  14280000   0.99290642     6.7086476      1.4892694      6.8488561    
  14290000   1.0044323      6.7187376      1.5065571      6.8469249    
  14300000   0.99970123     6.715722       1.499461       6.8485306    
  14310000   1.0023756      6.7339572      1.5034723      6.8640659    
  14320000   1.0046886      6.731984       1.5069415      6.8657579    
  14330000   1.0112035      6.7159231      1.5167134      6.8496862    
  14340000   1.0013234      6.7144447      1.501894       6.8492609    
  14350000   1.0071315      6.704305       1.5106057      6.8464118    
  14360000   0.99659087     6.7258218      1.4947957      6.8622061    
  14370000   1.0118866      6.7249708      1.517738       6.8477423    
  14380000   0.99618116     6.737769       1.4941812      6.8618611    
  14390000   1.0038941      6.7180468      1.5057499      6.8495949    
  14400000   1.0005231      6.720477       1.5006937      6.8480731    
  14410000   0.99955794     6.7063694      1.499246       6.8410708    
  14420000   0.99785757     6.7125313      1.4966956      6.8469463    
  14430000   0.99673367     6.7153464      1.4950099      6.8479079    
  14440000   1.0036783      6.7189043      1.5054262      6.8562621    
  14450000   1.0133183      6.7137848      1.5198854      6.8528533    
  14460000   0.99538615     6.7138711      1.4929887      6.8551888    
  14470000   0.99566261     6.7100772      1.4934034      6.8544791    
  14480000   1.0066507      6.7075825      1.5098846      6.8480803    
  14490000   0.99744276     6.7189553      1.4960735      6.8541104    
  14500000   1.0132669      6.7104646      1.5198083      6.843671     
  14510000   0.9860178      6.7221731      1.4789371      6.8603815    
  14520000   0.99425846     6.7026776      1.4912973      6.8422095    
  14530000   0.99349723     6.707743       1.4901555      6.850056     
  14540000   0.99627765     6.704373       1.4943259      6.8467134    
  14550000   1.008854       6.7120335      1.5131894      6.8592655    
  14560000   0.99997962     6.7091583      1.4998785      6.849969     
  14570000   0.99897617     6.710742       1.4983734      6.8556605    
  14580000   0.99829291     6.7002381      1.4973486      6.8512765    
  14590000   1.0003427      6.7104329      1.5004231      6.8588232    
  14600000   0.99530504     6.6993332      1.4928671      6.846422     
  14610000   0.9953874      6.6979713      1.4929906      6.8404653    
  14620000   0.99247072     6.7073527      1.4886159      6.8525021    
  14630000   0.99692458     6.7023146      1.4952962      6.849033     
  14640000   1.0064061      6.6957654      1.5095176      6.8458468    
  14650000   0.99773458     6.7034378      1.4965112      6.8470827    
  14660000   1.0008054      6.7031578      1.5011171      6.8536615    
  14670000   1.0027316      6.7022515      1.5040062      6.8475508    
  14680000   0.99348297     6.6985639      1.4901341      6.8501959    
  14690000   1.0055576      6.6966053      1.508245       6.8443425    
  14700000   0.99237769     6.7078032      1.4884763      6.8547455    
  14710000   0.99884731     6.6928046      1.4981802      6.8488431    
  14720000   0.99811854     6.6962229      1.4970871      6.8513339    
  14730000   0.99712572     6.7098876      1.4955979      6.851506     
  14740000   1.0020245      6.7130757      1.5029456      6.8515697    
  14750000   1.0010322      6.7128407      1.5014573      6.8468938    
  14760000   0.99650818     6.72075        1.4946717      6.8584313    
  14770000   1.0072941      6.7128943      1.5108495      6.8534683    
  14780000   1.0105485      6.7087221      1.5157308      6.8511124    
  14790000   1.0002215      6.7263739      1.5002414      6.8605845    
  14800000   1.0047468      6.7142797      1.5070289      6.8539434    
  14810000   0.9977026      6.7179993      1.4964632      6.8543786    
  14820000   1.0059988      6.7095606      1.5089068      6.8548751    
  14830000   1.0039795      6.71265        1.505878       6.8619062    
  14840000   1.0100194      6.7018257      1.5149373      6.8503109    
  14850000   0.99992906     6.7084574      1.4998027      6.8471312    
  14860000   0.99710801     6.6984969      1.4955714      6.8441577    
  14870000   1.0053222      6.6902771      1.507892       6.8355649    
  14880000   1.0051708      6.7075147      1.5076648      6.8506061    
  14890000   0.99135287     6.712024       1.4869392      6.8453193    
  14900000   0.99710312     6.7260988      1.495564       6.8572819    
  14910000   0.99315655     6.7165223      1.4896445      6.8581342    
  14920000   0.99449622     6.7150409      1.4916539      6.8602868    
  14930000   1.0058141      6.7169137      1.5086298      6.8572405    
  14940000   1.0018696      6.7025202      1.5027133      6.8474347    
  14950000   0.99108473     6.7131695      1.486537       6.8619697    
  14960000   1.0037312      6.7006558      1.5055055      6.8446473    
  14970000   1.0023917      6.7016964      1.5034964      6.8530287    
  14980000   1.0055033      6.7125658      1.5081635      6.8546452    
  14990000   0.99655997     6.7084283      1.4947494      6.8541881    
  15000000   1.0030682      6.6960082      1.5045111      6.8508447    
  15010000   1.0008938      6.6957957      1.5012497      6.8479905    
  15020000   1.0105968      6.6987099      1.5158033      6.8469469    
  15030000   1.0133465      6.7013184      1.5199276      6.849373     
  15040000   0.99567494     6.713347       1.4934219      6.8621698    
  15050000   1.0049638      6.7130949      1.5073543      6.8558085    
  15060000   0.99684108     6.7070164      1.495171       6.8593462    
  15070000   0.98843265     6.7012392      1.4825591      6.841433     
  15080000   0.99208709     6.7117865      1.4880404      6.8508489    
  15090000   0.99651591     6.7161245      1.4946833      6.8565795    
  15100000   0.998397       6.721831       1.4975047      6.8577149    
  15110000   1.0040698      6.7172116      1.5060135      6.8558981    
  15120000   1.0107741      6.7087116      1.5160693      6.8478309    
  15130000   1.0050733      6.7275941      1.5075186      6.8611203    
  15140000   1.0061319      6.7265224      1.5091064      6.8683234    
  15150000   1.0042597      6.7066489      1.5062982      6.8430896    
  15160000   0.99616467     6.7130813      1.4941564      6.8499601    
  15170000   0.99596343     6.7068096      1.4938546      6.8386271    
  15180000   0.98834906     6.7063066      1.4824337      6.8467392    
  15190000   0.99515822     6.7086628      1.4926469      6.8508049    
  15200000   0.99289288     6.7168348      1.4892491      6.8615464    
  15210000   1.009099       6.7125907      1.5135567      6.849138     
  15220000   1.008241       6.7064652      1.5122698      6.8472446    
  15230000   1.0041972      6.7133497      1.5062045      6.8568361    
  15240000   1.0034934      6.7234037      1.5051488      6.8575962    
  15250000   1.0080735      6.7281718      1.5120186      6.8586307    
  15260000   0.99857187     6.7166448      1.497767       6.8531949    
  15270000   0.99674164     6.7109871      1.4950218      6.8559108    
  15280000   1.0000076      6.698479       1.4999205      6.8497708    
  15290000   0.99715212     6.702982       1.4956375      6.853562     
  15300000   0.99447693     6.7072939      1.491625       6.8568546    
  15310000   0.99310317     6.7147111      1.4895645      6.8595154    
  15320000   1.0006309      6.710931       1.5008554      6.8520254    
  15330000   1.0053585      6.7080051      1.5079463      6.8540825    
  15340000   1.0041282      6.7166122      1.506101       6.8570642    
  15350000   1.0014024      6.7095125      1.5020126      6.8484761    
  15360000   0.99778867     6.7039378      1.4965923      6.8469653    
  15370000   1.0018211      6.7040457      1.5026405      6.8514331    
  15380000   1.0020123      6.7094752      1.5029274      6.8543757    
  15390000   1.006819       6.7225445      1.510137       6.8528776    
  15400000   1.006362       6.718049       1.5094516      6.8536039    
  15410000   1.0050826      6.7102602      1.5075325      6.8483289    
  15420000   0.99724222     6.7125366      1.4957727      6.8529604    
  15430000   0.98474175     6.7171043      1.4770231      6.8607076    
  15440000   0.99495528     6.699796       1.4923425      6.8425555    
  15450000   1.0044666      6.6823479      1.5066086      6.8369335    
  15460000   0.99910708     6.6985552      1.4985698      6.8435889    
  15470000   1.0045639      6.697609       1.5067546      6.8506335    
  15480000   1.0148393      6.7041999      1.5221666      6.8525121    
  15490000   1.0063034      6.7026207      1.5093636      6.8478905    
  15500000   1.0060819      6.7169506      1.5090314      6.8576723    
  15510000   0.99616391     6.7086191      1.4941553      6.8474432    
  15520000   0.99056209     6.7104884      1.4857531      6.8466613    
  15530000   0.98963212     6.6974952      1.4843582      6.8381496    
  15540000   0.9954513      6.7090696      1.4930865      6.8500384    
  15550000   0.99486783     6.7002244      1.4922113      6.845797     
  15560000   0.99927418     6.709613       1.4988204      6.8521425    
  15570000   1.0078157      6.6952017      1.5116319      6.8481524    
  15580000   1.0038686      6.7024415      1.5057116      6.8442923    
  15590000   0.98928011     6.7012934      1.4838302      6.843435     
  15600000   0.9979795      6.7016199      1.4968785      6.8359153    
  15610000   1.002805       6.706629       1.5041164      6.8517268    
  15620000   1.0005951      6.6986747      1.5008017      6.8424354    
  15630000   0.9844617      6.7126271      1.4766031      6.8513318    
  15640000   0.99323951     6.7014005      1.489769       6.8448013    
  15650000   0.99989495     6.7057275      1.4997515      6.8499656    
  15660000   1.003957       6.7113983      1.5058443      6.8531825    
  15670000   1.0014834      6.7118172      1.502134       6.851374     
  15680000   1.002888       6.7087738      1.5042408      6.8557503    
  15690000   0.99882071     6.7144993      1.4981403      6.8557698    
  15700000   1.0115338      6.7131327      1.5172087      6.8498916    
  15710000   0.9988929      6.7239181      1.4982485      6.8557712    
  15720000   1.0130146      6.7236773      1.5194299      6.8593172    
  15730000   1.0162248      6.7185783      1.5242448      6.855705     
  15740000   1.0121647      6.6995461      1.518155       6.8500442    
  15750000   1.0028431      6.7039289      1.5041735      6.8540554    
  15760000   1.0038817      6.7129119      1.5057313      6.8585395    
  15770000   1.0079184      6.708182       1.5117859      6.8566674    
  15780000   1.0028212      6.7085269      1.5041406      6.8630604    
  15790000   1.0028433      6.7131732      1.5041738      6.8569602    
  15800000   0.997516       6.6963232      1.4961833      6.8487547    
  15810000   1.0015807      6.6975673      1.50228        6.8461467    
  15820000   1.0042269      6.7095259      1.506249       6.8515311    
  15830000   0.99739342     6.7028977      1.4959995      6.850107     
  15840000   0.99797469     6.699425       1.4968713      6.8464812    
  15850000   0.99918373     6.7052673      1.4986848      6.8534983    
  15860000   0.99096022     6.7150359      1.4863502      6.8580948    
  15870000   0.99523565     6.7085606      1.492763       6.853203     
  15880000   1.004151       6.7061479      1.5061353      6.845372     
  15890000   1.0036202      6.7102324      1.5053391      6.8522557    
  15900000   1.0009215      6.7206298      1.5012913      6.8501631    
  15910000   1.0095979      6.7106934      1.5143051      6.8573475    
  15920000   0.99731203     6.7191528      1.4958774      6.8560132    
  15930000   1.0018497      6.7176365      1.5026835      6.8534206    
  15940000   0.98958373     6.7219385      1.4842856      6.8557468    
  15950000   1.0010399      6.7130866      1.5014689      6.8555811    
  15960000   1.0000893      6.7112246      1.5000431      6.8487554    
  15970000   0.99430573     6.7124729      1.4913682      6.8498259    
  15980000   1.0009632      6.7127287      1.5013537      6.8555924    
  15990000   0.99812302     6.708023       1.4970938      6.8460737    
  16000000   1.0040609      6.7141373      1.506          6.85716      
  16010000   1.0054389      6.7305972      1.508067       6.8690912    
  16020000   0.9961264      6.7349634      1.494099       6.8653758    
  16030000   1.0040646      6.7119147      1.5060056      6.8528687    
  16040000   1.0045421      6.7054571      1.5067218      6.8428936    
  16050000   0.99852098     6.7097415      1.4976907      6.8453874    
  16060000   1.0050732      6.7180467      1.5075184      6.8564139    
  16070000   1.0066656      6.7172999      1.5099068      6.8495063    
  16080000   1.0038248      6.7159151      1.5056459      6.8523559    
  16090000   0.99250271     6.7208925      1.4886638      6.8584261    
  16100000   1.0032227      6.7162761      1.5047428      6.8559174    
  16110000   1.0040407      6.7229258      1.5059698      6.8559303    
  16120000   0.99878521     6.7064252      1.498087       6.8465352    
  16130000   0.99577142     6.7149694      1.4935666      6.8491069    
  16140000   0.99563234     6.719968       1.493358       6.8603565    
  16150000   1.0016231      6.7075248      1.5023437      6.8506505    
  16160000   0.99348859     6.7093651      1.4901426      6.8512558    
  16170000   0.99296472     6.7176599      1.4893568      6.8589424    
  16180000   1.0076624      6.7082353      1.511402       6.854255     
  16190000   0.9995497      6.7293717      1.4992337      6.8709019    
  16200000   1.0051483      6.7174672      1.5076311      6.8602794    
  16210000   1.0087253      6.7242269      1.5129963      6.8627536    
  16220000   0.99794849     6.7113413      1.496832       6.8611068    
  16230000   0.99868667     6.7108163      1.4979392      6.8577751    
  16240000   1.0000677      6.7043024      1.5000106      6.8465607    
  16250000   0.99662558     6.7070356      1.4948478      6.8538795    
  16260000   1.0065129      6.6880148      1.5096779      6.8388315    
  16270000   1.0009126      6.7168768      1.5012779      6.8546547    
  16280000   0.99763238     6.7213793      1.4963579      6.857359     
  16290000   0.99631035     6.717883       1.4943749      6.8539482    
  16300000   1.0043458      6.7041857      1.5064273      6.8401348    
  16310000   1.0028906      6.7264274      1.5042448      6.8586201    
  16320000   0.99669616     6.7209846      1.4949536      6.8576882    
  16330000   1.0019805      6.7098935      1.5028797      6.8490848    
  16340000   1.0130469      6.7153074      1.5194783      6.8488587    
  16350000   1.0019745      6.7072749      1.5028707      6.8525601    
  16360000   0.99846053     6.7172137      1.4976         6.8568014    
  16370000   1.0004311      6.7142539      1.5005557      6.849254     
  16380000   1.0033526      6.7227483      1.5049378      6.8554917    
  16390000   1.0097939      6.7169518      1.5145991      6.8528019    
  16400000   1.0058683      6.7186172      1.508711       6.8542498    
  16410000   0.99478119     6.7239261      1.4920813      6.8648096    
  16420000   0.99881542     6.7328022      1.4981323      6.8636955    
  16430000   0.99944973     6.717141       1.4990837      6.8563478    
  16440000   1.0021509      6.7116268      1.5031352      6.8466386    
  16450000   0.9998136      6.7234853      1.4996295      6.8571622    
  16460000   1.0166443      6.7242851      1.524874       6.8596613    
  16470000   1.0149123      6.7317474      1.5222762      6.8630624    
  16480000   1.0081395      6.7339932      1.5121177      6.8651641    
  16490000   1.0083622      6.7252288      1.5124516      6.8560023    
  16500000   1.0004358      6.7352966      1.5005628      6.8696257    
  16510000   1.0031581      6.7097862      1.5046459      6.8473784    
  16520000   1.002085       6.7117337      1.5030364      6.8492231    
  16530000   0.99805009     6.713988       1.4969844      6.8489812    
  16540000   0.99052201     6.7250832      1.485693       6.856411     
  16550000   1.0023         6.7156567      1.5033589      6.8583091    
  16560000   0.99561226     6.701961       1.4933279      6.8405327    
  16570000   1.0035862      6.7041641      1.5052881      6.8466234    
  16580000   0.99968622     6.7178129      1.4994384      6.8553598    
  16590000   0.99503757     6.7100064      1.4924659      6.8514571    
  16600000   0.99827486     6.7185543      1.4973215      6.8582212    
  16610000   1.006289       6.71028        1.509342       6.8497404    
  16620000   1.0081098      6.7038363      1.512073       6.8499993    
  16630000   0.99889936     6.7210554      1.4982582      6.867348     
  16640000   1.0033053      6.7032166      1.5048667      6.839529     
  16650000   0.99846497     6.7192498      1.4976067      6.8504228    
  16660000   1.000594       6.7194436      1.5008001      6.8517317    
  16670000   1.0092834      6.7106174      1.5138333      6.8439521    
  16680000   1.0136402      6.7340637      1.5203681      6.8588763    
  16690000   1.0120495      6.7167285      1.5179823      6.8507853    
  16700000   1.0030069      6.7256075      1.5044192      6.8528578    
  16710000   1.0115326      6.7241187      1.5172069      6.8578625    
  16720000   1.010647       6.7291971      1.5158786      6.8624733    
  16730000   0.99573828     6.7168689      1.4935169      6.8506693    
  16740000   1.0000157      6.7262482      1.4999326      6.8534961    
  16750000   1.001101       6.7198106      1.5015604      6.8539713    
  16760000   1.0063197      6.7117797      1.5093881      6.8431001    
  16770000   1.0106866      6.7167778      1.515938       6.8457791    
  16780000   1.0006188      6.7275036      1.5008373      6.8593491    
  16790000   1.008001       6.7112489      1.5119099      6.843913     
  16800000   0.99553373     6.7152268      1.4932101      6.8514485    
  16810000   0.98339847     6.7186586      1.4750083      6.8490629    
  16820000   1.0022645      6.7138976      1.5033056      6.8542342    
  16830000   0.98905506     6.7150068      1.4834927      6.8504622    
  16840000   0.99628337     6.7132146      1.4943345      6.8487607    
  16850000   0.99261085     6.7200876      1.488826       6.850243     
  16860000   0.99615516     6.7090205      1.4941422      6.8445251    
  16870000   0.99454221     6.7184708      1.4917229      6.8545063    
  16880000   0.9924251      6.7043038      1.4885474      6.8495835    
  16890000   0.99083363     6.7153173      1.4861604      6.852519     
  16900000   0.99718863     6.7060772      1.4956923      6.8473152    
  16910000   1.0002303      6.7114861      1.5002545      6.8459352    
  16920000   0.99821053     6.7275513      1.497225       6.8605359    
  16930000   0.99925739     6.7181497      1.4987952      6.85299      
  16940000   1.0084798      6.7174061      1.5126281      6.8518756    
  16950000   1.014352       6.7143173      1.5214357      6.8502665    
  16960000   1.004381       6.7128299      1.5064802      6.8508417    
  16970000   1.006397       6.7107215      1.5095041      6.8442399    
  16980000   0.99664777     6.7116614      1.4948811      6.843884     
  16990000   0.99905506     6.7121514      1.4984918      6.8469464    
  17000000   0.99578554     6.7074323      1.4935878      6.8398767    
  17010000   0.99299561     6.7060959      1.4894031      6.842049     
  17020000   1.0020609      6.7116279      1.5030003      6.8537421    
  17030000   1.0119435      6.7063876      1.5178233      6.8534522    
  17040000   1.0081964      6.7125922      1.5122029      6.8628745    
  17050000   0.99031673     6.7198885      1.4853851      6.8647412    
  17060000   1.0052809      6.711278       1.50783        6.8556736    
  17070000   1.0045637      6.7135338      1.5067542      6.8601259    
  17080000   0.99457279     6.7076705      1.4917688      6.8545651    
  17090000   0.99864485     6.7015212      1.4978765      6.8536927    
  17100000   1.0024063      6.6951919      1.5035183      6.8468837    
  17110000   0.99649971     6.7024869      1.494659       6.8585641    
  17120000   0.99735081     6.7070048      1.4959355      6.8504946    
  17130000   1.0008961      6.703285       1.5012532      6.8497575    
  17140000   1.005836       6.7112629      1.5086626      6.8512974    
  17150000   1.0099253      6.7164978      1.5147961      6.8525987    
  17160000   1.0001445      6.7200839      1.5001258      6.8643981    
  17170000   0.99854807     6.7087218      1.4977313      6.8526976    
  17180000   1.0075623      6.7027761      1.5112519      6.8493507    
  17190000   1.0041503      6.7113435      1.5061341      6.8609455    
  17200000   1.001502       6.711418       1.5021619      6.855682     
  17210000   1.0082657      6.7089324      1.5123068      6.8469694    
  17220000   0.99235812     6.7318521      1.488447       6.8674921    
  17230000   1.006216       6.7135291      1.5092326      6.8488283    
  17240000   1.0087405      6.7291829      1.513019       6.8654173    
  17250000   0.9998658      6.7252191      1.4997078      6.8627736    
  17260000   1.0060862      6.7086842      1.5090378      6.8526566    
  17270000   0.99982834     6.7144139      1.4996516      6.861817     
  17280000   1.0026737      6.7097285      1.5039194      6.8512861    
  17290000   1.0112344      6.7187683      1.5167596      6.863339     
  17300000   0.99983599     6.7045103      1.4996631      6.8501981    
  17310000   0.98361158     6.7167155      1.475328       6.857783     
  17320000   0.99612104     6.7055985      1.494091       6.8454222    
  17330000   1.0036439      6.7172475      1.5053746      6.8604092    
  17340000   1.0063507      6.7099994      1.5094345      6.8499063    
  17350000   0.99718046     6.6999442      1.49568        6.8326517    
  17360000   1.0064379      6.7065652      1.5095654      6.848744     
  17370000   0.99523575     6.7167215      1.4927631      6.8516371    
  17380000   1.0004548      6.7187688      1.5005912      6.8534793    
  17390000   1.0119095      6.7008478      1.5177723      6.842279     
  17400000   1.0054031      6.7043582      1.5080133      6.8525938    
  17410000   1.0098581      6.6935845      1.5146954      6.8455219    
  17420000   1.0007468      6.6997814      1.5010292      6.8474083    
  17430000   1.0012707      6.6940352      1.501815       6.8506462    
  17440000   1.003244       6.6916709      1.5047747      6.8496876    
  17450000   1.0018477      6.7030004      1.5026804      6.8591298    
  17460000   1.002042       6.6958301      1.5029719      6.8492853    
  17470000   1.0039629      6.703739       1.5058531      6.8599745    
  17480000   1.0135206      6.6991304      1.5201888      6.8421639    
  17490000   1.0034323      6.7067299      1.5050572      6.8538579    
  17500000   0.9971697      6.7310039      1.4956639      6.8728644    
  17510000   1.005867       6.7038491      1.508709       6.856369     
  17520000   1.0056808      6.7148565      1.5084298      6.8571906    
  17530000   1.007045       6.7143819      1.510476       6.8685445    
  17540000   1.0063198      6.7039168      1.5093882      6.8604061    
  17550000   1.0005717      6.7072058      1.5007666      6.8546054    
  17560000   0.99924861     6.7054654      1.4987821      6.858854     
  17570000   0.99523159     6.7057332      1.4927569      6.8598593    
  17580000   0.99950805     6.7096094      1.4991712      6.8520271    
  17590000   1.0030048      6.70786        1.504416       6.8537685    
  17600000   0.99787489     6.7100611      1.4967216      6.8577117    
  17610000   1.0048716      6.7131597      1.507216       6.8487775    
  17620000   1.006459       6.7093562      1.509597       6.8445071    
  17630000   1.0097353      6.7156834      1.5145111      6.8507059    
  17640000   1.0020304      6.7066266      1.5029546      6.8445364    
  17650000   0.9940051      6.722027       1.4909173      6.8633103    
  17660000   0.99928938     6.7157053      1.4988432      6.852829     
  17670000   1.0018496      6.7309216      1.5026833      6.8638112    
  17680000   1.0123527      6.7160172      1.518437       6.8540587    
  17690000   1.0140777      6.7192323      1.5210244      6.8622129    
  17700000   1.000439       6.7059383      1.5005676      6.8513951    
  17710000   0.99740648     6.699223       1.4960191      6.8458586    
  17720000   1.0044727      6.7088655      1.5066177      6.8491074    
  17730000   0.99195112     6.7049912      1.4878365      6.8461826    
  17740000   1.0011374      6.7002434      1.501615       6.8400612    
  17750000   1.0082754      6.7152158      1.5123215      6.8587235    
  17760000   0.99712298     6.72393        1.4955938      6.8595216    
  17770000   0.99035308     6.7142483      1.4854396      6.8574525    
  17780000   1.0090795      6.7007382      1.5135275      6.8377929    
  17790000   1.0003477      6.7065343      1.5004306      6.8467174    
  17800000   0.98963925     6.70192        1.4843689      6.8468387    
  17810000   0.99130233     6.7121003      1.4868634      6.8492019    
  17820000   0.9985381      6.7077212      1.4977164      6.8496049    
  17830000   1.0028916      6.7065439      1.5042463      6.8496111    
  17840000   1.0004095      6.7218269      1.5005234      6.8552884    
  17850000   1.004124       6.7149518      1.5060948      6.8486127    
  17860000   0.99570553     6.728461       1.4934678      6.8620699    
  17870000   0.99883368     6.7272685      1.4981597      6.8557008    
  17880000   0.99267464     6.7265965      1.4889217      6.8542667    
  17890000   0.99985537     6.7260525      1.4996922      6.8563549    
  17900000   0.99552428     6.7309343      1.4931959      6.8592934    
  17910000   0.99595283     6.7122433      1.4938387      6.8420352    
  17920000   0.99552789     6.7182153      1.4932013      6.8487065    
  17930000   0.99505335     6.7188102      1.4924896      6.85461      
  17940000   0.99333638     6.7287565      1.4899143      6.8648537    
  17950000   1.0095709      6.718864       1.5142645      6.8586616    
  17960000   1.0082955      6.7064897      1.5123515      6.8501587    
  17970000   0.98886954     6.7119471      1.4832144      6.8546591    
  17980000   0.99548144     6.710638       1.4931317      6.8528168    
  17990000   1.0139219      6.7138549      1.5207907      6.8536249    
  18000000   0.9989821      6.7207313      1.4983823      6.8621535    
  18010000   0.99715079     6.7104959      1.4956355      6.8533758    
  18020000   0.98943649     6.7183335      1.4840648      6.8605346    
  18030000   1.0063355      6.700583       1.5094117      6.8457902    
  18040000   1.0042545      6.7147168      1.5062904      6.8539459    
  18050000   0.99564361     6.7086477      1.4933749      6.8522671    
  18060000   0.99723941     6.7117612      1.4957685      6.8565101    
  18070000   0.99326642     6.6984457      1.4898093      6.8508117    
  18080000   1.0052709      6.6989776      1.507815       6.8404954    
  18090000   0.99412786     6.7224455      1.4911014      6.8690774    
  18100000   0.99971906     6.7052314      1.4994877      6.8561162    
  18110000   0.99870869     6.690476       1.4979722      6.840886     
  18120000   0.99254178     6.7059929      1.4887224      6.8529143    
  18130000   0.99152782     6.7074574      1.4872016      6.8577361    
  18140000   0.9927789      6.7031659      1.4890781      6.8447734    
  18150000   0.99795849     6.7025349      1.496847       6.846617     
  18160000   0.99804802     6.6958637      1.4969813      6.8451475    
  18170000   0.99288016     6.6990801      1.48923        6.846545     
  18180000   1.0021288      6.7071803      1.5031021      6.8521749    
  18190000   1.000114       6.7160691      1.5000801      6.8603461    
  18200000   1.0031527      6.707659       1.5046379      6.8514884    
  18210000   1.0095285      6.7187828      1.514201       6.8561717    
  18220000   1.0160011      6.7016594      1.5239093      6.84484      
  18230000   0.99202016     6.7173779      1.4879401      6.8581582    
  18240000   0.99816474     6.7068615      1.4971564      6.8506543    
  18250000   1.0001171      6.7010382      1.5000847      6.8496221    
  18260000   1.0120054      6.7047492      1.5179161      6.8457888    
  18270000   1.003363       6.7068582      1.5049532      6.8553478    
  18280000   1.0022198      6.7146351      1.5032386      6.8569289    
  18290000   1.0072845      6.714438       1.5108352      6.8483247    
  18300000   1.0061606      6.7141961      1.5091494      6.8470758    
  18310000   0.9993554      6.7134541      1.4989422      6.8534275    
  18320000   0.99391067     6.7107516      1.4907756      6.8482599    
  18330000   0.99616919     6.7042338      1.4941632      6.8486886    
  18340000   0.99327603     6.7216153      1.4898238      6.8593496    
  18350000   1.0047457      6.712897       1.5070272      6.8536386    
  18360000   0.99985754     6.7027968      1.4996954      6.8477979    
  18370000   0.99693575     6.7172003      1.495313       6.8641763    
  18380000   1.0015302      6.7170271      1.5022042      6.8595729    
  18390000   0.9993123      6.7150048      1.4988776      6.8537538    
  18400000   0.99504503     6.7053372      1.4924771      6.8496222    
  18410000   0.99569995     6.7053491      1.4934594      6.8516922    
  18420000   1.0048927      6.7021676      1.5072477      6.847694     
  18430000   1.0019659      6.7075062      1.5028577      6.8543741    
  18440000   1.0092757      6.7117406      1.5138219      6.8533505    
  18450000   0.99711076     6.7190682      1.4955755      6.8644052    
  18460000   0.99955768     6.7064978      1.4992457      6.8496537    
  18470000   1.0030412      6.7026763      1.5044707      6.8492375    
  18480000   1.005674       6.7146652      1.5084196      6.8560493    
  18490000   1.0035812      6.7179582      1.5052806      6.8663088    
  18500000   1.0037959      6.7043335      1.5056026      6.8548683    
  18510000   0.99976141     6.6959209      1.4995512      6.8424114    
  18520000   0.99968344     6.699002       1.4994343      6.8479156    
  18530000   0.99701272     6.7019151      1.4954284      6.8529629    
  18540000   0.99080054     6.6968993      1.4861107      6.8546302    
  18550000   0.99102173     6.7033844      1.4864425      6.8547703    
  18560000   0.98678143     6.7146816      1.4800824      6.8598525    
  18570000   0.98548918     6.7055531      1.4781442      6.8463348    
  18580000   1.002233       6.7055912      1.5032583      6.8448176    
  18590000   1.0049007      6.7151195      1.5072597      6.8488132    
  18600000   0.99408616     6.7197289      1.4910389      6.8551537    
  18610000   0.99211744     6.7059791      1.488086       6.8442258    
  18620000   1.0052126      6.7207044      1.5077275      6.8585532    
  18630000   1.0135974      6.710562       1.520304       6.8508121    
  18640000   1.0088823      6.7217088      1.5132317      6.8497308    
  18650000   1.0024178      6.7063835      1.5035356      6.8434397    
  18660000   1.0046679      6.7169209      1.5069106      6.8486173    
  18670000   0.9930534      6.7194245      1.4894898      6.8557778    
  18680000   1.0007516      6.7119062      1.5010365      6.8482979    
  18690000   1.0066651      6.7056459      1.5099062      6.8436245    
  18700000   0.99552501     6.7090289      1.493197       6.8554398    
  18710000   0.9936712      6.7258818      1.4904165      6.8554617    
  18720000   0.99884242     6.7091301      1.4981728      6.8487331    
  18730000   1.0013904      6.7186932      1.5019945      6.8553853    
  18740000   0.99307317     6.7156865      1.4895195      6.8466257    
  18750000   1.0077157      6.7054545      1.511482       6.8389135    
  18760000   0.99933608     6.7240031      1.4989133      6.8637397    
  18770000   0.99799923     6.7220093      1.4969081      6.8491894    
  18780000   0.99752462     6.7126606      1.4961962      6.8506757    
  18790000   0.98755725     6.722364       1.4812461      6.85978      
  18800000   1.0013497      6.709924       1.5019335      6.8524347    
  18810000   0.99518453     6.7144906      1.4926863      6.8524139    
  18820000   0.99807753     6.7177184      1.4970256      6.8496534    
  18830000   0.99143486     6.6996376      1.4870622      6.8382253    
  18840000   0.98655656     6.7037475      1.4797452      6.8502015    
  18850000   0.98139233     6.7173136      1.4719993      6.8653936    
  18860000   0.9964779      6.6977159      1.4946263      6.8503481    
  18870000   0.99153929     6.7015011      1.4872188      6.8518061    
  18880000   0.98533295     6.7042356      1.4779098      6.8478974    
  18890000   0.99011328     6.7076911      1.4850799      6.8480242    
  18900000   1.0045831      6.6926834      1.5067833      6.8410318    
  18910000   1.0051097      6.7139882      1.5075732      6.8483123    
  18920000   0.99761691     6.7104944      1.4963347      6.8533707    
  18930000   0.99555235     6.7088634      1.493238       6.8439566    
  18940000   0.99094151     6.7215025      1.4863222      6.8543978    
  18950000   0.99033877     6.7182942      1.4854181      6.8577006    
  18960000   0.99446723     6.7047322      1.4916104      6.8471536    
  18970000   0.99881879     6.7206384      1.4981374      6.8541369    
  18980000   0.98988285     6.732646       1.4847343      6.8620681    
  18990000   0.99526571     6.7192136      1.4928081      6.8465584    
  19000000   0.99359868     6.7220083      1.4903077      6.8503434    
  19010000   0.98453773     6.7199037      1.4767171      6.8469988    
  19020000   0.99021064     6.7165399      1.4852259      6.8412094    
  19030000   0.99380884     6.7281806      1.4906229      6.8507054    
  19040000   0.99963646     6.71985        1.4993638      6.8437035    
  19050000   1.0065188      6.7354994      1.5096867      6.8635479    
  19060000   1.0137103      6.7313097      1.5204733      6.8605879    
  19070000   1.0090193      6.7400409      1.5134373      6.8674934    
  19080000   1.0081621      6.7364265      1.5121515      6.862956     
  19090000   1.0109538      6.7367478      1.5163388      6.8618169    
  19100000   1.0202762      6.7318351      1.5303216      6.8556631    
  19110000   0.99598265     6.7448426      1.4938834      6.8706143    
  19120000   1.0115954      6.7375356      1.5173012      6.8649502    
  19130000   1.0019776      6.739875       1.5028754      6.8653353    
  19140000   1.0070025      6.7456974      1.5104123      6.8750748    
  19150000   1.0134556      6.7157485      1.5200913      6.8460703    
  19160000   1.0060426      6.7134757      1.5089725      6.8473745    
  19170000   0.99319768     6.7268303      1.4897062      6.8589327    
  19180000   0.99592523     6.7152684      1.4937973      6.8492932    
  19190000   0.99558333     6.719988       1.4932845      6.8615219    
  19200000   0.99918331     6.7157909      1.4986841      6.8536327    
  19210000   0.99084583     6.7198299      1.4861787      6.8556444    
  19220000   0.98988441     6.7060768      1.4847366      6.8509902    
  19230000   1.0020113      6.6968847      1.5029259      6.849883     
  19240000   1.0045869      6.7150627      1.506789       6.854514     
  19250000   1.0011221      6.7159964      1.5015922      6.8546731    
  19260000   0.99962457     6.7105379      1.499346       6.8535326    
  19270000   1.0045156      6.7121129      1.5066821      6.8501612    
  19280000   0.99950258     6.7243276      1.499163       6.8587504    
  19290000   0.99557582     6.7304404      1.4932732      6.8645532    
  19300000   0.99402548     6.7228013      1.4909479      6.8534601    
  19310000   0.99917392     6.7353389      1.49867        6.8637608    
  19320000   0.99998071     6.7155907      1.4998802      6.8481153    
  19330000   1.004812       6.7170264      1.5071266      6.8540397    
  19340000   1.0023198      6.7272325      1.5033885      6.8493653    
  19350000   0.99847856     6.7379828      1.4976271      6.8682776    
  19360000   0.99914016     6.7303082      1.4986194      6.8586219    
  19370000   1.013332       6.726864       1.5199059      6.8526229    
  19380000   1.0118503      6.7197447      1.5176835      6.847853     
  19390000   0.99931757     6.7198734      1.4988855      6.8488058    
  19400000   1.0114506      6.7252821      1.5170839      6.8478743    
  19410000   1.0140519      6.7132985      1.5209857      6.8332684    
  19420000   0.99561606     6.739738       1.4933336      6.864902     
  19430000   0.99939331     6.7202103      1.4989991      6.8477009    
  19440000   0.98928145     6.7249966      1.4838322      6.8503464    
  19450000   0.99048529     6.7211598      1.4856379      6.8504848    
  19460000   1.0000165      6.7160416      1.4999338      6.8458387    
  19470000   1.010509       6.7178148      1.5156717      6.8514792    
  19480000   0.99400349     6.7345394      1.4909149      6.8679477    
  19490000   1.013967       6.7136839      1.5208584      6.8470894    
  19500000   1.0036853      6.7330771      1.5054368      6.859561     
  19510000   1.013024       6.7261618      1.519444       6.8491297    
  19520000   1.0021526      6.7385458      1.5031378      6.8606863    
  19530000   1.0149462      6.7180119      1.522327       6.8441159    
  19540000   1.0072601      6.7243277      1.5107987      6.8546598    
  19550000   1.0007447      6.7306543      1.5010261      6.863496     
  19560000   1.0121726      6.7183095      1.518167       6.8496819    
  19570000   1.0073968      6.7197593      1.5110037      6.8464918    
  19580000   1.0041618      6.7275574      1.5061514      6.8524955    
  19590000   0.99613883     6.7184959      1.4941177      6.8517118    
  19600000   0.99701146     6.7076099      1.4954266      6.8400518    
  19610000   0.99211488     6.7231806      1.4880821      6.8503203    
  19620000   0.99236807     6.7115365      1.4884619      6.8476974    
  19630000   1.0014625      6.725085       1.5021028      6.8550957    
  19640000   1.0066374      6.7148862      1.5098646      6.8508074    
  19650000   1.0081739      6.7354859      1.5121693      6.8693439    
  19660000   0.99639457     6.736533       1.4945013      6.8654449    
  19670000   1.0072416      6.7236659      1.5107708      6.8542226    
  19680000   0.99658785     6.7202001      1.4947912      6.8483297    
  19690000   0.99516624     6.720784       1.4926589      6.8595863    
  19700000   1.0052525      6.7124842      1.5077874      6.8504339    
  19710000   1.0019136      6.7161286      1.5027793      6.8508918    
  19720000   0.99801956     6.7215814      1.4969386      6.8531969    
  19730000   1.0002088      6.726215       1.5002223      6.8607377    
  19740000   1.0044669      6.7154266      1.5066091      6.8547003    
  19750000   1.0038766      6.7148026      1.5057236      6.8452161    
  19760000   0.98745356     6.7334481      1.4810906      6.8639296    
  19770000   0.99456789     6.7247044      1.4917614      6.8552625    
  19780000   1.0052022      6.7139798      1.5077119      6.8523502    
  19790000   1.0007181      6.7197282      1.5009861      6.8534055    
  19800000   0.99737905     6.7229862      1.4959779      6.8523279    
  19810000   1.0049147      6.7268746      1.5072807      6.8543866    
  19820000   1.0132218      6.7338455      1.5197406      6.8628214    
  19830000   1.0052799      6.7362767      1.5078285      6.8666136    
  19840000   1.0027255      6.7215872      1.5039971      6.8551091    
  19850000   1.005266       6.7222671      1.5078076      6.862251     
  19860000   1.0031245      6.7133421      1.5045956      6.8485799    
  19870000   0.99411502     6.7038472      1.4910822      6.8481494    
  19880000   1.0082108      6.712593       1.5122245      6.8542284    
  19890000   1.000528       6.7014574      1.500701       6.8478766    
  19900000   1.0020375      6.7088398      1.5029652      6.8386263    
  19910000   1.0036678      6.7036896      1.5054105      6.8449269    
  19920000   1.0058243      6.7162089      1.508645       6.8558091    
  19930000   1.0090715      6.7226142      1.5135155      6.8623033    
  19940000   1.0027312      6.7223944      1.5040057      6.8590169    
  19950000   1.002011       6.7300834      1.5029253      6.8653718    
  19960000   1.000807       6.7122414      1.5011195      6.8528313    
  19970000   0.99575336     6.7035326      1.4935395      6.8457862    
  19980000   1.0047478      6.710417       1.5070304      6.8575214    
  19990000   1.0058573      6.7058349      1.5086944      6.8515289    
  20000000   1.0056701      6.7099479      1.5084138      6.8608204    
  20010000   1.005016       6.7033037      1.5074326      6.8506689    
  20020000   1.0038881      6.7055672      1.5057409      6.8584375    
  20030000   0.99972302     6.7207554      1.4994936      6.86557      
  20040000   1.006201       6.7071277      1.5092101      6.8592665    
  20050000   1.0024089      6.714537       1.5035222      6.8578896    
  20060000   1.0074817      6.7072628      1.5111309      6.8566507    
  20070000   1.0047567      6.7121696      1.5070437      6.8547046    
  20080000   1.0056098      6.7027017      1.5083233      6.8440552    
  20090000   0.99325927     6.7145285      1.4897986      6.8504526    
  20100000   1.0021777      6.7188216      1.5031754      6.8512906    
  20110000   0.9938815      6.7283077      1.4907319      6.8609166    
Loop time of 45063.3 on 1 procs for 20000000 steps with 16500 atoms

Performance: 191730.427 tau/day, 443.820 timesteps/s
99.4% CPU use with 1 MPI tasks x 1 OpenMP threads

MPI task timing breakdown:
Section |  min time  |  avg time  |  max time  |%varavg| %total
---------------------------------------------------------------
Pair    | 6587.6     | 6587.6     | 6587.6     |   0.0 | 14.62
Bond    | 4279       | 4279       | 4279       |   0.0 |  9.50
Neigh   | 17163      | 17163      | 17163      |   0.0 | 38.09
Comm    | 1048       | 1048       | 1048       |   0.0 |  2.33
Output  | 20.52      | 20.52      | 20.52      |   0.0 |  0.05
Modify  | 15237      | 15237      | 15237      |   0.0 | 33.81
Other   |            | 728.1      |            |       |  1.62

Nlocal:          16500 ave       16500 max       16500 min
Histogram: 1 0 0 0 0 0 0 0 0 0
Nghost:           5175 ave        5175 max        5175 min
Histogram: 1 0 0 0 0 0 0 0 0 0
Neighs:          26184 ave       26184 max       26184 min
Histogram: 1 0 0 0 0 0 0 0 0 0

Total # of neighbors = 26184
Ave neighs/atom = 1.5869091
Ave special neighs/atom = 1.8909091
Neighbor list builds = 1804442
Dangerous builds = 297640


write_data data*.xyz
System init for write_data ...
Generated 0 of 1 mixed pair_coeff terms from geometric mixing rule
WARNING: Not all mixed pair coeffs generated from mixing. Use write_data with 'pair ij' option to store all pair coeffs. (src/write_data.cpp:309)
write_restart 	restart.polymer_ring
System init for write_restart ...
Generated 0 of 1 mixed pair_coeff terms from geometric mixing rule

print "ALL done"
ALL done
Total wall time: 12:31:16
