
pair_style      lj/cut 4.0
pair_modify     shift yes
read_restart    prod.restart1
Reading restart file ...
  restart file = 23 Jun 2022, LAMMPS = 23 Jun 2022
  restoring atom style bond from restart
  orthogonal box = (-40 -40 -35) to (40 40 35)
  1 by 1 by 1 MPI processor grid
  restoring pair style lj/cut from restart
  restoring bond style fene from restart
  30000 atoms
  28800 bonds
Finding 1-2 1-3 1-4 neighbors ...
  special bond factors lj:    0        1        1       
  special bond factors coul:  0        1        1       
     2 = max # of 1-2 neighbors
     6 = max # of special neighbors
  special bonds CPU = 0.006 seconds
  read_restart CPU = 0.013 seconds

bond_style      fene
special_bonds   fene
bond_coeff      1 10.0 2.0 1.0 1.0

group polymerA type 1
15000 atoms in group polymerA
group polymerB type 2
15000 atoms in group polymerB
group receptorC type 3
0 atoms in group receptorC
group receptorD type 4
0 atoms in group receptorD
group polymer union polymerA polymerB
30000 atoms in group polymer
group ligand union receptorC receptorD
0 atoms in group ligand

# Polymer-Polymer
pair_coeff 1 1 0.5 1.0 2.5      # A-A
pair_coeff 2 2 0.5 1.0 2.5      # B-B
pair_coeff 1 2 0.25 1.0 2.5     # A-B

# Polymer-Receptor
pair_coeff 1 3 50.0 1.0 4.0     # A-C
pair_coeff 1 4 50.0 1.0 1.1225  # A-D
pair_coeff 2 3 50.0 1.0 1.1225  # B-C
pair_coeff 2 4 50.0 1.0 4.0     # B-D

# Receptor-Receptor
pair_coeff 3 3 1.0 1.0 1.1225
pair_coeff 4 4 1.0 1.0 1.1225
pair_coeff 3 4 1.0 1.0 1.1225

neighbor        1.0 bin

region upper_box block -40 40 -40 40 32.2 34.8
create_atoms 3 random 50 998273 upper_box   # receptor C
Created 50 atoms
  using lattice units in orthogonal box = (-40 -40 -35) to (40 40 35)
  create_atoms CPU = 0.000 seconds
create_atoms 4 random 50 123456 upper_box   # receptor D
Created 50 atoms
  using lattice units in orthogonal box = (-40 -40 -35) to (40 40 35)
  create_atoms CPU = 0.000 seconds

group receptorC type 3
50 atoms in group receptorC
group receptorD type 4
50 atoms in group receptorD
group ligand union receptorC receptorD
100 atoms in group ligand

fix wall_poly polymer wall/lj126 zlo -32 1.0 1.0 1.1225 zhi 32 1.0 1.0 1.1225

fix wall_lig ligand wall/lj126 zlo 32 1.0 1.0 1.1225 zhi 35 1.0 1.0 1.1225

#minimize 1.0e-4 1.0e-6 100 1000

fix 3 all nve/limit 0.01
run 10000
Generated 0 of 6 mixed pair_coeff terms from geometric mixing rule
Neighbor list info ...
  update every 1 steps, delay 10 steps, check yes
  max neighbors/atom: 2000, page size: 100000
  master list distance cutoff = 5
  ghost atom cutoff = 5
  binsize = 2.5, bins = 32 32 28
  1 neighbor lists, perpetual/occasional/extra = 1 0 0
  (1) pair lj/cut, perpetual
      attributes: half, newton on
      pair build: half/bin/newton
      stencil: half/bin/3d
      bin: standard
Per MPI rank memory allocation (min/avg/max) = 23.04 | 23.04 | 23.04 Mbytes
   Step          Temp          E_pair         E_mol          TotEng         Press     
     20000   0.99271394     3.6557539      8.0627278      13.207503      3.0050619    
     30000   0.24093761    -2.0275842      6.4425792      4.7763894     -0.00070031866
Loop time of 141.314 on 1 procs for 10000 steps with 30100 atoms

Performance: 30570.266 tau/day, 70.765 timesteps/s
100.0% CPU use with 1 MPI tasks x 1 OpenMP threads

MPI task timing breakdown:
Section |  min time  |  avg time  |  max time  |%varavg| %total
---------------------------------------------------------------
Pair    | 123.95     | 123.95     | 123.95     |   0.0 | 87.71
Bond    | 3.1692     | 3.1692     | 3.1692     |   0.0 |  2.24
Neigh   | 10.576     | 10.576     | 10.576     |   0.0 |  7.48
Comm    | 0.27062    | 0.27062    | 0.27062    |   0.0 |  0.19
Output  | 0.0001097  | 0.0001097  | 0.0001097  |   0.0 |  0.00
Modify  | 2.6016     | 2.6016     | 2.6016     |   0.0 |  1.84
Other   |            | 0.7455     |            |       |  0.53

Nlocal:          30100 ave       30100 max       30100 min
Histogram: 1 0 0 0 0 0 0 0 0 0
Nghost:           6851 ave        6851 max        6851 min
Histogram: 1 0 0 0 0 0 0 0 0 0
Neighs:    1.78261e+06 ave 1.78261e+06 max 1.78261e+06 min
Histogram: 1 0 0 0 0 0 0 0 0 0

Total # of neighbors = 1782609
Ave neighs/atom = 59.22289
Ave special neighs/atom = 1.9136213
Neighbor list builds = 196
Dangerous builds = 0
unfix 3

fix 3 all nve
fix 4 all langevin 1 1 1.0 90428

thermo_style    custom step temp pe ke ebond
thermo_modify   flush yes
thermo          10000
timestep        0.005

dump 1 all custom 50000 file_trajectory.bin id type x y z xu yu zu vx vy vz

restart 100000 prod.restart2 prod.restart3
run 20000000
Generated 0 of 6 mixed pair_coeff terms from geometric mixing rule
Per MPI rank memory allocation (min/avg/max) = 27.08 | 27.08 | 27.08 Mbytes
   Step          Temp          PotEng         KinEng         E_bond    
     30000   0.24093761     4.414995       0.36139441     6.4425792    
     40000   1.0047947      6.1275212      1.507142       6.9083805    
     50000   0.99916356     6.1508732      1.4986956      6.904954     
     60000   0.99074702     6.1564246      1.4860712      6.9060855    
     70000   0.99792758     6.166815       1.4968416      6.9073972    
     80000   0.9926882      6.1619956      1.4889828      6.9079445    
     90000   1.0003189      6.1726874      1.5004285      6.906889     
    100000   0.99831445     6.1736094      1.4974219      6.9090337    
    110000   1.0030755      6.1724003      1.5045633      6.9115767    
    120000   1.0010004      6.1631894      1.5014508      6.9084712    
    130000   0.99658685     6.1673798      1.4948306      6.90987      
    140000   0.99298952     6.1511234      1.4894348      6.9126892    
    150000   1.005799       6.1539245      1.5086483      6.9091809    
    160000   1.0015331      6.1424543      1.5022498      6.9016853    
    170000   0.99671117     6.1520727      1.4950171      6.9118817    
    180000   0.9953946      6.1444889      1.4930423      6.8982663    
    190000   0.99819747     6.1549162      1.4972465      6.9061056    
    200000   0.99730555     6.1627049      1.4959086      6.914013     
    210000   1.0012356      6.1644224      1.5018035      6.9002654    
    220000   0.99891993     6.1564098      1.4983301      6.90253      
    230000   1.0036346      6.1596175      1.5054019      6.9074923    
    240000   1.0034099      6.1616248      1.5050649      6.9101112    
    250000   1.0089345      6.1667133      1.5133515      6.9135048    
    260000   1.0018377      6.1681807      1.5027066      6.9125299    
    270000   0.998618       6.1559018      1.4978772      6.9053177    
    280000   1.0024335      6.1697821      1.5036003      6.9122401    
    290000   1.0026311      6.1649292      1.5038968      6.9048261    
    300000   0.99581024     6.1516822      1.4936657      6.9069868    
    310000   1.0014966      6.155233       1.5021949      6.9003917    
    320000   1.0005707      6.1484059      1.5008062      6.9002735    
    330000   0.9907842      6.1673084      1.4861269      6.9046594    
    340000   0.99686417     6.166652       1.4952466      6.9130077    
    350000   0.99997062     6.1603371      1.4999061      6.9078975    
    360000   0.99361432     6.1602315      1.490372       6.9076932    
    370000   0.99883164     6.1519776      1.4981977      6.9035598    
    380000   1.0024592      6.16264        1.5036388      6.9090644    
    390000   0.99779633     6.1627778      1.4966448      6.9077933    
    400000   1.0100006      6.1388758      1.5149505      6.9003425    
    410000   1.0022586      6.1614163      1.503338       6.9106741    
    420000   0.99844065     6.1435524      1.4976112      6.9016581    
    430000   1.0050332      6.1536268      1.5074997      6.9074939    
    440000   1.0063406      6.1476122      1.5094608      6.8989659    
    450000   1.001666       6.1498687      1.5024491      6.9089175    
    460000   1.0028948      6.165143       1.5042923      6.9116293    
    470000   1.0049276      6.1503315      1.5073414      6.9108967    
    480000   1.0016923      6.1434025      1.5024885      6.9023558    
    490000   1.0050321      6.1463661      1.5074981      6.9045424    
    500000   1.0000657      6.1378134      1.5000488      6.9092997    
    510000   0.99373916     6.1512395      1.4905592      6.9031598    
    520000   1.0048349      6.1544884      1.5072023      6.9135867    
    530000   0.9994289      6.1528176      1.4990935      6.9047065    
    540000   1.000497       6.1651497      1.5006956      6.9091378    
    550000   1.0094819      6.1522749      1.5141726      6.9124526    
    560000   1.0048755      6.1402443      1.5072632      6.9012099    
    570000   1.0010141      6.1526731      1.5014713      6.9088407    
    580000   0.99417258     6.1516076      1.4912093      6.910072     
    590000   0.99867263     6.1374995      1.4979592      6.9053831    
    600000   0.99707374     6.1580878      1.4955609      6.911564     
    610000   1.0002442      6.1388364      1.5003164      6.9092404    
    620000   1.0066073      6.1480536      1.5098608      6.9092507    
    630000   0.99741088     6.1698008      1.4960666      6.916542     
    640000   0.99379182     6.1652375      1.4906382      6.9130911    
    650000   0.99741239     6.1633282      1.4960689      6.9140296    
    660000   0.99688564     6.1534451      1.4952788      6.9087966    
    670000   0.9994321      6.1688508      1.4990983      6.9065413    
    680000   0.99692293     6.1518394      1.4953347      6.9030063    
    690000   0.9912119      6.1477313      1.4867685      6.9104683    
    700000   1.0007039      6.1478607      1.501006       6.9109353    
    710000   0.9988893      6.1336601      1.4982842      6.9087473    
    720000   1.0021872      6.1518017      1.5032309      6.9163683    
    730000   1.0040553      6.1443864      1.506033       6.9104261    
    740000   1.0007733      6.1418633      1.5011101      6.9150805    
    750000   0.99123647     6.1549649      1.4868053      6.9168083    
    760000   0.99882014     6.1375596      1.4981804      6.9037573    
    770000   0.99986142     6.1563747      1.4997423      6.9205096    
    780000   1.0019993      6.1488025      1.502949       6.9088054    
    790000   0.9966364      6.1555027      1.4949049      6.9162497    
    800000   0.99732535     6.1547414      1.4959383      6.9077134    
    810000   0.99217145     6.1476724      1.4882077      6.9097012    
    820000   1.0081807      6.1503856      1.5122207      6.9026804    
    830000   1.0033767      6.1539381      1.505015       6.9069474    
    840000   0.99315942     6.15745        1.4896896      6.9112035    
    850000   1.0018438      6.1384104      1.5027157      6.9008532    
    860000   0.99973755     6.1241449      1.4995565      6.8967923    
    870000   1.0016926      6.1351945      1.502489       6.9071404    
    880000   0.99846585     6.1366595      1.497649       6.9166383    
    890000   1.0044502      6.1373316      1.5066252      6.9109151    
    900000   0.99638295     6.1388844      1.4945248      6.9051641    
    910000   0.99479891     6.1382013      1.4921488      6.9060706    
    920000   1.0047614      6.1327075      1.507092       6.9060572    
    930000   0.99534054     6.145438       1.4929612      6.9040797    
    940000   1.0030176      6.145701       1.5044764      6.9105452    
    950000   0.99641776     6.1220922      1.494577       6.903703     
    960000   0.99255365     6.1463642      1.488781       6.9116309    
    970000   0.99205207     6.1365304      1.4880287      6.9070147    
    980000   0.99872286     6.1420938      1.4980345      6.9017497    
    990000   1.0047124      6.1257105      1.5070185      6.9060596    
   1000000   0.99577764     6.1270442      1.4936168      6.9099451    
   1010000   1.0026731      6.1290607      1.5039596      6.9079781    
   1020000   1.0011152      6.126593       1.501623       6.9039383    
   1030000   1.000604       6.142817       1.5008561      6.9101248    
   1040000   1.0010498      6.1428196      1.5015249      6.9121005    
   1050000   1.0016337      6.1364178      1.5024007      6.9042128    
   1060000   0.99731517     6.1488477      1.4959231      6.9162977    
   1070000   0.99414331     6.1442043      1.4911654      6.9113926    
   1080000   0.99324703     6.1557609      1.489821       6.9159692    
   1090000   0.99146224     6.1555241      1.4871439      6.9125241    
   1100000   1.0046537      6.1381061      1.5069305      6.9065332    
   1110000   1.0009349      6.1423691      1.5013525      6.9057283    
   1120000   0.99712076     6.1393643      1.4956315      6.9091802    
   1130000   0.9911781      6.1394555      1.4867178      6.9015196    
   1140000   0.99793428     6.1335421      1.4968517      6.9047133    
   1150000   1.0063621      6.1397344      1.509493       6.9033749    
   1160000   1.000328       6.149934       1.5004421      6.9078131    
   1170000   0.99211879     6.14033        1.4881287      6.9062468    
   1180000   0.99438716     6.1393663      1.4915312      6.9095703    
   1190000   0.99649522     6.1494355      1.4946932      6.9110498    
   1200000   0.99968544     6.1447303      1.4994783      6.9046054    
   1210000   1.0019275      6.1419415      1.5028413      6.9031974    
   1220000   1.005642       6.1525753      1.5084129      6.9111126    
   1230000   0.99885499     6.148908       1.4982327      6.9075756    
   1240000   0.9946592      6.1456143      1.4919392      6.9090361    
   1250000   1.0145169      6.1379225      1.5217248      6.9065946    
   1260000   1.0083355      6.1440147      1.512453       6.90178      
   1270000   1.0006126      6.142285       1.500869       6.9040966    
   1280000   1.0024824      6.1317472      1.5036736      6.8989002    
   1290000   1.0006085      6.131243       1.5008629      6.903612     
   1300000   0.99450805     6.1451722      1.4917125      6.907168     
   1310000   1.0061591      6.1341634      1.5091885      6.9028231    
   1320000   0.99953348     6.1422299      1.4992504      6.9128367    
   1330000   1.0025477      6.1342967      1.5037716      6.9111963    
   1340000   0.99584246     6.1110764      1.4937141      6.9020436    
   1350000   1.0030406      6.1207179      1.5045109      6.9059613    
   1360000   0.99445036     6.1252843      1.491626       6.9014113    
   1370000   0.99629698     6.137655       1.4943958      6.9150533    
   1380000   0.9936549      6.1307716      1.4904328      6.9041253    
   1390000   0.99927342     6.1384238      1.4988603      6.9083998    
   1400000   0.99783693     6.1282733      1.4967057      6.9104738    
   1410000   0.99593741     6.1427986      1.4938565      6.9146107    
   1420000   1.0051147      6.1185986      1.507622       6.8983252    
   1430000   0.99786277     6.1246809      1.4967444      6.9051997    
   1440000   1.0034371      6.1410161      1.5051056      6.9105602    
   1450000   1.0082776      6.1295422      1.5123662      6.9092861    
   1460000   1.0068549      6.1277903      1.5102322      6.8956297    
   1470000   1.0082202      6.1307129      1.5122801      6.9034749    
   1480000   1.0012134      6.130537       1.5017703      6.9096312    
   1490000   0.99819685     6.1223883      1.4972455      6.9027042    
   1500000   0.99461185     6.1195661      1.4918682      6.9072906    
   1510000   1.0052928      6.1328675      1.5078891      6.9098703    
   1520000   1.0006303      6.1214001      1.5008956      6.9014462    
   1530000   1.0036983      6.1335503      1.5054975      6.91013      
   1540000   1.0002595      6.1204013      1.5003394      6.8975389    
   1550000   0.99393335     6.1297047      1.4908505      6.9004759    
   1560000   0.99545445     6.134382       1.4931321      6.9078987    
   1570000   1.0077028      6.1145253      1.511504       6.8996682    
   1580000   0.99758033     6.1367119      1.4963208      6.9080885    
   1590000   1.0001734      6.1249342      1.5002102      6.9058296    
   1600000   1.005661       6.1321787      1.5084414      6.9086967    
   1610000   0.99670754     6.134585       1.4950116      6.9134325    
   1620000   0.99607862     6.1234929      1.4940683      6.9031178    
   1630000   0.99516447     6.1337503      1.4926971      6.9084197    
   1640000   1.0035455      6.144011       1.5052683      6.9121011    
   1650000   0.99483498     6.1224564      1.4922029      6.9024545    
   1660000   0.99876984     6.1263354      1.498105       6.8990358    
   1670000   0.99645089     6.1242292      1.4946267      6.9085578    
   1680000   0.99809579     6.1279127      1.497094       6.9100092    
   1690000   0.99109778     6.1230402      1.4865973      6.9057969    
   1700000   0.99661917     6.1225952      1.4948791      6.9091761    
   1710000   1.0019136      6.1156115      1.5028204      6.9098722    
   1720000   1.0009487      6.1118776      1.5013732      6.9077289    
   1730000   1.0025812      6.1314635      1.5038218      6.906566     
   1740000   1.0023676      6.142192       1.5035015      6.9231679    
   1750000   0.99436448     6.1198784      1.4914972      6.91012      
   1760000   1.0028146      6.1281324      1.5041719      6.9064002    
   1770000   1.0005777      6.1198262      1.5008166      6.9008877    
   1780000   1.0021982      6.1228751      1.5032474      6.9044774    
   1790000   1.00083        6.1161581      1.5011951      6.9073066    
   1800000   1.0001256      6.1272801      1.5001386      6.915906     
   1810000   1.0078481      6.1283973      1.5117219      6.9117404    
   1820000   0.99915534     6.1368335      1.4986832      6.9092374    
   1830000   1.0039013      6.1256085      1.5058019      6.9083485    
   1840000   1.0060736      6.142928       1.5090603      6.9095997    
   1850000   1.0027334      6.1366515      1.5040501      6.9106291    
   1860000   0.9938721      6.1475633      1.4907586      6.9142696    
   1870000   0.99577025     6.1322203      1.4936058      6.9028881    
   1880000   0.99883079     6.1206263      1.4981964      6.9066634    
   1890000   1.0010546      6.1230582      1.501532       6.9034338    
   1900000   0.99890274     6.1146982      1.4983043      6.903608     
   1910000   1.0028933      6.1319046      1.50429        6.9112052    
   1920000   0.99442349     6.1317499      1.4915857      6.9117103    
   1930000   0.99377816     6.1414396      1.4906177      6.9146199    
   1940000   1.0005855      6.1364639      1.5008284      6.90759      
   1950000   0.99962272     6.1238194      1.4993843      6.9068071    
   1960000   0.99469925     6.1302921      1.4919993      6.9084828    
   1970000   0.99564083     6.1435656      1.4934116      6.9061139    
   1980000   0.9958106      6.1285494      1.4936663      6.8985934    
   1990000   1.0001341      6.1339456      1.5001514      6.9107398    
   2000000   0.99962964     6.1100394      1.4993946      6.9017908    
   2010000   0.99684896     6.1319316      1.4952238      6.9066781    
   2020000   0.99796119     6.1276807      1.4968921      6.9069376    
   2030000   0.99984466     6.1253991      1.4997172      6.9090031    
   2040000   1.0051897      6.1329084      1.5077345      6.9174943    
   2050000   0.99966359     6.1185926      1.4994456      6.9056367    
   2060000   0.99681301     6.1207856      1.4951698      6.899732     
   2070000   0.99747246     6.1199313      1.496159       6.9044068    
   2080000   0.99432144     6.1189825      1.4914326      6.903835     
   2090000   1.0036773      6.118987       1.505466       6.9079684    
   2100000   1.0042116      6.1133677      1.5062674      6.9071967    
   2110000   1.0064926      6.1167253      1.5096887      6.91012      
   2120000   0.99539402     6.1074886      1.4930414      6.8966827    
   2130000   1.0036         6.1066684      1.50535        6.9047037    
   2140000   0.99588313     6.126097       1.4937751      6.9152301    
   2150000   0.99709181     6.1003776      1.495588       6.9036033    
   2160000   0.99684384     6.1099603      1.4952161      6.904087     
   2170000   1.0107968      6.1126861      1.5161448      6.9096188    
   2180000   1.0055524      6.1308008      1.5082786      6.9134659    
   2190000   0.99334708     6.1228303      1.4899711      6.9134953    
   2200000   1.0022259      6.1186391      1.5032889      6.90398      
   2210000   0.99519586     6.123271       1.4927442      6.9072644    
   2220000   1.0043312      6.1143199      1.5064468      6.904524     
   2230000   0.9996195      6.1223895      1.4993794      6.9154039    
   2240000   0.99624727     6.100367       1.4943213      6.9032077    
   2250000   0.99929293     6.125863       1.4988896      6.9102582    
   2260000   1.0033333      6.1204998      1.5049499      6.9062403    
   2270000   1.0066973      6.118172       1.5099958      6.9112506    
   2280000   0.99270276     6.1191118      1.4890047      6.9090164    
   2290000   1.0024313      6.1214925      1.503597       6.903107     
   2300000   1.0048428      6.1210945      1.5072141      6.9129732    
   2310000   0.99927283     6.1046795      1.4988595      6.9002524    
   2320000   0.99377779     6.1119473      1.4906172      6.9095256    
   2330000   0.99448442     6.1303424      1.4916771      6.9152024    
   2340000   1.0024286      6.1117297      1.5035929      6.9103277    
   2350000   0.99531079     6.1237045      1.4929166      6.9185309    
   2360000   1.0030873      6.1122867      1.504581       6.9061749    
   2370000   1.0073895      6.1144522      1.5110341      6.9033001    
   2380000   1.0014694      6.1289849      1.5021542      6.9113196    
   2390000   0.99630822     6.1070371      1.4944127      6.9088224    
   2400000   1.0011031      6.1202791      1.5016048      6.9084569    
   2410000   1.0015224      6.1199713      1.5022337      6.9046814    
   2420000   1.0086579      6.122408       1.5129365      6.9055805    
   2430000   1.003597       6.1107035      1.5053454      6.9095711    
   2440000   1.0127683      6.1235147      1.519102       6.9086251    
   2450000   0.99892716     6.1235352      1.498341       6.9109972    
   2460000   1.0003788      6.1149481      1.5005183      6.9089109    
   2470000   1.0009362      6.1117245      1.5013544      6.9117618    
   2480000   0.99988586     6.1199121      1.499779       6.9107996    
   2490000   0.99386878     6.1202193      1.4907536      6.9168761    
   2500000   1.0014706      6.1036638      1.5021559      6.9026889    
   2510000   1.0071178      6.1007562      1.5106266      6.9072029    
   2520000   0.99575539     6.1135055      1.4935835      6.9082449    
   2530000   1.0012164      6.1018728      1.5017747      6.9003322    
   2540000   0.99795029     6.0976229      1.4968757      6.903482     
   2550000   1.0051517      6.1039018      1.5076775      6.9040432    
   2560000   1.0018304      6.1060355      1.5026957      6.9085445    
   2570000   1.0075038      6.1246959      1.5112055      6.9094794    
   2580000   0.99960107     6.1061587      1.4993518      6.9106699    
   2590000   1.000557       6.0996288      1.5007856      6.9032054    
   2600000   0.99865413     6.1087469      1.4979314      6.9122372    
   2610000   1.0031305      6.115565       1.5046458      6.9127875    
   2620000   1.0105886      6.1235527      1.5158325      6.9120398    
   2630000   1.0011126      6.1247536      1.501619       6.9136881    
   2640000   1.0035847      6.1018033      1.5053271      6.9053624    
   2650000   1.0059951      6.119646       1.5089426      6.909428     
   2660000   0.99963069     6.1255606      1.4993962      6.9037173    
   2670000   1.0022432      6.1050842      1.5033148      6.8946514    
   2680000   1.0042186      6.1414963      1.5062778      6.9144835    
   2690000   0.99614389     6.1316702      1.4941662      6.9161586    
   2700000   0.99221916     6.132113       1.4882793      6.9063093    
   2710000   1.0021235      6.1265024      1.5031353      6.8973689    
   2720000   1.0015472      6.1318694      1.5022709      6.9109031    
   2730000   1.0095318      6.1317932      1.5142474      6.9045071    
   2740000   1.0098011      6.1341084      1.5146514      6.9127996    
   2750000   1.0009293      6.1258686      1.5013441      6.9110503    
   2760000   0.995418       6.1377116      1.4930774      6.9089223    
   2770000   1.0047783      6.1284023      1.5071174      6.9069168    
   2780000   1.0004173      6.1174826      1.500576       6.9052024    
   2790000   1.0046776      6.1239656      1.5069663      6.9063457    
   2800000   1.0005555      6.1245313      1.5007834      6.9081459    
   2810000   1.0088198      6.1187927      1.5131794      6.9073265    
   2820000   0.99750764     6.121881       1.4962117      6.9066266    
   2830000   1.0104108      6.1370087      1.5155659      6.9134433    
   2840000   1.0054024      6.1357005      1.5080535      6.9057293    
   2850000   1.0045354      6.1338669      1.506753       6.9101825    
   2860000   0.99881962     6.1315673      1.4981797      6.9080576    
   2870000   1.0019598      6.1320031      1.5028898      6.9089453    
   2880000   0.99780962     6.1221951      1.4966647      6.9158227    
   2890000   1.0052003      6.1145852      1.5077504      6.9026821    
   2900000   0.99571904     6.1201712      1.4935289      6.90587      
   2910000   0.99282741     6.1190095      1.4891916      6.9104318    
   2920000   1.0025535      6.1254728      1.5037803      6.9135746    
   2930000   0.99536419     6.1120735      1.4929967      6.8973235    
   2940000   1.0044691      6.1328598      1.5066536      6.9150341    
   2950000   0.99894297     6.1174886      1.4983647      6.8966673    
   2960000   0.99594829     6.1217422      1.4938728      6.9110532    
   2970000   1.0034956      6.1263947      1.5051934      6.9100366    
   2980000   0.99968686     6.1181731      1.4994805      6.9084889    
   2990000   0.99506883     6.1247353      1.4925537      6.9123479    
   3000000   0.99767727     6.1282014      1.4964662      6.9101527    
   3010000   1.0001582      6.1289976      1.5001875      6.912424     
   3020000   0.9999001      6.1136914      1.4998003      6.9108728    
   3030000   0.99648476     6.1119235      1.4946775      6.9057808    
   3040000   1.0048949      6.1095364      1.5072922      6.9072843    
   3050000   1.0052268      6.1217756      1.5077901      6.9100959    
   3060000   0.99468489     6.1111501      1.4919778      6.9059562    
   3070000   0.99825022     6.099831       1.4973256      6.9023556    
   3080000   0.99806641     6.1180224      1.4970499      6.9074446    
   3090000   1.0014488      6.1161821      1.5021234      6.9054819    
   3100000   1.0003331      6.1135231      1.5004498      6.9054332    
   3110000   1.0044793      6.1026866      1.5066689      6.9011833    
   3120000   1.0035721      6.1134953      1.5053082      6.9076842    
   3130000   0.99939838     6.1073577      1.4990478      6.9065264    
   3140000   0.99839689     6.1088666      1.4975456      6.9070312    
   3150000   1.0036084      6.1217551      1.5053626      6.9068583    
   3160000   1.0034258      6.1118284      1.5050888      6.9070324    
   3170000   0.99887866     6.1173731      1.4982682      6.9068788    
   3180000   0.99120075     6.1226751      1.4867517      6.918869     
   3190000   0.99708079     6.114582       1.4955715      6.9087411    
   3200000   0.9991856      6.1136446      1.4987286      6.9061078    
   3210000   0.99946228     6.1163602      1.4991436      6.9031538    
   3220000   1.0022648      6.1140734      1.5033472      6.9038555    
   3230000   1.0033802      6.116499       1.5050203      6.9089958    
   3240000   1.0054008      6.0962202      1.5080512      6.9034445    
   3250000   0.99860133     6.1143886      1.4978522      6.9141192    
   3260000   0.99924898     6.1183703      1.4988237      6.9076191    
   3270000   0.99574198     6.1202342      1.4935633      6.912303     
   3280000   1.00631        6.1228581      1.5094148      6.9106181    
   3290000   0.99756368     6.1227719      1.4962958      6.9123854    
   3300000   1.0023096      6.1238631      1.5034145      6.9039695    
   3310000   0.99699634     6.126118       1.4954448      6.9127898    
   3320000   0.99106994     6.1081801      1.4865555      6.9013714    
   3330000   0.99585953     6.1055831      1.4937397      6.9010618    
   3340000   1.0054661      6.0998529      1.5081491      6.8988507    
   3350000   0.99501632     6.1285271      1.4924749      6.9108466    
   3360000   1.0030304      6.1213574      1.5044956      6.9053297    
   3370000   0.99766499     6.1192826      1.4964478      6.9098302    
   3380000   1.0016613      6.1060011      1.502442       6.9048503    
   3390000   0.99851628     6.1337637      1.4977247      6.916273     
   3400000   0.99740998     6.1043755      1.4960653      6.8996105    
   3410000   0.99819243     6.1123213      1.4972389      6.9044661    
   3420000   1.005419       6.0975556      1.5080784      6.9035785    
   3430000   0.99560108     6.0983992      1.493352       6.9083136    
   3440000   1.0002325      6.1002868      1.5002989      6.908633     
   3450000   1.0027561      6.0954725      1.5040842      6.9072546    
   3460000   1.0012579      6.0991719      1.5018369      6.9064204    
   3470000   0.99656595     6.1050049      1.4947993      6.9063527    
   3480000   0.99975818     6.1044107      1.4995875      6.9094374    
   3490000   0.99986089     6.0954279      1.4997415      6.9121806    
   3500000   0.99994044     6.0952054      1.4998608      6.9054629    
   3510000   1.0101029      6.0981144      1.5151041      6.9036685    
   3520000   1.0037426      6.0954498      1.5055638      6.9013356    
   3530000   0.99663277     6.112317       1.4948995      6.9092031    
   3540000   1.0015097      6.1012906      1.5022147      6.908624     
   3550000   0.99656677     6.0832083      1.4948005      6.9012234    
   3560000   1.0014989      6.1007422      1.5021984      6.9071746    
   3570000   0.9987402      6.111462       1.4980605      6.9103705    
   3580000   0.99668597     6.1031178      1.4949793      6.9085457    
   3590000   1.0012733      6.092991       1.5018601      6.9059143    
   3600000   1.0019466      6.1022719      1.50287        6.9020128    
   3610000   1.0005771      6.0898426      1.5008158      6.9037416    
   3620000   0.99922892     6.102252       1.4987936      6.9098108    
   3630000   0.99956503     6.1054301      1.4992977      6.9098261    
   3640000   0.9920739      6.1033526      1.4880614      6.9055991    
   3650000   1.006749       6.0825653      1.5100734      6.8972859    
   3660000   0.99885552     6.0996706      1.4982335      6.9077775    
   3670000   0.99669722     6.1010637      1.4949962      6.9059399    
   3680000   0.99376553     6.0893953      1.4905988      6.900965     
   3690000   0.9956877      6.113211       1.4934819      6.9109202    
   3700000   1.0019083      6.1143142      1.5028125      6.9120358    
   3710000   1.0056974      6.1151754      1.5084959      6.9130287    
   3720000   0.99315299     6.1033018      1.48968        6.9120952    
   3730000   1.0024154      6.1116221      1.5035731      6.9064235    
   3740000   0.99837863     6.1081418      1.4975182      6.9094275    
   3750000   1.0088456      6.1024491      1.5132181      6.9136835    
   3760000   1.0026134      6.0853409      1.5038701      6.9080427    
   3770000   1.0027001      6.1066175      1.5040001      6.9092641    
   3780000   0.99591951     6.1041551      1.4938296      6.9054094    
   3790000   1.0103942      6.1132028      1.515541       6.9099017    
   3800000   0.99670421     6.1084527      1.4950066      6.905696     
   3810000   0.99709413     6.1084742      1.4955915      6.9024169    
   3820000   0.99882466     6.1046867      1.4981872      6.9079628    
   3830000   1.0090488      6.0940905      1.5135229      6.9053223    
   3840000   0.99567535     6.09758        1.4934634      6.9026888    
   3850000   0.99838434     6.1217972      1.4975268      6.9150455    
   3860000   0.9997099      6.1287723      1.499515       6.9108522    
   3870000   0.99574615     6.13038        1.4935696      6.9149443    
   3880000   0.99612386     6.1183568      1.4941362      6.9159917    
   3890000   0.9981823      6.1110126      1.4972237      6.9058599    
   3900000   1.0027311      6.1085933      1.5040466      6.9001773    
   3910000   0.99302566     6.1215772      1.489489       6.9095637    
   3920000   1.0071588      6.1166236      1.5106881      6.9123833    
   3930000   0.99445394     6.1121713      1.4916314      6.9095915    
   3940000   1.000281       6.0998547      1.5003716      6.9081852    
   3950000   0.99821501     6.0871529      1.4972728      6.8971037    
   3960000   1.0082379      6.0963065      1.5123065      6.9059185    
   3970000   0.9953876      6.1149571      1.4930318      6.9106001    
   3980000   1.0069061      6.0947755      1.510309       6.899799     
   3990000   1.0012746      6.1145395      1.501862       6.9126972    
   4000000   1.0065671      6.1175069      1.5098005      6.9068727    
   4010000   1.0052669      6.1180956      1.5078503      6.9099958    
   4020000   1.0034299      6.1164194      1.5050948      6.906228     
   4030000   1.0010976      6.1082136      1.5015966      6.8967118    
   4040000   0.99656063     6.1014807      1.4947913      6.9017857    
   4050000   0.99776143     6.1076254      1.4965924      6.9073449    
   4060000   0.9880467      6.1194824      1.4820208      6.9174512    
   4070000   0.99892993     6.1086515      1.4983451      6.9067912    
   4080000   0.99979824     6.0938334      1.4996475      6.9010303    
   4090000   0.99370246     6.0972255      1.4905042      6.9008245    
   4100000   1.0064448      6.0956741      1.5096171      6.90548      
   4110000   1.0005937      6.1038653      1.5008408      6.9077072    
   4120000   0.99393105     6.0906126      1.490847       6.902229     
   4130000   1.003027       6.1119361      1.5044906      6.9091211    
   4140000   0.99770224     6.1143839      1.4965036      6.9111867    
   4150000   0.99632022     6.1094611      1.4944307      6.9094822    
   4160000   0.99889445     6.0977747      1.4982919      6.9046577    
   4170000   1.0085736      6.1020335      1.5128101      6.9043245    
   4180000   1.0016865      6.098454       1.5024798      6.9061272    
   4190000   1.0095803      6.1098691      1.5143202      6.9033815    
   4200000   0.99836022     6.1113982      1.4974906      6.9092599    
   4210000   1.0017722      6.1135677      1.5026084      6.9037419    
   4220000   0.99964741     6.1206959      1.4994213      6.9177794    
   4230000   0.99590651     6.1175737      1.4938101      6.9056802    
   4240000   1.003964       6.1173113      1.505896       6.9101484    
   4250000   1.0002869      6.1129462      1.5003805      6.9078422    
   4260000   0.98847701     6.1174709      1.4826662      6.904195     
   4270000   0.99977915     6.1046599      1.4996189      6.9064486    
   4280000   1.0062827      6.1000468      1.5093739      6.9070521    
   4290000   1.00187        6.1034378      1.5027551      6.9054463    
   4300000   0.99753719     6.1030396      1.4962561      6.9058232    
   4310000   1.0017349      6.091732       1.5025525      6.8980075    
   4320000   0.99740427     6.1041768      1.4960567      6.91351      
   4330000   1.0038863      6.110532       1.5057794      6.905275     
   4340000   0.99622021     6.1133004      1.4942807      6.9099448    
   4350000   1.0076555      6.0995336      1.5114331      6.9081423    
   4360000   0.99627377     6.0886536      1.494361       6.9053828    
   4370000   1.008115       6.0934768      1.5121223      6.9064034    
   4380000   0.99936598     6.0952598      1.4989992      6.9103143    
   4390000   1.0012184      6.0977702      1.5017777      6.9085774    
   4400000   1.0002636      6.0856282      1.5003455      6.9030797    
   4410000   0.99808352     6.0810402      1.4970755      6.9007123    
   4420000   1.0031356      6.0895594      1.5046534      6.9078493    
   4430000   0.99366662     6.0833756      1.4904504      6.9061487    
   4440000   1.0064217      6.0980707      1.5095823      6.907212     
   4450000   1.0026723      6.0947742      1.5039585      6.9078845    
   4460000   1.0034679      6.081735       1.5051518      6.9037128    
   4470000   1.0027475      6.0855479      1.5040714      6.9058115    
   4480000   0.99679661     6.0904425      1.4951452      6.9090049    
   4490000   1.0079873      6.1069819      1.5119307      6.9111127    
   4500000   1.008923       6.0937544      1.5133342      6.907776     
   4510000   1.0008418      6.0968488      1.5012128      6.9022598    
   4520000   0.9959628      6.0997023      1.4938946      6.9085839    
   4530000   0.99323151     6.1162137      1.4897978      6.9089453    
   4540000   0.9917843      6.106746       1.487627       6.9138046    
   4550000   0.99660754     6.1039016      1.4948617      6.9085419    
   4560000   0.99951609     6.0936014      1.4992243      6.9097922    
   4570000   0.99101646     6.0940853      1.4864753      6.9002512    
   4580000   1.0032061      6.1032829      1.5047591      6.9081902    
   4590000   1.0068793      6.114974       1.5102688      6.9099874    
   4600000   1.0083232      6.1049498      1.5124345      6.913359     
   4610000   0.99722337     6.0957178      1.4957854      6.9066724    
   4620000   0.9972815      6.1100974      1.4958725      6.9073969    
   4630000   0.99216106     6.099802       1.4881922      6.9080441    
   4640000   0.99404574     6.0951283      1.4910191      6.9029892    
   4650000   0.99482361     6.1068115      1.4921858      6.9047111    
   4660000   1.0039101      6.1106062      1.5058151      6.9062214    
   4670000   1.0018791      6.1048341      1.5027687      6.9079684    
   4680000   0.99912964     6.1016035      1.4986447      6.9042077    
   4690000   0.99956635     6.107097       1.4992997      6.907859     
   4700000   1.0051744      6.111615       1.5077116      6.9025178    
   4710000   0.99805664     6.098933       1.4970352      6.8976082    
   4720000   0.99936155     6.095917       1.4989925      6.9034693    
   4730000   0.99982511     6.089235       1.4996878      6.903469     
   4740000   1.0023286      6.079759       1.503443       6.8961788    
   4750000   1.0001926      6.0974055      1.500239       6.9089064    
   4760000   0.99716967     6.084286       1.4957048      6.9031383    
   4770000   0.99307478     6.0919055      1.4895627      6.9044297    
   4780000   0.99641391     6.0838674      1.4945712      6.9038631    
   4790000   0.99624659     6.0832934      1.4943202      6.9080729    
   4800000   1.0026355      6.0901246      1.5039033      6.9100859    
   4810000   0.99394331     6.0884481      1.4908654      6.9083025    
   4820000   0.99789364     6.0933495      1.4967907      6.9140523    
   4830000   1.0028684      6.0979041      1.5042526      6.9120491    
   4840000   1.0030353      6.0837445      1.5045029      6.9008866    
   4850000   0.99693535     6.0865395      1.4953534      6.9047179    
   4860000   0.99820747     6.0969162      1.4972615      6.9103604    
   4870000   1.0038493      6.1076891      1.5057239      6.9133798    
   4880000   1.0024206      6.0814813      1.5035809      6.9033173    
   4890000   0.99641387     6.0731263      1.4945711      6.9029564    
   4900000   0.9972983      6.0779655      1.4958977      6.9050178    
   4910000   0.99795882     6.0896522      1.4968885      6.9088417    
   4920000   1.0014265      6.0922418      1.5020898      6.905045     
   4930000   0.99372872     6.090244       1.4905436      6.9009022    
   4940000   0.99822091     6.0799508      1.4972816      6.9027317    
   4950000   1.0040159      6.0985506      1.5059738      6.9156697    
   4960000   0.99696848     6.094201       1.495403       6.9035502    
   4970000   1.0011047      6.0996826      1.5016071      6.9128554    
   4980000   1.0053542      6.0945402      1.5079813      6.9005962    
   4990000   0.99785315     6.112103       1.49673        6.9101315    
   5000000   1.0127334      6.0949375      1.5190496      6.8989384    
   5010000   0.99968893     6.1012325      1.4994836      6.9055484    
   5020000   0.99200621     6.1028987      1.4879599      6.9076025    
   5030000   0.98875397     6.1102763      1.4830817      6.9105691    
   5040000   0.99738844     6.0750402      1.496033       6.8976284    
   5050000   1.0068711      6.0787462      1.5102565      6.9098776    
   5060000   1.0047335      6.0822414      1.5070502      6.9045536    
   5070000   1.0086059      6.0951208      1.5128586      6.9045461    
   5080000   0.98691714     6.0907756      1.4803265      6.9031913    
   5090000   1.0019523      6.0913984      1.5028785      6.9082283    
   5100000   1.0046099      6.094533       1.5068648      6.908878     
   5110000   1.0055318      6.0801524      1.5082476      6.9061123    
   5120000   0.99338178     6.0997144      1.4900232      6.9123526    
   5130000   0.99981111     6.0922834      1.4996668      6.9071113    
   5140000   0.98968895     6.0961025      1.4844841      6.9107884    
   5150000   0.99867639     6.0810079      1.4979648      6.9103892    
   5160000   0.99243727     6.0736003      1.4886065      6.905013     
   5170000   1.0008676      6.0768283      1.5012516      6.9089122    
   5180000   0.99904927     6.0905541      1.4985241      6.9048024    
   5190000   0.98986985     6.0944089      1.4847554      6.9058627    
   5200000   0.99349514     6.0845315      1.4901932      6.8993089    
   5210000   1.0066445      6.0891599      1.5099167      6.8999255    
   5220000   1.0021141      6.0870596      1.5031213      6.9032192    
   5230000   1.0017122      6.0962757      1.5025183      6.9036897    
   5240000   0.99664583     6.0821746      1.4949191      6.8951409    
   5250000   0.99456095     6.0938668      1.4917919      6.9081709    
   5260000   1.0009512      6.0957696      1.5013769      6.9122752    
   5270000   0.98766736     6.0807598      1.4814518      6.9031531    
   5280000   0.99242224     6.0863264      1.4885839      6.9044951    
   5290000   1.0006451      6.0874395      1.5009177      6.9080274    
   5300000   0.99876369     6.093528       1.4980958      6.9101181    
   5310000   0.99600965     6.0916316      1.4939648      6.9022682    
   5320000   1.0022648      6.0933813      1.5033472      6.9051148    
   5330000   1.0029583      6.1021544      1.5043875      6.9123699    
   5340000   1.0019114      6.0891381      1.5028172      6.9020285    
   5350000   1.0013961      6.0936232      1.5020443      6.9073165    
   5360000   0.99415976     6.0918007      1.4911901      6.9016704    
   5370000   1.0042703      6.0967859      1.5063555      6.9083359    
   5380000   1.0032521      6.0953012      1.5048281      6.9122877    
   5390000   0.99944298     6.1121503      1.4991147      6.9082529    
   5400000   1.0005986      6.1012494      1.500848       6.9076289    
   5410000   1.0037681      6.0979037      1.5056021      6.9068511    
   5420000   1.0061261      6.0817229      1.509139       6.9020981    
   5430000   0.99718943     6.0770526      1.4957344      6.9110003    
   5440000   0.99923383     6.0774943      1.498801       6.9080675    
   5450000   0.99951866     6.0975765      1.4992282      6.9115607    
   5460000   0.99859922     6.0887703      1.4978491      6.9044801    
   5470000   0.99814277     6.0988602      1.4971644      6.9116374    
   5480000   0.99456337     6.0912738      1.4917955      6.9028311    
   5490000   1.0007776      6.0880668      1.5011165      6.9110272    
   5500000   1.0006981      6.0902413      1.5009973      6.8979319    
   5510000   0.99353012     6.1023148      1.4902457      6.906984     
   5520000   1.0003301      6.1076512      1.5004453      6.9088181    
   5530000   0.9908767      6.0970499      1.4862657      6.9063259    
   5540000   1.0015247      6.0925586      1.5022371      6.9022633    
   5550000   0.98985305     6.099261       1.4847302      6.9095141    
   5560000   0.98882892     6.0846801      1.4831941      6.8987636    
   5570000   1.0046244      6.0841019      1.5068865      6.9056659    
   5580000   1.0033113      6.0901678      1.5049169      6.8965827    
   5590000   0.99187748     6.1029011      1.4877668      6.9157976    
   5600000   0.99817637     6.0842685      1.4972148      6.9047879    
   5610000   1.0050651      6.0803368      1.5075476      6.9070625    
   5620000   0.99639715     6.0931666      1.4945461      6.9092485    
   5630000   0.99722361     6.0684843      1.4957857      6.8956601    
   5640000   0.99951405     6.0955427      1.4992213      6.9080759    
   5650000   0.99736681     6.0959208      1.4960005      6.9078133    
   5660000   1.002797       6.1007712      1.5041455      6.9065696    
   5670000   1.0041971      6.091361       1.5062456      6.9071544    
   5680000   1.0023012      6.084913       1.5034018      6.901738     
   5690000   1.001629       6.10972        1.5023937      6.9115907    
   5700000   1.0022386      6.0854378      1.5033079      6.9034345    
   5710000   0.9963386      6.1043405      1.4944582      6.9084973    
   5720000   0.99165975     6.1094964      1.4874402      6.9115939    
   5730000   1.009592       6.0912254      1.5143376      6.9115444    
   5740000   0.99603691     6.0917559      1.4940057      6.9118368    
   5750000   0.9901112      6.0911176      1.4851175      6.9025042    
   5760000   0.99914541     6.1047859      1.4986683      6.9123258    
   5770000   1.0093731      6.0989013      1.5140093      6.9109027    
   5780000   1.0034856      6.0949216      1.5051784      6.9110288    
   5790000   1.0028184      6.0899905      1.5041777      6.9038081    
   5800000   0.9994274      6.0886149      1.4990913      6.9031672    
   5810000   1.0038022      6.0897492      1.5056533      6.9100792    
   5820000   0.99965736     6.1000157      1.4994362      6.9151819    
   5830000   1.0003567      6.0965788      1.5004852      6.9092103    
   5840000   0.99742888     6.0823821      1.4960936      6.8989528    
   5850000   1.0061099      6.0814847      1.5091148      6.9074832    
   5860000   1.0063269      6.085535       1.5094402      6.9080638    
   5870000   1.0007585      6.0897339      1.5010879      6.9088042    
   5880000   0.997507       6.0807839      1.4962108      6.8975428    
   5890000   0.99993481     6.0775074      1.4998524      6.9039809    
   5900000   0.99755727     6.0957277      1.4962862      6.9074123    
   5910000   1.0012166      6.0846093      1.5017751      6.9079659    
   5920000   1.0065309      6.0939765      1.5097463      6.9145523    
   5930000   0.99946744     6.0871332      1.4991513      6.9071468    
   5940000   0.99864727     6.0751175      1.4979211      6.9094202    
   5950000   0.99723633     6.0774795      1.4958048      6.90668      
   5960000   0.99735529     6.072603       1.4959832      6.8983622    
   5970000   0.99497876     6.0855305      1.4924186      6.9140488    
   5980000   0.99371495     6.0733741      1.4905229      6.9062582    
   5990000   0.99690374     6.0769061      1.4953059      6.9058909    
   6000000   1.0094376      6.0815724      1.5141061      6.9083034    
   6010000   1.0001434      6.0664702      1.5001653      6.8943955    
   6020000   0.99421828     6.0633619      1.4912779      6.9011716    
   6030000   0.99322351     6.0674391      1.4897858      6.9005289    
   6040000   0.99676401     6.0712566      1.4950963      6.9021983    
   6050000   1.0050415      6.0736479      1.5075121      6.8996701    
   6060000   1.0015532      6.0858117      1.5022799      6.9104471    
   6070000   0.9908205      6.0744805      1.4861814      6.9067652    
   6080000   1.0013327      6.0804135      1.5019491      6.9139194    
   6090000   0.99271607     6.0768056      1.4890246      6.9007042    
   6100000   1.010996       6.0728063      1.5164436      6.9043728    
   6110000   0.99318085     6.0797081      1.4897218      6.9016785    
   6120000   1.0017043      6.089813       1.5025065      6.9080067    
   6130000   0.99004253     6.0741823      1.4850145      6.8993292    
   6140000   1.0008733      6.0843447      1.50126        6.9070757    
   6150000   1.0038509      6.0760003      1.5057263      6.9010163    
   6160000   1.0032743      6.0778821      1.5048614      6.9022093    
   6170000   0.99928072     6.070627       1.4988713      6.9007038    
   6180000   1.0015154      6.0784444      1.5022232      6.9101284    
   6190000   0.9969806      6.0582463      1.4954212      6.9005537    
   6200000   1.0033756      6.0809976      1.5050134      6.9121677    
   6210000   1.0003209      6.0799518      1.5004315      6.9102333    
   6220000   1.0036702      6.0832414      1.5054553      6.9071092    
   6230000   0.99325458     6.0760167      1.4898324      6.8988501    
   6240000   0.99673395     6.0815441      1.4950513      6.911265     
   6250000   0.99227129     6.08778        1.4883575      6.9081532    
   6260000   1.0044805      6.079337       1.5066707      6.9022209    
   6270000   0.99897637     6.0713603      1.4984148      6.9040249    
   6280000   0.99478296     6.0898217      1.4921249      6.9147764    
   6290000   0.99837814     6.0761044      1.4975175      6.903679     
   6300000   0.99728907     6.0808505      1.4958839      6.9089121    
   6310000   1.0006245      6.0828701      1.5008869      6.9120475    
   6320000   0.99162362     6.0885715      1.487386       6.9105192    
   6330000   1.0121724      6.0656197      1.5182082      6.8923314    
   6340000   1.0026697      6.079171       1.5039546      6.9057183    
   6350000   0.99100075     6.0932287      1.4864517      6.9120054    
   6360000   1.0095553      6.0898394      1.5142827      6.9105327    
   6370000   1.0009165      6.0867188      1.5013249      6.9008671    
   6380000   0.99622703     6.0787729      1.4942909      6.9106027    
   6390000   1.0031441      6.0783541      1.5046662      6.9037602    
   6400000   1.0023926      6.0853829      1.5035389      6.9090644    
   6410000   0.99553813     6.0776698      1.4932576      6.9097988    
   6420000   0.99301449     6.0887776      1.4894723      6.9086615    
   6430000   0.9990662      6.0948781      1.4985495      6.9098038    
   6440000   1.0069374      6.1015366      1.510356       6.9102274    
   6450000   1.001189       6.0700199      1.5017336      6.9014754    
   6460000   0.99254181     6.0713536      1.4887633      6.9014697    
   6470000   1.0012465      6.0831026      1.5018198      6.9195946    
   6480000   1.0005652      6.0748925      1.5007979      6.8962937    
   6490000   1.0065257      6.0906297      1.5097383      6.910455     
   6500000   1.0027764      6.0754956      1.5041146      6.9022965    
   6510000   0.99549263     6.0728105      1.4931893      6.8991972    
   6520000   0.99477842     6.0696743      1.4921181      6.9021019    
   6530000   0.99968944     6.0758251      1.4994843      6.9030075    
   6540000   1.0015563      6.0708855      1.5022845      6.9059331    
   6550000   1.0057872      6.0764133      1.5086306      6.9053271    
   6560000   1.007961       6.0824154      1.5118913      6.9013364    
   6570000   1.0014388      6.0833646      1.5021082      6.9084984    
   6580000   1.0006349      6.090808       1.5009025      6.9026592    
   6590000   0.99305915     6.0773497      1.4895392      6.9093543    
   6600000   1.0039046      6.0776722      1.5058068      6.9086604    
   6610000   1.0016424      6.0935482      1.5024137      6.9034844    
   6620000   1.0022541      6.0849219      1.5033312      6.8999591    
   6630000   0.99716587     6.0904721      1.4956991      6.9074366    
   6640000   0.99841604     6.0968084      1.4975743      6.9127504    
   6650000   0.99498615     6.0705393      1.4924296      6.9052518    
   6660000   0.9972868      6.0832822      1.4958805      6.9105432    
   6670000   0.99174108     6.0770896      1.4875622      6.9053684    
   6680000   0.9953075      6.0806734      1.4929117      6.8987802    
   6690000   1.0075294      6.0790385      1.5112439      6.8989578    
   6700000   1.0003414      6.0888123      1.5004622      6.9139106    
   6710000   0.99332442     6.0854177      1.4899371      6.9091063    
   6720000   0.99837125     6.0738243      1.4975071      6.9036297    
   6730000   1.0019377      6.0696278      1.5028566      6.9042048    
   6740000   0.99966541     6.06025        1.4994483      6.9045068    
   6750000   1.0086784      6.066717       1.5129673      6.8976109    
   6760000   1.0000901      6.0751482      1.5000853      6.9045345    
   6770000   0.998627       6.0822917      1.4978907      6.9093962    
   6780000   0.99936075     6.0747398      1.4989913      6.90699      
   6790000   1.0086125      6.0804444      1.5128685      6.9006345    
   6800000   1.0069258      6.0889087      1.5103385      6.9158778    
   6810000   1.0025523      6.0590522      1.5037785      6.9001047    
   6820000   0.99902595     6.0823842      1.4984891      6.9081564    
   6830000   0.99955391     6.0783719      1.4992811      6.9111791    
   6840000   0.9951117      6.0773431      1.492618       6.9084797    
   6850000   0.99954965     6.0800744      1.4992747      6.909387     
   6860000   1.0038243      6.0786793      1.5056865      6.9085383    
   6870000   1.0055049      6.0837561      1.5082072      6.9069066    
   6880000   1.0013234      6.0762365      1.5019353      6.9138236    
   6890000   0.99271313     6.06374        1.4890202      6.9029328    
   6900000   0.99837424     6.0771991      1.4975116      6.9065251    
   6910000   0.99887288     6.0705172      1.4982595      6.9054853    
   6920000   0.99460102     6.0723812      1.491852       6.9053614    
   6930000   1.0039641      6.0912242      1.5058962      6.9124969    
   6940000   1.0062597      6.0768819      1.5093394      6.9076061    
   6950000   0.99548208     6.0820574      1.4931735      6.9081406    
   6960000   0.99972817     6.0704759      1.4995424      6.907235     
   6970000   0.9995771      6.0811676      1.4993158      6.905436     
   6980000   1.0060235      6.0794127      1.5089852      6.9101556    
   6990000   1.0055635      6.0704998      1.5082951      6.8982653    
   7000000   1.0055445      6.0792815      1.5082666      6.90643      
   7010000   1.0010256      6.0741107      1.5014885      6.9086225    
   7020000   1.0016868      6.0807466      1.5024802      6.9100148    
   7030000   0.99789426     6.0652552      1.4967917      6.906689     
   7040000   0.99619458     6.0759799      1.4942422      6.9073065    
   7050000   1.0002417      6.0757992      1.5003127      6.9058894    
   7060000   1.005186       6.0683095      1.5077288      6.9061386    
   7070000   0.99869886     6.076883       1.4979985      6.9018295    
   7080000   0.9993171      6.0689103      1.4989258      6.9079845    
   7090000   1.0024951      6.078228       1.5036927      6.9069169    
   7100000   1.0071195      6.0905534      1.510629       6.9135092    
   7110000   0.99873121     6.0838596      1.498047       6.9032794    
   7120000   1.0014222      6.0738716      1.5020834      6.901075     
   7130000   1.0007642      6.0709479      1.5010965      6.9025193    
   7140000   0.99848191     6.0818038      1.4976731      6.9112257    
   7150000   0.99959132     6.0822441      1.4993372      6.9084849    
   7160000   0.99849874     6.0954676      1.4976984      6.9144798    
   7170000   1.0043339      6.0742465      1.5064508      6.8989172    
   7180000   0.99870078     6.0779776      1.4980014      6.9014904    
   7190000   0.99856408     6.0776529      1.4977964      6.9088397    
   7200000   1.004085       6.0941863      1.5060774      6.9079451    
   7210000   0.99949467     6.083507       1.4991922      6.907255     
   7220000   1.0006436      6.0654607      1.5009156      6.8910944    
   7230000   0.9984312      6.0642764      1.497597       6.9007973    
   7240000   1.0044092      6.0819113      1.5065638      6.9111858    
   7250000   1.0005862      6.0794358      1.5008294      6.9022369    
   7260000   0.99527401     6.0825659      1.4928614      6.9096811    
   7270000   0.9967981      6.091491       1.4951475      6.910955     
   7280000   1.0012525      6.0940264      1.5018289      6.9126936    
   7290000   0.99205107     6.0853996      1.4880272      6.9100513    
   7300000   1.0037716      6.0895914      1.5056074      6.9156985    
   7310000   0.99806516     6.0722864      1.497048       6.9001187    
   7320000   0.99900401     6.0839548      1.4984562      6.90151      
   7330000   0.99637346     6.0738779      1.4945105      6.9001459    
   7340000   0.99985056     6.0875812      1.499726       6.9046497    
   7350000   1.0033466      6.0827537      1.50497        6.9075946    
   7360000   0.99562194     6.0940742      1.4933833      6.9135421    
   7370000   0.99474153     6.0928655      1.4920627      6.906742     
   7380000   0.99656047     6.0911413      1.494791       6.9090319    
   7390000   1.0006244      6.0870952      1.5008867      6.9092987    
   7400000   0.99603862     6.0820079      1.4940083      6.9063889    
   7410000   0.99610613     6.0599551      1.4941096      6.8992898    
   7420000   1.0020944      6.0728239      1.5030917      6.8992098    
   7430000   1.0086688      6.0902618      1.5129529      6.9154642    
   7440000   1.0029185      6.0782839      1.5043278      6.9031509    
   7450000   0.9923408      6.0857467      1.4884618      6.9084852    
   7460000   1.0020895      6.0831817      1.5030843      6.9117826    
   7470000   1.009224       6.0873135      1.5137856      6.9122246    
   7480000   0.98957223     6.0861931      1.484309       6.9201087    
   7490000   0.995648       6.066641       1.4934224      6.8936227    
   7500000   1.0032281      6.084391       1.5047922      6.9091268    
   7510000   1.0060053      6.0747962      1.5089578      6.9088683    
   7520000   0.99681625     6.0735877      1.4951747      6.9048261    
   7530000   0.99891171     6.0831736      1.4983178      6.902375     
   7540000   0.997885       6.0644979      1.4967778      6.8986216    
   7550000   0.99939585     6.0796031      1.499044       6.9084917    
   7560000   0.99726991     6.062019       1.4958552      6.903619     
   7570000   1.0071816      6.0631215      1.5107222      6.8962344    
   7580000   1.0050422      6.0665552      1.5075132      6.9026861    
   7590000   0.99869538     6.0728229      1.4979933      6.9051369    
   7600000   0.9958847      6.0888668      1.4937774      6.9172698    
   7610000   1.0000937      6.0844491      1.5000908      6.9147079    
   7620000   0.9952086      6.0790064      1.4927633      6.9024887    
   7630000   0.99366107     6.0757645      1.4904421      6.9118302    
   7640000   0.99819207     6.0659167      1.4972384      6.9011665    
   7650000   0.99738825     6.0670968      1.4960327      6.9031764    
   7660000   0.99776773     6.0829428      1.4966019      6.9082382    
   7670000   0.99342563     6.0794899      1.4900889      6.9107695    
   7680000   1.0044468      6.0795289      1.5066201      6.9056429    
   7690000   1.0009615      6.0763609      1.5013923      6.9099735    
   7700000   1.0105179      6.0667646      1.5157264      6.907351     
   7710000   1.0055757      6.0673098      1.5083134      6.9006402    
   7720000   1.0058476      6.0624662      1.5087213      6.9001724    
   7730000   1.0005304      6.0746339      1.5007458      6.9078328    
   7740000   0.99807445     6.0726442      1.4970619      6.9072933    
   7750000   0.99774577     6.0811924      1.4965689      6.8995157    
   7760000   1.0071964      6.0803263      1.5107445      6.9157392    
   7770000   0.99363031     6.0577549      1.4903959      6.9012098    
   7780000   0.99793274     6.06807        1.4968494      6.9021389    
   7790000   0.99958482     6.0778597      1.4993274      6.9078856    
   7800000   1.0006087      6.0884841      1.5008632      6.9108466    
   7810000   0.99689143     6.0850142      1.4952875      6.9092393    
   7820000   0.99929594     6.0770524      1.4988941      6.9058406    
   7830000   0.99099588     6.0723289      1.4864444      6.9032078    
   7840000   1.0001598      6.0668326      1.5001899      6.9015877    
   7850000   0.99300583     6.0652233      1.4894593      6.8994786    
   7860000   0.99614203     6.0828942      1.4941634      6.9060831    
   7870000   1.0009413      6.0834737      1.5013621      6.9064771    
   7880000   0.99661219     6.077038       1.4948686      6.905129     
   7890000   1.0035899      6.0838839      1.5053348      6.9108019    
   7900000   1.0028196      6.0822446      1.5041794      6.9001076    
   7910000   0.99906282     6.075853       1.4985444      6.9030596    
   7920000   0.99980139     6.0771372      1.4996523      6.9060763    
   7930000   0.99628489     6.0946777      1.4943777      6.9118993    
   7940000   1.0049059      6.0814872      1.5073088      6.9056279    
   7950000   1.004654       6.0693628      1.506931       6.9036249    
   7960000   1.0011681      6.0612789      1.5017022      6.8976595    
   7970000   0.99717938     6.0708186      1.4957194      6.9085904    
   7980000   1.0041074      6.0738256      1.506111       6.9054335    
   7990000   1.0037826      6.0623116      1.5056239      6.9080568    
   8000000   0.99929273     6.0687137      1.4988893      6.9044308    
   8010000   0.99651209     6.0827826      1.4947185      6.9105342    
   8020000   1.0004626      6.0698111      1.500644       6.9038969    
   8030000   1.0046087      6.0745672      1.5068631      6.9052959    
   8040000   0.99638292     6.0686657      1.4945247      6.8996342    
   8050000   0.9929252      6.0610296      1.4893383      6.9021287    
   8060000   1.0018907      6.0651617      1.5027862      6.9038726    
   8070000   0.99718101     6.0645588      1.4957218      6.9084712    
   8080000   1.0037657      6.0580175      1.5055985      6.9034583    
   8090000   1.0140583      6.0479727      1.5210369      6.8964826    
   8100000   0.99837235     6.0653261      1.4975088      6.9020537    
   8110000   0.99863509     6.0763279      1.4979029      6.9037244    
   8120000   0.99603521     6.0870442      1.4940032      6.9061089    
   8130000   1.0046822      6.0909998      1.5069732      6.906676     
   8140000   0.99524817     6.0844349      1.4928227      6.9084381    
   8150000   0.99954814     6.0789963      1.4992724      6.9103467    
   8160000   0.99465284     6.0894588      1.4919297      6.9126318    
   8170000   1.0082083      6.066475       1.5122623      6.8997433    
   8180000   1.0046157      6.074299       1.5068735      6.9071541    
   8190000   1.0072868      6.0696795      1.51088        6.913251     
   8200000   0.99933566     6.0792837      1.4989537      6.9113815    
   8210000   1.004169       6.0789584      1.5062034      6.9103902    
   8220000   1.0010065      6.0789928      1.5014598      6.9074689    
   8230000   0.99846823     6.0640134      1.4976526      6.9025888    
   8240000   1.0067621      6.0630856      1.510093       6.9060047    
   8250000   1.0061557      6.0695934      1.5091835      6.9018007    
   8260000   1.0065755      6.0744683      1.5098131      6.9104303    
   8270000   0.99382084     6.0700585      1.4906817      6.9067665    
   8280000   0.99778726     6.0511563      1.4966312      6.9037106    
   8290000   1.0035455      6.0425046      1.5052683      6.8994665    
   8300000   0.99988381     6.0507703      1.4997759      6.911719     
   8310000   1.0001426      6.0488005      1.5001641      6.9076997    
   8320000   1.0085953      6.0588023      1.5128426      6.9050326    
   8330000   1.0056709      6.0516185      1.5084562      6.9014551    
   8340000   0.99577962     6.0598225      1.4936198      6.9090083    
   8350000   0.99980861     6.06552        1.4996631      6.9102634    
   8360000   0.99763944     6.0684106      1.4964094      6.9121422    
   8370000   0.9959712      6.0579985      1.4939072      6.9057995    
   8380000   1.0069271      6.0716808      1.5103404      6.9070357    
   8390000   1.0023047      6.0686326      1.5034071      6.9087586    
   8400000   0.99296674     6.0585588      1.4894006      6.9038129    
   8410000   1.0049875      6.0772956      1.5074311      6.9210822    
   8420000   1.0035239      6.079032       1.5052358      6.9177378    
   8430000   0.99725266     6.0629705      1.4958293      6.9056454    
   8440000   1.0048819      6.0654372      1.5072728      6.9059015    
   8450000   0.99639466     6.0718582      1.4945423      6.9132352    
   8460000   0.99091627     6.0625643      1.486325       6.9061346    
   8470000   1.0086596      6.0642977      1.5129391      6.9102836    
   8480000   0.99615317     6.0716843      1.4941801      6.9077502    
   8490000   1.0022649      6.0720199      1.5033474      6.9125631    
   8500000   1.0056156      6.0690394      1.5083733      6.9070913    
   8510000   1.0053958      6.0627536      1.5080436      6.9036926    
   8520000   1.000051       6.0562769      1.5000266      6.9049883    
   8530000   1.0029864      6.0558615      1.5044297      6.907691     
   8540000   1.0056819      6.0706999      1.5084727      6.907883     
   8550000   0.98785807     6.0638843      1.4817379      6.9048158    
   8560000   0.99234541     6.0473433      1.4884687      6.9019754    
   8570000   0.99790265     6.0659669      1.4968043      6.9056006    
   8580000   0.99994475     6.0825847      1.4998673      6.904665     
   8590000   1.0018681      6.0625648      1.5027523      6.9027064    
   8600000   0.99492661     6.07117        1.4923403      6.9053282    
   8610000   1.0028777      6.0550294      1.5042666      6.8957033    
   8620000   1.0005405      6.0712816      1.5007609      6.9085565    
   8630000   0.99810596     6.0614536      1.4971092      6.9067801    
   8640000   1.0065936      6.0631338      1.5098402      6.9022915    
   8650000   0.99484575     6.0566974      1.492219       6.9042434    
   8660000   0.9965879      6.0593275      1.4948322      6.9049754    
   8670000   1.0037721      6.055425       1.5056082      6.900936     
   8680000   0.99295175     6.0724524      1.4893781      6.9112389    
   8690000   0.99719102     6.0655919      1.4957368      6.9110735    
   8700000   1.002981       6.0532945      1.5044215      6.9119193    
   8710000   1.0061233      6.062646       1.5091348      6.9104897    
   8720000   1.0021216      6.0503603      1.5031325      6.9017243    
   8730000   1.0011018      6.0581949      1.5016028      6.9008972    
   8740000   1.0042516      6.0474427      1.5063273      6.9056011    
   8750000   0.99415866     6.0632272      1.4911884      6.9055297    
   8760000   0.99977142     6.0620319      1.4996073      6.9044426    
   8770000   0.99884093     6.069654       1.4982116      6.9071131    
   8780000   0.99681123     6.0594995      1.4951672      6.90607      
   8790000   0.98624934     6.0660564      1.4793249      6.9005533    
   8800000   0.9985217      6.0571218      1.4977328      6.9030827    
   8810000   0.9929923      6.0565736      1.489439       6.9010627    
   8820000   1.0069242      6.0490365      1.5103361      6.9158618    
   8830000   1.0022315      6.0472796      1.5032973      6.9064312    
   8840000   1.0022782      6.0494005      1.5033673      6.9063359    
   8850000   1.0024662      6.0543861      1.5036493      6.9145354    
   8860000   0.99186932     6.057095       1.4877546      6.9058499    
   8870000   0.99899765     6.0549464      1.4984467      6.8993204    
   8880000   0.99684336     6.0581204      1.4952154      6.9110024    
   8890000   0.99551527     6.0578324      1.4932233      6.90785      
   8900000   0.99807988     6.0508004      1.4970701      6.9030294    
   8910000   1.000427       6.071278       1.5005906      6.9165705    
   8920000   1.0000829      6.0546723      1.5000745      6.9038789    
   8930000   0.99414799     6.0590287      1.4911724      6.9067292    
   8940000   0.99855102     6.0534596      1.4977768      6.9050223    
   8950000   0.99858612     6.0392914      1.4978294      6.8914912    
   8960000   1.0028408      6.0454588      1.5042113      6.8924091    
   8970000   1.0050071      6.0576414      1.5074606      6.9011511    
   8980000   1.0045247      6.0612047      1.506737       6.9066819    
   8990000   1.0047675      6.0641434      1.5071012      6.9075424    
   9000000   1.0012117      6.0542798      1.5017677      6.9034127    
   9010000   1.0004962      6.0565657      1.5006945      6.9038856    
   9020000   0.99536467     6.0374314      1.4929974      6.8967283    
   9030000   0.99994967     6.0492394      1.4998747      6.907775     
   9040000   1.0019619      6.0495229      1.502893       6.8990674    
   9050000   0.99662073     6.0626298      1.4948814      6.9100388    
   9060000   1.0020499      6.0435312      1.5030249      6.9069047    
   9070000   1.0016062      6.0484143      1.5023594      6.9047006    
   9080000   0.99777993     6.0627689      1.4966202      6.9149594    
   9090000   1.0035732      6.0579754      1.5053098      6.9112648    
   9100000   0.99901207     6.0467931      1.4984683      6.907914     
   9110000   0.99499258     6.0621647      1.4924393      6.9091255    
   9120000   1.0045567      6.0572547      1.506785       6.9104848    
   9130000   0.99967894     6.0620122      1.4994686      6.9111949    
   9140000   0.9987217      6.0523081      1.4980328      6.9059763    
   9150000   1.0020217      6.0519772      1.5029826      6.907508     
   9160000   1.000645       6.0553902      1.5009176      6.8992355    
   9170000   0.99952326     6.0559327      1.4992351      6.9065306    
   9180000   0.99843741     6.0398467      1.4976064      6.9058165    
   9190000   1.0026237      6.042777       1.5038856      6.9050919    
   9200000   0.99878036     6.0451759      1.4981208      6.90113      
   9210000   0.99789216     6.0576532      1.4967885      6.907161     
   9220000   0.99252491     6.0754824      1.4887379      6.911781     
   9230000   0.99759822     6.0607529      1.4963476      6.9066429    
   9240000   0.99381836     6.0636624      1.490678       6.9100745    
   9250000   0.99871255     6.0543764      1.498019       6.9030736    
   9260000   1.0050996      6.0688547      1.5075993      6.9106558    
   9270000   1.0009244      6.063493       1.5013368      6.9065452    
   9280000   1.0029892      6.0646497      1.5044338      6.9130531    
   9290000   0.99161767     6.0620815      1.4873771      6.9078299    
   9300000   1.0012042      6.0645395      1.5017565      6.9090726    
   9310000   0.99872134     6.0580918      1.4980322      6.9034884    
   9320000   0.997977       6.073396       1.4969158      6.9079958    
   9330000   1.0017345      6.0638755      1.5025519      6.9002617    
   9340000   1.0051495      6.0692256      1.5076741      6.9082719    
   9350000   1.0023368      6.0576482      1.5034553      6.9071732    
   9360000   0.98866251     6.0653804      1.4829445      6.907963     
   9370000   1.000223       6.0610498      1.5002847      6.9099638    
   9380000   0.99570553     6.0518745      1.4935087      6.9053686    
   9390000   1.0052046      6.0539636      1.5077568      6.904776     
   9400000   1.0041246      6.0578739      1.5061368      6.9064338    
   9410000   0.99679436     6.0529174      1.4951419      6.9035797    
   9420000   0.99917113     6.0549503      1.4987069      6.9028896    
   9430000   1.001432       6.0560784      1.5020981      6.9028216    
   9440000   1.0064532      6.0705817      1.5096297      6.9067028    
   9450000   0.99672859     6.0532259      1.4950432      6.9042934    
   9460000   0.99940954     6.0724364      1.4990645      6.9006488    
   9470000   1.004818       6.0720684      1.507177       6.9077136    
   9480000   1.0001539      6.0691804      1.500181       6.9113015    
   9490000   1.0098517      6.0615255      1.5147272      6.9093198    
   9500000   0.99722861     6.0603569      1.4957932      6.9115799    
   9510000   0.99572295     6.0612197      1.4935348      6.9064947    
   9520000   1.0072915      6.0452358      1.5108871      6.9101242    
   9530000   0.9980787      6.0412629      1.4970683      6.9032823    
   9540000   1.0007576      6.0471976      1.5010866      6.9038645    
   9550000   1.0043895      6.0510092      1.5065343      6.9048815    
   9560000   0.99503429     6.058164       1.4925018      6.9060903    
   9570000   1.000704       6.0468791      1.5010061      6.9031035    
   9580000   1.0036723      6.0498659      1.5054584      6.906974     
   9590000   1.0019768      6.0597694      1.5029152      6.9074185    
   9600000   0.99921544     6.0601463      1.4987734      6.9124374    
   9610000   0.99938448     6.0587925      1.4990269      6.9024007    
   9620000   1.0072184      6.0590336      1.5107774      6.9065511    
   9630000   0.99383547     6.0644814      1.4907037      6.9085538    
   9640000   0.99613269     6.0522076      1.4941494      6.9020866    
   9650000   1.0036369      6.0583404      1.5054054      6.9052868    
   9660000   0.99571444     6.0684702      1.493522       6.9077897    
   9670000   1.0012939      6.0571653      1.501891       6.9030329    
   9680000   0.99904962     6.0590409      1.4985246      6.9037867    
   9690000   1.0038657      6.0368838      1.5057486      6.8988225    
   9700000   1.006082       6.0485273      1.5090728      6.9077061    
   9710000   1.0017599      6.0612078      1.50259        6.908851     
   9720000   0.99919385     6.0508145      1.498741       6.8972675    
   9730000   1.0071333      6.05747        1.5106497      6.9086364    
   9740000   0.99896357     6.0528066      1.4983956      6.9057446    
   9750000   0.99822195     6.0555304      1.4972832      6.9068535    
   9760000   1.0025749      6.0568802      1.5038123      6.9036024    
   9770000   0.99992121     6.0375363      1.499832       6.9007262    
   9780000   0.99092708     6.0485286      1.4863412      6.9071511    
   9790000   1.0022302      6.0621576      1.5032954      6.9116739    
   9800000   1.0057696      6.048744       1.5086042      6.9042105    
   9810000   0.997727       6.0584645      1.4965408      6.9050571    
   9820000   1.0001432      6.066548       1.500165       6.9047787    
   9830000   0.99497148     6.0631897      1.4924076      6.9136267    
   9840000   1.0023032      6.0692959      1.5034048      6.9041169    
   9850000   0.99646389     6.0675323      1.4946462      6.904943     
   9860000   1.0006703      6.049045       1.5009555      6.9017006    
   9870000   0.99512111     6.048013       1.4926321      6.9043117    
   9880000   0.9953788      6.046528       1.4930186      6.9056542    
   9890000   1.0016419      6.0411336      1.5024129      6.9070883    
   9900000   1.0082714      6.0531415      1.5123569      6.9067283    
   9910000   0.99999117     6.0505453      1.4999369      6.9050079    
   9920000   0.99442644     6.0473872      1.4915901      6.9009971    
   9930000   1.0014855      6.0595476      1.5021783      6.9154971    
   9940000   1.001559       6.037398       1.5022886      6.9067868    
   9950000   1.002193       6.0265356      1.5032396      6.9012555    
   9960000   1.0066712      6.0587691      1.5099566      6.9000582    
   9970000   1.0040959      6.0518684      1.5060938      6.9107053    
   9980000   1.005294       6.038356       1.5078909      6.897356     
   9990000   0.99340017     6.0373989      1.4900507      6.907104     
  10000000   0.99665121     6.067619       1.4949272      6.9110173    
  10010000   1.0074722      6.0629701      1.5111581      6.9116575    
  10020000   1.0015129      6.0540892      1.5022195      6.9094958    
  10030000   0.99947663     6.0483981      1.4991651      6.9015932    
  10040000   0.99563803     6.0517841      1.4934074      6.9077355    
  10050000   0.99654106     6.0567754      1.4947619      6.9071328    
  10060000   1.0004276      6.0493078      1.5005915      6.9138831    
  10070000   1.0004892      6.0517241      1.500684       6.9081935    
  10080000   1.0005055      6.061497       1.5007084      6.9068266    
  10090000   0.99945476     6.0501879      1.4991323      6.908508     
  10100000   1.0018695      6.0495734      1.5027544      6.9058136    
  10110000   0.99824753     6.046638       1.4973215      6.8985212    
  10120000   1.0070017      6.049969       1.5104523      6.9018888    
  10130000   1.0036929      6.0727098      1.5054893      6.9138436    
  10140000   0.99644723     6.0451606      1.4946212      6.8971736    
  10150000   1.0019053      6.0429897      1.502808       6.9018511    
  10160000   1.0008909      6.0561709      1.5012864      6.9092895    
  10170000   1.0046754      6.041033       1.5069631      6.8979977    
  10180000   0.99936186     6.0524029      1.498993       6.9042748    
  10190000   0.99763746     6.0483891      1.4964065      6.9040852    
  10200000   1.0068546      6.0445766      1.5102317      6.9007506    
  10210000   1.00576        6.0353115      1.5085899      6.8994935    
  10220000   1.0026879      6.0476048      1.5039819      6.902155     
  10230000   1.0001685      6.05042        1.5002029      6.9036396    
  10240000   0.99727719     6.042834       1.4958661      6.9015653    
  10250000   0.99570455     6.0374629      1.4935072      6.900487     
  10260000   0.99791143     6.0507772      1.4968174      6.9000256    
  10270000   0.99452501     6.0454824      1.491738       6.9058461    
  10280000   1.0011171      6.0438938      1.5016258      6.8964049    
  10290000   0.99681792     6.052352       1.4951772      6.9070645    
  10300000   0.99715278     6.0746623      1.4956795      6.9082766    
  10310000   1.0029956      6.0612797      1.5044434      6.9034406    
  10320000   0.99920999     6.0539641      1.4987652      6.9004628    
  10330000   1.008471       6.0552001      1.5126563      6.9018876    
  10340000   0.99550615     6.0667484      1.4932096      6.9035825    
  10350000   0.99610895     6.0602619      1.4941138      6.9055189    
  10360000   1.0049635      6.0486453      1.5073952      6.9045268    
  10370000   0.99901662     6.0584574      1.4984752      6.9100769    
  10380000   1.0079672      6.0405818      1.5119005      6.9092047    
  10390000   1.0002283      6.0487417      1.5002925      6.9068949    
  10400000   0.99973173     6.0458217      1.4995478      6.9053498    
  10410000   0.99368155     6.0510451      1.4904728      6.90775      
  10420000   1.0026195      6.0476443      1.5038792      6.8994941    
  10430000   1.0020807      6.0316276      1.5030711      6.896794     
  10440000   1.005478       6.0500759      1.5081669      6.9066208    
  10450000   1.0023853      6.044494       1.503528       6.9079175    
  10460000   0.99910379     6.053407       1.4986059      6.9091039    
  10470000   1.0038748      6.0425322      1.5057622      6.906286     
  10480000   1.0096519      6.0531856      1.5144275      6.9079724    
  10490000   0.99681576     6.049388       1.495174       6.9119251    
  10500000   0.99191923     6.0359477      1.4878294      6.9034       
  10510000   0.99818429     6.0354004      1.4972267      6.9030481    
  10520000   1.0048658      6.0456209      1.5072487      6.9019235    
  10530000   1.0037222      6.0510904      1.5055333      6.9019451    
  10540000   0.99863616     6.0370462      1.4979045      6.9031622    
  10550000   0.99468415     6.042666       1.4919767      6.9017727    
  10560000   0.99863584     6.0503946      1.497904       6.9072445    
  10570000   0.99822649     6.050538       1.49729        6.9077423    
  10580000   1.0012036      6.0540521      1.5017555      6.9108202    
  10590000   1.0033811      6.0510662      1.5050217      6.9174148    
  10600000   1.000666       6.0474208      1.5009491      6.9067594    
  10610000   0.9998657      6.0475733      1.4997487      6.9127064    
  10620000   1.001122       6.0572706      1.501633       6.9125978    
  10630000   0.99969061     6.0505533      1.4994861      6.9023219    
  10640000   1.0035562      6.0456117      1.5052844      6.9032546    
  10650000   0.99418128     6.0337992      1.4912224      6.9037885    
  10660000   0.99160715     6.0277558      1.4873613      6.9055669    
  10670000   0.99968004     6.0311431      1.4994702      6.9085225    
  10680000   0.99786951     6.0274414      1.4967545      6.9056002    
  10690000   0.99425125     6.0280603      1.4913273      6.9006548    
  10700000   1.0024943      6.0300614      1.5036915      6.8980099    
  10710000   0.99895647     6.035805       1.4983849      6.9023854    
  10720000   1.0090419      6.0328339      1.5135126      6.8998846    
  10730000   1.0007298      6.0435451      1.5010448      6.9094712    
  10740000   1.0024471      6.0342639      1.5036207      6.9099851    
  10750000   1.0085623      6.0380447      1.5127932      6.9064295    
  10760000   1.0027262      6.04023        1.5040394      6.9077476    
  10770000   0.99642611     6.0347826      1.4945895      6.9017625    
  10780000   0.99440973     6.0337691      1.491565       6.9094915    
  10790000   0.99577908     6.0135253      1.493619       6.8938354    
  10800000   1.0016201      6.0440411      1.5023802      6.9049985    
  10810000   1.0018002      6.0451037      1.5026504      6.9013368    
  10820000   1.0036417      6.0568767      1.5054125      6.9136585    
  10830000   1.0002321      6.0612375      1.5002984      6.9048788    
  10840000   1.005689       6.0506546      1.5084833      6.9093572    
  10850000   0.99797561     6.0634487      1.4969137      6.9135269    
  10860000   1.0056889      6.0318607      1.5084832      6.8989365    
  10870000   1.0031859      6.044144       1.5047289      6.9061501    
  10880000   0.99686462     6.0177107      1.4952473      6.8942097    
  10890000   0.99683219     6.0325037      1.4951986      6.893932     
  10900000   1.0024677      6.0380594      1.5036515      6.9082228    
  10910000   1.0009319      6.0281872      1.501348       6.9016979    
  10920000   1.0077247      6.0499269      1.5115369      6.9103355    
  10930000   0.99830346     6.0489766      1.4974054      6.9090962    
  10940000   0.99870192     6.0297316      1.4980031      6.9084069    
  10950000   1.0036874      6.028223       1.5054811      6.9026581    
  10960000   1.0026342      6.0346499      1.5039013      6.9076989    
  10970000   0.9994305      6.0442389      1.4990959      6.9133676    
  10980000   1.0027485      6.0370203      1.5040728      6.9044267    
  10990000   1.0033788      6.0247446      1.5050183      6.8986107    
  11000000   0.99247384     6.0528471      1.4886613      6.9128692    
  11010000   1.0035678      6.0363313      1.5053016      6.9062004    
  11020000   1.0017273      6.0413007      1.502541       6.9068716    
  11030000   1.0053183      6.0383892      1.5079274      6.9136606    
  11040000   1.0027108      6.029904       1.5040162      6.9057407    
  11050000   0.99619385     6.0298979      1.4942411      6.9078229    
  11060000   1.0012733      6.0283693      1.5018601      6.9068755    
  11070000   0.99991523     6.0454542      1.499823       6.9060585    
  11080000   1.0026118      6.035837       1.5038677      6.9066209    
  11090000   1.0022908      6.0412252      1.5033863      6.9152359    
  11100000   1.0050282      6.0249382      1.5074921      6.9076047    
  11110000   1.0009589      6.0219847      1.5013885      6.9032532    
  11120000   0.99676341     6.0339357      1.4950954      6.9072646    
  11130000   0.9951357      6.0300565      1.492654       6.902307     
  11140000   0.9969217      6.0310866      1.4953329      6.9075848    
  11150000   1.0013267      6.0233196      1.5019402      6.9013626    
  11160000   0.99948467     6.041311       1.4991772      6.9079345    
  11170000   0.99807838     6.0350675      1.4970678      6.9097736    
  11180000   1.0031226      6.0269484      1.5046339      6.9025543    
  11190000   0.99857969     6.0241136      1.4978198      6.904213     
  11200000   1.0008168      6.0323522      1.5011753      6.9071616    
  11210000   1.0054561      6.0452674      1.5081341      6.9105535    
  11220000   0.99531646     6.0311296      1.4929251      6.9073453    
  11230000   0.99641663     6.0435784      1.4945753      6.9033666    
  11240000   0.99991879     6.0450507      1.4998284      6.9011263    
  11250000   1.0060362      6.0420697      1.5090042      6.9073793    
  11260000   1.007065       6.0367334      1.5105473      6.9035884    
  11270000   1.0014158      6.0376746      1.5020738      6.9026042    
  11280000   0.99320658     6.0580158      1.4897604      6.9114979    
  11290000   0.99445819     6.0547128      1.4916377      6.9145046    
  11300000   1.0016705      6.050588       1.5024558      6.9111124    
  11310000   0.99576905     6.0485831      1.493604       6.9071835    
  11320000   0.99982299     6.0408131      1.4996847      6.9040918    
  11330000   0.99520495     6.0460039      1.4927578      6.9059741    
  11340000   0.99285045     6.0380698      1.4892262      6.9089204    
  11350000   0.99320815     6.027048       1.4897627      6.9002987    
  11360000   1.0084983      6.0317896      1.5126972      6.9016249    
  11370000   0.99871507     6.0472566      1.4980228      6.9089397    
  11380000   0.99767418     6.0351016      1.4964616      6.8999543    
  11390000   0.99634247     6.0359349      1.4944641      6.8981145    
  11400000   0.99965294     6.0455342      1.4994296      6.9067301    
  11410000   0.99445686     6.033819       1.4916357      6.9002916    
  11420000   0.99429453     6.0529483      1.4913923      6.9077368    
  11430000   1.0031574      6.0457088      1.5046861      6.897543     
  11440000   1.0001345      6.0443243      1.5001519      6.9070208    
  11450000   0.99957277     6.0236969      1.4993093      6.8992904    
  11460000   1.0019776      6.0463217      1.5029164      6.9066749    
  11470000   1.0071494      6.0450103      1.5106739      6.9123592    
  11480000   1.0020468      6.0363577      1.5030203      6.9051107    
  11490000   1.0005842      6.0464099      1.5008264      6.9084346    
  11500000   0.99369904     6.0442813      1.490499       6.9045443    
  11510000   0.99744361     6.0421976      1.4961157      6.9022679    
  11520000   1.0038128      6.0427574      1.5056692      6.9005043    
  11530000   1.0015103      6.0445839      1.5022155      6.906804     
  11540000   0.99516808     6.0374658      1.4927025      6.9035346    
  11550000   1.0023911      6.0444344      1.5035367      6.9064706    
  11560000   0.99660728     6.0415515      1.4948613      6.9038649    
  11570000   0.99887701     6.0332016      1.4982657      6.9044367    
  11580000   0.99574109     6.0406987      1.493562       6.9056644    
  11590000   1.0055362      6.0286722      1.5082541      6.9033618    
  11600000   1.0001386      6.0215428      1.5001581      6.8926036    
  11610000   1.0064399      6.0483772      1.5096098      6.9043762    
  11620000   0.99663843     6.0320505      1.494908       6.8984771    
  11630000   0.99338375     6.0401199      1.4900261      6.9020459    
  11640000   0.99769078     6.0477797      1.4964864      6.9127553    
  11650000   1.000116       6.0365839      1.5001241      6.9104019    
  11660000   1.0089034      6.0389332      1.5133048      6.9028708    
  11670000   1.0034395      6.0470777      1.5051093      6.9073093    
  11680000   0.9987027      6.0440289      1.4980043      6.9207654    
  11690000   0.99956094     6.0350247      1.4992916      6.9062101    
  11700000   1.0017974      6.055599       1.5026462      6.911531     
  11710000   1.003947       6.0510975      1.5058705      6.9104948    
  11720000   0.98858982     6.0361494      1.4828355      6.8960377    
  11730000   0.99737729     6.035595       1.4960162      6.8991892    
  11740000   1.000517       6.0509528      1.5007256      6.9048384    
  11750000   0.99745143     6.0444351      1.4961274      6.9119134    
  11760000   0.99746263     6.0129065      1.4961442      6.8969353    
  11770000   1.0014082      6.0401847      1.5020624      6.9108196    
  11780000   1.0025914      6.018551       1.5038371      6.896484     
  11790000   0.98951567     6.0336817      1.4842242      6.8966854    
  11800000   0.99704962     6.0384531      1.4955247      6.9069806    
  11810000   0.99703591     6.0389419      1.4955042      6.9039441    
  11820000   0.99974768     6.0490714      1.4995717      6.9108426    
  11830000   1.0014648      6.0320173      1.5021472      6.9032495    
  11840000   0.99961221     6.0362681      1.4993685      6.898376     
  11850000   0.99879357     6.0274732      1.4981406      6.9006852    
  11860000   1.0031819      6.0381625      1.5047229      6.9010082    
  11870000   1.0046482      6.0325428      1.5069222      6.8995149    
  11880000   1.0035013      6.0409586      1.5052019      6.9054043    
  11890000   0.9984493      6.0363731      1.4976242      6.9054127    
  11900000   1.0045887      6.041368       1.5068329      6.9010004    
  11910000   1.0016924      6.0508351      1.5024887      6.9083814    
  11920000   1.0067157      6.0490663      1.5100234      6.9109507    
  11930000   0.996245       6.0410507      1.4943179      6.9054802    
  11940000   0.9940703      6.0384147      1.4910559      6.8965686    
  11950000   1.0027356      6.0516001      1.5040534      6.9102204    
  11960000   1.0008167      6.0396828      1.5011751      6.9023039    
  11970000   1.004637       6.0309179      1.5069054      6.9014896    
  11980000   0.99900322     6.0422085      1.498455       6.9102117    
  11990000   1.0018421      6.0365837      1.5027133      6.9028372    
  12000000   0.9942636      6.0224805      1.4913458      6.9013538    
  12010000   0.99339943     6.0401316      1.4900496      6.9064394    
  12020000   1.0089424      6.0449225      1.5133634      6.9056089    
  12030000   0.99296763     6.0424573      1.489402       6.9015454    
  12040000   0.99428501     6.0267465      1.491378       6.8993415    
  12050000   1.0071782      6.0480835      1.5107172      6.9036072    
  12060000   0.99930925     6.043316       1.4989141      6.9091648    
  12070000   1.0037767      6.0419541      1.5056151      6.905148     
  12080000   1.0023666      6.0526677      1.5034999      6.9078928    
  12090000   1.0034081      6.0409464      1.5050622      6.9049853    
  12100000   1.0000883      6.0472932      1.5000826      6.910818     
  12110000   1.0096696      6.0489402      1.5144541      6.9024967    
  12120000   0.99529417     6.0364486      1.4928917      6.9041842    
  12130000   1.001394       6.0339485      1.5020411      6.9026176    
  12140000   0.99787052     6.0446536      1.4967561      6.9020609    
  12150000   1.0010399      6.0359042      1.5015099      6.9007488    
  12160000   1.0065028      6.0364122      1.509704       6.9015822    
  12170000   1.0010315      6.0444353      1.5014974      6.9053015    
  12180000   0.99646247     6.0460913      1.4946441      6.9093971    
  12190000   0.99790939     6.0372909      1.4968144      6.9052844    
  12200000   1.0004571      6.0386793      1.5006359      6.9083463    
  12210000   1.0063274      6.0255601      1.509441       6.9034548    
  12220000   1.0036135      6.0358524      1.5053703      6.9068382    
  12230000   1.0044448      6.0260998      1.5066172      6.9053664    
  12240000   0.9980104      6.0423222      1.4969659      6.9084047    
  12250000   0.99714567     6.034106       1.4956688      6.9016199    
  12260000   1.0051421      6.0393303      1.507663       6.9095692    
  12270000   0.9998697      6.0325332      1.4997547      6.8997804    
  12280000   1.0011012      6.0289529      1.501602       6.9036869    
  12290000   1.002755       6.0447911      1.5040825      6.9119629    
  12300000   0.9990942      6.0478157      1.4985915      6.9124729    
  12310000   0.99897185     6.0333487      1.498408       6.9066672    
  12320000   1.0038871      6.0300791      1.5057807      6.9077112    
  12330000   0.99362765     6.0293147      1.490392       6.9093105    
  12340000   0.99906512     6.0254198      1.4985479      6.8920948    
  12350000   0.99797085     6.0166105      1.4969065      6.8927133    
  12360000   1.001444       6.0237024      1.5021161      6.9006781    
  12370000   1.0086037      6.0237669      1.5128553      6.9044579    
  12380000   1.0009592      6.0493788      1.5013889      6.900667     
  12390000   1.0027209      6.0306835      1.5040314      6.9042643    
  12400000   1.0083846      6.0373334      1.5125266      6.9072072    
  12410000   0.9995721      6.0293889      1.4993083      6.9038846    
  12420000   0.99407212     6.0368582      1.4910586      6.9065549    
  12430000   0.99091204     6.0339085      1.4863187      6.9006682    
  12440000   1.004191       6.0337167      1.5062364      6.9033726    
  12450000   1.0007185      6.0368689      1.5010279      6.9032664    
  12460000   1.0069276      6.0489534      1.5103413      6.906017     
  12470000   1.0050866      6.0411969      1.5075798      6.9054532    
  12480000   1.0075234      6.0343842      1.5112349      6.9043032    
  12490000   0.99305366     6.0323242      1.489531       6.9069528    
  12500000   1.0016631      6.0215749      1.5024447      6.9000775    
  12510000   0.99968118     6.0258499      1.4994719      6.9019379    
  12520000   0.99805853     6.0300435      1.4970381      6.8994364    
  12530000   1.0011853      6.0359421      1.5017281      6.9075765    
  12540000   0.99757238     6.0362004      1.4963089      6.8996792    
  12550000   0.99571419     6.0439193      1.4935217      6.9135443    
  12560000   1.0051059      6.0294733      1.5076088      6.9057022    
  12570000   1.0001088      6.0290827      1.5001134      6.8995433    
  12580000   1.0032415      6.0224777      1.5048122      6.9001739    
  12590000   0.99693963     6.0267912      1.4953598      6.9044421    
  12600000   0.99946325     6.0510345      1.4991451      6.9129483    
  12610000   0.99587493     6.0322096      1.4937628      6.9020476    
  12620000   1.0045912      6.0525587      1.5068367      6.9046658    
  12630000   1.0024955      6.0549822      1.5036933      6.9046449    
  12640000   0.99718727     6.0339268      1.4957312      6.8992591    
  12650000   1.0002455      6.0357865      1.5003184      6.9043203    
  12660000   0.99339508     6.0204215      1.4900431      6.8919015    
  12670000   1.0002386      6.0316603      1.5003081      6.9043541    
  12680000   1.0007912      6.0231435      1.5011369      6.9051391    
  12690000   1.0018168      6.0345096      1.5026753      6.9027346    
  12700000   1.0030057      6.0201444      1.5044586      6.899357     
  12710000   0.99737665     6.0483445      1.4960153      6.9207414    
  12720000   1.0073784      6.0385288      1.5110175      6.9098723    
  12730000   0.9978624      6.0361226      1.4967439      6.9097589    
  12740000   0.99951119     6.0372478      1.499217       6.9083003    
  12750000   1.0018877      6.0158127      1.5027816      6.8971419    
  12760000   0.99477759     6.0331053      1.4921168      6.9045126    
  12770000   1.0028789      6.0295523      1.5042684      6.9072269    
  12780000   0.9941523      6.0403081      1.4911789      6.9104268    
  12790000   0.99433896     6.0220457      1.4914589      6.8965911    
  12800000   1.002635       6.0463677      1.5039026      6.9100278    
  12810000   1.0013488      6.0380461      1.5019733      6.9021988    
  12820000   1.0070745      6.0190354      1.5105616      6.9012701    
  12830000   1.0029937      6.0470961      1.5044406      6.9105435    
  12840000   0.99837961     6.035837       1.4975197      6.9116887    
  12850000   1.0065693      6.0280372      1.5098038      6.9046323    
  12860000   1.004295       6.0166979      1.5063925      6.8977394    
  12870000   0.99325136     6.0351558      1.4898275      6.9030465    
  12880000   0.99443762     6.0344839      1.4916069      6.9036113    
  12890000   1.0034214      6.0492989      1.5050821      6.9063963    
  12900000   1.0061148      6.0313109      1.509122       6.8966074    
  12910000   0.99836751     6.0403751      1.4975015      6.9058263    
  12920000   0.99927349     6.0418749      1.4988604      6.9089481    
  12930000   0.9949014      6.0425718      1.4923025      6.9104236    
  12940000   0.99728173     6.0307825      1.4958729      6.8972068    
  12950000   0.99352485     6.0181259      1.4902378      6.8951147    
  12960000   0.99509186     6.0325027      1.4925882      6.9015084    
  12970000   0.99190129     6.0352969      1.4878025      6.9011728    
  12980000   0.99450584     6.0355449      1.4917092      6.9050726    
  12990000   1.0000723      6.0311407      1.5000586      6.9019153    
  13000000   1.0026088      6.0321988      1.5038633      6.9026769    
  13010000   0.99873236     6.0254714      1.4980488      6.9061251    
  13020000   0.98985186     6.0303249      1.4847285      6.9007001    
  13030000   1.0031206      6.0482692      1.5046309      6.9080727    
  13040000   1.0001907      6.0453224      1.5002362      6.9050204    
  13050000   0.99954315     6.0377691      1.4992649      6.9040239    
  13060000   1.0008252      6.031349       1.5011879      6.9066284    
  13070000   1.0008874      6.0186676      1.5012813      6.8977322    
  13080000   0.99308702     6.0275244      1.489581       6.9033232    
  13090000   0.9995056      6.0296278      1.4992086      6.9035184    
  13100000   1.0073615      6.0376728      1.5109921      6.9034185    
  13110000   0.99239178     6.038178       1.4885382      6.9086635    
  13120000   1.0052388      6.0306331      1.507808       6.8989057    
  13130000   0.99703616     6.0316892      1.4955046      6.9046249    
  13140000   0.99781839     6.0363513      1.4966779      6.897267     
  13150000   1.0036448      6.0355433      1.5054172      6.9080916    
  13160000   0.99778799     6.0207744      1.4966323      6.896858     
  13170000   0.99652287     6.0310059      1.4947346      6.9046983    
  13180000   0.99270461     6.0473203      1.4890074      6.9132259    
  13190000   1.009709       6.0321203      1.5145132      6.8987779    
  13200000   1.0027539      6.0254939      1.5040809      6.9030555    
  13210000   1.0001203      6.038424       1.5001306      6.9056223    
  13220000   0.99509453     6.0444579      1.4925922      6.9074264    
  13230000   0.99873275     6.0342664      1.4980494      6.8995894    
  13240000   0.99529353     6.0381792      1.4928907      6.9045382    
  13250000   1.0123451      6.0312851      1.5184672      6.909108     
  13260000   0.9952275      6.0208956      1.4927916      6.9008719    
  13270000   0.99897161     6.036599       1.4984076      6.912937     
  13280000   1.002057       6.0260478      1.5030356      6.9008119    
  13290000   0.99782828     6.0124834      1.4966927      6.9009502    
  13300000   1.0044038      6.0160573      1.5065557      6.9004011    
  13310000   0.99978671     6.0324734      1.4996302      6.9144442    
  13320000   0.99640816     6.0283543      1.4945626      6.9028515    
  13330000   1.000332       6.0363024      1.5004482      6.9101944    
  13340000   0.99366481     6.0430997      1.4904477      6.9086616    
  13350000   1.0002422      6.0514341      1.5003135      6.9074266    
  13360000   1.0105448      6.0383609      1.5157668      6.901385     
  13370000   0.99527439     6.0456746      1.492862       6.9104049    
  13380000   0.99833694     6.0340369      1.4974557      6.9023816    
  13390000   1.001878       6.0362211      1.5027671      6.9059882    
  13400000   0.9990615      6.0469689      1.4985425      6.9081719    
  13410000   0.99350785     6.053739       1.4902123      6.9136166    
  13420000   1.0037577      6.0323638      1.5055865      6.9002818    
  13430000   1.008244       6.0414482      1.5123158      6.9063387    
  13440000   1.0010676      6.0393501      1.5015515      6.8995825    
  13450000   1.0046608      6.0321927      1.5069411      6.90898      
  13460000   0.99638455     6.0321642      1.4945272      6.9034707    
  13470000   1.0061725      6.0363526      1.5092086      6.9072142    
  13480000   1.0028408      6.044441       1.5042112      6.9096486    
  13490000   0.99800159     6.0363283      1.4969527      6.9003924    
  13500000   1.0000345      6.042072       1.500002       6.9048124    
  13510000   0.99497535     6.0393492      1.4924134      6.9044488    
  13520000   1.0038466      6.0472731      1.5057199      6.9022555    
  13530000   1.0040494      6.0411955      1.506024       6.9024556    
  13540000   0.99732622     6.040955       1.4959396      6.8977535    
  13550000   1.0085869      6.0454212      1.5128301      6.9114642    
  13560000   0.99496993     6.0411953      1.4924053      6.9059527    
  13570000   1.0022315      6.0490539      1.5032973      6.9061768    
  13580000   0.99645739     6.0399361      1.4946364      6.9046677    
  13590000   1.0054484      6.0479301      1.5081225      6.9035444    
  13600000   0.99759174     6.0488955      1.4963379      6.9049609    
  13610000   1.0000789      6.0384174      1.5000685      6.8946807    
  13620000   0.99810402     6.0444503      1.4971063      6.901796     
  13630000   1.0005         6.0544379      1.5007001      6.9076121    
  13640000   0.9973333      6.0406839      1.4959502      6.9071581    
  13650000   1.0007815      6.0291324      1.5011224      6.8973094    
  13660000   1.000895       6.0273414      1.5012926      6.9093902    
  13670000   1.0017764      6.0106138      1.5026147      6.9020326    
  13680000   1.0044968      6.0205003      1.5066951      6.9020604    
  13690000   0.9951253      6.0421913      1.4926384      6.9095829    
  13700000   0.9984526      6.0136628      1.4976291      6.9031975    
  13710000   0.99477889     6.0156276      1.4921188      6.9004577    
  13720000   1.0127499      6.0241316      1.5190744      6.9072127    
  13730000   1.0018397      6.0205631      1.5027096      6.9024391    
  13740000   1.0028844      6.0258136      1.5042766      6.9038803    
  13750000   1.003013       6.030758       1.5044696      6.9089467    
  13760000   1.002986       6.0066286      1.504429       6.8970587    
  13770000   1.007421       6.0147145      1.5110812      6.9053454    
  13780000   0.9999092      6.0200222      1.499814       6.9126677    
  13790000   0.98883381     6.0289622      1.4832014      6.9064698    
  13800000   1.0079705      6.0275823      1.5119055      6.9023614    
  13810000   1.0003124      6.016415       1.5004188      6.8976524    
  13820000   1.0023216      6.0309523      1.5034324      6.9094338    
  13830000   0.9979653      6.0232206      1.4968982      6.8991263    
  13840000   1.0019736      6.017799       1.5029105      6.8990252    
  13850000   0.993041       6.0100413      1.489512       6.9000146    
  13860000   0.99891411     6.023064       1.4983214      6.9007966    
  13870000   0.99376513     6.0307378      1.4905982      6.9101829    
  13880000   1.007005       6.021584       1.5104573      6.895267     
  13890000   1.0038287      6.013739       1.505693       6.9001291    
  13900000   1.0077106      6.0133939      1.5115158      6.9061105    
  13910000   1.0077427      6.0093931      1.5115639      6.9029449    
  13920000   0.99931741     6.0216478      1.4989263      6.9074438    
  13930000   0.99727652     6.021185       1.4958651      6.9072379    
  13940000   0.99658635     6.0167732      1.4948299      6.8976535    
  13950000   1.0018777      6.0278088      1.5027666      6.9059605    
  13960000   0.99781374     6.0354626      1.4966709      6.9092379    
  13970000   1.0021577      6.0376396      1.5031866      6.910126     
  13980000   0.99980402     6.0298265      1.4996562      6.9044066    
  13990000   1.0013401      6.025113       1.5019602      6.9025174    
  14000000   1.0013384      6.0223376      1.5019577      6.9082385    
  14010000   0.98778309     6.0220353      1.4816254      6.9069064    
  14020000   1.0078326      6.0215793      1.5116986      6.9065678    
  14030000   0.9948632      6.0204022      1.4922452      6.9078362    
  14040000   1.0007129      6.0140491      1.5010195      6.9075156    
  14050000   0.99975824     6.0080389      1.4995875      6.8985216    
  14060000   0.99758525     6.0160598      1.4963282      6.9028527    
  14070000   0.99990421     6.0176887      1.4998065      6.8990177    
  14080000   1.0097218      6.0273987      1.5145324      6.9011801    
  14090000   0.99688954     6.026845       1.4952846      6.9037807    
  14100000   1.0109495      6.0200744      1.5163738      6.9039953    
  14110000   0.99383709     6.0344608      1.4907061      6.9102543    
  14120000   1.00434        6.0286895      1.5064599      6.9080082    
  14130000   0.99810692     6.0164371      1.4971106      6.9037938    
  14140000   1.0030921      6.0181679      1.5045881      6.9050856    
  14150000   1.0001594      6.0432309      1.5001892      6.9113006    
  14160000   0.99304057     6.0319946      1.4895114      6.9082487    
  14170000   0.99675055     6.0314673      1.4950762      6.9097746    
  14180000   1.0067571      6.0339056      1.5100855      6.9164116    
  14190000   0.99859934     6.026296       1.4978492      6.906389     
  14200000   1.0051773      6.0311473      1.5077158      6.9115276    
  14210000   1.0043268      6.0187808      1.5064402      6.9026401    
  14220000   1.0062753      6.0283928      1.5093628      6.9060624    
  14230000   1.0016337      6.029215       1.5024006      6.9112052    
  14240000   0.99505816     6.0356727      1.4925377      6.9046495    
  14250000   0.99507344     6.0392612      1.4925606      6.912833     
  14260000   1.0048092      6.0512702      1.5071637      6.907437     
  14270000   0.99338704     6.0426273      1.4900311      6.9081975    
  14280000   0.99557013     6.0457971      1.4933056      6.9082171    
  14290000   0.98985113     6.0296945      1.4847274      6.9085433    
  14300000   0.99832927     6.0370067      1.4974442      6.9031811    
  14310000   0.99599292     6.0340928      1.4939397      6.9063157    
  14320000   0.99555339     6.0459204      1.4932805      6.9094621    
  14330000   1.0041649      6.0390821      1.5061973      6.9073388    
  14340000   1.0000137      6.0330897      1.4999707      6.9055613    
  14350000   0.99571764     6.0435835      1.4935268      6.9098325    
  14360000   0.99225936     6.0389398      1.4883396      6.9119131    
  14370000   0.99477695     6.0300231      1.4921158      6.9120968    
  14380000   1.001202       6.0448184      1.5017531      6.9098664    
  14390000   0.99738519     6.0344119      1.4960281      6.8976433    
  14400000   0.99630909     6.0366323      1.494414       6.9080021    
  14410000   0.99154176     6.0279666      1.4872632      6.9070664    
  14420000   1.0039236      6.0202937      1.5058354      6.9075043    
  14430000   1.0059195      6.0193709      1.5088291      6.9047609    
  14440000   1.0055833      6.0257882      1.5083248      6.9021698    
  14450000   0.99742449     6.026685       1.496087       6.904527     
  14460000   1.0035845      6.0274477      1.5053267      6.9030615    
  14470000   1.0079974      6.0337096      1.5119459      6.9085645    
  14480000   1.0034353      6.0349634      1.505103       6.9014022    
  14490000   0.99991206     6.0332315      1.4998183      6.898766     
  14500000   1.0024663      6.0341881      1.5036495      6.9092077    
  14510000   0.99517677     6.0218391      1.4927156      6.8982935    
  14520000   0.99969025     6.021807       1.4994856      6.9016422    
  14530000   1.0016828      6.014859       1.5024743      6.8947262    
  14540000   0.9943017      6.0352587      1.491403       6.9145944    
  14550000   1.0072581      6.0419348      1.510837       6.9105469    
  14560000   0.99413014     6.0223051      1.4911457      6.9007585    
  14570000   0.99669977     6.0276777      1.495          6.9062401    
  14580000   0.99772179     6.0547287      1.496533       6.9117724    
  14590000   0.99657056     6.0338656      1.4948062      6.9006692    
  14600000   0.9983079      6.04043        1.4974121      6.9108405    
  14610000   0.99830849     6.0324627      1.497413       6.9054008    
  14620000   0.99911329     6.030856       1.4986201      6.9072602    
  14630000   1.0010673      6.0237449      1.5015511      6.8961895    
  14640000   1.007464       6.0321541      1.5111458      6.9100557    
  14650000   0.99606802     6.0235169      1.4940524      6.90125      
  14660000   1.0063972      6.021939       1.5095457      6.9029556    
  14670000   0.99913712     6.0339529      1.4986559      6.9114498    
  14680000   0.99745692     6.027329       1.4961357      6.9024396    
  14690000   1.0010208      6.0251379      1.5014814      6.8989622    
  14700000   0.99749847     6.0268938      1.496198       6.9070338    
  14710000   0.9991786      6.0310849      1.4987181      6.9071498    
  14720000   1.0067429      6.0298141      1.5100641      6.9033526    
  14730000   1.0108799      6.0310564      1.5162695      6.9061419    
  14740000   1.0063244      6.036408       1.5094364      6.9042292    
  14750000   1.005336       6.0207393      1.5079539      6.9029716    
  14760000   0.99887533     6.0151539      1.4982632      6.9014048    
  14770000   0.99527414     6.0196161      1.4928616      6.9084072    
  14780000   1.0044583      6.0187722      1.5066374      6.9050229    
  14790000   1.0011111      6.0257753      1.5016167      6.8980506    
  14800000   1.0048983      6.0378204      1.5072974      6.9052206    
  14810000   1.0010474      6.0237779      1.5015212      6.901849     
  14820000   0.99341031     6.025405       1.490066       6.9032932    
  14830000   1.0053711      6.0251293      1.5080066      6.8999161    
  14840000   0.99995079     6.0295297      1.4998764      6.9033133    
  14850000   1.0048915      6.0368305      1.5072872      6.9105667    
  14860000   0.99896183     6.0212926      1.498393       6.8965762    
  14870000   0.98657093     6.0175796      1.4798072      6.8998281    
  14880000   1.0028666      6.0358312      1.50425        6.9154522    
  14890000   0.99989633     6.0225618      1.4997947      6.9087739    
  14900000   0.99810539     5.9990655      1.4971083      6.8962168    
  14910000   1.002258       6.0258955      1.5033371      6.9018974    
  14920000   1.0069759      6.0300594      1.5104137      6.9040208    
  14930000   1.0017712      6.0290709      1.5026069      6.9065395    
  14940000   1.0076495      6.0157984      1.5114241      6.8980088    
  14950000   1.0018418      6.0204409      1.5027128      6.9053511    
  14960000   1.0086133      6.015662       1.5128697      6.9042248    
  14970000   1.0035919      6.0288077      1.5053379      6.9050872    
  14980000   1.0001431      6.0296393      1.5001648      6.9102153    
  14990000   0.9882875      6.0299555      1.482382       6.90885      
  15000000   1.0060107      6.0348418      1.508966       6.9127771    
  15010000   0.99241918     6.0121935      1.4885793      6.8978795    
  15020000   1.0044836      6.0237821      1.5066754      6.9123981    
  15030000   0.99448932     6.0109714      1.4916844      6.9082454    
  15040000   1.0047419      6.0253135      1.5070628      6.9063022    
  15050000   0.99241404     6.0167583      1.4885716      6.9003082    
  15060000   0.99674969     6.0486458      1.4950749      6.9120296    
  15070000   0.99836195     6.0555545      1.4974932      6.9108339    
  15080000   1.0006059      6.0432165      1.500859       6.911715     
  15090000   0.99980738     6.0301466      1.4996612      6.9017624    
  15100000   1.003477       6.0289127      1.5051655      6.9056531    
  15110000   0.99665147     6.0337491      1.4949275      6.8996813    
  15120000   0.99395503     6.0359972      1.490883       6.9101711    
  15130000   1.0067836      6.0326475      1.5101253      6.9044899    
  15140000   1.011784       6.0401315      1.5176256      6.9099107    
  15150000   0.99962722     6.0340511      1.499391       6.904995     
  15160000   1.004146       6.0303475      1.5061689      6.9139824    
  15170000   0.9947306      6.0150852      1.4920463      6.8994515    
  15180000   0.99352814     6.0155651      1.4902427      6.8997731    
  15190000   1.0000989      6.0281713      1.5000985      6.9061262    
  15200000   1.0008567      6.0209504      1.5012351      6.9008903    
  15210000   1.0021572      6.0351157      1.5031859      6.9062717    
  15220000   1.0015649      6.0369163      1.5022974      6.9019852    
  15230000   1.0046431      6.0446286      1.5069146      6.9045383    
  15240000   0.99748173     6.0385219      1.4961729      6.9137916    
  15250000   0.99821162     6.0347521      1.4972677      6.9080496    
  15260000   0.99556898     6.0266691      1.4933039      6.9029479    
  15270000   1.0034312      6.0227439      1.5050968      6.902778     
  15280000   1.0094298      6.0254806      1.5140944      6.9038005    
  15290000   0.99547943     6.0287378      1.4931695      6.9012921    
  15300000   0.99925104     6.0232263      1.4988268      6.9026073    
  15310000   0.99657676     6.0182317      1.4948155      6.9092428    
  15320000   0.99820796     6.022821       1.4972622      6.9118602    
  15330000   1.0027316      6.02367        1.5040474      6.9078577    
  15340000   0.99759947     6.0154093      1.4963495      6.9041467    
  15350000   1.0041398      6.0220407      1.5061596      6.9058172    
  15360000   0.99985044     6.0371394      1.4997258      6.9162555    
  15370000   1.005592       6.0399916      1.5083379      6.9130602    
  15380000   1.0062104      6.0251262      1.5092654      6.9033174    
  15390000   0.99875991     6.0339878      1.4980901      6.9061469    
  15400000   0.99210794     6.0356564      1.4881125      6.9044679    
  15410000   1.0023557      6.0329928      1.5034837      6.9041937    
  15420000   0.99502239     6.035417       1.492484       6.9027756    
  15430000   0.99358779     6.0552035      1.4903322      6.9124825    
  15440000   0.99857248     6.0376431      1.497809       6.9054411    
  15450000   1.004076       6.0432057      1.5060639      6.9063664    
  15460000   1.005381       6.02177        1.5080213      6.9018163    
  15470000   1.0006202      6.0237639      1.5008804      6.8979292    
  15480000   1.0008895      6.0349176      1.5012843      6.9001697    
  15490000   1.0027728      6.0369082      1.5041093      6.906891     
  15500000   1.0036436      6.0220661      1.5054154      6.8960324    
  15510000   0.9879268      6.0238774      1.481841       6.9049516    
  15520000   0.99538436     6.0326552      1.4930269      6.9085756    
  15530000   1.0049423      6.0235462      1.5073633      6.9028421    
  15540000   1.0049705      6.0258992      1.5074057      6.9063736    
  15550000   0.99897165     6.0202372      1.4984077      6.9032586    
  15560000   0.99294459     6.0267457      1.4893674      6.9101483    
  15570000   1.0009798      6.0241013      1.5014197      6.9093779    
  15580000   0.9989201      6.015228       1.4983304      6.9066856    
  15590000   0.9989226      6.0219891      1.4983341      6.9036493    
  15600000   1.0013683      6.0316441      1.5020025      6.9068647    
  15610000   1.0119017      6.0454117      1.5178021      6.9209573    
  15620000   0.99272332     6.0355085      1.4890355      6.9044432    
  15630000   1.0068709      6.0231909      1.5102561      6.9008216    
  15640000   0.9876021      6.0174162      1.4813539      6.9020917    
  15650000   0.99194281     6.0179204      1.4878648      6.8951293    
  15660000   1.0005804      6.0320461      1.5008207      6.9011007    
  15670000   0.99925836     6.0253692      1.4988377      6.905081     
  15680000   1.0080611      6.0160097      1.5120414      6.9083435    
  15690000   1.0041973      6.0153067      1.506246       6.8977801    
  15700000   0.99235894     6.0333333      1.488489       6.9083656    
  15710000   0.99604751     6.0208968      1.4940216      6.9109247    
  15720000   0.99919792     6.0116611      1.4987471      6.9015136    
  15730000   0.9967066      6.0292207      1.4950102      6.8986667    
  15740000   1.0108761      6.0431259      1.5162637      6.9066977    
  15750000   1.0029277      6.030058       1.5043416      6.9029426    
  15760000   1.0087761      6.0117587      1.5131139      6.8933591    
  15770000   1.0041432      6.0389839      1.5061648      6.9124844    
  15780000   0.99920471     6.0142096      1.4987573      6.9015525    
  15790000   0.99439607     6.0352157      1.4915446      6.9051596    
  15800000   1.0028044      6.0318645      1.5041566      6.9085481    
  15810000   0.99548127     6.0240395      1.4931723      6.9029528    
  15820000   1.0035922      6.017641       1.5053382      6.9061912    
  15830000   0.99871494     6.0183786      1.4980226      6.9024233    
  15840000   1.0001233      6.023071       1.5001351      6.9026083    
  15850000   1.0043961      6.0175664      1.5065441      6.9056281    
  15860000   0.9967272      6.0157607      1.4950411      6.9067403    
  15870000   0.99736354     6.0127544      1.4959956      6.9028698    
  15880000   0.99905841     6.0330761      1.4985378      6.9030824    
  15890000   0.9999087      6.0245881      1.4998132      6.8988138    
  15900000   1.0082934      6.0395755      1.5123898      6.9047848    
  15910000   0.99433072     6.0228352      1.4914465      6.9057866    
  15920000   0.99717024     6.0386262      1.4957057      6.9121486    
  15930000   0.99617887     6.0214774      1.4942187      6.9020368    
  15940000   0.98911431     6.0203965      1.4836222      6.9030347    
  15950000   0.99710102     6.0251776      1.4956018      6.9015497    
  15960000   0.99484545     6.0316055      1.4922186      6.9019045    
  15970000   0.99861466     6.0425421      1.4978722      6.9083349    
  15980000   0.99467556     6.0400197      1.4919638      6.9125291    
  15990000   0.99739744     6.0518031      1.4960465      6.9116179    
  16000000   1.0077005      6.0332738      1.5115006      6.9031394    
  16010000   0.99638884     6.0342816      1.4945336      6.9056367    
  16020000   0.99921301     6.0401008      1.4987697      6.9031294    
  16030000   1.0101775      6.0375423      1.5152159      6.9049678    
  16040000   1.003885       6.0396656      1.5057774      6.9079055    
  16050000   1.01067        6.0396145      1.5159546      6.9031707    
  16060000   0.99854842     6.020826       1.4977729      6.9045511    
  16070000   1.0050622      6.0026064      1.5075432      6.8984505    
  16080000   0.99531262     6.0281777      1.4929193      6.9045529    
  16090000   0.99515604     6.0291153      1.4926845      6.9012645    
  16100000   1.00128        6.0258809      1.5018702      6.9068818    
  16110000   0.99670388     6.0337941      1.4950062      6.9066144    
  16120000   0.9988529      6.042054       1.4982296      6.913489     
  16130000   1.0123775      6.0261404      1.5185157      6.903046     
  16140000   1.0073023      6.0189583      1.5109032      6.9052135    
  16150000   0.99180231     6.0204615      1.487654       6.9001033    
  16160000   0.99688562     6.0086768      1.4952787      6.902093     
  16170000   0.9979364      6.021633       1.4968549      6.9063374    
  16180000   1.0055002      6.0312298      1.5082002      6.9046073    
  16190000   1.0005387      6.0259073      1.5007581      6.8992225    
  16200000   1.0047951      6.0436165      1.5071426      6.9015482    
  16210000   0.99934815     6.0384119      1.4989724      6.910205     
  16220000   1.0003207      6.0317989      1.5004312      6.9024837    
  16230000   0.99473278     6.0403089      1.4920496      6.9076049    
  16240000   0.99163424     6.0232054      1.4874019      6.9075854    
  16250000   1.003376       6.0250426      1.5050141      6.9076443    
  16260000   1.000056       6.0439672      1.5000342      6.9079632    
  16270000   1.0054095      6.0543094      1.5080642      6.9092492    
  16280000   0.99509523     6.0346226      1.4925933      6.9082075    
  16290000   0.99366793     6.0249679      1.4904524      6.8993337    
  16300000   1.0073185      6.0214544      1.5109275      6.9043322    
  16310000   0.99802574     6.0303166      1.4969889      6.9011238    
  16320000   1.0006741      6.0307461      1.5009613      6.9080841    
  16330000   0.99666558     6.0329997      1.4949487      6.9116814    
  16340000   1.0020456      6.0274355      1.5030185      6.9103458    
  16350000   0.99309289     6.0030643      1.4895898      6.8969451    
  16360000   0.99886056     6.0189047      1.4982411      6.9073622    
  16370000   0.99831479     6.0354346      1.4974224      6.909303     
  16380000   1.0060261      6.0306075      1.508989       6.9070482    
  16390000   1.0065258      6.0275644      1.5097385      6.9080451    
  16400000   0.9948614      6.0158023      1.4922425      6.9105677    
  16410000   1.0030397      6.0267315      1.5045096      6.902541     
  16420000   1.0020737      6.0234547      1.5030606      6.9022133    
  16430000   0.99541295     6.0347358      1.4930698      6.9115078    
  16440000   1.0020876      6.0207887      1.5030815      6.9065765    
  16450000   0.99856481     6.0272784      1.4977974      6.9027049    
  16460000   1.0036987      6.0143563      1.505498       6.9051956    
  16470000   0.99533173     6.0244701      1.492948       6.910207     
  16480000   0.99747616     6.0139768      1.4961645      6.904385     
  16490000   0.99880487     6.0205141      1.4981575      6.9059588    
  16500000   1.0066065      6.009465       1.5098595      6.9062578    
  16510000   0.99264538     6.0136197      1.4889186      6.906601     
  16520000   0.99711579     6.0141203      1.495624       6.9007953    
  16530000   0.99694528     6.0225303      1.4953682      6.9045722    
  16540000   0.99631308     6.0234684      1.49442        6.9009809    
  16550000   0.98961663     6.0320575      1.4843756      6.9097287    
  16560000   1.0008715      6.0272266      1.5012574      6.9029213    
  16570000   0.99781271     6.0200451      1.4966693      6.9061565    
  16580000   1.0041664      6.0148804      1.5061996      6.9072465    
  16590000   1.0041961      6.0251011      1.5062441      6.9116682    
  16600000   1.0005067      6.0094803      1.5007102      6.9030755    
  16610000   0.99441939     5.9942331      1.4915795      6.8968832    
  16620000   0.98987462     6.0115356      1.4847626      6.9048452    
  16630000   0.9954281      6.0095688      1.4930925      6.8985799    
  16640000   1.0035609      6.0133808      1.5052914      6.9019678    
  16650000   0.99596506     6.0193736      1.493898       6.9071526    
  16660000   1.0008611      6.0198669      1.5012418      6.902845     
  16670000   0.99758986     6.0406873      1.4963351      6.9095885    
  16680000   1.0044274      6.0206022      1.506591       6.9013287    
  16690000   0.9965082      6.0134703      1.4947126      6.9028643    
  16700000   1.0010446      6.0278402      1.5015171      6.9133601    
  16710000   1.0030496      6.0162366      1.5045245      6.8968922    
  16720000   0.99606376     6.0321327      1.494046       6.9134888    
  16730000   0.99745778     6.0222941      1.496137       6.9086756    
  16740000   1.0011462      6.0094287      1.5016694      6.9003524    
  16750000   0.99709529     6.0138147      1.4955932      6.8990886    
  16760000   1.0013435      6.0115498      1.5019653      6.9054156    
  16770000   0.9976643      6.0195476      1.4964467      6.908101     
  16780000   0.99690895     6.0129542      1.4953137      6.9035729    
  16790000   0.9968935      6.0123665      1.4952906      6.902157     
  16800000   0.99134988     6.0101875      1.4869754      6.9031586    
  16810000   0.98969409     5.9995544      1.4844918      6.8988701    
  16820000   1.0080196      6.007271       1.5119792      6.9016313    
  16830000   1.0011561      6.0185431      1.5016842      6.9065237    
  16840000   0.99771397     6.0268471      1.4965212      6.9043716    
  16850000   1.0010467      6.0210958      1.5015201      6.9059966    
  16860000   0.99834634     6.0219016      1.4974698      6.9046122    
  16870000   1.0017928      6.0156986      1.5026393      6.9076278    
  16880000   0.9938259      6.0188523      1.4906893      6.9019457    
  16890000   1.0068439      6.0099373      1.5102156      6.9017533    
  16900000   1.0009813      6.022611       1.5014221      6.9081915    
  16910000   0.99935212     6.0149298      1.4989784      6.9068124    
  16920000   1.0005945      6.012674       1.5008419      6.9072629    
  16930000   0.99585618     6.0139754      1.4937346      6.9034318    
  16940000   0.99299535     6.0201089      1.4894435      6.9076367    
  16950000   0.99671796     6.0250125      1.4950273      6.9080202    
  16960000   1.0004047      6.0270245      1.5005572      6.909427     
  16970000   1.0064922      6.0296011      1.5096881      6.9043695    
  16980000   1.0031678      6.0338803      1.5047017      6.9113942    
  16990000   1.0099048      6.0447689      1.5148068      6.90741      
  17000000   1.0042484      6.037272       1.5063226      6.9135527    
  17010000   1.0043697      6.0312559      1.5065045      6.9060452    
  17020000   1.0091675      6.0175428      1.513701       6.9030717    
  17030000   0.99567271     6.0253594      1.4934595      6.9053341    
  17040000   0.99471887     6.0259052      1.4920287      6.8961106    
  17050000   0.99543049     6.0534546      1.4930961      6.9229107    
  17060000   0.99950164     6.0241494      1.4992026      6.8986005    
  17070000   1.0003627      6.0227768      1.5004942      6.902848     
  17080000   1.0023357      6.0137389      1.5034537      6.9041934    
  17090000   1.0000072      6.0055564      1.4999609      6.9005356    
  17100000   0.99354519     6.0156206      1.4902683      6.9050073    
  17110000   0.99852754     6.0101975      1.4977415      6.8985708    
  17120000   1.0016442      6.0250168      1.5024164      6.9052538    
  17130000   1.0032675      6.0033033      1.5048513      6.904819     
  17140000   1.0013695      6.0114944      1.5020044      6.9127577    
  17150000   0.99400963     6.0120592      1.4909649      6.9028269    
  17160000   0.99236737     6.0176451      1.4885016      6.9026669    
  17170000   1.0071926      6.0216014      1.5107387      6.9078916    
  17180000   1.0052303      6.0350053      1.5077953      6.913268     
  17190000   1.0008998      6.0284194      1.5012999      6.9081083    
  17200000   0.99434227     6.0109626      1.4914638      6.9028755    
  17210000   0.99985197     6.0172561      1.4997281      6.9035965    
  17220000   0.99193519     6.0345128      1.4878534      6.9091031    
  17230000   1.0039575      6.0186447      1.5058862      6.9081363    
  17240000   0.99731721     6.0135492      1.4959261      6.8973164    
  17250000   0.99494795     6.0241422      1.4923723      6.9084112    
  17260000   1.0004264      6.0210437      1.5005898      6.9121459    
  17270000   1.0002933      6.0219916      1.5003901      6.9025599    
  17280000   1.0025852      6.0259594      1.5038278      6.9088896    
  17290000   0.99745371     6.0305591      1.4961309      6.9000531    
  17300000   0.99677604     6.0350227      1.4951144      6.9141134    
  17310000   1.0077647      6.0161038      1.5115969      6.9070733    
  17320000   1.0035113      6.0205306      1.505217       6.8974436    
  17330000   1.0002311      6.0235597      1.5002968      6.9002938    
  17340000   0.99798802     6.0252308      1.4969323      6.9068206    
  17350000   1.0077075      6.0215851      1.511511       6.8994792    
  17360000   1.0045089      6.0185503      1.5067133      6.9034967    
  17370000   0.99452134     6.0311672      1.4917324      6.9166161    
  17380000   1.0043917      6.0144404      1.5065375      6.9024795    
  17390000   0.9990613      6.0158935      1.4985422      6.9054388    
  17400000   0.99472462     6.0179877      1.4920374      6.9089212    
  17410000   0.99832579     6.0314338      1.4974389      6.9114852    
  17420000   0.99879935     6.0092969      1.4981492      6.8969659    
  17430000   0.99521691     6.015866       1.4927758      6.8959163    
  17440000   1.0071683      6.0171635      1.5107022      6.8997954    
  17450000   0.99934795     6.0092395      1.4989721      6.9044617    
  17460000   1.0010102      6.0198125      1.5014654      6.9023955    
  17470000   0.99292891     6.0090152      1.4893439      6.9008207    
  17480000   1.0011869      6.006271       1.5017305      6.9048384    
  17490000   1.0009338      6.014263       1.5013508      6.9067871    
  17500000   0.99707049     6.0139796      1.4955561      6.9067195    
  17510000   1.0002036      6.0105899      1.5002556      6.9042351    
  17520000   0.99803605     6.0185039      1.4970043      6.9006976    
  17530000   1.0041897      6.0223834      1.5062346      6.9053702    
  17540000   0.99215584     6.0092729      1.4881843      6.8999465    
  17550000   1.0043757      6.00032        1.5065136      6.9013573    
  17560000   1.0073286      6.0248625      1.5109427      6.9112297    
  17570000   1.0007126      6.014849       1.501019       6.9010969    
  17580000   0.99715115     6.0018782      1.495677       6.8961162    
  17590000   1.0025125      6.0034896      1.5037188      6.9043952    
  17600000   0.99352041     6.0174084      1.4902311      6.903477     
  17610000   1.0077125      6.0132991      1.5115185      6.9019779    
  17620000   1.0032696      6.0181506      1.5048545      6.9087322    
  17630000   0.99888175     6.0135601      1.4982728      6.9002338    
  17640000   1.0024363      6.0087859      1.5036044      6.8981921    
  17650000   0.99778449     6.0140865      1.496627       6.8996589    
  17660000   0.99899264     6.0131119      1.4984392      6.8971843    
  17670000   0.99744439     6.0152714      1.4961169      6.9110293    
  17680000   0.99672507     6.0045218      1.4950379      6.9022569    
  17690000   1.0076496      6.0106254      1.5114241      6.8979934    
  17700000   0.99472727     6.0163412      1.4920413      6.9033415    
  17710000   0.99300841     6.0231918      1.4894631      6.9038548    
  17720000   0.98925667     6.0071566      1.4838357      6.9022288    
  17730000   0.99595436     6.0115453      1.4938819      6.9084565    
  17740000   0.99817454     6.0082939      1.4972121      6.9002947    
  17750000   0.99854553     6.0053736      1.4977685      6.9094151    
  17760000   1.0035058      6.0148113      1.5052088      6.9085314    
  17770000   1.0040439      6.0094196      1.5060158      6.9060735    
  17780000   1.0066288      6.021107       1.509893       6.9023247    
  17790000   0.99372115     6.0172911      1.4905322      6.9106369    
  17800000   1.003789       6.0048458      1.5056335      6.9058237    
  17810000   1.0083901      6.0085843      1.5125348      6.9000934    
  17820000   1.0078233      6.0117909      1.5116848      6.908309     
  17830000   0.99932679     6.0193107      1.4989404      6.9104673    
  17840000   1.00232        6.0233806      1.5034301      6.912061     
  17850000   0.99538277     6.022341       1.4930246      6.9056052    
  17860000   1.0041085      6.0140397      1.5061127      6.9015444    
  17870000   0.99321616     6.01029        1.4897747      6.9056291    
  17880000   1.0114589      6.0336535      1.5171379      6.917234     
  17890000   1.0038683      6.0311719      1.5057524      6.9103084    
  17900000   1.0043526      6.0254597      1.5064789      6.9112848    
  17910000   0.9970513      6.0135518      1.4955273      6.9109204    
  17920000   1.0035422      6.015291       1.5052633      6.9066794    
  17930000   1.0050496      6.0044223      1.5075243      6.899615     
  17940000   0.99475521     6.0050435      1.4920832      6.8971045    
  17950000   0.99916766     6.0095157      1.4987017      6.9070836    
  17960000   1.0002512      6.0308009      1.500327       6.9127069    
  17970000   1.0137976      6.0339927      1.5206459      6.9149412    
  17980000   1.0023875      6.0242516      1.5035313      6.9080364    
  17990000   1.0046141      6.0193336      1.506871       6.9049247    
  18000000   1.0091201      6.0048779      1.5136299      6.9034965    
  18010000   1.004913       6.0086003      1.5073194      6.8968601    
  18020000   1.0136433      6.0141703      1.5204144      6.9067094    
  18030000   1.0032916      6.0197651      1.5048874      6.9032459    
  18040000   1.0042819      6.0052639      1.5063727      6.9001572    
  18050000   0.99151494     6.0112631      1.487223       6.9060288    
  18060000   0.99855816     6.0134128      1.4977875      6.9051685    
  18070000   0.99412481     6.0125903      1.4911377      6.9038155    
  18080000   0.99285889     6.0194907      1.4892389      6.9066482    
  18090000   0.99220116     6.0007909      1.4882523      6.8929373    
  18100000   1.002614       6.0159863      1.503871       6.9084834    
  18110000   0.9991596      5.9975589      1.4986896      6.9021775    
  18120000   1.0005381      6.0057332      1.5007573      6.8980758    
  18130000   0.99969464     5.9950498      1.4994921      6.8953184    
  18140000   0.98755544     6.0100435      1.4812839      6.9036665    
  18150000   0.99790073     6.011176       1.4968014      6.9085037    
  18160000   0.98962899     6.0073971      1.4843942      6.9047341    
  18170000   0.99906601     6.0076588      1.4985492      6.912818     
  18180000   1.0039874      5.990301       1.505931       6.8994851    
  18190000   0.99611089     6.0008112      1.4941167      6.9057106    
  18200000   1.0057249      5.9998902      1.5085372      6.9006561    
  18210000   0.99995544     6.0066219      1.4998833      6.9063984    
  18220000   1.0066399      5.9985673      1.5099097      6.8979258    
  18230000   0.98482526     6.0141279      1.4771888      6.9028441    
  18240000   1.0026743      5.9913964      1.5039615      6.8982414    
  18250000   0.99081979     6.0113184      1.4861803      6.9078525    
  18260000   0.99761094     6.0161101      1.4963667      6.9084017    
  18270000   0.99945802     6.0173151      1.4991372      6.9045373    
  18280000   0.9952727      6.0116007      1.4928595      6.9102628    
  18290000   0.99554463     6.0195603      1.4932673      6.9096282    
  18300000   1.0023754      6.0060165      1.5035131      6.9002619    
  18310000   1.0018948      6.0116031      1.5027922      6.9046604    
  18320000   0.99836978     6.0162157      1.4975049      6.9014197    
  18330000   1.0014929      6.0204227      1.5021894      6.9095205    
  18340000   0.99737151     6.0006988      1.4960076      6.89788      
  18350000   1.0039062      6.0024146      1.5058093      6.9043091    
  18360000   1.0039465      5.9944018      1.5058698      6.9001115    
  18370000   1.001333       6.0027929      1.5019497      6.9050796    
  18380000   0.99472682     5.9979844      1.4920407      6.9115323    
  18390000   1.0029374      5.9950914      1.5043561      6.8982649    
  18400000   1.0037307      6.0053369      1.505546       6.9017872    
  18410000   0.99737604     6.0132586      1.4960143      6.9092371    
  18420000   0.99624335     6.0247837      1.4943154      6.9024252    
  18430000   0.9976007      6.0205793      1.4963513      6.9030101    
  18440000   0.99034377     6.0289311      1.4854663      6.9084929    
  18450000   0.99875595     6.0027519      1.4980842      6.8993993    
  18460000   1.0049989      6.0056608      1.5074483      6.8977382    
  18470000   0.99655639     6.0166856      1.4947849      6.9118049    
  18480000   1.0024854      6.0126556      1.5036782      6.904269     
  18490000   1.0006942      6.0112738      1.5009914      6.9093756    
  18500000   0.99231419     6.0198794      1.4884218      6.9124585    
  18510000   1.006785       6.0117362      1.5101274      6.9032968    
  18520000   0.99826909     6.0253013      1.4973539      6.9129847    
  18530000   1.0007083      6.0086401      1.5010125      6.9036637    
  18540000   0.99644211     6.0043132      1.4946135      6.9066408    
  18550000   1.003235       5.9969786      1.5048025      6.8996323    
  18560000   1.0016587      5.991031       1.5024382      6.8955257    
  18570000   0.99937416     5.9903153      1.4990114      6.9055773    
  18580000   1.0033076      5.9884093      1.5049114      6.8976693    
  18590000   0.99960701     6.0086584      1.4993607      6.9049471    
  18600000   1.0046854      6.0147653      1.506978       6.9041397    
  18610000   1.0047514      6.0103599      1.5070771      6.9069751    
  18620000   1.0008217      6.0214409      1.5011827      6.9048883    
  18630000   1.0035355      6.0047275      1.5052532      6.9055156    
  18640000   0.99987128     6.0155063      1.4997571      6.9096475    
  18650000   0.98497375     6.005936       1.4774115      6.9007969    
  18660000   0.99580105     6.0060022      1.4936519      6.9018756    
  18670000   1.0063029      6.0045952      1.5094043      6.9052136    
  18680000   0.99912782     6.0001112      1.4986419      6.9002032    
  18690000   1.0024717      5.9959506      1.5036575      6.8969924    
  18700000   0.9980993      6.0042947      1.4970992      6.9031713    
  18710000   0.99598306     6.020766       1.493925       6.9048753    
  18720000   0.99860304     6.0161297      1.4978548      6.9037442    
  18730000   1.0059477      6.024649       1.5088714      6.9097747    
  18740000   0.99946099     6.0061229      1.4991417      6.8973903    
  18750000   0.99412391     6.0249336      1.4911363      6.9109104    
  18760000   0.99020317     6.0189862      1.4852554      6.9066266    
  18770000   1.000685       6.0055331      1.5009776      6.9017076    
  18780000   1.0035886      6.0109356      1.5053329      6.9016129    
  18790000   1.0038424      6.0086057      1.5057136      6.901228     
  18800000   0.99369219     6.0012733      1.4904888      6.9009572    
  18810000   0.99709993     6.010903       1.4956002      6.9131627    
  18820000   0.99784373     6.0135576      1.4967159      6.9052054    
  18830000   0.99430265     6.012198       1.4914044      6.9013129    
  18840000   1.0015655      6.0211513      1.5022984      6.9069642    
  18850000   0.99956488     6.0138494      1.4992975      6.9038248    
  18860000   0.99811125     6.0197344      1.4971171      6.9063479    
  18870000   0.9989627      6.0046151      1.4983943      6.9020453    
  18880000   0.99923617     6.0225917      1.4988045      6.905477     
  18890000   1.0025995      6.0167798      1.5038494      6.9065207    
  18900000   0.99550361     6.0103285      1.4932058      6.9059415    
  18910000   0.99856912     5.9986775      1.4978039      6.899336     
  18920000   1.0002665      5.9897254      1.5003499      6.8947408    
  18930000   0.99482028     5.9989752      1.4921808      6.8995079    
  18940000   0.99393439     6.0226854      1.4908521      6.9166415    
  18950000   1.0039909      6.005218       1.5059364      6.9046159    
  18960000   1.0032162      6.0020196      1.5047744      6.9007724    
  18970000   1.0043764      6.0071307      1.5065146      6.9069987    
  18980000   1.0009889      6.0230398      1.5014335      6.9082958    
  18990000   1.0082139      6.0108462      1.5122706      6.9061548    
  19000000   1.0014111      6.0245065      1.5020667      6.9091421    
  19010000   0.99862362     6.0183431      1.4978857      6.910209     
  19020000   0.99270568     6.0304674      1.489009       6.9092636    
  19030000   1.0033722      6.0252227      1.5050083      6.9089406    
  19040000   1.006388       6.0125608      1.5095319      6.9012566    
  19050000   1.0107736      6.0146926      1.51611        6.9050692    
  19060000   0.99771673     6.021462       1.4965254      6.9040045    
  19070000   1.0035032      6.0039674      1.5052048      6.9018443    
  19080000   1.0056194      6.014655       1.508379       6.9048743    
  19090000   1.0092205      6.0070006      1.5137804      6.9044662    
  19100000   0.99864854     6.0071477      1.4979231      6.9050291    
  19110000   0.98973646     6.006782       1.4845554      6.901269     
  19120000   1.0009884      6.0154922      1.5014327      6.9020938    
  19130000   0.99548334     6.0034016      1.4931754      6.8991246    
  19140000   0.99722594     6.0054667      1.4957892      6.9022384    
  19150000   0.99151388     6.0245305      1.4872214      6.9112146    
  19160000   1.0020936      6.0149897      1.5030904      6.9091889    
  19170000   0.99842923     6.0101454      1.4975941      6.9011727    
  19180000   1.0088236      6.0250414      1.5131851      6.908928     
  19190000   1.0023697      6.0123658      1.5035047      6.9013379    
  19200000   1.0034338      6.013846       1.5051007      6.9065473    
  19210000   0.99324878     5.994476       1.4898237      6.8942599    
  19220000   0.99851422     6.0084608      1.4977216      6.8948593    
  19230000   1.0044426      6.0246041      1.5066139      6.9073021    
  19240000   0.98316126     6.0267977      1.4746929      6.9113038    
  19250000   0.99581138     6.0358212      1.4936674      6.9166275    
  19260000   1.0000271      6.0146185      1.4999909      6.9021454    
  19270000   1.0000138      6.0161192      1.4999708      6.9045415    
  19280000   1.0025214      6.0073619      1.5037322      6.9048196    
  19290000   0.99507217     6.0031415      1.4925587      6.9023114    
  19300000   1.0105345      6.0185394      1.5157514      6.9078677    
  19310000   0.99432485     5.9979338      1.4914377      6.9017063    
  19320000   0.99682747     6.0076592      1.4951915      6.9014846    
  19330000   0.99800984     6.0029789      1.496965       6.8946644    
  19340000   0.99699463     6.0042353      1.4954423      6.8995184    
  19350000   1.0033348      6.0167831      1.5049522      6.9145801    
  19360000   1.0006797      6.015429       1.5009697      6.9108996    
  19370000   0.99678602     6.0036216      1.4951294      6.9034501    
  19380000   0.99195129     6.016124       1.4878775      6.9091078    
  19390000   1.0025502      6.0022024      1.5037754      6.9010188    
  19400000   1.0008963      6.0133486      1.5012945      6.9050098    
  19410000   0.99854826     6.0309309      1.4977726      6.9101826    
  19420000   1.0022207      6.0049114      1.5032812      6.9022921    
  19430000   0.99577674     6.0095718      1.4936155      6.9065905    
  19440000   1.0058147      5.9967442      1.5086719      6.9006931    
  19450000   0.99427346     6.0111367      1.4913606      6.9099485    
  19460000   1.0042882      5.9981065      1.5063822      6.9009047    
  19470000   0.99804795     6.0052097      1.4970222      6.9050021    
  19480000   1.0133569      6.0123487      1.5199848      6.9095091    
  19490000   0.99607945     6.0232147      1.4940695      6.9128896    
  19500000   0.99680789     6.0086632      1.4951622      6.9051332    
  19510000   0.9945552      6.0180676      1.4917832      6.9090457    
  19520000   1.005523       6.0012999      1.5082345      6.901189     
  19530000   0.99711148     6.0023175      1.4956175      6.8984768    
  19540000   1.0010468      6.0060929      1.5015203      6.903991     
  19550000   1.0021907      6.0064116      1.503236       6.9058199    
  19560000   0.99623816     6.0107843      1.4943076      6.9080583    
  19570000   0.99611483     6.0244246      1.4941226      6.9156672    
  19580000   1.0048551      6.0123026      1.5072325      6.904113     
  19590000   1.0007154      6.0118732      1.5010232      6.9007201    
  19600000   1.0007947      6.0161077      1.5011422      6.9069417    
  19610000   0.99935486     6.0137889      1.4989825      6.9072949    
  19620000   0.99978134     6.0181191      1.4996222      6.9068591    
  19630000   1.0004999      6.0220442      1.5007         6.9155874    
  19640000   1.0022724      6.0098784      1.5033586      6.9078956    
  19650000   1.0028183      6.0097298      1.5041774      6.8974197    
  19660000   0.99877914     6.028205       1.4981189      6.9116391    
  19670000   1.003899       6.0226956      1.5057985      6.9037218    
  19680000   0.99930356     6.0351019      1.4989055      6.9180012    
  19690000   0.99641632     6.0124561      1.4945748      6.909153     
  19700000   1.0046547      6.0129765      1.506932       6.9045561    
  19710000   0.99778646     6.0094458      1.49663        6.9067724    
  19720000   1.0066303      6.0078898      1.5098952      6.9150278    
  19730000   0.99804301     6.0048295      1.4970148      6.907806     
  19740000   1.0038634      5.9922536      1.5057451      6.8969145    
  19750000   0.9930807      6.0017462      1.4895716      6.9074049    
  19760000   1.0007336      6.007676       1.5010505      6.9056262    
  19770000   0.99235615     6.0187429      1.4884848      6.9110844    
  19780000   1.0030447      6.0157758      1.5045171      6.9016315    
  19790000   0.99946611     6.013614       1.4991494      6.9031182    
  19800000   1.003838       6.0309133      1.5057069      6.9057017    
  19810000   1.0054974      6.0128139      1.508196       6.9058184    
  19820000   1.0000697      6.0104195      1.5000548      6.9000861    
  19830000   0.99873899     6.0068653      1.4980587      6.9050464    
  19840000   1.0011396      6.0146123      1.5016595      6.9064293    
  19850000   0.99209706     6.0234062      1.4880961      6.9076453    
  19860000   1.0084396      6.0171513      1.5126092      6.8921652    
  19870000   1.0046536      6.0235969      1.5069304      6.9056106    
  19880000   1.0010624      6.0223395      1.5015437      6.900119     
  19890000   1.0003124      6.0173551      1.5004188      6.902331     
  19900000   1.0088899      6.0270442      1.5132846      6.9097468    
  19910000   1.0012631      6.016927       1.5018447      6.9072024    
  19920000   0.99510452     6.0205148      1.4926072      6.9065825    
  19930000   1.0065831      6.0110989      1.5098244      6.901097     
  19940000   0.99846589     6.0132655      1.4976491      6.9050684    
  19950000   1.005046       6.0118262      1.507519       6.9038046    
  19960000   0.99468486     6.0283563      1.4919777      6.9123176    
  19970000   0.99918277     6.0135633      1.4987244      6.9037733    
  19980000   1.0031015      6.0273015      1.5046023      6.9060108    
  19990000   1.0000639      6.0081377      1.500046       6.8977057    
  20000000   0.98873771     6.0193912      1.4830573      6.9082363    
  20010000   0.99673417     6.0141924      1.4950516      6.9031646    
  20020000   0.99711143     6.0260526      1.4956175      6.9103073    
  20030000   1.0106536      6.0152794      1.51593        6.9120717    
Loop time of 215387 on 1 procs for 20000000 steps with 30100 atoms

Performance: 40113.840 tau/day, 92.856 timesteps/s
100.0% CPU use with 1 MPI tasks x 1 OpenMP threads

MPI task timing breakdown:
Section |  min time  |  avg time  |  max time  |%varavg| %total
---------------------------------------------------------------
Pair    | 1.4148e+05 | 1.4148e+05 | 1.4148e+05 |   0.0 | 65.69
Bond    | 7420.8     | 7420.8     | 7420.8     |   0.0 |  3.45
Neigh   | 37362      | 37362      | 37362      |   0.0 | 17.35
Comm    | 884.02     | 884.02     | 884.02     |   0.0 |  0.41
Output  | 2.3797     | 2.3797     | 2.3797     |   0.0 |  0.00
Modify  | 27003      | 27003      | 27003      |   0.0 | 12.54
Other   |            | 1230       |            |       |  0.57

Nlocal:          30100 ave       30100 max       30100 min
Histogram: 1 0 0 0 0 0 0 0 0 0
Nghost:           6482 ave        6482 max        6482 min
Histogram: 1 0 0 0 0 0 0 0 0 0
Neighs:    1.01797e+06 ave 1.01797e+06 max 1.01797e+06 min
Histogram: 1 0 0 0 0 0 0 0 0 0

Total # of neighbors = 1017968
Ave neighs/atom = 33.819535
Ave special neighs/atom = 1.9136213
Neighbor list builds = 889738
Dangerous builds = 0

write_data data*.xyz
System init for write_data ...
Generated 0 of 6 mixed pair_coeff terms from geometric mixing rule
WARNING: Not all mixed pair coeffs generated from mixing. Use write_data with 'pair ij' option to store all pair coeffs. (src/write_data.cpp:309)
write_restart 	restart.polymer_ring
System init for write_restart ...
Generated 0 of 6 mixed pair_coeff terms from geometric mixing rule

print "ALL done"
ALL done
Total wall time: 59:52:08
