pair_style lj/cut 4.0
pair_modify shift yes

read_restart prod.restart1
Reading restart file ...
  restart file = 23 Jun 2022, LAMMPS = 23 Jun 2022
  restoring atom style bond from restart
  orthogonal box = (-30 -30 -35) to (30 30 35)
  1 by 1 by 1 MPI processor grid
  restoring pair style lj/cut from restart
  restoring bond style fene from restart
  16250 atoms
  15600 bonds
Finding 1-2 1-3 1-4 neighbors ...
  special bond factors lj:    0        1        1       
  special bond factors coul:  0        1        1       
     2 = max # of 1-2 neighbors
     6 = max # of special neighbors
  special bonds CPU = 0.003 seconds
  read_restart CPU = 0.006 seconds
bond_style fene
special_bonds fene

bond_coeff 1 10.0 2.0 1.0 1.0
group polymer type 1
16250 atoms in group polymer

pair_coeff	1 1 0.5 1.0 1.1225
pair_coeff 	1 2 50.0 1.0 4.0
pair_coeff	2 2 1.0 1.0 1.1225


neighbor       0.5 bin

region upper_box block -30 30 -30 30 32.2 34.8
create_atoms 2 random 20 998273 upper_box
Created 20 atoms
  using lattice units in orthogonal box = (-30 -30 -35) to (30 30 35)
  create_atoms CPU = 0.000 seconds


group ligand type 2
20 atoms in group ligand

fix 1 polymer wall/lj126 zlo -32 1.0 1.0 1.1225 zhi 32 1.0 1.0 1.1225
fix 2 ligand wall/lj126 zlo 32 1.0 1.0 1.1225 zhi 35 1.0 1.0 1.1225

#minimize 1.0e-4 1.0e-6 100 1000

fix 3 all nve/limit 0.01
run 10000
Generated 0 of 1 mixed pair_coeff terms from geometric mixing rule
Neighbor list info ...
  update every 1 steps, delay 10 steps, check yes
  max neighbors/atom: 2000, page size: 100000
  master list distance cutoff = 4.5
  ghost atom cutoff = 4.5
  binsize = 2.25, bins = 27 27 32
  1 neighbor lists, perpetual/occasional/extra = 1 0 0
  (1) pair lj/cut, perpetual
      attributes: half, newton on
      pair build: half/bin/newton
      stencil: half/bin/3d
      bin: standard
Per MPI rank memory allocation (min/avg/max) = 8.975 | 8.975 | 8.975 Mbytes
   Step          Temp          E_pair         E_mol          TotEng         Press     
    100000   0.99616196     7.3922499      7.4461906      16.332592      3.1192027    
    110000   0.25673326    -0.005562505    6.4515289      6.8310426      0.0043171156 
Loop time of 9.91142 on 1 procs for 10000 steps with 16270 atoms

Performance: 435860.846 tau/day, 1008.937 timesteps/s
100.0% CPU use with 1 MPI tasks x 1 OpenMP threads

MPI task timing breakdown:
Section |  min time  |  avg time  |  max time  |%varavg| %total
---------------------------------------------------------------
Pair    | 2.2354     | 2.2354     | 2.2354     |   0.0 | 22.55
Bond    | 1.5311     | 1.5311     | 1.5311     |   0.0 | 15.45
Neigh   | 4.29       | 4.29       | 4.29       |   0.0 | 43.28
Comm    | 0.21281    | 0.21281    | 0.21281    |   0.0 |  2.15
Output  | 4.5818e-05 | 4.5818e-05 | 4.5818e-05 |   0.0 |  0.00
Modify  | 1.3699     | 1.3699     | 1.3699     |   0.0 | 13.82
Other   |            | 0.2722     |            |       |  2.75

Nlocal:          16270 ave       16270 max       16270 min
Histogram: 1 0 0 0 0 0 0 0 0 0
Nghost:           4444 ave        4444 max        4444 min
Histogram: 1 0 0 0 0 0 0 0 0 0
Neighs:          16135 ave       16135 max       16135 min
Histogram: 1 0 0 0 0 0 0 0 0 0

Total # of neighbors = 16135
Ave neighs/atom = 0.99170252
Ave special neighs/atom = 1.9176398
Neighbor list builds = 384
Dangerous builds = 0
unfix 3

fix 3 all nve
fix		4 all langevin 1 1 100.0 90428

thermo_style	custom step temp pe ke ebond
thermo_modify flush yes
thermo          10000

timestep	0.005

dump 1 all custom 50000 file_trajectory.bin id type x y z xu yu zu vx vy vz

restart 100000  prod.restart2 prod.restart3

run 20000000
Generated 0 of 1 mixed pair_coeff terms from geometric mixing rule
Per MPI rank memory allocation (min/avg/max) = 9.177 | 9.177 | 9.177 Mbytes
   Step          Temp          PotEng         KinEng         E_bond    
    110000   0.25673326     6.4459664      0.38507622     6.4515289    
    120000   0.62217109     6.6872868      0.93319927     6.6819185    
    130000   0.80472158     6.8306959      1.2070082      6.817656     
    140000   0.89758229     6.9067525      1.3462907      6.8889437    
    150000   0.96193031     6.9316771      1.4428068      6.9081947    
    160000   0.97421047     6.9600966      1.4612259      6.9378166    
    170000   0.9819275      6.9608968      1.4728007      6.9404571    
    180000   0.99002353     6.9691197      1.484944       6.9422724    
    190000   0.99446241     6.9743913      1.4916019      6.9505878    
    200000   0.99892238     6.9715099      1.4982915      6.9482781    
    210000   0.99593982     6.984037       1.4938179      6.9588391    
    220000   0.99481543     6.972057       1.4921314      6.9481907    
    230000   1.0061196      6.972959       1.5090867      6.9486486    
    240000   1.0097392      6.9718297      1.5145158      6.9504575    
    250000   1.010256       6.9719792      1.5152908      6.9504066    
    260000   1.0025549      6.9785353      1.5037399      6.9536347    
    270000   1.0045359      6.9742368      1.5067113      6.9511275    
    280000   0.99401393     6.9841226      1.4909292      6.9571119    
    290000   1.0053607      6.9717601      1.5079483      6.9475225    
    300000   0.99596304     6.9711893      1.4938527      6.9473475    
    310000   0.99682088     6.9750506      1.4951394      6.9514381    
    320000   1.0017995      6.9608447      1.5026069      6.9374698    
    330000   0.99939401     6.9726566      1.4989989      6.9483669    
    340000   0.9991278      6.9729524      1.4985996      6.9487944    
    350000   0.9920713      6.9813788      1.4880155      6.9577158    
    360000   1.0041792      6.9759672      1.5061763      6.9526965    
    370000   1.0022383      6.9677275      1.5032651      6.9456565    
    380000   0.99648727     6.980053       1.494639       6.9550057    
    390000   1.0067593      6.9548974      1.5100462      6.9317985    
    400000   0.99911463     6.9633018      1.4985798      6.9412086    
    410000   0.99597657     6.967596       1.493873       6.9414482    
    420000   0.99318826     6.975326       1.4896908      6.9516245    
    430000   0.99918788     6.98545        1.4986897      6.9612205    
    440000   1.0037733      6.9766294      1.5055674      6.9547234    
    450000   0.99521597     6.9700439      1.4927322      6.9456674    
    460000   1.0030234      6.9767175      1.5044426      6.9530881    
    470000   1.0056603      6.9663347      1.5083977      6.9429183    
    480000   0.99950175     6.9587299      1.4991605      6.9366126    
    490000   0.9946534      6.968904       1.4918884      6.9458918    
    500000   0.99557994     6.9776483      1.4932781      6.9527586    
    510000   0.99240937     6.9801722      1.4885226      6.9559805    
    520000   0.99902287     6.9708501      1.4984422      6.9488426    
    530000   0.991396       6.9706181      1.4870026      6.9474339    
    540000   0.99539786     6.9899521      1.493005       6.9665076    
    550000   1.0024523      6.9762116      1.5035861      6.9525126    
    560000   1.0046152      6.9767373      1.5068301      6.9540965    
    570000   0.99243721     6.9853848      1.4885643      6.9622349    
    580000   1.0059242      6.9722048      1.5087935      6.9469701    
    590000   0.99998827     6.9676119      1.4998902      6.9422245    
    600000   0.99746993     6.9756011      1.4961129      6.9511274    
    610000   1.0068108      6.9791974      1.5101233      6.9567058    
    620000   1.0103739      6.971368       1.5154677      6.9462681    
    630000   1.0030497      6.9841057      1.5044821      6.9597398    
    640000   0.9889786      6.9866733      1.4833767      6.9631864    
    650000   0.98965425     6.985664       1.4843901      6.9610306    
    660000   0.99970053     6.9772481      1.4994586      6.9524433    
    670000   1.0061247      6.976461       1.5090943      6.950269     
    680000   1.0022772      6.9720072      1.5033234      6.9487453    
    690000   1.0021072      6.9681838      1.5030685      6.9449969    
    700000   1.0105727      6.9700896      1.5157659      6.9449675    
    710000   0.99766575     6.9825103      1.4964066      6.9579138    
    720000   1.0044607      6.9803415      1.5065984      6.9571725    
    730000   1.0018444      6.984035       1.5026743      6.9609031    
    740000   1.0050261      6.9753515      1.5074464      6.9520454    
    750000   1.0019668      6.9921375      1.5028579      6.9681468    
    760000   0.9981304      6.9859763      1.4971036      6.9617432    
    770000   0.99761311     6.9761726      1.4963277      6.9521531    
    780000   0.99004442     6.9674023      1.4849753      6.9420971    
    790000   0.99431731     6.9740563      1.4913843      6.9475202    
    800000   0.99494855     6.9764846      1.4923311      6.9544726    
    810000   1.000811       6.9661823      1.5011243      6.9424513    
    820000   1.0006866      6.977306       1.5009376      6.9534787    
    830000   0.99765014     6.9689604      1.4963832      6.9448071    
    840000   0.99497664     6.9750997      1.4923732      6.952792     
    850000   0.99322004     6.9684034      1.4897385      6.9419077    
    860000   0.98863067     6.9716031      1.4828549      6.9474984    
    870000   0.98789016     6.9727448      1.4817442      6.9488599    
    880000   0.99919364     6.9787681      1.4986983      6.9552904    
    890000   0.99666325     6.9695016      1.494903       6.9468652    
    900000   0.99852668     6.9715648      1.497698       6.9487791    
    910000   0.99120198     6.9749425      1.4867116      6.9496218    
    920000   0.99102837     6.9785753      1.4864512      6.9554529    
    930000   1.000473       6.9848355      1.5006173      6.9613787    
    940000   1.0001989      6.9797857      1.5002061      6.9538035    
    950000   0.99724274     6.9772238      1.4957722      6.9527301    
    960000   0.99410531     6.9757096      1.4910663      6.9514438    
    970000   0.9956455      6.9707527      1.4933765      6.9477003    
    980000   0.9941377      6.9828295      1.4911149      6.9604899    
    990000   1.000063       6.969582       1.5000023      6.9455765    
   1000000   0.99702044     6.9680441      1.4954387      6.9442675    
   1010000   0.99788066     6.9766433      1.496729       6.9524471    
   1020000   0.99510528     6.9748556      1.4925662      6.9515247    
   1030000   0.9900043      6.9773576      1.4849152      6.9502824    
   1040000   0.99771105     6.9729405      1.4964746      6.9471422    
   1050000   0.99958616     6.9688763      1.4992871      6.9451477    
   1060000   0.99941566     6.9838678      1.4990314      6.9596173    
   1070000   0.99503794     6.9842507      1.4924652      6.9606741    
   1080000   0.99638033     6.962866       1.4944786      6.9399291    
   1090000   0.99108157     6.9757274      1.486531       6.9515166    
   1100000   0.98910881     6.9750291      1.483572       6.9496902    
   1110000   1.0022924      6.9596124      1.5033462      6.9343263    
   1120000   0.99032209     6.9724766      1.4853918      6.9488949    
   1130000   0.99606781     6.9631376      1.4940099      6.9399837    
   1140000   0.99338982     6.9713865      1.4899931      6.9469981    
   1150000   0.99427773     6.9839011      1.4913249      6.9582953    
   1160000   0.99921267     6.9800305      1.4987269      6.9564231    
   1170000   0.99994101     6.9792572      1.4998193      6.9542327    
   1180000   1.0053399      6.9866855      1.5079171      6.9635549    
   1190000   1.0002408      6.9707121      1.5002689      6.9501637    
   1200000   0.98860545     6.9754183      1.482817       6.9506239    
   1210000   1.0016274      6.9724432      1.5023488      6.947062     
   1220000   1.0078401      6.981808       1.5116672      6.959265     
   1230000   0.99918137     6.9872752      1.4986799      6.9632455    
   1240000   1.0064113      6.9705433      1.5095242      6.9472639    
   1250000   1.0001836      6.9787022      1.5001832      6.9546779    
   1260000   0.99788089     6.9767378      1.4967293      6.9536346    
   1270000   0.99109373     6.9882154      1.4865492      6.9642433    
   1280000   0.99398049     6.9770825      1.4908791      6.952236     
   1290000   0.99944266     6.9796259      1.4990719      6.9546559    
   1300000   1.0048047      6.982837       1.5071143      6.9610449    
   1310000   1.0023109      6.9820089      1.503374       6.9555864    
   1320000   1.0014904      6.9772035      1.5021433      6.9526275    
   1330000   0.99879756     6.9855294      1.4981043      6.961075     
   1340000   1.00552        6.9754494      1.5081873      6.9493314    
   1350000   0.99941181     6.9716555      1.4990256      6.9474093    
   1360000   0.99863418     6.9652377      1.4978592      6.9411543    
   1370000   0.99233754     6.9748789      1.4884148      6.9508704    
   1380000   0.99201774     6.9793148      1.4879352      6.9560755    
   1390000   0.98991827     6.9679471      1.4847861      6.9443679    
   1400000   1.0017749      6.9748692      1.5025699      6.949912     
   1410000   1.00731        6.974362       1.5108722      6.9511603    
   1420000   0.99686579     6.9753647      1.4952068      6.9534843    
   1430000   0.9953718      6.9717781      1.4929659      6.9481233    
   1440000   0.99720843     6.9724691      1.4957207      6.9468228    
   1450000   0.99784263     6.9670715      1.496672       6.9426396    
   1460000   1.0018537      6.964983       1.5026881      6.9417839    
   1470000   1.0002271      6.9730436      1.5002484      6.9503236    
   1480000   1.0029464      6.970246       1.5043272      6.9455253    
   1490000   1.0071837      6.9728371      1.5106827      6.9513908    
   1500000   1.0064766      6.9774343      1.5096221      6.9520525    
   1510000   1.0144787      6.9690257      1.5216245      6.9454497    
   1520000   1.0045497      6.9836486      1.506732       6.9595602    
   1530000   1.0018295      6.9711198      1.5026518      6.9479417    
   1540000   1.0034853      6.9859636      1.5051354      6.9640169    
   1550000   0.99016783     6.9893784      1.4851605      6.9661922    
   1560000   0.99663269     6.9774258      1.4948572      6.9547983    
   1570000   0.98711679     6.9701102      1.4805842      6.9475992    
   1580000   0.99357275     6.9757295      1.4902675      6.953011     
   1590000   0.99459422     6.9695793      1.4917996      6.9451782    
   1600000   1.0031738      6.9749877      1.5046682      6.9521909    
   1610000   0.99323181     6.9800365      1.4897561      6.9556841    
   1620000   0.98984066     6.9822875      1.4846697      6.9569263    
   1630000   1.0057452      6.9806798      1.5085251      6.9577622    
   1640000   0.99884744     6.9687422      1.4981791      6.9461791    
   1650000   1.0046448      6.9826785      1.5068746      6.9598066    
   1660000   1.0111504      6.9722662      1.5166324      6.9481333    
   1670000   1.0119818      6.9762981      1.5178793      6.9514084    
   1680000   1.0120288      6.981002       1.5179499      6.9561866    
   1690000   0.99877742     6.9865027      1.4980741      6.962702     
   1700000   0.99890938     6.9838432      1.498272       6.9614036    
   1710000   1.0049215      6.9826663      1.5072896      6.9596034    
   1720000   1.0028992      6.9790703      1.5042563      6.955759     
   1730000   1.0093615      6.9810734      1.5139492      6.9555894    
   1740000   0.99294936     6.9788949      1.4893325      6.952679     
   1750000   1.0063388      6.9649869      1.5094154      6.9416101    
   1760000   1.0011951      6.9632987      1.5017003      6.9392747    
   1770000   0.99142228     6.9698844      1.487042       6.9458499    
   1780000   0.99346741     6.9873111      1.4901095      6.9624602    
   1790000   0.98936695     6.9810421      1.4839592      6.9542694    
   1800000   0.98980499     6.9666728      1.4846162      6.9436033    
   1810000   0.99581475     6.9767595      1.4936303      6.9509577    
   1820000   0.99998626     6.9702331      1.4998872      6.9471157    
   1830000   1.0004581      6.9799315      1.500595       6.9564415    
   1840000   1.0086753      6.9870398      1.5129199      6.9632447    
   1850000   1.0082474      6.9800388      1.5122781      6.9561648    
   1860000   1.006459       6.9719005      1.5095957      6.9474164    
   1870000   0.99558164     6.9764314      1.4932807      6.9541716    
   1880000   0.99280705     6.972593       1.489119       6.9501314    
   1890000   1.0114048      6.9797308      1.517014       6.9547735    
   1900000   1.0098734      6.9785692      1.514717       6.9551895    
   1910000   0.99771727     6.9887314      1.4964839      6.9642428    
   1920000   0.98525898     6.9736236      1.4777976      6.9492852    
   1930000   0.99462527     6.9780885      1.4918462      6.9543738    
   1940000   1.0019955      6.9787529      1.5029008      6.9556352    
   1950000   1.0002658      6.9798139      1.5003064      6.9561156    
   1960000   1.001214       6.9854131      1.5017287      6.9591106    
   1970000   1.0040095      6.9744513      1.5059217      6.9500463    
   1980000   0.99499339     6.9840767      1.4923984      6.960938     
   1990000   0.99447769     6.9824741      1.4916248      6.9568152    
   2000000   1.0044101      6.9810095      1.5065225      6.9548862    
   2010000   0.99507299     6.9826726      1.4925178      6.9570298    
   2020000   0.98421634     6.982487       1.4762338      6.95686      
   2030000   0.99984869     6.9679252      1.4996809      6.9437396    
   2040000   1.0019389      6.9788903      1.502816       6.9537499    
   2050000   0.99578239     6.9788565      1.4935818      6.9537076    
   2060000   1.0039927      6.9743341      1.5058965      6.9487841    
   2070000   1.0056361      6.9837109      1.5083615      6.9626676    
   2080000   1.0025469      6.9865557      1.5037279      6.9632943    
   2090000   1.0102311      6.9733783      1.5152535      6.9487916    
   2100000   0.99440012     6.9774901      1.4915085      6.9540918    
   2110000   1.0022168      6.9846145      1.5032328      6.9568205    
   2120000   1.0020072      6.9761761      1.5029185      6.9531014    
   2130000   1.0025836      6.9840877      1.503783       6.9580674    
   2140000   0.99855785     6.9790295      1.4977447      6.9572903    
   2150000   0.99537562     6.9757252      1.4929717      6.9506833    
   2160000   1.0018274      6.972789       1.5026487      6.9482112    
   2170000   0.99978077     6.978378       1.499579       6.9531477    
   2180000   0.99419988     6.9874907      1.4912082      6.9668805    
   2190000   0.99281216     6.9799239      1.4891267      6.9547191    
   2200000   1.001091       6.9896004      1.5015441      6.9637623    
   2210000   1.0027511      6.9851541      1.5040343      6.9579396    
   2220000   1.0051167      6.9788208      1.5075823      6.9558954    
   2230000   1.0018681      6.9902166      1.5027098      6.9673879    
   2240000   0.99983505     6.9911917      1.4996604      6.9651711    
   2250000   0.99190163     6.9896857      1.487761       6.9653383    
   2260000   0.9925187      6.9769         1.4886866      6.9535075    
   2270000   1.0035994      6.9738475      1.5053065      6.9485391    
   2280000   0.98571051     6.9709458      1.4784749      6.9483063    
   2290000   0.99221579     6.9812004      1.4882322      6.9572518    
   2300000   1.0060634      6.9729628      1.5090024      6.9483018    
   2310000   0.99912699     6.9699428      1.4985984      6.9490664    
   2320000   0.9955441      6.9778321      1.4932244      6.9537635    
   2330000   1.0004884      6.9683662      1.5006404      6.9438856    
   2340000   1.0010519      6.9741701      1.5014855      6.953479     
   2350000   1.0074995      6.9808178      1.5111563      6.956377     
   2360000   0.99551802     6.9820661      1.4931852      6.9555627    
   2370000   0.99018845     6.971685       1.4851914      6.9491797    
   2380000   0.99858646     6.9677181      1.4977876      6.9441993    
   2390000   1.0100404      6.9644881      1.5149674      6.9422708    
   2400000   0.99983527     6.9806528      1.4996607      6.9570217    
   2410000   1.0062035      6.9733321      1.5092125      6.9483488    
   2420000   0.99996069     6.9836301      1.4998488      6.9595194    
   2430000   0.99615962     6.9764916      1.4941476      6.9560231    
   2440000   1.0032749      6.9721114      1.5048199      6.9469514    
   2450000   1.0036359      6.9818967      1.5053613      6.9582094    
   2460000   1.0036248      6.9838329      1.5053447      6.9579709    
   2470000   0.99480513     6.9757693      1.492116       6.9516614    
   2480000   1.007272       6.9712993      1.5108151      6.9478202    
   2490000   1.0018636      6.9776718      1.5027031      6.9533318    
   2500000   0.99832292     6.9634084      1.4973923      6.9387861    
   2510000   0.99693266     6.9671667      1.4953071      6.9450118    
   2520000   0.99101004     6.9691927      1.4864237      6.9435705    
   2530000   0.98899801     6.9699953      1.4834058      6.9449661    
   2540000   0.99980845     6.9772203      1.4996205      6.9527127    
   2550000   0.99865023     6.9776425      1.4978833      6.9519729    
   2560000   0.99782662     6.9733081      1.4966479      6.9495002    
   2570000   1.0077177      6.974813       1.5114837      6.9494164    
   2580000   1.0027187      6.9776585      1.5039856      6.9549379    
   2590000   0.99148403     6.9814851      1.4871346      6.9582607    
   2600000   1.002109       6.9731717      1.503071       6.9478939    
   2610000   0.99501194     6.9875165      1.4924262      6.9646859    
   2620000   0.99924276     6.9750377      1.498772       6.9508449    
   2630000   0.99680411     6.977229       1.4951143      6.9548277    
   2640000   0.99284006     6.981226       1.4891686      6.9593361    
   2650000   0.99620463     6.9721555      1.4942151      6.9505024    
   2660000   0.99988332     6.9680532      1.4997328      6.9438292    
   2670000   1.0042633      6.979596       1.5063024      6.9567635    
   2680000   1.0054748      6.9839249      1.5081194      6.9624251    
   2690000   1.0050445      6.9827234      1.5074741      6.9581443    
   2700000   1.007217       6.9740264      1.5107326      6.9498343    
   2710000   1.0055278      6.9680103      1.5081991      6.9415398    
   2720000   1.0099256      6.9631519      1.5147954      6.9394527    
   2730000   0.99567845     6.9777806      1.4934259      6.9542816    
   2740000   0.99599089     6.9735625      1.4938945      6.9493818    
   2750000   1.0087143      6.9792863      1.5129784      6.9542858    
   2760000   1.010898       6.9895107      1.5162538      6.964773     
   2770000   1.0085542      6.9952083      1.5127383      6.9718325    
   2780000   1.0005841      6.9787441      1.5007839      6.9548314    
   2790000   1.0013187      6.9888766      1.5018858      6.9658458    
   2800000   1.0046332      6.970623       1.5068572      6.9482713    
   2810000   1.0020658      6.9727777      1.5030063      6.9493412    
   2820000   1.0080151      6.9747176      1.5119298      6.9511282    
   2830000   1.0078228      6.9759465      1.5116414      6.9504598    
   2840000   1.0000225      6.9827377      1.4999415      6.9562602    
   2850000   1.0035672      6.9803614      1.5052582      6.9553833    
   2860000   0.99316989     6.9821722      1.4896633      6.9584388    
   2870000   0.99641286     6.9822259      1.4945274      6.9570927    
   2880000   1.0010041      6.9729608      1.5014139      6.9498351    
   2890000   0.9949357      6.973299       1.4923118      6.9502606    
   2900000   0.99086313     6.9666154      1.4862033      6.9417164    
   2910000   0.99831124     6.9813876      1.4973748      6.9584823    
   2920000   0.99831281     6.9535241      1.4973772      6.932211     
   2930000   0.98741333     6.9731064      1.481029       6.946351     
   2940000   0.99743397     6.9706457      1.496059       6.9474375    
   2950000   1.0011367      6.9771533      1.5016127      6.9539696    
   2960000   1.0038173      6.9677445      1.5056334      6.9430172    
   2970000   1.0014256      6.97358        1.502046       6.9490558    
   2980000   1.0114708      6.9624355      1.517113       6.9383461    
   2990000   1.0003826      6.9719383      1.5004817      6.9460657    
   3000000   0.99762896     6.974919       1.4963515      6.9508666    
   3010000   1.0024892      6.9838003      1.5036414      6.9575544    
   3020000   0.99708635     6.9913065      1.4955376      6.9647884    
   3030000   1.0071968      6.9730104      1.5107023      6.9504149    
   3040000   1.0042059      6.9621339      1.5062162      6.9402931    
   3050000   0.98914823     6.9833305      1.4836312      6.9570461    
   3060000   1.0065367      6.9790863      1.5097122      6.9527625    
   3070000   1.0025174      6.9646594      1.5036837      6.9393838    
   3080000   0.99892344     6.9740848      1.4982931      6.9501861    
   3090000   1.005139       6.9702561      1.5076158      6.9472097    
   3100000   0.99992771     6.9694338      1.4997994      6.946449     
   3110000   1.0010779      6.9784066      1.5015245      6.9530559    
   3120000   0.999504       6.9826215      1.4991639      6.9573455    
   3130000   1.000242       6.9813401      1.5002708      6.9552341    
   3140000   1.0125038      6.9779826      1.5186623      6.9527871    
   3150000   1.0099744      6.9806415      1.5148685      6.9581117    
   3160000   1.0030574      6.9873391      1.5044936      6.9641692    
   3170000   0.99843859     6.9809917      1.4975658      6.9561992    
   3180000   1.0018244      6.9780001      1.5026443      6.9545196    
   3190000   1.00329        6.9800488      1.5048425      6.9558535    
   3200000   1.0086081      6.9754979      1.5128192      6.9518834    
   3210000   0.99479891     6.9902736      1.4921066      6.9632127    
   3220000   0.9946568      6.9744877      1.4918935      6.952192     
   3230000   1.0014274      6.9749833      1.5020488      6.950731     
   3240000   0.99998526     6.977857       1.4998857      6.9546041    
   3250000   1.0127336      6.9710678      1.5190071      6.9472256    
   3260000   1.0144289      6.9817073      1.5215498      6.9579713    
   3270000   1.0001146      6.9867084      1.5000797      6.962621     
   3280000   0.9934847      6.9746248      1.4901355      6.9539642    
   3290000   1.0022889      6.9785741      1.5033409      6.9561697    
   3300000   0.99742838     6.9773426      1.4960506      6.9556332    
   3310000   1.0047309      6.9802258      1.5070037      6.9556099    
   3320000   1.0000816      6.9823458      1.5000302      6.9555252    
   3330000   1.0050078      6.9818464      1.5074191      6.9570507    
   3340000   1.0026078      6.981323       1.5038193      6.9564298    
   3350000   1.0064806      6.9750014      1.5096281      6.9514473    
   3360000   1.0053168      6.9774749      1.5078825      6.9525619    
   3370000   1.0151872      6.9791814      1.5226872      6.9541144    
   3380000   1.0096972      6.9870581      1.5144527      6.9648091    
   3390000   1.007589       6.9866763      1.5112905      6.9622153    
   3400000   1.0059089      6.9820383      1.5087705      6.9579659    
   3410000   1.0080757      6.9772986      1.5120205      6.9559284    
   3420000   1.0092273      6.9740545      1.5137479      6.9489804    
   3430000   1.0086168      6.9685081      1.5128323      6.9453415    
   3440000   1.0053576      6.9621906      1.5079437      6.9390596    
   3450000   0.98617455     6.9760979      1.4791709      6.9525788    
   3460000   0.99867327     6.9764886      1.4979178      6.9506533    
   3470000   0.99097182     6.9665575      1.4863664      6.9451575    
   3480000   1.0065487      6.9705733      1.5097302      6.9488111    
   3490000   0.99364277     6.9738589      1.4903726      6.9523313    
   3500000   1.0051937      6.9698895      1.507698       6.9468249    
   3510000   0.98841371     6.9768865      1.4825294      6.9542784    
   3520000   0.99546693     6.9749354      1.4931086      6.9529333    
   3530000   0.99507052     6.9691334      1.492514       6.9457158    
   3540000   0.99216748     6.975812       1.4881597      6.9516659    
   3550000   1.0076749      6.9734491      1.5114194      6.9486126    
   3560000   1.0000428      6.9729551      1.499972       6.9480689    
   3570000   1.004146       6.9756979      1.5061264      6.9527999    
   3580000   1.0082964      6.9691333      1.5123517      6.9466341    
   3590000   0.99730405     6.9838908      1.4958641      6.961034     
   3600000   0.98921642     6.9727303      1.4837334      6.9467556    
   3610000   0.98630057     6.9738612      1.4793599      6.9525887    
   3620000   1.0006369      6.9655621      1.5008631      6.9423156    
   3630000   1.0040601      6.9762941      1.5059976      6.95105      
   3640000   0.9988182      6.9897135      1.4981352      6.9660216    
   3650000   1.0093539      6.974801       1.5139378      6.9504525    
   3660000   0.99396246     6.9824831      1.4908521      6.9583943    
   3670000   1.0044819      6.9676657      1.5066302      6.9435351    
   3680000   0.99285305     6.9708327      1.489188       6.946203     
   3690000   1.0010484      6.9828647      1.5014803      6.9566232    
   3700000   1.0059878      6.9678541      1.508889       6.9434289    
   3710000   0.99111042     6.973007       1.4865743      6.9508445    
   3720000   0.9922363      6.9668014      1.488263       6.941346     
   3730000   0.99871882     6.9742644      1.4979862      6.9503934    
   3740000   1.0039883      6.9746586      1.5058899      6.9493685    
   3750000   0.99666802     6.977203       1.4949101      6.9539358    
   3760000   0.99809392     6.977892       1.4970489      6.9533607    
   3770000   1.000616       6.9793197      1.5008318      6.9544515    
   3780000   1.0046487      6.9781991      1.5068804      6.9538954    
   3790000   1.0061871      6.9847924      1.5091878      6.9598216    
   3800000   1.0086233      6.997451       1.5128419      6.9723669    
   3810000   1.004144       6.9837212      1.5061234      6.9594614    
   3820000   1.0091657      6.9737911      1.5136555      6.9507614    
   3830000   1.0050937      6.9846165      1.5075479      6.9588908    
   3840000   0.99642455     6.9882054      1.494545       6.9640982    
   3850000   1.0023988      6.9742155      1.5035058      6.9490942    
   3860000   0.99816696     6.9724749      1.4971584      6.9510869    
   3870000   0.99713052     6.9789696      1.4956039      6.9558043    
   3880000   0.9915582      6.9795409      1.4872459      6.9556414    
   3890000   0.98898766     6.9788143      1.4833903      6.9541483    
   3900000   1.0019465      6.9698981      1.5028274      6.9461031    
   3910000   1.000465       6.9771382      1.5006053      6.9515142    
   3920000   1.0004672      6.9789051      1.5006085      6.9548416    
   3930000   1.005437       6.979298       1.5080628      6.9544195    
   3940000   1.0099333      6.9795259      1.5148068      6.9581944    
   3950000   1.001861       6.9773265      1.5026992      6.9528065    
   3960000   1.0103063      6.9808682      1.5153663      6.9569787    
   3970000   1.0057288      6.984763       1.5085005      6.9646673    
   3980000   1.0109026      6.9699005      1.5162607      6.9462354    
   3990000   0.9963831      6.9869023      1.4944828      6.9628129    
   4000000   1.0070017      6.9833827      1.5104098      6.9609802    
   4010000   1.0133735      6.9733281      1.5199668      6.9498991    
   4020000   0.99863148     6.9770776      1.4978552      6.9551683    
   4030000   1.0031333      6.9665562      1.5046074      6.941237     
   4040000   0.99526711     6.9791169      1.4928089      6.9548637    
   4050000   0.9989747      6.97522        1.4983699      6.9526777    
   4060000   0.99070221     6.9757169      1.485962       6.9534783    
   4070000   0.99347174     6.9738036      1.490116       6.94954      
   4080000   0.99533857     6.9722412      1.4929161      6.9497439    
   4090000   0.99680719     6.9722085      1.4951189      6.9486309    
   4100000   0.99567406     6.9892382      1.4934193      6.9661806    
   4110000   1.0068678      6.9650291      1.5102088      6.9410061    
   4120000   0.99968474     6.9795732      1.4994349      6.9565186    
   4130000   0.99948676     6.9763334      1.499138       6.9533617    
   4140000   1.0013738      6.976204       1.5019683      6.9524719    
   4150000   1.0124677      6.9791831      1.5186081      6.9565667    
   4160000   1.0027924      6.9782417      1.5040961      6.9522435    
   4170000   1.0099738      6.9726788      1.5148676      6.9477902    
   4180000   1.0062179      6.9789895      1.509234       6.9558509    
   4190000   1.0048748      6.9786841      1.5072195      6.9545696    
   4200000   1.00675        6.9852732      1.5100322      6.9614494    
   4210000   1.0111072      6.985477       1.5165676      6.9619432    
   4220000   1.0099199      6.9849953      1.5147868      6.9612513    
   4230000   1.00529        6.9789099      1.5078423      6.9555836    
   4240000   1.017737       6.9730084      1.5265117      6.9507428    
   4250000   1.0027578      6.9843101      1.5040443      6.9608433    
   4260000   0.99572679     6.9738635      1.4934984      6.9517024    
   4270000   1.0000061      6.9631803      1.4999169      6.9379348    
   4280000   0.99480104     6.9709332      1.4921098      6.9483847    
   4290000   0.99083141     6.9701072      1.4861558      6.9474471    
   4300000   1.0077105      6.9666725      1.5114728      6.9438748    
   4310000   0.99789693     6.9807834      1.4967534      6.9564202    
   4320000   0.99182023     6.9665433      1.4876389      6.9421243    
   4330000   1.0018056      6.9713943      1.5026161      6.9472937    
   4340000   0.99195101     6.9837202      1.4878351      6.958607     
   4350000   0.99444845     6.9787198      1.491581       6.9573551    
   4360000   1.0064055      6.9706558      1.5095154      6.9472518    
   4370000   1.0026905      6.9752789      1.5039433      6.9498416    
   4380000   1.00439        6.9822598      1.5064925      6.9571516    
   4390000   1.0085213      6.975808       1.512689       6.9517372    
   4400000   1.0042829      6.974242       1.5063318      6.9480665    
   4410000   0.99303476     6.9705145      1.4894606      6.9462636    
   4420000   0.9930439      6.9757995      1.4894743      6.9526531    
   4430000   1.0056287      6.9654307      1.5083504      6.9422183    
   4440000   1.0022166      6.9626879      1.5032326      6.9372941    
   4450000   0.99238814     6.9777251      1.4884907      6.9539289    
   4460000   0.9901664      6.9652142      1.4851583      6.9414954    
   4470000   0.99687997     6.9764625      1.4952281      6.9527129    
   4480000   0.99653464     6.9759735      1.4947101      6.9520289    
   4490000   1.0111406      6.9597578      1.5166176      6.9336242    
   4500000   0.99483673     6.9751024      1.4921634      6.9508492    
   4510000   0.99608949     6.9774702      1.4940424      6.9552248    
   4520000   0.99673793     6.972576       1.495015       6.9484999    
   4530000   1.0005336      6.9731242      1.5007081      6.949177     
   4540000   1.0077935      6.9676835      1.5115973      6.9434722    
   4550000   1.0039182      6.9884164      1.5057847      6.9666887    
   4560000   0.99887512     6.9763115      1.4982206      6.9537989    
   4570000   1.0068341      6.9755478      1.5101583      6.9526383    
   4580000   0.99348588     6.9782746      1.4901372      6.9530881    
   4590000   0.99622027     6.967474       1.4942386      6.943917     
   4600000   0.99303852     6.9660077      1.4894662      6.9409375    
   4610000   1.0042895      6.9757182      1.5063417      6.9499455    
   4620000   1.0035343      6.9786243      1.5052089      6.9556982    
   4630000   1.0066349      6.9754852      1.5098596      6.9514795    
   4640000   1.0076064      6.9728029      1.5113167      6.9519186    
   4650000   0.98975924     6.9755955      1.4845476      6.9487959    
   4660000   0.99103167     6.9781194      1.4864561      6.9544611    
   4670000   1.0008165      6.9821071      1.5011325      6.9559354    
   4680000   1.0017917      6.9772135      1.5025952      6.9534905    
   4690000   1.0019838      6.9776243      1.5028834      6.9541312    
   4700000   1.0038882      6.9843972      1.5057398      6.957503     
   4710000   0.99802425     6.983467       1.4969444      6.9585758    
   4720000   1.003078       6.9818571      1.5045245      6.9598868    
   4730000   0.995573       6.9734661      1.4932677      6.9484531    
   4740000   0.9984758      6.9714211      1.4976216      6.9470531    
   4750000   1.0028837      6.9810815      1.504233       6.9599391    
   4760000   0.99175192     6.9743911      1.4875365      6.950342     
   4770000   1.002209       6.9809358      1.5032212      6.9572437    
   4780000   1.0024235      6.9725861      1.5035429      6.9462026    
   4790000   1.0053403      6.9871769      1.5079178      6.9638144    
   4800000   1.0043531      6.9697448      1.5064371      6.9469465    
   4810000   1.0072765      6.9733289      1.5108218      6.9497153    
   4820000   0.99776685     6.9848923      1.4965583      6.9597306    
   4830000   0.99602855     6.9784212      1.493951       6.95376      
   4840000   0.99693358     6.9688442      1.4953085      6.9465951    
   4850000   0.99737759     6.9818946      1.4959744      6.9560125    
   4860000   1.0143704      6.9797893      1.5214621      6.9562716    
   4870000   1.0060066      6.9843634      1.5089172      6.9619002    
   4880000   1.0019508      6.968895       1.5028339      6.9452117    
   4890000   0.99564236     6.9788305      1.4933717      6.9563801    
   4900000   0.99857904     6.9799227      1.4977765      6.9556955    
   4910000   1.0041637      6.9724059      1.506153       6.9454085    
   4920000   1.0030504      6.9768175      1.5044832      6.9517211    
   4930000   0.99197728     6.9745778      1.4878745      6.9517092    
   4940000   0.99927793     6.974066       1.4988248      6.9505779    
   4950000   0.99643124     6.9796866      1.494555       6.9568814    
   4960000   1.0051339      6.9777905      1.5076082      6.9553401    
   4970000   1.0001494      6.9789336      1.5001319      6.9562708    
   4980000   1.0008636      6.9772164      1.5012031      6.9527732    
   4990000   0.99832036     6.9896683      1.4973885      6.9639247    
   5000000   1.0010886      6.9673866      1.5015407      6.9428547    
   5010000   0.99781608     6.9864963      1.4966321      6.9621469    
   5020000   0.99987062     6.9760041      1.4997138      6.953552     
   5030000   0.9909615      6.9779471      1.4863509      6.9526805    
   5040000   0.98956388     6.9742454      1.4842546      6.9531293    
   5050000   0.99347253     6.9704747      1.4901172      6.9469702    
   5060000   0.99611087     6.9805861      1.4940745      6.9566398    
   5070000   1.000572       6.9773833      1.5007658      6.953639     
   5080000   0.99989583     6.9816622      1.4997516      6.9580389    
   5090000   1.0047833      6.9766194      1.5070823      6.9539045    
   5100000   0.9994912      6.9804032      1.4991447      6.9586156    
   5110000   0.9980739      6.9780227      1.4970188      6.9542593    
   5120000   1.0085993      6.9710674      1.5128059      6.94922      
   5130000   1.0011266      6.9667818      1.5015976      6.9431122    
   5140000   1.0106824      6.9806095      1.5159304      6.9555095    
   5150000   1.0127972      6.9729449      1.5191024      6.946156     
   5160000   1.0148175      6.9785801      1.5221327      6.9553375    
   5170000   1.005544       6.9848278      1.5082232      6.9605093    
   5180000   1.0069396      6.9719977      1.5103166      6.9482578    
   5190000   1.002561       6.9650305      1.503749       6.9410395    
   5200000   1.0021195      6.9733241      1.5030869      6.9498257    
   5210000   0.9992761      6.9824533      1.498822       6.9572797    
   5220000   0.99966509     6.9682974      1.4994055      6.9435767    
   5230000   0.99724129     6.9886271      1.49577        6.9630826    
   5240000   1.0059618      6.9586519      1.5088499      6.934983     
   5250000   1.0002057      6.9805681      1.5002164      6.95518      
   5260000   1.0046125      6.9727142      1.5068261      6.9496325    
   5270000   1.0022909      6.9710229      1.503344       6.9469097    
   5280000   0.99282105     6.9701396      1.48914        6.9488516    
   5290000   0.9844876      6.9672422      1.4766406      6.9448949    
   5300000   0.99046892     6.9717555      1.4856121      6.9492604    
   5310000   1.0063428      6.969608       1.5094215      6.9440799    
   5320000   1.00478        6.9777363      1.5070774      6.953285     
   5330000   0.9992946      6.9707101      1.4988498      6.9464402    
   5340000   0.9986662      6.9766916      1.4979072      6.9529398    
   5350000   0.98977305     6.9845019      1.4845683      6.9585218    
   5360000   1.0071682      6.9732995      1.5106595      6.9495665    
   5370000   1.0056298      6.9707227      1.508352       6.9457425    
   5380000   1.0097051      6.9705779      1.5144646      6.9454034    
   5390000   1.0107668      6.9817795      1.5160569      6.9562385    
   5400000   1.0159591      6.9856317      1.523845       6.9605324    
   5410000   1.0116997      6.9763919      1.5174563      6.9535488    
   5420000   1.0037944      6.980657       1.505599       6.9568659    
   5430000   0.99873683     6.9713907      1.4980132      6.9485757    
   5440000   0.9954884      6.9829341      1.4931408      6.957732     
   5450000   0.99866683     6.9872606      1.4979082      6.9631789    
   5460000   0.99568712     6.9670911      1.4934389      6.9425772    
   5470000   1.0039147      6.9670554      1.5057795      6.945091     
   5480000   1.0035449      6.9735276      1.5052249      6.9496375    
   5490000   1.0042317      6.9745394      1.5062549      6.9506332    
   5500000   0.99250829     6.9706204      1.4886709      6.9472934    
   5510000   1.0012985      6.9765102      1.5018555      6.9509655    
   5520000   0.99276048     6.9746525      1.4890492      6.9498884    
   5530000   0.99945143     6.9708615      1.499085       6.9475955    
   5540000   1.0036681      6.9837984      1.5054097      6.959443     
   5550000   0.99060815     6.9818395      1.4858209      6.9572491    
   5560000   0.99587812     6.9767835      1.4937254      6.9519925    
   5570000   0.99507247     6.9724551      1.492517       6.9496807    
   5580000   0.99307679     6.9698601      1.4895236      6.9438625    
   5590000   0.99822901     6.9717755      1.4972515      6.9482206    
   5600000   1.0114696      6.9746814      1.5171112      6.9510133    
   5610000   1.0025332      6.9731342      1.5037073      6.9483746    
   5620000   0.99390331     6.973413       1.4907633      6.9485729    
   5630000   0.99624727     6.9704528      1.4942791      6.9460576    
   5640000   0.99378922     6.9754237      1.4905922      6.9500433    
   5650000   0.99745434     6.979816       1.4960895      6.9551818    
   5660000   0.99984364     6.9839281      1.4996733      6.9624506    
   5670000   0.99970211     6.9792215      1.499461       6.95554      
   5680000   1.009187       6.9744897      1.5136875      6.950493     
   5690000   1.0015046      6.9778811      1.5021646      6.9526082    
   5700000   0.99933135     6.9848764      1.4989049      6.960246     
   5710000   1.0028629      6.9803108      1.5042019      6.9556738    
   5720000   0.99672532     6.9877264      1.4949961      6.9653975    
   5730000   1.0150869      6.9766606      1.5225367      6.9531585    
   5740000   1.0011837      6.9738091      1.5016833      6.9489969    
   5750000   0.99559422     6.9617666      1.4932995      6.9382225    
   5760000   0.9979455      6.9696846      1.4968262      6.9448057    
   5770000   1.008164       6.9766122      1.5121531      6.9521661    
   5780000   0.99857736     6.9881081      1.497774       6.964266     
   5790000   0.99474435     6.9799148      1.4920248      6.954629     
   5800000   1.0058263      6.9711448      1.5086467      6.9483769    
   5810000   0.99462727     6.9679685      1.4918492      6.9442016    
   5820000   1.0018533      6.9758342      1.5026875      6.9529758    
   5830000   0.99978561     6.9848434      1.4995862      6.9589861    
   5840000   1.0018491      6.9752583      1.5026812      6.9516819    
   5850000   0.99118195     6.974035       1.4866815      6.9505487    
   5860000   0.99032176     6.9623651      1.4853913      6.9403799    
   5870000   0.99490563     6.966317       1.4922667      6.9416249    
   5880000   0.99945134     6.9725192      1.4990849      6.947247     
   5890000   1.0000423      6.9790455      1.4999712      6.9576746    
   5900000   1.0045356      6.9780229      1.5067107      6.9537182    
   5910000   0.99486587     6.9810624      1.4922071      6.9577684    
   5920000   1.0101902      6.9720097      1.5151921      6.9487376    
   5930000   1.0030721      6.9813119      1.5045157      6.95627      
   5940000   1.0009845      6.9799488      1.5013844      6.955553     
   5950000   0.99956816     6.9823908      1.4992601      6.9590363    
   5960000   1.0008981      6.9774283      1.5012549      6.9529167    
   5970000   0.99642414     6.9731626      1.4945443      6.947877     
   5980000   0.99258816     6.9753543      1.4887907      6.9518278    
   5990000   0.9993889      6.9763601      1.4989912      6.9530143    
   6000000   0.99134516     6.9648904      1.4869263      6.9413972    
   6010000   0.99461031     6.9709567      1.4918238      6.9461212    
   6020000   1.0001104      6.9741057      1.5000734      6.9505835    
   6030000   1.004402       6.9704722      1.5065104      6.9491757    
   6040000   0.99736132     6.9704428      1.49595        6.9485147    
   6050000   1.0014744      6.9710904      1.5021192      6.9488679    
   6060000   0.99967947     6.9747754      1.499427       6.9515278    
   6070000   1.0070534      6.9737799      1.5104872      6.9520637    
   6080000   0.99238307     6.9691188      1.4884831      6.9453452    
   6090000   0.98597557     6.9779787      1.4788724      6.954212     
   6100000   0.99693236     6.9670489      1.4953066      6.9419244    
   6110000   0.98821041     6.9689006      1.4822245      6.9443643    
   6120000   0.9937129      6.9685342      1.4904777      6.9471451    
   6130000   0.98887834     6.9785486      1.4832263      6.9542193    
   6140000   0.98901776     6.9686703      1.4834355      6.9453104    
   6150000   0.99372853     6.9593396      1.4905012      6.9374345    
   6160000   0.99490799     6.9646834      1.4922703      6.9417958    
   6170000   0.99726275     6.9761396      1.4958022      6.9520838    
   6180000   0.99844787     6.9774086      1.4975797      6.9522895    
   6190000   0.99703511     6.9779618      1.4954607      6.9551319    
   6200000   1.0019961      6.9683343      1.5029018      6.9457723    
   6210000   1.002117       6.98689        1.5030831      6.9613188    
   6220000   1.002083       6.9804734      1.5030321      6.9548107    
   6230000   0.99374473     6.9801205      1.4905255      6.9576606    
   6240000   1.0018572      6.9797142      1.5026934      6.9568139    
   6250000   1.012819       6.9751083      1.5191351      6.9504716    
   6260000   1.005162       6.9748883      1.5076503      6.9503692    
   6270000   1.0045756      6.9798369      1.5067708      6.9567276    
   6280000   0.99264332     6.9798905      1.4888735      6.9559617    
   6290000   1.0020881      6.962888       1.5030397      6.9410893    
   6300000   1.000935       6.9786376      1.5013102      6.9544628    
   6310000   1.0061238      6.9846832      1.5090929      6.9626406    
   6320000   1.0137397      6.9817964      1.5205161      6.9562646    
   6330000   1.0001929      6.9750368      1.5001971      6.9501755    
   6340000   1.0004368      6.9892533      1.5005629      6.9638762    
   6350000   1.0050092      6.9727708      1.5074211      6.9466706    
   6360000   1.0032482      6.9747337      1.5047798      6.9490239    
   6370000   1.0148577      6.9727004      1.522193       6.9502129    
   6380000   1.0029928      6.9855258      1.5043967      6.9623178    
   6390000   1.0036424      6.9871376      1.505371       6.9628693    
   6400000   0.99838823     6.9842234      1.4974903      6.9595654    
   6410000   0.99871433     6.9799216      1.4979794      6.9563759    
   6420000   0.98710969     6.9686         1.4805735      6.9435571    
   6430000   0.99623193     6.9634714      1.4942561      6.940564     
   6440000   0.99525204     6.9737876      1.4927863      6.9494546    
   6450000   1.001765       6.976901       1.5025552      6.9529018    
   6460000   1.0040011      6.9756149      1.5059091      6.9541415    
   6470000   1.0036513      6.9768052      1.5053845      6.9537562    
   6480000   1.0039003      6.9831173      1.5057579      6.95908      
   6490000   1.001886       6.9919544      1.5027366      6.9671767    
   6500000   1.0016508      6.98557        1.5023839      6.9620725    
   6510000   1.0001598      6.9815608      1.5001474      6.9558429    
   6520000   1.0037836      6.9840573      1.5055829      6.9606908    
   6530000   1.0000663      6.986335       1.5000073      6.962138     
   6540000   0.99861173     6.9647697      1.4978255      6.9398607    
   6550000   1.0018168      6.9770169      1.5026329      6.9505923    
   6560000   0.99967712     6.9815869      1.4994235      6.9565575    
   6570000   1.0058424      6.9776706      1.5086708      6.9531899    
   6580000   1.0026617      6.9708099      1.5039002      6.9480077    
   6590000   0.99852691     6.9715365      1.4976983      6.949376     
   6600000   1.0031869      6.9669534      1.5046878      6.9431636    
   6610000   1.0000367      6.9779233      1.4999629      6.9543082    
   6620000   0.99309813     6.984356       1.4895556      6.9597985    
   6630000   1.0059033      6.9823676      1.5087623      6.9585783    
   6640000   0.99909928     6.9792153      1.4985568      6.9562459    
   6650000   1.0000943      6.9711011      1.5000493      6.9499925    
   6660000   0.99267374     6.9891296      1.4889191      6.9653161    
   6670000   0.99313425     6.9794777      1.4896098      6.9555122    
   6680000   1.0069196      6.9718314      1.5102865      6.9482587    
   6690000   1.0107851      6.9737418      1.5160845      6.9488397    
   6700000   1.0023413      6.9774036      1.5034195      6.9548743    
   6710000   1.0001924      6.9771804      1.5001964      6.951815     
   6720000   1.0011781      6.9911554      1.5016749      6.9665584    
   6730000   0.99455477     6.9866907      1.4917405      6.9624947    
   6740000   1.0049542      6.969852       1.5073386      6.9465943    
   6750000   1.010319       6.9747928      1.5153854      6.9528223    
   6760000   1.0098603      6.9735277      1.5146973      6.9512132    
   6770000   1.0050495      6.9737518      1.5074816      6.9524873    
   6780000   1.0132457      6.9797684      1.5197751      6.9581348    
   6790000   1.0017023      6.9790294      1.5024611      6.955772     
   6800000   1.0059384      6.9807012      1.5088149      6.9555995    
   6810000   0.9997143      6.9760927      1.4994793      6.952215     
   6820000   0.99870468     6.9804546      1.4979649      6.9547195    
   6830000   1.0032589      6.9757018      1.5047958      6.9515363    
   6840000   0.99814674     6.9666153      1.4971281      6.9432292    
   6850000   1.0053215      6.9602844      1.5078895      6.9366404    
   6860000   1.0009117      6.982064       1.5012753      6.9611837    
   6870000   0.9976537      6.9789943      1.4963886      6.9544583    
   6880000   1.0082341      6.9774481      1.5122582      6.9528929    
   6890000   1.0025335      6.9927569      1.5037079      6.9692041    
   6900000   0.99856901     6.9747476      1.4977615      6.9530206    
   6910000   0.9997998      6.9741666      1.4996075      6.9508007    
   6920000   1.0022379      6.9821672      1.5032645      6.9567662    
   6930000   0.99020609     6.9835788      1.4852178      6.9600253    
   6940000   0.99929505     6.9916094      1.4988505      6.9680591    
   6950000   1.0044252      6.9666889      1.5065452      6.9429892    
   6960000   1.0045064      6.963294       1.506667       6.9397464    
   6970000   1.0094199      6.9709008      1.5140367      6.9477655    
   6980000   0.99464666     6.9753707      1.4918783      6.9533681    
   6990000   1.0031005      6.9683626      1.5045583      6.9453428    
   7000000   0.99575703     6.9761552      1.4935437      6.9518827    
   7010000   0.99319426     6.9728651      1.4896998      6.9524597    
   7020000   1.0000633      6.957258       1.5000027      6.9332429    
   7030000   0.99770518     6.9741596      1.4964658      6.9493593    
   7040000   1.0068537      6.9568933      1.5101877      6.9345314    
   7050000   1.0009442      6.979867       1.5013241      6.9550528    
   7060000   1.013227       6.9730293      1.5197471      6.9477915    
   7070000   0.99213875     6.9806035      1.4881167      6.9565153    
   7080000   0.99674966     6.9691636      1.4950326      6.9455496    
   7090000   1.0033053      6.979942       1.5048655      6.9557552    
   7100000   1.0026516      6.9729556      1.503885       6.9471044    
   7110000   1.0020861      6.9766766      1.5030368      6.9537379    
   7120000   0.9920304      6.9781393      1.4879541      6.9515729    
   7130000   1.0037401      6.9754161      1.5055177      6.9529898    
   7140000   0.99573487     6.9722406      1.4935105      6.9471749    
   7150000   0.99068078     6.9766747      1.4859298      6.9542772    
   7160000   0.99118431     6.9678004      1.4866851      6.9452765    
   7170000   0.99097722     6.9769801      1.4863745      6.9504983    
   7180000   1.0104873      6.9683367      1.5156379      6.9441398    
   7190000   0.99727611     6.9838959      1.4958222      6.9599531    
   7200000   1.0056216      6.9709339      1.5083397      6.9475295    
   7210000   0.99935701     6.9761506      1.4989434      6.9506608    
   7220000   0.99576079     6.9757277      1.4935494      6.9506052    
   7230000   0.9991422      6.9753998      1.4986212      6.9512543    
   7240000   0.99999206     6.9713675      1.4998959      6.9471183    
   7250000   0.99336642     6.9755325      1.489958       6.9519843    
   7260000   1.0015938      6.9853113      1.5022983      6.9605318    
   7270000   0.99102272     6.9838901      1.4864427      6.9582507    
   7280000   0.99432653     6.9796529      1.4913981      6.9558984    
   7290000   0.99879946     6.9768801      1.4981071      6.9512877    
   7300000   1.0050451      6.978688       1.507475       6.9551299    
   7310000   1.0014989      6.9778936      1.502156       6.9548064    
   7320000   1.0072549      6.9755925      1.5107894      6.9518664    
   7330000   0.99952248     6.9744971      1.4991916      6.9528703    
   7340000   1.0067513      6.974559       1.5100341      6.9505163    
   7350000   0.99567413     6.9888306      1.4934194      6.9632411    
   7360000   0.99570569     6.9769445      1.4934667      6.9552378    
   7370000   0.99897515     6.9736308      1.4983706      6.9492019    
   7380000   0.99851779     6.9778709      1.4976846      6.9543476    
   7390000   1.0141105      6.9670233      1.5210722      6.9438513    
   7400000   0.99899321     6.979912       1.4983977      6.9567021    
   7410000   0.99907774     6.969559       1.4985245      6.9471174    
   7420000   1.0008121      6.9803263      1.5011259      6.9557182    
   7430000   1.0096369      6.9789594      1.5143623      6.9562201    
   7440000   1.0011139      6.9774946      1.5015785      6.9542609    
   7450000   1.0052121      6.9720069      1.5077254      6.9502391    
   7460000   0.9960386      6.9738991      1.4939661      6.9493144    
   7470000   1.0067126      6.970142       1.5099761      6.9456967    
   7480000   0.99875557     6.9747165      1.4980413      6.9516496    
   7490000   0.99567232     6.9795868      1.4934167      6.9571396    
   7500000   1.0019772      6.9843474      1.5028734      6.959445     
   7510000   1.0099049      6.9725282      1.5147642      6.9475107    
   7520000   1.0042637      6.9720017      1.506303       6.9480319    
   7530000   0.99660503     6.9828029      1.4948157      6.9582164    
   7540000   1.0021715      6.9705386      1.5031649      6.9476808    
   7550000   0.98914477     6.9660594      1.483626       6.942145     
   7560000   0.99540974     6.9728189      1.4930228      6.9496145    
   7570000   0.98673644     6.9757329      1.4800137      6.9533937    
   7580000   0.99489366     6.9767064      1.4922488      6.9552186    
   7590000   0.99069005     6.9787152      1.4859437      6.9567933    
   7600000   0.99541021     6.9668177      1.4930235      6.9416242    
   7610000   0.99206816     6.9531626      1.4880108      6.9327301    
   7620000   0.99940892     6.9664663      1.4990212      6.9421617    
   7630000   1.0053635      6.9748928      1.5079525      6.9508614    
   7640000   1.0136423      6.9813393      1.5203699      6.9580272    
   7650000   1.0024069      6.9767691      1.5035179      6.9528902    
   7660000   0.99814757     6.9863349      1.4971293      6.961529     
   7670000   1.0015653      6.979959       1.5022556      6.9582055    
   7680000   1.0167026      6.9849207      1.5249602      6.9609283    
   7690000   1.0121621      6.9792069      1.5181498      6.9557333    
   7700000   1.0099958      6.970003       1.5149006      6.9469978    
   7710000   0.99758218     6.9700094      1.4962813      6.9459131    
   7720000   0.99852924     6.9801788      1.4977018      6.9556681    
   7730000   1.0033316      6.9838922      1.504905       6.9594898    
   7740000   0.99963574     6.9737111      1.4993614      6.9509206    
   7750000   1.0033568      6.9677427      1.5049427      6.9451904    
   7760000   1.0027661      6.9779502      1.5040566      6.9534325    
   7770000   1.0054528      6.9721567      1.5080865      6.94868      
   7780000   1.0050641      6.974828       1.5075035      6.9481456    
   7790000   1.002852       6.9739203      1.5041855      6.9486741    
   7800000   0.99920536     6.9692267      1.4987159      6.9446428    
   7810000   1.0065813      6.9603741      1.5097792      6.9371381    
   7820000   1.0065722      6.9629996      1.5097656      6.9403171    
   7830000   1.0046673      6.9726221      1.5069083      6.9497448    
   7840000   0.99786331     6.9729031      1.496703       6.9506567    
   7850000   0.99361674     6.9716025      1.4903335      6.9468213    
   7860000   0.9927793      6.9787837      1.4890774      6.9560125    
   7870000   1.0072089      6.9718789      1.5107205      6.9469641    
   7880000   0.98799684     6.9763179      1.4819042      6.9519189    
   7890000   0.99827097     6.9652767      1.4973144      6.9407165    
   7900000   0.99061777     6.964264       1.4858353      6.9417411    
   7910000   0.98664018     6.9721433      1.4798693      6.9475407    
   7920000   0.99925689     6.9637768      1.4987932      6.9403004    
   7930000   0.99424832     6.9824008      1.4912808      6.9600172    
   7940000   1.0070712      6.9686929      1.5105139      6.9457519    
   7950000   1.006382       6.9691386      1.5094802      6.9452822    
   7960000   0.99433341     6.9725122      1.4914084      6.9474304    
   7970000   0.99700448     6.9705659      1.4954148      6.9465941    
   7980000   0.99676929     6.9608366      1.495062       6.9361322    
   7990000   0.99568939     6.9746202      1.4934423      6.9517398    
   8000000   0.99540781     6.9783295      1.4930199      6.9525018    
   8010000   0.99494656     6.9823896      1.4923281      6.9562798    
   8020000   0.99591839     6.9789031      1.4937858      6.9565731    
   8030000   0.99472043     6.9793597      1.4919889      6.9555161    
   8040000   0.99767261     6.9805637      1.4964169      6.9563446    
   8050000   0.98791904     6.9715368      1.4817875      6.9489079    
   8060000   0.99329057     6.9767447      1.4898443      6.9521502    
   8070000   0.99205934     6.9786355      1.4879975      6.9534208    
   8080000   0.9996877      6.9762615      1.4994394      6.9521502    
   8090000   0.99744872     6.9647677      1.4960811      6.9414424    
   8100000   0.98931868     6.9585608      1.4838868      6.9359944    
   8110000   0.99171735     6.9690883      1.4874846      6.9422541    
   8120000   0.99351524     6.9780939      1.4901813      6.95565      
   8130000   0.99961521     6.9679124      1.4993307      6.9449384    
   8140000   0.99644924     6.975161       1.494582       6.952492     
   8150000   0.99260568     6.9716737      1.488817       6.9464386    
   8160000   0.99587989     6.975903       1.493728       6.9530403    
   8170000   1.001275       6.9759165      1.5018201      6.9511734    
   8180000   0.99437186     6.9722503      1.4914661      6.9486628    
   8190000   0.99317503     6.9759128      1.489671       6.9509682    
   8200000   0.99041805     6.983868       1.4855358      6.9615717    
   8210000   0.99587808     6.9747477      1.4937253      6.9523898    
   8220000   0.99591236     6.9754042      1.4937767      6.9499934    
   8230000   1.0043668      6.9711134      1.5064575      6.9471894    
   8240000   1.008506       6.9780922      1.5126661      6.9522847    
   8250000   1.0025267      6.9842944      1.5036976      6.9613222    
   8260000   0.99892498     6.9722551      1.4982954      6.9479622    
   8270000   1.0017321      6.9837637      1.5025057      6.9593518    
   8280000   0.99805645     6.9726406      1.4969927      6.9486718    
   8290000   0.99219888     6.9706936      1.4882068      6.9470685    
   8300000   0.99262216     6.9612546      1.4888417      6.9386933    
   8310000   0.99461451     6.9634391      1.4918301      6.9415166    
   8320000   0.99086582     6.9676561      1.4862074      6.9444471    
   8330000   0.99949543     6.9629433      1.499151       6.9399755    
   8340000   0.99508174     6.976017       1.4925309      6.9511456    
   8350000   0.99446566     6.9725689      1.4916068      6.9485962    
   8360000   1.0069215      6.976985       1.5102894      6.9529889    
   8370000   0.99890757     6.9704237      1.4982693      6.9450605    
   8380000   1.0038504      6.966993       1.5056831      6.943546     
   8390000   0.99676468     6.9720912      1.4950551      6.9459767    
   8400000   0.99024135     6.9672455      1.4852707      6.9433795    
   8410000   0.99506579     6.9782374      1.4925069      6.9547443    
   8420000   0.99038104     6.9845126      1.4854802      6.959194     
   8430000   0.99318942     6.9764091      1.4896926      6.9530561    
   8440000   0.99997663     6.9621409      1.4998728      6.9381127    
   8450000   0.99787691     6.9658382      1.4967234      6.9438724    
   8460000   0.99341647     6.977938       1.4900331      6.9541344    
   8470000   1.0099319      6.9688774      1.5148048      6.9433465    
   8480000   1.0048765      6.9745136      1.5072221      6.9539675    
   8490000   1.0017517      6.9667699      1.5025352      6.9402012    
   8500000   1.0024952      6.9749736      1.5036504      6.9502502    
   8510000   1.0045949      6.9758473      1.5067997      6.9509553    
   8520000   0.99944626     6.9803493      1.4990772      6.9563025    
   8530000   1.0025816      6.9816195      1.5037799      6.9580215    
   8540000   1.00026        6.977154       1.5002977      6.9511363    
   8550000   1.0099746      6.964772       1.5148688      6.9416789    
   8560000   1.0037336      6.9787448      1.5055079      6.9537181    
   8570000   1.0084361      6.9722065      1.5125612      6.9489111    
   8580000   1.0016878      6.9723732      1.5024394      6.9483812    
   8590000   1.0005414      6.9837584      1.5007198      6.959344     
   8600000   1.0057091      6.9762373      1.5084709      6.9519687    
   8610000   1.005057       6.9834825      1.5074929      6.9596311    
   8620000   1.0042982      6.9852019      1.5063547      6.9615289    
   8630000   1.0018237      6.9817229      1.5026433      6.9560467    
   8640000   1.0051833      6.9764633      1.5076823      6.9511938    
   8650000   1.0095621      6.971221       1.51425        6.9482583    
   8660000   0.9989811      6.979557       1.4983795      6.9566286    
   8670000   1.0108336      6.9724918      1.5161573      6.9494372    
   8680000   1.0091469      6.9813483      1.5136273      6.9581597    
   8690000   1.0014845      6.9805078      1.5021344      6.9573653    
   8700000   1.0062255      6.9764253      1.5092455      6.9508014    
   8710000   1.0028322      6.9775335      1.5041559      6.9550862    
   8720000   1.0076043      6.9749814      1.5113136      6.951721     
   8730000   1.0102089      6.981666       1.5152202      6.9583506    
   8740000   1.0069079      6.9870083      1.510269       6.9613256    
   8750000   1.0159717      6.9843581      1.5238639      6.9603532    
   8760000   1.0107813      6.9720571      1.5160787      6.9460111    
   8770000   1.0043872      6.9743972      1.5064882      6.951301     
   8780000   1.0165442      6.9951794      1.5247226      6.9704676    
   8790000   1.0127597      6.9866003      1.5190461      6.960092     
   8800000   0.99955166     6.9810949      1.4992353      6.9567545    
   8810000   1.0041901      6.9709269      1.5061926      6.9440127    
   8820000   1.0019574      6.9785638      1.5028437      6.9559753    
   8830000   0.99399833     6.9835166      1.4909058      6.9586966    
   8840000   0.98574362     6.9915161      1.4785246      6.9672854    
   8850000   0.99713164     6.9697287      1.4956055      6.9458751    
   8860000   1.0012702      6.9692534      1.501813       6.9454883    
   8870000   1.0010817      6.9830796      1.5015302      6.9591447    
   8880000   1.0007036      6.9705573      1.5009631      6.9490214    
   8890000   1.0010275      6.9756241      1.5014489      6.9536586    
   8900000   1.0094729      6.9826934      1.5141163      6.9571141    
   8910000   0.99652852     6.9791405      1.4947009      6.9555568    
   8920000   0.99969275     6.9725323      1.499447       6.950398     
   8930000   0.99126921     6.9714562      1.4868124      6.9490324    
   8940000   0.99750107     6.9806904      1.4961596      6.9567383    
   8950000   0.98900123     6.9651006      1.4834107      6.9422473    
   8960000   0.99891963     6.976732       1.4982873      6.9528906    
   8970000   0.99555682     6.977413       1.4932434      6.9521451    
   8980000   0.99838752     6.9761372      1.4974892      6.9520199    
   8990000   1.0013513      6.9670746      1.5019346      6.9421346    
   9000000   0.99725761     6.9624264      1.4957945      6.9407015    
   9010000   0.99334786     6.9803458      1.4899302      6.9567175    
   9020000   0.99827193     6.982474       1.4973159      6.9584404    
   9030000   0.9919929      6.9834041      1.4878979      6.9571157    
   9040000   0.99079593     6.9768745      1.4861026      6.9516704    
   9050000   1.0012003      6.9700822      1.5017082      6.9462291    
   9060000   0.99854504     6.9882313      1.4977255      6.9616788    
   9070000   1.0069398      6.9795757      1.5103169      6.954256     
   9080000   1.0040425      6.9867431      1.5059713      6.9619184    
   9090000   1.0047168      6.9840226      1.5069826      6.9613242    
   9100000   1.0051571      6.9859068      1.507643       6.9600226    
   9110000   1.0172873      6.9743217      1.5258372      6.948911     
   9120000   1.0099883      6.9747032      1.5148893      6.9519627    
   9130000   1.0021054      6.9823172      1.5030657      6.9547489    
   9140000   0.99932483     6.9766888      1.4988951      6.9549997    
   9150000   1.0017935      6.9702155      1.5025979      6.9461259    
   9160000   1.0090797      6.9847542      1.5135265      6.9608032    
   9170000   1.004903       6.9858382      1.5072619      6.9608323    
   9180000   0.99346697     6.9816071      1.4901089      6.9569654    
   9190000   0.99504305     6.9733303      1.4924728      6.9493543    
   9200000   0.99840017     6.9715165      1.4975082      6.949761     
   9210000   1.000347       6.9797996      1.5004283      6.9558526    
   9220000   0.99216293     6.9755828      1.4881529      6.9519099    
   9230000   0.99228619     6.9821671      1.4883378      6.9570763    
   9240000   0.99661105     6.9695988      1.4948247      6.9461907    
   9250000   0.99973161     6.973034       1.4995052      6.9499567    
   9260000   1.0020237      6.9681696      1.5029432      6.9439819    
   9270000   0.99244904     6.9774341      1.4885821      6.952905     
   9280000   0.99827767     6.9707687      1.4973245      6.9480294    
   9290000   1.0080208      6.9761962      1.5119383      6.9510668    
   9300000   1.0037916      6.9782963      1.5055949      6.9555344    
   9310000   1.0012684      6.9759778      1.5018104      6.9521354    
   9320000   0.99754461     6.9822975      1.496225       6.9590985    
   9330000   0.99485509     6.9706147      1.4921909      6.9458667    
   9340000   1.0024806      6.9756078      1.5036285      6.9497263    
   9350000   0.99031772     6.9685001      1.4853853      6.9458524    
   9360000   1.0015008      6.9674539      1.5021589      6.9438106    
   9370000   0.99408146     6.9842186      1.4910305      6.9630881    
   9380000   1.0044735      6.9713351      1.5066177      6.9473552    
   9390000   1.0014513      6.9726854      1.5020846      6.948436     
   9400000   1.0010384      6.9798241      1.5014653      6.9557633    
   9410000   0.99719965     6.9727395      1.4957075      6.9483938    
   9420000   1.0017865      6.9681882      1.5025873      6.946236     
   9430000   0.99485124     6.9858237      1.4921851      6.9615578    
   9440000   0.99713453     6.9671875      1.4956099      6.9439357    
   9450000   1.0043235      6.960192       1.5063926      6.933929     
   9460000   0.99933129     6.9832758      1.4989048      6.9592586    
   9470000   1.0042601      6.9739517      1.5062976      6.951657     
   9480000   0.98598973     6.9764581      1.4788937      6.9522652    
   9490000   0.99368557     6.9790117      1.4904367      6.9542763    
   9500000   0.99564132     6.9632121      1.4933702      6.9412912    
   9510000   0.99220243     6.9766593      1.4882122      6.9540398    
   9520000   0.99319224     6.9715931      1.4896968      6.9474768    
   9530000   0.99506151     6.9690052      1.4925005      6.9427895    
   9540000   0.99086468     6.9739726      1.4862057      6.9507744    
   9550000   0.99057218     6.9771083      1.485767       6.953384     
   9560000   1.0019825      6.981613       1.5028814      6.9575694    
   9570000   1.0008088      6.9680208      1.5011209      6.945546     
   9580000   0.98976258     6.9712356      1.4845526      6.946905     
   9590000   0.98741579     6.9773013      1.4810327      6.9546017    
   9600000   0.99213282     6.9552479      1.4881078      6.9316241    
   9610000   0.98712065     6.9695816      1.48059        6.9481701    
   9620000   1.0024457      6.9666189      1.5035761      6.9429646    
   9630000   0.99213592     6.989885       1.4881124      6.9634581    
   9640000   0.99825129     6.9773232      1.4972849      6.9533436    
   9650000   0.99736081     6.9786176      1.4959493      6.9548195    
   9660000   0.99547953     6.9702595      1.4931275      6.9485043    
   9670000   1.0076478      6.9702836      1.5113788      6.9470576    
   9680000   1.0066802      6.9755146      1.5099275      6.9516847    
   9690000   1.0107248      6.97979        1.5159939      6.9560646    
   9700000   1.0070652      6.9856735      1.5105049      6.9610276    
   9710000   0.99657472     6.9860644      1.4947702      6.9608359    
   9720000   0.99179782     6.9803809      1.4876053      6.9538163    
   9730000   0.99901338     6.9674314      1.498428       6.9440533    
   9740000   0.99830957     6.9779427      1.4973723      6.9536524    
   9750000   1.0022106      6.974401       1.5032235      6.9515812    
   9760000   1.0006572      6.9718996      1.5008935      6.9485631    
   9770000   0.99565015     6.9742627      1.4933834      6.9497549    
   9780000   1.0006519      6.9801429      1.5008856      6.9567269    
   9790000   1.0049358      6.9874677      1.507311       6.9640637    
   9800000   1.0078025      6.9789578      1.5116108      6.9547947    
   9810000   0.99994874     6.984311       1.4998309      6.9637238    
   9820000   0.99899981     6.9791423      1.4984076      6.9569523    
   9830000   1.0073382      6.9764065      1.5109145      6.9536322    
   9840000   0.99479143     6.9784772      1.4920954      6.9541472    
   9850000   0.99474312     6.9775849      1.492023       6.9527201    
   9860000   0.99594318     6.9626814      1.4938229      6.9394963    
   9870000   0.98703112     6.9768591      1.4804557      6.9547684    
   9880000   0.9987228      6.9700334      1.4979921      6.9462157    
   9890000   0.98725036     6.9674405      1.4807845      6.9432895    
   9900000   0.9991484      6.9709474      1.4986305      6.9472471    
   9910000   0.9848259      6.9831658      1.4771481      6.9602132    
   9920000   0.99869207     6.9759866      1.497946       6.9531855    
   9930000   1.0018153      6.9662755      1.5026307      6.9448196    
   9940000   1.0053547      6.9706022      1.5079394      6.9470211    
   9950000   1.0039046      6.9719335      1.5057644      6.9462578    
   9960000   1.0005813      6.9707766      1.5007797      6.9481451    
   9970000   0.99726983     6.9734122      1.4958128      6.9509374    
   9980000   0.99922692     6.977397       1.4987483      6.9522378    
   9990000   1.0050295      6.9693133      1.5074516      6.9448911    
  10000000   0.99985264     6.9725512      1.4996868      6.9471532    
  10010000   0.99390344     6.9896302      1.4907635      6.96491      
  10020000   1.0041312      6.9829366      1.5061042      6.961155     
  10030000   1.0019638      6.9719918      1.5028533      6.9487973    
  10040000   1.0028862      6.9795396      1.5042368      6.954421     
  10050000   1.0046161      6.9837949      1.5068315      6.96185      
  10060000   1.005839       6.9790677      1.5086658      6.9544894    
  10070000   1.0092625      6.9605543      1.5138008      6.9375168    
  10080000   0.99562881     6.9686126      1.4933514      6.946382     
  10090000   1.0014997      6.9610251      1.5021572      6.93623      
  10100000   0.99716921     6.9804223      1.4956619      6.9542245    
  10110000   0.99632728     6.9659365      1.4943991      6.9420629    
  10120000   0.99796833     6.9842744      1.4968605      6.9597733    
  10130000   1.0017464      6.9948021      1.5025273      6.9698706    
  10140000   1.0117442      6.9750535      1.517523       6.9502232    
  10150000   0.99645704     6.9792781      1.4945937      6.9546732    
  10160000   1.0001354      6.970259       1.5001109      6.9465831    
  10170000   1.0029474      6.9803299      1.5043286      6.9565233    
  10180000   1.002309       6.9787685      1.5033711      6.954252     
  10190000   1.0057123      6.9678761      1.5084758      6.9443934    
  10200000   1.000852       6.9741997      1.5011857      6.9519257    
  10210000   0.98538883     6.9785543      1.4779924      6.9575098    
  10220000   0.99487875     6.9774497      1.4922264      6.9509584    
  10230000   0.99842396     6.9798547      1.4975439      6.955265     
  10240000   1.0025194      6.9791717      1.5036866      6.9559196    
  10250000   0.98968029     6.9811547      1.4844292      6.9560216    
  10260000   0.99841201     6.9850314      1.497526       6.959209     
  10270000   0.99692867     6.9666668      1.4953011      6.9427874    
  10280000   1.0039924      6.9737728      1.505896       6.950053     
  10290000   0.99317786     6.9869628      1.4896752      6.9617386    
  10300000   0.99752727     6.9716025      1.4961989      6.9475748    
  10310000   1.003875       6.9735062      1.5057199      6.948229     
  10320000   0.99472262     6.982668       1.4919922      6.956908     
  10330000   1.0057622      6.9750777      1.5085506      6.9510867    
  10340000   1.0021874      6.9793281      1.5031888      6.9561059    
  10350000   1.004566       6.9629171      1.5067564      6.9368721    
  10360000   0.99809448     6.9676327      1.4970497      6.943783     
  10370000   0.99982171     6.9728344      1.4996404      6.9498446    
  10380000   0.99235941     6.9731857      1.4884476      6.9511467    
  10390000   0.99956884     6.9668777      1.4992611      6.944145     
  10400000   0.99699688     6.9904532      1.4954034      6.96596      
  10410000   1.0042452      6.9640333      1.5062752      6.9393538    
  10420000   0.99981458     6.9659004      1.4996297      6.9429619    
  10430000   0.99983951     6.9761728      1.4996671      6.9539639    
  10440000   0.99490323     6.9754977      1.4922631      6.9522328    
  10450000   1.0048802      6.9740793      1.5072277      6.9488903    
  10460000   1.0083875      6.97983        1.5124882      6.9584421    
  10470000   1.0149946      6.9808055      1.5223984      6.9570914    
  10480000   1.0053367      6.9806849      1.5079124      6.9558202    
  10490000   1.0052493      6.9805237      1.5077812      6.9557723    
  10500000   1.0073517      6.9673737      1.5109347      6.9422318    
  10510000   1.0017461      6.9726419      1.5025267      6.9495366    
  10520000   0.9994302      6.97296        1.4990532      6.950243     
  10530000   1.0119283      6.980946       1.5177992      6.9578151    
  10540000   1.0021931      6.9790587      1.5031972      6.9547413    
  10550000   0.99759531     6.9840719      1.496301       6.9601084    
  10560000   1.002746       6.9938716      1.5040266      6.9674393    
  10570000   1.0003605      6.9863887      1.5004486      6.9622571    
  10580000   0.99489105     6.988261       1.4922448      6.9650262    
  10590000   0.9977512      6.9771856      1.4965348      6.9512879    
  10600000   1.0051989      6.9697362      1.5077056      6.9464324    
  10610000   1.0006802      6.9703591      1.500928       6.9467538    
  10620000   1.0018611      6.976954       1.5026992      6.9538394    
  10630000   0.9943968      6.9884996      1.4915035      6.964571     
  10640000   0.99536245     6.9818816      1.4929519      6.9567812    
  10650000   1.0058487      6.9693332      1.5086804      6.9462474    
  10660000   0.99773881     6.9761022      1.4965162      6.9522267    
  10670000   1.0056471      6.9773924      1.5083779      6.9524752    
  10680000   0.99058646     6.9744933      1.4857884      6.9514331    
  10690000   0.9952758      6.9799927      1.4928219      6.954412     
  10700000   0.99060546     6.9793766      1.4858169      6.956259     
  10710000   0.99500503     6.9749509      1.4924158      6.9500281    
  10720000   0.99197568     6.9817481      1.4878721      6.9594901    
  10730000   0.99524768     6.9864737      1.4927798      6.9627904    
  10740000   1.0001832      6.9774763      1.5001826      6.9551352    
  10750000   1.0131409      6.973399       1.5196179      6.9483554    
  10760000   1.0036331      6.9804606      1.5053571      6.9549954    
  10770000   0.99413937     6.9918949      1.4911174      6.9685855    
  10780000   0.99826419     6.9821213      1.4973042      6.9583059    
  10790000   1.0002974      6.9771482      1.5003538      6.9522097    
  10800000   0.99961521     6.9732153      1.4993307      6.948615     
  10810000   0.987762       6.9868784      1.4815519      6.9598299    
  10820000   1.004278       6.973541       1.5063245      6.9488683    
  10830000   0.98781573     6.9718079      1.4816325      6.9480439    
  10840000   0.99128273     6.9817624      1.4868327      6.9601237    
  10850000   0.99644279     6.9781677      1.4945723      6.9542142    
  10860000   0.9968242      6.9818282      1.4951444      6.9565413    
  10870000   0.99800726     6.9763323      1.4969189      6.9534591    
  10880000   1.0097993      6.9771857      1.5146058      6.9515893    
  10890000   1.0023534      6.9846367      1.5034376      6.9620114    
  10900000   1.00879        6.98177        1.513092       6.9557505    
  10910000   1.011119       6.9685316      1.5165853      6.9475692    
  10920000   0.99573499     6.9766158      1.4935107      6.9536644    
  10930000   0.99256131     6.9826745      1.4887504      6.9590631    
  10940000   1.0003908      6.9707304      1.500494       6.9480654    
  10950000   1.0039355      6.9747095      1.5058106      6.9494155    
  10960000   1.0069378      6.9814433      1.5103139      6.9579772    
  10970000   1.0001793      6.9726081      1.5001768      6.948131     
  10980000   1.0042857      6.9759454      1.506336       6.9520601    
  10990000   1.0075547      6.9871211      1.5112392      6.961898     
  11000000   1.0046547      6.9839638      1.5068894      6.9589415    
  11010000   1.0107176      6.9790361      1.5159832      6.9564618    
  11020000   0.99580928     6.9753593      1.4936221      6.9487776    
  11030000   1.0070649      6.9741298      1.5105045      6.9485858    
  11040000   1.0106886      6.9782587      1.5159396      6.9547861    
  11050000   1.0166159      6.973977       1.5248301      6.9495242    
  11060000   1.01586        6.9675999      1.5236964      6.9445489    
  11070000   1.004312       6.9719597      1.5063754      6.9487215    
  11080000   0.98759763     6.9757995      1.4813054      6.949775     
  11090000   0.99593375     6.9649205      1.4938088      6.9404424    
  11100000   1.0038094      6.9649122      1.5056216      6.9404579    
  11110000   0.99181306     6.9864953      1.4876282      6.9612031    
  11120000   0.98955976     6.9816148      1.4842484      6.9559582    
  11130000   0.99969071     6.9670905      1.4994439      6.9451351    
  11140000   1.0006316      6.9732037      1.5008551      6.9497038    
  11150000   1.0013856      6.9755755      1.501986       6.9515591    
  11160000   1.011211       6.9685321      1.5167232      6.9452634    
  11170000   1.005204       6.9755843      1.5077134      6.9526739    
  11180000   1.002025       6.9760752      1.5029452      6.9494701    
  11190000   0.9943084      6.9642191      1.4913709      6.9400528    
  11200000   1.0026359      6.9652786      1.5038614      6.9412729    
  11210000   0.98880282     6.9779602      1.4831131      6.9521546    
  11220000   0.99000153     6.9715287      1.484911       6.9491854    
  11230000   0.99120017     6.9675038      1.4867089      6.9449814    
  11240000   1.0072622      6.9808345      1.5108004      6.9549369    
  11250000   0.99378602     6.9784396      1.4905874      6.9560932    
  11260000   1.007565       6.9761079      1.5112546      6.9520354    
  11270000   0.99767494     6.9673461      1.4964204      6.9445352    
  11280000   0.99910727     6.9751757      1.4985688      6.9525038    
  11290000   0.99431412     6.9815169      1.4913795      6.958536     
  11300000   1.0107019      6.9809527      1.5159596      6.9565086    
  11310000   0.99757863     6.9809183      1.496276       6.95762      
  11320000   0.99972084     6.9713341      1.4994891      6.9478929    
  11330000   1.000341       6.9649674      1.5004193      6.9413622    
  11340000   1.0071633      6.9738975      1.510652       6.9509191    
  11350000   0.99962047     6.971149       1.4993386      6.9483562    
  11360000   0.99045525     6.9786512      1.4855916      6.9517173    
  11370000   1.0019112      6.9713391      1.5027744      6.9449053    
  11380000   1.002285       6.9806335      1.5033351      6.9567641    
  11390000   1.0062161      6.9608301      1.5092314      6.9362783    
  11400000   1.0037136      6.9733406      1.5054778      6.950681     
  11410000   1.0054529      6.9707333      1.5080866      6.947685     
  11420000   0.9984527      6.9755592      1.497587       6.9512721    
  11430000   0.99075947     6.9795112      1.4860479      6.9564546    
  11440000   1.0014276      6.9737327      1.502049       6.951733     
  11450000   1.00338        6.9730538      1.5049776      6.9481135    
  11460000   1.0047401      6.9643274      1.5070176      6.9396891    
  11470000   0.9969485      6.9626206      1.4953308      6.9392072    
  11480000   0.98949504     6.9756289      1.4841513      6.9511559    
  11490000   1.0057348      6.9726585      1.5085095      6.9487674    
  11500000   0.99792612     6.9761329      1.4967972      6.9503423    
  11510000   0.99083084     6.9695347      1.4861549      6.9460375    
  11520000   0.9928063      6.9729711      1.4891179      6.9502022    
  11530000   0.9994485      6.9768744      1.4990806      6.9534647    
  11540000   1.0019382      6.9845223      1.5028149      6.9638631    
  11550000   1.0038148      6.974916       1.5056297      6.9489246    
  11560000   1.0017931      6.9812568      1.5025973      6.9561718    
  11570000   1.0018821      6.9755662      1.5027307      6.9515896    
  11580000   0.99825949     6.9768288      1.4972972      6.9523098    
  11590000   0.99835153     6.9772718      1.4974353      6.9532992    
  11600000   0.99209312     6.9750312      1.4880482      6.9519984    
  11610000   1.000245       6.9672502      1.5002753      6.9439113    
  11620000   0.99393947     6.9750044      1.4908176      6.9495115    
  11630000   0.99599827     6.9662211      1.4939056      6.9444811    
  11640000   0.98995054     6.9738066      1.4848345      6.9504478    
  11650000   0.99286135     6.9746275      1.4892005      6.9519358    
  11660000   0.99465459     6.973932       1.4918902      6.9511073    
  11670000   0.99379051     6.9776992      1.4905941      6.9562696    
  11680000   0.99852466     6.970187       1.4976949      6.9488467    
  11690000   0.99070249     6.9757856      1.4859624      6.9528814    
  11700000   0.99092574     6.9747685      1.4862973      6.9521971    
  11710000   1.0123898      6.9712728      1.5184914      6.9474037    
  11720000   0.99988562     6.9805219      1.4997362      6.9552885    
  11730000   1.0154106      6.9802798      1.5230223      6.9555217    
  11740000   1.0080818      6.9912361      1.5120298      6.9665116    
  11750000   0.99908505     6.9731257      1.4985355      6.9503667    
  11760000   0.9964988      6.977353       1.4946563      6.9531032    
  11770000   1.0030891      6.9762683      1.5045412      6.9490607    
  11780000   1.0036145      6.9701863      1.5053292      6.9456001    
  11790000   1.0045699      6.9822267      1.5067622      6.9581217    
  11800000   0.99212692     6.9769536      1.4880989      6.9544155    
  11810000   1.0052611      6.9713104      1.507799       6.949454     
  11820000   1.0025812      6.9683048      1.5037794      6.946978     
  11830000   1.0069256      6.9894451      1.5102956      6.9635855    
  11840000   0.99812844     6.9851418      1.4971006      6.9619043    
  11850000   1.0094745      6.9724328      1.5141186      6.9493438    
  11860000   1.0016413      6.9768155      1.5023697      6.9540724    
  11870000   1.0011125      6.9751669      1.5015765      6.9514441    
  11880000   0.99488318     6.972041       1.492233       6.9448042    
  11890000   0.99233921     6.9819753      1.4884173      6.9563645    
  11900000   0.99849933     6.9801854      1.4976569      6.9561471    
  11910000   1.0109007      6.9786945      1.5162578      6.9554877    
  11920000   1.0097042      6.9821894      1.5144632      6.9578242    
  11930000   1.0001639      6.978546       1.5001537      6.9554879    
  11940000   0.99321469     6.9714686      1.4897305      6.9468743    
  11950000   1.0095349      6.9727336      1.5142093      6.9481465    
  11960000   1.007049       6.9747732      1.5104807      6.9510778    
  11970000   1.0035985      6.9843487      1.5053053      6.9621487    
  11980000   1.0039842      6.9783382      1.5058838      6.9532172    
  11990000   0.99580654     6.9678562      1.493618       6.9429822    
  12000000   0.99612654     6.9737866      1.494098       6.9489749    
  12010000   1.0018502      6.9673966      1.5026829      6.9429689    
  12020000   1.0031368      6.9676663      1.5046126      6.9449955    
  12030000   0.99794421     6.9702585      1.4968243      6.94595      
  12040000   1.0006242      6.9696049      1.500844       6.9449868    
  12050000   1.0085605      6.9695375      1.5127478      6.9471072    
  12060000   0.99652788     6.9695618      1.4946999      6.947346     
  12070000   0.99554368     6.979151       1.4932237      6.9548745    
  12080000   0.99696048     6.9693737      1.4953488      6.9450893    
  12090000   0.99203898     6.9666144      1.487967       6.9417624    
  12100000   0.99279385     6.9737106      1.4890992      6.950042     
  12110000   1.0017364      6.9695944      1.5025122      6.9458759    
  12120000   1.004205       6.9799179      1.506215       6.9568945    
  12130000   1.0044467      6.960966       1.5065774      6.9357111    
  12140000   0.99544921     6.978157       1.493082       6.9541001    
  12150000   1.0015508      6.9698408      1.5022339      6.9459243    
  12160000   1.0005602      6.9799806      1.5007481      6.954178     
  12170000   1.0070878      6.9763968      1.5105388      6.9535194    
  12180000   1.0052324      6.9642984      1.507756       6.9391989    
  12190000   1.0012488      6.9779858      1.501781       6.9537281    
  12200000   1.0041823      6.9889257      1.5061809      6.9636649    
  12210000   0.99894861     6.9859961      1.4983308      6.9632981    
  12220000   1.0073916      6.9863173      1.5109945      6.9612228    
  12230000   1.0018161      6.9799461      1.5026317      6.9562374    
  12240000   1.009404       6.9857437      1.514013       6.9647222    
  12250000   1.0041606      6.9849904      1.5061484      6.9621649    
  12260000   0.99948617     6.9932229      1.4991371      6.968963     
  12270000   1.0033946      6.9814455      1.5049994      6.9586834    
  12280000   1.0108404      6.9817344      1.5161675      6.9584517    
  12290000   1.0070482      6.9750793      1.5104795      6.9514538    
  12300000   1.0055873      6.9754208      1.5082882      6.9501918    
  12310000   1.0026271      6.9686984      1.5038483      6.9448818    
  12320000   1.0015938      6.9825555      1.5022984      6.9591064    
  12330000   1.0060047      6.9773431      1.5089142      6.9531434    
  12340000   0.99559131     6.9781147      1.4932952      6.9545132    
  12350000   1.0047689      6.9688036      1.5070607      6.9456293    
  12360000   0.99587326     6.976896       1.4937181      6.9515392    
  12370000   1.0048305      6.9724276      1.5071531      6.9494529    
  12380000   1.0001451      6.97118        1.5001254      6.9479539    
  12390000   1.0017818      6.9755129      1.5025804      6.9514514    
  12400000   1.0006563      6.9759019      1.5008922      6.9554949    
  12410000   1.0109261      6.9701786      1.516296       6.9459866    
  12420000   1.0054176      6.9800692      1.5080337      6.9572136    
  12430000   0.99867171     6.9758461      1.4979155      6.9516536    
  12440000   0.99074911     6.9714813      1.4860323      6.9471605    
  12450000   0.99083221     6.9759271      1.486157       6.9518051    
  12460000   0.99324105     6.9744972      1.48977        6.9493651    
  12470000   1.0057568      6.965641       1.5085425      6.9406091    
  12480000   1.0041649      6.9762019      1.5061548      6.9512733    
  12490000   1.0007198      6.9825959      1.5009874      6.9567824    
  12500000   0.99961258     6.9766421      1.4993267      6.9528987    
  12510000   0.98937169     6.9854053      1.4839663      6.9615219    
  12520000   0.9983681      6.9649904      1.4974601      6.9417153    
  12530000   1.0006718      6.9744862      1.5009155      6.9492705    
  12540000   0.99281867     6.9824819      1.4891365      6.9575734    
  12550000   1.0054184      6.9738644      1.5080349      6.9513387    
  12560000   0.99321119     6.9793033      1.4897252      6.9551781    
  12570000   1.0031117      6.97533        1.5045751      6.9523573    
  12580000   1.0058849      6.9855922      1.5087346      6.9602306    
  12590000   1.0001158      6.9910262      1.5000815      6.9674696    
  12600000   0.99499205     6.9840722      1.4923963      6.9587122    
  12610000   1.0113656      6.9658053      1.5169551      6.9418605    
  12620000   0.99585947     6.9803365      1.4936974      6.9547269    
  12630000   0.99429402     6.9819682      1.4913494      6.9600056    
  12640000   1.0103311      6.9815853      1.5154035      6.9569736    
  12650000   1.0000903      6.9832537      1.5000432      6.9580364    
  12660000   1.0040578      6.9849475      1.5059942      6.9587288    
  12670000   1.0015215      6.9741848      1.5021898      6.9518576    
  12680000   1.0004578      6.9833674      1.5005944      6.9598702    
  12690000   1.0041252      6.976079       1.5060952      6.9520395    
  12700000   0.9998167      6.9805499      1.4996329      6.9567164    
  12710000   1.00708        6.9698221      1.5105271      6.9463278    
  12720000   1.0004116      6.9764914      1.5005252      6.9559444    
  12730000   0.99261153     6.9732571      1.4888258      6.9474112    
  12740000   0.99237135     6.9752171      1.4884655      6.9499794    
  12750000   1.0030894      6.9742208      1.5045417      6.9504038    
  12760000   1.0049611      6.9944181      1.5073491      6.9724454    
  12770000   1.0167972      6.9845378      1.525102       6.9610334    
  12780000   1.0130742      6.9949887      1.5195178      6.9700252    
  12790000   1.0089748      6.9802184      1.5133692      6.9569758    
  12800000   1.0121141      6.98141        1.5180779      6.9575686    
  12810000   0.9993694      6.9864842      1.498962       6.962018     
  12820000   1.0010162      6.9745925      1.5014321      6.9502009    
  12830000   0.99255741     6.9754757      1.4887446      6.9522445    
  12840000   1.0023081      6.9801398      1.5033697      6.9573628    
  12850000   0.99890724     6.9766259      1.4982688      6.9513747    
  12860000   0.99954204     6.9723549      1.4992209      6.9464193    
  12870000   0.98526603     6.9657592      1.4778082      6.9426886    
  12880000   0.99158154     6.9582318      1.4872809      6.9331989    
  12890000   0.9951316      6.9679849      1.4926057      6.945221     
  12900000   1.0042019      6.9805442      1.5062103      6.9556652    
  12910000   1.0025503      6.9831168      1.503733       6.9594053    
  12920000   1.0021928      6.978874       1.5031968      6.953834     
  12930000   0.99995632     6.9799613      1.4998423      6.9535768    
  12940000   1.0033348      6.9712858      1.5049097      6.9467906    
  12950000   0.99428879     6.9753864      1.4913415      6.9504726    
  12960000   0.993557       6.96651        1.4902439      6.9424233    
  12970000   0.99746608     6.9708572      1.4961072      6.9484892    
  12980000   0.99543481     6.9687672      1.4930604      6.9442098    
  12990000   0.99053767     6.970079       1.4857152      6.9456142    
  13000000   1.005166       6.9644305      1.5076563      6.9420673    
  13010000   1.0029978      6.9699644      1.5044043      6.9484756    
  13020000   1.001997       6.972244       1.5029032      6.9474828    
  13030000   1.0051509      6.9677524      1.5076337      6.9419002    
  13040000   0.99837919     6.9678835      1.4974767      6.9428244    
  13050000   1.0002064      6.9769841      1.5002174      6.9530297    
  13060000   1.0037207      6.9639541      1.5054886      6.9405471    
  13070000   1.0017121      6.9709305      1.5024758      6.9451338    
  13080000   1.0057098      6.9770016      1.5084719      6.9541091    
  13090000   1.000068       6.9795203      1.5000098      6.9549389    
  13100000   0.99956495     6.9746307      1.4992553      6.949274     
  13110000   0.99944654     6.9867614      1.4990777      6.9626876    
  13120000   1.0055199      6.9668917      1.5081871      6.9436121    
  13130000   0.99522298     6.9850238      1.4927427      6.9591785    
  13140000   0.99972327     6.9812688      1.4994927      6.9597445    
  13150000   1.0034755      6.9749952      1.5051207      6.9505163    
  13160000   1.0048061      6.9903896      1.5071166      6.9655537    
  13170000   1.0021373      6.9716546      1.5031135      6.9485445    
  13180000   0.99418156     6.9753821      1.4911807      6.9522953    
  13190000   0.99782826     6.9682207      1.4966504      6.94473      
  13200000   0.99727642     6.9767452      1.4958227      6.9525157    
  13210000   0.99876567     6.9741604      1.4980564      6.9507784    
  13220000   0.99248864     6.9738994      1.4886415      6.9497869    
  13230000   0.99891147     6.9785195      1.4982751      6.9532159    
  13240000   0.98792544     6.9711511      1.4817971      6.9451306    
  13250000   1.0134628      6.9681688      1.5201008      6.945084     
  13260000   0.99949232     6.9844085      1.4991463      6.9593177    
  13270000   0.99648276     6.9752244      1.4946323      6.9525375    
  13280000   0.99510865     6.9708427      1.4925712      6.9448938    
  13290000   0.98932374     6.988453       1.4838944      6.9624025    
  13300000   0.99772311     6.970094       1.4964927      6.9463774    
  13310000   0.99933078     6.9855543      1.498904       6.9621976    
  13320000   1.000258       6.991948       1.5002948      6.9680374    
  13330000   1.0024362      6.9841409      1.503562       6.9588287    
  13340000   1.0052753      6.9696546      1.5078203      6.9486029    
  13350000   0.99353455     6.9764052      1.4902102      6.9512851    
  13360000   1.0010092      6.9650502      1.5014215      6.942146     
  13370000   1.0015422      6.968706       1.502221       6.9458491    
  13380000   1.004889       6.9779298      1.5072408      6.9536661    
  13390000   1.0041423      6.9714811      1.5061208      6.9493205    
  13400000   0.99705576     6.9746968      1.4954917      6.9509905    
  13410000   1.0045008      6.9759966      1.5066587      6.95141      
  13420000   1.0014913      6.9733487      1.5021447      6.9494469    
  13430000   1.0059571      6.9697332      1.5088429      6.9459189    
  13440000   0.99692832     6.976732       1.4953006      6.9531166    
  13450000   0.99385288     6.9798106      1.4906877      6.9563818    
  13460000   0.99057122     6.9719938      1.4857655      6.9479789    
  13470000   0.9917719      6.9816535      1.4875664      6.9570458    
  13480000   0.99000299     6.9829445      1.4849132      6.9594276    
  13490000   0.99901358     6.9672331      1.4984283      6.9430067    
  13500000   0.99346449     6.9746192      1.4901051      6.9497443    
  13510000   0.99568142     6.9737089      1.4934303      6.9498297    
  13520000   0.99522057     6.9653746      1.4927391      6.9442734    
  13530000   1.0009483      6.9780573      1.5013302      6.9541057    
  13540000   1.0040718      6.9788128      1.5060151      6.9549415    
  13550000   1.004493       6.986743       1.506647       6.9646124    
  13560000   1.0019749      6.9778369      1.50287        6.954269     
  13570000   1.0030473      6.9699736      1.5044785      6.9458771    
  13580000   0.99534177     6.9781078      1.4929209      6.9546052    
  13590000   0.99976024     6.9642432      1.4995482      6.9401365    
  13600000   0.98735949     6.9827173      1.4809482      6.9582095    
  13610000   0.99582988     6.9805         1.493653       6.9583776    
  13620000   1.0088259      6.9721326      1.5131459      6.9500769    
  13630000   0.99433256     6.9784744      1.4914072      6.9547779    
  13640000   0.99964049     6.976842       1.4993686      6.9527903    
  13650000   0.99184684     6.9932831      1.4876788      6.9673509    
  13660000   1.002026       6.9780191      1.5029467      6.9567161    
  13670000   0.99305909     6.9793169      1.4894971      6.9551708    
  13680000   1.0051279      6.9559731      1.5075991      6.9308445    
  13690000   0.99999302     6.9688961      1.4998973      6.9433937    
  13700000   0.9975266      6.9743416      1.4961979      6.950273     
  13710000   1.0028989      6.9794635      1.5042558      6.9572268    
  13720000   1.0087842      6.9868635      1.5130834      6.9615036    
  13730000   1.0144574      6.9839998      1.5215926      6.9599329    
  13740000   1.0117241      6.9754962      1.5174928      6.9497958    
  13750000   1.0078203      6.9890652      1.5116375      6.9656441    
  13760000   1.0071617      6.9772895      1.5106497      6.9522827    
  13770000   1.0015391      6.9952707      1.5022163      6.9716974    
  13780000   1.0047712      6.9855048      1.5070642      6.961962     
  13790000   1.0011732      6.9835005      1.5016675      6.9584724    
  13800000   0.99843251     6.9778306      1.4975567      6.9537726    
  13810000   0.98932443     6.9598392      1.4838954      6.9364564    
  13820000   0.99640126     6.965652       1.49451        6.9416946    
  13830000   1.0069762      6.9689954      1.5103715      6.9462611    
  13840000   1.0115995      6.9756546      1.517306       6.9520952    
  13850000   1.0071646      6.9738229      1.5106541      6.9486288    
  13860000   1.0025534      6.9735596      1.5037376      6.9479993    
  13870000   1.0006496      6.9772301      1.5008822      6.9514221    
  13880000   0.99901538     6.9794573      1.498431       6.9556088    
  13890000   0.99776681     6.9675611      1.4965582      6.9448774    
  13900000   0.99786486     6.9796292      1.4967053      6.9558844    
  13910000   1.0107586      6.9642905      1.5160447      6.9417204    
  13920000   0.99731179     6.9771142      1.4958757      6.9521806    
  13930000   1.0017662      6.975656       1.502557       6.9524529    
  13940000   1.0012135      6.9753565      1.501728       6.9507011    
  13950000   1.0070098      6.9839458      1.5104218      6.9593226    
  13960000   1.0030375      6.976779       1.5044638      6.9530152    
  13970000   0.99013795     6.9797697      1.4851156      6.9555101    
  13980000   1.0040845      6.9702016      1.5060342      6.9449009    
  13990000   1.0016621      6.9800934      1.5024009      6.9564573    
  14000000   1.0003711      6.9820878      1.5004644      6.9609552    
  14010000   1.0069464      6.9807271      1.5103268      6.9542283    
  14020000   0.99729683     6.9827821      1.4958533      6.9585603    
  14030000   1.0021992      6.9714035      1.5032064      6.9469496    
  14040000   1.0024168      6.9782184      1.5035329      6.9555739    
  14050000   0.99413294     6.9776615      1.4911078      6.9561028    
  14060000   0.99463564     6.973505       1.4918618      6.9524804    
  14070000   0.99502209     6.9768375      1.4924414      6.9521409    
  14080000   1.0043041      6.9809244      1.5063636      6.9552798    
  14090000   1.0040458      6.9847786      1.5059761      6.9631807    
  14100000   1.0041635      6.988509       1.5061527      6.9641524    
  14110000   1.0014447      6.9823618      1.5020748      6.9589201    
  14120000   1.0051702      6.9649156      1.5076626      6.9419797    
  14130000   0.99874909     6.9725222      1.4980316      6.9486627    
  14140000   0.99984529     6.9729176      1.4996758      6.9493254    
  14150000   0.99920295     6.9791672      1.4987123      6.9557344    
  14160000   1.0076528      6.9795768      1.5113863      6.9548471    
  14170000   0.99722159     6.9743925      1.4957405      6.9509197    
  14180000   0.9984319      6.9675895      1.4975558      6.9452168    
  14190000   1.0004041      6.9855001      1.5005139      6.9592878    
  14200000   1.0041615      6.9918475      1.5061496      6.9671065    
  14210000   1.005404       6.9850681      1.5080133      6.961498     
  14220000   1.0083585      6.9784683      1.5124448      6.9548588    
  14230000   0.99970618     6.972959       1.4994671      6.9494118    
  14240000   0.99811372     6.9826835      1.4970786      6.959415     
  14250000   0.99929475     6.9698084      1.49885        6.9471639    
  14260000   1.0077731      6.9761084      1.5115668      6.9515958    
  14270000   1.0090319      6.9735238      1.5134549      6.9497244    
  14280000   0.99305648     6.9831482      1.4894932      6.9605721    
  14290000   1.0079869      6.9676765      1.5118874      6.9439965    
  14300000   0.99434841     6.9593341      1.4914309      6.9384931    
  14310000   0.99620458     6.971109       1.494215       6.9445757    
  14320000   0.99745131     6.9719775      1.496085       6.9468358    
  14330000   1.0040264      6.975417       1.505947       6.9493653    
  14340000   1.0026437      6.9886266      1.5038731      6.9634446    
  14350000   1.0075639      6.9880978      1.511253       6.964189     
  14360000   1.013706       6.9818807      1.5204656      6.9550493    
  14370000   0.99921678     6.991731       1.4987331      6.9667356    
  14380000   1.0039288      6.9808647      1.5058006      6.9571513    
  14390000   0.99641332     6.9733516      1.4945281      6.9487003    
  14400000   1.0114773      6.9803015      1.5171227      6.9575879    
  14410000   1.0048299      6.9900162      1.5071522      6.9657933    
  14420000   1.0052604      6.9845184      1.5077979      6.9585131    
  14430000   1.0068119      6.9817796      1.510125       6.9574961    
  14440000   0.99942208     6.9703626      1.499041       6.9452777    
  14450000   0.9980792      6.9894532      1.4970268      6.9650861    
  14460000   1.0032516      6.9725717      1.5047849      6.9506513    
  14470000   1.004361       6.9756495      1.5064489      6.9510157    
  14480000   0.99028905     6.9744968      1.4853423      6.9508837    
  14490000   1.0015449      6.9791232      1.5022251      6.9561012    
  14500000   0.99959801     6.9836886      1.4993049      6.9613538    
  14510000   0.99602187     6.9717009      1.493941       6.9488632    
  14520000   0.99411633     6.9777814      1.4910828      6.9535253    
  14530000   1.0026915      6.9582698      1.5039447      6.9333579    
  14540000   0.98772842     6.9655852      1.4815016      6.943357     
  14550000   0.9894165      6.9681413      1.4840335      6.9434494    
  14560000   0.99965744     6.977511       1.499394       6.9515303    
  14570000   1.0010478      6.9801905      1.5014794      6.9578936    
  14580000   1.0016049      6.9784797      1.502315       6.9536231    
  14590000   1.0033015      6.9791804      1.5048597      6.957581     
  14600000   1.006535       6.9734647      1.5097098      6.9480339    
  14610000   0.9982293      6.9657074      1.4972519      6.9420232    
  14620000   0.99752021     6.9605523      1.4961884      6.9386382    
  14630000   0.99382148     6.9729314      1.4906406      6.9473928    
  14640000   0.9978298      6.9625361      1.4966527      6.9384605    
  14650000   0.99121097     6.9746977      1.4867251      6.948823     
  14660000   0.98923387     6.9639181      1.4837596      6.9399299    
  14670000   0.99172561     6.9650501      1.487497       6.940214     
  14680000   0.99500334     6.9633381      1.4924133      6.9381042    
  14690000   0.98995539     6.981445       1.4848418      6.9558727    
  14700000   1.00081        6.9736943      1.5011228      6.9496769    
  14710000   1.0026877      6.989386       1.5039391      6.9670106    
  14720000   1.0158132      6.9814702      1.5236262      6.9561748    
  14730000   1.0177471      6.986487       1.5265269      6.9607418    
  14740000   1.0055086      6.9798652      1.5081701      6.954348     
  14750000   1.009016       6.9764284      1.513431       6.9519596    
  14760000   1.0012263      6.9809065      1.5017472      6.9591739    
  14770000   1.001132       6.9832106      1.5016057      6.9576537    
  14780000   1.0028729      6.9823823      1.5042169      6.9578549    
  14790000   1.001056       6.9889702      1.5014916      6.9671676    
  14800000   1.0060056      6.9814803      1.5089157      6.9555377    
  14810000   0.9955226      6.9771015      1.4931921      6.9544879    
  14820000   1.0014094      6.9820315      1.5020218      6.958468     
  14830000   0.99738161     6.984949       1.4959805      6.9597534    
  14840000   0.9979703      6.9722681      1.4968634      6.9508046    
  14850000   1.0009997      6.9699698      1.5014073      6.9454672    
  14860000   1.0048501      6.9800911      1.5071825      6.9560421    
  14870000   1.003081       6.9608715      1.504529       6.9379224    
  14880000   0.99395138     6.9821846      1.4908354      6.9584462    
  14890000   1.0026588      6.9894217      1.5038957      6.9667132    
  14900000   1.0093748      6.9710078      1.5139692      6.9463543    
  14910000   1.0030022      6.9855544      1.5044108      6.9625068    
  14920000   0.99785588     6.9690258      1.4966918      6.9438892    
  14930000   0.99914326     6.9791871      1.4986228      6.9577998    
  14940000   1.0130388      6.9677469      1.5194648      6.9448662    
  14950000   0.99899659     6.9727147      1.4984028      6.9494482    
  14960000   0.99599163     6.9747431      1.4938956      6.9513054    
  14970000   1.0015488      6.9670007      1.5022308      6.942886     
  14980000   1.0026471      6.9829964      1.5038782      6.9595865    
  14990000   0.99474222     6.9776246      1.4920216      6.9532972    
  15000000   1.0012659      6.9721633      1.5018065      6.9476106    
  15010000   0.99685509     6.979665       1.4951907      6.9553901    
  15020000   0.99241753     6.9744635      1.4885348      6.9496435    
  15030000   0.99882373     6.9763705      1.4981435      6.9523317    
  15040000   0.99494611     6.9700195      1.4923274      6.946586     
  15050000   0.99774614     6.9794283      1.4965272      6.9540773    
  15060000   0.99412577     6.9822963      1.491097       6.9579598    
  15070000   1.014234       6.9667503      1.5212574      6.944006     
  15080000   1.0047168      6.9794202      1.5069825      6.9557667    
  15090000   1.0084506      6.980817       1.512583       6.9563725    
  15100000   1.0042933      6.9816343      1.5063474      6.9580368    
  15110000   1.001402       6.9873224      1.5020107      6.9644177    
  15120000   0.99149092     6.9829792      1.487145       6.9582091    
  15130000   1.0066067      6.9708599      1.5098172      6.9447825    
  15140000   1.0032787      6.9765566      1.5048256      6.9493474    
  15150000   0.99185981     6.973593       1.4876983      6.9496084    
  15160000   0.99870501     6.9653367      1.4979654      6.9437167    
  15170000   1.0031876      6.9792909      1.5046888      6.9544059    
  15180000   1.0116959      6.9704212      1.5174506      6.9460753    
  15190000   1.0026828      6.9843898      1.5039317      6.9602113    
  15200000   0.99881234     6.9745482      1.4981264      6.9534318    
  15210000   0.99307168     6.9860991      1.489516       6.9604128    
  15220000   0.9973147      6.9807381      1.4958801      6.9560533    
  15230000   1.0027637      6.989243       1.5040531      6.9646955    
  15240000   1.0162552      6.978661       1.5242891      6.9545613    
  15250000   1.0108673      6.9844802      1.5162078      6.9595613    
  15260000   1.0101186      6.9773811      1.5150848      6.9513013    
  15270000   0.9925125      6.9770178      1.4886773      6.9558353    
  15280000   0.99039902     6.9764296      1.4855072      6.9526053    
  15290000   0.9909088      6.9766525      1.4862718      6.9549388    
  15300000   1.0031133      6.9747098      1.5045775      6.9508152    
  15310000   1.0014479      6.9847857      1.5020795      6.9597363    
  15320000   0.99966894     6.9717415      1.4994113      6.9494982    
  15330000   1.0044587      6.9785475      1.5065954      6.9538362    
  15340000   1.0048788      6.9692164      1.5072256      6.9462376    
  15350000   0.9924082      6.9867618      1.4885208      6.963215     
  15360000   1.0029263      6.9766367      1.504297       6.9510245    
  15370000   1.0010084      6.9790028      1.5014203      6.9573346    
  15380000   1.00642        6.9728147      1.5095372      6.9500559    
  15390000   1.0031999      6.9885904      1.5047073      6.9645657    
  15400000   0.99971961     6.9807319      1.4994873      6.9586273    
  15410000   1.0053234      6.9672895      1.5078924      6.9424872    
  15420000   1.0057015      6.986181       1.5084595      6.9607953    
  15430000   0.99962608     6.9786056      1.499347       6.9540693    
  15440000   0.99322116     6.9738792      1.4897402      6.9497274    
  15450000   1.0052515      6.970771       1.5077846      6.9480748    
  15460000   1.0058599      6.9786487      1.5086971      6.9568195    
  15470000   0.99505631     6.9788501      1.4924927      6.9547018    
  15480000   0.99328468     6.9716184      1.4898354      6.9457062    
  15490000   1.0054699      6.9702843      1.5081122      6.9468254    
  15500000   0.9928573      6.9764675      1.4891944      6.9529051    
  15510000   0.99428423     6.9746289      1.4913347      6.9503119    
  15520000   0.99613296     6.9789108      1.4941076      6.9539557    
  15530000   0.99552419     6.9791043      1.4931945      6.9555024    
  15540000   0.99894111     6.970223       1.4983196      6.9493723    
  15550000   1.0018506      6.983054       1.5026836      6.9575236    
  15560000   1.0102029      6.9698771      1.5152112      6.9445829    
  15570000   1.0008304      6.9802932      1.5011534      6.9556459    
  15580000   1.0036153      6.9760517      1.5053304      6.9504539    
  15590000   0.99675517     6.9797742      1.4950409      6.9540517    
  15600000   1.0025474      6.9726897      1.5037286      6.9478334    
  15610000   0.99734153     6.9719795      1.4959204      6.9480765    
  15620000   0.9979848      6.9859509      1.4968852      6.9621436    
  15630000   1.0149018      6.969449       1.5222591      6.9445364    
  15640000   0.99741416     6.9886752      1.4960293      6.9659129    
  15650000   1.0109666      6.9616983      1.5163567      6.9377638    
  15660000   0.99585841     6.9620969      1.4936958      6.9390525    
  15670000   0.99805296     6.9791263      1.4969874      6.9544413    
  15680000   1.0017922      6.9716489      1.5025959      6.9487205    
  15690000   1.0016049      6.9746005      1.502315       6.9489412    
  15700000   1.0051992      6.9793303      1.5077062      6.9555035    
  15710000   1.0020169      6.982845       1.502933       6.9587529    
  15720000   1.0065859      6.9877865      1.509786       6.9644618    
  15730000   1.0071582      6.9793102      1.5106445      6.9557138    
  15740000   0.99660204     6.9703088      1.4948112      6.9466315    
  15750000   0.99354274     6.9782973      1.4902225      6.9542297    
  15760000   1.0047249      6.9783055      1.5069947      6.9527504    
  15770000   0.98573943     6.9802627      1.4785183      6.9583822    
  15780000   0.98701797     6.9693938      1.480436       6.9458782    
  15790000   0.99425123     6.9814429      1.4912852      6.9570258    
  15800000   0.99513534     6.9778206      1.4926113      6.9549565    
  15810000   0.99839489     6.9704468      1.4975003      6.9463799    
  15820000   1.005471       6.9856942      1.5081138      6.9612938    
  15830000   1.0046556      6.9793973      1.5068908      6.9559168    
  15840000   0.99617209     6.9815204      1.4941663      6.9566893    
  15850000   1.0093773      6.9780611      1.5139729      6.9537892    
  15860000   1.0043024      6.9815235      1.5063609      6.9557339    
  15870000   1.005556       6.9799559      1.5082412      6.9549321    
  15880000   1.0073083      6.9781461      1.5108695      6.9556156    
  15890000   0.99487823     6.9757522      1.4922256      6.9512973    
  15900000   0.99152813     6.9748412      1.4872008      6.9500973    
  15910000   0.99251053     6.9788099      1.4886743      6.955553     
  15920000   0.99637943     6.9681648      1.4944773      6.9448773    
  15930000   1.0007356      6.9833899      1.5010111      6.9577981    
  15940000   0.99354869     6.9836655      1.4902314      6.9606059    
  15950000   0.99804229     6.9766964      1.4969714      6.9528286    
  15960000   0.99903159     6.973883       1.4984553      6.9504076    
  15970000   0.99863251     6.9742704      1.4978567      6.949791     
  15980000   1.0035776      6.9780902      1.5052739      6.954892     
  15990000   0.99422657     6.9814374      1.4912482      6.9568359    
  16000000   0.98675287     6.9875114      1.4800383      6.9656525    
  16010000   0.98985057     6.9634686      1.4846846      6.9396099    
  16020000   0.98550402     6.9712119      1.4781652      6.9457342    
  16030000   0.99405153     6.9758149      1.4909856      6.951951     
  16040000   0.99691751     6.9766251      1.4952844      6.9517033    
  16050000   0.98430551     6.9669196      1.4763675      6.9441923    
  16060000   0.98615187     6.9644445      1.4791369      6.9410916    
  16070000   0.98672632     6.9799899      1.4799985      6.9547294    
  16080000   0.99425779     6.977414       1.491295       6.9528251    
  16090000   1.0017402      6.9861609      1.5025179      6.96108      
  16100000   1.0034592      6.9772597      1.5050963      6.952413     
  16110000   0.99945342     6.978153       1.499088       6.9570655    
  16120000   1.0007171      6.9736461      1.5009834      6.9485185    
  16130000   0.99965103     6.9733547      1.4993844      6.9517304    
  16140000   0.99683134     6.970541       1.4951551      6.9457583    
  16150000   0.98695118     6.9818457      1.4803358      6.9599371    
  16160000   1.004226       6.9675038      1.5062465      6.9425088    
  16170000   1.0071094      6.9797592      1.5105712      6.9558441    
  16180000   0.99895091     6.9736361      1.4983343      6.9518582    
  16190000   1.0072227      6.9683415      1.5107411      6.9442827    
  16200000   0.98962975     6.9748179      1.4843534      6.9500066    
  16210000   0.99072371     6.9802013      1.4859942      6.9561342    
  16220000   0.98864277     6.9783659      1.482873       6.9542454    
  16230000   0.99813146     6.986893       1.4971052      6.9629388    
  16240000   1.0008823      6.97732        1.5012312      6.952504     
  16250000   0.99707784     6.9719643      1.4955248      6.9485136    
  16260000   1.0001656      6.9727444      1.5001562      6.9490542    
  16270000   0.99900778     6.9766237      1.4984196      6.9519741    
  16280000   1.0069958      6.9706542      1.5104009      6.94613      
  16290000   0.99758918     6.9802138      1.4962918      6.9541985    
  16300000   0.99431274     6.9751565      1.4913774      6.9522175    
  16310000   0.99219586     6.9741236      1.4882023      6.9498137    
  16320000   0.9937613      6.9765246      1.4905503      6.9511376    
  16330000   0.98570617     6.9896447      1.4784684      6.9627096    
  16340000   1.0026039      6.968211       1.5038135      6.9450889    
  16350000   0.99220968     6.9714404      1.488223       6.9471534    
  16360000   1.0102385      6.9589467      1.5152646      6.9358859    
  16370000   1.0062795      6.9652862      1.5093265      6.9418472    
  16380000   1.0022901      6.9720208      1.5033428      6.9478729    
  16390000   0.9952259      6.9706753      1.4927471      6.9447225    
  16400000   0.99469946     6.9654862      1.4919575      6.9421423    
  16410000   0.99379977     6.9697493      1.490608       6.9447313    
  16420000   0.98524595     6.9730977      1.4777781      6.9476717    
  16430000   0.99198496     6.9593454      1.487886       6.9363008    
  16440000   0.99193847     6.9703265      1.4878163      6.9482599    
  16450000   0.9978157      6.9735366      1.4966316      6.9490318    
  16460000   1.0013873      6.9784447      1.5019886      6.9557024    
  16470000   0.99235112     6.9892667      1.4884352      6.9647177    
  16480000   1.0074749      6.972874       1.5111195      6.9472698    
  16490000   1.0110603      6.9857172      1.5164972      6.9605579    
  16500000   1.0008925      6.969251       1.5012465      6.9456499    
  16510000   0.99788258     6.9695522      1.4967319      6.9475027    
  16520000   1.0009247      6.9761149      1.5012948      6.951959     
  16530000   0.99646274     6.9825802      1.4946022      6.9586533    
  16540000   0.99382165     6.9791485      1.4906408      6.9558475    
  16550000   0.99784589     6.9680437      1.4966768      6.9448701    
  16560000   0.99337922     6.9661234      1.4899772      6.9425541    
  16570000   0.99623502     6.9746826      1.4942607      6.9508714    
  16580000   0.99165107     6.9713184      1.4873852      6.9497847    
  16590000   0.99882788     6.9652153      1.4981497      6.9420291    
  16600000   1.0059459      6.9737352      1.508826       6.9512131    
  16610000   1.0031912      6.9751236      1.5046942      6.951176     
  16620000   0.99914886     6.9749585      1.4986312      6.9507967    
  16630000   0.99669044     6.9770702      1.4949438      6.9544247    
  16640000   0.99849173     6.9713594      1.4976455      6.9459393    
  16650000   1.0022909      6.9694725      1.503344       6.9477214    
  16660000   0.9984922      6.9776107      1.4976462      6.9556489    
  16670000   0.99600552     6.9811698      1.4939165      6.9550909    
  16680000   1.0073885      6.9811836      1.5109898      6.9582476    
  16690000   1.0126933      6.9785804      1.5189465      6.953071     
  16700000   1.013059       6.9703399      1.5194951      6.9483154    
  16710000   1.0050038      6.9757676      1.5074131      6.9505508    
  16720000   1.0117384      6.9767667      1.5175143      6.9516778    
  16730000   0.99837314     6.9779088      1.4974677      6.9530518    
  16740000   0.99942605     6.9843579      1.4990469      6.9603261    
  16750000   0.98882154     6.9760608      1.4831412      6.9528714    
  16760000   1.0060838      6.963342       1.509033       6.9384766    
  16770000   0.9927689      6.9794768      1.4890618      6.9542187    
  16780000   0.99318246     6.9726527      1.4896821      6.9478405    
  16790000   0.9871622      6.9833479      1.4806523      6.9585493    
  16800000   0.99982712     6.9736441      1.4996485      6.9497351    
  16810000   1.0005977      6.9711531      1.5008043      6.946183     
  16820000   1.004782       6.9689034      1.5070803      6.945827     
  16830000   1.0015336      6.973998       1.5022081      6.9496428    
  16840000   1.0015214      6.9744762      1.5021898      6.9518145    
  16850000   1.0098985      6.9696567      1.5147546      6.9467655    
  16860000   1.0065657      6.978322       1.5097558      6.9535698    
  16870000   0.99815651     6.9802268      1.4971427      6.9558221    
  16880000   0.99918414     6.9762363      1.4986841      6.950494     
  16890000   0.99847066     6.9708821      1.4976139      6.9477828    
  16900000   0.99010075     6.9763772      1.4850598      6.9517513    
  16910000   1.0121863      6.9581485      1.5181862      6.9348698    
  16920000   1.0046538      6.9672047      1.5068881      6.9430102    
  16930000   0.99948953     6.9772453      1.4991421      6.9540079    
  16940000   1.0080582      6.9701374      1.5119944      6.9468552    
  16950000   1.001632       6.9773219      1.5023557      6.9534318    
  16960000   0.99457413     6.9723302      1.4917695      6.9472267    
  16970000   0.98938077     6.9783979      1.4839799      6.9531905    
  16980000   0.99168236     6.9803216      1.4874321      6.9558258    
  16990000   0.99973033     6.9841653      1.4995033      6.9597471    
  17000000   1.0010599      6.9782041      1.5014975      6.9573771    
  17010000   0.99731991     6.9856629      1.4958879      6.9628107    
  17020000   0.99473403     6.9815734      1.4920093      6.9596612    
  17030000   0.9885376      6.9707195      1.4827153      6.948708     
  17040000   0.99762129     6.9658739      1.49634        6.9440154    
  17050000   0.99499625     6.9817279      1.4924026      6.9578203    
  17060000   0.99316374     6.9886834      1.489654       6.9625889    
  17070000   1.0035026      6.9699312      1.5051614      6.9478236    
  17080000   0.99371759     6.9686928      1.4904848      6.9452099    
  17090000   1.0009681      6.9665494      1.5013598      6.9425089    
  17100000   0.99111861     6.9604974      1.4865865      6.934735     
  17110000   0.99341316     6.9660783      1.4900281      6.9427188    
  17120000   0.99726454     6.977986       1.4958049      6.9555355    
  17130000   0.98956828     6.9824858      1.4842612      6.9586768    
  17140000   0.98857795     6.972063       1.4827758      6.9495335    
  17150000   0.99584377     6.9747799      1.4936738      6.9507069    
  17160000   1.001679       6.972661       1.5024261      6.9486199    
  17170000   1.0072123      6.9767662      1.5107256      6.9525807    
  17180000   1.0017688      6.9831587      1.5025608      6.9570682    
  17190000   1.0047312      6.9747628      1.5070041      6.9501247    
  17200000   0.99899735     6.968642       1.4984039      6.9440334    
  17210000   0.99802161     6.9728405      1.4969404      6.94838      
  17220000   0.99444245     6.979362       1.491572       6.9561603    
  17230000   0.99127475     6.9752799      1.4868207      6.9499019    
  17240000   0.98936778     6.9775467      1.4839605      6.9530492    
  17250000   1.0048791      6.9792211      1.507226       6.9554501    
  17260000   1.0030303      6.9840046      1.5044529      6.9586761    
  17270000   0.99953134     6.9679041      1.4992049      6.9427595    
  17280000   0.99203836     6.9787954      1.4879661      6.9528913    
  17290000   0.99010974     6.9764385      1.4850733      6.9519348    
  17300000   1.0033746      6.9642149      1.5049694      6.9402703    
  17310000   1.0078163      6.9631229      1.5116315      6.940505     
  17320000   0.99670858     6.9716424      1.494971       6.9454671    
  17330000   0.99875495     6.9715549      1.4980403      6.9482734    
  17340000   0.99981106     6.9868223      1.4996244      6.9632807    
  17350000   1.0015228      6.9860211      1.5021919      6.9647399    
  17360000   0.99830962     6.9744715      1.4973724      6.9515048    
  17370000   0.99094975     6.9676462      1.4863333      6.9449213    
  17380000   0.99824721     6.969504       1.4972788      6.9437981    
  17390000   0.99165484     6.9805635      1.4873908      6.9567276    
  17400000   0.99084281     6.977661       1.4861729      6.952686     
  17410000   1.0003216      6.9689823      1.5003902      6.9469958    
  17420000   1.0002058      6.9631822      1.5002164      6.9409781    
  17430000   0.99329072     6.9760053      1.4898445      6.9550112    
  17440000   0.99417629     6.984291       1.4911728      6.9586082    
  17450000   0.99738495     6.9837733      1.4959855      6.9591313    
  17460000   0.99499843     6.9657556      1.4924059      6.943162     
  17470000   0.98535138     6.9762018      1.4779362      6.9513738    
  17480000   1.001922       6.9692895      1.5027906      6.94312      
  17490000   1.0022794      6.976212       1.5033267      6.9527896    
  17500000   1.007199       6.9686447      1.5107056      6.9449117    
  17510000   1.0084054      6.9677187      1.5125152      6.9427615    
  17520000   1.0085228      6.9906354      1.5126912      6.9661364    
  17530000   1.0093093      6.9707229      1.5138709      6.9447574    
  17540000   0.99942606     6.9923748      1.499047       6.9659377    
  17550000   0.99767597     6.9809587      1.496422       6.9570367    
  17560000   0.99691203     6.9796731      1.4952761      6.9563421    
  17570000   1.0102442      6.9822884      1.5152731      6.9583779    
  17580000   1.001687       6.9799007      1.5024381      6.9548689    
  17590000   1.0082326      6.9828906      1.5122559      6.9625932    
  17600000   1.0047806      6.9686115      1.5070782      6.9472839    
  17610000   1.0106442      6.9771601      1.5158732      6.9508739    
  17620000   1.0010824      6.9824594      1.5015313      6.9587118    
  17630000   0.99971723     6.9677292      1.4994837      6.9439966    
  17640000   1.003106       6.9725613      1.5045666      6.951263     
  17650000   0.98871329     6.9925449      1.4829788      6.9683534    
  17660000   1.0004486      6.985788       1.5005806      6.9594345    
  17670000   0.99714315     6.97349        1.4956228      6.9515204    
  17680000   0.99818089     6.9740152      1.4971793      6.9516009    
  17690000   1.0033033      6.9748211      1.5048624      6.9495652    
  17700000   1.0075567      6.9581006      1.5112422      6.934621     
  17710000   0.99697309     6.9787961      1.4953677      6.9552922    
  17720000   0.99963001     6.9785264      1.4993529      6.9558466    
  17730000   1.0012067      6.970308       1.5017178      6.9454366    
  17740000   0.99745998     6.9727055      1.496098       6.9493717    
  17750000   0.99497831     6.9773024      1.4923757      6.9554486    
  17760000   1.0040478      6.9663471      1.5059792      6.9426337    
  17770000   0.99639006     6.9735411      1.4944932      6.9499579    
  17780000   0.99879231     6.9835246      1.4980964      6.9602427    
  17790000   1.0070455      6.9660994      1.5104754      6.9436032    
  17800000   1.0048797      6.9855335      1.5072269      6.9613392    
  17810000   0.99677329     6.9951385      1.495068       6.9706826    
  17820000   0.99944953     6.9844479      1.4990822      6.9600546    
  17830000   0.98662637     6.976804       1.4798486      6.9540145    
  17840000   0.99953978     6.9670102      1.4992175      6.9408122    
  17850000   1.0017732      6.975082       1.5025674      6.9529422    
  17860000   0.99741879     6.9657153      1.4960362      6.9407388    
  17870000   0.99902828     6.9773266      1.4984503      6.952781     
  17880000   1.0086646      6.9693223      1.512904       6.9447657    
  17890000   1.0053833      6.9775712      1.5079822      6.9522484    
  17900000   1.0007348      6.9694149      1.5010099      6.9469849    
  17910000   0.99976884     6.9701609      1.4995611      6.9459813    
  17920000   0.99283502     6.9658383      1.489161       6.9426796    
  17930000   0.99072981     6.9794727      1.4860034      6.9551137    
  17940000   0.9969733      6.9782356      1.495368       6.9547569    
  17950000   0.99975412     6.9734771      1.499539       6.9505557    
  17960000   1.0028299      6.9651891      1.5041525      6.9424918    
  17970000   0.99227385     6.9789036      1.4883193      6.9550985    
  17980000   0.97999189     6.9707386      1.4698975      6.9475316    
  17990000   0.99279588     6.9670221      1.4891023      6.944866     
  18000000   0.99913805     6.9762592      1.498615       6.9520282    
  18010000   1.0050778      6.9650726      1.5075241      6.9388644    
  18020000   0.9931761      6.9718101      1.4896726      6.9490461    
  18030000   1.0044         6.9777791      1.5065074      6.9529693    
  18040000   0.99703493     6.9728867      1.4954605      6.9497643    
  18050000   0.99699765     6.9691199      1.4954046      6.9446241    
  18060000   0.99409789     6.9734589      1.4910552      6.9473552    
  18070000   0.99843637     6.9626674      1.4975625      6.9394576    
  18080000   0.99190951     6.9814324      1.4877728      6.9579964    
  18090000   0.9858626      6.9816955      1.478703       6.9580826    
  18100000   0.99399025     6.9698521      1.4908937      6.9464991    
  18110000   1.0023939      6.9765059      1.5034985      6.9518713    
  18120000   0.9942187      6.9832206      1.4912364      6.9586816    
  18130000   0.99914945     6.9617892      1.4986321      6.9392337    
  18140000   0.99985714     6.9722128      1.4996935      6.949543     
  18150000   1.0029071      6.9652197      1.5042682      6.9419735    
  18160000   0.99896913     6.9833283      1.4983616      6.957603     
  18170000   1.002755       6.9733197      1.5040401      6.9478567    
  18180000   1.0085049      6.9685292      1.5126643      6.9449804    
  18190000   0.99639887     6.9736743      1.4945064      6.9483185    
  18200000   0.99004047     6.9728005      1.4849694      6.9479695    
  18210000   1.0094014      6.969045       1.514009       6.9454128    
  18220000   0.99941619     6.9822973      1.4990321      6.9591911    
  18230000   1.0053782      6.9773975      1.5079746      6.955915     
  18240000   0.998565       6.9721461      1.4977554      6.9473389    
  18250000   1.0049429      6.9664283      1.5073217      6.9421751    
  18260000   1.005681       6.9782992      1.5084287      6.9556129    
  18270000   1.00413        6.9802454      1.5061024      6.9568457    
  18280000   1.0015197      6.9850834      1.5021872      6.9591699    
  18290000   0.99701065     6.9816975      1.4954241      6.9587651    
  18300000   0.98257613     6.9823188      1.4737736      6.9594532    
  18310000   0.99274132     6.9770727      1.4890205      6.9543269    
  18320000   0.99290961     6.9748072      1.4892729      6.9514088    
  18330000   1.0067677      6.9734823      1.5100588      6.9463065    
  18340000   0.99537387     6.9721373      1.492969       6.9479809    
  18350000   0.99873082     6.9743939      1.4980042      6.9501321    
  18360000   1.0057546      6.9791292      1.5085392      6.9564732    
  18370000   1.0067755      6.9778366      1.5100704      6.9537355    
  18380000   1.0002239      6.9769539      1.5002437      6.9540342    
  18390000   0.99388476     6.9906149      1.4907355      6.9670086    
  18400000   0.99695325     6.9771822      1.495338       6.9506971    
  18410000   0.99627057     6.9732963      1.494314       6.9477876    
  18420000   0.99276163     6.9611788      1.4890509      6.9388504    
  18430000   0.99097941     6.9743286      1.4863778      6.9497508    
  18440000   0.99241897     6.9729083      1.488537       6.9507686    
  18450000   0.99186825     6.9727279      1.4877109      6.950179     
  18460000   1.0000673      6.9744583      1.5000087      6.9504135    
  18470000   0.99654658     6.9773803      1.494728       6.9559377    
  18480000   1.007959       6.9771658      1.5118455      6.9532696    
  18490000   0.99720559     6.9850571      1.4957164      6.9606468    
  18500000   0.99015921     6.9680347      1.4851475      6.9430708    
  18510000   0.99386228     6.9756222      1.4907018      6.9503585    
  18520000   0.98853372     6.9866377      1.4827094      6.9620944    
  18530000   1.002218       6.974963       1.5032347      6.9498836    
  18540000   1.0032383      6.9660306      1.504765       6.9416662    
  18550000   1.0105244      6.9686483      1.5156935      6.9448727    
  18560000   1.0132291      6.9743944      1.5197502      6.9491481    
  18570000   1.0118977      6.99225        1.5177532      6.9666678    
  18580000   1.0116002      6.9804145      1.517307       6.957323     
  18590000   1.0058828      6.9693401      1.5087314      6.9463625    
  18600000   1.0091708      6.9711481      1.5136632      6.9471258    
  18610000   0.99845374     6.9802601      1.4975886      6.9547695    
  18620000   0.99952477     6.9770269      1.499195       6.9538901    
  18630000   0.98696313     6.9704098      1.4803537      6.9450042    
  18640000   0.99512905     6.9674832      1.4926018      6.9453786    
  18650000   1.00399        6.9725843      1.5058925      6.9489081    
  18660000   0.99910567     6.9725139      1.4985664      6.9481586    
  18670000   1.0040152      6.9700774      1.5059303      6.9463039    
  18680000   1.0008513      6.9735598      1.5011847      6.9504341    
  18690000   0.99530693     6.9864472      1.4928686      6.9628678    
  18700000   1.0010205      6.9727307      1.5014384      6.9509886    
  18710000   0.99654117     6.9775871      1.4947199      6.9545711    
  18720000   1.0005614      6.9772368      1.5007498      6.9520032    
  18730000   1.0006189      6.9652605      1.5008361      6.9437206    
  18740000   1.0010375      6.9709666      1.5014639      6.9472189    
  18750000   1.0046689      6.9653201      1.5069107      6.9413321    
  18760000   1.0007894      6.98375        1.5010918      6.9600613    
  18770000   1.0009067      6.9690305      1.5012678      6.9470994    
  18780000   0.99391716     6.978557       1.4907841      6.9531497    
  18790000   0.99139974     6.9805532      1.4870082      6.9573723    
  18800000   0.99775136     6.978394       1.496535       6.9540106    
  18810000   0.98548252     6.9888474      1.4781329      6.9642607    
  18820000   0.99808022     6.9824939      1.4970283      6.9592315    
  18830000   0.99619511     6.9745458      1.4942008      6.9524025    
  18840000   1.0072837      6.9584967      1.5108326      6.9337484    
  18850000   0.99065914     6.9653551      1.4858974      6.9433703    
  18860000   0.98437671     6.9817376      1.4764743      6.9561885    
  18870000   0.99801551     6.9688927      1.4969313      6.9457072    
  18880000   0.99701297     6.9752771      1.4954275      6.9490871    
  18890000   0.98993146     6.9765789      1.4848059      6.9523262    
  18900000   0.99422605     6.9700896      1.4912474      6.9490632    
  18910000   0.9973699      6.971801       1.4959629      6.9475674    
  18920000   0.9915846      6.9854461      1.4872855      6.9593575    
  18930000   0.99791738     6.9744209      1.4967841      6.9512421    
  18940000   0.99750724     6.9841723      1.4961689      6.9594843    
  18950000   1.0007028      6.9805065      1.500962       6.9564541    
  18960000   0.99867482     6.9794566      1.4979202      6.9562048    
  18970000   0.99469789     6.972831       1.4919551      6.9493935    
  18980000   0.99461374     6.9761769      1.4918289      6.9517189    
  18990000   1.0050673      6.963775       1.5075082      6.9404445    
  19000000   0.99887593     6.9861424      1.4982218      6.96074      
  19010000   1.0027174      6.9769013      1.5039836      6.9540854    
  19020000   1.0005901      6.9777864      1.5007929      6.9533257    
  19030000   0.99498699     6.9748488      1.4923888      6.9488494    
  19040000   0.99867678     6.9691537      1.4979231      6.9481926    
  19050000   0.99087846     6.9720602      1.4862263      6.9498096    
  19060000   1.0018796      6.9640116      1.502727       6.9404542    
  19070000   0.98979489     6.9855687      1.4846011      6.9614194    
  19080000   0.99678547     6.9741656      1.4950863      6.9484841    
  19090000   1.0030803      6.9766621      1.504528       6.9542725    
  19100000   1.0093783      6.9772136      1.5139744      6.9506257    
  19110000   1.0034692      6.9884885      1.5051113      6.9661721    
  19120000   0.99994961     6.9820432      1.4998322      6.9592276    
  19130000   1.0105435      6.9747986      1.515722       6.952399     
  19140000   0.99704665     6.9766362      1.495478       6.9522507    
  19150000   0.99867769     6.9719741      1.4979245      6.9484366    
  19160000   0.99872656     6.9723646      1.4979978      6.9482195    
  19170000   0.99778107     6.9728011      1.4965796      6.949772     
  19180000   1.0032976      6.9747555      1.5048539      6.9523688    
  19190000   1.0100515      6.9721645      1.5149841      6.9493632    
  19200000   1.0051744      6.9785323      1.5076689      6.9548337    
  19210000   1.0007248      6.9704559      1.5009949      6.9437808    
  19220000   1.0067344      6.976879       1.5100087      6.9523478    
  19230000   1.0120902      6.9873709      1.518042       6.9627103    
  19240000   1.0075488      6.9885603      1.5112304      6.9656529    
  19250000   0.99880741     6.9769669      1.498119       6.9541661    
  19260000   0.99692037     6.9847116      1.4952886      6.9584831    
  19270000   0.99944575     6.968725       1.4990765      6.9466014    
  19280000   0.99337033     6.9707743      1.4899639      6.9485512    
  19290000   0.99633624     6.9761961      1.4944125      6.9511418    
  19300000   1.0005347      6.9690721      1.5007097      6.945125     
  19310000   1.0036217      6.9702042      1.50534        6.9483487    
  19320000   0.99456973     6.9647971      1.4917629      6.9421014    
  19330000   0.99096182     6.9855643      1.4863514      6.9593097    
  19340000   0.99919162     6.9757617      1.4986953      6.9520498    
  19350000   1.0010846      6.9769452      1.5015346      6.9531904    
  19360000   0.9935089      6.9761945      1.4901718      6.9515475    
  19370000   0.99729126     6.989071       1.4958449      6.9658943    
  19380000   1.0043137      6.9701083      1.506378       6.9449725    
  19390000   0.99704693     6.9730864      1.4954785      6.9484369    
  19400000   1.009517       6.9821968      1.5141824      6.9566243    
  19410000   1.0036765      6.9851013      1.5054222      6.9626458    
  19420000   1.0033038      6.9727585      1.5048632      6.9486743    
  19430000   1.0088691      6.9828273      1.5132106      6.9585453    
  19440000   1.0136426      6.9862051      1.5203704      6.9629326    
  19450000   1.0151898      6.9784906      1.5226912      6.9552307    
  19460000   1.0077149      6.9806356      1.5114795      6.9564538    
  19470000   0.99820926     6.9863821      1.4972219      6.9596293    
  19480000   1.010342       6.9700097      1.5154198      6.9468499    
  19490000   0.99951717     6.9712405      1.4991836      6.946713     
  19500000   0.99809714     6.9808497      1.4970537      6.9546855    
  19510000   1.008162       6.9743401      1.51215        6.9523215    
  19520000   0.99643643     6.9853568      1.4945628      6.9615071    
  19530000   1.0038506      6.9787314      1.5056834      6.9553426    
  19540000   0.99748717     6.9721241      1.4961388      6.9494696    
  19550000   1.0009027      6.9732229      1.5012618      6.9468715    
  19560000   0.99127446     6.9847968      1.4868203      6.9586783    
  19570000   0.99446744     6.9756933      1.4916095      6.9524751    
  19580000   0.98871236     6.9675969      1.4829774      6.943921     
  19590000   0.99277632     6.9819398      1.4890729      6.9573204    
  19600000   0.99669837     6.9725733      1.4949557      6.9503146    
  19610000   0.99378253     6.9682511      1.4905822      6.9436817    
  19620000   0.99718557     6.9641067      1.4956864      6.9401302    
  19630000   0.99881883     6.9744032      1.4981362      6.9534083    
  19640000   0.99544225     6.9709687      1.4930716      6.9462047    
  19650000   0.989768       6.9780223      1.4845607      6.9541452    
  19660000   0.99169159     6.9674892      1.487446       6.9425942    
  19670000   1.0104072      6.9732979      1.5155176      6.948321     
  19680000   1.0002539      6.9782661      1.5002887      6.9564449    
  19690000   1.0061474      6.9659736      1.5091283      6.941661     
  19700000   0.99945037     6.9785297      1.4990834      6.9558159    
  19710000   1.0087521      6.9677403      1.5130352      6.9433582    
  19720000   1.000746       6.9884527      1.5010268      6.9616998    
  19730000   0.99810401     6.9790596      1.497064       6.9570883    
  19740000   0.99539562     6.9769143      1.4930017      6.9529856    
  19750000   1.0036488      6.9727731      1.5053807      6.9489887    
  19760000   1.0033364      6.9889841      1.5049121      6.9643033    
  19770000   0.99829248     6.973351       1.4973467      6.9497985    
  19780000   0.99824999     6.9777782      1.497283       6.9518038    
  19790000   0.99321418     6.9755111      1.4897297      6.9524339    
  19800000   1.0061209      6.9761038      1.5090885      6.9530326    
  19810000   0.99925482     6.9794049      1.4987901      6.954654     
  19820000   1.003736       6.9623215      1.5055115      6.9403083    
  19830000   0.99993291     6.9663067      1.4998072      6.9432455    
  19840000   0.98870259     6.9719185      1.4829627      6.9481892    
  19850000   0.99333824     6.9695398      1.4899158      6.9474298    
  19860000   0.9922029      6.9721483      1.4882129      6.9486319    
  19870000   1.0070997      6.9720796      1.5105567      6.949978     
  19880000   1.0088596      6.9834596      1.5131964      6.9597549    
  19890000   1.0019181      6.9617204      1.5027848      6.9387841    
  19900000   0.99742021     6.9745568      1.4960384      6.9506812    
  19910000   0.99626819     6.9770581      1.4943104      6.9530568    
  19920000   0.99508099     6.9711841      1.4925297      6.945571     
  19930000   0.99582345     6.9779087      1.4936434      6.9549415    
  19940000   0.98805637     6.9761958      1.4819935      6.9519027    
  19950000   0.99871571     6.9612012      1.4979815      6.9376399    
  19960000   0.99555204     6.976024       1.4932363      6.9541614    
  19970000   1.0044533      6.9802602      1.5065873      6.9575763    
  19980000   0.9970093      6.9837487      1.495422       6.9598103    
  19990000   1.0010856      6.968634       1.5015361      6.9439909    
  20000000   0.99452569     6.9836915      1.4916969      6.9577295    
  20010000   1.0119533      6.9736852      1.5178367      6.9499676    
  20020000   1.0101979      6.9685872      1.5152038      6.943737     
  20030000   1.0003578      6.9721702      1.5004445      6.9467147    
  20040000   1.0043526      6.9760975      1.5064364      6.9530531    
  20050000   0.99758035     6.9807213      1.4962786      6.9585636    
  20060000   0.99916437     6.9788061      1.4986544      6.9536162    
  20070000   1.0097903      6.9778183      1.5145923      6.9552575    
  20080000   0.99603386     6.9810936      1.493959       6.9580948    
  20090000   1.0100405      6.980804       1.5149677      6.9557103    
  20100000   0.99948632     6.9710734      1.4991373      6.9477073    
  20110000   0.98488916     6.9756943      1.4772429      6.9512935    
Loop time of 40224.3 on 1 procs for 20000000 steps with 16270 atoms

Performance: 214795.293 tau/day, 497.211 timesteps/s
100.0% CPU use with 1 MPI tasks x 1 OpenMP threads

MPI task timing breakdown:
Section |  min time  |  avg time  |  max time  |%varavg| %total
---------------------------------------------------------------
Pair    | 3514.4     | 3514.4     | 3514.4     |   0.0 |  8.74
Bond    | 3876.2     | 3876.2     | 3876.2     |   0.0 |  9.64
Neigh   | 17151      | 17151      | 17151      |   0.0 | 42.64
Comm    | 737.85     | 737.85     | 737.85     |   0.0 |  1.83
Output  | 0.98302    | 0.98302    | 0.98302    |   0.0 |  0.00
Modify  | 14530      | 14530      | 14530      |   0.0 | 36.12
Other   |            | 413.8      |            |       |  1.03

Nlocal:          16270 ave       16270 max       16270 min
Histogram: 1 0 0 0 0 0 0 0 0 0
Nghost:           5173 ave        5173 max        5173 min
Histogram: 1 0 0 0 0 0 0 0 0 0
Neighs:          11703 ave       11703 max       11703 min
Histogram: 1 0 0 0 0 0 0 0 0 0

Total # of neighbors = 11703
Ave neighs/atom = 0.71929932
Ave special neighs/atom = 1.9176398
Neighbor list builds = 1804104
Dangerous builds = 297941


write_data data*.xyz
System init for write_data ...
Generated 0 of 1 mixed pair_coeff terms from geometric mixing rule
WARNING: Not all mixed pair coeffs generated from mixing. Use write_data with 'pair ij' option to store all pair coeffs. (src/write_data.cpp:309)
write_restart 	restart.polymer_ring
System init for write_restart ...
Generated 0 of 1 mixed pair_coeff terms from geometric mixing rule

print "ALL done"
ALL done
Total wall time: 11:10:34
