
pair_style      lj/cut 4.0
pair_modify     shift yes
read_restart    prod.restart1
Reading restart file ...
  restart file = 23 Jun 2022, LAMMPS = 23 Jun 2022
  restoring atom style bond from restart
  orthogonal box = (-40 -40 -35) to (40 40 35)
  1 by 1 by 1 MPI processor grid
  restoring pair style lj/cut from restart
  restoring bond style fene from restart
  30000 atoms
  28800 bonds
Finding 1-2 1-3 1-4 neighbors ...
  special bond factors lj:    0        1        1       
  special bond factors coul:  0        1        1       
     2 = max # of 1-2 neighbors
     6 = max # of special neighbors
  special bonds CPU = 0.007 seconds
  read_restart CPU = 0.017 seconds

bond_style      fene
special_bonds   fene
bond_coeff      1 10.0 2.0 1.0 1.0

group polymerA type 1
15000 atoms in group polymerA
group polymerB type 2
15000 atoms in group polymerB
group receptorC type 3
0 atoms in group receptorC
group receptorD type 4
0 atoms in group receptorD
group polymer union polymerA polymerB
30000 atoms in group polymer
group ligand union receptorC receptorD
0 atoms in group ligand

# Polymer-Polymer
pair_coeff 1 1 0.5 1.0 2.5      # A-A
pair_coeff 2 2 0.5 1.0 2.5      # B-B
pair_coeff 1 2 0.25 1.0 2.5     # A-B

# Polymer-Receptor
pair_coeff 1 3 50.0 1.0 4.0     # A-C
pair_coeff 1 4 50.0 1.0 1.1225  # A-D
pair_coeff 2 3 50.0 1.0 1.1225  # B-C
pair_coeff 2 4 50.0 1.0 4.0     # B-D

# Receptor-Receptor
pair_coeff 3 3 1.0 1.0 1.1225
pair_coeff 4 4 1.0 1.0 1.1225
pair_coeff 3 4 1.0 1.0 1.1225

neighbor        1.0 bin

region upper_box block -40 40 -40 40 32.2 34.8
create_atoms 3 random 100 998273 upper_box   # receptor C
Created 100 atoms
  using lattice units in orthogonal box = (-40 -40 -35) to (40 40 35)
  create_atoms CPU = 0.000 seconds
create_atoms 4 random 100 123456 upper_box   # receptor D
Created 100 atoms
  using lattice units in orthogonal box = (-40 -40 -35) to (40 40 35)
  create_atoms CPU = 0.000 seconds

group receptorC type 3
100 atoms in group receptorC
group receptorD type 4
100 atoms in group receptorD
group ligand union receptorC receptorD
200 atoms in group ligand

fix wall_poly polymer wall/lj126 zlo -32 1.0 1.0 1.1225 zhi 32 1.0 1.0 1.1225

fix wall_lig ligand wall/lj126 zlo 32 1.0 1.0 1.1225 zhi 35 1.0 1.0 1.1225

#minimize 1.0e-4 1.0e-6 100 1000

fix 3 all nve/limit 0.01
run 10000
Generated 0 of 6 mixed pair_coeff terms from geometric mixing rule
Neighbor list info ...
  update every 1 steps, delay 10 steps, check yes
  max neighbors/atom: 2000, page size: 100000
  master list distance cutoff = 5
  ghost atom cutoff = 5
  binsize = 2.5, bins = 32 32 28
  1 neighbor lists, perpetual/occasional/extra = 1 0 0
  (1) pair lj/cut, perpetual
      attributes: half, newton on
      pair build: half/bin/newton
      stencil: half/bin/3d
      bin: standard
Per MPI rank memory allocation (min/avg/max) = 23.05 | 23.05 | 23.05 Mbytes
   Step          Temp          E_pair         E_mol          TotEng         Press     
     20000   0.9894267      3.6776519      8.03603        13.197773      3.0147467    
     30000   0.24257766    -2.02963        6.4206796      4.754904      -0.0016904287 
Loop time of 143.203 on 1 procs for 10000 steps with 30200 atoms

Performance: 30167.016 tau/day, 69.831 timesteps/s
100.0% CPU use with 1 MPI tasks x 1 OpenMP threads

MPI task timing breakdown:
Section |  min time  |  avg time  |  max time  |%varavg| %total
---------------------------------------------------------------
Pair    | 125.44     | 125.44     | 125.44     |   0.0 | 87.60
Bond    | 3.2849     | 3.2849     | 3.2849     |   0.0 |  2.29
Neigh   | 10.727     | 10.727     | 10.727     |   0.0 |  7.49
Comm    | 0.28434    | 0.28434    | 0.28434    |   0.0 |  0.20
Output  | 0.00013343 | 0.00013343 | 0.00013343 |   0.0 |  0.00
Modify  | 2.6948     | 2.6948     | 2.6948     |   0.0 |  1.88
Other   |            | 0.7731     |            |       |  0.54

Nlocal:          30200 ave       30200 max       30200 min
Histogram: 1 0 0 0 0 0 0 0 0 0
Nghost:           7280 ave        7280 max        7280 min
Histogram: 1 0 0 0 0 0 0 0 0 0
Neighs:    1.77228e+06 ave 1.77228e+06 max 1.77228e+06 min
Histogram: 1 0 0 0 0 0 0 0 0 0

Total # of neighbors = 1772282
Ave neighs/atom = 58.684834
Ave special neighs/atom = 1.9072848
Neighbor list builds = 197
Dangerous builds = 0
unfix 3

fix 3 all nve
fix 4 all langevin 1 1 1.0 90428

thermo_style    custom step temp pe ke ebond
thermo_modify   flush yes
thermo          10000
timestep        0.005

dump 1 all custom 50000 file_trajectory.bin id type x y z xu yu zu vx vy vz

restart 100000 prod.restart2 prod.restart3
run 20000000
Generated 0 of 6 mixed pair_coeff terms from geometric mixing rule
Per MPI rank memory allocation (min/avg/max) = 27.09 | 27.09 | 27.09 Mbytes
   Step          Temp          PotEng         KinEng         E_bond    
     30000   0.24257766     4.3910496      0.36385444     6.4206796    
     40000   1.004389       6.086379       1.5065336      6.8881641    
     50000   1.0034992      6.105327       1.5051989      6.8761388    
     60000   1.0033288      6.124517       1.5049434      6.8852463    
     70000   1.0054109      6.1249401      1.5080664      6.8871685    
     80000   1.0005332      6.1242546      1.5007502      6.886817     
     90000   1.0003713      6.1193764      1.5005072      6.8782497    
    100000   1.0044021      6.1362026      1.5065533      6.889373     
    110000   0.9953891      6.14316        1.4930342      6.8889888    
    120000   0.99744426     6.1211418      1.4961169      6.8816344    
    130000   0.99919089     6.1410486      1.4987367      6.8871689    
    140000   0.99847632     6.1380284      1.4976649      6.8829614    
    150000   0.99659204     6.136012       1.4948386      6.8902586    
    160000   1.0150596      6.1287467      1.522539       6.8900206    
    170000   1.0007019      6.1332987      1.5010031      6.8832815    
    180000   0.99936019     6.1259352      1.4989907      6.8794896    
    190000   0.99814822     6.1306058      1.4971728      6.8889574    
    200000   1.002622       6.1224594      1.5038833      6.8894465    
    210000   0.99847084     6.1198823      1.4976567      6.8836358    
    220000   0.99421467     6.1219954      1.4912726      6.891611     
    230000   1.0016785      6.1235408      1.502468       6.8860468    
    240000   0.99397342     6.1031129      1.4909108      6.877287     
    250000   1.0002696      6.1167428      1.5003547      6.8906038    
    260000   0.9973426      6.1012991      1.4959644      6.8805302    
    270000   1.002081       6.1119334      1.5030717      6.887813     
    280000   0.99801197     6.1064226      1.4969684      6.8817397    
    290000   1.0007642      6.1041125      1.5010965      6.8782168    
    300000   1.0093837      6.1048505      1.5140254      6.886843     
    310000   1.0076342      6.1022718      1.5114013      6.8843117    
    320000   1.0080657      6.117566       1.5120485      6.888113     
    330000   0.99190218     6.1053419      1.487804       6.8900921    
    340000   1.0006004      6.0945502      1.5008508      6.8843012    
    350000   0.99923019     6.097831       1.4987957      6.8835014    
    360000   1.005173       6.0887965      1.5077096      6.8838597    
    370000   1.0071222      6.1016198      1.5106333      6.8935907    
    380000   0.99821832     6.1131122      1.4972779      6.8888095    
    390000   0.99786178     6.1030787      1.4967431      6.8872026    
    400000   0.99489752     6.0877213      1.4922969      6.8758287    
    410000   0.99498099     6.0835375      1.4924221      6.8841679    
    420000   1.0072297      6.0854431      1.5107945      6.8784967    
    430000   0.99763574     6.1007238      1.4964041      6.8853651    
    440000   1.0038067      6.0931524      1.5056602      6.8885202    
    450000   0.99529405     6.092812       1.4928916      6.8826955    
    460000   0.99775505     6.0875439      1.496583       6.8824938    
    470000   0.99724426     6.0858057      1.4958169      6.8898234    
    480000   1.0065348      6.0804556      1.5097523      6.891045     
    490000   0.99591153     6.0905758      1.4938178      6.8834269    
    500000   0.99158752     6.0881872      1.487332       6.8887563    
    510000   0.99715303     6.0712856      1.49568        6.8786408    
    520000   1.0007263      6.0948745      1.5010397      6.8914044    
    530000   1.0014046      6.0784745      1.5020572      6.8803868    
    540000   0.99792361     6.0785118      1.4968358      6.8802716    
    550000   1.0021693      6.0635344      1.5032042      6.8829816    
    560000   0.99681672     6.0860547      1.4951756      6.8883785    
    570000   0.99758219     6.0782023      1.4963237      6.887249     
    580000   0.99782721     6.0777389      1.4966913      6.8874537    
    590000   0.99377716     6.0707374      1.4906164      6.8839142    
    600000   0.99973977     6.0733146      1.49956        6.8862361    
    610000   0.99992001     6.0556957      1.4998304      6.8789976    
    620000   1.0029852      6.0614447      1.504428       6.8865766    
    630000   0.99183446     6.0660238      1.4877024      6.878786     
    640000   0.98955061     6.0745696      1.4842768      6.8869389    
    650000   1.0053612      6.059001       1.5079918      6.8813121    
    660000   1.0012347      6.0662196      1.5018023      6.8822718    
    670000   1.0030547      6.056861       1.5045322      6.8783398    
    680000   0.99757909     6.0581561      1.4963191      6.8857196    
    690000   1.0026576      6.0615775      1.5039366      6.8835234    
    700000   0.99738492     6.0546203      1.4960278      6.8801764    
    710000   0.99757889     6.051676       1.4963188      6.8929342    
    720000   0.99611096     6.0426598      1.494117       6.8829345    
    730000   0.99970131     6.0536276      1.4995023      6.8834513    
    740000   1.006577       6.0448592      1.5098155      6.8798266    
    750000   1.0027837      6.0567613      1.5041258      6.8824841    
    760000   0.99970408     6.058195       1.4995065      6.8863875    
    770000   1.0034256      6.0519386      1.5050885      6.8761461    
    780000   0.99656278     6.0573041      1.4947947      6.8870536    
    790000   0.9985437      6.0553637      1.497766       6.8807377    
    800000   1.0019014      6.0622879      1.5028023      6.8831591    
    810000   1.0001921      6.0564526      1.5002384      6.8856907    
    820000   1.0027086      6.0756063      1.5040131      6.8875469    
    830000   0.99516049     6.0523101      1.4926913      6.8800415    
    840000   1.0024795      6.0453938      1.5036695      6.8810393    
    850000   0.99921759     6.037257       1.4987768      6.884742     
    860000   0.99599908     6.0599626      1.4939491      6.8855017    
    870000   0.98891952     6.0603324      1.4833302      6.8794127    
    880000   0.99923196     6.0652569      1.4987983      6.878723     
    890000   0.99155829     6.0791033      1.4872882      6.8855781    
    900000   1.0040946      6.0578172      1.5060921      6.879331     
    910000   0.99774808     6.0606331      1.4965726      6.877806     
    920000   0.99457247     6.066656       1.4918093      6.8927911    
    930000   0.99415094     6.0544123      1.491177       6.884328     
    940000   1.0005609      6.0635116      1.5007916      6.8900681    
    950000   1.0017929      6.0455577      1.5026396      6.8830477    
    960000   0.99442402     6.0409036      1.4915866      6.8871828    
    970000   0.99669622     6.0498049      1.4949948      6.8843174    
    980000   1.0044091      6.0406928      1.5065638      6.8819504    
    990000   0.99916425     6.046034       1.4986968      6.8822271    
   1000000   1.0043157      6.0491184      1.5064236      6.883581     
   1010000   1.0116009      6.042206       1.517351       6.8788943    
   1020000   1.0037524      6.0345355      1.5055787      6.8766304    
   1030000   0.99650633     6.0390288      1.49471        6.8857991    
   1040000   0.99915595     6.0336681      1.4986843      6.8770865    
   1050000   0.99844078     6.0531917      1.4976116      6.8902221    
   1060000   1.0021103      6.0642         1.5031157      6.8909457    
   1070000   1.0000196      6.0565398      1.4999797      6.8862951    
   1080000   0.99869761     6.0497505      1.4979968      6.8814482    
   1090000   1.0048763      6.0507801      1.5072646      6.8829641    
   1100000   0.99677624     6.0327168      1.4951149      6.8749521    
   1110000   1.0020101      6.0438143      1.5029654      6.8828292    
   1120000   0.99780664     6.0383732      1.4966604      6.8874759    
   1130000   0.99735522     6.0384031      1.4959833      6.8784064    
   1140000   0.99020765     6.0419645      1.4852623      6.8787204    
   1150000   1.0062305      6.0592662      1.5092957      6.8868017    
   1160000   1.0015633      6.0619583      1.5022952      6.887588     
   1170000   0.99395763     6.0406515      1.4908871      6.8893463    
   1180000   1.0026736      6.0583543      1.5039606      6.8833748    
   1190000   1.0008245      6.0285945      1.501187       6.8767758    
   1200000   1.0040179      6.0366338      1.505977       6.8725052    
   1210000   0.98818928     6.0501629      1.4822348      6.8888201    
   1220000   0.99566944     6.0431629      1.4934547      6.8842093    
   1230000   1.0003781      6.0400286      1.5005174      6.8831742    
   1240000   1.0051698      6.0458102      1.5077047      6.8904044    
   1250000   1.0035051      6.0352136      1.5052078      6.8827635    
   1260000   1.00712        6.0273262      1.51063        6.8824807    
   1270000   0.99966483     6.0148738      1.4994476      6.8768231    
   1280000   0.99765686     6.0377219      1.4964357      6.882851     
   1290000   1.0055652      6.0414335      1.5082978      6.8808217    
   1300000   0.9980059      6.0427331      1.4969593      6.8806462    
   1310000   0.99429345     6.0425848      1.4913908      6.8848878    
   1320000   0.9963282      6.0436615      1.4944428      6.8882947    
   1330000   0.9983545      6.0400463      1.4974822      6.8882358    
   1340000   1.0018155      6.0439127      1.5026735      6.8848908    
   1350000   0.9868068      6.0298751      1.4801612      6.8812094    
   1360000   0.9920188      6.055915       1.4879789      6.8844593    
   1370000   1.0007121      6.0380344      1.5010184      6.8860399    
   1380000   1.0033624      6.0413766      1.5049937      6.8923398    
   1390000   0.99623425     6.0430898      1.4943019      6.8865853    
   1400000   0.99983051     6.0289792      1.4996961      6.8781901    
   1410000   0.99900578     6.0318246      1.498459       6.8853322    
   1420000   0.99929594     6.0564257      1.4988943      6.8897385    
   1430000   1.0008652      6.0423756      1.501248       6.8872845    
   1440000   0.9971592      6.0442517      1.4956893      6.8841872    
   1450000   1.0016841      6.0548237      1.5024763      6.892327     
   1460000   1.0080324      6.0538324      1.5119985      6.8939692    
   1470000   0.99847884     6.043091       1.4976687      6.8760923    
   1480000   0.99506883     6.0435581      1.4925538      6.8877917    
   1490000   0.99808233     6.0603048      1.4970739      6.8891864    
   1500000   0.99360187     6.0398899      1.4903534      6.8797234    
   1510000   0.9978196      6.0399721      1.4966798      6.8825084    
   1520000   1.006208       6.0359182      1.509262       6.891116     
   1530000   1.0011347      6.0332991      1.5016523      6.8755541    
   1540000   1.0002659      6.035073       1.5003492      6.886671     
   1550000   0.99455344     6.0363664      1.4917808      6.8893237    
   1560000   0.99815421     6.0246256      1.4971817      6.8838882    
   1570000   1.0008998      6.034201       1.5013         6.879933     
   1580000   1.0026458      6.0310029      1.503919       6.8897702    
   1590000   1.0019345      6.0288642      1.502852       6.8811499    
   1600000   0.99879559     6.0253569      1.4981438      6.8769559    
   1610000   1.0015801      6.0396255      1.5023203      6.8840028    
   1620000   1.0116953      6.026187       1.5174926      6.8876899    
   1630000   0.99785145     6.0208143      1.4967276      6.8811411    
   1640000   1.0036093      6.0204289      1.505364       6.8784715    
   1650000   1.0018356      6.0245524      1.5027037      6.8811373    
   1660000   1.0071056      6.0193704      1.5106083      6.8832623    
   1670000   0.99791338     6.0247929      1.4968205      6.8892838    
   1680000   0.995134       6.0322982      1.4926516      6.8870581    
   1690000   1.0021455      6.022083       1.5031684      6.8854081    
   1700000   1.0000306      6.0212788      1.4999963      6.8797833    
   1710000   0.99324318     6.0055919      1.4898154      6.8740924    
   1720000   1.0003777      6.0261911      1.5005168      6.8839014    
   1730000   0.99348251     6.0113588      1.4901744      6.8851209    
   1740000   1.0011164      6.0083534      1.5016249      6.8799343    
   1750000   1.0032906      6.0148106      1.5048861      6.8810376    
   1760000   0.99558383     6.0143848      1.4933263      6.8818523    
   1770000   1.00209        6.0213091      1.5030852      6.8910999    
   1780000   0.99956794     6.0142651      1.4993023      6.8835633    
   1790000   0.99899016     6.0287933      1.4984356      6.8843268    
   1800000   0.99641568     6.0258771      1.494574       6.888927     
   1810000   1.0063855      6.0138683      1.5095283      6.8788455    
   1820000   1.0012837      6.0148141      1.5018757      6.883528     
   1830000   0.99805517     6.0076487      1.4970332      6.8799415    
   1840000   1.0046687      6.0154113      1.5069532      6.8822261    
   1850000   1.0058733      6.017056       1.50876        6.8785442    
   1860000   0.99695856     6.0189304      1.4953883      6.883216     
   1870000   0.99421829     6.0227035      1.4912781      6.8778471    
   1880000   0.99527103     6.0347163      1.4928571      6.8908846    
   1890000   1.0093214      6.0223138      1.5139319      6.8804186    
   1900000   1.0010634      6.0169145      1.5015454      6.8869307    
   1910000   0.9971511      6.0238221      1.4956771      6.8875365    
   1920000   0.99330833     6.0288153      1.4899132      6.8836925    
   1930000   0.99474222     6.0229302      1.4920639      6.8793094    
   1940000   1.0016113      6.0271312      1.5023672      6.8821703    
   1950000   0.9988748      6.0225103      1.4982626      6.8882207    
   1960000   1.0023959      6.0241015      1.5035441      6.8837247    
   1970000   1.0039425      6.0302461      1.5058638      6.8874339    
   1980000   1.0001387      6.0215287      1.5001584      6.8821063    
   1990000   1.0023905      6.0286941      1.5035359      6.8838542    
   2000000   1.004604       6.0258843      1.5068561      6.887535     
   2010000   1.0134258      6.0225837      1.5200884      6.885438     
   2020000   1.0060999      6.0233047      1.5090999      6.8854683    
   2030000   1.0044298      6.0276038      1.5065949      6.8845793    
   2040000   0.99833465     6.018532       1.4974524      6.8956749    
   2050000   1.0011299      6.0237953      1.5016452      6.8818806    
   2060000   1.0040693      6.0196796      1.5060541      6.8828649    
   2070000   0.9957149      6.0118868      1.4935229      6.8738107    
   2080000   1.0026875      6.0259684      1.5039814      6.8847539    
   2090000   1.0062905      6.005456       1.5093858      6.8818967    
   2100000   0.99946319     6.0159976      1.4991451      6.8835307    
   2110000   1.0026132      6.0136214      1.50387        6.8862981    
   2120000   1.0033648      6.0029416      1.5049974      6.8793228    
   2130000   1.0014938      6.0098446      1.5021909      6.883845     
   2140000   0.99852664     6.0205594      1.4977404      6.8865102    
   2150000   1.0001537      6.0136612      1.5001808      6.8843234    
   2160000   0.99907708     6.0174012      1.498566       6.8839688    
   2170000   1.0036513      6.0212048      1.5054272      6.8822474    
   2180000   1.007028       6.0163682      1.5104921      6.8830847    
   2190000   0.99980546     6.0081562      1.4996585      6.8823396    
   2200000   0.99572349     6.0094494      1.4935358      6.8892089    
   2210000   0.99501398     6.0065149      1.4924716      6.8812227    
   2220000   0.99588581     6.0125025      1.4937792      6.8839796    
   2230000   1.0016569      6.0211373      1.5024356      6.8828768    
   2240000   1.0055986      6.0193154      1.508348       6.8815067    
   2250000   0.99649631     6.0088917      1.494695       6.87484      
   2260000   1.0037322      6.0069858      1.5055485      6.8789719    
   2270000   0.99602427     6.014523       1.4939869      6.8915879    
   2280000   1.0077259      6.0074702      1.5115388      6.8789679    
   2290000   1.0006087      6.0255404      1.5008634      6.8871458    
   2300000   0.99939938     6.0238195      1.4990494      6.8898253    
   2310000   0.99832924     6.0154916      1.4974443      6.8789272    
   2320000   1.0059983      6.0144906      1.5089475      6.8792638    
   2330000   1.0013327      6.0151623      1.5019492      6.8811173    
   2340000   1.0005792      6.0153688      1.5008191      6.8790039    
   2350000   0.99888982     6.0289238      1.4982851      6.894149     
   2360000   1.0063292      6.0102658      1.5094439      6.8783287    
   2370000   1.0005312      6.0294881      1.500747       6.8955332    
   2380000   0.99955443     6.0172339      1.499282       6.8781892    
   2390000   0.99276079     5.9970395      1.4890919      6.8780752    
   2400000   1.0047542      6.0296879      1.5070814      6.8880111    
   2410000   0.99455652     6.0159639      1.4917854      6.8812939    
   2420000   1.00092        6.0235528      1.5013303      6.8865769    
   2430000   1.008816       6.0110707      1.5131738      6.8761784    
   2440000   1.0020221      6.037605       1.5029834      6.8852294    
   2450000   1.005244       6.0143851      1.507816       6.8787855    
   2460000   0.99563406     6.0175322      1.4934016      6.8756882    
   2470000   1.0014321      6.0272392      1.5020985      6.8783009    
   2480000   0.99231949     6.0243811      1.48843        6.8860343    
   2490000   0.99789038     6.0275968      1.496786       6.8856237    
   2500000   0.99340577     6.0168445      1.4900593      6.87817      
   2510000   1.0037864      6.0165903      1.5056298      6.8815494    
   2520000   1.001799       6.0234506      1.5026488      6.8827571    
   2530000   0.99625728     6.0449836      1.4943364      6.891566     
   2540000   0.99868847     6.0283005      1.4979831      6.88254      
   2550000   0.99546949     6.0279551      1.4931548      6.8760959    
   2560000   1.0042971      6.0131797      1.5063958      6.8761597    
   2570000   1.004          6.026991       1.5059502      6.8782111    
   2580000   1.0032823      6.0239287      1.5048736      6.8893608    
   2590000   0.99902601     6.0236795      1.4984894      6.8858989    
   2600000   1.0039958      6.0052624      1.5059438      6.8841073    
   2610000   0.98861934     6.0301735      1.4828799      6.8905415    
   2620000   1.0091352      6.0171023      1.5136528      6.8799932    
   2630000   1.006961       6.0178996      1.5103914      6.8803767    
   2640000   0.9994011      6.0044396      1.499052       6.8753522    
   2650000   1.0019825      6.0115179      1.502924       6.886212     
   2660000   0.99746919     6.0093775      1.4961542      6.8799354    
   2670000   1.0021156      6.0308998      1.5031236      6.8888743    
   2680000   0.99027896     6.0275682      1.4853693      6.8859429    
   2690000   0.98653149     6.0165762      1.4797482      6.8804949    
   2700000   1.0021944      6.0208987      1.5032418      6.8820061    
   2710000   1.002546       6.0157096      1.5037692      6.8798453    
   2720000   1.0011419      6.0032762      1.5016631      6.8792218    
   2730000   1.0008594      6.0233543      1.5012395      6.8842983    
   2740000   0.9987344      6.0041368      1.498052       6.8760463    
   2750000   0.99595522     6.0054274      1.4938834      6.8869974    
   2760000   1.0091751      6.0119279      1.5137126      6.8820489    
   2770000   1.0009077      6.0232202      1.5013119      6.8892581    
   2780000   1.001366       6.0168073      1.5019992      6.8881104    
   2790000   1.0088835      6.0200247      1.5132752      6.8925231    
   2800000   0.99784648     6.0265013      1.4967202      6.8881679    
   2810000   1.0040826      6.0199494      1.5060741      6.8930171    
   2820000   1.0047485      5.9962771      1.5070729      6.8752778    
   2830000   0.99879523     6.0154355      1.4981432      6.881198     
   2840000   1.0034393      6.0272145      1.5051091      6.8900059    
   2850000   1.0055798      6.0135574      1.5083197      6.8840729    
   2860000   1.000864       6.0328452      1.5012463      6.893494     
   2870000   1.0068878      6.0200488      1.5102816      6.8823251    
   2880000   1.0042634      6.0167855      1.5063452      6.8878479    
   2890000   0.99469024     6.0098067      1.4919859      6.8757416    
   2900000   1.0043154      6.0103983      1.5064231      6.8743314    
   2910000   1.0001559      6.0168577      1.5001841      6.879794     
   2920000   1.002961       6.0178951      1.5043917      6.8816876    
   2930000   0.99955403     6.0279471      1.4992814      6.886321     
   2940000   1.0088363      6.0182798      1.5132043      6.8823522    
   2950000   1.0017689      6.0238991      1.5026036      6.8907718    
   2960000   0.99908716     5.9999201      1.4985811      6.8802855    
   2970000   0.9986471      6.0303297      1.497921       6.885249     
   2980000   1.0016127      6.0325473      1.5023693      6.8908342    
   2990000   1.0037053      6.0204541      1.5055081      6.8865827    
   3000000   0.99905393     6.0221472      1.4985313      6.8803891    
   3010000   0.99727409     6.020913       1.4958616      6.87818      
   3020000   0.99724001     6.0196286      1.4958105      6.8819893    
   3030000   1.0013206      6.0098876      1.5019311      6.8759088    
   3040000   1.0057058      6.0135189      1.5085087      6.8781592    
   3050000   1.0037193      6.0143959      1.5055291      6.880766     
   3060000   1.002371       6.0044717      1.5035067      6.8816211    
   3070000   0.99068933     6.0122121      1.4859848      6.8803241    
   3080000   1.0054014      6.0148054      1.5080522      6.8864993    
   3090000   0.99837342     5.9945205      1.4975105      6.874713     
   3100000   0.99180825     6.0291355      1.4876631      6.8955962    
   3110000   0.99555637     6.0055917      1.4932851      6.877849     
   3120000   1.0012966      6.0121383      1.5018951      6.8847761    
   3130000   1.0040219      6.0213411      1.505983       6.8869499    
   3140000   0.99427408     6.0109082      1.4913617      6.884644     
   3150000   1.0040021      6.0056656      1.5059533      6.8838673    
   3160000   0.99824328     6.0039199      1.4973153      6.885083     
   3170000   1.0004765      5.9977117      1.5006651      6.8832169    
   3180000   1.0064444      6.0093827      1.5096166      6.8921395    
   3190000   0.99870411     6.0031429      1.4980066      6.8833952    
   3200000   0.9963257      6.0121093      1.4944391      6.8864099    
   3210000   0.99437975     6.0102211      1.4915202      6.8796547    
   3220000   1.005638       5.9978712      1.508407       6.8856239    
   3230000   0.99849122     5.9927681      1.4976872      6.875642     
   3240000   1.0011426      6.0000675      1.5016641      6.8868172    
   3250000   1.0009784      6.0133311      1.5014179      6.8837476    
   3260000   0.9967732      5.9971296      1.4951103      6.8816976    
   3270000   0.99956073     6.0035046      1.4992915      6.8849325    
   3280000   1.0030305      5.9952379      1.5044959      6.8821278    
   3290000   0.99909487     6.0032664      1.4985927      6.8920678    
   3300000   0.99144013     6.0021321      1.4871109      6.8832256    
   3310000   0.99993486     6.0094558      1.4998526      6.8911685    
   3320000   1.0005031      6.0196737      1.5007049      6.8971252    
   3330000   1.0001916      5.999088       1.5002378      6.8854421    
   3340000   1.0034209      5.9981571      1.5050815      6.8832868    
   3350000   0.99985989     5.9973638      1.4997402      6.8873072    
   3360000   1.004805       5.9964969      1.5071576      6.8830669    
   3370000   1.0026624      6.0041612      1.5039439      6.8879981    
   3380000   0.99517556     5.9957557      1.4927139      6.8818612    
   3390000   1.0007937      5.9935917      1.5011409      6.8782368    
   3400000   0.99809976     6.0111071      1.4971001      6.8790978    
   3410000   1.0031235      5.9995009      1.5046354      6.8796714    
   3420000   1.0040382      6.01196        1.5060074      6.8841561    
   3430000   1.0004307      6.0021041      1.5005964      6.8761976    
   3440000   0.99574856     5.9942979      1.4935734      6.8781621    
   3450000   0.99718096     5.9980229      1.4957219      6.87862      
   3460000   0.99921625     6.0082277      1.4987747      6.8875614    
   3470000   0.99162445     5.9938495      1.4873874      6.8835648    
   3480000   0.99524949     5.9885029      1.4928248      6.8721193    
   3490000   1.0013907      6.0016577      1.5020363      6.8897658    
   3500000   1.0098519      5.9881082      1.5147276      6.8765031    
   3510000   1.0072058      6.0036944      1.5107587      6.8828849    
   3520000   1.0035305      5.9946442      1.505246       6.8835038    
   3530000   0.99803196     6.0053777      1.4969984      6.8871745    
   3540000   0.99800564     6.0070843      1.4969589      6.8864199    
   3550000   0.99624542     6.0010771      1.4943186      6.8879197    
   3560000   1.0018585      5.9882117      1.502738       6.8811855    
   3570000   1.0023199      6.0037496      1.5034301      6.8888992    
   3580000   1.0028716      6.005017       1.5042576      6.8793594    
   3590000   0.99922244     5.9956135      1.498784       6.8782952    
   3600000   0.98842428     5.9970369      1.4825873      6.888609     
   3610000   1.0008692      5.9904325      1.5012541      6.8811549    
   3620000   1.0002893      5.9839187      1.5003843      6.8781802    
   3630000   0.99638936     5.9808453      1.4945346      6.8777322    
   3640000   0.99866273     5.9958125      1.4979445      6.8830402    
   3650000   0.99694778     5.9967686      1.4953722      6.8874609    
   3660000   1.006078       5.9973269      1.509067       6.8835821    
   3670000   1.0112514      5.9904617      1.5168269      6.8777246    
   3680000   1.0002369      5.9941022      1.5003056      6.8878581    
   3690000   0.99429147     5.9992076      1.4913878      6.8813286    
   3700000   0.99522739     5.9991002      1.4927916      6.8876447    
   3710000   1.0010071      5.9828555      1.5014609      6.8757283    
   3720000   0.99840134     5.9816998      1.4975524      6.8775514    
   3730000   0.9970028      5.9807807      1.4954547      6.8785953    
   3740000   1.001869       5.9911172      1.5027537      6.887028     
   3750000   1.0037305      5.997709       1.5055459      6.8834149    
   3760000   0.9936458      5.9908793      1.4904194      6.885413     
   3770000   1.0059706      5.9752674      1.508906       6.881936     
   3780000   0.99857222     5.9654775      1.4978087      6.8800165    
   3790000   0.9965252      5.9682114      1.4947383      6.8804807    
   3800000   1.0128557      5.9787511      1.5192332      6.8790609    
   3810000   1.0001066      5.9991937      1.5001102      6.8856002    
   3820000   0.99280898     5.9674387      1.4891642      6.8784902    
   3830000   0.99297228     5.9670978      1.4894091      6.8774723    
   3840000   0.99543045     5.9735675      1.4930962      6.8867174    
   3850000   0.99763328     5.9567179      1.4964004      6.8726686    
   3860000   1.0067253      5.9753146      1.5100379      6.8826333    
   3870000   0.99304732     5.974161       1.4895217      6.883738     
   3880000   1.0008919      5.9778511      1.5012882      6.8832076    
   3890000   1.0006558      5.9838982      1.5009339      6.889777     
   3900000   0.9863607      5.9823449      1.4794921      6.8819751    
   3910000   0.9991276      5.9923432      1.4986418      6.8860376    
   3920000   1.0039726      5.9813938      1.5059091      6.8837589    
   3930000   1.0003599      5.9935508      1.5004901      6.8880434    
   3940000   0.99901496     5.9799743      1.4984728      6.8835414    
   3950000   1.0088605      5.9704527      1.5132407      6.8732861    
   3960000   1.0000348      5.9972161      1.5000026      6.886349     
   3970000   1.0017533      5.9878761      1.5025803      6.8822275    
   3980000   1.0043759      5.9961235      1.5065139      6.8937271    
   3990000   0.99536387     5.9856808      1.4929964      6.8807045    
   4000000   1.0083587      5.9879291      1.512488       6.8803593    
   4010000   1.0027523      5.9899464      1.5040786      6.8853871    
   4020000   0.99804904     5.9847216      1.497024       6.882079     
   4030000   1.0094356      5.9845638      1.5141033      6.8875681    
   4040000   0.99939323     5.9930637      1.4990402      6.8751224    
   4050000   0.99644732     6.0023238      1.4946215      6.8783869    
   4060000   0.99656084     5.9862428      1.4947918      6.8828057    
   4070000   1.0011492      5.990991       1.5016741      6.8918856    
   4080000   0.99477791     5.9795914      1.4921175      6.8829534    
   4090000   0.99684699     5.9941335      1.495221       6.8873543    
   4100000   0.99838858     5.985281       1.4975333      6.8788067    
   4110000   1.001839       5.9930844      1.5027087      6.8881324    
   4120000   1.006247       5.9896197      1.5093206      6.8817007    
   4130000   0.99720243     5.9909473      1.4957541      6.8837066    
   4140000   1.0034062      6.0066909      1.5050595      6.8864053    
   4150000   1.0006595      5.9937176      1.5009396      6.8870758    
   4160000   1.0024267      5.9907532      1.5035903      6.8823403    
   4170000   1.0053066      6.0022719      1.50791        6.8854044    
   4180000   0.9993061      5.9935874      1.4989095      6.8870872    
   4190000   1.0033843      5.9880154      1.5050266      6.8843039    
   4200000   1.0052674      5.969392       1.5078512      6.8703503    
   4210000   0.99634869     5.9887757      1.4944735      6.8829645    
   4220000   0.98950298     5.9951916      1.4842053      6.8896967    
   4230000   1.0026397      6.002258       1.5039097      6.8871592    
   4240000   1.0072583      5.9878704      1.5108374      6.8908766    
   4250000   0.99628827     5.9796082      1.4943829      6.8751959    
   4260000   0.9945237      5.9854433      1.4917361      6.8788108    
   4270000   0.99934692     5.9805924      1.4989707      6.8862872    
   4280000   1.0051278      5.9752264      1.5076417      6.8773778    
   4290000   1.0008286      5.9792474      1.5011931      6.8791456    
   4300000   1.0001317      6.0046765      1.5001478      6.8913884    
   4310000   1.0075173      5.9916892      1.5112259      6.8819893    
   4320000   1.0023035      5.9843526      1.5034054      6.8826707    
   4330000   1.0008234      5.9786214      1.5011854      6.881761     
   4340000   1.0027695      5.9911426      1.5041045      6.888365     
   4350000   0.99726527     5.9828806      1.4958484      6.8807376    
   4360000   0.99985674     5.9935776      1.4997354      6.8818234    
   4370000   1.007629       5.9951321      1.5113934      6.8853638    
   4380000   0.98715642     5.9888495      1.4806856      6.8798745    
   4390000   0.99533103     5.9736622      1.4929471      6.8778519    
   4400000   0.99879592     5.9733643      1.4981443      6.8729786    
   4410000   1.0022397      5.9703977      1.5033098      6.8781975    
   4420000   1.0025077      5.9788497      1.5037117      6.8863222    
   4430000   0.99714484     5.9787801      1.4956677      6.8823774    
   4440000   1.0026184      5.9794629      1.5038778      6.877534     
   4450000   0.9986672      5.9881869      1.4979512      6.8872024    
   4460000   1.0043941      5.9879898      1.5065413      6.8856727    
   4470000   0.99467788     5.9865747      1.4919674      6.8835761    
   4480000   1.0057018      5.981533       1.5085028      6.8796062    
   4490000   0.99499767     5.994554       1.4924471      6.8878124    
   4500000   1.0005387      5.9884232      1.5007584      6.8860199    
   4510000   1.0031048      5.9718711      1.5046074      6.8754387    
   4520000   1.0040976      5.9830673      1.5060966      6.880413     
   4530000   0.99920537     5.9706722      1.4987584      6.8796636    
   4540000   0.9949576      5.9715126      1.492387       6.8773334    
   4550000   0.99067499     5.9774582      1.4859633      6.8828707    
   4560000   0.99960925     5.9755742      1.4993642      6.8793731    
   4570000   1.0054273      5.9923517      1.5080911      6.8909304    
   4580000   0.99599761     5.9725256      1.4939469      6.876316     
   4590000   0.98924829     5.9723438      1.4838233      6.8718365    
   4600000   0.99960528     5.9718634      1.4993583      6.8727185    
   4610000   1.0070723      5.9771251      1.5105585      6.882554     
   4620000   1.0024443      5.962672       1.5036167      6.8754673    
   4630000   0.99646654     5.9763022      1.4946503      6.8795783    
   4640000   0.9930023      5.9732729      1.4894541      6.8816023    
   4650000   1.0040602      5.965755       1.5060404      6.870839     
   4660000   0.99452595     5.9829094      1.4917395      6.8780116    
   4670000   1.0028623      5.9881258      1.5042437      6.8887725    
   4680000   0.99840927     5.9612283      1.4975643      6.8766992    
   4690000   1.006162       5.9928388      1.509193       6.886261     
   4700000   1.001235       5.9873803      1.5018028      6.8826884    
   4710000   1.0042715      5.9885729      1.5063574      6.8896199    
   4720000   0.99679146     5.9883187      1.4951377      6.8860962    
   4730000   1.0058874      5.9745113      1.5087811      6.8817818    
   4740000   1.0070378      5.9579603      1.5105067      6.8770969    
   4750000   1.0003159      5.9709148      1.5004241      6.8860383    
   4760000   1.0052176      5.9650458      1.5077764      6.8816957    
   4770000   0.99837562     5.9664675      1.4975138      6.8764259    
   4780000   1.0051565      5.9791188      1.5076849      6.8880185    
   4790000   0.99998032     5.9793598      1.4999208      6.8845304    
   4800000   0.99553411     5.9785772      1.4932517      6.8915684    
   4810000   0.99392135     5.9819245      1.4908327      6.8844288    
   4820000   0.9981293      5.9834532      1.4971444      6.8862113    
   4830000   1.0036153      5.9790716      1.5053732      6.8848555    
   4840000   1.0037881      5.9717137      1.5056323      6.8811333    
   4850000   1.0049444      5.9479581      1.5073667      6.8786665    
   4860000   0.9987696      5.9587048      1.4981048      6.8782052    
   4870000   0.99775765     5.9628046      1.4965869      6.8756387    
   4880000   0.99972193     5.9580365      1.4995332      6.8752855    
   4890000   0.98962216     5.9716406      1.4843841      6.8850332    
   4900000   1.0048004      5.9566814      1.5071508      6.8821209    
   4910000   0.99800907     5.9642456      1.496964       6.8830618    
   4920000   0.99335136     5.9787032      1.4899777      6.8871702    
   4930000   1.0074828      5.9685474      1.5111741      6.8849566    
   4940000   0.99907867     5.9578037      1.4985684      6.8787189    
   4950000   1.0046868      5.9593664      1.5069803      6.8815461    
   4960000   1.0050236      5.9696035      1.5074854      6.876932     
   4970000   1.0061608      5.978584       1.5091913      6.8898588    
   4980000   1.0054557      5.9770129      1.5081336      6.8876175    
   4990000   1.0011863      5.9710268      1.5017297      6.886438     
   5000000   1.0036543      5.973996       1.5054316      6.8801481    
   5010000   0.99450079     5.9797908      1.4917018      6.8779389    
   5020000   1.0025467      5.9711221      1.5037703      6.8850369    
   5030000   0.99651316     5.9671362      1.4947202      6.8854985    
   5040000   0.99616143     5.9640167      1.4941927      6.8850668    
   5050000   0.99834207     5.9670086      1.4974635      6.8899078    
   5060000   1.0006771      5.9633659      1.5009659      6.8801143    
   5070000   0.99719363     5.9626255      1.4957409      6.8789038    
   5080000   0.99581154     5.9654755      1.4936678      6.8808957    
   5090000   0.99719218     5.965767       1.4957387      6.8871755    
   5100000   0.99787942     5.9707959      1.4967696      6.886544     
   5110000   1.0049378      5.9723483      1.5073568      6.886875     
   5120000   1.0022084      5.9784175      1.5032628      6.8844132    
   5130000   1.0048344      5.959879       1.5072016      6.8748009    
   5140000   1.0045503      5.9709951      1.5067756      6.8855708    
   5150000   1.0022448      5.9711601      1.5033175      6.8826374    
   5160000   1.0015489      5.9828344      1.5022736      6.8937061    
   5170000   0.99939269     5.9891997      1.4990394      6.8848548    
   5180000   0.99658636     5.9842764      1.49483        6.8912204    
   5190000   1.0030734      5.9725747      1.5045603      6.8875538    
   5200000   0.99487439     5.9567773      1.4922622      6.8760818    
   5210000   1.004398       5.9738889      1.5065472      6.8873271    
   5220000   0.99123951     5.9600388      1.48681        6.8817402    
   5230000   0.99715988     5.9436481      1.4956903      6.8727004    
   5240000   0.99810863     5.9558783      1.4971134      6.8837915    
   5250000   0.99303672     5.957865       1.4895058      6.877831     
   5260000   0.99905545     5.9607816      1.4985336      6.8798696    
   5270000   1.0045065      5.9644184      1.5067098      6.8744675    
   5280000   1.0019032      5.9604818      1.5028051      6.8842972    
   5290000   0.99840538     5.9553016      1.4975585      6.8755836    
   5300000   1.0004847      5.9657805      1.5006773      6.8812352    
   5310000   0.99393293     5.9655614      1.49085        6.8805573    
   5320000   1.0023419      5.9672953      1.5034631      6.8750239    
   5330000   0.99724311     5.9636916      1.4958151      6.8802554    
   5340000   0.99963308     5.9545452      1.4994         6.8807019    
   5350000   0.9957676      5.9700326      1.4936019      6.8744471    
   5360000   1.0045388      5.9707696      1.5067583      6.8859929    
   5370000   0.99558319     5.9639992      1.4933253      6.8769903    
   5380000   1.0067125      5.9678439      1.5100188      6.8915809    
   5390000   1.0057009      5.9717983      1.5085014      6.8826495    
   5400000   0.99579582     5.9766612      1.4936443      6.8825867    
   5410000   1.0077038      5.965562       1.5115057      6.8852146    
   5420000   1.0017117      5.9677694      1.5025177      6.8830496    
   5430000   1.0115947      5.9726172      1.5173418      6.8863097    
   5440000   0.99345631     5.9763639      1.4901351      6.8852375    
   5450000   0.9976762      5.9744219      1.4964647      6.8866847    
   5460000   0.99381539     5.9809718      1.4906737      6.885175     
   5470000   0.99686751     5.9707544      1.4952518      6.8780199    
   5480000   0.9979085      5.9664186      1.4968132      6.8755573    
   5490000   1.0017039      5.9620222      1.5025062      6.8847652    
   5500000   1.0028411      5.9703414      1.5042119      6.884816     
   5510000   0.99955422     5.9854058      1.4992817      6.8875257    
   5520000   1.0039837      5.9725035      1.5059256      6.8878676    
   5530000   0.99617538     5.9725781      1.4942136      6.8793891    
   5540000   1.0026386      5.9692001      1.5039082      6.8850911    
   5550000   1.000301       5.9651956      1.5004018      6.8905507    
   5560000   1.0013246      5.9666051      1.5019371      6.879542     
   5570000   1.0034128      5.9679502      1.5050694      6.8820034    
   5580000   1.0007723      5.9640816      1.5011088      6.8864421    
   5590000   0.99659766     5.9638598      1.494847       6.8809514    
   5600000   0.99520455     5.9669879      1.4927574      6.8737636    
   5610000   0.99096357     5.9776389      1.4863961      6.8875338    
   5620000   1.0011421      5.9721443      1.5016634      6.8887491    
   5630000   1.0009063      5.9857026      1.5013097      6.8921368    
   5640000   0.99702434     5.9782741      1.495487       6.8772635    
   5650000   0.99785744     5.9614786      1.4967366      6.8834691    
   5660000   1.0013083      5.9588797      1.5019127      6.8783051    
   5670000   0.99579627     5.9716611      1.4936449      6.8867985    
   5680000   0.99937374     5.9694787      1.499011       6.8856205    
   5690000   0.99135249     5.9578025      1.4869795      6.8787575    
   5700000   1.0075231      5.9877959      1.5112346      6.8842977    
   5710000   0.99772732     5.9727445      1.4965414      6.8809884    
   5720000   0.99622452     5.975773       1.4942873      6.8835824    
   5730000   1.006909       5.9803017      1.5103135      6.8885905    
   5740000   1.0034652      5.9617879      1.505148       6.8786626    
   5750000   0.99557293     5.9747514      1.4933099      6.8846819    
   5760000   1.0035407      5.9724372      1.5052612      6.8771914    
   5770000   1.0002164      5.9544904      1.500275       6.8770983    
   5780000   0.99572028     5.9564661      1.493531       6.883825     
   5790000   1.0057801      5.9525061      1.5086202      6.8818818    
   5800000   0.99803678     5.9515339      1.4970056      6.8760769    
   5810000   0.99750701     5.9638002      1.496211       6.8867743    
   5820000   1.007662       5.9613826      1.5114429      6.8798208    
   5830000   0.99425308     5.9611833      1.4913302      6.8744028    
   5840000   0.99594563     5.9751207      1.493869       6.8880116    
   5850000   1.0081978      5.9759852      1.5122467      6.8857822    
   5860000   0.99904853     5.9728665      1.4985232      6.8840912    
   5870000   1.0078087      5.9719725      1.511663       6.8791285    
   5880000   1.0027679      5.9785808      1.5041021      6.8811712    
   5890000   1.0001507      5.9587256      1.5001764      6.8813534    
   5900000   1.0017421      5.9579231      1.5025633      6.8795415    
   5910000   0.99487746     5.9650394      1.4922668      6.8776662    
   5920000   0.99625881     5.9701094      1.4943387      6.8877482    
   5930000   0.99703003     5.9741683      1.4954955      6.8846871    
   5940000   1.0035828      5.9719769      1.5053243      6.8813074    
   5950000   0.9971163      5.970967       1.4956249      6.8794395    
   5960000   0.99971875     5.959732       1.4995285      6.8826524    
   5970000   0.99402761     5.9700375      1.490992       6.8813064    
   5980000   1.0117268      5.9557421      1.51754        6.8787515    
   5990000   1.0080287      5.9753496      1.5119929      6.8871176    
   6000000   1.0008419      5.9694444      1.5012132      6.8795851    
   6010000   0.99805083     5.9686983      1.4970267      6.8867441    
   6020000   1.0057544      5.9733828      1.5085817      6.8775532    
   6030000   1.001246       5.9680512      1.5018193      6.8818831    
   6040000   0.99046841     5.9643881      1.4856534      6.8806988    
   6050000   1.0056054      5.9606982      1.5083582      6.8866856    
   6060000   1.0018959      5.9584567      1.502794       6.8763349    
   6070000   1.0076761      5.9695709      1.5114642      6.8823497    
   6080000   1.0024811      5.965012       1.5036719      6.8757477    
   6090000   1.000617       5.9596379      1.5008758      6.878275     
   6100000   0.99736548     5.9714548      1.4959987      6.8897542    
   6110000   1.0011229      5.9619588      1.5016347      6.8895572    
   6120000   1.0015709      5.9552744      1.5023066      6.8813567    
   6130000   0.99214831     5.9595847      1.4881732      6.8759365    
   6140000   0.99938258     5.9616968      1.4990242      6.8815088    
   6150000   1.000926       5.9745956      1.5013392      6.8856312    
   6160000   0.99995783     5.9509647      1.4998871      6.872482     
   6170000   1.0032337      5.9530343      1.5048006      6.883316     
   6180000   0.99921304     5.9591383      1.4987699      6.8784566    
   6190000   0.9973791      5.9638744      1.4960191      6.8919548    
   6200000   0.99985017     5.9697981      1.4997256      6.8794986    
   6210000   0.99865275     5.9698566      1.4979295      6.8821771    
   6220000   0.99685105     5.9732661      1.4952271      6.8922093    
   6230000   1.0040306      5.9603817      1.505996       6.8808456    
   6240000   1.0089681      5.9696012      1.5134021      6.8883458    
   6250000   0.99529653     5.9693929      1.4928954      6.8800607    
   6260000   0.99166148     5.9644649      1.487443       6.8828785    
   6270000   1.0024083      5.9522442      1.5035626      6.8749096    
   6280000   1.005154       5.9497474      1.507681       6.8731357    
   6290000   0.99504098     5.9757437      1.492512       6.8817411    
   6300000   0.99908487     5.9638071      1.4985777      6.878654     
   6310000   0.9979643      5.9751524      1.4968969      6.8898619    
   6320000   0.99956881     5.974956       1.4993036      6.8872601    
   6330000   0.99837948     5.9618919      1.4975196      6.8797858    
   6340000   1.007439       5.9633205      1.5111084      6.8837954    
   6350000   1.0040919      5.9573083      1.5060879      6.8904241    
   6360000   1.0015847      5.9659743      1.5023273      6.8807088    
   6370000   0.99266023     5.9795542      1.488941       6.8854699    
   6380000   0.99511742     5.9573117      1.4926267      6.8802312    
   6390000   1.0055338      5.9559884      1.5082507      6.8765578    
   6400000   1.002045       5.9561764      1.5030178      6.8828575    
   6410000   1.0029381      5.9731026      1.5043573      6.8829847    
   6420000   1.0103137      5.9522233      1.5154204      6.873359     
   6430000   1.0010651      5.9744938      1.5015479      6.8823618    
   6440000   0.99340466     5.9684448      1.4900576      6.8846526    
   6450000   1.001851       5.9541921      1.5027268      6.8819633    
   6460000   1.0007067      5.963569       1.5010104      6.8767707    
   6470000   1.0050178      5.9587582      1.5074768      6.8774253    
   6480000   0.99826696     5.9569775      1.4973509      6.880321     
   6490000   1.0039182      5.9599094      1.5058275      6.886847     
   6500000   1.0109993      5.9535891      1.5164487      6.879819     
   6510000   0.99468023     5.9619921      1.4919709      6.8868711    
   6520000   1.0089206      5.9575991      1.5133308      6.8802546    
   6530000   0.99221128     5.9582913      1.4882676      6.8824267    
   6540000   1.004424       5.9735793      1.5065861      6.8883855    
   6550000   0.99912119     5.9626541      1.4986322      6.8876688    
   6560000   1.0000999      5.9606415      1.5001002      6.882401     
   6570000   0.99841749     5.9696329      1.4975766      6.8828921    
   6580000   0.99781805     5.9674751      1.4966775      6.8799104    
   6590000   0.99842603     5.9623139      1.4975894      6.8741645    
   6600000   0.99805599     5.9704254      1.4970344      6.8898428    
   6610000   1.0004523      5.9540616      1.5006288      6.8769922    
   6620000   1.0051631      5.9610162      1.5076947      6.874746     
   6630000   0.99836227     5.96948        1.4974938      6.880302     
   6640000   1.0022478      5.9720279      1.5033219      6.8888087    
   6650000   0.99794485     5.9469314      1.4968677      6.8724442    
   6660000   1.0017228      5.9674913      1.5025344      6.8799758    
   6670000   1.001839       5.9442388      1.5027087      6.8771141    
   6680000   1.0014155      5.9519756      1.5020736      6.8820561    
   6690000   0.99511158     5.9505193      1.4926179      6.8809925    
   6700000   0.99367807     5.9583532      1.4904678      6.8804761    
   6710000   1.0086669      5.9534478      1.5129502      6.8830512    
   6720000   0.99982064     5.9545112      1.4996813      6.8814768    
   6730000   0.99979092     5.9701023      1.4996367      6.8865875    
   6740000   0.99128354     5.9566503      1.4868761      6.8801875    
   6750000   0.99350928     5.9558817      1.4902146      6.8786014    
   6760000   0.98958517     5.9665688      1.4843286      6.883871     
   6770000   1.000106       5.9784442      1.5001093      6.8843667    
   6780000   0.99799352     5.9622915      1.4969407      6.8808306    
   6790000   1.0016498      5.9616491      1.5024249      6.8836565    
   6800000   0.99671818     5.9702667      1.4950278      6.8855809    
   6810000   1.002318       5.9657882      1.5034273      6.8851322    
   6820000   0.99590272     5.9602884      1.4938046      6.8763392    
   6830000   1.0015284      5.9803984      1.5022428      6.8790482    
   6840000   1.0115927      5.9804283      1.5173387      6.8918132    
   6850000   1.0052102      5.9675034      1.5077654      6.8800039    
   6860000   0.99794636     5.9672903      1.49687        6.878947     
   6870000   1.0054406      5.9772325      1.5081109      6.8828167    
   6880000   1.0026581      5.9668315      1.5039373      6.8784785    
   6890000   1.0013338      5.9634178      1.5019509      6.885204     
   6900000   1.0009482      5.9586915      1.5013726      6.8808659    
   6910000   1.0028325      5.9692369      1.5041989      6.8854383    
   6920000   0.99920108     5.9804821      1.498752       6.8815255    
   6930000   0.99375827     5.9716289      1.490588       6.8780419    
   6940000   0.9952095      5.9688543      1.4927648      6.8809851    
   6950000   0.99710401     5.96206        1.4956065      6.8796584    
   6960000   0.99096108     5.9682685      1.4863924      6.883315     
   6970000   1.0055638      5.9661149      1.5082958      6.8848563    
   6980000   1.0039811      5.9633871      1.5059218      6.8748919    
   6990000   0.99345428     5.9793031      1.4901321      6.8923934    
   7000000   1.0077422      5.9669743      1.5115632      6.8849884    
   7010000   1.0053505      5.9730346      1.5079758      6.8822046    
   7020000   0.99797186     5.9915506      1.4969082      6.8951868    
   7030000   1.0060883      5.9606241      1.5090824      6.8823378    
   7040000   1.0016061      5.9471777      1.5023594      6.8701732    
   7050000   0.99601014     5.9698959      1.4939657      6.8798258    
   7060000   1.0069893      5.969178       1.510434       6.8831279    
   7070000   0.99059664     5.9707258      1.4858458      6.8780547    
   7080000   1.0055528      5.9653776      1.5082792      6.88544      
   7090000   1.0060318      5.9555806      1.5089977      6.8767447    
   7100000   1.0034804      5.9667291      1.5051707      6.8797817    
   7110000   1.0039592      5.9653765      1.505889       6.8791995    
   7120000   0.99973542     5.9653522      1.4995535      6.8795137    
   7130000   0.99953554     5.9475004      1.4992537      6.880021     
   7140000   0.99400622     5.946676       1.49096        6.879473     
   7150000   0.99748403     5.9475593      1.4961765      6.8752643    
   7160000   0.99999756     5.9561879      1.4999467      6.8761964    
   7170000   0.99293797     5.9707597      1.4893576      6.8839792    
   7180000   0.99634        5.9615597      1.4944605      6.8805958    
   7190000   0.99828138     5.9723552      1.4973725      6.8873735    
   7200000   1.0007077      5.9621333      1.5010118      6.8834489    
   7210000   1.0015364      5.9575503      1.5022548      6.8823189    
   7220000   1.0045863      5.9545288      1.5068295      6.8766962    
   7230000   1.0095709      5.9589685      1.5143062      6.8800609    
   7240000   0.99801609     5.9596376      1.4969746      6.8821417    
   7250000   0.99271156     5.9614918      1.489018       6.8818173    
   7260000   0.99658902     5.9549575      1.494834       6.8760569    
   7270000   0.99922982     5.9551909      1.4987951      6.8801796    
   7280000   1.0017         5.9712724      1.5025002      6.8848569    
   7290000   1.0067344      5.969299       1.5100516      6.88385      
   7300000   0.997532       5.9577715      1.4962485      6.8864532    
   7310000   0.99614776     5.9690891      1.4941722      6.887137     
   7320000   1.0006786      5.9641168      1.5009681      6.8839476    
   7330000   0.992125       5.9646624      1.4881382      6.8821893    
   7340000   0.99607723     5.9642482      1.4940664      6.8845578    
   7350000   0.99306427     5.9680135      1.4895471      6.8854637    
   7360000   1.0046096      5.9674801      1.5068645      6.8752896    
   7370000   0.99561399     5.9603029      1.4933715      6.8845629    
   7380000   0.9917091      5.9480126      1.4875144      6.8821656    
   7390000   1.0030722      5.9469809      1.5045585      6.874745     
   7400000   1.004292       5.9599691      1.5063881      6.8830146    
   7410000   0.99098921     5.9540902      1.4864346      6.8809394    
   7420000   1.0015241      5.9634828      1.5022365      6.8804531    
   7430000   1.0056874      5.9628463      1.5084812      6.8810766    
   7440000   0.99732904     5.9671787      1.495944       6.8836828    
   7450000   0.99359674     5.9474121      1.4903458      6.8780657    
   7460000   1.0008175      5.9523934      1.5011765      6.8805576    
   7470000   1.0005385      5.9566295      1.500758       6.8825772    
   7480000   0.99160878     5.9615682      1.4873639      6.8848389    
   7490000   0.99881331     5.9636872      1.4981704      6.8881111    
   7500000   0.99662892     5.9571583      1.4948939      6.8834923    
   7510000   0.99780949     5.9555823      1.4966647      6.8804617    
   7520000   0.99902655     5.9606295      1.4984902      6.8925859    
   7530000   1.0017398      5.9629124      1.5025599      6.8816454    
   7540000   0.99569641     5.9652508      1.4934952      6.882409     
   7550000   1.0058131      5.9592825      1.5086696      6.8779363    
   7560000   0.99888358     5.9652654      1.4982758      6.882124     
   7570000   0.994507       5.9635959      1.4917111      6.877019     
   7580000   1.0020098      5.9845113      1.5029649      6.8893192    
   7590000   1.001141       5.9644181      1.5016617      6.8828035    
   7600000   1.0047393      5.9635124      1.507059       6.8826993    
   7610000   0.99632978     5.9639895      1.4944452      6.8802577    
   7620000   0.99399585     5.9705701      1.4909444      6.8888098    
   7630000   1.0024346      5.9524135      1.503602       6.8754031    
   7640000   0.99897186     5.9629428      1.4984082      6.8810758    
   7650000   0.99186554     5.9875505      1.4877491      6.8883261    
   7660000   1.0023304      5.9738346      1.5034458      6.8879002    
   7670000   0.9932447      5.9784704      1.4898177      6.878491     
   7680000   0.99688346     5.9713452      1.4952757      6.8814166    
   7690000   1.0028721      5.9777671      1.5042584      6.8866323    
   7700000   0.9984116      5.9667902      1.4975678      6.878794     
   7710000   1.0030434      5.9673179      1.5045153      6.8841601    
   7720000   0.99664842     5.9812155      1.4949231      6.8839984    
   7730000   1.0041158      5.9513952      1.5061239      6.8695817    
   7740000   1.0028247      5.9628921      1.5041872      6.8769382    
   7750000   1.0082144      5.9585032      1.5122715      6.8824453    
   7760000   1.0084281      5.9670448      1.5125921      6.8793735    
   7770000   1.0025215      5.96884        1.5037324      6.8843689    
   7780000   0.99596304     5.9678223      1.4938951      6.88241      
   7790000   0.9976035      5.9672367      1.4963557      6.8802322    
   7800000   0.99808375     5.9546927      1.4970761      6.8792797    
   7810000   1.0018081      5.9503543      1.5026623      6.871934     
   7820000   0.98872569     5.9551801      1.4830394      6.8801599    
   7830000   0.99399869     5.9656365      1.4909487      6.8909581    
   7840000   0.99685601     5.9612521      1.4952345      6.8809344    
   7850000   1.0032532      5.956247       1.5048299      6.8772426    
   7860000   1.0070409      5.9727368      1.5105113      6.8856163    
   7870000   0.9965887      5.9640382      1.4948336      6.8872866    
   7880000   1.0111539      5.960713       1.5166806      6.8810592    
   7890000   0.99083959     5.9536243      1.4862102      6.8811967    
   7900000   0.99517049     5.964587       1.4927063      6.8872423    
   7910000   0.99665509     5.9624445      1.4949331      6.8773641    
   7920000   0.99941116     5.9638926      1.4990671      6.878276     
   7930000   0.99925573     5.9582058      1.498834       6.8817965    
   7940000   0.9978028      5.9629495      1.4966546      6.8910069    
   7950000   1.0068171      5.955744       1.5101757      6.8785223    
   7960000   1.0053257      5.9573629      1.5079386      6.8763081    
   7970000   0.99671167     5.9571035      1.495018       6.8761647    
   7980000   0.9978622      5.9527996      1.4967437      6.8732676    
   7990000   0.99596215     5.9604286      1.4938938      6.8911324    
   8000000   1.0039461      5.9772084      1.5058693      6.8852762    
   8010000   0.99498334     5.9579795      1.4924256      6.877729     
   8020000   0.99795465     5.9632029      1.4968824      6.8822261    
   8030000   1.0007844      5.9672759      1.501127       6.8866967    
   8040000   0.99798457     5.9575635      1.4969273      6.8807587    
   8050000   0.99406756     5.9778832      1.491052       6.8902056    
   8060000   1.0012773      5.9620039      1.5018663      6.889491     
   8070000   0.99817052     5.9600472      1.4972062      6.8866527    
   8080000   0.99141917     5.9591844      1.4870795      6.881518     
   8090000   1.0055933      5.9517462      1.50834        6.8778384    
   8100000   1.0021012      5.9667375      1.503102       6.8830557    
   8110000   1.0061747      5.982129       1.5092121      6.8881231    
   8120000   0.98888908     5.9559786      1.4832845      6.8724631    
   8130000   0.9993498      5.9487534      1.4989751      6.8782081    
   8140000   1.0032771      5.9646375      1.5048658      6.8765427    
   8150000   0.99592822     5.9556545      1.4938429      6.8831857    
   8160000   1.0071367      5.9707535      1.510655       6.882401     
   8170000   0.99853102     5.9534941      1.4977469      6.8798327    
   8180000   1.0014322      5.9835388      1.5020985      6.8822687    
   8190000   1.004641       5.9627589      1.5069116      6.8793999    
   8200000   1.0106095      5.9472621      1.515864       6.8697958    
   8210000   0.99377788     5.9696485      1.4906175      6.8789773    
   8220000   0.99539332     5.9490969      1.4930405      6.8750924    
   8230000   0.99748545     5.9580136      1.4961786      6.8791245    
   8240000   1.0001366      5.9435695      1.5001552      6.872962     
   8250000   1.0065268      5.955703       1.5097402      6.8854988    
   8260000   0.99743793     5.9501968      1.4961073      6.8713151    
   8270000   1.0049198      5.9634306      1.5073299      6.8824374    
   8280000   1.001598       5.9402285      1.5023472      6.8760222    
   8290000   0.99409995     5.9570355      1.4911005      6.8859206    
   8300000   0.99845947     5.9530781      1.4976396      6.8774453    
   8310000   1.0057098      5.9550812      1.5085147      6.8815604    
   8320000   1.0048707      5.9561381      1.5072562      6.8895739    
   8330000   0.99873843     5.9502263      1.498058       6.8725479    
   8340000   0.9928327      5.9537208      1.4891997      6.8876959    
   8350000   1.0024594      5.9415024      1.5036393      6.8800134    
   8360000   1.0014422      5.9477188      1.5021135      6.8809793    
   8370000   0.99637267     5.9477062      1.4945095      6.880192     
   8380000   0.99402352     5.9461156      1.4909859      6.8804353    
   8390000   0.99400954     5.9597873      1.4909649      6.88477      
   8400000   1.0037925      5.9621746      1.5056389      6.8823199    
   8410000   0.99642422     5.9467845      1.4945868      6.8799074    
   8420000   0.99539327     5.9579275      1.4930405      6.8865927    
   8430000   0.99698537     5.9623087      1.4954285      6.8800856    
   8440000   0.99854299     5.9571625      1.4977649      6.8853535    
   8450000   1.0013283      5.9677799      1.5019428      6.8828708    
   8460000   1.0045137      5.9649212      1.5067206      6.8824283    
   8470000   0.9998015      5.9768376      1.4996526      6.8890882    
   8480000   1.0037951      5.9639157      1.5056428      6.8835052    
   8490000   1.0050634      5.9547731      1.5075452      6.8734413    
   8500000   0.9911864      5.9675144      1.4867304      6.8754013    
   8510000   1.0016411      5.9739169      1.5024118      6.8816658    
   8520000   0.99688563     5.9543749      1.4952789      6.87765      
   8530000   0.99971666     5.9795534      1.4995253      6.8905133    
   8540000   0.99335055     5.9562677      1.4899765      6.8796567    
   8550000   1.0042822      5.9699757      1.5063735      6.8831525    
   8560000   1.0072674      5.9835803      1.510851       6.8871578    
   8570000   1.0072964      5.9712486      1.5108945      6.8853869    
   8580000   1.0063796      5.9721396      1.5095194      6.8876425    
   8590000   0.99866956     5.962234       1.4979547      6.8791194    
   8600000   1.0032548      5.9735112      1.5048324      6.8845235    
   8610000   1.0005106      5.9575623      1.5007162      6.8801469    
   8620000   0.99517154     5.9649546      1.4927079      6.8822385    
   8630000   0.99939877     5.9695135      1.4990485      6.887376     
   8640000   1.00408        5.9631721      1.5060701      6.8806548    
   8650000   0.99006243     5.964682       1.4850445      6.8792906    
   8660000   0.99932984     5.9552274      1.4989451      6.8781391    
   8670000   0.99706342     5.9542258      1.4955456      6.8837336    
   8680000   0.99587266     5.9638342      1.4937595      6.8902902    
   8690000   1.00104        5.9683716      1.5015103      6.8867611    
   8700000   1.0080923      5.9736102      1.5120884      6.8877877    
   8710000   0.99310303     5.969111       1.4896052      6.8723883    
   8720000   0.99781752     5.9725161      1.4966767      6.8827369    
   8730000   1.0014111      5.9630655      1.502067       6.8807186    
   8740000   1.0068182      5.9600926      1.5101773      6.8752043    
   8750000   0.99656259     5.969946       1.4947944      6.8829648    
   8760000   1.0099704      5.9663725      1.5149054      6.8846508    
   8770000   1.005732       5.9812938      1.5085481      6.8903277    
   8780000   1.0030712      5.9767033      1.5045569      6.8808482    
   8790000   1.0036903      5.9649911      1.5054855      6.8777638    
   8800000   0.99600065     5.9812953      1.4939515      6.8831975    
   8810000   1.0008322      5.9681904      1.5011986      6.875395     
   8820000   0.99462477     5.9739142      1.4918878      6.8844509    
   8830000   1.0005876      5.9817251      1.5008316      6.8806812    
   8840000   0.99754677     5.9737997      1.4962706      6.8763897    
   8850000   0.99050512     5.9681383      1.4857085      6.8785045    
   8860000   1.0037241      5.9688395      1.5055363      6.8735763    
   8870000   1.0079816      5.9643267      1.5119224      6.8828251    
   8880000   1.0009548      5.9635206      1.5013825      6.886333     
   8890000   0.99976498     5.9729619      1.4995978      6.8891037    
   8900000   1.0049388      5.9677535      1.5073583      6.8806713    
   8910000   0.99594235     5.967644       1.4938641      6.8806144    
   8920000   1.0072787      5.969489       1.510868       6.884677     
   8930000   0.9943878      5.9701765      1.4915323      6.8855289    
   8940000   0.99675129     5.9773049      1.4950774      6.8799156    
   8950000   1.0025446      5.9756715      1.5037672      6.8803314    
   8960000   1.0001177      5.9623689      1.5001268      6.8794589    
   8970000   1.0018156      5.9625645      1.5026736      6.880974     
   8980000   0.98914646     5.9654142      1.4836706      6.8774222    
   8990000   1.0012241      5.9678492      1.5017864      6.8841064    
   9000000   0.99815064     5.9581198      1.4971764      6.8814181    
   9010000   0.99288359     5.9546302      1.4892761      6.8743527    
   9020000   0.99825744     5.9603659      1.4973366      6.8811611    
   9030000   1.0013993      5.9727751      1.5020492      6.8837324    
   9040000   0.99807024     5.9754437      1.4970558      6.8739434    
   9050000   1.0031981      5.9754852      1.5047474      6.8866743    
   9060000   0.99677568     5.9671446      1.495114       6.8792089    
   9070000   1.0038318      5.9605104      1.5056979      6.8782172    
   9080000   1.0131306      5.9678414      1.5196456      6.8786098    
   9090000   0.9933298      5.976278       1.4899454      6.8898298    
   9100000   1.0102154      5.955757       1.5152729      6.880508     
   9110000   1.0075597      5.9481372      1.5112895      6.8783727    
   9120000   1.0011399      5.9495696      1.5016602      6.8797351    
   9130000   1.0016041      5.9618835      1.5023564      6.8797964    
   9140000   1.0016639      5.9509005      1.5024461      6.8803963    
   9150000   0.99912005     5.9474513      1.4986305      6.8822942    
   9160000   1.0005434      5.9598866      1.5007654      6.8763761    
   9170000   0.9943194      5.9732305      1.4914297      6.8853518    
   9180000   0.99979452     5.9711582      1.4996421      6.8883804    
   9190000   0.99623607     5.9551023      1.4943046      6.8837259    
   9200000   0.99081424     5.9548008      1.4861721      6.8831723    
   9210000   1.0048694      5.9452489      1.5072543      6.8841398    
   9220000   0.99251229     5.9600815      1.4887191      6.8827676    
   9230000   1.0010529      5.9748224      1.5015297      6.8915835    
   9240000   1.0041662      5.9515337      1.5061995      6.8781202    
   9250000   1.0026429      5.9485314      1.5039145      6.8786075    
   9260000   0.99500046     5.9573939      1.4924513      6.8803243    
   9270000   1.0072789      5.9506009      1.5108684      6.8768399    
   9280000   0.99863973     5.9523949      1.49791        6.8761139    
   9290000   0.99965771     5.9676251      1.4994369      6.8793381    
   9300000   0.99718665     5.9468146      1.4957304      6.8807656    
   9310000   0.99630556     5.9518541      1.4944089      6.8774108    
   9320000   1.0029127      5.9602663      1.5043192      6.8859854    
   9330000   1.0067091      5.9465382      1.5100136      6.8796184    
   9340000   0.99467972     5.9488397      1.4919702      6.8786652    
   9350000   0.9955806      5.9507671      1.4933214      6.8821691    
   9360000   0.99330933     5.9436824      1.4899147      6.8812855    
   9370000   1.0065509      5.9498216      1.5097764      6.8792834    
   9380000   1.001966       5.9563858      1.5028992      6.8828851    
   9390000   0.99600298     5.9558162      1.493955       6.8824697    
   9400000   1.0011998      5.9508928      1.50175        6.8845439    
   9410000   1.0000232      5.9506625      1.4999851      6.8781367    
   9420000   0.99883055     5.9596235      1.4981962      6.8902426    
   9430000   1.0038102      5.9740907      1.5056655      6.8921217    
   9440000   1.0045914      5.9563827      1.5068372      6.8886669    
   9450000   1.000904       5.9513536      1.5013062      6.8862291    
   9460000   0.99933057     5.9495979      1.4989462      6.8779132    
   9470000   1.0058626      5.9371977      1.5087439      6.8757509    
   9480000   1.0006697      5.9534268      1.5009548      6.8789172    
   9490000   1.0018958      5.9565056      1.5027939      6.8790269    
   9500000   1.0015342      5.9688215      1.5022516      6.8832433    
   9510000   0.99655708     5.9651071      1.4947861      6.8785238    
   9520000   1.0011422      5.9637449      1.5016635      6.8797487    
   9530000   0.99947457     5.9560118      1.4991622      6.8714179    
   9540000   1.0035682      5.9825413      1.5053025      6.8869002    
   9550000   1.002463       5.9567848      1.5036447      6.8820632    
   9560000   1.0098284      5.961905       1.5146925      6.8814184    
   9570000   0.99649656     5.9642721      1.4946954      6.8831252    
   9580000   0.99592064     5.9521157      1.4938315      6.8762238    
   9590000   1.0067936      5.9539243      1.5101404      6.8822711    
   9600000   0.9919744      5.9597024      1.4879123      6.8882071    
   9610000   1.0110385      5.9575613      1.5165075      6.8853561    
   9620000   0.99815432     5.9665527      1.4971819      6.8797453    
   9630000   1.0063145      5.9581707      1.5094217      6.8808537    
   9640000   1.0066377      5.9548808      1.5099065      6.8766505    
   9650000   0.99977668     5.9479118      1.4996154      6.8747537    
   9660000   1.0100278      5.9689782      1.5149915      6.8810955    
   9670000   0.99848677     5.9543319      1.4976806      6.8837821    
   9680000   1.0039078      5.9618377      1.5058118      6.8815642    
   9690000   0.99478972     5.9585467      1.4921352      6.8751472    
   9700000   1.004664       5.967939       1.5069462      6.879926     
   9710000   1.0004593      5.9555237      1.5006392      6.882145     
   9720000   1.0059526      5.9688979      1.5088789      6.8782061    
   9730000   0.99582537     5.9608383      1.4936886      6.8816009    
   9740000   0.99593613     5.9580393      1.4938547      6.8850966    
   9750000   1.0013745      5.9601423      1.502012       6.8824601    
   9760000   1.0020692      5.9653283      1.503054       6.8870243    
   9770000   0.99214613     5.9642553      1.4881699      6.8827054    
   9780000   0.99595074     5.9694728      1.4938766      6.8836653    
   9790000   0.99733906     5.9651499      1.4959591      6.8892839    
   9800000   0.99825512     5.9675011      1.4973331      6.8808907    
   9810000   1.0066129      5.9516398      1.5098694      6.8807194    
   9820000   1.0004493      5.9581028      1.5006243      6.8761794    
   9830000   1.0052018      5.9585244      1.5077527      6.8835135    
   9840000   0.99665085     5.9571832      1.4949268      6.8741425    
   9850000   0.99652545     5.9451925      1.4947387      6.8765493    
   9860000   1.0020459      5.9757807      1.5030191      6.8917038    
   9870000   0.99995652     5.9711899      1.4998851      6.8857747    
   9880000   0.99858487     5.9813698      1.4978277      6.8865945    
   9890000   0.99507402     5.9749203      1.4925616      6.876439     
   9900000   1.0057616      5.9688666      1.5085924      6.8829561    
   9910000   1.0013801      5.973947       1.5020204      6.8863002    
   9920000   1.0044094      5.9547358      1.5065643      6.8773835    
   9930000   0.98250239     5.9605363      1.4737048      6.8891929    
   9940000   1.0017863      5.9710095      1.5026297      6.8858582    
   9950000   0.99076179     5.9699511      1.4860935      6.8797231    
   9960000   0.99778556     5.9725345      1.4966288      6.883899     
   9970000   0.99296149     5.9699081      1.4893929      6.8954447    
   9980000   1.003035       5.959988       1.5045027      6.8747359    
   9990000   1.0037978      5.9684115      1.5056468      6.8812135    
  10000000   0.99193387     5.9493973      1.4878515      6.8812002    
  10010000   0.9968144      5.9478449      1.4951721      6.8767962    
  10020000   1.0034551      5.9615585      1.5051328      6.8847303    
  10030000   1.0004071      5.9550247      1.500561       6.8785707    
  10040000   1.0084548      5.9591084      1.5126321      6.8815115    
  10050000   0.99383357     5.9649778      1.490701       6.880937     
  10060000   1.0043313      5.9606317      1.506447       6.8872085    
  10070000   0.99883893     5.9622864      1.4982088      6.888657     
  10080000   0.98688049     5.9622934      1.4802717      6.8804662    
  10090000   1.0008566      5.9615707      1.5012351      6.8768498    
  10100000   1.0113776      5.9556143      1.5170161      6.8844117    
  10110000   1.0012435      5.9612711      1.5018155      6.8839614    
  10120000   1.0031771      5.9628697      1.5047158      6.8861399    
  10130000   1.0017189      5.9571935      1.5025285      6.8799117    
  10140000   1.007035       5.9580754      1.5105025      6.8736014    
  10150000   1.0030908      5.9543513      1.5045863      6.8768049    
  10160000   0.9954938      5.9664589      1.4931913      6.8857972    
  10170000   1.0030371      5.9747151      1.5045059      6.8848715    
  10180000   1.0119378      5.9665241      1.5178564      6.8858719    
  10190000   0.99827717     5.9626258      1.4973662      6.8805353    
  10200000   1.0008211      5.9453151      1.5011819      6.8802897    
  10210000   1.0041364      5.9501754      1.5061547      6.8751693    
  10220000   1.0067177      5.9502133      1.5100265      6.8758614    
  10230000   1.0006978      5.9590582      1.500997       6.8806157    
  10240000   0.99524029     5.9598509      1.492811       6.8832712    
  10250000   1.0015252      5.9383063      1.502238       6.873347     
  10260000   0.99366971     5.9411554      1.4904552      6.8853567    
  10270000   0.99585631     5.9465342      1.493735       6.8838535    
  10280000   0.99573221     5.9486333      1.4935489      6.8840376    
  10290000   1.0018098      5.9356753      1.5026649      6.8735214    
  10300000   1.008668       5.9694552      1.512952       6.8917774    
  10310000   1.0038773      5.9615695      1.5057661      6.8869898    
  10320000   1.0063223      5.9534606      1.5094335      6.8801345    
  10330000   1.0087819      5.9406206      1.5131228      6.8802421    
  10340000   0.99419655     5.9567149      1.4912454      6.8836837    
  10350000   1.0016536      5.960016       1.5024307      6.8828478    
  10360000   1.0130797      5.9534031      1.5195692      6.88068      
  10370000   0.99422434     5.9565502      1.4912871      6.8855218    
  10380000   0.9922818      5.9597421      1.4883734      6.8821304    
  10390000   1.0024674      5.9628677      1.5036513      6.8846258    
  10400000   1.0033017      5.9547464      1.5049027      6.8867899    
  10410000   1.0063501      5.9511523      1.5094752      6.8744442    
  10420000   0.99724117     5.9677981      1.4958122      6.8845656    
  10430000   1.0034893      5.9696943      1.5051841      6.8884465    
  10440000   0.99964527     5.9540053      1.4994183      6.8762449    
  10450000   1.0014671      5.9556662      1.5021509      6.8835975    
  10460000   1.0128593      5.9543557      1.5192387      6.8914497    
  10470000   1.0036809      5.9551452      1.5054714      6.8873476    
  10480000   0.99918007     5.944939       1.4987205      6.8758896    
  10490000   1.0067401      5.9517546      1.5100601      6.8810391    
  10500000   1.0077739      5.9553523      1.5116108      6.887051     
  10510000   1.0100055      5.9353071      1.5149581      6.8753083    
  10520000   0.9960337      5.9541936      1.4940011      6.8880206    
  10530000   1.0005123      5.9467799      1.5007187      6.8750027    
  10540000   0.99635875     5.9462378      1.4944886      6.8747832    
  10550000   0.99485808     5.9596801      1.4922377      6.8850292    
  10560000   1.0001597      5.9412883      1.5001899      6.8789261    
  10570000   0.9975271      5.9449524      1.4962411      6.8818676    
  10580000   1.0029034      5.9479147      1.5043053      6.8799518    
  10590000   1.0000115      5.9589176      1.4999677      6.8842167    
  10600000   1.0001675      5.9541596      1.5002016      6.8797941    
  10610000   1.0030062      5.949657       1.5044594      6.8753847    
  10620000   0.99912619     5.9513291      1.4986397      6.8825059    
  10630000   0.99575824     5.9492095      1.4935879      6.8806735    
  10640000   0.99778218     5.9533642      1.4966237      6.8878405    
  10650000   0.99937498     5.9510739      1.4990128      6.8827771    
  10660000   0.998201       5.9525723      1.4972519      6.8801913    
  10670000   0.99401216     5.9490649      1.4909689      6.8842587    
  10680000   0.9995381      5.9364175      1.4992575      6.8836449    
  10690000   0.99627188     5.9284294      1.4943583      6.8708774    
  10700000   0.99626073     5.9450841      1.4943416      6.8858677    
  10710000   1.0004953      5.9353251      1.5006933      6.8811568    
  10720000   0.99512832     5.947477       1.4926431      6.8877748    
  10730000   0.99653373     5.9536659      1.4947511      6.8847755    
  10740000   0.99647021     5.9315665      1.4946558      6.8829815    
  10750000   0.99978506     5.9265165      1.4996279      6.8794748    
  10760000   1.0044422      5.9364974      1.5066134      6.8806471    
  10770000   0.9946904      5.9358211      1.4919862      6.8830253    
  10780000   1.0068977      5.918185       1.5102966      6.8741613    
  10790000   0.99645643     5.9388884      1.4946352      6.8834204    
  10800000   0.99977633     5.9389821      1.4996148      6.8778055    
  10810000   1.0037108      5.9372381      1.5055163      6.8815772    
  10820000   1.0078453      5.9410311      1.5117179      6.8845064    
  10830000   0.99576925     5.9516042      1.4936044      6.8804614    
  10840000   0.99290231     5.9606412      1.4893041      6.8852536    
  10850000   0.99079803     5.9462736      1.4861478      6.8808249    
  10860000   1.0015453      5.9357672      1.5022682      6.880115     
  10870000   0.99753228     5.9375585      1.4962489      6.8787594    
  10880000   0.99720949     5.9519532      1.4957647      6.8912619    
  10890000   0.99609853     5.9535203      1.4940983      6.88775      
  10900000   0.99807241     5.951541       1.497059       6.8811531    
  10910000   1.0044431      5.9398841      1.5066148      6.8740484    
  10920000   0.99953461     5.9448418      1.4992523      6.8859332    
  10930000   0.99487698     5.9371903      1.4922661      6.8821696    
  10940000   1.0018079      5.9374657      1.5026621      6.8872783    
  10950000   1.0000712      5.9395979      1.5000571      6.8821618    
  10960000   1.0037871      5.9404997      1.5056307      6.8810847    
  10970000   0.99736838     5.9645345      1.496003       6.8915906    
  10980000   0.99726394     5.9595011      1.4958464      6.8877506    
  10990000   1.0051951      5.948901       1.5077427      6.8765406    
  11000000   1.0078385      5.9433263      1.5117077      6.877465     
  11010000   0.99941142     5.9460491      1.4990675      6.8832796    
  11020000   1.0107917      5.9359451      1.5161373      6.8799135    
  11030000   1.0041709      5.9371744      1.5062064      6.8841558    
  11040000   1.0026782      5.9517044      1.5039675      6.8814959    
  11050000   1.0045971      5.9531303      1.5068457      6.8850752    
  11060000   1.0001553      5.9520067      1.5001833      6.8815756    
  11070000   1.0022423      5.9306583      1.5033137      6.8687206    
  11080000   0.99567784     5.945926       1.4934673      6.8822152    
  11090000   1.010348       5.9522454      1.5154718      6.8834493    
  11100000   0.99816533     5.9355122      1.4971984      6.8767783    
  11110000   0.99533462     5.9455956      1.4929525      6.8738994    
  11120000   1.0001987      5.959689       1.5002484      6.8810403    
  11130000   0.99438916     5.9493323      1.4915343      6.8848798    
  11140000   1.0021138      5.9515993      1.503121       6.8854743    
  11150000   0.9998792      5.9460434      1.4997691      6.8840307    
  11160000   0.99712266     5.9524746      1.4956345      6.8844159    
  11170000   0.99781028     5.9485845      1.4966659      6.8819111    
  11180000   1.0008419      5.9431005      1.5012132      6.8805256    
  11190000   0.99647602     5.9509212      1.4946645      6.8864552    
  11200000   1.00334        5.949286       1.5049601      6.892297     
  11210000   0.99798522     5.9300104      1.4969283      6.8722733    
  11220000   0.99424297     5.9519421      1.4913151      6.8860549    
  11230000   1.0087874      5.9609549      1.5131309      6.8865025    
  11240000   0.99900282     5.9555467      1.4984546      6.8834811    
  11250000   1.0009293      5.9508116      1.5013442      6.8759476    
  11260000   1.0034788      5.9600663      1.5051684      6.8845631    
  11270000   1.0013335      5.9562249      1.5019505      6.8877795    
  11280000   1.0031712      5.9452193      1.504707       6.8824488    
  11290000   0.99773487     5.9542851      1.4965527      6.8875354    
  11300000   1.0102959      5.9355743      1.5153936      6.8783315    
  11310000   0.99861565     5.9542295      1.4978739      6.8843909    
  11320000   0.99984111     5.9608119      1.499712       6.884467     
  11330000   1.0030864      5.9544129      1.5045798      6.8849431    
  11340000   0.99516236     5.9495802      1.4926941      6.8736426    
  11350000   0.99736373     5.9506148      1.4959961      6.8790216    
  11360000   1.0067324      5.954036       1.5100486      6.8865483    
  11370000   0.99518985     5.964728       1.4927353      6.8896404    
  11380000   0.99034073     5.9490791      1.4854619      6.8845955    
  11390000   1.006218       5.9600155      1.509277       6.883307     
  11400000   1.0058606      5.9489463      1.508741       6.8720623    
  11410000   0.999578       5.967194       1.4993174      6.8908053    
  11420000   0.99941106     5.9526053      1.4990669      6.8848987    
  11430000   0.99541916     5.9637316      1.4930793      6.8896065    
  11440000   1.0025972      5.9650808      1.5038461      6.8796043    
  11450000   0.99953315     5.9710404      1.4992501      6.8932988    
  11460000   0.98964987     5.9649939      1.4844257      6.8835104    
  11470000   0.99799875     5.9598802      1.4969486      6.8841147    
  11480000   1.0024658      5.9547999      1.503649       6.8802485    
  11490000   0.9966099      5.9620594      1.4948653      6.8802233    
  11500000   1.0018237      5.9501709      1.5026858      6.8818912    
  11510000   1.0017491      5.9544404      1.502574       6.8786483    
  11520000   0.99838429     5.9540953      1.4975269      6.8821896    
  11530000   1.0041732      5.9600291      1.50621        6.880897     
  11540000   1.0009399      5.958974       1.5013602      6.8808533    
  11550000   0.99546273     5.9576374      1.4931447      6.886263     
  11560000   0.99822595     5.9589555      1.4972893      6.8758955    
  11570000   1.0015737      5.9625242      1.5023108      6.8846797    
  11580000   0.9986144      5.9296909      1.497872       6.8696926    
  11590000   1.005755       5.9631451      1.5085825      6.8923338    
  11600000   1.0064484      5.9501632      1.5096227      6.8852812    
  11610000   1.0011754      5.9495309      1.5017134      6.8770583    
  11620000   1.0021889      5.9524457      1.5032336      6.8844542    
  11630000   0.99522749     5.9369854      1.4927918      6.8735108    
  11640000   0.99831195     5.9684982      1.4974183      6.8843505    
  11650000   0.99902397     5.9438828      1.4984863      6.883875     
  11660000   0.99817159     5.9439003      1.4972078      6.8734028    
  11670000   1.0039358      5.9556296      1.5058539      6.8815847    
  11680000   0.9985003      5.954985       1.4977008      6.8924641    
  11690000   0.99718447     5.9523461      1.4957272      6.8860145    
  11700000   1.0041013      5.9517786      1.506102       6.8787698    
  11710000   0.99980453     5.9449776      1.4996571      6.8809095    
  11720000   0.99204955     5.9518612      1.4880251      6.883034     
  11730000   0.9995335      5.9511871      1.4992506      6.8778136    
  11740000   1.0064079      5.9482424      1.5095619      6.8804729    
  11750000   1.0007017      5.961408       1.5010028      6.88463      
  11760000   0.99744729     5.9433832      1.4961214      6.8848428    
  11770000   1.0034593      5.9558453      1.5051392      6.8825729    
  11780000   0.99849032     5.9362187      1.4976859      6.8744121    
  11790000   1.0040365      5.9615918      1.5060049      6.8865624    
  11800000   1.0059745      5.9675451      1.5089118      6.8927365    
  11810000   1.0088795      5.9573112      1.5132692      6.8797955    
  11820000   0.9968624      5.9569145      1.4952441      6.8809602    
  11830000   0.99561394     5.9441436      1.4933715      6.8779118    
  11840000   1.0071524      5.9515963      1.5106786      6.878279     
  11850000   1.0014721      5.9541227      1.5021585      6.881465     
  11860000   0.99544018     5.9549676      1.4931108      6.8861689    
  11870000   0.99831515     5.9462634      1.4974231      6.8809153    
  11880000   0.99801449     5.9406383      1.4969722      6.8785044    
  11890000   1.002194       5.9363231      1.5032412      6.8840424    
  11900000   1.0039535      5.938175       1.5058804      6.8750208    
  11910000   0.99779178     5.9397169      1.4966381      6.8812066    
  11920000   1.0036699      5.927029       1.505455       6.8705907    
  11930000   1.0080953      5.9368498      1.5120928      6.872091     
  11940000   0.99473357     5.9620933      1.4920509      6.8891427    
  11950000   1.0046729      5.9463844      1.5069594      6.8801485    
  11960000   0.99575756     5.9469854      1.4935869      6.8844525    
  11970000   1.0018391      5.9410284      1.5027089      6.8751896    
  11980000   0.9885767      5.9473488      1.482816       6.881759     
  11990000   0.99543427     5.9581287      1.493102       6.8866668    
  12000000   0.99829458     5.9451748      1.4973923      6.882445     
  12010000   0.99812356     5.9438226      1.4971358      6.8788154    
  12020000   1.0030184      5.9374343      1.5044778      6.8763337    
  12030000   0.98635238     5.9570454      1.4794796      6.8867348    
  12040000   0.9965513      5.9455014      1.4947774      6.8877873    
  12050000   1.0003718      5.942924       1.500508       6.8796528    
  12060000   0.99844902     5.9493488      1.4976239      6.880865     
  12070000   0.99629001     5.9594211      1.4943855      6.886747     
  12080000   1.0077894      5.9617827      1.511634       6.8828419    
  12090000   0.99759822     5.9585646      1.4963478      6.8914275    
  12100000   1.0062566      5.948753       1.5093349      6.8822873    
  12110000   1.003351       5.950378       1.5049767      6.8857713    
  12120000   1.0044937      5.9439613      1.5066906      6.8885608    
  12130000   0.99586539     5.9512404      1.4937486      6.8836704    
  12140000   1.0013079      5.9420068      1.5019122      6.8830401    
  12150000   0.99902975     5.9423185      1.498495       6.8862434    
  12160000   0.99970152     5.9414443      1.4995026      6.8843707    
  12170000   0.99345657     5.9512332      1.4901355      6.884865     
  12180000   1.0027308      5.9342471      1.5040463      6.8739646    
  12190000   1.004555       5.9357497      1.5067826      6.8807       
  12200000   1.0045574      5.9521831      1.5067862      6.887636     
  12210000   1.0032884      5.939545       1.5048828      6.8891176    
  12220000   1.0007537      5.9346945      1.5010808      6.8802526    
  12230000   0.99714652     5.9398728      1.4956703      6.8842722    
  12240000   0.99797803     5.9289192      1.4969175      6.8752933    
  12250000   0.99905467     5.9503531      1.4985324      6.8835581    
  12260000   1.0035963      5.9306355      1.5053446      6.8688544    
  12270000   1.0000586      5.9452411      1.5000383      6.8843142    
  12280000   0.99405552     5.9371345      1.4910339      6.8775787    
  12290000   0.9929562      5.9438126      1.489385       6.8780966    
  12300000   0.99955759     5.947178       1.4992867      6.8903853    
  12310000   0.99788939     5.9520483      1.4967845      6.891242     
  12320000   1.0100024      5.9419924      1.5149535      6.8910132    
  12330000   1.0006962      5.9378266      1.5009946      6.8849493    
  12340000   0.99949627     5.924231       1.4991948      6.880147     
  12350000   0.99382686     5.9489462      1.4906909      6.8825332    
  12360000   1.0007827      5.9419213      1.5011243      6.8787546    
  12370000   1.0011945      5.9541884      1.501742       6.8883985    
  12380000   1.0004155      5.9444926      1.5005736      6.8817445    
  12390000   1.0005685      5.9386867      1.500803       6.880885     
  12400000   0.9990852      5.9317643      1.4985782      6.8858374    
  12410000   0.99447963     5.9294255      1.4916701      6.8743213    
  12420000   0.99485246     5.9462184      1.4922293      6.8804191    
  12430000   0.99509897     5.9605436      1.492599       6.8874834    
  12440000   0.99912558     5.9489854      1.4986387      6.8764308    
  12450000   1.0038971      5.9651827      1.5057958      6.8916056    
  12460000   1.0009174      5.9557335      1.5013264      6.8869633    
  12470000   1.002134       5.9469342      1.5031512      6.8803309    
  12480000   1.0027285      5.9507102      1.5040429      6.8828507    
  12490000   1.0021442      5.9528241      1.5031666      6.8776567    
  12500000   1.0068589      5.9651011      1.5102383      6.8962069    
  12510000   0.99464629     5.9651784      1.49192        6.8923507    
  12520000   0.99476749     5.9534481      1.4921018      6.8843134    
  12530000   1.0001576      5.9510174      1.5001868      6.8835591    
  12540000   1.0005588      5.9400055      1.5007885      6.8790736    
  12550000   1.0102297      5.9491148      1.5152944      6.8869717    
  12560000   0.99940329     5.9555165      1.4990553      6.8820446    
  12570000   1.0010272      5.949343       1.5014911      6.8806508    
  12580000   1.0025119      5.9453141      1.503718       6.8792121    
  12590000   0.99740475     5.9253497      1.4960576      6.8797371    
  12600000   1.007565       5.95291        1.5112975      6.8805564    
  12610000   1.0055353      5.956544       1.508253       6.8909895    
  12620000   0.99695263     5.9547057      1.4953794      6.8886545    
  12630000   0.99326482     5.9629491      1.4898479      6.8808789    
  12640000   1.0015891      5.9532442      1.5023339      6.8808438    
  12650000   0.9970563      5.9681875      1.4955349      6.8920784    
  12660000   1.0051457      5.937679       1.5076686      6.8691328    
  12670000   1.0008133      5.9418503      1.5011702      6.8840704    
  12680000   0.99872167     5.9393329      1.4980329      6.8843672    
  12690000   0.99553547     5.9444189      1.4932538      6.8794382    
  12700000   1.000794       5.9314168      1.5011412      6.8775318    
  12710000   1.005144       5.9422605      1.5076661      6.8793133    
  12720000   1.0093279      5.9438888      1.5139416      6.8903972    
  12730000   1.0022495      5.9416486      1.5033245      6.8851522    
  12740000   1.0025133      5.9539736      1.5037201      6.895889     
  12750000   1.0013886      5.9450555      1.5020331      6.8820546    
  12760000   0.99039047     5.9461668      1.4855365      6.8778721    
  12770000   1.0067916      5.9572662      1.5101374      6.884571     
  12780000   0.99962121     5.9672829      1.4993822      6.8893675    
  12790000   0.99909745     5.9545431      1.4985966      6.8781921    
  12800000   0.99369457     5.939266       1.4904925      6.8760468    
  12810000   1.0013639      5.9600776      1.5019961      6.8845849    
  12820000   1.0028281      5.9557362      1.5041923      6.8897834    
  12830000   0.99817616     5.9527918      1.4972147      6.8817252    
  12840000   0.99393929     5.9541266      1.4908596      6.8842785    
  12850000   1.0041363      5.9331545      1.5061546      6.8770664    
  12860000   1.005101       5.9405839      1.5076015      6.8769006    
  12870000   0.99879501     5.9437975      1.4981429      6.8754171    
  12880000   0.99504228     5.9429075      1.492514       6.8877614    
  12890000   1.0022249      5.9458261      1.5032875      6.8890071    
  12900000   0.99236317     5.9345832      1.4884955      6.8746219    
  12910000   1.0037738      5.9371159      1.5056109      6.8776257    
  12920000   0.99437212     5.9657612      1.4915088      6.8927876    
  12930000   1.0013506      5.9558915      1.5019761      6.8821075    
  12940000   1.0043568      5.9471168      1.5064853      6.8777861    
  12950000   0.99893265     5.9492561      1.4983494      6.8790525    
  12960000   0.99773393     5.9494714      1.4965513      6.8874356    
  12970000   1.0107673      5.9579698      1.5161008      6.8968436    
  12980000   1.0057531      5.9581517      1.5085797      6.8863048    
  12990000   0.99738896     5.9308233      1.4960339      6.8723005    
  13000000   1.0042348      5.9571428      1.5063023      6.8919891    
  13010000   1.0018928      5.9434252      1.5027895      6.8781917    
  13020000   1.0026296      5.929501       1.5038946      6.8800046    
  13030000   0.99586701     5.9301314      1.4937511      6.8819605    
  13040000   0.99982492     5.9418925      1.4996877      6.887956     
  13050000   0.99485871     5.9418971      1.4922386      6.87834      
  13060000   0.99468537     5.9356633      1.4919787      6.8825086    
  13070000   1.0058885      5.9389042      1.5087828      6.8837652    
  13080000   0.99926559     5.9268108      1.4988488      6.8766867    
  13090000   0.99993266     5.939119       1.4998493      6.8823732    
  13100000   1.0026485      5.9500312      1.5039229      6.8802921    
  13110000   1.0044553      5.9516473      1.5066331      6.8812655    
  13120000   1.0080725      5.9346622      1.5120586      6.88446      
  13130000   1.0021026      5.9451301      1.5031041      6.8828851    
  13140000   0.99490943     5.9330352      1.4923147      6.8798947    
  13150000   0.99950297     5.9348657      1.4992048      6.8900971    
  13160000   1.0047867      5.9380662      1.5071302      6.8809634    
  13170000   1.003729       5.9401948      1.5055436      6.8803373    
  13180000   0.9969916      5.937657       1.4954379      6.8806552    
  13190000   0.99275997     5.9299465      1.4890906      6.875043     
  13200000   1.006795       5.9576046      1.5101424      6.8803724    
  13210000   0.99324133     5.9564217      1.4898127      6.8858531    
  13220000   0.99936382     5.9479993      1.4989961      6.8787489    
  13230000   1.0035695      5.9416904      1.5053045      6.8807186    
  13240000   0.99952276     5.9538289      1.4992345      6.8907466    
  13250000   1.0004888      5.9533231      1.5006835      6.8809636    
  13260000   1.0031936      5.9453538      1.5047406      6.8849537    
  13270000   0.99547527     5.9390807      1.4931635      6.8764056    
  13280000   0.99735734     5.9486707      1.4959865      6.8842301    
  13290000   0.99867006     5.9378172      1.4979555      6.8783058    
  13300000   0.99599638     5.9437387      1.4939451      6.8802712    
  13310000   0.99962882     5.9388627      1.4993936      6.8802367    
  13320000   0.99547315     5.9427985      1.4931603      6.8823153    
  13330000   1.0006341      5.9503863      1.5009015      6.8839471    
  13340000   1.0063528      5.9491951      1.5094792      6.8830457    
  13350000   1.0049044      5.9416862      1.5073068      6.8722709    
  13360000   1.0067899      5.9572884      1.5101348      6.8809006    
  13370000   0.99893828     5.9445907      1.4983578      6.8851019    
  13380000   0.99531873     5.945561       1.4929287      6.886154     
  13390000   0.99763763     5.9476918      1.4964069      6.8834302    
  13400000   0.9920433      5.9427812      1.4880157      6.8736026    
  13410000   1.0016646      5.9474395      1.5024472      6.8800626    
  13420000   1.0017566      5.9574983      1.5025851      6.8826901    
  13430000   0.99403672     5.9468016      1.4910057      6.8824752    
  13440000   0.99325688     5.939485       1.489836       6.8804178    
  13450000   0.99970131     5.9509674      1.4995023      6.8868915    
  13460000   1.0024893      5.9413148      1.5036842      6.8783989    
  13470000   0.997106       5.9556244      1.4956095      6.8840759    
  13480000   0.99417845     5.9475604      1.4912183      6.8805399    
  13490000   1.0008968      5.9412555      1.5012955      6.883903     
  13500000   1.0006825      5.9419735      1.5009741      6.8884552    
  13510000   1.0090999      5.9499075      1.5135997      6.8821103    
  13520000   0.9998647      5.9436324      1.4997474      6.882869     
  13530000   1.0031054      5.9325828      1.5046083      6.8833443    
  13540000   1.0054923      5.931871       1.5081885      6.8798931    
  13550000   1.006253       5.9418055      1.5093295      6.8791199    
  13560000   1.0028579      5.947576       1.5042371      6.8904948    
  13570000   1.0018473      5.9524067      1.5027211      6.8883528    
  13580000   0.99671639     5.9400718      1.4950251      6.8772401    
  13590000   0.99628524     5.9271764      1.4943784      6.8852608    
  13600000   0.99269363     5.926869       1.4889911      6.8826771    
  13610000   0.99307753     5.9271023      1.489567       6.8839744    
  13620000   0.99148576     5.9283442      1.4871794      6.8797046    
  13630000   1.0007814      5.9283         1.5011224      6.8770385    
  13640000   0.9997912      5.9327195      1.4996371      6.8839172    
  13650000   0.9998098      5.9387434      1.499665       6.8805371    
  13660000   0.99373185     5.9348557      1.4905484      6.8880887    
  13670000   1.0071958      5.9391532      1.5107437      6.8858119    
  13680000   0.99348549     5.928141       1.4901789      6.8756982    
  13690000   1.0022233      5.9401777      1.5032852      6.8836229    
  13700000   0.99963801     5.9270787      1.4994074      6.8761311    
  13710000   1.0018059      5.9387336      1.5026592      6.8767108    
  13720000   0.99734978     5.9426462      1.4959751      6.8805763    
  13730000   1.0009293      5.9477622      1.5013443      6.882861     
  13740000   1.0030953      5.9394449      1.5045932      6.872779     
  13750000   1.0029679      5.9432251      1.504402       6.8829542    
  13760000   0.99083466     5.9318549      1.4862028      6.8764641    
  13770000   1.0069795      5.9535412      1.5104192      6.8785598    
  13780000   1.0024676      5.9615149      1.5036517      6.8840968    
  13790000   0.98961077     5.9570877      1.484367       6.8811624    
  13800000   1.0056774      5.9607553      1.5084662      6.886131     
  13810000   1.0042415      5.9370336      1.5063124      6.8694462    
  13820000   1.0008032      5.9477903      1.501155       6.8804465    
  13830000   0.99835213     5.9462145      1.4974786      6.88091      
  13840000   0.99930635     5.9471997      1.4989099      6.8814211    
  13850000   0.99823257     5.9397171      1.4972993      6.8824341    
  13860000   1.0040059      5.9374114      1.505959       6.8789156    
  13870000   1.006809       5.9408978      1.5101635      6.8787514    
  13880000   0.98984404     5.9429627      1.4847169      6.8853453    
  13890000   1.0054618      5.945771       1.5081427      6.8754848    
  13900000   0.99849666     5.9434205      1.4976954      6.8757913    
  13910000   0.99746391     5.9458234      1.4961463      6.8847581    
  13920000   0.99349226     5.9540378      1.490189       6.8795838    
  13930000   1.0047468      5.9359149      1.5070703      6.8837877    
  13940000   1.0060234      5.9401342      1.5089851      6.8825117    
  13950000   0.99848387     5.9339293      1.4976762      6.8750186    
  13960000   1.0068251      5.925481       1.5101876      6.8798136    
  13970000   1.0005024      5.937169       1.5007039      6.883677     
  13980000   1.0054028      5.9361291      1.5080542      6.8796541    
  13990000   0.99389118     5.9266227      1.4907874      6.8720661    
  14000000   1.0042115      5.941334       1.5062674      6.8798414    
  14010000   1.0022344      5.938766       1.5033018      6.8848659    
  14020000   1.0061944      5.9255496      1.5092416      6.8764618    
  14030000   0.99785738     5.9467994      1.4967365      6.8836105    
  14040000   1.0005304      5.9435766      1.5007459      6.889421     
  14050000   1.0060915      5.9366947      1.5090873      6.8794605    
  14060000   0.99303427     5.9366451      1.4895021      6.8897266    
  14070000   1.0007766      5.9325965      1.5011152      6.8850129    
  14080000   0.99776812     5.937627       1.4966026      6.8758061    
  14090000   0.99062744     5.9332132      1.485892       6.8791413    
  14100000   1.00015        5.9513397      1.5001753      6.8849494    
  14110000   1.0004883      5.9398755      1.5006828      6.8811313    
  14120000   0.99933783     5.9428913      1.4989571      6.8816518    
  14130000   0.99996102     5.9435948      1.4998919      6.8857598    
  14140000   1.0063739      5.9325015      1.5095109      6.8794389    
  14150000   1.0084994      5.9482181      1.512699       6.8868116    
  14160000   0.99449707     5.931208       1.4916962      6.8797019    
  14170000   0.9938756      5.9265034      1.490764       6.8820208    
  14180000   0.99848185     5.942989       1.4976732      6.8875037    
  14190000   0.99535002     5.9342306      1.4929756      6.8787326    
  14200000   1.001392       5.9354653      1.5020383      6.8774108    
  14210000   1.0034654      5.9434454      1.5051483      6.8822478    
  14220000   1.0125682      5.9370652      1.5188021      6.8788466    
  14230000   1.0069636      5.9469326      1.5103954      6.8833821    
  14240000   1.008732       5.9509462      1.5130479      6.883369     
  14250000   1.0069418      5.9441809      1.5103627      6.8797575    
  14260000   0.99085636     5.9269033      1.4862353      6.8759889    
  14270000   1.0124087      5.95568        1.5185627      6.8848125    
  14280000   1.0040331      5.9462033      1.5059997      6.8844667    
  14290000   0.99347947     5.92964        1.4901699      6.8776697    
  14300000   1.0061956      5.9462072      1.5092434      6.8879618    
  14310000   0.9954069      5.9222763      1.4930609      6.8732016    
  14320000   1.0044538      5.9352345      1.5066309      6.8854909    
  14330000   0.99773588     5.9382682      1.4965543      6.8888807    
  14340000   0.9924498      5.9358136      1.4886254      6.8906368    
  14350000   1.0003772      5.9272643      1.5005161      6.8846696    
  14360000   1.0024091      5.9205416      1.5035639      6.8711057    
  14370000   1.0021945      5.93433        1.503242       6.8845144    
  14380000   1.0051543      5.922216       1.5076815      6.8809989    
  14390000   1.0003219      5.9335106      1.5004331      6.8778538    
  14400000   0.99639286     5.9285899      1.4945398      6.884297     
  14410000   0.99904769     5.9285542      1.4985219      6.8749881    
  14420000   1.0007988      5.9308555      1.5011484      6.8833808    
  14430000   0.99355395     5.9451231      1.4902816      6.8883589    
  14440000   0.9998626      5.9391932      1.4997442      6.8843013    
  14450000   0.99123822     5.9153308      1.4868081      6.8741778    
  14460000   0.99943393     5.9171116      1.4991013      6.8806568    
  14470000   0.9928966      5.921988       1.4892956      6.8855086    
  14480000   1.0029586      5.9329426      1.5043881      6.8824458    
  14490000   0.99751964     5.9420992      1.4962299      6.8760973    
  14500000   0.99550912     5.9362665      1.4932142      6.878568     
  14510000   0.99486627     5.9308278      1.49225        6.8854416    
  14520000   1.0071049      5.935646       1.5106073      6.8792059    
  14530000   0.9992438      5.9314503      1.4988161      6.8863336    
  14540000   0.99474752     5.9373801      1.4920719      6.8819501    
  14550000   0.99840307     5.9407585      1.497555       6.8830823    
  14560000   0.99816454     5.9459837      1.4971972      6.8841378    
  14570000   1.001389       5.941343       1.5020338      6.8832896    
  14580000   0.99687146     5.9311431      1.4952577      6.8756057    
  14590000   0.99633299     5.9294686      1.49445        6.8822508    
  14600000   1.001605       5.9181619      1.5023578      6.8785127    
  14610000   1.0059643      5.9268165      1.5088965      6.8841281    
  14620000   0.99960703     5.947959       1.4993609      6.8915808    
  14630000   0.99914331     5.9367849      1.4986653      6.8860306    
  14640000   1.0031929      5.9377342      1.5047395      6.8854456    
  14650000   0.99421197     5.9346419      1.4912686      6.8855589    
  14660000   1.0001919      5.9455934      1.5002382      6.8882585    
  14670000   0.99833361     5.9564291      1.4974508      6.8854379    
  14680000   1.0002253      5.9299872      1.5002882      6.8797094    
  14690000   1.0058429      5.935397       1.5087144      6.8820015    
  14700000   1.001643       5.9268511      1.5024147      6.8754577    
  14710000   1.0000187      5.9392597      1.4999785      6.8801498    
  14720000   1.0051456      5.9469579      1.5076685      6.8844494    
  14730000   0.99765805     5.9222368      1.4964375      6.8801325    
  14740000   1.0073218      5.9391348      1.5109327      6.8748719    
  14750000   1.0066419      5.9426123      1.5099128      6.8829347    
  14760000   0.99584874     5.9348695      1.4937236      6.8808135    
  14770000   1.0055157      5.9489584      1.5082235      6.884563     
  14780000   1.0068636      5.9381648      1.5102454      6.8852733    
  14790000   1.0106164      5.9391645      1.5158744      6.8858274    
  14800000   0.99365956     5.9381182      1.49044        6.8762822    
  14810000   1.0030104      5.9419855      1.5044658      6.8876414    
  14820000   0.99868973     5.9351918      1.497985       6.8752775    
  14830000   0.98807181     5.9351625      1.4820586      6.8783935    
  14840000   0.99363662     5.9505762      1.4904056      6.8776505    
  14850000   1.0017789      5.9340151      1.5026186      6.879039     
  14860000   0.99878789     5.9377005      1.4981322      6.8826761    
  14870000   0.99810604     5.9227117      1.4971095      6.875892     
  14880000   0.99604521     5.9260964      1.4940183      6.8803214    
  14890000   0.99706678     5.9352449      1.4955506      6.8816988    
  14900000   0.99939606     5.9308951      1.4990445      6.8776135    
  14910000   1.0008219      5.9423561      1.5011831      6.8819528    
  14920000   1.0038867      5.9421386      1.5057802      6.8887973    
  14930000   1.0041501      5.9447336      1.5061752      6.8834191    
  14940000   1.0090874      5.9518474      1.513581       6.8855676    
  14950000   1.0006141      5.9410889      1.5008715      6.8835206    
  14960000   0.99611498     5.9475023      1.494123       6.8812093    
  14970000   0.99927385     5.9542811      1.4988611      6.8929911    
  14980000   1.0083948      5.9354674      1.5125421      6.8795175    
  14990000   1.003166       5.9400255      1.5046992      6.8859218    
  15000000   1.0002159      5.9360814      1.5002741      6.8788661    
  15010000   1.0083313      5.9373282      1.5124469      6.8807954    
  15020000   1.0056498      5.9499154      1.5084248      6.8821364    
  15030000   1.0008881      5.9552895      1.5012825      6.8857413    
  15040000   0.99355498     5.9537647      1.4902831      6.8786655    
  15050000   1.0036303      5.9367394      1.5053957      6.8785597    
  15060000   0.99972296     5.9450667      1.4995348      6.8847164    
  15070000   0.99432278     5.9335463      1.4914348      6.8766875    
  15080000   0.9896946      5.9424768      1.4844927      6.8764102    
  15090000   0.99995054     5.9225855      1.4998761      6.8708508    
  15100000   0.98694029     5.9335001      1.4803614      6.8803937    
  15110000   0.99487992     5.9206809      1.4922705      6.8822827    
  15120000   0.99981453     5.9242278      1.4996721      6.8821459    
  15130000   1.0034628      5.9377673      1.5051443      6.8870675    
  15140000   0.99673459     5.9406528      1.4950524      6.8831484    
  15150000   1.0048737      5.9327154      1.5072607      6.879072     
  15160000   1.0011594      5.9310951      1.5016893      6.8854095    
  15170000   1.0043568      5.9299023      1.5064853      6.8817958    
  15180000   0.99038179     5.9281925      1.4855235      6.8785443    
  15190000   0.99792188     5.9425989      1.4968332      6.8865857    
  15200000   0.99928306     5.9242529      1.498875       6.8806936    
  15210000   1.0049673      5.9258334      1.507401       6.8801516    
  15220000   1.0045323      5.9216955      1.5067485      6.8836038    
  15230000   1.0067271      5.919884       1.5100407      6.885691     
  15240000   1.0031192      5.9367087      1.504629       6.8862885    
  15250000   0.99685786     5.9210875      1.4952373      6.8741121    
  15260000   0.99700705     5.9372769      1.4954611      6.8791177    
  15270000   0.99950834     5.9331446      1.4992129      6.8839293    
  15280000   1.0053737      5.9390759      1.5080106      6.8847026    
  15290000   0.99772761     5.9390309      1.4965419      6.8826759    
  15300000   1.000186       5.9260873      1.5002292      6.8844951    
  15310000   1.001006       5.9383224      1.5014593      6.8810923    
  15320000   0.9969555      5.9551719      1.4953837      6.8848336    
  15330000   0.99598453     5.9334891      1.4939273      6.8895737    
  15340000   1.0043643      5.9295941      1.5064966      6.8769017    
  15350000   0.99964238     5.9302488      1.4994139      6.8876972    
  15360000   1.0020766      5.9398978      1.5030651      6.8856783    
  15370000   1.0047984      5.9294663      1.5071477      6.8804044    
  15380000   1.0077702      5.9369182      1.5116052      6.8836759    
  15390000   1.0058082      5.9339603      1.5086623      6.8796302    
  15400000   1.0024406      5.9397861      1.5036111      6.886205     
  15410000   1.005586       5.9293317      1.508329       6.8741073    
  15420000   0.99838155     5.9286506      1.4975227      6.8837037    
  15430000   0.9942407      5.9321852      1.4913117      6.8876845    
  15440000   0.99876083     5.9333533      1.4980916      6.8879969    
  15450000   0.99988043     5.9362585      1.499771       6.885751     
  15460000   1.0037267      5.9407518      1.5055402      6.8842388    
  15470000   1.0109425      5.9431367      1.5163635      6.882031     
  15480000   1.0033832      5.9357031      1.5050249      6.8786322    
  15490000   1.0000355      5.9333527      1.5000036      6.8769001    
  15500000   1.0148648      5.9166149      1.5222468      6.8808717    
  15510000   1.0005316      5.9338066      1.5007477      6.8850572    
  15520000   1.001161       5.9156148      1.5016918      6.8821747    
  15530000   1.0007805      5.9271294      1.501121       6.8801099    
  15540000   0.99968041     5.9330235      1.499471       6.8804853    
  15550000   1.0023003      5.9291547      1.5034007      6.8744006    
  15560000   1.0040417      5.9378732      1.5060126      6.8866147    
  15570000   1.0028063      5.9400545      1.5041596      6.8885011    
  15580000   1.0102322      5.9301278      1.5152982      6.8813555    
  15590000   1.0066357      5.9533081      1.5099035      6.8806659    
  15600000   1.0015853      5.9414677      1.5023283      6.8769118    
  15610000   0.99965788     5.9532001      1.4994372      6.8882245    
  15620000   1.0015813      5.9395051      1.5023222      6.8782487    
  15630000   0.99647706     5.9396128      1.4946661      6.8814999    
  15640000   1.0021317      5.9295113      1.5031478      6.8784427    
  15650000   0.99781335     5.9239161      1.4966705      6.8835244    
  15660000   1.0033934      5.929546       1.5050403      6.8737239    
  15670000   0.99583755     5.9279119      1.4937069      6.8826565    
  15680000   0.9968268      5.9369278      1.4951907      6.8852372    
  15690000   1.0059569      5.9387127      1.5088853      6.8877799    
  15700000   1.0030957      5.9365286      1.5045937      6.8757364    
  15710000   1.002805       5.9367625      1.5041577      6.8846928    
  15720000   1.0037052      5.9338624      1.5055079      6.878152     
  15730000   1.0009481      5.9338817      1.5013724      6.8798644    
  15740000   1.0005716      5.9292686      1.5008077      6.8800506    
  15750000   1.0011755      5.9170905      1.5017136      6.875029     
  15760000   0.99573793     5.9275286      1.4935574      6.8812605    
  15770000   0.98995749     5.9181777      1.4848871      6.8713918    
  15780000   1.0036438      5.9273718      1.5054158      6.8775916    
  15790000   1.0044173      5.9410341      1.5065761      6.8860962    
  15800000   0.99505763     5.93148        1.492537       6.8738538    
  15810000   0.99832005     5.9492921      1.4974305      6.8823165    
  15820000   0.99890718     5.9411987      1.4983111      6.8803438    
  15830000   1.0049738      5.9342624      1.5074108      6.8805954    
  15840000   0.99393014     5.9477491      1.4908458      6.8839828    
  15850000   0.9997179      5.9280274      1.4995272      6.8775886    
  15860000   1.0031524      5.9309405      1.5046788      6.8757043    
  15870000   1.0015028      5.9307776      1.5022045      6.8882413    
  15880000   1.0013814      5.9264695      1.5020224      6.8800376    
  15890000   0.99180608     5.9168874      1.4876599      6.8748864    
  15900000   1.0013405      5.9267455      1.5019611      6.8846615    
  15910000   0.99632717     5.9360316      1.4944413      6.8822678    
  15920000   1.0069797      5.9360799      1.5104195      6.8808633    
  15930000   0.99591721     5.9454465      1.4938263      6.8835515    
  15940000   0.99287635     5.9450722      1.4892652      6.8830185    
  15950000   0.99881733     5.937924       1.4981764      6.8847161    
  15960000   1.0020146      5.9487174      1.5029721      6.8857684    
  15970000   1.0052215      5.9386894      1.5077823      6.8851745    
  15980000   1.0017697      5.9353697      1.5026048      6.8842269    
  15990000   0.99730783     5.9527832      1.4959122      6.8880992    
  16000000   1.0077454      5.9497433      1.511568       6.8890702    
  16010000   0.99742702     5.9419013      1.496091       6.8912562    
  16020000   0.99456173     5.9164609      1.4917932      6.8757534    
  16030000   1.0040465      5.9223619      1.5060198      6.8762833    
  16040000   1.0062951      5.9399771      1.5093927      6.885913     
  16050000   1.000093       5.9274507      1.5000899      6.8694249    
  16060000   1.0054349      5.913542       1.5081024      6.8693834    
  16070000   1.0009651      5.9268912      1.501398       6.8798274    
  16080000   0.99864778     5.9347368      1.4979221      6.8784518    
  16090000   0.99388194     5.9380049      1.4907736      6.8799416    
  16100000   1.0047569      5.9319506      1.5070855      6.8748223    
  16110000   1.0053478      5.941213       1.5079717      6.8831825    
  16120000   1.0012706      5.9239772      1.5018562      6.8832237    
  16130000   1.0061476      5.9267226      1.5091714      6.8760554    
  16140000   1.00584        5.9100044      1.5087101      6.874939     
  16150000   1.0009974      5.9235157      1.5014464      6.882354     
  16160000   1.0104137      5.9339517      1.5155703      6.8851947    
  16170000   0.99696248     5.9438956      1.4953942      6.8864422    
  16180000   1.0016869      5.9259664      1.5024806      6.8749584    
  16190000   1.0021247      5.9470885      1.5031372      6.8846306    
  16200000   0.9949333      5.9356342      1.4923505      6.8760799    
  16210000   0.99533466     5.9434313      1.4929526      6.886571     
  16220000   0.99773969     5.9317978      1.49656        6.8769115    
  16230000   0.99799646     5.9362249      1.4969451      6.8920137    
  16240000   0.99931543     5.9388557      1.4989235      6.8837062    
  16250000   1.0089539      5.935587       1.5133807      6.880826     
  16260000   0.99785051     5.9425909      1.4967262      6.8875199    
  16270000   0.99998786     5.9202154      1.4999321      6.8834212    
  16280000   1.0024562      5.9295333      1.5036345      6.8811055    
  16290000   1.0037592      5.9268904      1.5055889      6.8824345    
  16300000   1.000848       5.9175114      1.5012223      6.8849451    
  16310000   0.99889338     5.9401669      1.4982905      6.8797432    
  16320000   1.0014139      5.9445431      1.5020711      6.8887731    
  16330000   1.0008724      5.9106143      1.5012589      6.8703213    
  16340000   0.99731391     5.9385747      1.4959213      6.8893137    
  16350000   0.99995018     5.9291514      1.4998756      6.8747651    
  16360000   1.0044205      5.9375888      1.5065808      6.8829235    
  16370000   0.99708685     5.9348238      1.4955807      6.8836171    
  16380000   0.99875924     5.9423409      1.4980893      6.8784767    
  16390000   0.99748747     5.9392851      1.4961817      6.8764852    
  16400000   0.99711792     5.9437891      1.4956274      6.8864477    
  16410000   0.99148428     5.933869       1.4871772      6.8912994    
  16420000   0.99796847     5.9441826      1.4969031      6.8838309    
  16430000   0.99892147     5.9386559      1.4983326      6.8754136    
  16440000   1.0029307      5.9274237      1.5043462      6.8765196    
  16450000   0.99960426     5.9149559      1.4993567      6.8728586    
  16460000   1.0019835      5.9272254      1.5029255      6.8760313    
  16470000   0.99340279     5.9304447      1.4900548      6.8769372    
  16480000   1.0022573      5.9354134      1.5033362      6.8769565    
  16490000   1.0037459      5.9492116      1.505569       6.8849945    
  16500000   0.99372976     5.9322743      1.4905453      6.8835586    
  16510000   0.99878571     5.9375415      1.498129       6.8859795    
  16520000   1.01006        5.9271387      1.5150398      6.8791488    
  16530000   1.0013375      5.9321914      1.5019566      6.8793355    
  16540000   0.9911728      5.9327497      1.48671        6.8841028    
  16550000   0.99995156     5.9159687      1.4998777      6.8745316    
  16560000   1.0087866      5.9206722      1.5131297      6.8817739    
  16570000   1.0003783      5.9299046      1.5005178      6.885426     
  16580000   1.0017737      5.9282899      1.5026108      6.8792618    
  16590000   0.99936126     5.9369755      1.4989923      6.884602     
  16600000   0.99973103     5.9313206      1.4995469      6.882581     
  16610000   1.0012664      5.9330444      1.5018499      6.880054     
  16620000   0.99775184     5.9350272      1.4965782      6.8833412    
  16630000   1.0094923      5.9182698      1.5141883      6.8725919    
  16640000   0.99645154     5.9462766      1.4946278      6.8870613    
  16650000   0.9953135      5.9237769      1.4929208      6.8774785    
  16660000   1.0024545      5.9406873      1.5036319      6.890213     
  16670000   0.99717393     5.9433349      1.4957114      6.8862036    
  16680000   0.99628444     5.9238428      1.4943772      6.879952     
  16690000   0.99704758     5.9337366      1.4955218      6.8839433    
  16700000   1.0029499      5.9278195      1.5043751      6.8811595    
  16710000   0.99744622     5.9327246      1.4961198      6.8835935    
  16720000   1.0044245      5.9376862      1.5065869      6.8826364    
  16730000   1.0012245      5.9438044      1.501787       6.8831418    
  16740000   1.0057323      5.9372293      1.5085484      6.8795812    
  16750000   0.98825361     5.9396595      1.4823313      6.8807998    
  16760000   1.0083673      5.9412534      1.5125008      6.8857067    
  16770000   0.99879922     5.9340068      1.4981492      6.8842021    
  16780000   0.99491669     5.9330553      1.4923256      6.8829019    
  16790000   0.99816139     5.9269693      1.4971925      6.8744112    
  16800000   0.99464303     5.934198       1.4919151      6.8835697    
  16810000   1.0011988      5.9447245      1.5017484      6.8878065    
  16820000   1.0052675      5.9152891      1.5078514      6.8758776    
  16830000   1.0047608      5.9426379      1.5070913      6.8843958    
  16840000   1.0052316      5.9343355      1.5077974      6.8822614    
  16850000   0.99841295     5.9296719      1.4975698      6.8723725    
  16860000   0.99159918     5.9384721      1.4873495      6.8862395    
  16870000   1.0136048      5.9324162      1.5203568      6.8827079    
  16880000   1.0008107      5.9312089      1.5011664      6.8774747    
  16890000   1.0013665      5.9452829      1.502          6.8855625    
  16900000   0.99869763     5.9369035      1.4979968      6.8814041    
  16910000   1.0019441      5.9483255      1.5028664      6.8833573    
  16920000   0.9965055      5.9480671      1.4947088      6.8873356    
  16930000   0.99474731     5.9600088      1.4920716      6.8966531    
  16940000   1.0004631      5.932322       1.5006449      6.8733148    
  16950000   1.0017259      5.9351456      1.5025391      6.8857981    
  16960000   1.0014751      5.9471044      1.5021629      6.8795681    
  16970000   1.0098835      5.9527808      1.5147751      6.8855378    
  16980000   0.99531        5.9359719      1.4929156      6.8824407    
  16990000   0.9983784      5.9496433      1.497518       6.8806148    
  17000000   0.99910457     5.9313675      1.4986072      6.873646     
  17010000   1.0018765      5.9366051      1.502765       6.8823101    
  17020000   1.0016515      5.9412703      1.5024275      6.8836545    
  17030000   0.99549071     5.9271544      1.4931866      6.8801867    
  17040000   1.0017758      5.9281264      1.502614       6.877323     
  17050000   1.0008169      5.9409649      1.5011757      6.8740723    
  17060000   1.0047845      5.9405002      1.5071268      6.8766746    
  17070000   0.9928365      5.9381778      1.4892054      6.8775979    
  17080000   0.99738333     5.9632801      1.4960255      6.8925237    
  17090000   0.98812092     5.9339363      1.4821323      6.8739471    
  17100000   1.012145       5.955233       1.5181673      6.8839542    
  17110000   1.0032455      5.9325896      1.5048185      6.8782476    
  17120000   0.99866128     5.9485157      1.4979423      6.8882051    
  17130000   1.0065156      5.9496531      1.5097234      6.8835739    
  17140000   0.99918404     5.9365761      1.4987264      6.8852413    
  17150000   0.99202906     5.9367828      1.4879943      6.8857067    
  17160000   1.0060144      5.9239799      1.5089716      6.8852879    
  17170000   0.99582308     5.9443615      1.4936852      6.8849011    
  17180000   0.99933058     5.943637       1.4989462      6.8773197    
  17190000   1.0025476      5.9442575      1.5037716      6.8880651    
  17200000   0.99133114     5.9373394      1.4869475      6.8810354    
  17210000   1.0061858      5.9351605      1.5092287      6.8827671    
  17220000   0.99798201     5.9405679      1.4969234      6.8814829    
  17230000   1.0049431      5.9293751      1.5073647      6.8773204    
  17240000   1.007176       5.9557298      1.510714       6.8976546    
  17250000   1.0039678      5.9413065      1.5059019      6.8771387    
  17260000   0.99672755     5.9338704      1.4950418      6.8815998    
  17270000   0.99685213     5.944396       1.4952287      6.8863486    
  17280000   0.99866308     5.9434409      1.497945       6.8835535    
  17290000   0.99996933     5.9578919      1.4999043      6.8891573    
  17300000   1.0019305      5.9596009      1.502846       6.8829866    
  17310000   0.99370638     5.925552       1.4905102      6.8682464    
  17320000   1.0041445      5.9349361      1.5061669      6.87738      
  17330000   1.0027795      5.9473781      1.5041195      6.8858654    
  17340000   1.0037509      5.9402083      1.5055765      6.8843729    
  17350000   1.0019132      5.9401053      1.50282        6.8824111    
  17360000   0.99583971     5.9326797      1.4937101      6.8788838    
  17370000   1.0039288      5.9339831      1.5058433      6.8828523    
  17380000   0.99986799     5.9473643      1.4997523      6.8931488    
  17390000   1.0103986      5.9345742      1.5155477      6.8795975    
  17400000   1.001403       5.940595       1.5020547      6.8770757    
  17410000   1.0004209      5.9260575      1.5005816      6.8819304    
  17420000   0.99581753     5.9436177      1.4936768      6.8822081    
  17430000   0.99229477     5.9333699      1.4883929      6.8875716    
  17440000   1.0021175      5.9205463      1.5031265      6.8775172    
  17450000   1.0017618      5.9293625      1.502593       6.8828925    
  17460000   0.99522751     5.9112127      1.4927918      6.8781293    
  17470000   0.99737759     5.9292563      1.4960168      6.8823157    
  17480000   0.99663251     5.9352838      1.4948993      6.8866578    
  17490000   1.0062174      5.9336946      1.5092761      6.8796609    
  17500000   0.99329412     5.9338701      1.4898918      6.886463     
  17510000   0.99987045     5.9425792      1.499756       6.8893747    
  17520000   0.99594855     5.9282417      1.4938734      6.8792887    
  17530000   1.0071118      5.9423046      1.5106177      6.8835257    
  17540000   0.99120468     5.9229983      1.4867578      6.8778363    
  17550000   0.99236574     5.9148818      1.4884993      6.873219     
  17560000   1.000852       5.9339799      1.5012283      6.8838688    
  17570000   1.0061541      5.9324819      1.5091812      6.8806986    
  17580000   0.99575302     5.9280952      1.4935801      6.8805381    
  17590000   0.99715646     5.9387901      1.4956852      6.8778709    
  17600000   1.0031689      5.9286247      1.5047035      6.8783016    
  17610000   1.0092801      5.9290908      1.5138701      6.8827758    
  17620000   0.99672589     5.9216131      1.4950393      6.8763706    
  17630000   1.0021597      5.9304693      1.5031897      6.8863282    
  17640000   1.0036586      5.9399969      1.5054381      6.8829608    
  17650000   0.99700635     5.9474495      1.49546        6.8883967    
  17660000   1.0047324      5.9373237      1.5070487      6.8835895    
  17670000   0.99565379     5.9391956      1.4934312      6.8772757    
  17680000   0.99524877     5.9451096      1.4928237      6.8889322    
  17690000   0.99747853     5.9408656      1.4961683      6.8807119    
  17700000   1.0036179      5.9290738      1.505377       6.8793145    
  17710000   1.0018873      5.934483       1.5027812      6.8770859    
  17720000   1.0012155      5.9356232      1.5017736      6.8858118    
  17730000   0.99764987     5.9483316      1.4964253      6.8908855    
  17740000   1.0045127      5.9433197      1.5067191      6.8852201    
  17750000   0.99187822     5.9460596      1.4877681      6.880294     
  17760000   1.001138       5.9393632      1.5016572      6.8857994    
  17770000   0.9972039      5.9291369      1.4957563      6.8737685    
  17780000   0.99877053     5.9137177      1.4981062      6.872759     
  17790000   0.99555433     5.9274476      1.4932821      6.8790188    
  17800000   1.005089       5.9211079      1.5075835      6.8768681    
  17810000   1.0033997      5.931072       1.5050498      6.8792976    
  17820000   1.001277       5.9256995      1.5018657      6.8842064    
  17830000   0.99508645     5.9263312      1.4925803      6.8790301    
  17840000   1.0009488      5.9282837      1.5013734      6.886687     
  17850000   1.0000161      5.9403675      1.4999745      6.8776617    
  17860000   0.99646359     5.9297636      1.4946459      6.878914     
  17870000   0.99655577     5.9397203      1.4947842      6.8876325    
  17880000   1.000916       5.9309663      1.5013243      6.8821572    
  17890000   1.0088741      5.9376752      1.513261       6.8809069    
  17900000   1.0033265      5.936221       1.50494        6.8843741    
  17910000   0.9969117      5.9360687      1.495318       6.8757997    
  17920000   1.0003066      5.9292485      1.5004103      6.875173     
  17930000   0.99144822     5.9339558      1.4871231      6.8820176    
  17940000   1.0034524      5.928202       1.5051287      6.8777685    
  17950000   0.99969772     5.9328568      1.4994969      6.8794277    
  17960000   0.99610247     5.9130291      1.4941042      6.870203     
  17970000   1.0049527      5.9446757      1.5073792      6.895335     
  17980000   1.0068409      5.9528472      1.5102113      6.8854256    
  17990000   1.0028333      5.936655       1.5042001      6.8863703    
  18000000   0.98836813     5.9454847      1.4825031      6.8902931    
  18010000   1.0041337      5.9429082      1.5061507      6.8844877    
  18020000   0.99718623     5.9301171      1.4957298      6.8911901    
  18030000   1.0023613      5.9336206      1.5034921      6.8860867    
  18040000   1.0015584      5.9204861      1.5022879      6.8783924    
  18050000   1.0007754      5.941481       1.5011134      6.8803359    
  18060000   1.0022231      5.9348024      1.5032849      6.8828931    
  18070000   0.99332271     5.9607309      1.4899347      6.8903544    
  18080000   0.99946004     5.9542538      1.4991404      6.8816645    
  18090000   0.99251013     5.9404529      1.4887159      6.8864339    
  18100000   0.99249668     5.9503809      1.4886957      6.881199     
  18110000   0.99870817     5.9346395      1.4980126      6.8828652    
  18120000   1.001139       5.9411706      1.5016588      6.8817745    
  18130000   0.99711273     5.9488675      1.4956196      6.8882282    
  18140000   0.9933967      5.9411511      1.4900457      6.8826073    
  18150000   1.0059306      5.9198123      1.5088459      6.8729146    
  18160000   1.002127       5.9328474      1.5031408      6.8779381    
  18170000   0.99722137     5.9286811      1.4957825      6.8819222    
  18180000   0.99578802     5.9247855      1.4936326      6.8787596    
  18190000   1.0067461      5.9353374      1.5100692      6.8825571    
  18200000   1.0026408      5.9378363      1.5039114      6.8793207    
  18210000   0.99781749     5.9276304      1.4966767      6.8790689    
  18220000   1.0032872      5.9257053      1.504881       6.8864762    
  18230000   1.0058669      5.9225813      1.5087504      6.8706966    
  18240000   1.0030832      5.9336432      1.5045749      6.8832755    
  18250000   0.99704281     5.9312662      1.4955147      6.8787981    
  18260000   0.99318168     5.944466       1.4897232      6.8798631    
  18270000   0.99538397     5.9546552      1.4930265      6.8804852    
  18280000   0.99830169     5.9381458      1.497403       6.8815375    
  18290000   0.99393179     5.939829       1.4908483      6.8834574    
  18300000   1.0027345      5.9427566      1.5040519      6.8787232    
  18310000   1.0024277      5.9580468      1.5035917      6.8862822    
  18320000   1.0009967      5.9364731      1.5014454      6.8730782    
  18330000   1.001985       5.9601357      1.5029277      6.8844037    
  18340000   0.99730112     5.9460892      1.4959021      6.8780257    
  18350000   0.99256953     5.951721       1.488805       6.8838438    
  18360000   0.99603336     5.9561639      1.4940006      6.8851051    
  18370000   0.99336239     5.9457403      1.4899943      6.886321     
  18380000   0.99614229     5.9451521      1.494164       6.8788098    
  18390000   1.0026699      5.9304251      1.5039551      6.8716551    
  18400000   0.99888723     5.9466514      1.4982812      6.8875699    
  18410000   1.0039033      5.9498273      1.5058051      6.88344      
  18420000   0.99781591     5.9402299      1.4966743      6.8809863    
  18430000   1.0022715      5.9260712      1.5033575      6.8834564    
  18440000   0.99966479     5.9480404      1.4994475      6.8840676    
  18450000   0.99045524     5.9450275      1.4856337      6.8759074    
  18460000   1.0001838      5.9459738      1.500226       6.8825725    
  18470000   1.0024425      5.9664218      1.5036139      6.8921719    
  18480000   0.99771413     5.9561751      1.4965216      6.8773975    
  18490000   0.99103895     5.9436195      1.4865092      6.8760707    
  18500000   0.99742955     5.9545524      1.4960948      6.881673     
  18510000   1.0016824      5.958487       1.5024738      6.8790099    
  18520000   0.99691016     5.9518472      1.4953157      6.8813625    
  18530000   1.0059341      5.9508012      1.5088511      6.8818775    
  18540000   0.99857572     5.957089       1.497814       6.882916     
  18550000   1.0033         5.954393       1.5049001      6.8780557    
  18560000   0.99234218     5.9616657      1.488464       6.8909737    
  18570000   0.99148556     5.9672635      1.4871791      6.8860098    
  18580000   1.0079825      5.9674613      1.5119237      6.8849102    
  18590000   0.99703828     5.9400309      1.4955079      6.8773267    
  18600000   0.99842075     5.9560128      1.4975815      6.8795408    
  18610000   0.9993604      5.9569326      1.498991       6.8872166    
  18620000   1.0005533      5.9480121      1.5007803      6.8778494    
  18630000   0.99149738     5.9640137      1.4871968      6.8825068    
  18640000   1.0007109      5.9556679      1.5010166      6.8787631    
  18650000   0.99746264     5.9384403      1.4961444      6.8815227    
  18660000   0.99891622     5.9440342      1.4983247      6.8768488    
  18670000   0.99975586     5.9506428      1.4995841      6.8799809    
  18680000   1.0084037      5.9384254      1.5125555      6.8744581    
  18690000   1.0035471      5.9607491      1.5052709      6.8897044    
  18700000   1.0024547      5.9600723      1.5036323      6.8845034    
  18710000   1.0009731      5.9610004      1.5014099      6.8836338    
  18720000   1.0045422      5.9486347      1.5067634      6.886888     
  18730000   0.99950722     5.9559875      1.4992112      6.8902179    
  18740000   0.99487198     5.9518963      1.4922585      6.8848104    
  18750000   1.0027768      5.9515382      1.5041154      6.8864587    
  18760000   0.99189796     5.9462173      1.4877977      6.8759851    
  18770000   0.99647401     5.9596444      1.4946615      6.8834073    
  18780000   1.0011895      5.9502008      1.5017345      6.8803925    
  18790000   1.0001359      5.9505739      1.5001542      6.8889395    
  18800000   0.99262971     5.9443474      1.4888953      6.8858914    
  18810000   0.99901126     5.9413154      1.4984673      6.8804013    
  18820000   0.99910287     5.9372506      1.4986047      6.8753177    
  18830000   0.99565079     5.9297601      1.4934267      6.876079     
  18840000   1.0038102      5.926723       1.5056654      6.8807818    
  18850000   1.0005099      5.934224       1.5007151      6.8794749    
  18860000   1.0020047      5.9345095      1.5029573      6.8763904    
  18870000   0.99336864     5.9307249      1.4900036      6.8808352    
  18880000   1.000575       5.9214452      1.5008128      6.8737105    
  18890000   1.0000003      5.9476026      1.4999507      6.8829094    
  18900000   0.99800463     5.9513255      1.4969574      6.8842938    
  18910000   1.0033395      5.9372354      1.5049594      6.8789472    
  18920000   1.0005123      5.94423        1.5007188      6.8820439    
  18930000   0.99450408     5.9290146      1.4917067      6.8766438    
  18940000   1.0007164      5.9423728      1.5010249      6.8811752    
  18950000   1.0020966      5.9498193      1.5030951      6.8858685    
  18960000   0.99328614     5.9477557      1.4898799      6.8841359    
  18970000   1.0059449      5.9448166      1.5088673      6.8757103    
  18980000   0.99849956     5.9480273      1.4976997      6.8826832    
  18990000   1.0010007      5.9507368      1.5014513      6.8835739    
  19000000   0.99001462     5.9636859      1.4849728      6.8885002    
  19010000   0.99022618     5.9615234      1.4852901      6.8777265    
  19020000   0.99672161     5.9652038      1.4950329      6.8800755    
  19030000   1.0026949      5.9705958      1.5039925      6.8914913    
  19040000   1.0078112      5.9616583      1.5116667      6.8858446    
  19050000   1.0053728      5.9536967      1.5080093      6.8799479    
  19060000   1.0093405      5.9533738      1.5139606      6.8833081    
  19070000   0.99771651     5.9546658      1.4965252      6.8887324    
  19080000   1.0068982      5.9528221      1.5102972      6.8854993    
  19090000   1.0038541      5.9425017      1.5057313      6.877572     
  19100000   0.99930189     5.9465413      1.4989032      6.883316     
  19110000   1.0063077      5.9547557      1.5094115      6.8795492    
  19120000   0.99386991     5.951945       1.4907555      6.8776554    
  19130000   1.0046142      5.9502846      1.5068714      6.8867267    
  19140000   1.0002564      5.9498189      1.5003349      6.8909125    
  19150000   0.99989214     5.9452096      1.4997885      6.8839842    
  19160000   0.99825797     5.9395809      1.4973374      6.8869425    
  19170000   0.99993637     5.9289885      1.4998549      6.8698068    
  19180000   1.0042218      5.9404791      1.5062828      6.8887664    
  19190000   1.002331       5.9321396      1.5034468      6.8728227    
  19200000   1.0036463      5.9439552      1.5054196      6.8822323    
  19210000   0.99943339     5.9347197      1.4991004      6.888608     
  19220000   1.001997       5.9431486      1.5029458      6.8826733    
  19230000   1.0007779      5.9672817      1.5011171      6.8888423    
  19240000   0.99854654     5.9397642      1.4977702      6.8836305    
  19250000   1.0032175      5.9491282      1.5047765      6.8890142    
  19260000   0.99981605     5.9497941      1.4996744      6.8796445    
  19270000   0.99911195     5.9425129      1.4986183      6.8862324    
  19280000   1.00738        5.9428203      1.51102        6.8823557    
  19290000   0.99401962     5.954383       1.4909801      6.8936878    
  19300000   1.0081781      5.9357171      1.5122171      6.8723889    
  19310000   1.0039078      5.9425403      1.5058118      6.8850072    
  19320000   1.0047484      5.9540445      1.5070727      6.8801531    
  19330000   1.0000224      5.9394236      1.4999839      6.8796602    
  19340000   1.0068753      5.9390611      1.5102629      6.879447     
  19350000   0.99701184     5.9266238      1.4954682      6.8781159    
  19360000   1.0043186      5.9450982      1.506428       6.8846786    
  19370000   0.99604433     5.930807       1.494017       6.8777169    
  19380000   1.0118822      5.934584       1.517773       6.8752998    
  19390000   1.006364       5.92583        1.5094959      6.8772655    
  19400000   1.0069927      5.9450334      1.510439       6.8820086    
  19410000   0.99656754     5.9429892      1.4948018      6.8791229    
  19420000   1.0094639      5.9508383      1.5141457      6.8826568    
  19430000   0.99936078     5.9442352      1.4989915      6.8819032    
  19440000   1.0011321      5.9573743      1.5016484      6.8882945    
  19450000   0.99624769     5.9587821      1.4943221      6.8873594    
  19460000   0.99639591     5.957343       1.4945444      6.8833945    
  19470000   0.99770614     5.9642823      1.4965097      6.885468     
  19480000   1.0060549      5.9541658      1.5090324      6.8877891    
  19490000   1.00718        5.9428426      1.51072        6.8790542    
  19500000   1.0031921      5.9439836      1.5047384      6.8828963    
  19510000   1.0053738      5.9346257      1.5080108      6.8784319    
  19520000   1.0051289      5.9231458      1.5076435      6.8765956    
  19530000   0.99805704     5.93473        1.497036       6.8864697    
  19540000   0.9987505      5.9420994      1.4980761      6.8886703    
  19550000   0.99810117     5.9477796      1.4971022      6.8921466    
  19560000   0.99496648     5.9395971      1.4924003      6.8870188    
  19570000   0.99845487     5.9356699      1.4976327      6.8809376    
  19580000   1.0001615      5.9455604      1.5001926      6.8817508    
  19590000   0.99620936     5.9205874      1.4942646      6.872818     
  19600000   0.99662096     5.9356772      1.4948819      6.8810088    
  19610000   0.99827539     5.9272432      1.4973635      6.8840315    
  19620000   1.0026483      5.9428397      1.5039226      6.8828564    
  19630000   0.99791778     5.9349128      1.4968271      6.8853969    
  19640000   1.0019278      5.9349192      1.502842       6.8803851    
  19650000   1.0021468      5.942841       1.5031705      6.8841191    
  19660000   1.0013739      5.93423        1.5020112      6.8756867    
  19670000   1.0020396      5.9470102      1.5030096      6.8818239    
  19680000   0.99718232     5.9507233      1.495724       6.8857547    
  19690000   1.0008394      5.9285683      1.5012094      6.8792428    
  19700000   0.99950517     5.9399256      1.4992081      6.8814443    
  19710000   0.99674128     5.9311849      1.4950624      6.8776336    
  19720000   1.003278       5.9415527      1.5048672      6.8766294    
  19730000   1.0054972      5.9487567      1.5081958      6.8857851    
  19740000   1.0135396      5.9483929      1.5202591      6.8802584    
  19750000   1.0022162      5.9479926      1.5032745      6.8845217    
  19760000   1.0029218      5.9525128      1.5043329      6.8828635    
  19770000   1.0028443      5.9334044      1.5042166      6.8804637    
  19780000   1.0052322      5.9350752      1.5077984      6.8719001    
  19790000   1.0030329      5.9523256      1.5044995      6.8871038    
  19800000   1.0057912      5.9422667      1.5086368      6.8824198    
  19810000   1.0013822      5.9445407      1.5020236      6.8814457    
  19820000   0.99858303     5.9417796      1.4978249      6.8836242    
  19830000   1.0051186      5.9333646      1.507628       6.876738     
  19840000   0.9983562      5.9342885      1.4974847      6.8804892    
  19850000   0.99244535     5.9504989      1.4886187      6.8868132    
  19860000   1.0032254      5.9525769      1.5047882      6.8783323    
  19870000   1.0019239      5.94977        1.5028361      6.8913518    
  19880000   0.99665281     5.9447495      1.4949297      6.884994     
  19890000   1.0050215      5.9313012      1.5074823      6.8794138    
  19900000   0.99557223     5.9564234      1.4933089      6.8939361    
  19910000   0.99946879     5.9372421      1.4991535      6.8808649    
  19920000   0.99343897     5.933034       1.4901091      6.8802496    
  19930000   0.99631912     5.9401995      1.4944292      6.8889129    
  19940000   1.0021055      5.9391325      1.5031084      6.8835507    
  19950000   1.004543       5.9436236      1.5067646      6.8864578    
  19960000   1.0097923      5.94993        1.5146382      6.8833198    
  19970000   1.0052959      5.9459934      1.5078938      6.8863027    
  19980000   1.0010363      5.9509622      1.5015048      6.8841194    
  19990000   0.99605333     5.9505095      1.4940305      6.8824505    
  20000000   1.0001925      5.934525       1.500239       6.8780288    
  20010000   1.0031091      5.9474355      1.5046138      6.8846094    
  20020000   0.99415888     5.9435171      1.4911889      6.8902063    
  20030000   1.0021907      5.9392622      1.5032363      6.8844733    
Loop time of 216631 on 1 procs for 20000000 steps with 30200 atoms

Performance: 39883.473 tau/day, 92.323 timesteps/s
100.0% CPU use with 1 MPI tasks x 1 OpenMP threads

MPI task timing breakdown:
Section |  min time  |  avg time  |  max time  |%varavg| %total
---------------------------------------------------------------
Pair    | 1.4281e+05 | 1.4281e+05 | 1.4281e+05 |   0.0 | 65.92
Bond    | 7531.2     | 7531.2     | 7531.2     |   0.0 |  3.48
Neigh   | 36778      | 36778      | 36778      |   0.0 | 16.98
Comm    | 977.85     | 977.85     | 977.85     |   0.0 |  0.45
Output  | 2.4299     | 2.4299     | 2.4299     |   0.0 |  0.00
Modify  | 27261      | 27261      | 27261      |   0.0 | 12.58
Other   |            | 1268       |            |       |  0.59

Nlocal:          30200 ave       30200 max       30200 min
Histogram: 1 0 0 0 0 0 0 0 0 0
Nghost:           9249 ave        9249 max        9249 min
Histogram: 1 0 0 0 0 0 0 0 0 0
Neighs:         995704 ave      995704 max      995704 min
Histogram: 1 0 0 0 0 0 0 0 0 0

Total # of neighbors = 995704
Ave neighs/atom = 32.970331
Ave special neighs/atom = 1.9072848
Neighbor list builds = 889305
Dangerous builds = 0

write_data data*.xyz
System init for write_data ...
Generated 0 of 6 mixed pair_coeff terms from geometric mixing rule
WARNING: Not all mixed pair coeffs generated from mixing. Use write_data with 'pair ij' option to store all pair coeffs. (src/write_data.cpp:309)
write_restart 	restart.polymer_ring
System init for write_restart ...
Generated 0 of 6 mixed pair_coeff terms from geometric mixing rule

print "ALL done"
ALL done
Total wall time: 60:12:54
