
pair_style      lj/cut 4.0
pair_modify     shift yes
read_restart    prod.restart1
Reading restart file ...
  restart file = 23 Jun 2022, LAMMPS = 23 Jun 2022
  restoring atom style bond from restart
  orthogonal box = (-40 -40 -35) to (40 40 35)
  1 by 1 by 1 MPI processor grid
  restoring pair style lj/cut from restart
  restoring bond style fene from restart
  30000 atoms
  28800 bonds
Finding 1-2 1-3 1-4 neighbors ...
  special bond factors lj:    0        1        1       
  special bond factors coul:  0        1        1       
     2 = max # of 1-2 neighbors
     6 = max # of special neighbors
  special bonds CPU = 0.004 seconds
  read_restart CPU = 0.011 seconds

bond_style      fene
special_bonds   fene
bond_coeff      1 10.0 2.0 1.0 1.0

group polymerA type 1
15000 atoms in group polymerA
group polymerB type 2
15000 atoms in group polymerB
group receptorC type 3
0 atoms in group receptorC
group receptorD type 4
0 atoms in group receptorD
group polymer union polymerA polymerB
30000 atoms in group polymer
group ligand union receptorC receptorD
0 atoms in group ligand

# Polymer-Polymer
pair_coeff 1 1 0.5 1.0 2.5      # A-A
pair_coeff 2 2 0.5 1.0 2.5      # B-B
pair_coeff 1 2 0.5 1.0 2.5      # A-B

# Polymer-Receptor
pair_coeff 1 3 50.0 1.0 4.0     # A-C
pair_coeff 1 4 50.0 1.0 1.1225  # A-D
pair_coeff 2 3 50.0 1.0 1.1225  # B-C
pair_coeff 2 4 50.0 1.0 4.0     # B-D

# Receptor-Receptor
pair_coeff 3 3 1.0 1.0 1.1225
pair_coeff 4 4 1.0 1.0 1.1225
pair_coeff 3 4 1.0 1.0 1.1225

neighbor        1.0 bin

region upper_box block -40 40 -40 40 32.2 34.8
create_atoms 3 random 100 998273 upper_box   # receptor C
Created 100 atoms
  using lattice units in orthogonal box = (-40 -40 -35) to (40 40 35)
  create_atoms CPU = 0.000 seconds
create_atoms 4 random 100 123456 upper_box   # receptor D
Created 100 atoms
  using lattice units in orthogonal box = (-40 -40 -35) to (40 40 35)
  create_atoms CPU = 0.000 seconds

group receptorC type 3
100 atoms in group receptorC
group receptorD type 4
100 atoms in group receptorD
group ligand union receptorC receptorD
200 atoms in group ligand

fix wall_poly polymer wall/lj126 zlo -32 1.0 1.0 1.1225 zhi 32 1.0 1.0 1.1225

fix wall_lig ligand wall/lj126 zlo 32 1.0 1.0 1.1225 zhi 35 1.0 1.0 1.1225

#minimize 1.0e-4 1.0e-6 100 1000

fix 3 all nve/limit 0.01
run 10000
Generated 0 of 6 mixed pair_coeff terms from geometric mixing rule
Neighbor list info ...
  update every 1 steps, delay 10 steps, check yes
  max neighbors/atom: 2000, page size: 100000
  master list distance cutoff = 5
  ghost atom cutoff = 5
  binsize = 2.5, bins = 32 32 28
  1 neighbor lists, perpetual/occasional/extra = 1 0 0
  (1) pair lj/cut, perpetual
      attributes: half, newton on
      pair build: half/bin/newton
      stencil: half/bin/3d
      bin: standard
Per MPI rank memory allocation (min/avg/max) = 23.05 | 23.05 | 23.05 Mbytes
   Step          Temp          E_pair         E_mol          TotEng         Press     
     20000   0.9894267      3.5801987      8.03603        13.10032       3.20052      
     30000   0.23819852    -2.4089911      6.4227746      4.3710694      0.00017369508
Loop time of 161.693 on 1 procs for 10000 steps with 30200 atoms

Performance: 26717.336 tau/day, 61.846 timesteps/s
100.0% CPU use with 1 MPI tasks x 1 OpenMP threads

MPI task timing breakdown:
Section |  min time  |  avg time  |  max time  |%varavg| %total
---------------------------------------------------------------
Pair    | 141.67     | 141.67     | 141.67     |   0.0 | 87.62
Bond    | 3.212      | 3.212      | 3.212      |   0.0 |  1.99
Neigh   | 13.171     | 13.171     | 13.171     |   0.0 |  8.15
Comm    | 0.14963    | 0.14963    | 0.14963    |   0.0 |  0.09
Output  | 0.00012978 | 0.00012978 | 0.00012978 |   0.0 |  0.00
Modify  | 2.6793     | 2.6793     | 2.6793     |   0.0 |  1.66
Other   |            | 0.8125     |            |       |  0.50

Nlocal:          30200 ave       30200 max       30200 min
Histogram: 1 0 0 0 0 0 0 0 0 0
Nghost:            934 ave         934 max         934 min
Histogram: 1 0 0 0 0 0 0 0 0 0
Neighs:    2.12506e+06 ave 2.12506e+06 max 2.12506e+06 min
Histogram: 1 0 0 0 0 0 0 0 0 0

Total # of neighbors = 2125063
Ave neighs/atom = 70.366325
Ave special neighs/atom = 1.9072848
Neighbor list builds = 197
Dangerous builds = 0
unfix 3

fix 3 all nve
fix 4 all langevin 1 1 1.0 90428

thermo_style    custom step temp pe ke ebond
thermo_modify   flush yes
thermo          10000
timestep        0.005

dump 1 all custom 50000 file_trajectory.bin id type x y z xu yu zu vx vy vz

restart 100000 prod.restart2 prod.restart3
run 20000000
Generated 0 of 6 mixed pair_coeff terms from geometric mixing rule
Per MPI rank memory allocation (min/avg/max) = 23.22 | 23.22 | 23.22 Mbytes
   Step          Temp          PotEng         KinEng         E_bond    
     30000   0.23819852     4.0137835      0.35728596     6.4227746    
     40000   1.0011798      5.8222195      1.50172        6.8736097    
     50000   0.99893811     5.8652012      1.4983576      6.8871111    
     60000   0.99993595     5.8839175      1.4998543      6.8845714    
     70000   1.0069096      5.8884114      1.5103144      6.8749884    
     80000   1.0029195      5.9002926      1.5043294      6.872381     
     90000   1.002357       5.8930059      1.5034857      6.8753558    
    100000   0.99548783     5.9045621      1.4931823      6.8776364    
    110000   1.0020695      5.910764       1.5030545      6.8734088    
    120000   1.0064532      5.9049384      1.5096297      6.8788635    
    130000   1.0103877      5.9027319      1.5155314      6.8763493    
    140000   1.0135696      5.9126458      1.5203041      6.8744166    
    150000   0.99985569     5.9087979      1.4997339      6.8746884    
    160000   1.0125977      5.9150092      1.5188463      6.8745305    
    170000   0.99305162     5.9111569      1.4895281      6.8838256    
    180000   0.99724061     5.9201492      1.4958114      6.8774126    
    190000   0.99561132     5.9147713      1.4933675      6.8865386    
    200000   1.0003044      5.9097464      1.5004069      6.8769562    
    210000   1.0012773      5.9048851      1.5018663      6.8794903    
    220000   1.004279       5.9208759      1.5063686      6.8828545    
    230000   1.0031513      5.896927       1.5046772      6.8706265    
    240000   1.0011556      5.9023553      1.5016836      6.8753378    
    250000   0.99830695     5.9209363      1.4974108      6.8815304    
    260000   0.9986204      5.9258171      1.497881       6.8812593    
    270000   1.0024258      5.9297787      1.5035889      6.879357     
    280000   1.0034292      5.9321025      1.5050939      6.885979     
    290000   1.0014773      5.912168       1.5021662      6.8807148    
    300000   0.9941045      5.9250211      1.4911074      6.884957     
    310000   0.99867488     5.925155       1.4979627      6.8837981    
    320000   0.99937709     5.9148799      1.499016       6.8697746    
    330000   0.98954638     5.9239017      1.4842704      6.8810532    
    340000   0.99304901     5.9053758      1.4895242      6.8746843    
    350000   0.9999351      5.9233151      1.499853       6.8785574    
    360000   1.0029459      5.91071        1.504369       6.8796514    
    370000   1.0084719      5.9198946      1.5126577      6.8762081    
    380000   1.0027361      5.933842       1.5040544      6.8882242    
    390000   1.0039902      5.9070297      1.5059354      6.8757153    
    400000   0.99465565     5.9265999      1.4919341      6.8791612    
    410000   0.99766437     5.9300533      1.496447       6.8751455    
    420000   0.99069007     5.918393       1.4859859      6.8769559    
    430000   1.0066167      5.9169813      1.5098751      6.8777091    
    440000   0.99387889     5.9124062      1.490769       6.8814249    
    450000   0.99970773     5.9400914      1.4995119      6.891917     
    460000   1.0006203      5.9299993      1.5008808      6.8835726    
    470000   0.99842792     5.9142873      1.4975923      6.8771707    
    480000   0.99950176     5.9222946      1.499203       6.8750309    
    490000   1.0088634      5.9300088      1.513245       6.8826706    
    500000   1.0024468      5.9383555      1.5036203      6.888285     
    510000   0.99892367     5.9134836      1.4983359      6.8767995    
    520000   0.99494639     5.9125132      1.4923702      6.878255     
    530000   0.995805       5.9242367      1.493658       6.8789764    
    540000   1.0079096      5.9171924      1.5118143      6.8826239    
    550000   0.99536869     5.9168201      1.4930036      6.8819232    
    560000   0.99594373     5.9188541      1.4938661      6.8769251    
    570000   0.99794803     5.9221465      1.4968725      6.8807066    
    580000   0.98600394     5.9302694      1.4789569      6.8790907    
    590000   1.007821       5.9128102      1.5116815      6.8765717    
    600000   1.0010663      5.9063508      1.5015498      6.8815576    
    610000   0.99435289     5.912587       1.49148        6.880318     
    620000   0.99947232     5.9085214      1.4991588      6.8786114    
    630000   0.99903898     5.9079008      1.4985088      6.8732602    
    640000   1.0048995      5.9265683      1.5072993      6.8789798    
    650000   1.0005796      5.9221383      1.5008198      6.8784603    
    660000   1.0057617      5.921626       1.5085926      6.875416     
    670000   0.99754567     5.9099174      1.496269       6.8724277    
    680000   1.000648       5.9297429      1.5009224      6.8833582    
    690000   0.99717729     5.939603       1.4957164      6.8851628    
    700000   0.99950237     5.9173878      1.4992039      6.8776433    
    710000   0.99840576     5.910235       1.497559       6.8728566    
    720000   0.99842541     5.9159099      1.4975885      6.8834067    
    730000   1.0050826      5.9237294      1.507574       6.8781071    
    740000   1.0009472      5.9360418      1.501371       6.8784864    
    750000   0.99991469     5.9343373      1.4998224      6.8784237    
    760000   0.99529685     5.9141536      1.4928958      6.8653723    
    770000   0.99527449     5.9417585      1.4928623      6.88995      
    780000   1.0071783      5.9181612      1.5107175      6.8759014    
    790000   0.99781474     5.9164444      1.4966725      6.8828863    
    800000   0.99782634     5.9074586      1.49669        6.8754007    
    810000   0.9976766      5.9144823      1.4964653      6.8788331    
    820000   1.0062448      5.9158107      1.5093172      6.8751108    
    830000   0.99790795     5.9183304      1.4968124      6.8744391    
    840000   0.99250829     5.9217289      1.4887131      6.8780318    
    850000   0.99952255     5.9334965      1.4992342      6.8795748    
    860000   0.99568932     5.9214735      1.4934845      6.8728527    
    870000   0.99647997     5.914933       1.4946705      6.8778855    
    880000   0.99232481     5.9131231      1.4884379      6.8772021    
    890000   1.0021092      5.9048996      1.503114       6.8757082    
    900000   0.99752184     5.9020657      1.4962332      6.8719589    
    910000   0.99771227     5.9167541      1.4965188      6.8805109    
    920000   0.99991712     5.9099403      1.499826       6.8729246    
    930000   0.99106269     5.9274609      1.4865448      6.8827132    
    940000   0.99888935     5.9200513      1.4982844      6.8776699    
    950000   1.0051152      5.9181451      1.5076228      6.8746902    
    960000   1.0087466      5.924986       1.5130697      6.8819814    
    970000   0.99629075     5.9304459      1.4943866      6.8861548    
    980000   1.0008576      5.9200466      1.5012367      6.8804266    
    990000   1.0058833      5.9192905      1.508775       6.8824018    
   1000000   1.0016818      5.93846        1.502473       6.8790857    
   1010000   1.002306       5.9431218      1.5034092      6.8936443    
   1020000   0.9995646      5.9213737      1.4992972      6.8732572    
   1030000   0.99387762     5.9382297      1.4907671      6.8801884    
   1040000   1.0055392      5.9268614      1.5082589      6.8824336    
   1050000   1.0020109      5.9253812      1.5029666      6.8797459    
   1060000   0.99724184     5.9277779      1.4958132      6.8834914    
   1070000   1.0020568      5.9365251      1.5030355      6.8792998    
   1080000   0.99929005     5.935784       1.4988854      6.8832853    
   1090000   0.9962454      5.9167157      1.4943186      6.8739346    
   1100000   1.0015851      5.9342712      1.5023279      6.8815044    
   1110000   0.99878017     5.9451798      1.4981207      6.8868097    
   1120000   1.0006942      5.9214591      1.5009917      6.872366     
   1130000   0.99116114     5.9355835      1.4866925      6.8820551    
   1140000   0.9950691      5.9261562      1.4925542      6.8769599    
   1150000   0.99968645     5.9074189      1.49948        6.8762959    
   1160000   0.99745259     5.9262415      1.4961293      6.8764473    
   1170000   0.99962001     5.9318339      1.4993804      6.8866679    
   1180000   0.99565014     5.9233635      1.4934258      6.8816295    
   1190000   1.0035919      5.9046384      1.5053381      6.876939     
   1200000   0.9971576      5.915365       1.4956869      6.8807035    
   1210000   1.0003108      5.9208641      1.5004165      6.8877493    
   1220000   0.99900689     5.9194669      1.4984607      6.8836041    
   1230000   1.0115146      5.9070922      1.5172217      6.8798557    
   1240000   1.0015599      5.9008968      1.5022901      6.8769596    
   1250000   0.99932446     5.9139511      1.4989371      6.8777525    
   1260000   1.0078735      5.9128418      1.5117602      6.8827335    
   1270000   0.99410287     5.9331487      1.4911049      6.8928216    
   1280000   1.0018775      5.9147826      1.5027664      6.8781715    
   1290000   1.0017627      5.9084178      1.5025943      6.8729625    
   1300000   0.99369563     5.9148982      1.4904941      6.8766073    
   1310000   1.0028929      5.9240008      1.5042895      6.8786766    
   1320000   0.99217136     5.9284953      1.4882078      6.8861301    
   1330000   1.004881       5.9230497      1.5072716      6.8808493    
   1340000   1.0038546      5.9171887      1.505732       6.8750869    
   1350000   0.99266368     5.9373612      1.4889462      6.8806871    
   1360000   0.99832207     5.9359919      1.4974335      6.8833291    
   1370000   0.99511108     5.925469       1.4926172      6.8777075    
   1380000   0.99971131     5.9163462      1.4995173      6.8785913    
   1390000   0.99633751     5.9128729      1.4944568      6.8742344    
   1400000   1.0048412      5.9097479      1.5072119      6.8759018    
   1410000   1.0041387      5.9172217      1.5061582      6.8744964    
   1420000   1.0101731      5.9269735      1.5152094      6.8777432    
   1430000   1.0005198      5.9306629      1.5007301      6.8879553    
   1440000   1.0028692      5.9263311      1.504254       6.8808858    
   1450000   1.0033233      5.9254043      1.5049351      6.8809634    
   1460000   1.0054912      5.9249795      1.5081868      6.8819335    
   1470000   0.99597598     5.9276194      1.4939145      6.8781254    
   1480000   1.005794       5.9230769      1.5086411      6.8769719    
   1490000   0.99802652     5.9097168      1.4969902      6.8714006    
   1500000   1.000225       5.9320238      1.5002878      6.8807947    
   1510000   0.99472714     5.9204826      1.4920413      6.8814716    
   1520000   1.0036887      5.9182744      1.5054831      6.8840246    
   1530000   1.0015731      5.919624       1.5023099      6.8748981    
   1540000   0.99998436     5.9183417      1.4999269      6.8743556    
   1550000   0.99524331     5.9387426      1.4928155      6.8843495    
   1560000   0.9927789      5.9383575      1.489119       6.8843327    
   1570000   0.99877489     5.9286265      1.4981127      6.8822277    
   1580000   1.0049051      5.9262698      1.5073078      6.8783931    
   1590000   1.0028574      5.9233873      1.5042363      6.8751634    
   1600000   1.0088833      5.9407089      1.5132748      6.8802394    
   1610000   0.9990338      5.9308246      1.4985011      6.8796312    
   1620000   0.99386724     5.9116347      1.4907515      6.8706264    
   1630000   0.99425248     5.9153624      1.4913293      6.8741819    
   1640000   1.0000028      5.9297622      1.4999545      6.8802138    
   1650000   0.99775516     5.9295501      1.4965832      6.8819302    
   1660000   0.99904477     5.9382487      1.4985175      6.8807138    
   1670000   0.99565067     5.9549205      1.4934266      6.8866227    
   1680000   1.0019336      5.9391113      1.5028506      6.8822798    
   1690000   0.99611002     5.928237       1.4941155      6.8802513    
   1700000   0.99788602     5.9379846      1.4967795      6.8810374    
   1710000   0.99532341     5.9334868      1.4929357      6.8857309    
   1720000   0.99352449     5.9450229      1.4902374      6.8875612    
   1730000   0.99478612     5.9448776      1.4921298      6.8831448    
   1740000   0.99881412     5.9173919      1.4981716      6.8706373    
   1750000   0.99867184     5.9272621      1.4979582      6.8766191    
   1760000   1.0051421      5.9386392      1.5076632      6.8824665    
   1770000   0.99557708     5.9426258      1.4933162      6.8817418    
   1780000   1.0092176      5.9336681      1.5137763      6.8815437    
   1790000   1.0074461      5.9271198      1.5111191      6.8797938    
   1800000   1.0014998      5.9294335      1.5021999      6.8788202    
   1810000   1.0053202      5.926471       1.5079303      6.8765826    
   1820000   1.0004243      5.9197987      1.5005867      6.8752024    
   1830000   1.0006222      5.9337977      1.5008835      6.8799357    
   1840000   0.99473802     5.9257866      1.4920576      6.8747966    
   1850000   1.0004404      5.9397503      1.500611       6.8765383    
   1860000   0.99769162     5.921189       1.4964879      6.8734352    
   1870000   1.0032576      5.9344338      1.5048366      6.8810014    
   1880000   1.0019126      5.9416978      1.5028192      6.880829     
   1890000   1.0009724      5.934156       1.5014089      6.8832325    
   1900000   0.99750139     5.9412441      1.4962025      6.8825259    
   1910000   0.99339215     5.9385798      1.4900389      6.8773869    
   1920000   0.9989874      5.9551987      1.4984315      6.8843804    
   1930000   1.0032009      5.9352656      1.5047515      6.8751342    
   1940000   1.0011759      5.9419132      1.5017141      6.8758739    
   1950000   1.0075663      5.9386662      1.5112994      6.8792233    
   1960000   1.0013945      5.945574       1.502042       6.8824769    
   1970000   1.0045395      5.9321127      1.5067593      6.8788969    
   1980000   1.003674       5.9391162      1.5054611      6.8834038    
   1990000   0.99834997     5.9450068      1.4974754      6.8863091    
   2000000   1.000804       5.927433       1.5011562      6.875684     
   2010000   1.0052922      5.9374434      1.5078884      6.8829413    
   2020000   1.0076771      5.9457643      1.5114656      6.8830372    
   2030000   1.0054902      5.9348019      1.5081853      6.8771052    
   2040000   1.0078382      5.9282436      1.5117072      6.8790247    
   2050000   1.0059558      5.9246985      1.5088838      6.8812682    
   2060000   0.99770767     5.9245121      1.496512       6.8763815    
   2070000   0.99559667     5.9312029      1.4933455      6.877791     
   2080000   0.99452483     5.9206722      1.4917379      6.8771592    
   2090000   1.0038773      5.9307042      1.5057662      6.883584     
   2100000   1.0000526      5.9378977      1.5000293      6.886888     
   2110000   0.99804766     5.9207523      1.4970219      6.8822059    
   2120000   0.99753018     5.9218638      1.4962457      6.8775608    
   2130000   0.99413682     5.9303735      1.4911559      6.8798201    
   2140000   0.99838882     5.9307861      1.4975336      6.8803292    
   2150000   1.0010314      5.928131       1.5014974      6.8767723    
   2160000   0.99848976     5.9274509      1.497685       6.8820482    
   2170000   0.99933364     5.9286984      1.4989508      6.8771013    
   2180000   1.0054288      5.9331957      1.5080933      6.8780911    
   2190000   0.99954494     5.9332851      1.4992678      6.8770049    
   2200000   0.99801438     5.9410654      1.496972       6.8824007    
   2210000   1.0012827      5.9258523      1.5018743      6.8807288    
   2220000   0.99152892     5.9323152      1.4872441      6.8806765    
   2230000   0.9958945      5.9234969      1.4937923      6.877181     
   2240000   1.0050239      5.9299488      1.507486       6.8858872    
   2250000   0.99723791     5.9377209      1.4958073      6.8824194    
   2260000   1.0036299      5.9291835      1.505395       6.8794987    
   2270000   0.99775688     5.9425832      1.4965858      6.8811787    
   2280000   1.01146        5.943767       1.5171398      6.8845596    
   2290000   0.99433693     5.9429432      1.491456       6.8749613    
   2300000   1.0037236      5.9332968      1.5055355      6.8667467    
   2310000   0.99766466     5.9561597      1.4964474      6.8908729    
   2320000   0.99708437     5.9476547      1.495577       6.8858557    
   2330000   1.0044976      5.9523724      1.5066966      6.8845783    
   2340000   0.9981212      5.9403411      1.4971322      6.8817548    
   2350000   0.99860895     5.9432028      1.4978638      6.8800096    
   2360000   1.0018517      5.9531856      1.5027279      6.8845015    
   2370000   1.0036174      5.9371645      1.5053763      6.8725767    
   2380000   0.98936546     5.9335343      1.483999       6.8786643    
   2390000   1.0013941      5.934946       1.5020414      6.8760722    
   2400000   1.0006172      5.9334817      1.5008762      6.8781786    
   2410000   0.99424556     5.9320169      1.491319       6.8816556    
   2420000   1.0011438      5.9409275      1.501666       6.8872636    
   2430000   1.0024899      5.9288069      1.503685       6.8799145    
   2440000   1.0088789      5.9295727      1.5132683      6.8768558    
   2450000   0.9926372      5.9154419      1.4889065      6.8774913    
   2460000   1.0058047      5.9307019      1.508657       6.8884074    
   2470000   1.0004299      5.9385573      1.5005951      6.8825857    
   2480000   0.99039841     5.9244436      1.4855484      6.8746878    
   2490000   1.0060705      5.9375827      1.5090558      6.8805197    
   2500000   0.99988721     5.9357531      1.4997812      6.8770349    
   2510000   1.0018287      5.9442428      1.5026933      6.8831368    
   2520000   1.0037784      5.9135966      1.5056177      6.8714165    
   2530000   0.99991228     5.9126079      1.4998188      6.8779388    
   2540000   0.9949492      5.9237385      1.4923744      6.8808002    
   2550000   1.0026815      5.9230836      1.5039725      6.8755457    
   2560000   1.0059701      5.9250787      1.5089052      6.8827522    
   2570000   1.0039533      5.917214       1.5058801      6.8767742    
   2580000   1.0048534      5.9249036      1.5072302      6.8763868    
   2590000   0.99215954     5.9383046      1.48819        6.8805542    
   2600000   1.0110114      5.9381793      1.5164669      6.8799295    
   2610000   0.99928674     5.9293299      1.4988805      6.8776549    
   2620000   0.99268554     5.9274537      1.488979       6.8753852    
   2630000   1.005993       5.9338911      1.5089395      6.875983     
   2640000   1.004484       5.9320914      1.5066762      6.8844896    
   2650000   1.0027322      5.9216389      1.5040485      6.8821434    
   2660000   1.0017839      5.9232158      1.5026261      6.8793331    
   2670000   1.0017287      5.9278896      1.5025432      6.8758878    
   2680000   0.9929549      5.9281503      1.489383       6.8882754    
   2690000   1.0004229      5.9259464      1.5005846      6.8820998    
   2700000   0.99868287     5.9230482      1.4979747      6.8766584    
   2710000   1.0031585      5.9375269      1.5046879      6.8808051    
   2720000   1.0049535      5.9269159      1.5073804      6.8785368    
   2730000   1.0025577      5.9278339      1.5037867      6.8765772    
   2740000   1.0042444      5.9315434      1.5063167      6.8808102    
   2750000   1.0078884      5.940762       1.5117825      6.885188     
   2760000   0.99704674     5.9256761      1.4955206      6.8716013    
   2770000   1.0027441      5.9458194      1.5040663      6.8809535    
   2780000   0.99163161     5.9444157      1.4873982      6.8844832    
   2790000   1.0024255      5.9351522      1.5035885      6.8828518    
   2800000   1.0007019      5.9329927      1.5010032      6.872936     
   2810000   0.99717561     5.9344511      1.4957139      6.8847051    
   2820000   0.9955339      5.9443928      1.4932514      6.8859515    
   2830000   0.99524349     5.9452308      1.4928158      6.8880531    
   2840000   1.0056447      5.9413586      1.5084171      6.8889257    
   2850000   1.004962       5.9191099      1.507393       6.8809998    
   2860000   1.0064082      5.9216776      1.5095623      6.8782571    
   2870000   0.9943347      5.9329073      1.4914527      6.8775234    
   2880000   0.99858158     5.9465365      1.4978228      6.8808847    
   2890000   1.0039553      5.9465453      1.505883       6.88467      
   2900000   0.99020711     5.9517097      1.4852615      6.8881369    
   2910000   0.9928128      5.9289315      1.4891699      6.8802376    
   2920000   0.99481211     5.9390723      1.4921687      6.8861823    
   2930000   0.99859854     5.9341066      1.4978482      6.8834962    
   2940000   1.0090029      5.9177695      1.5134542      6.8745949    
   2950000   0.99930645     5.9231794      1.49891        6.8826496    
   2960000   1.0009275      5.9313093      1.5013416      6.8799841    
   2970000   0.99878891     5.9344806      1.4981338      6.8854592    
   2980000   1.0013007      5.9412793      1.5019014      6.8822206    
   2990000   1.0029408      5.9354148      1.5043614      6.8821923    
   3000000   1.0037585      5.937646       1.5055879      6.874364     
   3010000   1.0016396      5.9257378      1.5024096      6.8731402    
   3020000   1.0025909      5.9411342      1.5038366      6.8852778    
   3030000   1.0072285      5.9317895      1.5107928      6.8797577    
   3040000   0.998124       5.9340994      1.4971364      6.8766696    
   3050000   1.0057026      5.9373189      1.5085039      6.8769146    
   3060000   0.99466872     5.9465242      1.4919537      6.8830633    
   3070000   0.99989864     5.9405269      1.4997983      6.8747272    
   3080000   0.99838369     5.9447628      1.4975259      6.8857774    
   3090000   0.99728438     5.943072       1.495877       6.8829383    
   3100000   1.0018319      5.91878        1.5026981      6.8756928    
   3110000   1.0076075      5.9307422      1.5113612      6.8844749    
   3120000   1.0007572      5.9289986      1.5010861      6.8825956    
   3130000   0.99564331     5.9375933      1.4934155      6.8860424    
   3140000   1.0044401      5.9156046      1.5066103      6.8837004    
   3150000   1.0002354      5.9195667      1.5003035      6.8733037    
   3160000   0.99519896     5.9206101      1.492749       6.8772043    
   3170000   1.0055179      5.9433967      1.5082268      6.8900982    
   3180000   0.99649748     5.9322612      1.4946967      6.8805677    
   3190000   0.99839487     5.9221911      1.4975427      6.8756557    
   3200000   0.99809056     5.9466949      1.4970863      6.8881197    
   3210000   1.000944       5.94872        1.5013663      6.8835926    
   3220000   1.0052956      5.9314652      1.5078934      6.8736263    
   3230000   1.0024565      5.9303931      1.503635       6.8745892    
   3240000   0.99310115     5.9367388      1.4896024      6.8806315    
   3250000   0.99350992     5.9582907      1.4902155      6.8860957    
   3260000   1.0046091      5.9310511      1.5068638      6.8784667    
   3270000   1.0048916      5.9568796      1.5072875      6.8898103    
   3280000   1.0011314      5.9350321      1.5016473      6.8793978    
   3290000   0.99864358     5.9276376      1.4979158      6.878902     
   3300000   0.99953514     5.9312099      1.4992531      6.8816368    
   3310000   0.99584889     5.9351525      1.4937239      6.8847801    
   3320000   1.0017111      5.9276515      1.5025169      6.8742034    
   3330000   0.99638108     5.9189751      1.4945221      6.8784866    
   3340000   1.0017182      5.9131398      1.5025275      6.8769906    
   3350000   0.99824228     5.9207653      1.4973138      6.8728736    
   3360000   1.001337       5.9285533      1.5019557      6.8779973    
   3370000   0.99662139     5.9319316      1.4948826      6.8775854    
   3380000   1.0002184      5.9321615      1.500278       6.8758987    
   3390000   1.0094669      5.9312388      1.5141502      6.8796017    
   3400000   1.0013442      5.9423973      1.5019665      6.8838284    
   3410000   0.9951634      5.9484793      1.4926957      6.889748     
   3420000   1.0067056      5.9453398      1.5100084      6.8819395    
   3430000   1.0056694      5.9268379      1.5084542      6.8765908    
   3440000   0.99567491     5.92062        1.4934629      6.8804819    
   3450000   0.99965061     5.9226535      1.4994263      6.8748157    
   3460000   0.99655174     5.9363851      1.4947781      6.8806013    
   3470000   0.9988089      5.9394498      1.4981637      6.8836284    
   3480000   0.99457835     5.9183218      1.4918181      6.882244     
   3490000   1.0129677      5.9139119      1.5194012      6.8709285    
   3500000   1.0045576      5.9370081      1.5067865      6.8826741    
   3510000   1.0022056      5.9338088      1.5032587      6.8801073    
   3520000   0.99806086     5.9275692      1.4970417      6.8758329    
   3530000   0.99841217     5.934143       1.4975687      6.8873099    
   3540000   0.9959175      5.920603       1.4938268      6.8712642    
   3550000   1.0024581      5.939964       1.5036373      6.8790683    
   3560000   0.99744946     5.9565503      1.4961247      6.8904596    
   3570000   1.0038823      5.9303262      1.5057736      6.8727438    
   3580000   1.0051862      5.9335561      1.5077294      6.884855     
   3590000   0.99464422     5.9306749      1.4919169      6.8791367    
   3600000   1.0027592      5.9205212      1.504089       6.876247     
   3610000   1.0031844      5.9292174      1.5047268      6.8873229    
   3620000   1.0015273      5.9402066      1.5022413      6.8855345    
   3630000   1.0012017      5.9255057      1.5017528      6.8801807    
   3640000   1.0056322      5.9121194      1.5083983      6.8718623    
   3650000   1.0047612      5.9203067      1.5070919      6.8772142    
   3660000   0.99256589     5.9250834      1.4887995      6.8806591    
   3670000   1.0026142      5.9233433      1.5038715      6.876515     
   3680000   1.0008198      5.9235391      1.50118        6.8792325    
   3690000   0.99846476     5.9362543      1.4976475      6.886478     
   3700000   1.0043309      5.9411036      1.5064464      6.8835549    
   3710000   0.99615609     5.9359938      1.4941847      6.8772444    
   3720000   1.0068866      5.9441515      1.5102799      6.8811795    
   3730000   0.99471023     5.9456024      1.4920159      6.8790373    
   3740000   0.99865615     5.9396465      1.4979346      6.8826139    
   3750000   1.0106209      5.9391156      1.5158811      6.8782615    
   3760000   1.0049201      5.9333261      1.5073303      6.8752863    
   3770000   1.0034931      5.9538225      1.5051898      6.8808282    
   3780000   0.99917814     5.9441224      1.4987176      6.8827104    
   3790000   1.0020548      5.9377582      1.5030324      6.8792662    
   3800000   1.0042541      5.9159967      1.5063313      6.8692495    
   3810000   1.0008711      5.9210444      1.5012569      6.8799904    
   3820000   0.99653199     5.9374518      1.4947485      6.8871983    
   3830000   0.99617924     5.946612       1.4942194      6.8853655    
   3840000   0.99549461     5.9388448      1.4931925      6.8844124    
   3850000   1.0032403      5.9268481      1.5048107      6.8708148    
   3860000   1.0039978      5.9327689      1.5059469      6.8823578    
   3870000   0.99557063     5.9448292      1.4933065      6.8832007    
   3880000   0.99392196     5.9188748      1.4908336      6.8743258    
   3890000   0.99496174     5.9420315      1.4923932      6.8861141    
   3900000   1.001284       5.9357486      1.5018763      6.8809885    
   3910000   1.002956       5.9236563      1.5043842      6.8748328    
   3920000   0.99995559     5.9276913      1.4998837      6.878458     
   3930000   0.99122932     5.9394805      1.4867948      6.8848231    
   3940000   1.0005867      5.9362223      1.5008303      6.8775117    
   3950000   1.006671       5.9260414      1.5099565      6.8742577    
   3960000   0.99743018     5.935671       1.4960957      6.8781148    
   3970000   0.99193697     5.9488023      1.4878562      6.88069      
   3980000   0.99670874     5.9441558      1.4950136      6.8799415    
   3990000   1.0045317      5.9416333      1.5067476      6.8762755    
   4000000   1.0008839      5.9294108      1.5012761      6.8783719    
   4010000   0.99981265     5.9394772      1.4996693      6.8772811    
   4020000   0.99736747     5.9353067      1.4960017      6.8787594    
   4030000   1.004755       5.9409523      1.5070827      6.8806392    
   4040000   1.0007099      5.9353847      1.5010152      6.8807951    
   4050000   0.99238513     5.9332358      1.4885284      6.8783178    
   4060000   0.99188623     5.938409       1.4877801      6.8726729    
   4070000   0.99427642     5.9247157      1.4913652      6.8808775    
   4080000   0.99657522     5.9396083      1.4948133      6.8860048    
   4090000   0.99542169     5.9363363      1.4930831      6.8783708    
   4100000   1.0032054      5.9373342      1.5047582      6.8751161    
   4110000   1.0042946      5.9542852      1.5063921      6.8852717    
   4120000   1.0103676      5.9334155      1.5155013      6.8771021    
   4130000   0.99805833     5.9367368      1.4970379      6.8792968    
   4140000   1.002414       5.919312       1.5035712      6.8715769    
   4150000   0.99900268     5.9358187      1.4984544      6.8903224    
   4160000   0.99637719     5.9439787      1.4945163      6.8782714    
   4170000   0.99810942     5.940585       1.4971146      6.8770074    
   4180000   1.0023185      5.9337445      1.503428       6.8771886    
   4190000   0.9943101      5.9340045      1.4914158      6.8786441    
   4200000   1.0031261      5.9208165      1.5046394      6.8713627    
   4210000   1.0031438      5.9207286      1.5046659      6.8777404    
   4220000   0.99845124     5.9230838      1.4976273      6.8774117    
   4230000   0.99728637     5.9292491      1.49588        6.8733025    
   4240000   1.0024838      5.9395335      1.5036759      6.8869798    
   4250000   0.99804271     5.9350271      1.4970145      6.8826029    
   4260000   0.99202755     5.9250475      1.487992       6.8817957    
   4270000   0.9974323      5.9298595      1.4960989      6.876912     
   4280000   0.9990969      5.9447001      1.4985957      6.8904323    
   4290000   1.0007922      5.9306904      1.5011386      6.8776405    
   4300000   1.0008841      5.9467846      1.5012764      6.8852658    
   4310000   1.0020539      5.9399784      1.503031       6.8817361    
   4320000   0.99667933     5.9299039      1.4949695      6.8779472    
   4330000   0.9977584      5.9334812      1.496588       6.8780696    
   4340000   1.0065234      5.9300579      1.5097351      6.8784392    
   4350000   1.0034402      5.9385735      1.5051105      6.8773525    
   4360000   0.99684665     5.9357784      1.4952205      6.8776607    
   4370000   1.0000896      5.9372844      1.5000847      6.8792409    
   4380000   1.0008765      5.9303378      1.501265       6.8760226    
   4390000   1.0005232      5.9289639      1.500735       6.8767712    
   4400000   1.004286       5.9424599      1.506379       6.8838435    
   4410000   1.0031627      5.947488       1.5046942      6.8870642    
   4420000   1.0000714      5.9426197      1.5000574      6.8811386    
   4430000   0.99951684     5.935012       1.4992256      6.8785848    
   4440000   1.0005602      5.9275767      1.5007906      6.8762199    
   4450000   0.99363735     5.9359887      1.4904067      6.884234     
   4460000   1.0064814      5.9274844      1.5096721      6.8794155    
   4470000   0.9952332      5.942761       1.4928004      6.8898453    
   4480000   0.99719093     5.9294696      1.4957369      6.8738054    
   4490000   0.99980953     5.9322361      1.4996646      6.8759038    
   4500000   0.99973328     5.9383419      1.4995503      6.883681     
   4510000   1.001021       5.942508       1.5014819      6.881973     
   4520000   1.0100199      5.9438774      1.5149797      6.8787093    
   4530000   0.99315545     5.9426654      1.4896838      6.8834021    
   4540000   1.0024537      5.9388114      1.5036308      6.8725072    
   4550000   0.99599667     5.9337862      1.4939455      6.8770256    
   4560000   1.0058519      5.9330767      1.5087278      6.8801284    
   4570000   1.0175394      5.94521        1.5262586      6.8866571    
   4580000   1.01297        5.9272469      1.5194047      6.8688185    
   4590000   0.99256865     5.9294874      1.4888037      6.8807968    
   4600000   0.9935353      5.9269955      1.4902536      6.8777091    
   4610000   1.0070661      5.9373379      1.5105491      6.8815544    
   4620000   1.0023468      5.9321059      1.5034704      6.8744508    
   4630000   1.0019514      5.9397326      1.5028773      6.8773292    
   4640000   1.0051037      5.9420155      1.5076057      6.8819284    
   4650000   0.99743291     5.9278622      1.4960998      6.8749513    
   4660000   1.0010835      5.9336899      1.5015756      6.8797161    
   4670000   0.99137749     5.9354524      1.487017       6.8704176    
   4680000   0.99745837     5.9549391      1.496138       6.8866545    
   4690000   1.0015824      5.9382465      1.5023238      6.8775221    
   4700000   0.99562681     5.9411956      1.4933908      6.8756334    
   4710000   0.99526098     5.941179       1.492842       6.8846253    
   4720000   0.99708821     5.9366437      1.4955828      6.8796181    
   4730000   1.0025661      5.947628       1.5037993      6.884557     
   4740000   0.99593178     5.9508933      1.4938482      6.8851761    
   4750000   1.0022683      5.9414912      1.5033527      6.8770646    
   4760000   1.0007088      5.9388413      1.5010134      6.8817782    
   4770000   0.99439324     5.9456439      1.4915405      6.8862452    
   4780000   1.001794       5.9386996      1.5026413      6.8837065    
   4790000   0.99650336     5.9235777      1.4947055      6.8812611    
   4800000   0.99111867     5.9209116      1.4866288      6.8786739    
   4810000   1.0033973      5.9274539      1.5050461      6.8823173    
   4820000   0.99788716     5.9315727      1.4967812      6.8836956    
   4830000   1.0056477      5.9392497      1.5084217      6.8812031    
   4840000   1.0002864      5.9474347      1.5003799      6.8785785    
   4850000   0.99727475     5.9418831      1.4958626      6.8722161    
   4860000   0.9977999      5.9510323      1.4966503      6.8884207    
   4870000   1.0000727      5.9421809      1.5000593      6.8723792    
   4880000   1.0031058      5.9385395      1.5046088      6.872443     
   4890000   0.9985493      5.9451723      1.4977744      6.8799585    
   4900000   1.0091705      5.9525241      1.5137056      6.879067     
   4910000   1.0049051      5.9496183      1.5073078      6.8811552    
   4920000   1.0044877      5.960279       1.5066817      6.8792914    
   4930000   1.0009432      5.951167       1.5013651      6.8888664    
   4940000   1.0058609      5.945372       1.5087413      6.8868732    
   4950000   0.99978116     5.9442356      1.4996221      6.8888064    
   4960000   0.99292016     5.9344883      1.4893309      6.8788945    
   4970000   1.0013358      5.9432998      1.5019539      6.8907453    
   4980000   0.98879515     5.9467441      1.4831436      6.8856673    
   4990000   0.99549222     5.9341227      1.4931889      6.8771486    
   5000000   1.0046695      5.9282845      1.5069543      6.8832725    
   5010000   0.99856334     5.9382335      1.4977954      6.8825527    
   5020000   1.0012135      5.9398418      1.5017705      6.8889205    
   5030000   0.99574155     5.9271484      1.4935629      6.8857992    
   5040000   1.005363       5.9163208      1.5079945      6.8707668    
   5050000   1.0028824      5.9201289      1.5042738      6.8805547    
   5060000   0.99222641     5.9280535      1.4882903      6.8837824    
   5070000   0.99407092     5.9314201      1.491057       6.8826484    
   5080000   1.0051113      5.9245153      1.5076171      6.8819728    
   5090000   1.0030887      5.9385704      1.5045832      6.8833766    
   5100000   1.0007223      5.9434436      1.5010337      6.8795498    
   5110000   0.99830757     5.9314073      1.4974118      6.8798068    
   5120000   1.0017453      5.9318259      1.5025682      6.880979     
   5130000   0.98983883     5.9198116      1.4847091      6.8765753    
   5140000   1.000608       5.9225689      1.5008623      6.8752516    
   5150000   1.005124       5.9272331      1.507636       6.8810988    
   5160000   1.0049902      5.9381139      1.5074354      6.8835898    
   5170000   0.99973727     5.9417303      1.4995562      6.8818876    
   5180000   1.0019219      5.9393969      1.502833       6.8794385    
   5190000   1.0042742      5.9514597      1.5063615      6.8797264    
   5200000   0.99411384     5.9261682      1.4911214      6.8771064    
   5210000   1.0024733      5.9189764      1.5036601      6.8769794    
   5220000   0.99062107     5.9292148      1.4858824      6.8862051    
   5230000   1.0050296      5.9288284      1.5074945      6.8788373    
   5240000   0.99839966     5.9423037      1.4975499      6.8808895    
   5250000   0.99994256     5.9419067      1.4998642      6.8860139    
   5260000   0.99691696     5.9292438      1.4953259      6.8825742    
   5270000   1.0059568      5.935163       1.5088853      6.8720232    
   5280000   1.0061702      5.9431309      1.5092053      6.8705583    
   5290000   0.99985694     5.9513188      1.4997357      6.8811398    
   5300000   1.0037231      5.9476259      1.5055347      6.8795855    
   5310000   1.002631       5.927267       1.5038967      6.8760921    
   5320000   0.9990542      5.9300563      1.4985317      6.8749489    
   5330000   1.0054614      5.9406377      1.5081422      6.8762916    
   5340000   0.99278923     5.9421021      1.4891345      6.8819031    
   5350000   1.0061222      5.9095691      1.5091333      6.8772942    
   5360000   1.0051745      5.9271874      1.5077119      6.8717081    
   5370000   0.99519805     5.9362164      1.4927477      6.8833358    
   5380000   1.0015393      5.924643       1.5022591      6.8767578    
   5390000   0.99785693     5.9343954      1.4967358      6.8788443    
   5400000   0.99710051     5.9350572      1.4956012      6.8801897    
   5410000   0.99882837     5.9448474      1.4981929      6.8816399    
   5420000   0.99717608     5.9371572      1.4957146      6.8748441    
   5430000   0.99858699     5.942368       1.4978309      6.8802811    
   5440000   0.99872673     5.9416583      1.4980405      6.881502     
   5450000   1.0032938      5.946833       1.5048909      6.8776291    
   5460000   1.0018993      5.947217       1.5027991      6.8815121    
   5470000   1.0005349      5.9447741      1.5007527      6.883405     
   5480000   1.0027308      5.9357796      1.5040464      6.8801724    
   5490000   1.0023528      5.9222441      1.5034794      6.8796047    
   5500000   0.99977717     5.9316152      1.4996161      6.8707803    
   5510000   0.99166388     5.9298271      1.4874466      6.8788229    
   5520000   1.0000081      5.9350138      1.4999624      6.882397     
   5530000   0.99552625     5.9451387      1.4932399      6.8844632    
   5540000   1.0005347      5.941125       1.5007523      6.8792709    
   5550000   0.99808627     5.9423464      1.4970798      6.8778082    
   5560000   0.99668895     5.9419126      1.4949839      6.8911515    
   5570000   0.99820291     5.9305096      1.4972548      6.8771557    
   5580000   0.99717672     5.9344871      1.4957156      6.8813316    
   5590000   0.9977931      5.9360215      1.4966401      6.8769014    
   5600000   0.99677988     5.9431078      1.4951203      6.886545     
   5610000   1.003025       5.9383711      1.5044877      6.8736009    
   5620000   0.98879563     5.9406711      1.4831443      6.88005      
   5630000   1.0067401      5.9463245      1.5100601      6.8803299    
   5640000   1.0059582      5.9483332      1.5088873      6.8844883    
   5650000   0.99342366     5.9371457      1.4900861      6.8771346    
   5660000   1.0006085      5.9470237      1.5008631      6.8826924    
   5670000   0.99162046     5.94073        1.4873814      6.8821636    
   5680000   1.0001489      5.9395119      1.5001736      6.8838935    
   5690000   0.99667939     5.9387903      1.4949696      6.8844154    
   5700000   1.0053528      5.9473742      1.5079793      6.8900747    
   5710000   0.99924293     5.9361627      1.4988148      6.882951     
   5720000   0.99915391     5.9241086      1.4986812      6.8736171    
   5730000   1.0028692      5.9488948      1.5042541      6.8807307    
   5740000   0.99697831     5.9282532      1.4954179      6.8782189    
   5750000   0.99504999     5.9302689      1.4925256      6.8762117    
   5760000   0.99651522     5.9418956      1.4947233      6.8830476    
   5770000   1.0011594      5.9270708      1.5016893      6.8851989    
   5780000   0.9967302      5.9361702      1.4950458      6.8778821    
   5790000   0.98892829     5.9287958      1.4833433      6.8775311    
   5800000   1.0009938      5.9371127      1.501441       6.8778655    
   5810000   1.0051736      5.932469       1.5077104      6.8759321    
   5820000   1.000639       5.9487011      1.5009089      6.8884992    
   5830000   0.99305987     5.9409404      1.4895405      6.8866889    
   5840000   1.0002638      5.9236025      1.5003461      6.8846309    
   5850000   0.99825075     5.9269992      1.4973265      6.8813704    
   5860000   0.99949147     5.9375491      1.4991876      6.8867521    
   5870000   0.99549267     5.9291101      1.4931896      6.874071     
   5880000   1.0026437      5.9529624      1.5039158      6.8839961    
   5890000   1.0013188      5.9488429      1.5019285      6.8862902    
   5900000   1.0011614      5.9391899      1.5016924      6.8856802    
   5910000   0.99954953     5.9343435      1.4992746      6.8843676    
   5920000   1.0008354      5.9286464      1.5012033      6.8863293    
   5930000   0.99221592     5.9278869      1.4882746      6.875963     
   5940000   0.99641765     5.9355095      1.494577       6.8786481    
   5950000   0.99714753     5.934572       1.4956718      6.8819505    
   5960000   1.0016041      5.9236432      1.5023563      6.8875534    
   5970000   1.0037748      5.9238639      1.5056123      6.8823573    
   5980000   1.0033567      5.915509       1.5049852      6.874682     
   5990000   1.0051694      5.9245859      1.5077042      6.8747416    
   6000000   1.0010139      5.9317133      1.5014711      6.8754938    
   6010000   0.9949493      5.9385578      1.4923745      6.8763759    
   6020000   0.99996995     5.9383737      1.4999053      6.880997     
   6030000   1.0020928      5.9363861      1.5030895      6.8764296    
   6040000   0.99833448     5.9396808      1.4974521      6.8842338    
   6050000   0.99712719     5.9377451      1.4956413      6.8826326    
   6060000   1.0073162      5.9222558      1.5109242      6.8831917    
   6070000   1.0061676      5.9232378      1.5092015      6.8787493    
   6080000   1.0032151      5.9312738      1.5047728      6.8745339    
   6090000   0.99944465     5.9248413      1.4991173      6.8782936    
   6100000   1.0092304      5.9369036      1.5137954      6.875334     
   6110000   0.99558217     5.9353036      1.4933238      6.885817     
   6120000   0.9979904      5.9280844      1.496936       6.8804809    
   6130000   0.99601509     5.9089571      1.4939732      6.8671752    
   6140000   0.99378766     5.9393886      1.4906321      6.8833611    
   6150000   1.0038229      5.9272856      1.5056845      6.877283     
   6160000   1.0073367      5.9400586      1.5109549      6.8815065    
   6170000   1.001084       5.9397308      1.5015762      6.8890952    
   6180000   0.99854161     5.945176       1.4977628      6.8823392    
   6190000   0.99708411     5.9335328      1.4955766      6.886549     
   6200000   0.99498034     5.9373403      1.4924211      6.8868215    
   6210000   0.9966321      5.9325596      1.4948986      6.8823183    
   6220000   0.99529411     5.9306243      1.4928917      6.8773964    
   6230000   0.997487       5.9292879      1.496181       6.876313     
   6240000   1.0010148      5.9314387      1.5014724      6.8788157    
   6250000   1.0011981      5.9318547      1.5017475      6.8732985    
   6260000   0.99726583     5.9284155      1.4958492      6.8753474    
   6270000   0.99978412     5.9391154      1.4996265      6.8771985    
   6280000   1.010412       5.9237896      1.5155678      6.8751988    
   6290000   0.99742438     5.9352962      1.496087       6.8760191    
   6300000   1.0005108      5.9261527      1.5007165      6.8793776    
   6310000   0.99727676     5.9359159      1.4958656      6.8825199    
   6320000   1.00047        5.9467232      1.5006554      6.889757     
   6330000   1.0043858      5.9299197      1.5065289      6.8813274    
   6340000   1.000921       5.9352366      1.5013318      6.87936      
   6350000   0.98941628     5.9418653      1.4840753      6.8784784    
   6360000   0.99559572     5.9254156      1.4933441      6.8811884    
   6370000   0.99820593     5.9157106      1.4972593      6.8723653    
   6380000   0.99864776     5.9461201      1.497922       6.8841812    
   6390000   1.0036559      5.9395412      1.505434       6.8819199    
   6400000   1.0017506      5.9513692      1.5025761      6.8803104    
   6410000   0.997908       5.9484847      1.4968124      6.8846572    
   6420000   1.0011695      5.9412521      1.5017045      6.8827424    
   6430000   1.00221        5.9502591      1.5032652      6.8801643    
   6440000   0.99557839     5.9328211      1.4933181      6.8738141    
   6450000   1.0003752      5.9451902      1.5005132      6.8802342    
   6460000   1.00477        5.9360817      1.5071051      6.8871566    
   6470000   1.0020406      5.9329266      1.5030111      6.8791215    
   6480000   0.99405561     5.9325779      1.491034       6.8797055    
   6490000   1.0019126      5.9402081      1.5028191      6.8808601    
   6500000   1.0047675      5.9265384      1.5071014      6.8845872    
   6510000   0.99465858     5.9237569      1.4919385      6.8873429    
   6520000   1.0068643      5.9237221      1.5102465      6.8777616    
   6530000   0.99672502     5.9328672      1.495038       6.8850757    
   6540000   0.99777361     5.9326446      1.4966109      6.8784033    
   6550000   0.99563264     5.939541       1.4933995      6.8851464    
   6560000   1.0031081      5.930471       1.5046124      6.8828706    
   6570000   0.99570558     5.9368398      1.4935089      6.8819955    
   6580000   0.99653281     5.9273179      1.4947497      6.8778964    
   6590000   1.0050856      5.9294552      1.5075786      6.8773443    
   6600000   1.0037129      5.9436174      1.5055195      6.8856262    
   6610000   0.9946522      5.9355322      1.4919289      6.8790594    
   6620000   1.0035885      5.9352706      1.5053328      6.8793838    
   6630000   1.0036503      5.9400808      1.5054256      6.8867939    
   6640000   0.9954797      5.9318402      1.4931701      6.8743888    
   6650000   1.0022617      5.9284258      1.5033428      6.8809703    
   6660000   0.99417907     5.9163356      1.4912192      6.8731156    
   6670000   0.9980649      5.9366152      1.4970478      6.8844451    
   6680000   0.99272048     5.9438797      1.4890314      6.882785     
   6690000   0.99763203     5.9388244      1.4963985      6.8803971    
   6700000   1.0064035      5.9273872      1.5095553      6.8773761    
   6710000   0.99788819     5.9492507      1.4967827      6.878407     
   6720000   0.9984321      5.9544268      1.4975986      6.8828668    
   6730000   0.99929523     5.9445385      1.4988932      6.8771065    
   6740000   0.99334358     5.9554649      1.489966       6.8845591    
   6750000   0.99352191     5.9541809      1.4902335      6.8832935    
   6760000   0.9983214      5.9428222      1.4974325      6.8761649    
   6770000   1.0104889      5.9581232      1.5156831      6.885897     
   6780000   0.99578509     5.9586057      1.4936282      6.8834325    
   6790000   0.99815157     5.9499352      1.4971778      6.8836193    
   6800000   0.99806152     5.9271156      1.4970427      6.8707915    
   6810000   1.0095376      5.9362981      1.5142563      6.8829403    
   6820000   1.0023773      5.9273341      1.5035161      6.8781189    
   6830000   1.0008828      5.9409312      1.5012745      6.8839182    
   6840000   0.99400041     5.9246417      1.4909512      6.8711615    
   6850000   1.0102624      5.9364627      1.5153434      6.8827959    
   6860000   0.99791719     5.923455       1.4968262      6.8872133    
   6870000   0.99458607     5.9321194      1.4918297      6.8809903    
   6880000   0.99171411     5.9314474      1.4875219      6.8765276    
   6890000   0.99888505     5.9328513      1.498278       6.8789237    
   6900000   0.99672899     5.9396967      1.495044       6.884342     
   6910000   1.0011705      5.9318714      1.501706       6.8847608    
   6920000   1.0072955      5.9196795      1.5108933      6.875479     
   6930000   0.99453473     5.9267272      1.4917527      6.8789431    
   6940000   0.99834998     5.9270528      1.4974754      6.8757075    
   6950000   0.99829929     5.9489596      1.4973994      6.8878609    
   6960000   1.002546       5.9324414      1.5037692      6.8821288    
   6970000   1.0016093      5.9276729      1.5023643      6.8812751    
   6980000   1.0030483      5.9204778      1.5045226      6.8773647    
   6990000   0.99157561     5.9247211      1.4873142      6.8766372    
   7000000   1.0120114      5.9358877      1.5179668      6.8849356    
   7010000   1.0044025      5.9458814      1.5065539      6.8845473    
   7020000   1.0029215      5.9443232      1.5043324      6.8826665    
   7030000   0.99674453     5.9315054      1.4950673      6.8692844    
   7040000   0.99994915     5.9275009      1.4998741      6.8806407    
   7050000   1.0003044      5.9375954      1.5004069      6.8843992    
   7060000   1.0046702      5.9249179      1.5069554      6.8756512    
   7070000   0.99780208     5.9319796      1.4966536      6.8825803    
   7080000   1.0076421      5.9227842      1.5114132      6.8755968    
   7090000   1.0008278      5.9275869      1.5011919      6.8763511    
   7100000   0.99293254     5.9276456      1.4893495      6.8784291    
   7110000   1.0005499      5.9182214      1.5007751      6.8673895    
   7120000   0.99518561     5.9346404      1.492729       6.8762245    
   7130000   1.0021031      5.9398437      1.5031049      6.8848095    
   7140000   1.0034823      5.9265687      1.5051736      6.8791245    
   7150000   1.0071212      5.9344591      1.5106318      6.877935     
   7160000   0.9909611      5.9507125      1.4863924      6.8786982    
   7170000   0.99944959     5.9439444      1.4991247      6.886346     
   7180000   1.0080395      5.9411233      1.5120092      6.878897     
   7190000   0.99548713     5.9362839      1.4931813      6.8809605    
   7200000   1.0009868      5.9479977      1.5014305      6.890886     
   7210000   0.99881805     5.9277044      1.4981775      6.8741459    
   7220000   1.0003228      5.9400186      1.5004346      6.8888673    
   7230000   0.99645689     5.9312071      1.4946358      6.8843701    
   7240000   0.99811717     5.9436939      1.4971262      6.8894799    
   7250000   1.0042341      5.9390338      1.5063013      6.8766377    
   7260000   1.0045955      5.9434261      1.5068434      6.8803382    
   7270000   0.99094169     5.93144        1.4863633      6.8811687    
   7280000   1.0007937      5.9388325      1.5011409      6.8795527    
   7290000   0.99944181     5.9418703      1.4991131      6.8837685    
   7300000   0.99210791     5.9361432      1.4881126      6.8781884    
   7310000   0.99717457     5.9403386      1.4957123      6.8849506    
   7320000   0.99825005     5.9337585      1.4973255      6.8797489    
   7330000   0.98571214     5.9342919      1.4785193      6.8808948    
   7340000   0.99544371     5.947466       1.4931161      6.8869985    
   7350000   0.995076       5.9335141      1.4925646      6.8792004    
   7360000   1.0039008      5.9490934      1.5058013      6.8825479    
   7370000   0.98821166     5.9428056      1.4822684      6.8801634    
   7380000   1.0036329      5.9283199      1.5053995      6.8734664    
   7390000   0.99951054     5.9319016      1.4992162      6.8743963    
   7400000   0.99900149     5.9420247      1.4984526      6.8850024    
   7410000   0.99556926     5.9385069      1.4933044      6.8795031    
   7420000   0.99962822     5.9348342      1.4993927      6.8728882    
   7430000   0.99868509     5.943673       1.497978       6.8858559    
   7440000   0.99854937     5.9490027      1.4977745      6.8872122    
   7450000   0.99662576     5.9357385      1.4948891      6.8820463    
   7460000   0.99721547     5.9365376      1.4957737      6.8786109    
   7470000   0.99840537     5.9411747      1.4975585      6.8783704    
   7480000   0.9968062      5.9498273      1.4951598      6.8867094    
   7490000   0.9984182      5.941655       1.4975777      6.8796345    
   7500000   1.001072       5.929426       1.5015583      6.8848763    
   7510000   1.007536       5.9211797      1.511254       6.8777579    
   7520000   0.99785643     5.9226066      1.4967351      6.875876     
   7530000   0.99700014     5.9313772      1.4954507      6.8777261    
   7540000   0.99956927     5.9291685      1.4993043      6.8812896    
   7550000   1.0042206      5.9365394      1.506281       6.8847101    
   7560000   1.0037921      5.9319926      1.5056383      6.8851797    
   7570000   0.99276098     5.9338194      1.4890922      6.8777       
   7580000   1.0014376      5.93804        1.5021067      6.8804342    
   7590000   0.99869851     5.9371023      1.4979982      6.8804951    
   7600000   1.0037971      5.9397295      1.5056458      6.8815052    
   7610000   1.0020828      5.9459051      1.5030745      6.8867413    
   7620000   0.9980756      5.9299037      1.4970638      6.8751571    
   7630000   1.0057744      5.9412494      1.5086116      6.8855534    
   7640000   1.0080095      5.9362627      1.5119642      6.8819665    
   7650000   1.0002814      5.9336529      1.5003725      6.8854277    
   7660000   1.0002106      5.9315752      1.5002662      6.8769457    
   7670000   0.99793741     5.9311602      1.4968566      6.8775237    
   7680000   1.0015044      5.936243       1.5022069      6.8797089    
   7690000   1.0020803      5.919613       1.5030706      6.8789854    
   7700000   1.0053035      5.930344       1.5079053      6.8764551    
   7710000   0.99890222     5.9368033      1.4983037      6.8841004    
   7720000   1.0081351      5.9422331      1.5121526      6.8758652    
   7730000   1.0089683      5.9241349      1.5134023      6.8763592    
   7740000   0.99671986     5.9361352      1.4950303      6.8790934    
   7750000   0.99604799     5.9207244      1.4940225      6.8692496    
   7760000   0.99764884     5.9447447      1.4964237      6.8817041    
   7770000   0.99348454     5.9325552      1.4901775      6.8679318    
   7780000   1.0031153      5.9411269      1.5046231      6.8771627    
   7790000   1.0002248      5.9407508      1.5002875      6.8859381    
   7800000   0.99591727     5.9330466      1.4938264      6.8801207    
   7810000   1.0050855      5.9428652      1.5075783      6.8767519    
   7820000   1.000647       5.9437961      1.5009208      6.884218     
   7830000   1.0007699      5.9363757      1.5011052      6.8788627    
   7840000   1.0027169      5.9304933      1.5040255      6.8789537    
   7850000   1.0044057      5.9484332      1.5065586      6.8827574    
   7860000   0.99369817     5.9416095      1.4904979      6.8808766    
   7870000   1.0022042      5.9382277      1.5032565      6.8796635    
   7880000   1.0017764      5.9393758      1.5026148      6.8815077    
   7890000   0.99528708     5.9429558      1.4928812      6.8747153    
   7900000   1.0018969      5.9386114      1.5027956      6.8775165    
   7910000   1.0004965      5.9340206      1.500695       6.8802755    
   7920000   0.99791275     5.9343053      1.4968196      6.8707228    
   7930000   1.0033358      5.9437135      1.5049538      6.8852667    
   7940000   1.0010108      5.9565811      1.5014665      6.8939546    
   7950000   0.99607206     5.9482166      1.4940586      6.8883097    
   7960000   0.99571948     5.9552602      1.4935298      6.8866769    
   7970000   1.0020706      5.9468684      1.5030562      6.8811617    
   7980000   1.0040098      5.9446399      1.5059648      6.8814011    
   7990000   1.000535       5.9452121      1.5007528      6.8773898    
   8000000   1.0005872      5.9453784      1.5008311      6.8772371    
   8010000   0.99270796     5.951286       1.4890126      6.8844763    
   8020000   1.0017828      5.945493       1.5026244      6.8870197    
   8030000   0.99260567     5.9377786      1.4888592      6.8807956    
   8040000   0.99634111     5.9273479      1.4944622      6.8794838    
   8050000   0.99910364     5.9409527      1.4986058      6.8752939    
   8060000   0.9967483      5.9331278      1.4950729      6.8848572    
   8070000   1.0003952      5.9305523      1.5005431      6.8718708    
   8080000   1.0006911      5.9425402      1.500987       6.8828873    
   8090000   1.0014453      5.9301316      1.5021182      6.8832077    
   8100000   1.0072539      5.9284836      1.5108308      6.8874329    
   8110000   1.0001947      5.9370789      1.5002423      6.8766051    
   8120000   0.99036696     5.9313806      1.4855012      6.8762787    
   8130000   0.99605829     5.9303373      1.494038       6.8808647    
   8140000   0.9954748      5.9413981      1.4931628      6.8859074    
   8150000   0.99703776     5.9345493      1.4955071      6.8779739    
   8160000   0.99361089     5.9226549      1.490367       6.879729     
   8170000   0.99547836     5.9370994      1.4931681      6.8768647    
   8180000   1.0022298      5.9329634      1.5032949      6.8773543    
   8190000   0.99814527     5.9257294      1.4971683      6.8746809    
   8200000   1.0016147      5.9396422      1.5023723      6.8783989    
   8210000   0.99624907     5.928795       1.4943241      6.8749684    
   8220000   1.0074904      5.9425129      1.5111856      6.8937463    
   8230000   1.0034849      5.9395616      1.5051775      6.8843197    
   8240000   1.0012003      5.9378212      1.5017508      6.8791223    
   8250000   0.99853254     5.9378423      1.4977492      6.8761867    
   8260000   0.9982346      5.9552005      1.4973023      6.8881042    
   8270000   0.99592404     5.9436469      1.4938366      6.8802706    
   8280000   1.0050241      5.9445504      1.5074862      6.8819012    
   8290000   0.98796522     5.9263809      1.4818988      6.8796524    
   8300000   1.0064629      5.9371746      1.5096444      6.8824301    
   8310000   1.0103588      5.9289249      1.515488       6.8778891    
   8320000   1.0090679      5.9402364      1.5135518      6.8799698    
   8330000   0.99015669     5.9345941      1.4851859      6.8790144    
   8340000   0.99604428     5.923557       1.4940169      6.8750328    
   8350000   1.0003865      5.9372558      1.50053        6.8782202    
   8360000   0.99377652     5.9452924      1.4906154      6.8833114    
   8370000   1.0008798      5.9411314      1.50127        6.885486     
   8380000   0.98640902     5.9237366      1.4795645      6.8755111    
   8390000   0.99987208     5.934084       1.4997585      6.8809921    
   8400000   0.99729778     5.9396362      1.4958971      6.887977     
   8410000   0.99324925     5.9298333      1.4898245      6.8777291    
   8420000   0.99798543     5.9422047      1.4969286      6.8853798    
   8430000   0.99353577     5.927183       1.4902543      6.8815953    
   8440000   1.0000423      5.9268357      1.5000138      6.8822912    
   8450000   0.99979976     5.9288262      1.49965        6.8894283    
   8460000   0.99969734     5.9278522      1.4994964      6.8774163    
   8470000   1.0031877      5.9405206      1.5047317      6.8831088    
   8480000   0.99406806     5.9377363      1.4910527      6.8775376    
   8490000   1.0013554      5.9334136      1.5019833      6.8764254    
   8500000   0.99561206     5.9324558      1.4933686      6.877728     
   8510000   0.99802245     5.9519818      1.4969841      6.8828336    
   8520000   1.0003671      5.9493938      1.500501       6.886383     
   8530000   1.0072482      5.9303185      1.5108223      6.8794041    
   8540000   0.99519357     5.9362812      1.4927409      6.8815837    
   8550000   0.99724833     5.9422015      1.495823       6.8805959    
   8560000   0.99502674     5.9475412      1.4924907      6.8768205    
   8570000   1.0004951      5.9414315      1.500693       6.8831479    
   8580000   1.0032364      5.9454416      1.5048048      6.8734382    
   8590000   1.0019493      5.9438735      1.5028742      6.8729021    
   8600000   1.0018131      5.9533029      1.5026699      6.8790117    
   8610000   0.99633279     5.9592894      1.4944497      6.8853391    
   8620000   1.0055276      5.9402548      1.5082414      6.8760083    
   8630000   0.99502737     5.9505993      1.4924916      6.8865976    
   8640000   0.99567374     5.9402392      1.4934612      6.878367     
   8650000   1.0025644      5.9343306      1.5037968      6.8778088    
   8660000   1.0063527      5.9390818      1.5094791      6.8775069    
   8670000   0.99599817     5.9304882      1.4939478      6.8786042    
   8680000   0.99632619     5.951539       1.4944398      6.8861748    
   8690000   1.0095065      5.9410815      1.5142096      6.881482     
   8700000   1.0060363      5.9417063      1.5090045      6.8813277    
   8710000   0.99871851     5.9457747      1.4980282      6.880006     
   8720000   0.98983412     5.9456218      1.484702       6.8852556    
   8730000   0.99934929     5.9373389      1.4989743      6.8820783    
   8740000   0.99810542     5.9427154      1.4971086      6.8770916    
   8750000   0.99545465     5.9594451      1.4931325      6.8839857    
   8760000   1.0012461      5.9373434      1.5018194      6.8781762    
   8770000   0.99856169     5.9435629      1.4977929      6.8764948    
   8780000   0.99920958     5.9535803      1.4987647      6.881801     
   8790000   1.0026061      5.9499268      1.5038594      6.8834742    
   8800000   0.99680647     5.9445033      1.4951602      6.8814976    
   8810000   0.99873884     5.9535412      1.4980587      6.8854218    
   8820000   0.99176617     5.9637093      1.4876         6.8907058    
   8830000   1.0022142      5.9482887      1.5032715      6.8814535    
   8840000   1.0013327      5.9602196      1.5019493      6.882699     
   8850000   1.0088344      5.9351736      1.5132015      6.881378     
   8860000   0.99541463     5.9343479      1.4930725      6.8679441    
   8870000   1.0011866      5.9370166      1.5017301      6.8739646    
   8880000   1.0000286      5.9517454      1.4999933      6.8839354    
   8890000   1.0021791      5.9498178      1.5032188      6.8854413    
   8900000   0.99634878     5.9539278      1.4944737      6.8840355    
   8910000   0.99148254     5.9366471      1.4871746      6.875567     
   8920000   0.99398929     5.9465251      1.4909346      6.8821574    
   8930000   0.99582051     5.9448294      1.4936813      6.8764376    
   8940000   0.99958359     5.9493409      1.4993257      6.8815029    
   8950000   1.006241       5.9463776      1.5093115      6.8806253    
   8960000   1.0007653      5.9519235      1.5010983      6.8808014    
   8970000   0.99895792     5.9580203      1.4983873      6.8800998    
   8980000   1.0067733      5.9328833      1.5101099      6.8763693    
   8990000   1.0029676      5.9413313      1.5044016      6.882447     
   9000000   0.99473658     5.9454556      1.4920555      6.877512     
   9010000   0.99384752     5.9493772      1.4907219      6.8793252    
   9020000   1.0030936      5.9319412      1.5045906      6.8722415    
   9030000   0.99445966     5.9453665      1.4916401      6.8775748    
   9040000   0.98941617     5.9400972      1.4840751      6.8812428    
   9050000   1.0012146      5.9373271      1.5017722      6.8811409    
   9060000   0.98826653     5.950559       1.4823507      6.8810218    
   9070000   1.0016684      5.956269       1.5024528      6.888344     
   9080000   1.0089661      5.9503271      1.513399       6.8805133    
   9090000   0.9954468      5.9526338      1.4931208      6.8771185    
   9100000   0.99337089     5.9526803      1.490007       6.8756879    
   9110000   0.99935516     5.970655       1.4989831      6.8895682    
   9120000   1.0008271      5.9435746      1.5011909      6.8820564    
   9130000   0.9971722      5.9436352      1.4957088      6.8842351    
   9140000   1.0002052      5.9505342      1.5002582      6.8824446    
   9150000   1.0039852      5.9376042      1.5059279      6.881409     
   9160000   0.99938848     5.938989       1.4990331      6.8814516    
   9170000   1.0071898      5.9423768      1.5107347      6.8827313    
   9180000   0.99975295     5.9412432      1.4995798      6.8856293    
   9190000   0.99414544     5.9500016      1.4911688      6.8820849    
   9200000   0.99750956     5.9421141      1.4962148      6.8756059    
   9210000   0.99751607     5.9422412      1.4962246      6.8768299    
   9220000   0.9985487      5.9374846      1.4977735      6.8874216    
   9230000   1.007034       5.9282658      1.5105009      6.8777884    
   9240000   1.0001159      5.9373364      1.5001242      6.8824178    
   9250000   1.0008627      5.936539       1.5012444      6.8754798    
   9260000   0.99445658     5.9335428      1.4916355      6.8815209    
   9270000   1.000087       5.9355902      1.5000808      6.8744912    
   9280000   0.99570294     5.9395026      1.493505       6.882028     
   9290000   1.0082604      5.9361993      1.5123406      6.8789975    
   9300000   0.99345689     5.9280142      1.490136       6.8773087    
   9310000   1.0049466      5.9386511      1.50737        6.8814542    
   9320000   1.0028796      5.9276838      1.5042696      6.8795982    
   9330000   1.0023648      5.9123221      1.5034974      6.8755994    
   9340000   0.99785421     5.9158597      1.4967318      6.868884     
   9350000   0.99938986     5.9326823      1.4990352      6.8812944    
   9360000   0.99920242     5.9392317      1.498754       6.8872883    
   9370000   1.0028618      5.9259093      1.5042429      6.8702712    
   9380000   0.99764964     5.9222568      1.4964249      6.8778616    
   9390000   1.0014777      5.9333076      1.5021668      6.8805764    
   9400000   0.99727284     5.9315253      1.4958597      6.8721187    
   9410000   1.004796       5.9361302      1.5071442      6.8778899    
   9420000   0.99980497     5.9300909      1.4996578      6.8736807    
   9430000   0.99946592     5.9553222      1.4991492      6.885359     
   9440000   0.99630124     5.9428343      1.4944024      6.8806185    
   9450000   0.99470688     5.9497091      1.4920109      6.8847406    
   9460000   0.99605611     5.9385714      1.4940347      6.8818141    
   9470000   1.0053884      5.9344907      1.5080327      6.8781735    
   9480000   0.99201335     5.938854       1.4879708      6.8746587    
   9490000   1.0006537      5.9418492      1.5009309      6.8767928    
   9500000   0.99672592     5.9564135      1.4950394      6.8890552    
   9510000   1.0000074      5.9530674      1.4999615      6.8895131    
   9520000   0.99780592     5.9418286      1.4966593      6.8817143    
   9530000   0.99848339     5.9335643      1.4976755      6.8712278    
   9540000   0.9992161      5.9539638      1.4987745      6.8810476    
   9550000   0.99310106     5.9535728      1.4896023      6.8810429    
   9560000   1.0009684      5.9488448      1.5014029      6.8883685    
   9570000   0.99819435     5.9215214      1.4972419      6.8733677    
   9580000   1.0044924      5.9304845      1.5066886      6.8694781    
   9590000   1.0029721      5.9179296      1.5044083      6.8696096    
   9600000   0.99738255     5.9369661      1.4960243      6.8877829    
   9610000   0.99904799     5.9328004      1.4985224      6.8816954    
   9620000   0.99813145     5.9231007      1.4971476      6.8755841    
   9630000   1.0023017      5.9251485      1.5034028      6.8698735    
   9640000   1.0029081      5.9264851      1.5043123      6.8758626    
   9650000   1.0017505      5.93055        1.502576       6.877556     
   9660000   1.0030227      5.9505111      1.5044843      6.8833861    
   9670000   1.0020486      5.9443154      1.5030231      6.8826781    
   9680000   1.0052986      5.9408239      1.507898       6.8819699    
   9690000   1.0027469      5.9385127      1.5040706      6.8743868    
   9700000   0.99991499     5.9355768      1.4998228      6.8769901    
   9710000   1.0088059      5.9309376      1.5131588      6.8712922    
   9720000   1.0048851      5.9387715      1.5072777      6.879718     
   9730000   0.99955707     5.9329731      1.499286       6.8797788    
   9740000   0.99831531     5.9420454      1.4974234      6.881772     
   9750000   0.99742152     5.9387231      1.4960827      6.8900728    
   9760000   0.99927096     5.9467696      1.4988568      6.8849711    
   9770000   0.99853184     5.9441404      1.4977482      6.877528     
   9780000   0.99819631     5.9268325      1.4972449      6.8789115    
   9790000   1.0020514      5.9436493      1.5030274      6.8925783    
   9800000   1.0141         5.9448331      1.5210996      6.885087     
   9810000   0.99992623     5.9325251      1.4998397      6.8832144    
   9820000   1.000523       5.928068       1.5007349      6.8803676    
   9830000   0.99635221     5.9594223      1.4944788      6.8931656    
   9840000   0.99727604     5.9371424      1.4958645      6.8759266    
   9850000   0.99311948     5.9475213      1.4896299      6.8836522    
   9860000   0.99866399     5.9504551      1.4979464      6.8784698    
   9870000   0.9995744      5.952418       1.499312       6.8844972    
   9880000   1.0049526      5.9433349      1.507379       6.8804703    
   9890000   1.0097119      5.9348528      1.5145176      6.8760151    
   9900000   1.0070743      5.9455163      1.5105614      6.8845859    
   9910000   1.0016556      5.9416115      1.5024337      6.8738009    
   9920000   0.9974947      5.9526654      1.4961925      6.8834936    
   9930000   0.9946556      5.9562707      1.491934       6.8837539    
   9940000   0.99833287     5.9426239      1.4974497      6.8778585    
   9950000   1.0014951      5.9391951      1.5021929      6.8872215    
   9960000   0.9976659      5.9454389      1.4964493      6.8876867    
   9970000   0.99945685     5.9375065      1.4991356      6.878031     
   9980000   0.9953099      5.9386766      1.4929154      6.8737108    
   9990000   0.99608396     5.9555656      1.4940765      6.882915     
  10000000   1.0041677      5.9448768      1.5062016      6.8782536    
  10010000   0.99614988     5.9263715      1.4941753      6.8700018    
  10020000   1.0033257      5.9544226      1.5049388      6.8776847    
  10030000   0.99576164     5.9501132      1.493593       6.8845603    
  10040000   0.99908359     5.9279777      1.4985758      6.8802619    
  10050000   0.99766507     5.9297162      1.4964481      6.877466     
  10060000   1.0040381      5.9551727      1.5060073      6.8792721    
  10070000   0.99989679     5.94725        1.4997955      6.880666     
  10080000   0.99965864     5.9511653      1.4994383      6.8824514    
  10090000   1.0022873      5.955135       1.5033812      6.8834755    
  10100000   1.0012077      5.9327235      1.5017617      6.8759153    
  10110000   1.003277       5.9470089      1.5048656      6.888474     
  10120000   0.99871072     5.9357221      1.4980165      6.8821324    
  10130000   1.0010584      5.967083       1.5015379      6.8913732    
  10140000   0.99915581     5.9266976      1.4986841      6.8750115    
  10150000   1.0079712      5.9384213      1.5119067      6.8821857    
  10160000   1.0075114      5.9376152      1.5112171      6.8823077    
  10170000   1.0001279      5.9333833      1.5001422      6.8706528    
  10180000   0.9922905      5.9329106      1.4883865      6.881334     
  10190000   1.0002527      5.9179466      1.5003293      6.8714977    
  10200000   0.9865948      5.9385383      1.4798432      6.8801647    
  10210000   1.0024357      5.9516259      1.5036038      6.8879719    
  10220000   0.99404568     5.9383259      1.4910192      6.8812679    
  10230000   0.99654357     5.9460412      1.4947659      6.8872112    
  10240000   1.0049561      5.9321447      1.5073843      6.8810966    
  10250000   0.99606947     5.9397252      1.4940547      6.8811689    
  10260000   1.0011506      5.9383915      1.5016761      6.8822293    
  10270000   0.99993703     5.9241691      1.4998559      6.8756221    
  10280000   0.99833308     5.9306518      1.49745        6.8786906    
  10290000   0.99653073     5.9297207      1.4947466      6.8770659    
  10300000   1.0020267      5.932988       1.5029903      6.8795141    
  10310000   1.0057437      5.9285549      1.5085656      6.8758302    
  10320000   0.99190752     5.941219       1.487812       6.8780693    
  10330000   1.000522       5.9381609      1.5007333      6.878586     
  10340000   0.9978352      5.9403066      1.4967032      6.8790195    
  10350000   0.99885203     5.9423119      1.4982284      6.8782239    
  10360000   0.99763688     5.9560085      1.4964058      6.8902632    
  10370000   1.0036391      5.9436122      1.5054088      6.8777665    
  10380000   0.99891635     5.9376708      1.4983249      6.8827501    
  10390000   0.99592416     5.942527       1.4938368      6.8843855    
  10400000   1.0027532      5.9342837      1.5040799      6.876753     
  10410000   0.99874619     5.9374666      1.4980697      6.8830945    
  10420000   0.99987119     5.9095342      1.4997571      6.8709058    
  10430000   0.99821407     5.9413703      1.4972715      6.8813217    
  10440000   1.0095311      5.9284015      1.5142465      6.8809584    
  10450000   0.99355076     5.9324061      1.4902768      6.8773837    
  10460000   0.99367635     5.9430036      1.4904652      6.8877767    
  10470000   0.99477972     5.9484415      1.4921202      6.8871565    
  10480000   0.99687942     5.9525096      1.4952696      6.8901418    
  10490000   1.0040575      5.9415328      1.5060363      6.8725386    
  10500000   1.0058632      5.9482054      1.5087448      6.8822625    
  10510000   0.9969959      5.9521394      1.4954443      6.8808592    
  10520000   0.9975142      5.9529078      1.4962217      6.8811129    
  10530000   0.99710768     5.9498706      1.495612       6.8809692    
  10540000   0.99675541     5.9580724      1.4950836      6.8866376    
  10550000   0.99086914     5.9442364      1.4862545      6.8815175    
  10560000   1.0020733      5.9282987      1.5030601      6.8745285    
  10570000   1.0069405      5.9474233      1.5103608      6.8840977    
  10580000   1.000416       5.9413205      1.5005744      6.8787609    
  10590000   1.000493       5.9415943      1.5006898      6.8765125    
  10600000   1.0002752      5.9324179      1.5003632      6.878924     
  10610000   1.0044976      5.9361611      1.5066966      6.8845361    
  10620000   0.99667376     5.9492779      1.4949611      6.8898539    
  10630000   1.0036428      5.9477318      1.5054144      6.8828095    
  10640000   0.99377554     5.9245121      1.4906139      6.8794465    
  10650000   0.99750132     5.9265562      1.4962024      6.8808047    
  10660000   0.99371736     5.9211459      1.4905267      6.8748705    
  10670000   0.99462441     5.9235368      1.4918872      6.8744802    
  10680000   1.0052847      5.932527       1.5078771      6.8775291    
  10690000   1.0039656      5.9370905      1.5058986      6.8825402    
  10700000   0.99954278     5.9325336      1.4992645      6.8786858    
  10710000   1.0003178      5.9354879      1.5004271      6.8774682    
  10720000   1.0065536      5.9357362      1.5097804      6.8779938    
  10730000   0.99378493     5.9385857      1.490628       6.8791285    
  10740000   0.99716652     5.9405817      1.4957003      6.8775322    
  10750000   0.99933874     5.942118       1.4989585      6.8809262    
  10760000   0.99993554     5.9390829      1.4998536      6.8737035    
  10770000   0.99347152     5.94456        1.4901579      6.8806107    
  10780000   1.0051504      5.9485712      1.5076757      6.8825043    
  10790000   1.0009072      5.9341808      1.5013111      6.8740516    
  10800000   0.99731969     5.9508461      1.49593        6.8845513    
  10810000   1.0028797      5.9405371      1.5042697      6.8738985    
  10820000   1.0061701      5.9375519      1.5092051      6.8749214    
  10830000   0.99288577     5.9443367      1.4892793      6.8806948    
  10840000   0.99918711     5.9322507      1.498731       6.8715725    
  10850000   0.99191347     5.936294       1.4878209      6.8761277    
  10860000   0.99484298     5.9416583      1.4922151      6.8786021    
  10870000   1.002633       5.9570643      1.5038997      6.8857277    
  10880000   1.0018703      5.9486413      1.5027556      6.8766746    
  10890000   1.0012843      5.940855       1.5018767      6.8769024    
  10900000   0.99912514     5.9548066      1.4986381      6.8863612    
  10910000   0.99744611     5.9514482      1.4961196      6.8859352    
  10920000   0.9989824      5.9311192      1.498424       6.8801521    
  10930000   0.9943805      5.9479508      1.4915214      6.8874872    
  10940000   0.99877778     5.949834       1.4981171      6.8884969    
  10950000   1.0048491      5.9489532      1.5072238      6.8830043    
  10960000   0.99429118     5.9422558      1.4913874      6.8764103    
  10970000   0.99357419     5.9360237      1.4903119      6.872803     
  10980000   0.99295265     5.9516186      1.4893797      6.8831565    
  10990000   0.98966828     5.9452059      1.4844533      6.8743813    
  11000000   0.99279302     5.9437404      1.4891402      6.8759841    
  11010000   0.9998597      5.942343       1.4997399      6.8783946    
  11020000   1.0004428      5.9376887      1.5006145      6.8728683    
  11030000   0.99006505     5.9383638      1.4850484      6.8758493    
  11040000   0.99628981     5.946294       1.4943852      6.8780805    
  11050000   1.0106121      5.9432437      1.515868       6.8785623    
  11060000   1.0036326      5.939308       1.5053991      6.8811029    
  11070000   0.99474006     5.9418498      1.4920607      6.8815475    
  11080000   0.9986954      5.9382837      1.4979935      6.880335     
  11090000   1.0108783      5.9353677      1.5162673      6.8766511    
  11100000   0.99455654     5.9375392      1.4917854      6.8780512    
  11110000   0.99948544     5.929517       1.4991785      6.8807954    
  11120000   0.99596202     5.9447512      1.4938936      6.8836849    
  11130000   1.0069949      5.9336663      1.5104424      6.8783113    
  11140000   1.0040176      5.937946       1.5059766      6.8808445    
  11150000   0.99839743     5.9298714      1.4975466      6.8719482    
  11160000   1.0063565      5.9311376      1.5094848      6.8811557    
  11170000   1.00602        5.9221584      1.50898        6.8693285    
  11180000   1.0054746      5.9233285      1.508162       6.8795866    
  11190000   1.0043825      5.9374587      1.5065239      6.8805759    
  11200000   1.0046007      5.9509861      1.5068512      6.8828057    
  11210000   1.0046792      5.9409475      1.5069689      6.8775704    
  11220000   1.0025502      5.9455507      1.5037754      6.8776667    
  11230000   1.0012317      5.9584671      1.5017978      6.8824913    
  11240000   1.0052133      5.9379922      1.50777        6.8823064    
  11250000   0.99886087     5.9216132      1.4982417      6.879667     
  11260000   1.0050558      5.9382273      1.5075338      6.8824721    
  11270000   1.0006438      5.9252079      1.500916       6.8759689    
  11280000   0.99493467     5.939632       1.4923526      6.8777648    
  11290000   0.99627654     5.9279875      1.4943653      6.8700435    
  11300000   0.99943885     5.9350968      1.4991086      6.8820724    
  11310000   0.99655471     5.9367162      1.4947826      6.8771302    
  11320000   0.99791322     5.9338762      1.4968203      6.8778325    
  11330000   1.0016545      5.938621       1.502432       6.8773528    
  11340000   0.99910134     5.9351173      1.4986024      6.8849524    
  11350000   1.00127        5.9318722      1.5018553      6.8784862    
  11360000   0.9999215      5.934321       1.4998326      6.8825961    
  11370000   1.0007761      5.9404146      1.5011144      6.8783973    
  11380000   0.99916871     5.9357246      1.4987034      6.8770147    
  11390000   1.0031242      5.9428741      1.5046364      6.8882101    
  11400000   1.0000643      5.9544307      1.5000468      6.8854958    
  11410000   0.99505049     5.9398628      1.4925263      6.8824682    
  11420000   1.0045795      5.9446502      1.5068193      6.8840379    
  11430000   0.99499608     5.9419943      1.4924447      6.8851993    
  11440000   0.99479908     5.9419458      1.4921492      6.8851372    
  11450000   1.0017877      5.9312964      1.5026318      6.8742808    
  11460000   0.99409666     5.9390816      1.4910956      6.8826194    
  11470000   1.001599       5.9476796      1.5023488      6.8894509    
  11480000   1.0015748      5.9430509      1.5023125      6.8851954    
  11490000   0.99937027     5.9371806      1.4990058      6.8757202    
  11500000   0.9967252      5.9383387      1.4950383      6.8818161    
  11510000   0.99486684     5.928336       1.4922509      6.8817134    
  11520000   0.99632712     5.9388461      1.4944412      6.8774235    
  11530000   1.0078263      5.9312233      1.5116894      6.8779613    
  11540000   1.0034424      5.9351463      1.5051137      6.8855709    
  11550000   0.99349321     5.9380015      1.4901905      6.8794632    
  11560000   1.0001058      5.9286423      1.500109       6.877009     
  11570000   1.0023114      5.9248531      1.5034173      6.8800356    
  11580000   0.98753418     5.9270391      1.4812522      6.8757002    
  11590000   0.9997493      5.9454673      1.4995743      6.8909093    
  11600000   1.0085266      5.92987        1.5127398      6.8832053    
  11610000   1.0022127      5.9219099      1.5032693      6.8724881    
  11620000   0.98990472     5.9379485      1.4848079      6.8787958    
  11630000   0.99141553     5.9233986      1.487074       6.8679538    
  11640000   0.99993068     5.9440115      1.4998464      6.8840031    
  11650000   1.003736       5.9435601      1.5055541      6.8942929    
  11660000   0.99850502     5.9330778      1.4977079      6.8790142    
  11670000   0.99927814     5.9303815      1.4988676      6.8778902    
  11680000   1.0032244      5.935906       1.5047867      6.8765984    
  11690000   0.99345927     5.9337108      1.4901396      6.8797814    
  11700000   1.005314       5.9601972      1.5079211      6.8802683    
  11710000   1.0027261      5.9231679      1.5040393      6.8747606    
  11720000   1.0063342      5.9510507      1.5094513      6.8844335    
  11730000   1.0083926      5.9389042      1.5125389      6.8824406    
  11740000   0.99893219     5.9247383      1.4983487      6.8687062    
  11750000   1.0001371      5.9274861      1.5001559      6.8752466    
  11760000   0.99787836     5.9386298      1.496768       6.8823239    
  11770000   1.0013842      5.9486843      1.5020265      6.8842752    
  11780000   0.99657612     5.9389018      1.4948147      6.8721003    
  11790000   0.99458736     5.9422018      1.4918316      6.8755313    
  11800000   0.99637846     5.9341585      1.4945182      6.8825446    
  11810000   1.0087142      5.9344604      1.5130212      6.8759177    
  11820000   1.0047404      5.9318185      1.5070606      6.8827868    
  11830000   1.0052915      5.9375542      1.5078874      6.8819212    
  11840000   0.99692706     5.9343004      1.4953411      6.8832441    
  11850000   1.0021519      5.9260831      1.5031781      6.8789975    
  11860000   0.99631478     5.9314837      1.4944227      6.8796655    
  11870000   1.0037461      5.9308847      1.5055693      6.8844563    
  11880000   0.99609645     5.9315021      1.4940952      6.8802488    
  11890000   1.007202       5.9382626      1.5107529      6.880795     
  11900000   1.0100251      5.9241719      1.5149876      6.8754606    
  11910000   1.0047688      5.9268755      1.5071032      6.8827995    
  11920000   1.0040312      5.9207012      1.505997       6.8804414    
  11930000   1.0001261      5.9084387      1.5001395      6.8739106    
  11940000   1.0032273      5.9257437      1.5047911      6.8799966    
  11950000   1.0001867      5.9310818      1.5002303      6.8734637    
  11960000   1.0002763      5.9322523      1.5003647      6.8791149    
  11970000   1.0011168      5.9491253      1.5016255      6.885829     
  11980000   0.99654381     5.937785       1.4947662      6.8754704    
  11990000   0.99390715     5.9395149      1.4908114      6.8858425    
  12000000   1.0071626      5.9270493      1.5106939      6.8773645    
  12010000   1.0024244      5.9237357      1.5035868      6.8770959    
  12020000   1.0005043      5.9333928      1.5007067      6.8808182    
  12030000   1.0006088      5.9331557      1.5008635      6.8829394    
  12040000   1.0016147      5.9372716      1.5023723      6.8774389    
  12050000   0.99621073     5.9364199      1.4942666      6.8799756    
  12060000   0.99877708     5.9328439      1.498116       6.8852589    
  12070000   0.99486541     5.9334425      1.4922487      6.8838761    
  12080000   1.0039993      5.9317402      1.5059491      6.8796348    
  12090000   0.99765113     5.9235785      1.4964271      6.8729885    
  12100000   0.9959167      5.9344831      1.4938256      6.8838483    
  12110000   0.99768362     5.9289389      1.4964759      6.869853     
  12120000   1.0052309      5.9386307      1.5077964      6.8790945    
  12130000   1.0033207      5.9444598      1.5049312      6.8878359    
  12140000   0.99766382     5.9344571      1.4964462      6.8801933    
  12150000   1.0049594      5.9290654      1.5073891      6.8780433    
  12160000   0.98966119     5.9481676      1.4844426      6.8893056    
  12170000   1.0011382      5.9517603      1.5016576      6.8832345    
  12180000   1.0002184      5.9261512      1.500278       6.8747625    
  12190000   1.0052509      5.9363757      1.5078264      6.8773481    
  12200000   1.0034244      5.9504951      1.5050868      6.8850217    
  12210000   1.001814       5.9482908      1.5026713      6.8850102    
  12220000   1.007519       5.9515259      1.5112284      6.8861634    
  12230000   0.99708308     5.9564765      1.4955751      6.8783531    
  12240000   1.0024517      5.9509858      1.5036277      6.8827883    
  12250000   0.99885543     5.9532671      1.4982335      6.8887394    
  12260000   1.0013968      5.9611555      1.5020454      6.8867715    
  12270000   1.0045123      5.9447115      1.5067186      6.8759112    
  12280000   1.0099396      5.9314916      1.5148592      6.876052     
  12290000   0.98924337     5.9274113      1.4838159      6.8788       
  12300000   1.0004803      5.9318427      1.5006707      6.8779241    
  12310000   1.0005022      5.9233082      1.5007036      6.8733613    
  12320000   1.0120149      5.9289043      1.5179721      6.8814299    
  12330000   1.0028426      5.9288633      1.504214       6.882008     
  12340000   1.0062384      5.9247328      1.5093076      6.875709     
  12350000   1.0108593      5.916218       1.5162387      6.8739957    
  12360000   1.0006799      5.9183867      1.5009702      6.8704953    
  12370000   0.99870198     5.94354        1.4980034      6.87715      
  12380000   1.0000159      5.9490438      1.4999742      6.8834326    
  12390000   1.0026388      5.9466558      1.5039083      6.8902952    
  12400000   0.9985853      5.9404061      1.4978283      6.8884974    
  12410000   0.99420417     5.9412117      1.4912569      6.8821245    
  12420000   0.99422571     5.9286575      1.4912892      6.8762393    
  12430000   1.0039894      5.93847        1.5059342      6.8867873    
  12440000   0.99255838     5.9369342      1.4887883      6.8894209    
  12450000   0.99719218     5.9245674      1.4957387      6.8773094    
  12460000   0.99413874     5.9292849      1.4911587      6.8848062    
  12470000   1.0031533      5.9191379      1.5046802      6.8845519    
  12480000   0.99743937     5.9356713      1.4961095      6.8857578    
  12490000   0.99810221     5.9243223      1.4971037      6.8770454    
  12500000   1.0053724      5.9477551      1.5080086      6.8839914    
  12510000   1.0017534      5.9389826      1.5025804      6.8829153    
  12520000   0.99170925     5.9453076      1.4875146      6.8880471    
  12530000   1.0050111      5.9293917      1.5074668      6.8805014    
  12540000   0.99555576     5.9454553      1.4932842      6.8869953    
  12550000   0.99200937     5.935195       1.4879648      6.8806004    
  12560000   1.0004782      5.9313009      1.5006677      6.8794001    
  12570000   1.0075002      5.9272885      1.5112002      6.8768648    
  12580000   1.0023169      5.9352451      1.5034256      6.8721438    
  12590000   0.99496413     5.9268064      1.4923968      6.8740499    
  12600000   0.99643246     5.9334441      1.4945992      6.8778845    
  12610000   1.0022204      5.942406       1.5032808      6.8855966    
  12620000   1.0036208      5.9350483      1.5053814      6.8828626    
  12630000   0.99398824     5.9225378      1.490933       6.8817507    
  12640000   0.99716437     5.9324729      1.495697       6.8823955    
  12650000   0.99747968     5.9511177      1.49617        6.8915096    
  12660000   0.99391729     5.930031       1.4908266      6.8767607    
  12670000   0.99399901     5.9280395      1.4909491      6.8708708    
  12680000   0.99894308     5.9420711      1.498365       6.8843031    
  12690000   0.99871752     5.9309814      1.4980267      6.8767576    
  12700000   0.99701727     5.9461053      1.4954764      6.8788329    
  12710000   0.9967227      5.939246       1.4950345      6.8816067    
  12720000   1.0048739      5.94314        1.5072609      6.8827624    
  12730000   0.99559658     5.9349426      1.4933454      6.8737682    
  12740000   1.000959       5.9460603      1.5013887      6.8794058    
  12750000   0.99475034     5.9420341      1.4920761      6.8866       
  12760000   0.99658276     5.9394823      1.4948246      6.8850638    
  12770000   1.0052418      5.9229847      1.5078128      6.8739852    
  12780000   1.0063265      5.9396586      1.5094397      6.8836528    
  12790000   1.0037978      5.9341608      1.5056468      6.8754037    
  12800000   1.0043423      5.9424258      1.5064636      6.8923089    
  12810000   1.002361       5.9306357      1.5034917      6.8776485    
  12820000   1.0044532      5.9334988      1.5066299      6.8826504    
  12830000   1.0038428      5.9257851      1.5057144      6.8803091    
  12840000   1.0036382      5.9092737      1.5054075      6.87239      
  12850000   1.0001431      5.9228517      1.500165       6.8812735    
  12860000   1.0012854      5.9190609      1.5018784      6.871366     
  12870000   0.99611628     5.9366323      1.4941249      6.8818055    
  12880000   0.990255       5.9377065      1.4853333      6.8842409    
  12890000   1.0068296      5.9274064      1.5101943      6.8758444    
  12900000   1.0015514      5.9331283      1.5022774      6.8787522    
  12910000   1.0071432      5.9250797      1.5106648      6.8745343    
  12920000   0.99223058     5.9142927      1.4882966      6.8775901    
  12930000   1.0034336      5.9227692      1.5051006      6.8775047    
  12940000   0.9998233      5.9231473      1.4996853      6.8757572    
  12950000   0.99983223     5.9234685      1.4996987      6.8867059    
  12960000   0.99911426     5.9310855      1.4986218      6.8784348    
  12970000   1.0056727      5.9417355      1.508459       6.8820536    
  12980000   1.0065446      5.9332097      1.5097669      6.8821272    
  12990000   0.99590311     5.9288697      1.4938052      6.8782102    
  13000000   0.9989266      5.9314159      1.4983403      6.8838086    
  13010000   0.98654561     5.9217772      1.4797694      6.880022     
  13020000   0.99387536     5.9099941      1.4907637      6.8761671    
  13030000   0.99341144     5.9227538      1.4900678      6.873667     
  13040000   1.006127       5.9270173      1.5091405      6.8811387    
  13050000   0.99391234     5.9408983      1.4908191      6.8798079    
  13060000   1.0078525      5.927734       1.5117287      6.8727792    
  13070000   1.0046224      5.9367547      1.5068837      6.8838201    
  13080000   1.001544       5.9397361      1.5022662      6.8848814    
  13090000   0.99324704     5.9303199      1.4898212      6.8814933    
  13100000   0.9958577      5.9349075      1.4937371      6.8789193    
  13110000   0.99710489     5.9317698      1.4956078      6.8814849    
  13120000   1.0000457      5.9326354      1.5000189      6.8788338    
  13130000   0.99993385     5.9301547      1.4998511      6.870691     
  13140000   0.98994284     5.9390688      1.4848651      6.8759724    
  13150000   0.99064413     5.9242998      1.485917       6.8748603    
  13160000   1.0010598      5.9430724      1.5015399      6.8888229    
  13170000   1.0029775      5.9386684      1.5044164      6.8805597    
  13180000   0.99513844     5.9237824      1.4926582      6.871618     
  13190000   0.99676451     5.9211586      1.4950973      6.8780026    
  13200000   1.0053303      5.9284772      1.5079455      6.8812039    
  13210000   0.98475248     5.9392627      1.4770798      6.8823738    
  13220000   1.0010941      5.9288479      1.5015915      6.875087     
  13230000   0.9996756      5.9274011      1.4994637      6.8811074    
  13240000   1.0017617      5.9414713      1.5025927      6.8827635    
  13250000   1.009692       5.9308942      1.5144878      6.8740862    
  13260000   0.99918442     5.939343       1.498727       6.8793556    
  13270000   0.9984961      5.9432087      1.4976946      6.8817853    
  13280000   1.003561       5.9374875      1.5052916      6.8806455    
  13290000   0.99251285     5.9413885      1.48872        6.8839015    
  13300000   1.0000718      5.9433706      1.500058       6.8868279    
  13310000   0.99733361     5.9395576      1.4959509      6.8802999    
  13320000   0.98952382     5.9308861      1.4842366      6.87651      
  13330000   0.99534084     5.9347317      1.4929618      6.8768164    
  13340000   1.0011425      5.9256592      1.5016641      6.8708295    
  13350000   1.0021346      5.9277937      1.5031521      6.8759737    
  13360000   0.99425961     5.9282875      1.49134        6.8757576    
  13370000   0.99812412     5.9208979      1.4971366      6.8825942    
  13380000   1.0036709      5.9202663      1.5054565      6.8810993    
  13390000   0.99543196     5.9246694      1.4930985      6.8821585    
  13400000   0.99353582     5.9216439      1.4902544      6.8716498    
  13410000   1.001388       5.9301144      1.5020322      6.8844072    
  13420000   1.0116928      5.9374848      1.517489       6.8807288    
  13430000   1.0058186      5.9372878      1.508678       6.8859017    
  13440000   1.0026291      5.9240132      1.5038938      6.8821034    
  13450000   0.99924733     5.9245814      1.4988214      6.8779144    
  13460000   0.9964919      5.9200152      1.4946884      6.8820678    
  13470000   0.99766714     5.912801       1.4964512      6.8740305    
  13480000   0.99673099     5.9325277      1.495047       6.8755789    
  13490000   1.0055659      5.9307561      1.5082989      6.8880629    
  13500000   1.0035892      5.9186547      1.5053339      6.8792326    
  13510000   1.0000851      5.9222656      1.500078       6.8814941    
  13520000   0.99667702     5.933971       1.494966       6.8809608    
  13530000   0.99854939     5.9384465      1.4977745      6.879605     
  13540000   1.0061616      5.926113       1.5091924      6.879446     
  13550000   0.99644943     5.9215533      1.4946247      6.8776506    
  13560000   0.99886192     5.9258178      1.4982433      6.8786503    
  13570000   0.99967287     5.9360795      1.4994597      6.8809027    
  13580000   0.99524164     5.934906       1.492813       6.8884417    
  13590000   0.99891567     5.9306903      1.4983239      6.8763876    
  13600000   1.0040826      5.932608       1.506074       6.8767042    
  13610000   1.0001725      5.9312156      1.5002091      6.8803611    
  13620000   0.99697385     5.9287363      1.4954113      6.8835079    
  13630000   0.99781898     5.9306076      1.4966789      6.8780239    
  13640000   0.99739697     5.9335634      1.4960459      6.880431     
  13650000   0.99907518     5.9268762      1.4985631      6.8806225    
  13660000   1.0046989      5.9238214      1.5069985      6.876204     
  13670000   0.99775795     5.9272515      1.4965874      6.885389     
  13680000   1.007982       5.9294262      1.5119229      6.8764473    
  13690000   0.99592612     5.9428839      1.4938397      6.8847585    
  13700000   0.99893224     5.9304328      1.4983487      6.8783225    
  13710000   0.99705947     5.916175       1.4955397      6.8775691    
  13720000   0.99898886     5.9256038      1.4984337      6.8764278    
  13730000   1.0053669      5.9358247      1.5080004      6.8843486    
  13740000   0.99686483     5.9280887      1.4952477      6.8758186    
  13750000   0.99621465     5.9357886      1.4942725      6.8820317    
  13760000   1.0007133      5.9368685      1.5010203      6.8862957    
  13770000   0.99533932     5.9298534      1.4929595      6.8800121    
  13780000   1.0071452      5.9349608      1.5106678      6.8840094    
  13790000   0.99442599     5.9293001      1.4915896      6.8739978    
  13800000   1.0003761      5.9262602      1.5005144      6.8762719    
  13810000   1.0020846      5.9282493      1.5030771      6.8837099    
  13820000   1.0005022      5.9238543      1.5007037      6.8736881    
  13830000   0.9991914      5.9359989      1.4987375      6.8847741    
  13840000   0.99137875     5.9264284      1.4870189      6.8703698    
  13850000   1.0036946      5.9336701      1.5054921      6.8825904    
  13860000   1.0029699      5.9243904      1.504405       6.8752206    
  13870000   0.99446694     5.9371484      1.491651       6.8833908    
  13880000   0.99151736     5.9241131      1.4872268      6.879329     
  13890000   1.004917       5.9437024      1.5073256      6.8777609    
  13900000   1.0010443      5.93436        1.5015167      6.8755387    
  13910000   0.99973435     5.9439197      1.4995519      6.8832819    
  13920000   1.0033658      5.9368493      1.5049989      6.8768469    
  13930000   0.9990821      5.9488334      1.4985735      6.8859888    
  13940000   0.99905135     5.9293908      1.4985274      6.8742811    
  13950000   1.0067109      5.9449143      1.5100163      6.8861191    
  13960000   1.0002306      5.9416098      1.5002962      6.8786737    
  13970000   0.99598211     5.9405762      1.4939237      6.8810609    
  13980000   1.0035765      5.9511206      1.5053149      6.8828973    
  13990000   1.0024049      5.9461939      1.5035576      6.886443     
  14000000   1.0080243      5.9389853      1.5119864      6.8840206    
  14010000   0.99737304     5.9232972      1.49601        6.8729683    
  14020000   1.0030879      5.9425744      1.504582       6.8841523    
  14030000   1.0059019      5.940554       1.5088029      6.8824526    
  14040000   1.0077845      5.9256772      1.5116267      6.8756165    
  14050000   1.0048334      5.9368191      1.5072002      6.8826009    
  14060000   0.99970737     5.9151937      1.4995114      6.876315     
  14070000   0.99693899     5.9404057      1.495359       6.8774247    
  14080000   1.0079636      5.9359348      1.5118953      6.8892553    
  14090000   0.99885525     5.9519296      1.4982333      6.8846812    
  14100000   0.99388275     5.9226595      1.4907748      6.871889     
  14110000   0.99700011     5.9257         1.4954507      6.8814759    
  14120000   1.0003522      5.9325512      1.5004786      6.8775018    
  14130000   1.005542       5.9299208      1.5082631      6.8830479    
  14140000   0.99656437     5.9337573      1.4947971      6.8845292    
  14150000   0.98910481     5.9331338      1.4836081      6.8825505    
  14160000   1.0069309      5.9414698      1.5103464      6.8784493    
  14170000   1.0045815      5.927886       1.5068223      6.8788066    
  14180000   1.0003178      5.935206       1.500427       6.8731464    
  14190000   1.0056625      5.9394487      1.5084439      6.8764162    
  14200000   0.99864044     5.9285184      1.4979111      6.8759296    
  14210000   1.0032148      5.929076       1.5047724      6.8861852    
  14220000   0.99846933     5.9318587      1.4976544      6.8821138    
  14230000   1.0049575      5.9397266      1.5073863      6.885426     
  14240000   0.99885317     5.9401287      1.4982301      6.8798388    
  14250000   0.99684139     5.944622       1.4952126      6.8833059    
  14260000   0.99664701     5.9501691      1.494921       6.8804173    
  14270000   1.0038484      5.9370985      1.5057227      6.874655     
  14280000   1.0068143      5.9483225      1.5101715      6.8874864    
  14290000   1.0008665      5.9421609      1.5012501      6.8809008    
  14300000   0.99962923     5.9420354      1.4993942      6.8799583    
  14310000   1.0010937      5.9472764      1.5015909      6.8797211    
  14320000   0.998161       5.9516301      1.4971919      6.8803739    
  14330000   0.99311151     5.9265854      1.4896179      6.8799151    
  14340000   1.0062854      5.9267736      1.5093781      6.8741031    
  14350000   0.99527971     5.9409619      1.4928701      6.8772794    
  14360000   1.0080107      5.9384829      1.5119659      6.8864869    
  14370000   0.99594607     5.9352438      1.4938696      6.8769161    
  14380000   1.0054157      5.93392        1.5080736      6.8763724    
  14390000   0.99346282     5.9418206      1.4901449      6.8781161    
  14400000   1.0031803      5.9483399      1.5047206      6.887668     
  14410000   1.0086207      5.9462012      1.512881       6.8797651    
  14420000   0.99326147     5.9461183      1.4898429      6.8827317    
  14430000   0.99459613     5.9509695      1.4918448      6.8833187    
  14440000   0.99798622     5.9381259      1.4969298      6.8819386    
  14450000   1.0072329      5.9506524      1.5107993      6.8867824    
  14460000   0.98778137     5.9375389      1.481623       6.8765357    
  14470000   1.004968       5.9443841      1.507402       6.8806492    
  14480000   0.99456285     5.9349017      1.4917949      6.8716607    
  14490000   1.0049391      5.9364513      1.5073588      6.8798312    
  14500000   1.0005592      5.9437151      1.5007892      6.8865906    
  14510000   0.98717984     5.9408497      1.4807207      6.8824895    
  14520000   0.98988833     5.9451852      1.4847833      6.8849934    
  14530000   1.0003184      5.9422916      1.5004279      6.8839454    
  14540000   0.99580704     5.9402375      1.4936611      6.878137     
  14550000   1.0035331      5.9371373      1.5052498      6.8755191    
  14560000   0.98963366     5.9266791      1.4844013      6.8742107    
  14570000   1.006585       5.9358397      1.5098275      6.8836553    
  14580000   1.0069383      5.9382686      1.5103574      6.8816501    
  14590000   0.99830916     5.940879       1.4974142      6.8833526    
  14600000   1.0093416      5.9366601      1.5139623      6.8755575    
  14610000   0.99574722     5.9277859      1.4935714      6.8838544    
  14620000   0.99571017     5.9349112      1.4935158      6.8841116    
  14630000   1.0064544      5.9316233      1.5096316      6.8731579    
  14640000   1.0005443      5.9331474      1.5007667      6.8758       
  14650000   1.0074619      5.9353625      1.5111428      6.884085     
  14660000   0.99954223     5.9344763      1.4992637      6.8801613    
  14670000   0.99960035     5.947006       1.4993509      6.8869758    
  14680000   1.005243       5.9327586      1.5078145      6.8759224    
  14690000   1.0041039      5.929038       1.5061059      6.8723447    
  14700000   0.99886201     5.9359466      1.4982434      6.8781938    
  14710000   0.99824363     5.9235637      1.4973159      6.873753     
  14720000   0.99790981     5.930023       1.4968152      6.8788323    
  14730000   1.0029186      5.9216691      1.504328       6.8770951    
  14740000   1.00507        5.9188409      1.5075551      6.8731684    
  14750000   1.0071072      5.9456352      1.5106107      6.8864049    
  14760000   0.99210009     5.9389903      1.4881009      6.8819586    
  14770000   1.0019237      5.9422533      1.5028358      6.8838849    
  14780000   1.0021408      5.9339597      1.5031614      6.8785986    
  14790000   0.9979243      5.9420842      1.4968369      6.8809015    
  14800000   0.99581548     5.9269803      1.4936738      6.8777061    
  14810000   1.0009469      5.9299998      1.5013707      6.8817842    
  14820000   1.0021145      5.9362773      1.503122       6.8757252    
  14830000   0.99862083     5.9380321      1.4978816      6.8830961    
  14840000   1.0011209      5.9418477      1.5016316      6.8857201    
  14850000   1.0071837      5.9500893      1.5107256      6.8772594    
  14860000   1.0002664      5.9572065      1.5003499      6.8800581    
  14870000   0.99929583     5.93893        1.4988941      6.8785583    
  14880000   1.0039411      5.9334585      1.5058618      6.8710645    
  14890000   0.99912401     5.939076       1.4986364      6.8850047    
  14900000   0.99471551     5.9554881      1.4920239      6.8880518    
  14910000   0.997531       5.9398978      1.496247       6.8818591    
  14920000   0.99640349     5.9422457      1.4945557      6.8795172    
  14930000   1.0005821      5.9366658      1.5008235      6.8789534    
  14940000   1.0167899      5.9471748      1.5251343      6.8780883    
  14950000   1.0084639      5.9472789      1.5126457      6.8829594    
  14960000   0.99986465     5.9357193      1.4997473      6.8757316    
  14970000   1.0007216      5.9401191      1.5010326      6.8811298    
  14980000   0.99997412     5.9277779      1.4999115      6.8801575    
  14990000   0.99938864     5.9293811      1.4990333      6.877926     
  15000000   0.99739897     5.9499095      1.4960489      6.8829435    
  15010000   1.0092461      5.9397316      1.5138191      6.8735496    
  15020000   0.99533946     5.9606961      1.4929598      6.8857638    
  15030000   1.000547       5.9449311      1.5007708      6.8776379    
  15040000   0.99284525     5.9462396      1.4892186      6.8836659    
  15050000   0.99342417     5.9590368      1.4900869      6.8830002    
  15060000   1.0040514      5.9604361      1.5060272      6.8879397    
  15070000   1.0030193      5.9360515      1.5044791      6.8765941    
  15080000   0.99897792     5.9428465      1.4984173      6.8742463    
  15090000   1.0021791      5.9356615      1.5032189      6.878379     
  15100000   0.99715006     5.9372904      1.4956756      6.8792891    
  15110000   0.99839572     5.9465895      1.497544       6.8734389    
  15120000   1.0051245      5.9406864      1.5076368      6.8763435    
  15130000   1.0020556      5.9443642      1.5030337      6.8856309    
  15140000   1.0022658      5.9398592      1.5033489      6.8719493    
  15150000   0.9986056      5.9532909      1.4978588      6.8847695    
  15160000   1.0040068      5.9432505      1.5059604      6.8806234    
  15170000   1.0002115      5.9299211      1.5002675      6.8664689    
  15180000   0.99819508     5.9374686      1.497243       6.8778755    
  15190000   1.0025954      5.9359256      1.5038433      6.8747525    
  15200000   1.0017525      5.945915       1.502579       6.8815964    
  15210000   1.0009574      5.9490073      1.5013864      6.881147     
  15220000   1.0015601      5.9510824      1.5022904      6.8853543    
  15230000   1.0028603      5.9461532      1.5042407      6.8795303    
  15240000   0.9978108      5.9399312      1.4966666      6.8833372    
  15250000   0.99885697     5.937908       1.4982358      6.8757883    
  15260000   0.99290709     5.9439054      1.4893113      6.8783743    
  15270000   0.99492376     5.9570093      1.4923362      6.8833618    
  15280000   1.0020283      5.9399608      1.5029927      6.8767228    
  15290000   1.0016719      5.9421839      1.5024581      6.8788487    
  15300000   0.99885785     5.9512184      1.4982372      6.8827419    
  15310000   0.99996559     5.9334379      1.4998987      6.8703772    
  15320000   0.99489528     5.9665879      1.4922935      6.8844538    
  15330000   1.0040417      5.9480069      1.5060127      6.8805297    
  15340000   0.99918541     5.948657       1.4987285      6.8780925    
  15350000   1.0069194      5.9410056      1.510329       6.884125     
  15360000   1.0094746      5.9172214      1.5141617      6.8736919    
  15370000   0.99691095     5.9312726      1.4953169      6.8792481    
  15380000   1.002711       5.9460028      1.5040166      6.8821827    
  15390000   1.0015453      5.9325954      1.5022682      6.8745091    
  15400000   1.0053605      5.9519356      1.5079908      6.8880534    
  15410000   1.0020618      5.9398268      1.5030429      6.8769707    
  15420000   0.99632116     5.9541303      1.4944323      6.8834909    
  15430000   0.99432244     5.9486053      1.4914343      6.8809773    
  15440000   1.0017559      5.9332663      1.5025841      6.8750712    
  15450000   1.0020979      5.9539313      1.503097       6.8867024    
  15460000   0.99891737     5.9457192      1.4983264      6.873741     
  15470000   0.99969994     5.9442078      1.4995003      6.8743657    
  15480000   1.0000207      5.9477679      1.4999814      6.8784015    
  15490000   0.99784476     5.945637       1.4967176      6.8799086    
  15500000   1.0012228      5.9371916      1.5017845      6.889638     
  15510000   0.99088938     5.9332882      1.4862849      6.8763727    
  15520000   1.0032243      5.9468322      1.5047865      6.8839423    
  15530000   1.0025173      5.9406152      1.5037262      6.8818013    
  15540000   1.0053976      5.924732       1.5080465      6.8772217    
  15550000   0.99479324     5.9204124      1.4921404      6.8769154    
  15560000   0.99970462     5.9324703      1.4995073      6.8810979    
  15570000   1.0010824      5.9378849      1.5015739      6.8805726    
  15580000   1.0020593      5.9352847      1.5030391      6.8835642    
  15590000   0.99413695     5.9396655      1.491156       6.8862506    
  15600000   1.0100428      5.9528962      1.515014       6.8830579    
  15610000   1.0013524      5.9501727      1.5019789      6.8856189    
  15620000   1.0030274      5.9412718      1.5044913      6.877627     
  15630000   1.0029685      5.9349091      1.5044029      6.8836106    
  15640000   0.9947334      5.931775       1.4920507      6.8800516    
  15650000   0.99648189     5.9354584      1.4946733      6.8823712    
  15660000   0.99463429     5.938133       1.491902       6.8758468    
  15670000   0.99412894     5.9434885      1.491144       6.8771138    
  15680000   1.0049953      5.9526444      1.507443       6.8830648    
  15690000   1.0094407      5.9283443      1.5141109      6.8732848    
  15700000   1.0002634      5.9370154      1.5003454      6.8771109    
  15710000   0.99928906     5.9432346      1.498884       6.8750775    
  15720000   0.99901848     5.9346241      1.4984781      6.8787082    
  15730000   1.0058761      5.9427738      1.5087641      6.8846851    
  15740000   0.99157035     5.9564778      1.4873063      6.8919165    
  15750000   0.99047113     5.9352128      1.4856575      6.8831549    
  15760000   1.0047701      5.9383333      1.5071052      6.883407     
  15770000   0.99915032     5.9387203      1.4986759      6.8862996    
  15780000   1.0069751      5.9362709      1.5104126      6.8819754    
  15790000   0.99174007     5.9462505      1.4875609      6.8762363    
  15800000   0.99704111     5.9574031      1.4955121      6.8833305    
  15810000   0.99889303     5.9485385      1.4982899      6.8798319    
  15820000   1.0050879      5.9396432      1.5075819      6.8781387    
  15830000   1.0035789      5.9598994      1.5053185      6.8870668    
  15840000   1.0005438      5.9229177      1.500766       6.8737838    
  15850000   1.0079649      5.9261421      1.5118973      6.871162     
  15860000   1.0048287      5.9187784      1.5071931      6.8700332    
  15870000   1.0060256      5.9337801      1.5089884      6.8884388    
  15880000   0.99860199     5.9307778      1.4978534      6.8769444    
  15890000   0.99657762     5.9262268      1.4948169      6.8789363    
  15900000   0.99747616     5.9347026      1.4961647      6.8763346    
  15910000   1.0064383      5.92943        1.5096075      6.8770972    
  15920000   0.99603776     5.9364602      1.4940072      6.8778252    
  15930000   0.99791482     5.9385452      1.4968227      6.8816388    
  15940000   1.008918       5.9403124      1.5133269      6.8804077    
  15950000   0.99895554     5.9337679      1.4983837      6.8798345    
  15960000   1.0055094      5.9499056      1.5082142      6.8815542    
  15970000   0.9914698      5.9429362      1.4871555      6.8819633    
  15980000   1.0023415      5.9434622      1.5034624      6.8812171    
  15990000   1.0028726      5.9370919      1.504259       6.8846267    
  16000000   1.0000936      5.9297713      1.5000908      6.8732738    
  16010000   1.0035548      5.9507636      1.5052823      6.8816749    
  16020000   1.0060983      5.9485403      1.5090975      6.885312     
  16030000   1.0016838      5.94032        1.502476       6.8760794    
  16040000   0.99782057     5.9401445      1.4966813      6.881241     
  16050000   0.99976901     5.9292246      1.4996039      6.8849252    
  16060000   1.0054273      5.9321075      1.5080909      6.8812285    
  16070000   0.99961982     5.9252633      1.4993801      6.87999      
  16080000   1.0001636      5.9337744      1.5001957      6.8843657    
  16090000   1.0036438      5.941545       1.5054159      6.8884109    
  16100000   1.0066762      5.9392377      1.5099643      6.874938     
  16110000   1.003761       5.9443543      1.5055916      6.8803298    
  16120000   0.98897408     5.9361445      1.483412       6.8828044    
  16130000   1.0029194      5.9452663      1.5043293      6.8704471    
  16140000   1.0009575      5.940212       1.5013865      6.8811311    
  16150000   0.99495891     5.9411095      1.4923889      6.8867767    
  16160000   1.0088774      5.9505013      1.513266       6.8836563    
  16170000   0.9999924      5.9598223      1.4999389      6.8836904    
  16180000   1.0009575      5.9293907      1.5013866      6.8713761    
  16190000   0.99796194     5.9404808      1.4968933      6.8821134    
  16200000   1.0088211      5.9473445      1.5131816      6.8772122    
  16210000   0.99842081     5.9475485      1.4975816      6.8827077    
  16220000   0.99810237     5.9587305      1.497104       6.886218     
  16230000   1.003617       5.9389188      1.5053756      6.8765161    
  16240000   0.99978335     5.9431323      1.4996254      6.8788415    
  16250000   1.0023751      5.938338       1.5035128      6.8832726    
  16260000   0.99485514     5.9273366      1.4922333      6.87381      
  16270000   0.99497828     5.937175       1.492418       6.8791307    
  16280000   1.0001574      5.9463823      1.5001864      6.8867364    
  16290000   1.0036845      5.9442734      1.5054769      6.8780362    
  16300000   1.0068725      5.9519025      1.5102588      6.8870712    
  16310000   1.0004479      5.9298848      1.5006221      6.8785999    
  16320000   0.99537558     5.9519974      1.4930139      6.8869663    
  16330000   0.99798775     5.9251791      1.4969321      6.8738192    
  16340000   0.99922197     5.9195881      1.4987833      6.8718742    
  16350000   0.99843181     5.951062       1.4975981      6.8899018    
  16360000   0.99569786     5.9513441      1.4934973      6.8825071    
  16370000   1.0041734      5.9320529      1.5062102      6.8685727    
  16380000   1.0009951      5.940439       1.5014429      6.879275     
  16390000   1.0036749      5.9413881      1.5054625      6.8817475    
  16400000   1.0031003      5.9394405      1.5046006      6.8806948    
  16410000   0.99501286     5.9565913      1.4924699      6.8846076    
  16420000   1.0059009      5.9343301      1.5088014      6.879848     
  16430000   0.99431036     5.9330904      1.4914162      6.8775041    
  16440000   1.0043665      5.930304       1.5064999      6.8765394    
  16450000   0.99759598     5.9364736      1.4963444      6.8819487    
  16460000   0.99875739     5.9374384      1.4980865      6.8777143    
  16470000   0.99598426     5.9457011      1.4939269      6.8840098    
  16480000   0.99090046     5.9443695      1.4863015      6.8752847    
  16490000   0.99874345     5.93907        1.4980656      6.8776426    
  16500000   1.0037432      5.9414136      1.5055649      6.8793982    
  16510000   1.0085589      5.933816       1.5127883      6.8791559    
  16520000   1.0039428      5.9298885      1.5058643      6.8810419    
  16530000   0.99964187     5.9308892      1.4994131      6.8825509    
  16540000   1.0054449      5.9389214      1.5081174      6.8766875    
  16550000   0.99806524     5.9379456      1.4970483      6.8781228    
  16560000   1.002627       5.9455039      1.5038907      6.8810086    
  16570000   1.0010275      5.9450927      1.5014916      6.8861323    
  16580000   0.99584614     5.9314271      1.4937197      6.880596     
  16590000   1.0009235      5.9355428      1.5013355      6.8779122    
  16600000   1.0015679      5.9401282      1.5023021      6.8859424    
  16610000   1.0023541      5.9284398      1.5034813      6.874076     
  16620000   1.0025099      5.9196368      1.5037151      6.8815328    
  16630000   1.001555       5.9267303      1.5022828      6.8702752    
  16640000   0.99082204     5.9311137      1.4861838      6.8785918    
  16650000   0.99668371     5.9352444      1.4949761      6.8771902    
  16660000   0.99519981     5.9572713      1.4927503      6.8900601    
  16670000   1.0023546      5.945144       1.5034821      6.8810311    
  16680000   1.0051618      5.9444008      1.5076927      6.8762041    
  16690000   0.99750134     5.9338905      1.4962025      6.8768128    
  16700000   0.99635009     5.9288494      1.4944756      6.8751738    
  16710000   0.99287331     5.9367738      1.4892607      6.8794837    
  16720000   1.0063601      5.935772       1.5094901      6.8800072    
  16730000   0.99919958     5.9388235      1.4987497      6.8789862    
  16740000   0.99720642     5.947072       1.4957601      6.8913608    
  16750000   1.0070315      5.9288244      1.5104973      6.8784469    
  16760000   1.0125469      5.9492176      1.5187701      6.8814981    
  16770000   0.99831089     5.9208806      1.4974167      6.8734889    
  16780000   1.0014993      5.939256       1.5021992      6.8841525    
  16790000   0.99394889     5.9300867      1.490874       6.8820504    
  16800000   1.0014108      5.9434901      1.5020664      6.8812258    
  16810000   0.99948495     5.935133       1.4991778      6.8753462    
  16820000   0.99453798     5.9377422      1.4917576      6.8846342    
  16830000   0.99907287     5.9337428      1.4985597      6.8809993    
  16840000   1.0022944      5.9273387      1.5033919      6.884095     
  16850000   1.001993       5.9416819      1.5029398      6.8836775    
  16860000   1.0008316      5.9456241      1.5011978      6.8806632    
  16870000   1.0019872      5.944797       1.502931       6.8794314    
  16880000   1.0053397      5.9434615      1.5079596      6.8786241    
  16890000   0.99927874     5.936879       1.4988685      6.8750295    
  16900000   0.99920538     5.9403075      1.4987584      6.8803006    
  16910000   0.99319865     5.9318668      1.4897486      6.8749182    
  16920000   0.99219098     5.93643        1.4882372      6.8859895    
  16930000   1.0045756      5.9424697      1.5068135      6.8822802    
  16940000   0.99811038     5.9265501      1.497116       6.8774981    
  16950000   0.99767653     5.9225709      1.4964652      6.8712855    
  16960000   1.0033386      5.9260235      1.5049581      6.8773536    
  16970000   1.0099632      5.9270221      1.5148946      6.8797466    
  16980000   0.99453289     5.9296205      1.4917499      6.8832054    
  16990000   0.99939206     5.9325104      1.4990385      6.8810599    
  17000000   0.99724132     5.9402843      1.4958125      6.8842231    
  17010000   0.99713926     5.9330581      1.4956594      6.8789386    
  17020000   1.001698       5.9403443      1.5024972      6.8817747    
  17030000   0.99936718     5.9378882      1.4990011      6.8815196    
  17040000   0.99734711     5.9321222      1.4959711      6.8807732    
  17050000   1.0006038      5.9399101      1.500856       6.8798107    
  17060000   0.99289518     5.9278765      1.4892935      6.8707819    
  17070000   0.99718771     5.9313257      1.495732       6.8769838    
  17080000   0.99643503     5.9336122      1.4946031      6.8755137    
  17090000   1.0047677      5.9330841      1.5071016      6.8806831    
  17100000   0.99426699     5.9466729      1.4913511      6.8858076    
  17110000   1.0001939      5.9513847      1.5002411      6.8850244    
  17120000   0.99936977     5.935634       1.499005       6.8833654    
  17130000   1.0044328      5.9252625      1.5065992      6.880048     
  17140000   0.99574712     5.9330485      1.4935712      6.8837475    
  17150000   0.99933611     5.9306143      1.4989545      6.8859386    
  17160000   0.99542688     5.9301596      1.4930909      6.8832017    
  17170000   0.99039616     5.9361567      1.4855451      6.8780604    
  17180000   0.99473351     5.9228579      1.4920509      6.8773666    
  17190000   1.0013531      5.915164       1.50198        6.8817943    
  17200000   1.0042663      5.9336975      1.5063496      6.8807863    
  17210000   1.0023317      5.9270484      1.5034478      6.8790068    
  17220000   0.99560692     5.9353022      1.4933609      6.8817574    
  17230000   0.99697324     5.9322218      1.4954103      6.87916      
  17240000   0.99898884     5.9276116      1.4984336      6.8811809    
  17250000   1.0003521      5.9192874      1.5004784      6.8811162    
  17260000   1.0006691      5.9160027      1.500954       6.8766279    
  17270000   0.99783916     5.9278914      1.4967092      6.8790106    
  17280000   0.9972835      5.9447955      1.4958757      6.8904502    
  17290000   1.0018096      5.9267924      1.5026646      6.8757634    
  17300000   1.0061692      5.9333879      1.5092039      6.8774092    
  17310000   1.0017032      5.9371548      1.502505       6.8878253    
  17320000   1.0053377      5.9387065      1.5079567      6.8872372    
  17330000   1.0023243      5.9311515      1.5034366      6.878663     
  17340000   1.008017       5.9258193      1.5119755      6.8836212    
  17350000   1.0056106      5.9331726      1.5083659      6.8837108    
  17360000   0.99866858     5.9328569      1.4979533      6.8805263    
  17370000   0.99756931     5.935293       1.4963044      6.8818467    
  17380000   0.99484088     5.9287705      1.4922119      6.8732492    
  17390000   0.99728692     5.938581       1.4958808      6.8759954    
  17400000   1.0026135      5.9218484      1.5038704      6.8766681    
  17410000   0.99805991     5.9194115      1.4970403      6.8686165    
  17420000   0.99759847     5.9167621      1.4963482      6.8820585    
  17430000   1.0038345      5.9254836      1.505702       6.8725072    
  17440000   0.99842608     5.9212237      1.4975895      6.8741027    
  17450000   1.0029213      5.9341754      1.5043321      6.8834975    
  17460000   0.99870849     5.9096001      1.4980131      6.8720859    
  17470000   0.99945933     5.911065       1.4991394      6.8749194    
  17480000   0.99732999     5.9112921      1.4959455      6.8780726    
  17490000   0.99985874     5.9115409      1.4997385      6.8756742    
  17500000   1.0065105      5.9107806      1.5097158      6.878099     
  17510000   1.0060507      5.92016        1.509026       6.8762636    
  17520000   1.0058151      5.9252701      1.5086727      6.8730668    
  17530000   1.0032348      5.9392272      1.5048023      6.8812281    
  17540000   0.99319451     5.9313457      1.4897424      6.8773081    
  17550000   0.99700539     5.921953       1.4954586      6.8777301    
  17560000   1.0020537      5.9437052      1.5030307      6.8892167    
  17570000   1.0014833      5.9206636      1.5021752      6.8722882    
  17580000   1.0004242      5.9215917      1.5005867      6.8811788    
  17590000   0.99743611     5.9277283      1.4961046      6.8786226    
  17600000   1.0037844      5.921955       1.5056267      6.8713456    
  17610000   1.0052546      5.9289921      1.507832       6.8841244    
  17620000   0.9954665      5.9262055      1.4931503      6.8774875    
  17630000   1.0053958      5.9301307      1.5080437      6.8826029    
  17640000   1.0041807      5.9242158      1.5062211      6.8761969    
  17650000   0.98842235     5.9255435      1.4825844      6.8783141    
  17660000   1.0023583      5.9073123      1.5034876      6.8762535    
  17670000   0.99965321     5.9239076      1.4994302      6.8802944    
  17680000   0.98654363     5.9233881      1.4797664      6.8793796    
  17690000   0.99773878     5.9352025      1.4965586      6.8805191    
  17700000   0.99775314     5.9261427      1.4965802      6.8800903    
  17710000   1.005146       5.921533       1.5076691      6.8739883    
  17720000   0.99957713     5.9170892      1.499316       6.8765875    
  17730000   1.0052342      5.9273442      1.5078013      6.8809145    
  17740000   0.99535554     5.9319054      1.4929839      6.8815707    
  17750000   0.99822643     5.9300396      1.4972901      6.8804281    
  17760000   1.0037703      5.93262        1.5056056      6.8829569    
  17770000   1.0016187      5.9238331      1.5023783      6.8782524    
  17780000   1.0040231      5.8990837      1.5059848      6.8682323    
  17790000   1.0028656      5.9177511      1.5042485      6.8709601    
  17800000   1.0052359      5.921887       1.507804       6.8771858    
  17810000   0.99798441     5.9305899      1.496927       6.8788843    
  17820000   1.0006464      5.9220046      1.50092        6.8775312    
  17830000   1.0042127      5.9305104      1.5062692      6.878044     
  17840000   0.99937758     5.9365095      1.4990167      6.8823466    
  17850000   1.0033548      5.9404903      1.5049823      6.8823773    
  17860000   1.0081017      5.932379       1.5121025      6.8745182    
  17870000   1.0013167      5.9501156      1.5019252      6.8811554    
  17880000   0.99576277     5.9325299      1.4935947      6.8751361    
  17890000   0.99686314     5.9427365      1.4952452      6.8800194    
  17900000   0.99877036     5.9415673      1.4981059      6.8773386    
  17910000   0.99998572     5.9165683      1.4999289      6.8678761    
  17920000   1.0044502      5.9417816      1.5066254      6.8875077    
  17930000   0.99793297     5.9250618      1.4968499      6.8812361    
  17940000   0.99395581     5.9298547      1.4908843      6.8809941    
  17950000   0.99808374     5.930681       1.497076       6.8765334    
  17960000   0.99875276     5.9440159      1.4980795      6.8817937    
  17970000   0.99885218     5.9313057      1.4982287      6.8784043    
  17980000   1.0042759      5.9448039      1.506364       6.8730377    
  17990000   1.0030164      5.9333906      1.5044747      6.8797332    
  18000000   0.98841256     5.9310268      1.4825697      6.8761009    
  18010000   1.0009878      5.9486401      1.501432       6.8838058    
  18020000   0.997881       5.9491657      1.4967719      6.882167     
  18030000   0.99156366     5.9485347      1.4872962      6.8877563    
  18040000   0.99985187     5.9288093      1.4997281      6.8734668    
  18050000   0.99906572     5.9477144      1.498549       6.8806213    
  18060000   1.0008832      5.9336886      1.5012751      6.8791097    
  18070000   0.99711297     5.936302       1.4956199      6.8826041    
  18080000   0.99959465     5.9295014      1.4993423      6.8740037    
  18090000   1.001405       5.9324564      1.5020578      6.8816762    
  18100000   0.99958297     5.9327592      1.4993248      6.887641     
  18110000   1.0064713      5.9294819      1.509657       6.871659     
  18120000   0.99293699     5.9304045      1.4893562      6.8734914    
  18130000   0.99766085     5.9435111      1.4964417      6.8814008    
  18140000   0.99260116     5.9233768      1.4888524      6.8769359    
  18150000   0.99348927     5.9310437      1.4901846      6.8836238    
  18160000   0.9966534      5.9433765      1.4949306      6.8828094    
  18170000   1.0049914      5.943092       1.5074372      6.8831952    
  18180000   0.9978571      5.938503       1.4967361      6.8779838    
  18190000   0.99956777     5.9391279      1.499302       6.8789954    
  18200000   0.99260535     5.9474979      1.4888587      6.8809746    
  18210000   1.0004363      5.9506928      1.5006048      6.8818041    
  18220000   0.99902787     5.9395497      1.4984922      6.880893     
  18230000   0.99313093     5.9448149      1.4896471      6.882245     
  18240000   0.99450907     5.9451927      1.4917142      6.8848232    
  18250000   1.0046901      5.9442902      1.5069853      6.8824404    
  18260000   0.99020882     5.9418476      1.485264       6.8781996    
  18270000   0.99869509     5.9349722      1.497993       6.8740914    
  18280000   1.0020216      5.9402684      1.5029826      6.8799577    
  18290000   1.0019398      5.9454827      1.5028599      6.8822882    
  18300000   0.99979014     5.934876       1.4996356      6.8837655    
  18310000   1.0070421      5.9529651      1.5105132      6.8872527    
  18320000   1.0051135      5.9551322      1.5076203      6.8882146    
  18330000   1.0060084      5.9426873      1.5089626      6.8787527    
  18340000   0.99759956     5.9314915      1.4963498      6.8774081    
  18350000   0.99041689     5.9334491      1.4855761      6.881928     
  18360000   0.99860562     5.9248189      1.4978588      6.8828322    
  18370000   1.0065564      5.9278899      1.5097846      6.8777317    
  18380000   0.99052049     5.9280038      1.4857315      6.8875395    
  18390000   1.0000832      5.9401245      1.5000751      6.8813105    
  18400000   1.0005579      5.9393797      1.5007871      6.8804165    
  18410000   0.99437506     5.9380945      1.4915132      6.8854603    
  18420000   1.0073567      5.9385772      1.510985       6.8791334    
  18430000   1.0002284      5.9333066      1.5002929      6.882193     
  18440000   1.0063071      5.9230065      1.5094107      6.8752424    
  18450000   0.99708779     5.9219355      1.4955822      6.8753578    
  18460000   1.0026214      5.9183126      1.5038822      6.8690816    
  18470000   0.99656018     5.9200327      1.4947908      6.8721937    
  18480000   1.0023629      5.9340469      1.5034945      6.8799151    
  18490000   1.001799       5.9428294      1.5026487      6.890172     
  18500000   1.0048702      5.938533       1.5072553      6.8767132    
  18510000   1.0071239      5.9440415      1.5106359      6.8857512    
  18520000   0.99966574     5.9272745      1.499449       6.8856645    
  18530000   0.99018005     5.9393573      1.4852209      6.8800332    
  18540000   0.99682021     5.9466447      1.4951808      6.8884954    
  18550000   1.0001399      5.9477252      1.5001601      6.8843774    
  18560000   0.99503551     5.9309262      1.4925038      6.8695512    
  18570000   1.0073628      5.9584155      1.5109942      6.8895044    
  18580000   1.0021182      5.9302704      1.5031276      6.8755954    
  18590000   0.99441907     5.9385216      1.4915792      6.8811461    
  18600000   1.001695       5.9375591      1.5024928      6.8804152    
  18610000   0.99774329     5.9254787      1.4965654      6.8729661    
  18620000   1.0045667      5.9348345      1.5068002      6.881913     
  18630000   0.99436265     5.9378751      1.4914946      6.8819748    
  18640000   1.0030869      5.9361613      1.5045805      6.8772781    
  18650000   1.0046929      5.9384519      1.5069895      6.8774277    
  18660000   1.0062858      5.949259       1.5093787      6.8849775    
  18670000   1.0071803      5.9634406      1.5107205      6.8876157    
  18680000   1.0080456      5.9516962      1.5120184      6.8860371    
  18690000   0.99681805     5.9464688      1.4951776      6.8789932    
  18700000   1.0006583      5.9575289      1.5009378      6.884652     
  18710000   0.9990284      5.940636       1.498493       6.8804455    
  18720000   1.0017945      5.9483009      1.5026421      6.8747344    
  18730000   1.0119865      5.955963       1.5179295      6.8832119    
  18740000   0.99976178     5.9463944      1.499593       6.8768423    
  18750000   1.0006653      5.9413165      1.5009482      6.8806518    
  18760000   0.99809139     5.9524749      1.4970875      6.8859319    
  18770000   1.0108283      5.9420768      1.5161922      6.8805903    
  18780000   0.99819133     5.9455046      1.4972374      6.8830114    
  18790000   1.0009966      5.9380692      1.5014452      6.87993      
  18800000   1.0007264      5.9334071      1.50104        6.8800278    
  18810000   1.0044083      5.9436905      1.5065626      6.8773263    
  18820000   1.0015456      5.9379777      1.5022687      6.8778975    
  18830000   0.99507441     5.9387689      1.4925622      6.8812902    
  18840000   1.0021114      5.941821       1.5031174      6.8785298    
  18850000   1.0054146      5.9560047      1.508072       6.8822236    
  18860000   1.0006271      5.9599343      1.500891       6.8873244    
  18870000   1.0064856      5.9500147      1.5096784      6.8886681    
  18880000   0.99461164     5.9263778      1.4918681      6.869466     
  18890000   0.99789505     5.9387553      1.496793       6.8849445    
  18900000   1.004866       5.9330143      1.5072491      6.8819786    
  18910000   1.0002042      5.9267111      1.5002566      6.8739898    
  18920000   0.99546173     5.957339       1.4931432      6.8876094    
  18930000   0.99989782     5.9448531      1.4997971      6.8826349    
  18940000   0.9973315      5.955056       1.4959477      6.879201     
  18950000   1.001218       5.952227       1.5017772      6.885054     
  18960000   0.99859752     5.9465801      1.4978467      6.8780686    
  18970000   0.99899729     5.945433       1.4984463      6.8804471    
  18980000   0.99637198     5.9403985      1.4945085      6.8751818    
  18990000   1.0013529      5.9573576      1.5019796      6.8838402    
  19000000   1.0037416      5.9486412      1.5055626      6.8750235    
  19010000   1.0013331      5.9571639      1.5019499      6.887024     
  19020000   0.99791698     5.9443895      1.4968259      6.8809928    
  19030000   0.99570713     5.9362951      1.4935112      6.8758253    
  19040000   1.0016344      5.9451468      1.5024019      6.8841274    
  19050000   1.0044128      5.9363044      1.5065694      6.8804906    
  19060000   1.0080416      5.9388934      1.5120124      6.8882492    
  19070000   0.99702944     5.9400386      1.4954946      6.8786857    
  19080000   1.0037244      5.930879       1.5055368      6.8747468    
  19090000   0.99794585     5.9410217      1.4968692      6.8765336    
  19100000   0.997712       5.9453725      1.4965185      6.8745213    
  19110000   1.0032101      5.9514611      1.5047653      6.882785     
  19120000   1.0036014      5.9354097      1.5053522      6.8722603    
  19130000   1.0021957      5.9450175      1.5032438      6.8775792    
  19140000   0.99990549     5.9467154      1.4998086      6.8820083    
  19150000   0.99872911     5.9471571      1.4980441      6.8794512    
  19160000   0.99810933     5.9505467      1.4971144      6.88197      
  19170000   0.99766233     5.9469757      1.4964439      6.8791164    
  19180000   1.0035         5.9492751      1.5052001      6.8850683    
  19190000   1.0047217      5.955311       1.5070327      6.8783106    
  19200000   0.99680761     5.9478349      1.4951619      6.8810025    
  19210000   0.99246666     5.9492557      1.4886507      6.8815549    
  19220000   0.99683848     5.9509744      1.4952082      6.8838648    
  19230000   1.0041845      5.9376469      1.5062269      6.8783161    
  19240000   1.0019792      5.9433909      1.502919       6.8850994    
  19250000   0.99757696     5.9493689      1.4963159      6.8848877    
  19260000   1.0035191      5.9511721      1.5052288      6.8800374    
  19270000   0.99885871     5.933213       1.4982384      6.8738168    
  19280000   1.0024842      5.9550597      1.5036765      6.8906956    
  19290000   1.0072122      5.9437318      1.5107682      6.8813887    
  19300000   1.0087504      5.9306994      1.5130754      6.8782619    
  19310000   1.0029909      5.947093       1.5044365      6.8782439    
  19320000   0.99975434     5.9514165      1.4995819      6.8757731    
  19330000   0.99739637     5.940647       1.496045       6.8868755    
  19340000   0.99447426     5.9508272      1.491662       6.8807668    
  19350000   0.99490319     5.9586917      1.4923054      6.8893334    
  19360000   0.99934826     5.9396743      1.4989728      6.8771169    
  19370000   0.99669039     5.9327504      1.4949861      6.8763801    
  19380000   1.0013142      5.9370472      1.5019216      6.8760507    
  19390000   1.0030771      5.938368       1.5045658      6.8814035    
  19400000   1.0087527      5.9368562      1.513079       6.8783971    
  19410000   0.99439519     5.9443671      1.4915434      6.8836405    
  19420000   0.99605101     5.9430039      1.494027       6.8746774    
  19430000   1.0027403      5.9430239      1.5040606      6.8869044    
  19440000   0.99871812     5.9285544      1.4980276      6.8740798    
  19450000   0.99880502     5.9440442      1.4981579      6.8855606    
  19460000   0.99761065     5.9341648      1.4963664      6.8775004    
  19470000   1.0096835      5.9248301      1.5144751      6.875246     
  19480000   0.99781059     5.9419278      1.4966663      6.8851568    
  19490000   1.0070279      5.9361554      1.5104918      6.8786411    
  19500000   0.99704064     5.9530019      1.4955114      6.8808555    
  19510000   1.0034351      5.9484481      1.5051028      6.8807507    
  19520000   0.99283208     5.9524705      1.4891988      6.8867692    
  19530000   0.9922376      5.9340736      1.4883071      6.8807439    
  19540000   0.99876245     5.9385874      1.4980941      6.8770511    
  19550000   1.0020177      5.9371919      1.5029768      6.8787099    
  19560000   1.0044856      5.9583629      1.5066785      6.8863061    
  19570000   0.99720043     5.9404957      1.4957511      6.8792464    
  19580000   1.00087        5.9498414      1.5012553      6.8795999    
  19590000   1.0068012      5.9458485      1.5101519      6.8810657    
  19600000   0.99764755     5.9650043      1.4964218      6.8871656    
  19610000   0.99943916     5.9371366      1.4991091      6.8790061    
  19620000   1.0077439      5.9436221      1.5115658      6.8928895    
  19630000   1.0062041      5.9275395      1.5092562      6.8776546    
  19640000   0.9971982      5.9309153      1.4957478      6.8730778    
  19650000   0.99987244     5.9384872      1.499759       6.8839537    
  19660000   0.99694388     5.9395817      1.4953663      6.8818014    
  19670000   0.99925978     5.9404802      1.49884        6.8799092    
  19680000   1.0073505      5.9354633      1.5109757      6.8804087    
  19690000   0.99222167     5.9412459      1.4882832      6.8888562    
  19700000   1.0092748      5.9273741      1.513862       6.8727862    
  19710000   0.989024       5.9273344      1.4834869      6.878597     
  19720000   0.99860749     5.9327135      1.4978616      6.8779107    
  19730000   1.0049317      5.9405376      1.5073477      6.8839509    
  19740000   0.99872454     5.9293623      1.4980372      6.8754644    
  19750000   0.99869164     5.9271485      1.4979879      6.879621     
  19760000   0.99700946     5.9497412      1.4954647      6.8797534    
  19770000   1.0060006      5.938108       1.508951       6.8785619    
  19780000   0.99457626     5.9274472      1.491815       6.8726646    
  19790000   0.99611121     5.9322313      1.4941173      6.8822404    
  19800000   0.99649129     5.9350883      1.4946874      6.8841058    
  19810000   1.0029914      5.9347747      1.5044372      6.8841902    
  19820000   0.99653203     5.9245807      1.4947486      6.879537     
  19830000   0.99663691     5.9414372      1.4949059      6.8919246    
  19840000   0.99486823     5.916342       1.4922529      6.8730107    
  19850000   1.001762       5.9392501      1.5025932      6.8794792    
  19860000   0.99820145     5.9384669      1.4972526      6.8772333    
  19870000   0.99479088     5.933646       1.4921369      6.8777094    
  19880000   1.0019452      5.9129684      1.5028681      6.8705982    
  19890000   1.0039399      5.9303489      1.50586        6.8764983    
  19900000   1.0064766      5.9262144      1.509665       6.877748     
  19910000   0.99200734     5.9270991      1.4879617      6.8837457    
  19920000   1.0033715      5.9221613      1.5050075      6.8748869    
  19930000   1.0128444      5.9279466      1.5192163      6.8765896    
  19940000   0.99739696     5.9366257      1.4960459      6.8795399    
  19950000   0.99456062     5.9486716      1.4917915      6.8777697    
  19960000   0.9942514      5.9479039      1.4913277      6.885136     
  19970000   1.0070542      5.9460145      1.5105312      6.8822095    
  19980000   0.99916168     5.9429158      1.4986929      6.8773658    
  19990000   0.99516152     5.9371345      1.4926928      6.8770188    
  20000000   0.99835366     5.9525997      1.4974809      6.8885503    
  20010000   0.9951572      5.9454269      1.4926864      6.8776088    
  20020000   1.005253       5.9465448      1.5078295      6.8857659    
  20030000   1.0045356      5.9387477      1.5067536      6.8804358    
Loop time of 304579 on 1 procs for 20000000 steps with 30200 atoms

Performance: 28367.026 tau/day, 65.664 timesteps/s
100.0% CPU use with 1 MPI tasks x 1 OpenMP threads

MPI task timing breakdown:
Section |  min time  |  avg time  |  max time  |%varavg| %total
---------------------------------------------------------------
Pair    | 2.0338e+05 | 2.0338e+05 | 2.0338e+05 |   0.0 | 66.77
Bond    | 10784      | 10784      | 10784      |   0.0 |  3.54
Neigh   | 54399      | 54399      | 54399      |   0.0 | 17.86
Comm    | 906.67     | 906.67     | 906.67     |   0.0 |  0.30
Output  | 2.8766     | 2.8766     | 2.8766     |   0.0 |  0.00
Modify  | 33493      | 33493      | 33493      |   0.0 | 11.00
Other   |            | 1616       |            |       |  0.53

Nlocal:          30200 ave       30200 max       30200 min
Histogram: 1 0 0 0 0 0 0 0 0 0
Nghost:           5727 ave        5727 max        5727 min
Histogram: 1 0 0 0 0 0 0 0 0 0
Neighs:    1.09254e+06 ave 1.09254e+06 max 1.09254e+06 min
Histogram: 1 0 0 0 0 0 0 0 0 0

Total # of neighbors = 1092540
Ave neighs/atom = 36.176821
Ave special neighs/atom = 1.9072848
Neighbor list builds = 888206
Dangerous builds = 0

write_data data*.xyz
System init for write_data ...
Generated 0 of 6 mixed pair_coeff terms from geometric mixing rule
WARNING: Not all mixed pair coeffs generated from mixing. Use write_data with 'pair ij' option to store all pair coeffs. (src/write_data.cpp:309)
write_restart 	restart.polymer_ring
System init for write_restart ...
Generated 0 of 6 mixed pair_coeff terms from geometric mixing rule

print "ALL done"
ALL done
Total wall time: 84:39:00
