
pair_style      lj/cut 4.0
pair_modify     shift yes
read_restart    prod.restart1
Reading restart file ...
  restart file = 23 Jun 2022, LAMMPS = 23 Jun 2022
  restoring atom style bond from restart
  orthogonal box = (-40 -40 -35) to (40 40 35)
  1 by 1 by 1 MPI processor grid
  restoring pair style lj/cut from restart
  restoring bond style fene from restart
  30000 atoms
  28800 bonds
Finding 1-2 1-3 1-4 neighbors ...
  special bond factors lj:    0        1        1       
  special bond factors coul:  0        1        1       
     2 = max # of 1-2 neighbors
     6 = max # of special neighbors
  special bonds CPU = 0.005 seconds
  read_restart CPU = 0.012 seconds

bond_style      fene
special_bonds   fene
bond_coeff      1 10.0 2.0 1.0 1.0

group polymerA type 1
15000 atoms in group polymerA
group polymerB type 2
15000 atoms in group polymerB
group receptorC type 3
0 atoms in group receptorC
group receptorD type 4
0 atoms in group receptorD
group polymer union polymerA polymerB
30000 atoms in group polymer
group ligand union receptorC receptorD
0 atoms in group ligand

# Polymer-Polymer
pair_coeff 1 1 0.5 1.0 2.5      # A-A
pair_coeff 2 2 0.5 1.0 2.5      # B-B
pair_coeff 1 2 0.4 1.0 2.5      # A-B

# Polymer-Receptor
pair_coeff 1 3 50.0 1.0 4.0     # A-C
pair_coeff 1 4 50.0 1.0 1.1225  # A-D
pair_coeff 2 3 50.0 1.0 1.1225  # B-C
pair_coeff 2 4 50.0 1.0 4.0     # B-D

# Receptor-Receptor
pair_coeff 3 3 1.0 1.0 1.1225
pair_coeff 4 4 1.0 1.0 1.1225
pair_coeff 3 4 1.0 1.0 1.1225

neighbor        1.0 bin

region upper_box block -40 40 -40 40 32.2 34.8
create_atoms 3 random 204 998273 upper_box   # receptor C
Created 204 atoms
  using lattice units in orthogonal box = (-40 -40 -35) to (40 40 35)
  create_atoms CPU = 0.000 seconds
create_atoms 4 random 204 123456 upper_box   # receptor D
Created 204 atoms
  using lattice units in orthogonal box = (-40 -40 -35) to (40 40 35)
  create_atoms CPU = 0.000 seconds

group receptorC type 3
204 atoms in group receptorC
group receptorD type 4
204 atoms in group receptorD
group ligand union receptorC receptorD
408 atoms in group ligand

fix wall_poly polymer wall/lj126 zlo -32 1.0 1.0 1.1225 zhi 32 1.0 1.0 1.1225

fix wall_lig ligand wall/lj126 zlo 32 1.0 1.0 1.1225 zhi 35 1.0 1.0 1.1225

#minimize 1.0e-4 1.0e-6 100 1000

fix 3 all nve/limit 0.01
run 10000
Generated 0 of 6 mixed pair_coeff terms from geometric mixing rule
Neighbor list info ...
  update every 1 steps, delay 10 steps, check yes
  max neighbors/atom: 2000, page size: 100000
  master list distance cutoff = 5
  ghost atom cutoff = 5
  binsize = 2.5, bins = 32 32 28
  1 neighbor lists, perpetual/occasional/extra = 1 0 0
  (1) pair lj/cut, perpetual
      attributes: half, newton on
      pair build: half/bin/newton
      stencil: half/bin/3d
      bin: standard
Per MPI rank memory allocation (min/avg/max) = 25.72 | 25.72 | 25.72 Mbytes
   Step          Temp          E_pair         E_mol          TotEng         Press     
     20000   0.97876543     5733.0642      8.1142983      5742.6466      1559.3261    
     30000   0.24546722    -2.1990912      6.384654       4.5537515     -0.0043885818 
Loop time of 157.328 on 1 procs for 10000 steps with 30408 atoms

Performance: 27458.490 tau/day, 63.561 timesteps/s
100.0% CPU use with 1 MPI tasks x 1 OpenMP threads

MPI task timing breakdown:
Section |  min time  |  avg time  |  max time  |%varavg| %total
---------------------------------------------------------------
Pair    | 137.64     | 137.64     | 137.64     |   0.0 | 87.49
Bond    | 3.1608     | 3.1608     | 3.1608     |   0.0 |  2.01
Neigh   | 13.125     | 13.125     | 13.125     |   0.0 |  8.34
Comm    | 0.10157    | 0.10157    | 0.10157    |   0.0 |  0.06
Output  | 0.00010155 | 0.00010155 | 0.00010155 |   0.0 |  0.00
Modify  | 2.6403     | 2.6403     | 2.6403     |   0.0 |  1.68
Other   |            | 0.661      |            |       |  0.42

Nlocal:          30408 ave       30408 max       30408 min
Histogram: 1 0 0 0 0 0 0 0 0 0
Nghost:            434 ave         434 max         434 min
Histogram: 1 0 0 0 0 0 0 0 0 0
Neighs:    2.11376e+06 ave 2.11376e+06 max 2.11376e+06 min
Histogram: 1 0 0 0 0 0 0 0 0 0

Total # of neighbors = 2113764
Ave neighs/atom = 69.513418
Ave special neighs/atom = 1.8942384
Neighbor list builds = 199
Dangerous builds = 0
unfix 3

fix 3 all nve
fix 4 all langevin 1 1 1.0 90428

thermo_style    custom step temp pe ke ebond
thermo_modify   flush yes
thermo          10000
timestep        0.005

dump 1 all custom 50000 file_trajectory.bin id type x y z xu yu zu vx vy vz

restart 100000 prod.restart2 prod.restart3
run 20000000
Generated 0 of 6 mixed pair_coeff terms from geometric mixing rule
Per MPI rank memory allocation (min/avg/max) = 25.86 | 25.86 | 25.86 Mbytes
   Step          Temp          PotEng         KinEng         E_bond    
     30000   0.24546722     4.1855628      0.36818873     6.384654     
     40000   0.99661074     5.8220793      1.4948669      6.8223264    
     50000   0.99598076     5.8700577      1.493922       6.8313252    
     60000   1.0061957      5.8773178      1.5092439      6.83172      
     70000   1.0012208      5.89899        1.5017818      6.8379746    
     80000   0.99951785     5.8877618      1.4992275      6.8320272    
     90000   1.0006387      5.8823466      1.5009087      6.8310378    
    100000   1.0030825      5.8821274      1.5045743      6.8270784    
    110000   0.99530208     5.9012647      1.492904       6.8422906    
    120000   0.99601292     5.8847829      1.4939702      6.8337792    
    130000   0.99695866     5.8948193      1.4953888      6.8415977    
    140000   0.99854013     5.8929014      1.4977609      6.8315677    
    150000   1.0000009      5.8848054      1.499952       6.8321379    
    160000   0.99647457     5.9047099      1.4946627      6.8421343    
    170000   0.99467342     5.8900607      1.4919611      6.8400553    
    180000   0.98835743     5.8799284      1.4824874      6.8382937    
    190000   0.99622639     5.8845598      1.4942904      6.835901     
    200000   0.9911811      5.8722746      1.4867228      6.8346369    
    210000   0.99919731     5.8667134      1.4987467      6.8357701    
    220000   1.006104       5.8665926      1.5091064      6.8441779    
    230000   1.0105531      5.8586804      1.5157798      6.8346969    
    240000   1.0003043      5.8704108      1.5004071      6.8389722    
    250000   0.99626219     5.8520935      1.4943441      6.8297481    
    260000   1.0055904      5.8553162      1.508336       6.8381805    
    270000   0.99535244     5.8348326      1.4929796      6.8254244    
    280000   0.99257239     5.8336213      1.4888096      6.8257854    
    290000   1.0027657      5.8319083      1.5040992      6.8275496    
    300000   0.99800544     5.8402588      1.4969589      6.8333906    
    310000   0.99802696     5.8478381      1.4969912      6.8302942    
    320000   0.99960198     5.855187       1.4993537      6.8362411    
    330000   0.9997399      5.8384936      1.4995605      6.830804     
    340000   1.0034528      5.8276421      1.5051296      6.8311041    
    350000   1.0004688      5.8233908      1.5006538      6.8312373    
    360000   1.0097452      5.8327847      1.514568       6.839655     
    370000   1.0078214      5.8363773      1.5116823      6.8337325    
    380000   1.0069386      5.8362378      1.5103582      6.8426716    
    390000   0.99530088     5.808904       1.4929022      6.8250831    
    400000   0.99453158     5.81887        1.4917483      6.8334584    
    410000   0.99389548     5.8274064      1.4907942      6.8361969    
    420000   0.99861073     5.8321304      1.4978668      6.8380371    
    430000   0.99667374     5.8057689      1.4949615      6.8290865    
    440000   0.9971489      5.8056343      1.4956742      6.8293247    
    450000   1.0031609      5.8229408      1.5046919      6.8335047    
    460000   1.0085492      5.8175192      1.5127741      6.8368025    
    470000   1.0032686      5.8274018      1.5048534      6.8377544    
    480000   1.0024035      5.8370965      1.5035558      6.8465536    
    490000   1.0029253      5.8124132      1.5043385      6.8302855    
    500000   1.0091656      5.8232204      1.5136986      6.8315047    
    510000   1.0039641      5.8231703      1.5058966      6.8299207    
    520000   1.0016504      5.8215236      1.5024261      6.8245382    
    530000   1.0023308      5.8293168      1.5034467      6.8346865    
    540000   0.99877765     5.8326229      1.4981172      6.8394234    
    550000   0.99764391     5.8335549      1.4964167      6.8375912    
    560000   1.002206       5.8396435      1.5032596      6.8367496    
    570000   1.0025344      5.8367423      1.5037521      6.8409188    
    580000   0.99687194     5.8287026      1.4952587      6.8362307    
    590000   0.99099658     5.8365859      1.486446       6.8346592    
    600000   1.007916       5.8292474      1.5118243      6.8349495    
    610000   0.9990566      5.8264806      1.4985356      6.8357428    
    620000   0.99895282     5.8294886      1.49838        6.8335438    
    630000   0.999129       5.8422579      1.4986442      6.8369805    
    640000   0.99847246     5.8273776      1.4976594      6.8315813    
    650000   0.99841169     5.8325607      1.4975683      6.8408496    
    660000   0.99982991     5.8185239      1.4996955      6.8238621    
    670000   0.99586889     5.8230111      1.4937542      6.8311873    
    680000   1.0053012      5.844161       1.5079022      6.8461203    
    690000   1.0061677      5.8288684      1.509202       6.830373     
    700000   1.0008009      5.8371013      1.501152       6.8294936    
    710000   0.99916504     5.8445783      1.4986983      6.8374873    
    720000   1.0018696      5.8483305      1.5027549      6.8382891    
    730000   0.99998133     5.8428466      1.4999227      6.8352224    
    740000   0.99996703     5.838646       1.4999012      6.8406337    
    750000   1.0063641      5.8252346      1.5094965      6.8347358    
    760000   0.99715473     5.8253978      1.4956829      6.8371386    
    770000   1.0012659      5.8172613      1.5018494      6.8255207    
    780000   1.0084237      5.837722       1.5125858      6.837414     
    790000   1.0009908      5.8148574      1.5014368      6.8228139    
    800000   0.98721734     5.814455       1.4807773      6.8349986    
    810000   0.99912611     5.8316505      1.4986399      6.8378883    
    820000   0.99768895     5.8474878      1.4964842      6.838258     
    830000   0.99928614     5.8335482      1.4988799      6.8428591    
    840000   0.99844391     5.8428816      1.4976166      6.8418391    
    850000   1.008466       5.8125761      1.5126493      6.8303257    
    860000   1.00289        5.8196868      1.5042856      6.8292346    
    870000   0.99844167     5.8354235      1.4976133      6.83114      
    880000   1.0107169      5.8339171      1.5160255      6.8396632    
    890000   0.99707272     5.8348257      1.4955599      6.8378715    
    900000   0.99881445     5.8219172      1.4981724      6.8302067    
    910000   1.0013448      5.8275224      1.5019678      6.82807      
    920000   0.99934225     5.8290919      1.4989641      6.8349138    
    930000   1.003433       5.8287048      1.5051001      6.831665     
    940000   1.0028681      5.8348743      1.5042526      6.8336071    
    950000   0.99359909     5.8279794      1.4903496      6.8281579    
    960000   0.99607541     5.8269058      1.494064       6.8267831    
    970000   1.0056903      5.8387592      1.5084858      6.8335918    
    980000   0.99261077     5.8414825      1.4888672      6.8331591    
    990000   1.0000894      5.8384927      1.5000847      6.8339478    
   1000000   1.0000123      5.850263       1.4999691      6.8337076    
   1010000   0.99740436     5.8302438      1.4960573      6.8275666    
   1020000   0.99850252     5.8326153      1.4977045      6.8301845    
   1030000   0.99090951     5.8521535      1.4863154      6.8360652    
   1040000   1.0061503      5.8095647      1.5091758      6.8227018    
   1050000   1.0074355      5.8296371      1.5111035      6.8367403    
   1060000   0.99737129     5.8067142      1.4960077      6.829331     
   1070000   0.9998024      5.8294435      1.4996543      6.8392237    
   1080000   0.99262705     5.8147286      1.4888916      6.8302004    
   1090000   0.99556774     5.8169461      1.4933025      6.8302301    
   1100000   1.0077684      5.8196011      1.5116028      6.8380315    
   1110000   1.001519       5.8108508      1.5022291      6.8310161    
   1120000   1.008538       5.8304563      1.5127573      6.8302038    
   1130000   1.0011098      5.8338621      1.5016153      6.8361172    
   1140000   1.0063052      5.8514738      1.5094081      6.8397218    
   1150000   0.99537639     5.8295583      1.4930155      6.8333088    
   1160000   1.0043961      5.8322146      1.5065446      6.8368805    
   1170000   1.0012941      5.8205684      1.5018917      6.8322119    
   1180000   1.0004814      5.8194873      1.5006727      6.8279042    
   1190000   0.99963304     5.8182388      1.4994002      6.8338028    
   1200000   0.99642868     5.8173233      1.4945939      6.8307432    
   1210000   1.0046605      5.8265827      1.5069412      6.8330357    
   1220000   1.0020744      5.8264691      1.5030621      6.8361451    
   1230000   0.99598715     5.826817       1.4939316      6.8324487    
   1240000   0.99884762     5.8207052      1.4982222      6.8316498    
   1250000   0.99224594     5.8349081      1.48832        6.8374582    
   1260000   0.9976799      5.8247792      1.4964706      6.8297455    
   1270000   1.0039524      5.8187246      1.505879       6.838076     
   1280000   0.99399969     5.8230924      1.4909505      6.8295434    
   1290000   1.0018045      5.8323769      1.5026573      6.8345684    
   1300000   1.0006179      5.8197031      1.5008775      6.8351188    
   1310000   1.0070284      5.8184461      1.510493       6.8338592    
   1320000   1.0098196      5.8144372      1.5146795      6.8280345    
   1330000   1.0009687      5.8225107      1.5014036      6.8359583    
   1340000   0.99358029     5.8201365      1.4903214      6.826907     
   1350000   0.99947358     5.8145606      1.4991611      6.8283991    
   1360000   0.99817813     5.8378977      1.497218       6.8381924    
   1370000   0.99903652     5.8324457      1.4985055      6.8329514    
   1380000   1.0093259      5.8033815      1.513939       6.8283778    
   1390000   1.0021932      5.8119771      1.5032404      6.8306328    
   1400000   0.98763394     5.8297995      1.4814022      6.837756     
   1410000   0.99755005     5.8074605      1.4962759      6.8287665    
   1420000   0.99964055     5.8132264      1.4994115      6.8366546    
   1430000   0.99238995     5.8037828      1.488536       6.8251552    
   1440000   1.0087842      5.8118623      1.5131266      6.827933     
   1450000   1.000566       5.8137878      1.5007997      6.83194      
   1460000   1.0039849      5.8097312      1.5059279      6.8365236    
   1470000   0.99361687     5.81836        1.4903763      6.8339311    
   1480000   1.0001497      5.8103413      1.5001753      6.8341108    
   1490000   0.99926334     5.80972        1.4988457      6.8372585    
   1500000   0.998308       5.8057533      1.4974128      6.8291374    
   1510000   0.99934942     5.8085461      1.4989748      6.8347325    
   1520000   0.99680135     5.8188589      1.4951529      6.8406059    
   1530000   0.99571444     5.8046419      1.4935225      6.8291451    
   1540000   1.0007069      5.8189155      1.5010109      6.8350667    
   1550000   0.99838695     5.7931879      1.4975312      6.8321009    
   1560000   0.99922257     5.8003166      1.4987846      6.835009     
   1570000   0.99837236     5.8008367      1.4975093      6.8297714    
   1580000   0.99985099     5.7915004      1.4997272      6.8310092    
   1590000   1.0012613      5.7949553      1.5018425      6.833787     
   1600000   0.98902437     5.8018516      1.4834878      6.8332234    
   1610000   1.0081031      5.8051106      1.5121049      6.8371384    
   1620000   1.0017861      5.8023388      1.5026297      6.8271666    
   1630000   1.0041758      5.8345284      1.5062142      6.8359936    
   1640000   0.99751779     5.809507       1.4962275      6.8401813    
   1650000   0.99740854     5.8108621      1.4960636      6.8292774    
   1660000   0.9982119      5.7991253      1.4972686      6.8269297    
   1670000   0.99237319     5.8123544      1.4885108      6.8321402    
   1680000   1.0044882      5.8038538      1.5066828      6.8344035    
   1690000   0.99401767     5.8043162      1.4909775      6.831856     
   1700000   0.99977179     5.8117233      1.4996084      6.8304944    
   1710000   0.99861783     5.8253243      1.4978775      6.8433344    
   1720000   0.99826838     5.8100339      1.4973533      6.8330064    
   1730000   0.99255406     5.8034043      1.4887821      6.8321542    
   1740000   1.0101397      5.7964094      1.5151597      6.8300393    
   1750000   0.99840909     5.7834912      1.4975644      6.8296746    
   1760000   0.99715258     5.7977956      1.4956797      6.8304011    
   1770000   0.99115661     5.799136       1.486686       6.8263477    
   1780000   1.0003498      5.8036845      1.5004754      6.8330917    
   1790000   0.99961949     5.7945548      1.4993799      6.8306789    
   1800000   0.99911255     5.7995939      1.4986195      6.8246786    
   1810000   1.0021422      5.8121818      1.5031639      6.8442125    
   1820000   1.0036742      5.7978963      1.5054617      6.8327018    
   1830000   0.99813988     5.8089283      1.4971606      6.8380796    
   1840000   1.0005052      5.8095988      1.5007084      6.8396235    
   1850000   1.0031885      5.7912259      1.5047333      6.8316234    
   1860000   1.0076777      5.7992919      1.5114669      6.8288108    
   1870000   0.99603726     5.8072357      1.4940068      6.8318606    
   1880000   0.99674986     5.8231985      1.4950756      6.8410742    
   1890000   1.0010244      5.8020284      1.5014872      6.8326483    
   1900000   0.99558729     5.8072266      1.4933318      6.8363944    
   1910000   0.99326647     5.8006347      1.4898507      6.8319833    
   1920000   1.0097681      5.7954449      1.5146024      6.8295796    
   1930000   0.99728086     5.7871067      1.4958721      6.8269561    
   1940000   0.99321831     5.8069283      1.4897785      6.8328362    
   1950000   1.0030149      5.8100944      1.5044728      6.838226     
   1960000   0.99287618     5.7945201      1.4892653      6.8310247    
   1970000   0.99445628     5.7989901      1.4916354      6.8326575    
   1980000   0.99780927     5.8162939      1.4966647      6.8326378    
   1990000   0.99978085     5.8006077      1.499622       6.8340243    
   2000000   0.99890209     5.8036237      1.4983039      6.8316376    
   2010000   1.0021857      5.8213514      1.5032291      6.8313838    
   2020000   1.0030099      5.8000606      1.5044653      6.829424     
   2030000   0.99083889     5.8037879      1.4862095      6.8323497    
   2040000   1.0029412      5.8011846      1.5043623      6.8310738    
   2050000   1.003391       5.8012422      1.5050369      6.8263484    
   2060000   1.0034074      5.8058143      1.5050616      6.8323576    
   2070000   1.0015084      5.8125377      1.5022131      6.8369667    
   2080000   0.99687228     5.8091613      1.4952593      6.8419621    
   2090000   1.0079627      5.8033965      1.5118944      6.8328981    
   2100000   0.99029126     5.8007024      1.485388       6.8292951    
   2110000   0.99937076     5.8100924      1.4990068      6.8384553    
   2120000   0.99796796     5.8100939      1.4969027      6.8367633    
   2130000   1.0059944      5.8164305      1.508942       6.8332303    
   2140000   1.0013862      5.8131284      1.5020299      6.8334957    
   2150000   1.0022737      5.8149181      1.5033611      6.8380182    
   2160000   0.99853481     5.8061824      1.497753       6.8325761    
   2170000   1.0034791      5.8116671      1.5051692      6.8323168    
   2180000   1.0054746      5.8088998      1.5081624      6.8419657    
   2190000   0.99535708     5.8203171      1.4929865      6.8341785    
   2200000   0.9980702      5.7985557      1.4970561      6.8298918    
   2210000   1.0019517      5.7959455      1.5028781      6.8303911    
   2220000   1.0062985      5.8146423      1.5093981      6.8380151    
   2230000   0.99732661     5.8076745      1.4959407      6.8307686    
   2240000   1.0063133      5.8040106      1.5094203      6.8351542    
   2250000   1.0093885      5.8121834      1.514033       6.8282917    
   2260000   0.99592223     5.8002345      1.4938342      6.8270063    
   2270000   0.9925206      5.8082736      1.4887319      6.8304678    
   2280000   0.9962955      5.8084232      1.4943941      6.8324145    
   2290000   0.99706516     5.8328898      1.4955486      6.840765     
   2300000   0.99610214     5.8176865      1.4941041      6.8338094    
   2310000   0.99519522     5.8207219      1.4927437      6.8324889    
   2320000   0.99985542     5.8198919      1.4997338      6.8388143    
   2330000   0.99637766     5.809564       1.4945173      6.8340539    
   2340000   1.0050609      5.8072237      1.5075418      6.8405979    
   2350000   0.99784577     5.8224306      1.4967194      6.8409426    
   2360000   1.001851       5.8257927      1.5027271      6.8334235    
   2370000   1.0072152      5.8198422      1.5107732      6.8329372    
   2380000   0.99253937     5.8088129      1.4887601      6.8352465    
   2390000   1.0012391      5.8245694      1.5018093      6.8431467    
   2400000   0.9955523      5.8138798      1.4932793      6.8428338    
   2410000   1.0037727      5.8140891      1.5056095      6.8420562    
   2420000   1.0036605      5.8076899      1.5054412      6.8328276    
   2430000   1.0063486      5.8098642      1.5094733      6.8348376    
   2440000   0.99222508     5.795011       1.4882887      6.8297206    
   2450000   0.99422741     5.8108912      1.4912921      6.8355844    
   2460000   0.9990287      5.7959722      1.4984938      6.8269755    
   2470000   1.0037151      5.8041922      1.5055231      6.8361922    
   2480000   1.0039543      5.8086797      1.5058819      6.8290626    
   2490000   0.99632392     5.8040529      1.4944367      6.8280039    
   2500000   1.0015895      5.7991261      1.5023348      6.8271975    
   2510000   1.0084151      5.8030754      1.5125729      6.8363361    
   2520000   1.0051856      5.8138114      1.5077288      6.8463091    
   2530000   1.0026209      5.8046498      1.5038819      6.8392763    
   2540000   1.0006921      5.8014883      1.5009887      6.838926     
   2550000   1.0012539      5.8004008      1.5018315      6.8350573    
   2560000   0.99882404     5.7967444      1.4981868      6.8361528    
   2570000   1.0038272      5.7935525      1.5056913      6.8382394    
   2580000   0.99495422     5.7868744      1.4923823      6.8256738    
   2590000   0.99899511     5.7995856      1.4984434      6.8353689    
   2600000   0.99526178     5.8004576      1.4928436      6.833516     
   2610000   0.99973414     5.7963356      1.4995519      6.8305298    
   2620000   1.0036405      5.8127807      1.5054113      6.8276306    
   2630000   1.004725       5.8054209      1.5070379      6.8352492    
   2640000   0.99853859     5.8054921      1.4977586      6.8327302    
   2650000   1.000585       5.8135843      1.5008282      6.8360689    
   2660000   0.9958094      5.8023683      1.493665       6.8365887    
   2670000   1.0094401      5.8004595      1.5141104      6.8206246    
   2680000   0.99671497     5.7903549      1.4950233      6.8245301    
   2690000   0.99772203     5.8116201      1.4965338      6.8295342    
   2700000   1.0042507      5.8182774      1.5063265      6.8345066    
   2710000   0.99888422     5.8164043      1.4982771      6.8359425    
   2720000   0.99702172     5.8105097      1.4954834      6.8322376    
   2730000   0.99942066     5.801747       1.4990817      6.8314656    
   2740000   0.99765459     5.8052749      1.4964327      6.8298912    
   2750000   1.0040155      5.8001058      1.5059737      6.8347571    
   2760000   1.0024718      5.8069219      1.5036583      6.8368775    
   2770000   1.0049344      5.8278097      1.507352       6.8432031    
   2780000   0.99677732     5.8241119      1.4951168      6.8425132    
   2790000   0.99776436     5.8132964      1.4965973      6.8336921    
   2800000   0.996501       5.8014862      1.4947023      6.8342163    
   2810000   0.99915094     5.8089458      1.4986771      6.8219052    
   2820000   0.99559828     5.8120276      1.4933483      6.8362705    
   2830000   0.99894856     5.7990949      1.4983736      6.8356116    
   2840000   0.99646467     5.803346       1.4946479      6.827989     
   2850000   0.99886773     5.7956358      1.4982523      6.835376     
   2860000   0.99697284     5.7923823      1.4954101      6.8344584    
   2870000   1.0029331      5.8137321      1.5043501      6.8358209    
   2880000   0.9958854      5.8064939      1.493779       6.8338469    
   2890000   0.99638409     5.797443       1.494527       6.8322876    
   2900000   1.0082662      5.794219       1.5123495      6.830631     
   2910000   1.004183       5.8025518      1.506225       6.8338772    
   2920000   0.99824864     5.788938       1.4973237      6.8331595    
   2930000   0.99413969     5.7978486      1.4911605      6.8340156    
   2940000   1.0013874      5.7920277      1.5020317      6.8360884    
   2950000   0.99395647     5.8086582      1.4908857      6.8417621    
   2960000   1.0010551      5.8043852      1.5015333      6.8298465    
   2970000   1.001625       5.7896501      1.5023881      6.8238095    
   2980000   1.0037013      5.7825815      1.5055024      6.8207249    
   2990000   0.98747616     5.8009804      1.4811655      6.8378483    
   3000000   0.99055538     5.7951969      1.4857842      6.838394     
   3010000   1.0029083      5.7889547      1.5043129      6.8325252    
   3020000   1.0048537      5.7928894      1.507231       6.8380522    
   3030000   1.0095184      5.777535       1.5142278      6.8284068    
   3040000   1.0033575      5.8042146      1.5049868      6.8384902    
   3050000   1.0085377      5.7921557      1.5127568      6.8413667    
   3060000   0.99963748     5.7892755      1.4994069      6.8361352    
   3070000   1.0030602      5.7877457      1.5045407      6.8308521    
   3080000   0.9973827      5.7748516      1.4960249      6.8270138    
   3090000   1.0031208      5.7865175      1.5046318      6.8295802    
   3100000   1.0039973      5.7925623      1.5059464      6.839469     
   3110000   1.0000701      5.7919757      1.5000558      6.8309952    
   3120000   0.99778291     5.791805       1.4966251      6.8322891    
   3130000   1.0039276      5.7935694      1.5058419      6.8287426    
   3140000   0.99745103     5.7979062      1.4961273      6.8305663    
   3150000   0.99751736     5.803096       1.4962268      6.8407207    
   3160000   1.0061173      5.7958923      1.5091263      6.8376314    
   3170000   1.0027576      5.7872573      1.5040869      6.8287463    
   3180000   1.0013068      5.7818589      1.5019108      6.8414781    
   3190000   0.99965426     5.7934113      1.4994321      6.8363388    
   3200000   1.0071821      5.7845689      1.5107234      6.8217117    
   3210000   0.98930021     5.782374       1.4839015      6.824348     
   3220000   1.0009233      5.797792       1.5013355      6.8311371    
   3230000   1.001703       5.7964761      1.5025051      6.8365878    
   3240000   1.0015029      5.8015953      1.502205       6.8341395    
   3250000   1.0041232      5.7796145      1.5061353      6.8313052    
   3260000   1.001693       5.7849219      1.50249        6.8325164    
   3270000   1.0075629      5.7958314      1.5112947      6.835033     
   3280000   1.0053823      5.7774991      1.5080238      6.8329078    
   3290000   1.0019407      5.7905542      1.5028616      6.841255     
   3300000   0.99781597     5.7842258      1.4966747      6.8308794    
   3310000   0.99120901     5.7991232      1.4867646      6.8386023    
   3320000   1.0008403      5.7931677      1.5012111      6.8301229    
   3330000   1.0016685      5.7965831      1.5024533      6.8383796    
   3340000   0.99376844     5.7897247      1.4906036      6.8344064    
   3350000   0.99035723     5.7964323      1.485487       6.8315524    
   3360000   0.99727689     5.797815       1.4958661      6.8287637    
   3370000   1.001476       5.7966657      1.5021646      6.8265051    
   3380000   0.99816768     5.7948882      1.4972023      6.827687     
   3390000   1.0011282      5.7900958      1.5016429      6.8361321    
   3400000   0.98918144     5.8114747      1.4837234      6.8276649    
   3410000   1.0038938      5.8062972      1.5057912      6.8397909    
   3420000   0.99516414     5.7909234      1.4926971      6.8272456    
   3430000   1.0005701      5.7825678      1.5008058      6.8245122    
   3440000   1.0005502      5.7796481      1.500776       6.8296142    
   3450000   1.0010745      5.7891187      1.5015624      6.830497     
   3460000   0.99181336     5.8066957      1.4876711      6.8362778    
   3470000   1.0049367      5.8024302      1.5073555      6.8403028    
   3480000   0.9967985      5.7942067      1.4951486      6.8327868    
   3490000   1.0011299      5.7892907      1.5016455      6.8310452    
   3500000   0.99573794     5.7923546      1.4935578      6.8328057    
   3510000   0.99850166     5.8028629      1.4977032      6.8337638    
   3520000   0.99537291     5.7932582      1.4930103      6.8368181    
   3530000   0.99646344     5.7938011      1.494646       6.8358182    
   3540000   0.99802134     5.7934043      1.4969828      6.8339406    
   3550000   0.98922735     5.7961267      1.4837922      6.8312798    
   3560000   0.99876004     5.792472       1.4980908      6.8306309    
   3570000   0.99562468     5.7920108      1.4933879      6.8353049    
   3580000   0.99643211     5.7905965      1.494599       6.8361725    
   3590000   1.0096706      5.7986557      1.5144561      6.8380247    
   3600000   0.9937357      5.7831346      1.4905545      6.8285089    
   3610000   1.0026717      5.7929764      1.5039581      6.8321365    
   3620000   0.9983296      5.7910728      1.4974452      6.8321191    
   3630000   0.99553034     5.8005201      1.4932464      6.833494     
   3640000   1.0021274      5.8044341      1.5031416      6.8330734    
   3650000   0.99462257     5.7854161      1.4918848      6.8318746    
   3660000   1.0029788      5.7936798      1.5044187      6.831727     
   3670000   0.99782117     5.7857867      1.4966825      6.8321562    
   3680000   1.0013555      5.778537       1.5019839      6.8298203    
   3690000   1.0063553      5.7729541      1.5094833      6.83232      
   3700000   0.99577278     5.7943701      1.4936101      6.8367796    
   3710000   0.99316502     5.7960322      1.4896985      6.8341238    
   3720000   0.99738838     5.7969432      1.4960334      6.8297129    
   3730000   1.0026029      5.8038504      1.5038548      6.8405261    
   3740000   0.99909046     5.7957935      1.4985864      6.8349316    
   3750000   0.99675351     5.8073123      1.4950811      6.8381845    
   3760000   1.0067212      5.7858922      1.5100321      6.8294483    
   3770000   0.99458856     5.8050128      1.4918338      6.8387981    
   3780000   0.9981999      5.8032132      1.4972506      6.830278     
   3790000   0.9958052      5.7832848      1.4936587      6.8323731    
   3800000   1.0100592      5.8138028      1.5150389      6.841455     
   3810000   1.0032955      5.8046464      1.5048938      6.826617     
   3820000   0.99017543     5.7942479      1.4852143      6.8355494    
   3830000   0.99951999     5.7896816      1.4992307      6.8286807    
   3840000   1.0002707      5.7930713      1.5003568      6.8336952    
   3850000   0.99830036     5.7849696      1.4974013      6.8293588    
   3860000   0.9998608      5.7843588      1.4997419      6.837555     
   3870000   0.99843918     5.7812357      1.4976095      6.8297777    
   3880000   0.99642329     5.7929117      1.4945858      6.8359508    
   3890000   1.0057514      5.7832666      1.5085774      6.8351948    
   3900000   0.99886925     5.785416       1.4982546      6.8335273    
   3910000   0.99776005     5.7938024      1.4965908      6.833435     
   3920000   1.0000202      5.7891997      1.499981       6.8352226    
   3930000   1.0043399      5.7775327      1.5064603      6.836632     
   3940000   0.99846687     5.7787837      1.497651       6.8291367    
   3950000   0.99597832     5.7900723      1.4939183      6.8328989    
   3960000   1.0046448      5.7801141      1.5069177      6.839599     
   3970000   0.99150165     5.7846309      1.4872036      6.8381034    
   3980000   0.9959482      5.7973228      1.4938732      6.8360807    
   3990000   1.0074514      5.803243       1.5111274      6.8393048    
   4000000   1.0019025      5.7798886      1.5028044      6.8222338    
   4010000   1.0076405      5.7827681      1.511411       6.8366817    
   4020000   0.99347665     5.7871854      1.490166       6.8368417    
   4030000   1.0028851      5.7770691      1.5042781      6.8327815    
   4040000   0.99017755     5.7980104      1.4852175      6.8418008    
   4050000   1.0017996      5.7823641      1.50265        6.8371643    
   4060000   1.0009633      5.7949754      1.5013955      6.8303921    
   4070000   0.99802763     5.7776024      1.4969922      6.8311722    
   4080000   1.0018114      5.7808864      1.5026676      6.8293793    
   4090000   1.0039584      5.7808002      1.5058881      6.8303743    
   4100000   1.0004512      5.7845649      1.5006275      6.8367108    
   4110000   1.0023066      5.7895675      1.5034104      6.8397847    
   4120000   1.0005766      5.7777782      1.5008156      6.8317983    
   4130000   0.99721141     5.7879862      1.4957679      6.8335935    
   4140000   1.0071346      5.7771141      1.5106522      6.8299685    
   4150000   1.0026045      5.7923239      1.5038572      6.843587     
   4160000   1.0137825      5.7777204      1.5206238      6.8307156    
   4170000   1.0032331      5.7978942      1.5048001      6.8431022    
   4180000   1.0016917      5.794349       1.5024881      6.8346247    
   4190000   0.99379706     5.8058829      1.4906466      6.8381013    
   4200000   0.99660828     5.7941189      1.4948633      6.8297506    
   4210000   0.9964316      5.8032926      1.4945982      6.8389749    
   4220000   0.99857145     5.7818601      1.4978079      6.8289326    
   4230000   1.00312        5.800427       1.5046306      6.8352521    
   4240000   1.004334       5.7809576      1.5064515      6.8280033    
   4250000   0.99724866     5.7927269      1.4958238      6.8296534    
   4260000   1.0041839      5.7917551      1.5062264      6.8335685    
   4270000   1.0083499      5.8021325      1.5124752      6.8372857    
   4280000   1.0058125      5.790842       1.5086692      6.8334493    
   4290000   1.0044857      5.7796931      1.506679       6.8275375    
   4300000   0.99362862     5.7874069      1.4903939      6.8291618    
   4310000   1.0068172      5.7792474      1.5101762      6.8303484    
   4320000   0.99928571     5.7819119      1.4988793      6.8311673    
   4330000   0.9970895      5.791602       1.4955851      6.8373586    
   4340000   0.99514361     5.8013786      1.4926663      6.8331063    
   4350000   0.99901437     5.7864826      1.4984723      6.8376016    
   4360000   0.9996419      5.7893884      1.4994135      6.8363359    
   4370000   1.0027092      5.806958       1.5040144      6.8404801    
   4380000   1.0013051      5.8218056      1.5019082      6.8391231    
   4390000   1.0021373      5.7939652      1.5031564      6.8362065    
   4400000   1.0005323      5.791873       1.5007491      6.8305203    
   4410000   1.0060932      5.7967204      1.5090902      6.832391     
   4420000   1.0047772      5.7959336      1.5071163      6.8224422    
   4430000   1.0047495      5.7839021      1.5070747      6.8320484    
   4440000   1.0023213      5.8041615      1.5034325      6.836684     
   4450000   0.99809507     5.7989052      1.4970934      6.8287213    
   4460000   1.0065581      5.7878388      1.5097875      6.837828     
   4470000   0.99591988     5.7962087      1.4938307      6.8323818    
   4480000   1.0023444      5.7955529      1.5034671      6.838339     
   4490000   1.0024625      5.7901752      1.5036443      6.8251957    
   4500000   1.0046356      5.8072121      1.5069038      6.8422302    
   4510000   1.0088297      5.7962185      1.5131948      6.8299934    
   4520000   0.9979786      5.7916253      1.4969187      6.828796     
   4530000   1.004199       5.8069999      1.506249       6.8385535    
   4540000   0.99713041     5.7944244      1.4956464      6.8295897    
   4550000   0.99399028     5.7921542      1.4909364      6.8281968    
   4560000   0.98900079     5.793155       1.4834524      6.8326735    
   4570000   1.0053571      5.7857225      1.507986       6.8331468    
   4580000   1.003714       5.7964895      1.5055215      6.8339209    
   4590000   0.99884048     5.7941907      1.4982115      6.8300062    
   4600000   0.99299396     5.7870372      1.489442       6.8260715    
   4610000   1.0053144      5.8106929      1.507922       6.8351497    
   4620000   1.0021071      5.8053161      1.5031112      6.8325219    
   4630000   1.0041116      5.7999567      1.5061178      6.832675     
   4640000   0.99853416     5.7768918      1.497752       6.8223427    
   4650000   0.98630189     5.7876244      1.4794042      6.8362614    
   4660000   1.0024851      5.7926553      1.5036781      6.8340761    
   4670000   1.0013529      5.8006015      1.50198        6.8368535    
   4680000   1.0007212      5.7832637      1.5010325      6.8329638    
   4690000   1.0028047      5.7944242      1.5041575      6.8344705    
   4700000   0.99316312     5.7848738      1.4896957      6.8368687    
   4710000   1.0022082      5.7846509      1.5032628      6.8255426    
   4720000   1.0056178      5.7851611      1.508377       6.8339005    
   4730000   0.99892673     5.790578       1.4983408      6.8307446    
   4740000   1.0008334      5.789854       1.5012007      6.829733     
   4750000   0.9997579      5.7790648      1.4995875      6.8251857    
   4760000   0.99945108     5.7953462      1.4991273      6.8401286    
   4770000   1.0030771      5.7945536      1.5045662      6.836782     
   4780000   0.9995462      5.7960546      1.49927        6.8351502    
   4790000   0.99670799     5.8021627      1.4950128      6.8422047    
   4800000   0.99528124     5.8128375      1.4928728      6.8447654    
   4810000   0.99599158     5.7902685      1.4939382      6.8313793    
   4820000   1.0015331      5.8080133      1.5022503      6.8377933    
   4830000   0.99403193     5.8060511      1.4909989      6.8368534    
   4840000   0.99726698     5.8101868      1.4958513      6.835061     
   4850000   1.0074022      5.812067       1.5110537      6.8301695    
   4860000   0.99851189     5.8048423      1.4977186      6.8289711    
   4870000   1.0028673      5.8046731      1.5042515      6.8380101    
   4880000   0.99591573     5.7827598      1.4938245      6.8354278    
   4890000   0.99926933     5.7783003      1.4988547      6.8285386    
   4900000   0.99780192     5.8080478      1.4966537      6.8371447    
   4910000   1.0003279      5.8036689      1.5004425      6.8314917    
   4920000   0.99697262     5.8001374      1.4954097      6.8402649    
   4930000   0.99861739     5.7804817      1.4978768      6.8317384    
   4940000   0.9992596      5.7915742      1.4988401      6.8299195    
   4950000   0.99412003     5.7943053      1.491131       6.8383957    
   4960000   0.99958704     5.7974752      1.4993312      6.8303261    
   4970000   0.99158061     5.7929265      1.487322       6.8286546    
   4980000   1.0103778      5.78082        1.5155168      6.8240464    
   4990000   1.0012146      5.7961712      1.5017725      6.8364584    
   5000000   0.99980871     5.7877958      1.4996637      6.8267501    
   5010000   1.0003229      5.7930473      1.5004351      6.828794     
   5020000   1.0065619      5.7946003      1.5097931      6.8329689    
   5030000   0.99674656     5.7873332      1.4950707      6.8309791    
   5040000   0.99955474     5.7924436      1.4992828      6.8443364    
   5050000   1.0027608      5.7932062      1.5040917      6.8317248    
   5060000   0.99847656     5.7838288      1.4976656      6.8350879    
   5070000   1.0062843      5.7905294      1.5093768      6.8285965    
   5080000   1.0016604      5.7919264      1.5024412      6.8404491    
   5090000   0.98694179     5.7855385      1.480364       6.8333948    
   5100000   0.99743432     5.7898538      1.4961023      6.8375943    
   5110000   1.0017575      5.7974071      1.5025869      6.8345331    
   5120000   1.0104751      5.7961886      1.5156628      6.8340127    
   5130000   1.0038442      5.8081247      1.5057168      6.8385366    
   5140000   1.005634       5.8116679      1.5084014      6.843216     
   5150000   0.99815278     5.7931006      1.4971799      6.8294605    
   5160000   0.99115057     5.7815938      1.486677       6.8275786    
   5170000   0.9951032      5.7938291      1.4926057      6.8416508    
   5180000   0.99714346     5.7804202      1.495666       6.8332925    
   5190000   1.0016735      5.7851744      1.5024608      6.8377667    
   5200000   1.0009612      5.7929429      1.5013924      6.8422979    
   5210000   0.99968409     5.7806751      1.4994768      6.8286549    
   5220000   0.99746046     5.7902005      1.4961415      6.8370755    
   5230000   1.0008017      5.7697491      1.5011532      6.8305804    
   5240000   0.99707964     5.7638463      1.4955703      6.8329876    
   5250000   1.0047182      5.7639734      1.5070277      6.8285279    
   5260000   0.99931378     5.7734228      1.4989214      6.8333035    
   5270000   1.0103364      5.7825389      1.5154548      6.8301207    
   5280000   0.99871248     5.7743903      1.4980194      6.8322866    
   5290000   1.004046       5.7909833      1.5060194      6.8301327    
   5300000   1.0033344      5.7899262      1.5049521      6.8361244    
   5310000   0.99860667     5.8025361      1.4978607      6.8403659    
   5320000   0.99105733     5.8004098      1.4865371      6.8413382    
   5330000   1.0036741      5.7789723      1.5054617      6.8252894    
   5340000   0.99953607     5.7889416      1.4992548      6.831135     
   5350000   0.9918366      5.8078399      1.487706       6.8396382    
   5360000   1.0118844      5.7870207      1.5177766      6.8335404    
   5370000   1.0023346      5.8066374      1.5034524      6.8394838    
   5380000   0.99939179     5.7886946      1.4990384      6.8326844    
   5390000   0.99764378     5.7865723      1.4964165      6.8337454    
   5400000   0.99968163     5.7880103      1.4994731      6.835065     
   5410000   0.99329122     5.7812592      1.4898878      6.8343573    
   5420000   1.0082307      5.7972877      1.5122963      6.8352545    
   5430000   1.0043716      5.8052423      1.5065079      6.8351565    
   5440000   1.0022633      5.7977006      1.5033455      6.8368305    
   5450000   0.99770494     5.804226       1.4965082      6.8292154    
   5460000   1.0064695      5.8058247      1.5096546      6.8389903    
   5470000   1.0021263      5.7880784      1.50314        6.8324218    
   5480000   0.99802021     5.8013478      1.4969811      6.8381387    
   5490000   0.99649774     5.7936222      1.4946975      6.8353232    
   5500000   1.0008944      5.7846274      1.5012922      6.8327634    
   5510000   1.0022187      5.7887556      1.5032786      6.8390685    
   5520000   1.0058567      5.778994       1.5087354      6.8319925    
   5530000   0.99908738     5.7804102      1.4985818      6.829199     
   5540000   0.99853004     5.8003465      1.4977458      6.8432329    
   5550000   0.98371194     5.773344       1.4755194      6.8321306    
   5560000   0.99879035     5.7731816      1.4981363      6.8285611    
   5570000   0.9966652      5.7743451      1.4949486      6.8357284    
   5580000   0.99707735     5.7871923      1.4955668      6.837198     
   5590000   1.0013163      5.7874563      1.501925       6.8289985    
   5600000   0.99889242     5.790492       1.4982894      6.8299746    
   5610000   1.0057373      5.7939837      1.5085563      6.834077     
   5620000   0.99996486     5.7940624      1.499898       6.8348531    
   5630000   0.98859186     5.7792698      1.482839       6.8337038    
   5640000   0.99798408     5.7715755      1.4969269      6.8274346    
   5650000   1.0011625      5.7935367      1.5016944      6.8377135    
   5660000   1.0063752      5.7921206      1.5095132      6.8348539    
   5670000   1.0063847      5.7881793      1.5095275      6.8289882    
   5680000   1.0001631      5.7741146      1.5001953      6.828999     
   5690000   0.99429668     5.7997559      1.491396       6.8429856    
   5700000   1.0069598      5.7756499      1.51039        6.8259781    
   5710000   0.98925525     5.782777       1.4838341      6.8356896    
   5720000   0.99152098     5.7661407      1.4872326      6.8284611    
   5730000   0.99845123     5.7776787      1.4976276      6.832775     
   5740000   1.0018005      5.7777431      1.5026514      6.832475     
   5750000   1.0020503      5.7723581      1.5030259      6.8354589    
   5760000   0.99927553     5.7781946      1.498864       6.8363257    
   5770000   0.99627906     5.780738       1.4943694      6.8307186    
   5780000   1.0054781      5.7870788      1.5081675      6.8324817    
   5790000   0.99932554     5.7845014      1.498939       6.8313707    
   5800000   0.99867813     5.7852656      1.4979679      6.8362448    
   5810000   1.0050993      5.7801447      1.5075993      6.8270088    
   5820000   1.0074448      5.7832483      1.5111175      6.8354989    
   5830000   0.99751517     5.7821727      1.4962235      6.8339667    
   5840000   1.0071121      5.792918       1.5106185      6.8339449    
   5850000   0.99763715     5.7889276      1.4964065      6.8356159    
   5860000   0.99635651     5.7719244      1.4944856      6.8307343    
   5870000   1.000011       5.7799082      1.4999672      6.8293222    
   5880000   1.0004368      5.7818276      1.5006058      6.8300324    
   5890000   1.0014408      5.7717177      1.5021118      6.8293818    
   5900000   1.0025665      5.7682279      1.5038003      6.8300325    
   5910000   0.997897       5.7942931      1.4967963      6.8394084    
   5920000   0.99950044     5.7801025      1.4992014      6.8271099    
   5930000   0.9982913      5.784667       1.4973877      6.8322624    
   5940000   0.99605509     5.7967898      1.4940335      6.8298276    
   5950000   1.0035291      5.7815181      1.5052442      6.8302049    
   5960000   0.9992763      5.7919313      1.4988652      6.8302508    
   5970000   0.99007658     5.7704703      1.485066       6.8230963    
   5980000   1.0032145      5.7789534      1.5047722      6.8256538    
   5990000   0.99278952     5.8031247      1.4891353      6.8405435    
   6000000   0.99916981     5.7913117      1.4987054      6.8333593    
   6010000   1.0036051      5.8031679      1.5053581      6.8324882    
   6020000   0.9993539      5.8011345      1.4989816      6.8343372    
   6030000   0.99702849     5.7999592      1.4954936      6.8355385    
   6040000   0.99884194     5.7901885      1.4982136      6.8354201    
   6050000   0.99872719     5.8046261      1.4980415      6.8357294    
   6060000   0.99724279     5.8000256      1.495815       6.8330497    
   6070000   0.99327839     5.8115556      1.4898686      6.8328355    
   6080000   0.99732196     5.7922473      1.4959337      6.830205     
   6090000   1.0031884      5.8014223      1.5047332      6.8376576    
   6100000   0.9892237      5.8088033      1.4837868      6.8352151    
   6110000   1.0025108      5.803698       1.5037168      6.8297551    
   6120000   0.99676937     5.8008024      1.4951049      6.8274625    
   6130000   1.0012744      5.7933205      1.5018622      6.8306681    
   6140000   0.99725541     5.7993056      1.4958339      6.8325588    
   6150000   0.99425134     5.7808399      1.491328       6.8287361    
   6160000   0.99457587     5.7926983      1.4918147      6.8293205    
   6170000   0.99734209     5.805849       1.4959639      6.8378219    
   6180000   1.0015382      5.7960769      1.5022579      6.831839     
   6190000   1.003131       5.8005752      1.5046471      6.8345162    
   6200000   1.0010442      5.7885331      1.5015169      6.8348407    
   6210000   0.99658362     5.7812913      1.4948263      6.8304105    
   6220000   1.001326       5.7858607      1.5019396      6.8349468    
   6230000   1.0005418      5.7836245      1.5007634      6.8341714    
   6240000   1.0020454      5.783414       1.5030186      6.8275936    
   6250000   0.99227128     5.785578       1.488358       6.8323457    
   6260000   1.0013322      5.7823097      1.5019489      6.8319381    
   6270000   1.0078624      5.7919774      1.5117439      6.8382574    
   6280000   1.0064052      5.7762957      1.5095581      6.8294724    
   6290000   0.9903783      5.7854321      1.4855186      6.8409969    
   6300000   0.99916022     5.7942362      1.498691       6.8312987    
   6310000   1.0038333      5.7878183      1.5057005      6.8280504    
   6320000   1.0003537      5.7980283      1.5004812      6.8337272    
   6330000   1.0011624      5.7828333      1.5016941      6.8349306    
   6340000   1.0010644      5.7904521      1.5015472      6.8334178    
   6350000   0.99916909     5.8030164      1.4987044      6.836472     
   6360000   1.0012763      5.8087381      1.5018651      6.8486609    
   6370000   1.0008469      5.7817064      1.501221       6.8312557    
   6380000   1.0012984      5.8004424      1.5018982      6.8304609    
   6390000   1.0035749      5.7921228      1.5053129      6.8293694    
   6400000   0.99877038     5.8043926      1.4981063      6.8345441    
   6410000   0.99384375     5.8112604      1.4907166      6.8393178    
   6420000   0.99932661     5.7954986      1.4989406      6.8397005    
   6430000   1.0082339      5.7881311      1.5123012      6.8340046    
   6440000   1.0030934      5.7914136      1.5045906      6.8369228    
   6450000   1.0038479      5.7825384      1.5057223      6.8235144    
   6460000   1.0049209      5.7910687      1.5073318      6.8300882    
   6470000   1.0035685      5.8020834      1.5053033      6.8429149    
   6480000   1.0052087      5.7923059      1.5077634      6.8335377    
   6490000   0.99580908     5.7842913      1.4936645      6.8307477    
   6500000   1.0108331      5.7977614      1.5161998      6.8282057    
   6510000   0.98992151     5.7949669      1.4848334      6.8332908    
   6520000   1.0057528      5.7982561      1.5085795      6.8367412    
   6530000   1.0027352      5.7970171      1.5040533      6.8274293    
   6540000   0.99190069     5.8036979      1.4878021      6.8356931    
   6550000   0.99916024     5.8092834      1.4986911      6.840612     
   6560000   1.0002301      5.8077251      1.5002958      6.8359301    
   6570000   0.99987326     5.8009519      1.4997606      6.8340338    
   6580000   0.99676794     5.7898778      1.4951027      6.8320208    
   6590000   1.0021585      5.8150697      1.5031883      6.835963     
   6600000   1.0034484      5.8083277      1.5051232      6.840384     
   6610000   0.99982692     5.8063446      1.4996911      6.8360878    
   6620000   0.99300615     5.7826495      1.4894602      6.8278603    
   6630000   0.99267414     5.7855609      1.4889622      6.8336977    
   6640000   1.0009133      5.7939067      1.5013206      6.8409156    
   6650000   0.99678952     5.8063704      1.4951351      6.8399204    
   6660000   0.99832682     5.7975926      1.497441       6.8281748    
   6670000   1.0041892      5.7958153      1.5062343      6.8377987    
   6680000   0.9956216      5.799611       1.4933833      6.8275777    
   6690000   0.99191236     5.7952568      1.4878196      6.8259612    
   6700000   1.0030042      5.7941638      1.5044568      6.8243593    
   6710000   1.0013742      5.7849138      1.502012       6.8313324    
   6720000   0.99695219     5.7905451      1.4953791      6.832495     
   6730000   1.0026265      5.8017334      1.5038903      6.8361507    
   6740000   0.9948006      5.7953643      1.4921518      6.8312922    
   6750000   1.0002334      5.7953597      1.5003008      6.8363037    
   6760000   1.0010102      5.7885144      1.501466       6.8242149    
   6770000   0.99364146     5.7828529      1.4904132      6.8311345    
   6780000   0.99930883     5.818242       1.4989139      6.8335224    
   6790000   1.0041804      5.8102047      1.506221       6.8409578    
   6800000   0.99368529     5.8082433      1.4904789      6.8347793    
   6810000   1.004106       5.7949355      1.5061094      6.8431949    
   6820000   0.99721501     5.7870905      1.4957733      6.8295827    
   6830000   0.9984984      5.7966707      1.4976983      6.8391459    
   6840000   1.0042015      5.8052568      1.5062526      6.8400037    
   6850000   0.99767117     5.8038611      1.4964575      6.8357004    
   6860000   0.99488319     5.7972398      1.4922757      6.8332096    
   6870000   1.0027314      5.7905899      1.5040476      6.8386075    
   6880000   0.997103       5.7890275      1.4956053      6.8300176    
   6890000   1.0025514      5.7950332      1.5037777      6.8421436    
   6900000   1.0057034      5.7984607      1.5085055      6.841331     
   6910000   1.0033042      5.7918833      1.5049069      6.8397818    
   6920000   0.99350057     5.7913632      1.4902019      6.8385644    
   6930000   1.0077318      5.7976306      1.5115479      6.8354626    
   6940000   0.9983623      5.8022189      1.4974942      6.8343148    
   6950000   0.99831173     5.7867192      1.4974184      6.8357902    
   6960000   1.0018528      5.7847644      1.5027297      6.8292782    
   6970000   0.99168466     5.7919584      1.4874781      6.8302434    
   6980000   0.99715725     5.8003825      1.4956867      6.8314459    
   6990000   1.002819       5.7957401      1.504179       6.8318349    
   7000000   1.0009931      5.7903261      1.5014402      6.8376251    
   7010000   1.0019218      5.7994312      1.5028333      6.8334358    
   7020000   1.005196       5.8047619      1.5077444      6.8304697    
   7030000   1.0026751      5.8098602      1.5039633      6.8382309    
   7040000   0.99728459     5.797753       1.4958777      6.8328548    
   7050000   0.99277059     5.7864086      1.4891069      6.8315521    
   7060000   0.9980985      5.7989203      1.4970985      6.8315086    
   7070000   1.0015105      5.791115       1.5022164      6.8303706    
   7080000   1.0088702      5.8090809      1.5132555      6.8402526    
   7090000   1.0024008      5.8010103      1.5035517      6.8428161    
   7100000   0.99588782     5.8030108      1.4937826      6.8314868    
   7110000   1.0018069      5.7912205      1.502661       6.8286967    
   7120000   0.99645044     5.7937136      1.4946265      6.8262529    
   7130000   0.98963458     5.798452       1.4844031      6.8353654    
   7140000   1.002489       5.793982       1.5036841      6.8406165    
   7150000   0.9977865      5.7990302      1.4966305      6.8327035    
   7160000   0.99926762     5.7980356      1.4988521      6.8343186    
   7170000   1.0036194      5.790109       1.5053797      6.8257096    
   7180000   1.014152       5.8002844      1.5211779      6.8392293    
   7190000   1.0069484      5.8038796      1.510373       6.8340241    
   7200000   1.0005407      5.8005586      1.5007618      6.8293575    
   7210000   1.0048026      5.8156288      1.5071544      6.8479012    
   7220000   1.0057667      5.799541       1.5086004      6.836218     
   7230000   1.0081356      5.7986858      1.5121536      6.8302073    
   7240000   1.0005659      5.8029809      1.5007996      6.8359192    
   7250000   1.0014262      5.7870415      1.5020899      6.8403208    
   7260000   0.99906242     5.8051492      1.4985444      6.8329841    
   7270000   0.99204468     5.7944604      1.4880181      6.8376309    
   7280000   0.99119984     5.7968305      1.4867509      6.8353895    
   7290000   0.99986853     5.7930069      1.4997535      6.83156      
   7300000   0.9981385      5.7953456      1.4971585      6.8357736    
   7310000   1.0063305      5.7978405      1.509446       6.8308934    
   7320000   0.99553738     5.8009255      1.493257       6.8436899    
   7330000   1.0006615      5.7835996      1.5009428      6.8273087    
   7340000   0.9995835      5.7780292      1.4993259      6.8327516    
   7350000   1.0020336      5.7855998      1.5030009      6.8333548    
   7360000   0.99348423     5.787628       1.4901773      6.8370529    
   7370000   0.99479734     5.7948673      1.4921469      6.8349235    
   7380000   1.0040454      5.7981028      1.5060186      6.8318853    
   7390000   1.0030991      5.8021292      1.5045992      6.8268678    
   7400000   0.99819844     5.8006244      1.4972484      6.8360291    
   7410000   0.99825151     5.7915866      1.497328       6.8310807    
   7420000   0.99915416     5.7851362      1.4986819      6.8295041    
   7430000   0.9940639      5.7858941      1.4910468      6.8335747    
   7440000   1.0048573      5.790319       1.5072363      6.8309196    
   7450000   0.99935759     5.7924141      1.4989871      6.8326002    
   7460000   1.0059179      5.7983594      1.5088273      6.830841     
   7470000   1.0071716      5.793094       1.5107076      6.8395586    
   7480000   0.9950785      5.7782905      1.4925687      6.8355195    
   7490000   1.0035786      5.7773706      1.5053183      6.8338       
   7500000   0.99640366     5.7918294      1.4945563      6.8272103    
   7510000   1.0048334      5.7849705      1.5072006      6.8316976    
   7520000   1.0018809      5.800063       1.5027719      6.8324813    
   7530000   1.004064       5.7875115      1.5060464      6.8284707    
   7540000   0.99119599     5.8019844      1.4867451      6.8370599    
   7550000   1.0004648      5.792737       1.5006479      6.831902     
   7560000   1.0059209      5.7887586      1.5088317      6.8279501    
   7570000   1.0045279      5.804412       1.5067423      6.844115     
   7580000   0.99208602     5.8076025      1.4880801      6.8365097    
   7590000   0.99993711     5.8058251      1.4998563      6.8343202    
   7600000   0.99307717     5.8045626      1.4895668      6.836198     
   7610000   0.99766871     5.7965588      1.4964539      6.8366547    
   7620000   1.0038827      5.7722561      1.5057745      6.8292409    
   7630000   1.003054       5.7804532      1.5045316      6.8312719    
   7640000   0.99861152     5.7814541      1.497868       6.8345516    
   7650000   0.99599091     5.7821052      1.4939372      6.8283791    
   7660000   0.99282167     5.7903926      1.4891835      6.8306651    
   7670000   1.0044102      5.7775166      1.5065657      6.8293091    
   7680000   1.0006324      5.7834267      1.5008992      6.8308943    
   7690000   0.99874706     5.7878025      1.4980713      6.8299305    
   7700000   0.99903359     5.8049729      1.4985011      6.834715     
   7710000   0.98687364     5.7940149      1.4802618      6.8292857    
   7720000   1.0060303      5.7761876      1.5089959      6.8277588    
   7730000   0.99824858     5.7883157      1.4973236      6.8321675    
   7740000   0.99955451     5.7900488      1.4992825      6.8363109    
   7750000   0.99749721     5.7762192      1.4961966      6.8267827    
   7760000   1.0033881      5.7978846      1.5050326      6.8382325    
   7770000   1.0062902      5.7800363      1.5093856      6.8272314    
   7780000   1.004215       5.7876007      1.5062729      6.8316734    
   7790000   0.9908352      5.7940188      1.4862039      6.8314388    
   7800000   1.0014519      5.7826372      1.5021284      6.8344677    
   7810000   0.99601642     5.78873        1.4939755      6.8382188    
   7820000   0.98972085     5.7646504      1.4845325      6.827827     
   7830000   1.0021225      5.7891816      1.5031343      6.8319588    
   7840000   0.99645957     5.7914758      1.4946402      6.832312     
   7850000   0.99499371     5.7903116      1.4924415      6.8340402    
   7860000   0.99450723     5.7873666      1.4917118      6.8253277    
   7870000   0.99869046     5.7848703      1.4979864      6.8281999    
   7880000   0.99847443     5.7934598      1.4976624      6.8300604    
   7890000   0.99896941     5.7807319      1.4984048      6.8245423    
   7900000   0.99955641     5.7926259      1.4992853      6.8339691    
   7910000   1.0001506      5.7793029      1.5001766      6.8308212    
   7920000   1.0016455      5.793876       1.5024188      6.8382693    
   7930000   0.99873272     5.7990804      1.4980498      6.8390704    
   7940000   0.99619288     5.7898503      1.4942402      6.834862     
   7950000   0.9948658      5.7974627      1.4922496      6.8401623    
   7960000   1.0030032      5.7881355      1.5044554      6.8363801    
   7970000   1.0018167      5.7839669      1.5026756      6.8319895    
   7980000   0.99326643     5.7723498      1.4898506      6.8291462    
   7990000   0.9977853      5.7830556      1.4966287      6.8329195    
   8000000   0.99429335     5.7917753      1.491391       6.8312179    
   8010000   0.99720057     5.7925861      1.4957517      6.8342027    
   8020000   0.99961407     5.7801727      1.4993718      6.833375     
   8030000   0.99756117     5.784708       1.4962925      6.8362517    
   8040000   0.99917786     5.7783395      1.4987175      6.8357124    
   8050000   1.0054366      5.768308       1.5081054      6.8325493    
   8060000   0.9946535      5.7845414      1.4919312      6.8423626    
   8070000   0.99551566     5.775684       1.4932244      6.8351433    
   8080000   1.0050578      5.7878896      1.5075372      6.8359265    
   8090000   1.0071756      5.7821664      1.5107138      6.8356681    
   8100000   1.0040606      5.7818573      1.5060413      6.8342755    
   8110000   1.0011759      5.7817544      1.5017145      6.8294364    
   8120000   0.99392317     5.7833368      1.4908357      6.8382315    
   8130000   1.0059344      5.7813095      1.508852       6.8375768    
   8140000   1.0065657      5.7695091      1.5097989      6.8299545    
   8150000   1.0049763      5.7778742      1.5074149      6.8382571    
   8160000   1.002493       5.7804065      1.5036901      6.8295372    
   8170000   1.0073859      5.7660329      1.5110291      6.827854     
   8180000   0.98433944     5.7841839      1.4764606      6.8342609    
   8190000   1.0044952      5.7830657      1.5066933      6.8285931    
   8200000   0.98838721     5.7710964      1.4825321      6.8273648    
   8210000   1.0001654      5.7760819      1.5001988      6.8364675    
   8220000   0.99897367     5.7963905      1.4984112      6.8378266    
   8230000   0.99782157     5.7732975      1.4966831      6.8327036    
   8240000   1.0013035      5.7915031      1.5019059      6.8337967    
   8250000   0.99629219     5.7863844      1.4943891      6.834712     
   8260000   1.0004498      5.8003122      1.5006254      6.83171      
   8270000   1.0057732      5.8004949      1.5086102      6.838686     
   8280000   0.99197835     5.7782465      1.4879186      6.8302978    
   8290000   0.99377681     5.7777481      1.4906162      6.8296377    
   8300000   1.0060559      5.7845488      1.5090342      6.8271484    
   8310000   0.99545514     5.7784354      1.4931336      6.8296739    
   8320000   0.99874443     5.7642509      1.4980674      6.8270171    
   8330000   0.99783676     5.784155       1.4967059      6.8367457    
   8340000   1.0064118      5.7975596      1.5095681      6.8357014    
   8350000   1.0033434      5.790555       1.5049655      6.8394797    
   8360000   1.00101        5.7815207      1.5014656      6.8263356    
   8370000   0.99817897     5.7857351      1.4972192      6.8320024    
   8380000   1.0007783      5.7833215      1.501118       6.829657     
   8390000   0.99703076     5.7825536      1.495497       6.828906     
   8400000   1.0015405      5.7795062      1.5022614      6.8357102    
   8410000   0.9936726      5.782158       1.4904599      6.8344584    
   8420000   0.99798461     5.7775302      1.4969277      6.8318698    
   8430000   1.0023834      5.7731528      1.5035257      6.8318408    
   8440000   1.001346       5.7827501      1.5019697      6.8266004    
   8450000   0.99043442     5.7964153      1.4856028      6.8340101    
   8460000   1.0065946      5.7883884      1.5098422      6.8309872    
   8470000   0.99988498     5.787075       1.4997781      6.8361779    
   8480000   0.99475135     5.7987041      1.492078       6.8376836    
   8490000   1.0019962      5.7917605      1.5029448      6.8358553    
   8500000   1.0026402      5.7708178      1.5039108      6.8216606    
   8510000   0.99639118     5.7809211      1.4945376      6.8288641    
   8520000   1.0050041      5.7896125      1.5074566      6.8372669    
   8530000   1.0058749      5.7942088      1.5087627      6.8345003    
   8540000   1.0017746      5.7808949      1.5026125      6.8363171    
   8550000   1.0074429      5.7815245      1.5111147      6.8350854    
   8560000   1.0036796      5.7712306      1.5054698      6.8324072    
   8570000   0.99240346     5.7768309      1.4885562      6.8376988    
   8580000   1.0016429      5.7790275      1.5024149      6.8253702    
   8590000   1.0069383      5.7925998      1.5103577      6.8399735    
   8600000   0.99688038     5.7908541      1.4952714      6.8406446    
   8610000   0.99991845     5.775612       1.4998283      6.8302414    
   8620000   1.006077       5.7840587      1.5090659      6.8336498    
   8630000   0.99939414     5.7717227      1.4990419      6.8267536    
   8640000   0.99789185     5.7759045      1.4967886      6.8268838    
   8650000   1.0056498      5.7770343      1.5084252      6.8222881    
   8660000   0.99779829     5.7686364      1.4966482      6.8243669    
   8670000   1.0073817      5.7710942      1.5110228      6.8307105    
   8680000   1.0061119      5.7703814      1.5091183      6.8335311    
   8690000   1.0006247      5.7727618      1.5008877      6.8291085    
   8700000   0.99467701     5.7853014      1.4919664      6.8328993    
   8710000   0.99986283     5.7815158      1.4997449      6.8329883    
   8720000   1.0021141      5.7775948      1.5031217      6.8315115    
   8730000   0.99595026     5.7865629      1.4938763      6.8378836    
   8740000   0.99864817     5.7970083      1.497923       6.8345152    
   8750000   0.99500947     5.7886755      1.4924651      6.8306361    
   8760000   0.99612653     5.7812705      1.4941407      6.8219482    
   8770000   1.0051149      5.7746051      1.5076227      6.8319406    
   8780000   0.99064928     5.7862378      1.4859251      6.8277382    
   8790000   1.0007397      5.7761656      1.5010602      6.8272705    
   8800000   1.002551       5.7864626      1.503777       6.8368796    
   8810000   1.0007745      5.7858779      1.5011123      6.8293764    
   8820000   0.99992025     5.7879117      1.499831       6.8352073    
   8830000   0.99499212     5.7810645      1.4924391      6.8340487    
   8840000   0.98972197     5.7878848      1.4845341      6.8295892    
   8850000   1.0033594      5.7957534      1.5049896      6.8352433    
   8860000   0.99368111     5.7907285      1.4904727      6.8389515    
   8870000   1.0017216      5.7817568      1.502533       6.8294011    
   8880000   0.9944061      5.7994704      1.4915601      6.835066     
   8890000   1.0072299      5.7817985      1.5107951      6.8307274    
   8900000   0.99612602     5.7837069      1.4941399      6.8358116    
   8910000   0.99777237     5.7707294      1.4966093      6.8247497    
   8920000   0.99580216     5.7804473      1.4936541      6.8310529    
   8930000   0.99834685     5.7856077      1.497471       6.8377854    
   8940000   1.006549       5.7825998      1.5097738      6.832021     
   8950000   1.0098111      5.7776942      1.5146669      6.8273674    
   8960000   0.99470198     5.7729027      1.4920039      6.8302176    
   8970000   1.0014796      5.767149       1.50217        6.8303255    
   8980000   0.98734929     5.7780348      1.4809752      6.8336002    
   8990000   0.99490303     5.7711806      1.4923055      6.8376575    
   9000000   0.99919371     5.7881541      1.4987413      6.8423637    
   9010000   0.99592547     5.7676602      1.4938391      6.8355483    
   9020000   1.0037075      5.7699972      1.5055117      6.833932     
   9030000   1.0059346      5.775338       1.5088523      6.8370593    
   9040000   0.99531293     5.7774116      1.4929203      6.8370839    
   9050000   1.0012686      5.7805729      1.5018536      6.8323373    
   9060000   1.0056905      5.7652654      1.5084861      6.8273182    
   9070000   1.0058881      5.7790246      1.5087825      6.8380704    
   9080000   0.99656267     5.7962468      1.4947949      6.8429711    
   9090000   1.0025483      5.774354       1.5037729      6.8275315    
   9100000   1.0065146      5.7902586      1.5097222      6.8355662    
   9110000   1.0013001      5.7789228      1.5019007      6.832229     
   9120000   1.0025475      5.7857168      1.5037717      6.830921     
   9130000   0.99949156     5.7885285      1.499188       6.8303719    
   9140000   0.99386945     5.7956683      1.4907552      6.828019     
   9150000   0.99508982     5.796463       1.4925856      6.8307165    
   9160000   0.99191244     5.7807846      1.4878197      6.8305675    
   9170000   0.99558288     5.7814615      1.4933252      6.8331214    
   9180000   0.99842785     5.781026       1.4975925      6.8283071    
   9190000   1.0000525      5.7872264      1.5000294      6.8392584    
   9200000   1.0037034      5.7850321      1.5055055      6.8380311    
   9210000   1.0033852      5.7683686      1.5050283      6.8242369    
   9220000   0.99630747     5.7864683      1.4944121      6.8332115    
   9230000   1.0042731      5.7893466      1.5063602      6.8381735    
   9240000   1.0023275      5.7895186      1.5034418      6.8321963    
   9250000   0.99539644     5.7916379      1.4930456      6.8334877    
   9260000   1.0011941      5.7795768      1.5017417      6.8335941    
   9270000   0.9983346      5.7790256      1.4974527      6.8283418    
   9280000   0.99616089     5.7893334      1.4941922      6.8378778    
   9290000   0.9987049      5.7806795      1.4980081      6.8325073    
   9300000   0.99949291     5.7800577      1.4991901      6.8326768    
   9310000   0.99673499     5.7837724      1.4950533      6.8339994    
   9320000   0.99693148     5.7701045      1.495348       6.8318484    
   9330000   1.0037704      5.7735172      1.5056061      6.8342483    
   9340000   0.99742011     5.7780044      1.496081       6.8368239    
   9350000   0.99967081     5.7975455      1.4994569      6.8367886    
   9360000   0.99660127     5.7941655      1.4948527      6.8428573    
   9370000   0.99931544     5.7789791      1.4989239      6.8246939    
   9380000   1.0019659      5.7756416      1.5028995      6.8301622    
   9390000   1.0016078      5.7947286      1.5023623      6.8355356    
   9400000   0.99674761     5.7912238      1.4950722      6.8369432    
   9410000   0.99475775     5.7871158      1.4920876      6.8266033    
   9420000   1.0019292      5.7914924      1.5028444      6.8395664    
   9430000   1.0006424      5.77771        1.5009142      6.8355036    
   9440000   1.0067819      5.7873893      1.5101232      6.8356569    
   9450000   1.0026888      5.771782       1.5039838      6.8335292    
   9460000   1.0044097      5.7843084      1.506565       6.8343485    
   9470000   1.0007727      5.7675824      1.5011097      6.8322168    
   9480000   0.99843668     5.7896056      1.4976058      6.8426799    
   9490000   1.0088995      5.7968149      1.5132994      6.8329663    
   9500000   0.99590346     5.7907118      1.4938061      6.837224     
   9510000   1.004351       5.7804497      1.506477       6.8293125    
   9520000   0.99772961     5.7778024      1.4965452      6.8221792    
   9530000   0.99925635     5.7618317      1.4988352      6.826596     
   9540000   0.99793087     5.7771055      1.4968471      6.8303822    
   9550000   1.0016824      5.7753775      1.5024741      6.8322078    
   9560000   0.99267568     5.7770621      1.4889645      6.8329696    
   9570000   0.9935065      5.7838494      1.4902107      6.8374578    
   9580000   0.99939905     5.779994       1.4990493      6.8322716    
   9590000   0.99404385     5.7714368      1.4910167      6.8286822    
   9600000   0.99747179     5.7569179      1.4961585      6.8252364    
   9610000   1.001153       5.772641       1.5016802      6.8322897    
   9620000   0.99946502     5.7739975      1.4991482      6.8384089    
   9630000   0.99683083     5.7698742      1.4951971      6.8288507    
   9640000   1.0036605      5.7820425      1.5054413      6.8356234    
   9650000   0.99051156     5.7627235      1.4857185      6.8189117    
   9660000   0.99849903     5.7743965      1.4976993      6.8353576    
   9670000   0.99814441     5.7681623      1.4971674      6.82669      
   9680000   1.0007907      5.7901826      1.5011367      6.8415388    
   9690000   1.0025956      5.7765622      1.5038439      6.8318669    
   9700000   0.99515877     5.776642       1.4926891      6.8314542    
   9710000   0.99856609     5.7755846      1.4977999      6.8359695    
   9720000   1.0092553      5.7819768      1.5138332      6.832654     
   9730000   0.99938426     5.7971321      1.4990271      6.842726     
   9740000   0.99554644     5.7839277      1.4932705      6.8346826    
   9750000   1.0021162      5.7720708      1.5031249      6.8265814    
   9760000   1.0044517      5.7794885      1.506628       6.8255936    
   9770000   1.0046285      5.7697149      1.5068932      6.8289734    
   9780000   0.99567844     5.7849063      1.4934685      6.8340138    
   9790000   0.99382187     5.7894978      1.4906838      6.8406775    
   9800000   1.003315       5.7785069      1.5049231      6.8356784    
   9810000   1.0014708      5.7709373      1.5021568      6.8341953    
   9820000   0.99726205     5.7847363      1.4958439      6.8318424    
   9830000   1.003818       5.7970808      1.5056775      6.8366711    
   9840000   1.0012236      5.7738183      1.5017861      6.8304015    
   9850000   0.99273433     5.76794        1.4890525      6.8271171    
   9860000   0.99938397     5.7783896      1.4990267      6.8320026    
   9870000   0.99977799     5.7609634      1.4996177      6.8256594    
   9880000   0.99700161     5.764983       1.4954532      6.8343211    
   9890000   0.99883432     5.7607525      1.4982022      6.8285582    
   9900000   0.99646351     5.7662081      1.4946461      6.8355811    
   9910000   1.008524       5.7632157      1.5127363      6.8291698    
   9920000   1.0018455      5.760315       1.5027188      6.829302     
   9930000   0.99798809     5.7665115      1.4969329      6.8296192    
   9940000   0.99920728     5.7820245      1.4987616      6.8339521    
   9950000   1.0012448      5.7598076      1.5018179      6.8316682    
   9960000   0.99337682     5.7620478      1.4900162      6.83113      
   9970000   1.0052875      5.7814897      1.5078816      6.8385772    
   9980000   0.99765188     5.7731742      1.4964286      6.8355807    
   9990000   1.0028409      5.7650099      1.5042119      6.836973     
  10000000   0.99831288     5.7912904      1.4974201      6.8440953    
  10010000   1.0048361      5.7784854      1.5072045      6.8360742    
  10020000   0.98766439     5.7677383      1.4814479      6.8231422    
  10030000   1.0080463      5.7842062      1.5120197      6.8373565    
  10040000   1.0015237      5.777831       1.5022362      6.8399645    
  10050000   0.99628995     5.7700715      1.4943858      6.8335867    
  10060000   0.99937458     5.7686147      1.4990126      6.8343598    
  10070000   0.99603291     5.7738674      1.4940002      6.8301277    
  10080000   0.99741912     5.7712282      1.4960795      6.8326525    
  10090000   0.99457195     5.7889968      1.4918089      6.8433953    
  10100000   0.99200521     5.7724691      1.4879589      6.830084     
  10110000   1.0110802      5.7766231      1.5165704      6.8405051    
  10120000   0.99334495     5.7536394      1.4899684      6.8322067    
  10130000   1.0043753      5.7628037      1.5065134      6.8314406    
  10140000   0.99467699     5.7730225      1.4919664      6.829996     
  10150000   1.0006144      5.7722062      1.5008722      6.8366969    
  10160000   1.0035084      5.7678732      1.505213       6.8301947    
  10170000   1.0010866      5.7569621      1.5015805      6.82677      
  10180000   0.99067941     5.7597687      1.4859702      6.8408503    
  10190000   1.0047329      5.7540717      1.5070497      6.8293951    
  10200000   1.0000514      5.7615726      1.5000278      6.8307969    
  10210000   1.0103907      5.7727269      1.5155362      6.8337006    
  10220000   1.007066       5.7528262      1.5105494      6.8275517    
  10230000   0.99735822     5.7713038      1.4959881      6.8371384    
  10240000   0.99952391     5.7695048      1.4992366      6.82956      
  10250000   1.0025739      5.7627592      1.5038113      6.8321235    
  10260000   1.0047434      5.7590638      1.5070655      6.8334309    
  10270000   1.0030124      5.7847206      1.5044691      6.8360851    
  10280000   0.99945659     5.7705607      1.4991356      6.8317225    
  10290000   1.0056271      5.7764662      1.5083911      6.839747     
  10300000   1.0045442      5.7663204      1.5067668      6.8278736    
  10310000   0.99610164     5.7605259      1.4941033      6.8304875    
  10320000   1.0043817      5.7656431      1.5065231      6.8241564    
  10330000   1.0011831      5.776242       1.5017253      6.8325646    
  10340000   1.0002826      5.768288       1.5003745      6.8349939    
  10350000   0.99958392     5.7595009      1.4993266      6.8325113    
  10360000   1.0014022      5.7688948      1.502054       6.8345062    
  10370000   1.0006582      5.7796093      1.5009379      6.8366323    
  10380000   1.0035286      5.7746101      1.5052433      6.840372     
  10390000   1.0081969      5.7676316      1.5122457      6.8262298    
  10400000   0.99778697     5.7772979      1.4966312      6.829101     
  10410000   0.99824165     5.7744235      1.4973132      6.8287242    
  10420000   1.0017644      5.7836511      1.5025971      6.8371902    
  10430000   0.99583656     5.7737306      1.4937057      6.8291436    
  10440000   0.99198333     5.7681947      1.4879261      6.8302609    
  10450000   0.99776588     5.7738433      1.4965996      6.832037     
  10460000   1.0027093      5.7920126      1.5040144      6.8425111    
  10470000   0.99965254     5.7640332      1.4994295      6.8302636    
  10480000   1.0011392      5.7785585      1.5016594      6.8359211    
  10490000   0.99100891     5.7578491      1.4864645      6.8298634    
  10500000   0.98972185     5.760324       1.484534       6.8324346    
  10510000   0.99932563     5.7651843      1.4989392      6.8340417    
  10520000   1.0011622      5.7620581      1.5016939      6.8249694    
  10530000   0.9997288      5.7740494      1.4995439      6.8371342    
  10540000   0.99594082     5.759754       1.4938621      6.8267684    
  10550000   1.0018111      5.761511       1.5026672      6.8269961    
  10560000   0.99856089     5.7819867      1.4977921      6.8403362    
  10570000   0.9975526      5.7729486      1.4962797      6.8364489    
  10580000   1.0042372      5.771022       1.5063062      6.830586     
  10590000   1.0032353      5.7747165      1.5048034      6.8393844    
  10600000   0.99242849     5.7634327      1.4885938      6.8317875    
  10610000   1.0052786      5.7747715      1.5078682      6.8354136    
  10620000   0.99728508     5.7802192      1.4958784      6.8407145    
  10630000   1.0031371      5.7608562      1.5046562      6.8246715    
  10640000   1.0022779      5.7565683      1.5033674      6.8289582    
  10650000   1.0017157      5.7707179      1.5025241      6.8288725    
  10660000   0.99128743     5.768374       1.4868822      6.8292427    
  10670000   0.9981323      5.7719328      1.4971492      6.8346041    
  10680000   1.0024755      5.7637677      1.5036638      6.8306232    
  10690000   1.0021231      5.7685273      1.5031352      6.8321136    
  10700000   0.99760471     5.7532599      1.4963579      6.8285928    
  10710000   0.99502734     5.7597543      1.4924919      6.8354904    
  10720000   0.99341383     5.7603191      1.4900717      6.8347248    
  10730000   1.0027925      5.7485994      1.5041392      6.8276662    
  10740000   1.0020835      5.7588404      1.5030758      6.8306301    
  10750000   1.0042333      5.7578224      1.5063004      6.8274342    
  10760000   1.0049173      5.7623515      1.5073264      6.8306542    
  10770000   1.0070935      5.7688599      1.5105906      6.8334824    
  10780000   0.99913009     5.7641358      1.4986458      6.8278821    
  10790000   0.99720295     5.766412       1.4957552      6.8351198    
  10800000   0.99085814     5.7570009      1.4862383      6.8298828    
  10810000   1.0048253      5.7666625      1.5071884      6.8362053    
  10820000   0.99796289     5.755515       1.4968951      6.8332155    
  10830000   1.0077565      5.7533578      1.511585       6.8303525    
  10840000   1.0014061      5.7594922      1.5020598      6.8318566    
  10850000   0.99933796     5.7510591      1.4989576      6.8339921    
  10860000   0.99320131     5.7523758      1.489753       6.8302287    
  10870000   1.0035103      5.7668962      1.5052159      6.83949      
  10880000   1.008815       5.7619885      1.5131728      6.82627      
  10890000   1.0010214      5.7613817      1.5014828      6.827666     
  10900000   0.99958578     5.7735859      1.4993294      6.834152     
  10910000   1.0032303      5.7679527      1.5047959      6.8377465    
  10920000   1.0040982      5.7647525      1.5060977      6.8340914    
  10930000   0.99558903     5.7625301      1.4933344      6.8354809    
  10940000   1.0016591      5.7736681      1.5024393      6.8368874    
  10950000   0.98403535     5.775898       1.4760045      6.833108     
  10960000   1.0057071      5.7870664      1.5085111      6.8383409    
  10970000   1.0007828      5.768738       1.5011248      6.8334444    
  10980000   1.0034953      5.7721379      1.5051935      6.8344888    
  10990000   1.0020041      5.7606824      1.5029567      6.8267676    
  11000000   1.0031098      5.7721635      1.5046151      6.832823     
  11010000   0.99998135     5.7752742      1.4999227      6.838803     
  11020000   1.0008007      5.7657428      1.5011517      6.8299586    
  11030000   0.99666723     5.7735945      1.4949517      6.8268053    
  11040000   1.0014829      5.7599999      1.502175       6.8317471    
  11050000   1.0046627      5.7673164      1.5069445      6.8333384    
  11060000   0.99847691     5.7751769      1.4976661      6.8275916    
  11070000   1.0032585      5.755585       1.5048382      6.8246221    
  11080000   0.99764021     5.7846754      1.4964111      6.8376439    
  11090000   1.0046695      5.7699373      1.5069548      6.830991     
  11100000   1.0058194      5.775897       1.5086794      6.8318125    
  11110000   0.99356397     5.7537378      1.4902969      6.8296219    
  11120000   0.99610684     5.7531835      1.4941111      6.8279828    
  11130000   1.0023829      5.7521906      1.5035249      6.8336998    
  11140000   0.99854162     5.7561618      1.4977632      6.8293934    
  11150000   0.99928208     5.7684753      1.4988738      6.8432514    
  11160000   0.99708319     5.7661098      1.4955756      6.8302106    
  11170000   0.99784347     5.7559475      1.496716       6.8244821    
  11180000   1.0082644      5.7593894      1.5123469      6.8277465    
  11190000   0.99314258     5.7844459      1.4896649      6.8381947    
  11200000   0.99979997     5.765477       1.4996506      6.835381     
  11210000   1.0095572      5.7678876      1.514286       6.8245266    
  11220000   1.0053084      5.784946       1.5079131      6.834443     
  11230000   1.0041915      5.7617528      1.5062377      6.8255629    
  11240000   1.0001073      5.7751344      1.5001116      6.8332333    
  11250000   1.0022072      5.760769       1.5032614      6.8278284    
  11260000   0.99523527     5.7729282      1.4928038      6.830161     
  11270000   1.0071098      5.7786646      1.5106151      6.8332062    
  11280000   0.99818013     5.7610887      1.497221       6.8269524    
  11290000   1.006089       5.7782624      1.5090839      6.8319332    
  11300000   1.0047853      5.7697888      1.5071284      6.8305634    
  11310000   0.99830238     5.7773674      1.4974043      6.8319806    
  11320000   0.99423267     5.7638985      1.4913         6.8338864    
  11330000   1.0085722      5.7691699      1.5128086      6.832655     
  11340000   0.99416542     5.7866186      1.4911991      6.8363709    
  11350000   0.99999211     5.76243        1.4999388      6.8259898    
  11360000   1.0062119      5.7533641      1.5092682      6.8216115    
  11370000   1.0003994      5.7712221      1.5005497      6.8381878    
  11380000   1.0042011      5.7682025      1.5062522      6.8256595    
  11390000   1.0054343      5.776625       1.5081018      6.8439328    
  11400000   1.0048034      5.7749161      1.5071555      6.845058     
  11410000   1.0007494      5.7696939      1.5010748      6.8297109    
  11420000   0.98967843     5.774734       1.4844688      6.8360721    
  11430000   0.99666072     5.7810768      1.4949419      6.833132     
  11440000   1.0079783      5.779759       1.5119177      6.8374913    
  11450000   1.0059174      5.7780626      1.5088265      6.8334228    
  11460000   0.9978344      5.784589       1.4967024      6.8305539    
  11470000   0.99350744     5.7801653      1.4902122      6.8354294    
  11480000   0.99811346     5.794123       1.497121       6.8393816    
  11490000   0.99750382     5.7768886      1.4962065      6.8325664    
  11500000   1.0036611      5.7957425      1.5054421      6.8418263    
  11510000   0.99948041     5.7984916      1.4991713      6.8343027    
  11520000   0.9993496      5.7876742      1.4989751      6.8325707    
  11530000   1.001519       5.775907       1.5022291      6.8304258    
  11540000   0.99993561     5.7882407      1.4998541      6.8361538    
  11550000   0.99828676     5.7677345      1.4973809      6.8325212    
  11560000   0.99382034     5.7719648      1.4906815      6.8310262    
  11570000   0.99841453     5.7658112      1.4975725      6.8309627    
  11580000   0.9992446      5.7629141      1.4988176      6.8366984    
  11590000   0.99731065     5.7627253      1.4959168      6.831227     
  11600000   0.99459488     5.773489       1.4918433      6.8314459    
  11610000   1.0009474      5.7634344      1.5013718      6.8257766    
  11620000   1.0069872      5.7803347      1.5104312      6.8337512    
  11630000   1.0097312      5.7768482      1.514547       6.8425749    
  11640000   1.0097535      5.7735344      1.5145804      6.8278878    
  11650000   1.0033097      5.7724561      1.5049151      6.826861     
  11660000   1.0076643      5.7671188      1.5114467      6.831797     
  11670000   0.99220757     5.7821921      1.4882624      6.8392039    
  11680000   0.99428959     5.7739263      1.4913853      6.8331036    
  11690000   1.0048829      5.7733527      1.5072748      6.8380257    
  11700000   1.0052322      5.7538815      1.5077987      6.8322598    
  11710000   1.0050749      5.7688698      1.5075628      6.8355547    
  11720000   0.99269659     5.7650342      1.4889959      6.8289951    
  11730000   0.99763598     5.7644053      1.4964048      6.8301623    
  11740000   1.0032212      5.7714825      1.5047823      6.8381119    
  11750000   1.0014544      5.756044       1.5021322      6.8315271    
  11760000   0.99952645     5.7687326      1.4992404      6.8333266    
  11770000   0.99632748     5.7708382      1.4944421      6.8354835    
  11780000   1.0010116      5.7687522      1.501468       6.8307216    
  11790000   0.9977537      5.7679448      1.4965813      6.836553     
  11800000   1.0032113      5.7610758      1.5047675      6.834573     
  11810000   0.99747882     5.768419       1.496169       6.8358419    
  11820000   0.99820322     5.7616106      1.4972556      6.835065     
  11830000   0.99691463     5.7597452      1.4953228      6.8316901    
  11840000   1.0002178      5.7647091      1.5002773      6.8287479    
  11850000   0.99848163     5.7772339      1.4976732      6.8333312    
  11860000   0.99946115     5.7777001      1.4991424      6.8333448    
  11870000   1.0021055      5.7731632      1.5031088      6.8371338    
  11880000   1.0005182      5.7748231      1.5007279      6.8339129    
  11890000   1.0009833      5.7863459      1.5014255      6.8385081    
  11900000   0.9968533      5.7763981      1.4952308      6.8404216    
  11910000   1.0002458      5.7802399      1.5003194      6.8352854    
  11920000   1.0035757      5.7805324      1.505314       6.8336464    
  11930000   1.0022149      5.7775509      1.5032729      6.827056     
  11940000   0.99116184     5.7601846      1.4866939      6.8281095    
  11950000   0.99835798     5.7620348      1.4974877      6.8303708    
  11960000   1.0010429      5.7672267      1.501515       6.8335724    
  11970000   0.99578893     5.7569215      1.4936343      6.8326239    
  11980000   0.99718358     5.7750453      1.4957262      6.8336419    
  11990000   0.99772098     5.7748803      1.4965323      6.8314024    
  12000000   0.99506186     5.7694006      1.4925437      6.8265856    
  12010000   1.0045713      5.7713388      1.5068074      6.8296676    
  12020000   0.99331135     5.7852015      1.489918       6.8385118    
  12030000   0.99052053     5.7611933      1.4857319      6.8285499    
  12040000   1.0005978      5.7768899      1.5008473      6.8334385    
  12050000   1.0055369      5.7756995      1.5082557      6.8363385    
  12060000   0.9960644      5.7781288      1.4940475      6.8352117    
  12070000   0.99615516     5.777834       1.4941836      6.8294722    
  12080000   0.99715016     5.7812858      1.4956761      6.8293979    
  12090000   1.0075895      5.7792482      1.5113345      6.8312572    
  12100000   1.002641       5.7740339      1.503912       6.8366246    
  12110000   0.99975659     5.78091        1.4995856      6.832642     
  12120000   1.0054739      5.7806143      1.5081612      6.8422978    
  12130000   1.0122132      5.7791269      1.5182699      6.8292498    
  12140000   0.99588498     5.7728491      1.4937783      6.8312062    
  12150000   0.99669651     5.7802974      1.4949956      6.8364148    
  12160000   0.99485848     5.781956       1.4922386      6.8343318    
  12170000   0.99237073     5.781711       1.4885071      6.8374832    
  12180000   1.0022421      5.7732345      1.5033137      6.836151     
  12190000   1.0017704      5.7632656      1.5026062      6.8274662    
  12200000   0.99585056     5.7690928      1.4937267      6.8320252    
  12210000   1.0038752      5.7580995      1.5057633      6.8289005    
  12220000   0.99619724     5.7772455      1.4942467      6.8372875    
  12230000   1.0021505      5.766148       1.5031763      6.8293434    
  12240000   0.99702519     5.7775698      1.4954886      6.8337716    
  12250000   1.000941       5.772185       1.5013621      6.8337168    
  12260000   0.99886919     5.7802799      1.4982545      6.8334274    
  12270000   1.0006293      5.7899981      1.5008946      6.8328758    
  12280000   0.99973932     5.7893147      1.4995597      6.834036     
  12290000   0.99841929     5.786031       1.4975797      6.8331074    
  12300000   0.99926294     5.774672       1.4988451      6.8344055    
  12310000   0.99397937     5.7799157      1.49092        6.8346124    
  12320000   1.0041191      5.7705658      1.5061291      6.8308906    
  12330000   0.99602963     5.7641227      1.4939953      6.8284184    
  12340000   1.0008845      5.7763511      1.5012774      6.8362423    
  12350000   0.99944235     5.7870035      1.4991142      6.8391397    
  12360000   1.004592       5.780517       1.5068385      6.8357602    
  12370000   0.99933513     5.7814722      1.4989534      6.8357277    
  12380000   0.99973339     5.7745108      1.4995508      6.835007     
  12390000   1.0031042      5.778702       1.5046068      6.8311277    
  12400000   0.99828598     5.7595111      1.4973797      6.8295787    
  12410000   1.0023258      5.7660853      1.5034393      6.8245449    
  12420000   1.0001235      5.7722974      1.5001359      6.8261756    
  12430000   0.99538887     5.76598        1.4930342      6.8250023    
  12440000   1.0102028      5.7800954      1.5152544      6.8291317    
  12450000   1.0043574      5.7864345      1.5064865      6.8351342    
  12460000   1.0053564      5.7698748      1.507985       6.8340797    
  12470000   1.0000773      5.7615834      1.5000667      6.8245041    
  12480000   0.99520196     5.7872726      1.4927538      6.8342184    
  12490000   1.0047107      5.78389        1.5070164      6.8307242    
  12500000   1.0107107      5.7887858      1.5160162      6.8366756    
  12510000   0.99992821     5.8055081      1.499843       6.835239     
  12520000   1.0009399      5.7911624      1.5013604      6.827243     
  12530000   0.99547949     5.780628       1.4931701      6.8347198    
  12540000   0.9979718      5.7793987      1.4969085      6.8333194    
  12550000   1.0002461      5.7726203      1.5003198      6.8260227    
  12560000   1.0000525      5.7705084      1.5000295      6.8275753    
  12570000   0.99687657     5.778096       1.4952657      6.8341423    
  12580000   1.0035489      5.764353       1.5052739      6.8225597    
  12590000   1.0067596      5.7687598      1.5100897      6.839259     
  12600000   0.99636922     5.7760011      1.4945047      6.8276997    
  12610000   1.008656       5.7731386      1.5129342      6.8329934    
  12620000   0.99987346     5.7803309      1.4997609      6.8327827    
  12630000   0.99627908     5.7790115      1.4943695      6.8437187    
  12640000   0.99331117     5.7798633      1.4899178      6.8322788    
  12650000   1.001907       5.7899038      1.5028111      6.8349041    
  12660000   0.99654958     5.7967527      1.4947752      6.8380408    
  12670000   1.0029764      5.7896234      1.5044151      6.8359671    
  12680000   1.0026955      5.7791061      1.5039939      6.8293003    
  12690000   0.99821824     5.7937687      1.4972781      6.8376048    
  12700000   0.99754709     5.7902689      1.4962714      6.8336631    
  12710000   0.98842344     5.7730129      1.4825864      6.8280032    
  12720000   1.0034765      5.7795288      1.5051652      6.8373471    
  12730000   1.0007753      5.7901379      1.5011136      6.836099     
  12740000   1.007607       5.7795082      1.5113608      6.8328694    
  12750000   1.0038071      5.7709858      1.5056612      6.8287432    
  12760000   1.0006917      5.7701974      1.5009882      6.8309251    
  12770000   1.001398       5.7685348      1.5020476      6.8343417    
  12780000   1.0029616      5.7782538      1.504393       6.8371238    
  12790000   1.0007207      5.7612464      1.5010317      6.8328293    
  12800000   0.99628256     5.7660657      1.4943747      6.8254663    
  12810000   1.0103733      5.7751286      1.51551        6.8307729    
  12820000   0.99855569     5.7830499      1.4977843      6.8327741    
  12830000   1.0003103      5.7823103      1.5004161      6.8305583    
  12840000   0.99934501     5.7748634      1.4989682      6.8349372    
  12850000   0.99526663     5.7786121      1.4928509      6.8364056    
  12860000   1.0022237      5.7718264      1.5032862      6.8398423    
  12870000   1.0002527      5.7666366      1.5003298      6.8329022    
  12880000   1.0028771      5.7591427      1.5042662      6.8307296    
  12890000   0.99364283     5.7711616      1.4904152      6.8321561    
  12900000   0.99879153     5.7603377      1.498138       6.8355663    
  12910000   0.99672105     5.7649723      1.4950324      6.8282627    
  12920000   1.0048723      5.763616       1.5072588      6.8341584    
  12930000   1.0011098      5.7726211      1.5016154      6.8357621    
  12940000   1.0055766      5.7678471      1.5083152      6.8300916    
  12950000   0.99368791     5.7591451      1.4904829      6.8331338    
  12960000   1.0005202      5.768873       1.500731       6.8249294    
  12970000   1.003278       5.7671495      1.5048675      6.8257567    
  12980000   0.99573835     5.7650449      1.4935584      6.8299506    
  12990000   1.0047412      5.7790776      1.5070623      6.8391712    
  13000000   1.0022924      5.7810307      1.5033891      6.8329411    
  13010000   1.0021599      5.7816087      1.5031905      6.8322851    
  13020000   1.0028393      5.7635999      1.5042094      6.8250714    
  13030000   1.0033701      5.7859732      1.5050057      6.8361693    
  13040000   1.0068012      5.7766916      1.5101521      6.8305866    
  13050000   1.0018025      5.7826915      1.5026543      6.8332026    
  13060000   0.99536021     5.7618789      1.4929912      6.8337845    
  13070000   0.9994165      5.7680841      1.4990755      6.8363896    
  13080000   1.0003967      5.7551281      1.5005456      6.8268332    
  13090000   1.00078        5.7781838      1.5011206      6.8307859    
  13100000   0.99313226     5.7795261      1.4896494      6.8321846    
  13110000   0.99743346     5.7895416      1.496101       6.837597     
  13120000   1.0076528      5.790712       1.5114295      6.8402884    
  13130000   1.0008594      5.7672092      1.5012397      6.8343605    
  13140000   1.0008135      5.769049       1.5011709      6.8264477    
  13150000   0.99585016     5.7813069      1.4937261      6.8336516    
  13160000   1.0054728      5.7733529      1.5081596      6.8330771    
  13170000   0.99479797     5.7814016      1.4921479      6.8374578    
  13180000   1.0003313      5.7768909      1.5004476      6.8316333    
  13190000   1.0053313      5.7655011      1.5079473      6.8304988    
  13200000   1.0010142      5.7798906      1.5014719      6.8385498    
  13210000   1.0043684      5.775277       1.5065031      6.8359203    
  13220000   0.99765505     5.7716932      1.4964334      6.8310676    
  13230000   0.99833207     5.7635764      1.4974489      6.8273129    
  13240000   1.0012011      5.7677308      1.5017523      6.8305887    
  13250000   0.99855291     5.7761243      1.4977801      6.8400233    
  13260000   1.0045711      5.7573188      1.5068071      6.8290777    
  13270000   0.9993281      5.7675976      1.4989429      6.826183     
  13280000   1.0001778      5.7591552      1.5002174      6.835369     
  13290000   1.0045082      5.7721135      1.5067128      6.8328088    
  13300000   0.99328354     5.760564       1.4898763      6.8309971    
  13310000   1.0119224      5.7809835      1.5178336      6.8410069    
  13320000   1.0095543      5.7626635      1.5142816      6.8309515    
  13330000   0.99830792     5.7706875      1.4974126      6.8358085    
  13340000   1.007542       5.7743734      1.5112634      6.8396486    
  13350000   0.99038054     5.7631961      1.4855219      6.8319864    
  13360000   0.9989081      5.760797       1.4983129      6.8328711    
  13370000   1.0050364      5.7643928      1.507505       6.8355847    
  13380000   0.99898121     5.7689956      1.4984225      6.8349383    
  13390000   1.0020967      5.7569         1.5030956      6.8275632    
  13400000   1.0022546      5.7748332      1.5033325      6.8285731    
  13410000   1.0016543      5.7657833      1.5024321      6.8352607    
  13420000   0.99693815     5.7629598      1.495358       6.8320454    
  13430000   0.99569431     5.7696173      1.4934923      6.8300123    
  13440000   0.99454269     5.7662377      1.491765       6.8241792    
  13450000   0.99037419     5.7693775      1.4855124      6.8309581    
  13460000   1.0015135      5.7809499      1.5022208      6.8296278    
  13470000   1.0009448      5.7627505      1.5013678      6.8277786    
  13480000   0.99869859     5.7614774      1.4979986      6.8356614    
  13490000   1.000426       5.7716741      1.5005896      6.8367387    
  13500000   1.0050483      5.7817104      1.5075229      6.8314873    
  13510000   0.99714869     5.7665256      1.4956739      6.8326096    
  13520000   0.99940961     5.7655874      1.4990651      6.838306     
  13530000   1.0000952      5.7748099      1.5000935      6.8398885    
  13540000   1.0026034      5.7536202      1.5038557      6.8259446    
  13550000   1.0021898      5.7668065      1.5032353      6.832382     
  13560000   0.99560464     5.7485538      1.4933578      6.8305762    
  13570000   0.99983733     5.7633947      1.4997067      6.8349335    
  13580000   0.99572858     5.7579906      1.4935438      6.8328356    
  13590000   1.0024062      5.7556385      1.5035598      6.8345794    
  13600000   1.0109287      5.7479712      1.5163431      6.8301104    
  13610000   1.004077       5.7444107      1.5060659      6.8392521    
  13620000   1.007341       5.7587675      1.5109618      6.8309454    
  13630000   1.0015404      5.7676963      1.5022613      6.8268474    
  13640000   0.99566957     5.7735288      1.4934552      6.8390726    
  13650000   0.99816276     5.7566541      1.4971949      6.8276746    
  13660000   1.0011979      5.757637       1.5017474      6.8337389    
  13670000   0.99931242     5.7666705      1.4989193      6.8315999    
  13680000   0.99546416     5.76447        1.4931471      6.8297586    
  13690000   0.99562114     5.7621038      1.4933826      6.8289551    
  13700000   1.0031307      5.7552117      1.5046466      6.827085     
  13710000   0.99808726     5.7602626      1.4970817      6.8350269    
  13720000   0.99653135     5.748216       1.4947479      6.8322552    
  13730000   1.0019681      5.7522396      1.5029027      6.8316144    
  13740000   1.0136421      5.7677782      1.5204131      6.8396465    
  13750000   1.0033422      5.7621335      1.5049638      6.8279685    
  13760000   1.0022036      5.7640828      1.503256       6.8363057    
  13770000   0.99338636     5.7565112      1.4900305      6.8301873    
  13780000   1.0009033      5.7573527      1.5013056      6.8331761    
  13790000   0.99659068     5.7585765      1.4948369      6.8299405    
  13800000   0.99860691     5.7788521      1.4978611      6.8402242    
  13810000   1.0045462      5.7649788      1.5067697      6.8311427    
  13820000   1.0030604      5.7605821      1.5045412      6.832821     
  13830000   1.0051447      5.7639364      1.5076674      6.8339417    
  13840000   1.0085145      5.764427       1.5127219      6.8365999    
  13850000   0.99830499     5.7677021      1.4974082      6.8307398    
  13860000   0.99573587     5.7686752      1.4935547      6.8373135    
  13870000   1.0047856      5.7497578      1.5071289      6.8185922    
  13880000   0.99437987     5.7476033      1.4915207      6.8307076    
  13890000   1.0049142      5.7747674      1.5073217      6.8458058    
  13900000   1.0054257      5.7796169      1.5080889      6.8420975    
  13910000   1.0068267      5.7863813      1.5101904      6.8376575    
  13920000   1.006455       5.7746448      1.5096329      6.8376263    
  13930000   1.0064719      5.7646984      1.5096582      6.8297514    
  13940000   1.0005401      5.7636325      1.5007608      6.8237845    
  13950000   1.0003686      5.7595872      1.5005035      6.8295816    
  13960000   1.0008075      5.7679102      1.5011619      6.8383664    
  13970000   1.0016702      5.7733046      1.5024558      6.8339102    
  13980000   1.0004637      5.7737675      1.5006462      6.8291098    
  13990000   0.9996119      5.7581438      1.4993685      6.830395     
  14000000   0.99423011     5.7515028      1.4912961      6.8246483    
  14010000   0.99246063     5.7565426      1.488642       6.82885      
  14020000   1.0040848      5.7638122      1.5060777      6.8333226    
  14030000   0.98545427     5.7625075      1.4781328      6.8317108    
  14040000   1.0017363      5.7739849      1.502555       6.8352821    
  14050000   0.99615351     5.7782281      1.4941811      6.8334271    
  14060000   1.00261        5.7728724      1.5038655      6.8379104    
  14070000   0.99963235     5.7580503      1.4993992      6.8258121    
  14080000   1.0018311      5.7783951      1.5026973      6.831873     
  14090000   1.0059084      5.7716062      1.508813       6.8283507    
  14100000   0.99726947     5.7714062      1.495855       6.8381471    
  14110000   1.0014303      5.7731529      1.5020961      6.8311165    
  14120000   1.001949       5.7632808      1.5028741      6.8277727    
  14130000   0.99781947     5.7749398      1.49668        6.8327482    
  14140000   1.0078371      5.7462662      1.511706       6.8202597    
  14150000   1.0033181      5.7527595      1.5049276      6.8266752    
  14160000   0.99485531     5.780645       1.4922339      6.82894      
  14170000   0.99562105     5.7697288      1.4933825      6.8345119    
  14180000   0.99862265     5.7692167      1.4978847      6.8284703    
  14190000   1.0040993      5.7747752      1.5060994      6.8378496    
  14200000   1.0050546      5.7702127      1.5075324      6.8298645    
  14210000   0.99801153     5.7642887      1.4969681      6.833527     
  14220000   1.0040428      5.7476706      1.5060147      6.825763     
  14230000   0.99965669     5.7662652      1.4994357      6.8285896    
  14240000   1.0010666      5.7501401      1.5015505      6.8238624    
  14250000   0.99996149     5.7567984      1.4998929      6.82914      
  14260000   1.0082849      5.7577735      1.5123776      6.8291408    
  14270000   1.0068817      5.7650765      1.5102729      6.8353306    
  14280000   1.0073282      5.7710716      1.5109426      6.833743     
  14290000   1.0044487      5.758765       1.5066236      6.8272148    
  14300000   0.99696187     5.7578151      1.4953936      6.8309085    
  14310000   0.99372208     5.7672203      1.4905341      6.8281361    
  14320000   1.0049085      5.7709339      1.5073131      6.8341815    
  14330000   0.99870095     5.7658223      1.4980022      6.8329129    
  14340000   1.0015024      5.7524287      1.5022042      6.8325073    
  14350000   0.9946122      5.7626696      1.4918692      6.8287472    
  14360000   0.99323801     5.7633488      1.489808       6.8286613    
  14370000   0.99563066     5.7627126      1.4933969      6.8355629    
  14380000   0.99444806     5.7518238      1.491623       6.8316822    
  14390000   1.0003575      5.7509032      1.5004869      6.8363878    
  14400000   1.0005779      5.755703       1.5008175      6.8365986    
  14410000   0.99988185     5.7564928      1.4997735      6.841575     
  14420000   1.0080464      5.7681018      1.5120198      6.8354215    
  14430000   0.99746869     5.765214       1.4961538      6.8358936    
  14440000   1.0028584      5.7728389      1.5042382      6.8387837    
  14450000   0.99870986     5.7599155      1.4980155      6.8356957    
  14460000   0.99893214     5.7692453      1.4983489      6.8370103    
  14470000   1.0007601      5.7630565      1.5010908      6.8424127    
  14480000   0.99257849     5.7694522      1.4888188      6.8320878    
  14490000   0.99939162     5.7617099      1.4990381      6.8355004    
  14500000   0.99623222     5.757588       1.4942992      6.8344125    
  14510000   1.0162792      5.7542786      1.5243687      6.8258106    
  14520000   1.0022922      5.7550836      1.5033889      6.8349271    
  14530000   1.0068357      5.7572239      1.5102038      6.8358993    
  14540000   0.99614495     5.7625847      1.4941683      6.8354403    
  14550000   0.99914024     5.755527       1.4986611      6.8301477    
  14560000   0.99474511     5.7484542      1.4920686      6.8383298    
  14570000   1.0088833      5.7482703      1.5132752      6.8303269    
  14580000   1.006363       5.7639128      1.5094949      6.8326321    
  14590000   0.9969081      5.7689448      1.495313       6.8437358    
  14600000   1.003345       5.7673688      1.504968       6.839883     
  14610000   1.0054508      5.7619648      1.5081266      6.834985     
  14620000   1.0044924      5.7632213      1.5066891      6.8280325    
  14630000   0.99632383     5.7681038      1.4944366      6.8345205    
  14640000   1.0081054      5.7770107      1.5121083      6.8334396    
  14650000   1.0031472      5.7593366      1.5046713      6.8390771    
  14660000   0.99677983     5.7627799      1.4951206      6.8379591    
  14670000   0.99524453     5.7547053      1.4928177      6.8262362    
  14680000   0.99817421     5.7591813      1.4972121      6.833908     
  14690000   1.0027376      5.7562493      1.5040569      6.835992     
  14700000   0.99434164     5.7519465      1.4914634      6.835701     
  14710000   0.994188       5.7589432      1.491233       6.8388027    
  14720000   0.99821292     5.749518       1.4972701      6.8320609    
  14730000   1.0041523      5.7588234      1.506179       6.8384263    
  14740000   0.99980191     5.7554649      1.4996535      6.8357381    
  14750000   1.0025949      5.7569604      1.5038429      6.8312694    
  14760000   0.99920997     5.7577926      1.4987657      6.8387322    
  14770000   0.99521348     5.7609194      1.4927711      6.8311155    
  14780000   0.99402529     5.7477448      1.4909889      6.8262623    
  14790000   0.99472916     5.7534657      1.4920447      6.8354722    
  14800000   0.99739909     5.7566276      1.4960494      6.8276216    
  14810000   0.99952274     5.7596137      1.4992348      6.8355881    
  14820000   1.0003909      5.7666377      1.500537       6.8320177    
  14830000   1.0044287      5.7829226      1.5065935      6.8359361    
  14840000   0.99965035     5.7719712      1.4994262      6.8293108    
  14850000   1.0019539      5.7654489      1.5028814      6.8252816    
  14860000   1.0036952      5.7700347      1.5054933      6.8335162    
  14870000   1.0121431      5.7570068      1.5181648      6.8343151    
  14880000   1.0094856      5.7633437      1.5141786      6.8339873    
  14890000   0.99535533     5.7575629      1.4929839      6.8325488    
  14900000   1.0033141      5.7739248      1.5049216      6.8348466    
  14910000   1.0008376      5.7713361      1.501207       6.8428475    
  14920000   1.0045139      5.7576462      1.5067212      6.8284183    
  14930000   1.0068677      5.7515754      1.5102519      6.8288401    
  14940000   0.99708317     5.7757317      1.4955756      6.8405237    
  14950000   0.99482304     5.7638341      1.4921855      6.8321542    
  14960000   1.0001835      5.7588507      1.5002259      6.8362375    
  14970000   1.000539       5.7608499      1.5007591      6.8339262    
  14980000   0.99678853     5.7530035      1.4951336      6.8302731    
  14990000   0.99978743     5.7663286      1.4996318      6.831032     
  15000000   0.99726858     5.7603494      1.4958537      6.8301897    
  15010000   1.0039201      5.7552077      1.5058307      6.82888      
  15020000   0.99851114     5.7614502      1.4977175      6.836503     
  15030000   1.0024028      5.7637026      1.5035547      6.8375665    
  15040000   0.99696309     5.7601083      1.4953955      6.8269067    
  15050000   1.0000774      5.7695064      1.5000667      6.8289342    
  15060000   0.9942511      5.7760179      1.4913276      6.8286401    
  15070000   1.0047047      5.7721181      1.5070074      6.8340213    
  15080000   0.99529634     5.765322       1.4928954      6.8356419    
  15090000   1.0088582      5.7621025      1.5132376      6.8373426    
  15100000   1.0008472      5.7564971      1.5012214      6.8347235    
  15110000   0.99786462     5.7636689      1.4967477      6.8350138    
  15120000   0.99759887     5.7594915      1.4963491      6.8333617    
  15130000   1.0083745      5.7622659      1.5125121      6.8285621    
  15140000   1.000055       5.7741016      1.5000331      6.8371994    
  15150000   1.0018695      5.774667       1.5027548      6.8329594    
  15160000   0.99354996     5.7603217      1.4902759      6.8268714    
  15170000   1.0027449      5.774779       1.5040678      6.8337258    
  15180000   0.99950156     5.7696895      1.499203       6.8300085    
  15190000   0.99550905     5.7607003      1.4932145      6.833466     
  15200000   0.99443346     5.7739108      1.4916011      6.8405487    
  15210000   0.99610267     5.7728041      1.4941049      6.8359095    
  15220000   0.99782044     5.7756627      1.4966814      6.8375426    
  15230000   0.99437048     5.7649251      1.4915067      6.8278247    
  15240000   1.0047116      5.7689068      1.5070179      6.8359656    
  15250000   0.99601425     5.771359       1.4939722      6.8371037    
  15260000   0.99637006     5.7624685      1.4945059      6.828734     
  15270000   1.0065304      5.761036       1.509746       6.834305     
  15280000   1.0002001      5.7642846      1.5002509      6.8296836    
  15290000   0.99629392     5.7643834      1.4943917      6.8387283    
  15300000   1.0003418      5.7551825      1.5004633      6.8408389    
  15310000   0.99686889     5.7694178      1.4952542      6.8435841    
  15320000   1.0032672      5.759646       1.5048513      6.8391456    
  15330000   0.99757797     5.7699565      1.4963177      6.8371479    
  15340000   1.0033181      5.7714044      1.5049276      6.8374138    
  15350000   1.0005024      5.7710518      1.5007043      6.8353624    
  15360000   0.99881137     5.7489427      1.4981678      6.8250079    
  15370000   1.0031872      5.7524036      1.5047314      6.835792     
  15380000   1.004351       5.7480105      1.506477       6.8305065    
  15390000   1.0089548      5.7487933      1.5133824      6.8264008    
  15400000   0.99696212     5.7549112      1.495394       6.8291725    
  15410000   1.0006657      5.7478227      1.5009491      6.8352346    
  15420000   1.0029718      5.7426368      1.5044083      6.82888      
  15430000   0.9972527      5.7642156      1.4958299      6.8439459    
  15440000   0.99897787     5.7589346      1.4984175      6.8413294    
  15450000   0.99871476     5.7487796      1.4980229      6.8298034    
  15460000   0.9996564      5.7676235      1.4994353      6.827336     
  15470000   0.99717774     5.7474448      1.4957174      6.8265619    
  15480000   0.99872021     5.7568792      1.498031       6.844883     
  15490000   1.0002574      5.7468363      1.5003368      6.836779     
  15500000   1.0001915      5.7423793      1.500238       6.8299197    
  15510000   0.99821278     5.7417631      1.4972699      6.8319742    
  15520000   1.0069655      5.7669771      1.5103986      6.8316405    
  15530000   0.99900156     5.7670334      1.4984531      6.8320554    
  15540000   0.99581093     5.7559361      1.4936673      6.8375128    
  15550000   1.0002386      5.7472515      1.5003085      6.832021     
  15560000   0.99713572     5.7697019      1.4956544      6.8349771    
  15570000   0.99899248     5.7638574      1.4984394      6.8330519    
  15580000   1.0005213      5.7571289      1.5007326      6.8323196    
  15590000   1.0031947      5.7693091      1.5047426      6.8388515    
  15600000   0.9935654      5.7618175      1.4902991      6.8361188    
  15610000   1.0029644      5.7704293      1.5043971      6.8349626    
  15620000   1.0029629      5.7770729      1.5043949      6.8370216    
  15630000   0.9967612      5.7855646      1.4950926      6.848162     
  15640000   0.99553627     5.7595598      1.4932553      6.8304262    
  15650000   0.99575621     5.7584704      1.4935852      6.8328451    
  15660000   1.008707       5.7524525      1.5130107      6.8285635    
  15670000   1.0097848      5.761029       1.5146274      6.8269079    
  15680000   1.0053266      5.7577621      1.5079403      6.8281781    
  15690000   1.0012776      5.7781098      1.501867       6.836034     
  15700000   0.99989375     5.7727221      1.4997913      6.8331332    
  15710000   0.99821441     5.7510888      1.4972724      6.8279289    
  15720000   1.0025539      5.7591515      1.5037815      6.8287293    
  15730000   1.0100583      5.7601818      1.5150376      6.8367727    
  15740000   0.99533772     5.7534891      1.4929575      6.8362336    
  15750000   1.0065487      5.7495365      1.5097733      6.8281854    
  15760000   0.98887911     5.7614975      1.4832699      6.8377827    
  15770000   0.99906481     5.7613872      1.4985479      6.8357008    
  15780000   0.9982329      5.7588702      1.4973001      6.8311367    
  15790000   0.99668792     5.7773255      1.4949827      6.8356604    
  15800000   1.001069       5.7745957      1.5015542      6.8404517    
  15810000   1.0024429      5.7720727      1.5036148      6.8341857    
  15820000   1.0035332      5.7660805      1.5052503      6.8321939    
  15830000   0.99481999     5.7649639      1.4921809      6.8356371    
  15840000   1.008052       5.7665601      1.5120282      6.8390022    
  15850000   1.0021498      5.7712703      1.5031752      6.8333598    
  15860000   0.99769659     5.7845197      1.4964957      6.8349921    
  15870000   1.0001498      5.7884184      1.5001754      6.8374623    
  15880000   1.0019855      5.7717347      1.5029288      6.829526     
  15890000   1.0017361      5.777637       1.5025548      6.8372697    
  15900000   1.0025445      5.7799816      1.5037673      6.8313936    
  15910000   0.99704729     5.7676855      1.4955217      6.8287285    
  15920000   0.99781173     5.7548029      1.4966684      6.8273603    
  15930000   1.0008258      5.7638272      1.5011893      6.8284712    
  15940000   1.0057443      5.7685209      1.5085669      6.8308242    
  15950000   0.99125053     5.7643592      1.4868269      6.8307789    
  15960000   1.0001583      5.7653236      1.5001882      6.8333794    
  15970000   0.9874695      5.7731244      1.4811555      6.8262702    
  15980000   1.0045393      5.7766433      1.5067594      6.8318146    
  15990000   1.006461       5.7667658      1.5096419      6.8294503    
  16000000   0.9974301      5.779464       1.496096       6.8376051    
  16010000   1.0015879      5.7678743      1.5023324      6.8263552    
  16020000   0.99560096     5.7759467      1.4933523      6.8456613    
  16030000   1.001852       5.7777266      1.5027285      6.832682     
  16040000   1.0088791      5.7718147      1.5132688      6.8307423    
  16050000   0.99935232     5.7801181      1.4989792      6.8328324    
  16060000   1.0054875      5.7817655      1.5081817      6.8356796    
  16070000   1.0010396      5.7835925      1.5015101      6.8349915    
  16080000   0.99774027     5.7809827      1.4965612      6.8377383    
  16090000   0.99763798     5.7748396      1.4964078      6.833898     
  16100000   1.0027618      5.7762952      1.5040932      6.8375054    
  16110000   1.0028936      5.7814222      1.5042909      6.8377589    
  16120000   1.0015077      5.7731472      1.5022121      6.8360462    
  16130000   0.99210124     5.7765058      1.4881029      6.8291026    
  16140000   1.0060912      5.7834527      1.5090872      6.8421094    
  16150000   1.0090434      5.7777712      1.5135154      6.8325346    
  16160000   0.99818591     5.7764063      1.4972296      6.8396533    
  16170000   1.0028085      5.7902879      1.5041633      6.8370373    
  16180000   0.99897823     5.768714       1.4984181      6.8254387    
  16190000   1.0080656      5.7769999      1.5120486      6.8339199    
  16200000   0.99848972     5.7677398      1.4976853      6.8295951    
  16210000   0.99546674     5.7741508      1.493151       6.8305296    
  16220000   0.99892423     5.7812257      1.4983371      6.8377866    
  16230000   0.99725456     5.765537       1.4958326      6.8288769    
  16240000   0.99973469     5.7793154      1.4995527      6.8332767    
  16250000   1.0033632      5.7715656      1.5049953      6.8271127    
  16260000   0.99945231     5.7630771      1.4991292      6.831168     
  16270000   0.99860535     5.7676199      1.4978588      6.8313633    
  16280000   0.9981025      5.7863441      1.4971045      6.837169     
  16290000   1.0035036      5.7765648      1.5052058      6.83652      
  16300000   0.9982886      5.7779286      1.4973837      6.8381646    
  16310000   1.002921       5.7713596      1.504332       6.8256551    
  16320000   0.99512597     5.7759698      1.4926399      6.830816     
  16330000   1.0039071      5.7676206      1.5058112      6.8323739    
  16340000   0.99817044     5.7757038      1.4972064      6.8317094    
  16350000   1.001919       5.7771195      1.5028291      6.83404      
  16360000   0.99839203     5.7754244      1.4975388      6.8277743    
  16370000   1.002426       5.779538       1.5035896      6.8367933    
  16380000   0.99653546     5.7773435      1.494754       6.8320377    
  16390000   0.99596879     5.7716759      1.4939041      6.8279469    
  16400000   1.0042608      5.7781124      1.5063417      6.8412697    
  16410000   0.99602672     5.7549045      1.493991       6.8327565    
  16420000   1.0084931      5.7636334      1.5126898      6.8364087    
  16430000   1.0044312      5.7709482      1.5065972      6.8425749    
  16440000   1.0054058      5.7462445      1.5080591      6.826539     
  16450000   1.00134        5.7514467      1.5019605      6.8294417    
  16460000   1.0029746      5.7569783      1.5044125      6.8292121    
  16470000   0.99484132     5.7612615      1.4922129      6.8336611    
  16480000   1.001244       5.7545421      1.5018166      6.8325251    
  16490000   0.99801816     5.7450538      1.496978       6.8270519    
  16500000   0.99966762     5.7644575      1.4994521      6.833885     
  16510000   1.0041392      5.7474299      1.5061592      6.8215984    
  16520000   0.99226168     5.768271       1.4883436      6.838472     
  16530000   1.0024853      5.7565464      1.5036785      6.832771     
  16540000   1.0040016      5.7597375      1.5059528      6.8285177    
  16550000   0.9997828      5.7646009      1.4996249      6.8348551    
  16560000   0.9992465      5.7628883      1.4988205      6.8322963    
  16570000   1.0059625      5.7580747      1.5088941      6.8264327    
  16580000   1.0052681      5.7670714      1.5078525      6.8375977    
  16590000   0.99795613     5.7722366      1.496885       6.8397011    
  16600000   0.99949469     5.7771333      1.4991927      6.8369859    
  16610000   0.99555059     5.7724283      1.4932768      6.8322178    
  16620000   1.0015803      5.7604464      1.502321       6.835969     
  16630000   1.0051365      5.7731957      1.5076552      6.8319957    
  16640000   1.0043187      5.7675707      1.5064286      6.8331296    
  16650000   0.99321549     5.7555632      1.4897742      6.8282821    
  16660000   0.99842768     5.7676851      1.4975923      6.8337709    
  16670000   1.0080651      5.7596651      1.5120479      6.8325419    
  16680000   1.00731        5.7622459      1.5109153      6.8260348    
  16690000   0.99576323     5.7776947      1.4935957      6.8423224    
  16700000   0.99939019     5.7634676      1.499036       6.8279039    
  16710000   1.0007768      5.7570173      1.5011159      6.8268856    
  16720000   1.0068196      5.7767985      1.5101797      6.8439283    
  16730000   1.0019749      5.7703511      1.5029129      6.8306828    
  16740000   1.0044555      5.7504027      1.5066338      6.8185931    
  16750000   0.99777859     5.7751697      1.4966187      6.8390109    
  16760000   1.0048457      5.7734771      1.507219       6.8373263    
  16770000   0.99955538     5.7725229      1.4992838      6.8332497    
  16780000   1.0050904      5.7770506      1.5075861      6.8345919    
  16790000   0.99068125     5.7838906      1.485973       6.8383235    
  16800000   1.0086664      5.7697594      1.5129499      6.827116     
  16810000   1.0036527      5.7987674      1.5054296      6.8383005    
  16820000   1.0023306      5.7745424      1.5034465      6.8302124    
  16830000   0.99846361     5.7897039      1.4976462      6.8406122    
  16840000   1.0012025      5.7807792      1.5017544      6.8367337    
  16850000   0.9960246      5.7769562      1.4939878      6.8335502    
  16860000   0.99830235     5.7736207      1.4974043      6.8289997    
  16870000   1.0096856      5.7685359      1.5144786      6.8255727    
  16880000   1.0038925      5.7798031      1.5057892      6.8369603    
  16890000   0.99239351     5.7764935      1.4885413      6.8351874    
  16900000   0.99585121     5.776437       1.4937277      6.8281889    
  16910000   0.99954677     5.7890361      1.4992708      6.8359887    
  16920000   0.99866409     5.7892581      1.4979469      6.8323857    
  16930000   0.9958642      5.7816354      1.4937472      6.8321325    
  16940000   1.0009794      5.7861433      1.5014197      6.8334174    
  16950000   0.99607138     5.7922049      1.4940579      6.8382993    
  16960000   1.0075859      5.8007746      1.5113292      6.8389731    
  16970000   0.99457746     5.7734684      1.4918171      6.8262513    
  16980000   0.99456131     5.7879506      1.4917929      6.8285072    
  16990000   0.99692579     5.7695238      1.4953395      6.8286035    
  17000000   1.0017326      5.7663424      1.5025496      6.8303405    
  17010000   1.0000567      5.7588129      1.5000358      6.8210979    
  17020000   0.99919137     5.7662467      1.4987378      6.8253297    
  17030000   0.99614827     5.7753619      1.4941733      6.8306625    
  17040000   1.0024896      5.7795346      1.503685       6.837577     
  17050000   1.0032857      5.7768255      1.5048791      6.8335748    
  17060000   1.0068935      5.7646716      1.5102905      6.8390807    
  17070000   1.0002085      5.7834368      1.5002634      6.831274     
  17080000   0.99620142     5.7712571      1.494253       6.8354129    
  17090000   0.99884794     5.7588137      1.4982226      6.8287495    
  17100000   1.0034281      5.7776451      1.5050927      6.8324756    
  17110000   1.0050282      5.7766636      1.5074928      6.8341555    
  17120000   0.99419948     5.7760521      1.4912502      6.8327489    
  17130000   0.99855064     5.7790055      1.4977767      6.8376673    
  17140000   1.0033445      5.7669977      1.5049673      6.8299309    
  17150000   0.99753556     5.7842601      1.4962541      6.8397574    
  17160000   0.99744674     5.7707079      1.4961209      6.8290507    
  17170000   0.99560145     5.79606        1.4933531      6.8370883    
  17180000   1.0061716      5.7738899      1.5092078      6.8265416    
  17190000   0.99917521     5.780646       1.4987135      6.8381364    
  17200000   0.99673365     5.7709331      1.4950513      6.8214509    
  17210000   0.99979353     5.7816953      1.499641       6.8400091    
  17220000   1.0047355      5.7795679      1.5070537      6.8290283    
  17230000   0.99704233     5.7938179      1.4955143      6.83709      
  17240000   0.99893423     5.7629144      1.4983521      6.8304199    
  17250000   0.99410854     5.773482       1.4911138      6.8314617    
  17260000   1.0042954      5.782202       1.5063936      6.8350131    
  17270000   0.98953683     5.7899962      1.4842564      6.8338756    
  17280000   0.99902111     5.786709       1.4984824      6.8351259    
  17290000   0.99598937     5.7793919      1.4939349      6.8315489    
  17300000   1.003748       5.7919202      1.5055725      6.8364963    
  17310000   1.0006516      5.7925572      1.500928       6.8367346    
  17320000   1.0042927      5.7877566      1.5063895      6.8244525    
  17330000   1.0066986      5.7807428      1.5099982      6.8301875    
  17340000   0.99020095     5.7786856      1.4852526      6.8311039    
  17350000   0.99526943     5.7869452      1.492855       6.8323312    
  17360000   1.0015325      5.7937077      1.5022493      6.8334933    
  17370000   1.0013069      5.7830579      1.5019109      6.8274195    
  17380000   1.0023752      5.7841281      1.5035134      6.8353668    
  17390000   0.99652008     5.7912227      1.494731       6.8339773    
  17400000   1.0021145      5.795789       1.5031223      6.8317384    
  17410000   0.98654316     5.7872134      1.4797661      6.8349113    
  17420000   0.9971365      5.7930641      1.4956556      6.8419836    
  17430000   0.99281899     5.7809002      1.4891795      6.8353237    
  17440000   1.0002688      5.7619607      1.5003538      6.8302465    
  17450000   1.0056455      5.7767491      1.5084186      6.8343862    
  17460000   0.99986094     5.7702831      1.4997421      6.8354962    
  17470000   1.0014529      5.7786279      1.50213        6.8327999    
  17480000   0.99413108     5.7808238      1.4911476      6.8324193    
  17490000   1.0047053      5.7831182      1.5070085      6.8309793    
  17500000   0.9976646      5.7819425      1.4964477      6.8284414    
  17510000   0.99750046     5.7694538      1.4962015      6.8222207    
  17520000   0.99915005     5.7940215      1.4986758      6.8392731    
  17530000   1.0027197      5.770874       1.50403        6.8343564    
  17540000   1.0023119      5.783278       1.5034184      6.8347861    
  17550000   1.0010259      5.7710841      1.5014895      6.8307196    
  17560000   1.0020794      5.7823569      1.5030697      6.8330201    
  17570000   1.0000544      5.7627624      1.5000323      6.8250098    
  17580000   0.98934695     5.7780394      1.4839716      6.8372837    
  17590000   0.99144159     5.7789274      1.4871135      6.8361994    
  17600000   0.9932359      5.787649       1.4898048      6.8434499    
  17610000   1.0036299      5.7805016      1.5053953      6.8313744    
  17620000   1.005297       5.781433       1.507896       6.8298789    
  17630000   1.0019844      5.7792785      1.5029271      6.8295265    
  17640000   0.99566586     5.7827285      1.4934497      6.8342645    
  17650000   1.0026235      5.7811403      1.5038858      6.8315958    
  17660000   0.9931515      5.7739732      1.4896783      6.8311605    
  17670000   1.0032496      5.7870804      1.5048249      6.8344093    
  17680000   1.0035575      5.7839125      1.5052867      6.8279387    
  17690000   1.0072823      5.7821283      1.5108738      6.839323     
  17700000   1.001311       5.7706446      1.5019171      6.8295452    
  17710000   0.99535701     5.7905783      1.4929864      6.8375077    
  17720000   1.0029405      5.7925424      1.5043613      6.8447912    
  17730000   1.0028706      5.7692368      1.5042565      6.8301732    
  17740000   0.98984501     5.7627379      1.4847187      6.8279261    
  17750000   0.99924658     5.7589337      1.4988206      6.8295349    
  17760000   0.99138797     5.7610922      1.4870331      6.8283981    
  17770000   1.0019404      5.7509211      1.5028612      6.8256703    
  17780000   0.99669616     5.7705239      1.4949951      6.8355714    
  17790000   0.99844197     5.7803332      1.4976137      6.8319868    
  17800000   1.0042838      5.7798296      1.5063761      6.8260714    
  17810000   1.0015415      5.7655678      1.5022629      6.8273924    
  17820000   1.0001208      5.7655859      1.5001318      6.8292068    
  17830000   1.0014812      5.7752431      1.5021724      6.8296642    
  17840000   1.0037367      5.7732957      1.5055555      6.8331786    
  17850000   1.0006431      5.7775993      1.5009152      6.8336845    
  17860000   1.006691       5.7842309      1.5099869      6.8347084    
  17870000   1.0036594      5.7763137      1.5054396      6.8351036    
  17880000   0.99891654     5.79247        1.4983255      6.8385791    
  17890000   1.0064323      5.7785839      1.5095987      6.8245113    
  17900000   0.99947197     5.7796061      1.4991586      6.8391516    
  17910000   1.0064945      5.7873422      1.5096921      6.8387048    
  17920000   0.997538       5.7999317      1.4962578      6.8299734    
  17930000   0.99971374     5.780614       1.4995213      6.8384248    
  17940000   1.0021173      5.7826468      1.5031265      6.8400058    
  17950000   1.0072534      5.7728371      1.5108305      6.8254657    
  17960000   1.0011717      5.7793516      1.5017082      6.8323377    
  17970000   0.99936692     5.7746519      1.4990011      6.8340371    
  17980000   1.0010716      5.7645223      1.501558       6.8298788    
  17990000   1.0013992      5.7732517      1.5020494      6.8314785    
  18000000   1.0010097      5.7697188      1.5014652      6.8344096    
  18010000   1.0041734      5.7496881      1.5062106      6.82275      
  18020000   0.99860847     5.7658698      1.4978634      6.8285361    
  18030000   1.0015822      5.7857108      1.5023239      6.8366915    
  18040000   0.9938981      5.7862445      1.4907981      6.8366768    
  18050000   1.0023128      5.7875143      1.5034197      6.8472296    
  18060000   1.00226        5.7713199      1.5033405      6.835647     
  18070000   1.0001657      5.7725659      1.5001992      6.8375188    
  18080000   1.0062466      5.7666075      1.5093203      6.8289359    
  18090000   1.0076235      5.771648       1.5113855      6.8311295    
  18100000   1.003753       5.7637083      1.5055799      6.8362141    
  18110000   1.0028127      5.776751       1.5041696      6.8350758    
  18120000   0.9942092      5.7724159      1.4912648      6.8315949    
  18130000   1.0029306      5.7645835      1.5043464      6.8278726    
  18140000   0.99913653     5.7676824      1.4986555      6.8309711    
  18150000   0.9992465      5.7674718      1.4988205      6.8355567    
  18160000   1.004136       5.77337        1.5061544      6.8331893    
  18170000   1.0070478      5.7803791      1.510522       6.8316874    
  18180000   0.99424883     5.7692855      1.4913242      6.8298617    
  18190000   0.99429041     5.7710733      1.4913866      6.8350314    
  18200000   0.99413234     5.773583       1.4911495      6.8377921    
  18210000   1.0039306      5.7594311      1.5058463      6.8278969    
  18220000   1.0015685      5.7641163      1.5023033      6.8339101    
  18230000   0.99725274     5.774498       1.4958299      6.8403618    
  18240000   1.0076778      5.7573864      1.5114669      6.8254911    
  18250000   0.99850178     5.7675854      1.4977034      6.8305942    
  18260000   0.99159312     5.7673552      1.4873408      6.8290913    
  18270000   1.0008669      5.7633784      1.501251       6.8265492    
  18280000   1.001069       5.7548805      1.5015541      6.8260855    
  18290000   1.0086283      5.7968115      1.5128927      6.8393321    
  18300000   0.99587992     5.764653       1.4937708      6.830006     
  18310000   1.0038683      5.7639107      1.5057529      6.8290582    
  18320000   1.0046847      5.7738484      1.5069775      6.840569     
  18330000   1.0052942      5.7713646      1.5078918      6.8404767    
  18340000   0.99919221     5.7816454      1.498739       6.8402193    
  18350000   0.99796949     5.7563216      1.496905       6.8295584    
  18360000   1.003455       5.7550651      1.505133       6.8309553    
  18370000   1.0015195      5.7487424      1.5022298      6.8313735    
  18380000   0.99768747     5.7623096      1.496482       6.8327297    
  18390000   1.0015586      5.7563934      1.5022885      6.8270546    
  18400000   1.0057514      5.7663423      1.5085775      6.8354922    
  18410000   0.99451071     5.7495244      1.491717       6.8311304    
  18420000   0.99847719     5.7541721      1.4976665      6.8314141    
  18430000   0.9978912      5.7462141      1.4967876      6.8259274    
  18440000   0.99516316     5.7723698      1.4926956      6.8305069    
  18450000   1.0034619      5.7659444      1.5051434      6.8279379    
  18460000   0.99292096     5.7648068      1.4893325      6.8341917    
  18470000   0.9932014      5.7673817      1.4897531      6.8353753    
  18480000   0.99785392     5.7716466      1.4967317      6.8296073    
  18490000   0.99314869     5.7810142      1.489674       6.8345107    
  18500000   1.0031446      5.7708421      1.5046675      6.8312378    
  18510000   1.0058604      5.7630175      1.508741       6.832199     
  18520000   1.0079618      5.7772586      1.511893       6.8364622    
  18530000   0.99121741     5.7527198      1.4867772      6.8216668    
  18540000   1.0034333      5.7685916      1.5051004      6.8270017    
  18550000   0.9984499      5.7611825      1.4976256      6.8342533    
  18560000   1.0016947      5.7676522      1.5024927      6.828652     
  18570000   0.99787681     5.7646847      1.496766       6.837496     
  18580000   1.0142016      5.7649599      1.5212523      6.8369656    
  18590000   0.99480831     5.7699775      1.4921634      6.8376003    
  18600000   0.99757249     5.7616817      1.4963095      6.8354905    
  18610000   0.99396104     5.7783049      1.4908925      6.8329593    
  18620000   0.99651843     5.7562788      1.4947285      6.8317599    
  18630000   0.99814695     5.7563633      1.4971712      6.8298998    
  18640000   0.99161813     5.7618891      1.4873783      6.8318241    
  18650000   1.0067032      5.7754993      1.5100051      6.8312283    
  18660000   1.0076499      5.7626924      1.5114251      6.8236081    
  18670000   0.99709239     5.7730648      1.4955894      6.8340321    
  18680000   1.0030107      5.7679698      1.5044665      6.832571     
  18690000   0.99814471     5.7811975      1.4971678      6.8378649    
  18700000   0.99260305     5.7853185      1.4888556      6.8303683    
  18710000   1.0070129      5.7715628      1.5104697      6.8285932    
  18720000   1.0089225      5.761976       1.5133339      6.8345407    
  18730000   0.99711144     5.7701685      1.495618       6.8354182    
  18740000   1.004693       5.7709609      1.5069899      6.8363056    
  18750000   1.0049652      5.780511       1.5073982      6.8314135    
  18760000   1.000367       5.7845784      1.5005012      6.8351298    
  18770000   1.0012561      5.7660541      1.5018347      6.8348141    
  18780000   1.0038679      5.7659991      1.5057523      6.8286859    
  18790000   1.0022867      5.7567364      1.5033806      6.8316519    
  18800000   1.0024594      5.7773128      1.5036397      6.8396322    
  18810000   0.99545147     5.7778687      1.4931281      6.831741     
  18820000   0.99704282     5.7727387      1.4955151      6.8361382    
  18830000   1.0008198      5.783887       1.5011804      6.8343404    
  18840000   1.0004381      5.7623453      1.5006078      6.8353563    
  18850000   0.99616581     5.7730282      1.4941996      6.8378025    
  18860000   0.99676532     5.7618728      1.4950988      6.8230367    
  18870000   0.99963821     5.766185       1.499408       6.8351951    
  18880000   1.0007584      5.7798169      1.5010883      6.8306717    
  18890000   1.0077585      5.7824681      1.5115881      6.839813     
  18900000   1.0010694      5.7799739      1.5015547      6.8345184    
  18910000   1.0074952      5.7712852      1.511193       6.8250166    
  18920000   0.99622467     5.7762691      1.4942879      6.8338706    
  18930000   0.98949646     5.7828911      1.4841959      6.834467     
  18940000   1.0042574      5.7639139      1.5063366      6.8262038    
  18950000   1.0008842      5.7901227      1.5012769      6.8386943    
  18960000   0.99799405     5.7628869      1.4969418      6.8272599    
  18970000   0.9960552      5.7806374      1.4940337      6.8408623    
  18980000   1.0072559      5.7766637      1.5108342      6.8406457    
  18990000   1.0001253      5.765625       1.5001386      6.834418     
  19000000   1.003926       5.7717608      1.5058395      6.8396684    
  19010000   0.99701771     5.7567446      1.4954774      6.8268853    
  19020000   0.99303868     5.7668884      1.489509       6.8345825    
  19030000   1.0103812      5.7679903      1.5155219      6.8292236    
  19040000   0.99963536     5.7808459      1.4994037      6.8370818    
  19050000   1.0005872      5.7655028      1.5008315      6.8292291    
  19060000   1.0067643      5.7685852      1.5100968      6.829196     
  19070000   1.0023193      5.7647681      1.5034295      6.8292031    
  19080000   0.99228955     5.7856833      1.4883854      6.8375089    
  19090000   0.99843839     5.7737458      1.4976083      6.8289747    
  19100000   1.0147789      5.7722767      1.5221183      6.8322385    
  19110000   1.0006907      5.7828514      1.5009867      6.8361729    
  19120000   1.0024645      5.7745977      1.5036474      6.8306534    
  19130000   1.0016187      5.7551923      1.5023787      6.8265381    
  19140000   0.99896801     5.7915198      1.4984027      6.8354105    
  19150000   0.99925662     5.7849413      1.4988356      6.8399974    
  19160000   0.9918457      5.7762718      1.4877196      6.8315816    
  19170000   0.99946216     5.7826352      1.4991439      6.8393978    
  19180000   1.0036497      5.7782933      1.5054251      6.8368502    
  19190000   0.99575055     5.7675272      1.4935767      6.8289977    
  19200000   1.0002334      5.7786446      1.5003007      6.8297825    
  19210000   1.0004237      5.7757025      1.5005862      6.8360984    
  19220000   1.0028741      5.7702123      1.5042616      6.8337703    
  19230000   1.0045241      5.7767819      1.5067366      6.8323343    
  19240000   1.0056708      5.7714523      1.5084566      6.833105     
  19250000   1.0021061      5.7751779      1.5031098      6.8312022    
  19260000   1.0022109      5.7654015      1.503267       6.8263094    
  19270000   1.0130447      5.764571       1.5195171      6.8224747    
  19280000   0.99876162     5.7611532      1.4980932      6.8356246    
  19290000   0.99764203     5.76652        1.4964138      6.8336539    
  19300000   0.99972773     5.7500822      1.4995423      6.8248187    
  19310000   1.0021749      5.7756472      1.5032129      6.8438052    
  19320000   1.0054954      5.7536444      1.5081935      6.8309107    
  19330000   1.0021623      5.7554668      1.503194       6.8339652    
  19340000   0.99918572     5.7505286      1.4987293      6.8249122    
  19350000   1.0012954      5.7494245      1.5018938      6.8284387    
  19360000   0.99790452     5.74939        1.4968076      6.8269304    
  19370000   0.99909591     5.7545953      1.4985946      6.8341778    
  19380000   1.0046194      5.7610334      1.5068796      6.8392392    
  19390000   1.003548       5.744385       1.5052725      6.8221248    
  19400000   1.0009179      5.7572702      1.5013275      6.8327132    
  19410000   1.0056507      5.737816       1.5084265      6.8260964    
  19420000   0.99061593     5.7603972      1.485875       6.8379498    
  19430000   1.0107534      5.7423681      1.5160803      6.8294194    
  19440000   0.99507707     5.7543585      1.4925665      6.8357194    
  19450000   0.99596489     5.7596017      1.4938982      6.8338816    
  19460000   0.99503303     5.7492584      1.4925005      6.8304395    
  19470000   0.99729746     5.7599581      1.495897       6.840526     
  19480000   1.0011115      5.7444971      1.5016179      6.8290348    
  19490000   1.0042013      5.7484292      1.5062524      6.8324853    
  19500000   0.99790313     5.7503289      1.4968055      6.8302657    
  19510000   1.0005811      5.7503319      1.5008223      6.8354183    
  19520000   1.0027696      5.7569065      1.5041049      6.8336031    
  19530000   0.99891912     5.742178       1.4983294      6.82343      
  19540000   0.99511145     5.7539757      1.4926181      6.8386064    
  19550000   0.99706435     5.7617346      1.4955473      6.8329078    
  19560000   0.99714992     5.7694277      1.4956757      6.8320331    
  19570000   0.99971668     5.7672685      1.4995257      6.8380479    
  19580000   0.99184219     5.7547505      1.4877144      6.830764     
  19590000   1.0006056      5.7719247      1.500859       6.8353796    
  19600000   1.0036474      5.758664       1.5054215      6.8343414    
  19610000   0.99287812     5.770344       1.4892682      6.8315169    
  19620000   1.0055187      5.7670291      1.5082285      6.8340841    
  19630000   0.98663284     5.7559595      1.4799006      6.8258385    
  19640000   0.9946519      5.7528319      1.4919288      6.8264467    
  19650000   0.99500184     5.7591846      1.4924537      6.8334868    
  19660000   0.99786807     5.7785514      1.4967529      6.8417581    
  19670000   1.0022473      5.7621114      1.5033215      6.8285052    
  19680000   0.99554427     5.7689069      1.4932673      6.8334167    
  19690000   1.0024132      5.7721518      1.5035704      6.8327595    
  19700000   0.99565356     5.7725461      1.4934312      6.8363692    
  19710000   0.99534856     5.7718905      1.4929737      6.8347298    
  19720000   1.0043511      5.7606396      1.506477       6.8327775    
  19730000   0.99917624     5.7451367      1.4987151      6.8255574    
  19740000   0.99317091     5.7692407      1.4897074      6.8303509    
  19750000   1.0000196      5.7447537      1.49998        6.8283791    
  19760000   1.0061685      5.7597486      1.5092031      6.8220847    
  19770000   0.99562002     5.7444128      1.4933809      6.8254424    
  19780000   1.0027706      5.753141       1.5041065      6.8287717    
  19790000   1.00655        5.7612463      1.5097754      6.8308642    
  19800000   0.99976339     5.7592377      1.4995958      6.8324773    
  19810000   1.0093566      5.7626538      1.5139852      6.8277201    
  19820000   1.0029858      5.7686423      1.5044292      6.8327611    
  19830000   1.0043156      5.7664485      1.5064238      6.8346849    
  19840000   0.99415055     5.7707763      1.4911768      6.8332853    
  19850000   1.00279        5.7704609      1.5041356      6.8434445    
  19860000   0.99711249     5.7562897      1.4956195      6.8345757    
  19870000   0.99656256     5.7470829      1.4947947      6.8330305    
  19880000   1.0020994      5.7481747      1.5030996      6.832384     
  19890000   0.9885648      5.7497799      1.4827984      6.8330337    
  19900000   0.99830534     5.7625997      1.4974088      6.8366053    
  19910000   0.99371063     5.7667955      1.4905169      6.8360683    
  19920000   0.99409817     5.7532345      1.4910982      6.833433     
  19930000   0.99738231     5.7433287      1.4960243      6.8335569    
  19940000   1.0034237      5.7430375      1.5050861      6.8252388    
  19950000   1.0029508      5.7500921      1.5043768      6.8277823    
  19960000   0.99349442     5.7483446      1.4901926      6.8259071    
  19970000   1.0058485      5.7326517      1.5087231      6.8209526    
  19980000   1.0025947      5.7538256      1.5038427      6.8351636    
  19990000   0.99427001     5.7491447      1.491356       6.8327022    
  20000000   1.0012554      5.7479174      1.5018337      6.8343183    
  20010000   1.00147        5.7634693      1.5021557      6.836199     
  20020000   0.99731132     5.7425807      1.4959178      6.8305871    
  20030000   1.0034535      5.7455965      1.5051307      6.8251332    
Loop time of 229768 on 1 procs for 20000000 steps with 30408 atoms

Performance: 37603.117 tau/day, 87.044 timesteps/s
100.0% CPU use with 1 MPI tasks x 1 OpenMP threads

MPI task timing breakdown:
Section |  min time  |  avg time  |  max time  |%varavg| %total
---------------------------------------------------------------
Pair    | 1.5284e+05 | 1.5284e+05 | 1.5284e+05 |   0.0 | 66.52
Bond    | 7430.4     | 7430.4     | 7430.4     |   0.0 |  3.23
Neigh   | 40081      | 40081      | 40081      |   0.0 | 17.44
Comm    | 721.75     | 721.75     | 721.75     |   0.0 |  0.31
Output  | 2.2244     | 2.2244     | 2.2244     |   0.0 |  0.00
Modify  | 27493      | 27493      | 27493      |   0.0 | 11.97
Other   |            | 1199       |            |       |  0.52

Nlocal:          30408 ave       30408 max       30408 min
Histogram: 1 0 0 0 0 0 0 0 0 0
Nghost:           7230 ave        7230 max        7230 min
Histogram: 1 0 0 0 0 0 0 0 0 0
Neighs:    1.05673e+06 ave 1.05673e+06 max 1.05673e+06 min
Histogram: 1 0 0 0 0 0 0 0 0 0

Total # of neighbors = 1056731
Ave neighs/atom = 34.751743
Ave special neighs/atom = 1.8942384
Neighbor list builds = 888522
Dangerous builds = 0

write_data data*.xyz
System init for write_data ...
Generated 0 of 6 mixed pair_coeff terms from geometric mixing rule
WARNING: Not all mixed pair coeffs generated from mixing. Use write_data with 'pair ij' option to store all pair coeffs. (src/write_data.cpp:309)
write_restart 	restart.polymer_ring
System init for write_restart ...
Generated 0 of 6 mixed pair_coeff terms from geometric mixing rule

print "ALL done"
ALL done
Total wall time: 63:52:05
