
pair_style      lj/cut 4.0
pair_modify     shift yes
read_restart    prod.restart1
Reading restart file ...
  restart file = 23 Jun 2022, LAMMPS = 23 Jun 2022
  restoring atom style bond from restart
  orthogonal box = (-40 -40 -35) to (40 40 35)
  1 by 1 by 1 MPI processor grid
  restoring pair style lj/cut from restart
  restoring bond style fene from restart
  30000 atoms
  28800 bonds
Finding 1-2 1-3 1-4 neighbors ...
  special bond factors lj:    0        1        1       
  special bond factors coul:  0        1        1       
     2 = max # of 1-2 neighbors
     6 = max # of special neighbors
  special bonds CPU = 0.006 seconds
  read_restart CPU = 0.018 seconds

bond_style      fene
special_bonds   fene
bond_coeff      1 10.0 2.0 1.0 1.0

group polymerA type 1
15000 atoms in group polymerA
group polymerB type 2
15000 atoms in group polymerB
group receptorC type 3
0 atoms in group receptorC
group receptorD type 4
0 atoms in group receptorD
group polymer union polymerA polymerB
30000 atoms in group polymer
group ligand union receptorC receptorD
0 atoms in group ligand

# Polymer-Polymer
pair_coeff 1 1 0.5 1.0 2.5      # A-A
pair_coeff 2 2 0.5 1.0 2.5      # B-B
pair_coeff 1 2 0.4 1.0 2.5      # A-B

# Polymer-Receptor
pair_coeff 1 3 50.0 1.0 4.0     # A-C
pair_coeff 1 4 50.0 1.0 1.1225  # A-D
pair_coeff 2 3 50.0 1.0 1.1225  # B-C
pair_coeff 2 4 50.0 1.0 4.0     # B-D

# Receptor-Receptor
pair_coeff 3 3 1.0 1.0 1.1225
pair_coeff 4 4 1.0 1.0 1.1225
pair_coeff 3 4 1.0 1.0 1.1225

neighbor        1.0 bin

region upper_box block -40 40 -40 40 32.2 34.8
create_atoms 3 random 50 998273 upper_box   # receptor C
Created 50 atoms
  using lattice units in orthogonal box = (-40 -40 -35) to (40 40 35)
  create_atoms CPU = 0.000 seconds
create_atoms 4 random 50 123456 upper_box   # receptor D
Created 50 atoms
  using lattice units in orthogonal box = (-40 -40 -35) to (40 40 35)
  create_atoms CPU = 0.000 seconds

group receptorC type 3
50 atoms in group receptorC
group receptorD type 4
50 atoms in group receptorD
group ligand union receptorC receptorD
100 atoms in group ligand

fix wall_poly polymer wall/lj126 zlo -32 1.0 1.0 1.1225 zhi 32 1.0 1.0 1.1225

fix wall_lig ligand wall/lj126 zlo 32 1.0 1.0 1.1225 zhi 35 1.0 1.0 1.1225

#minimize 1.0e-4 1.0e-6 100 1000

fix 3 all nve/limit 0.01
run 10000
Generated 0 of 6 mixed pair_coeff terms from geometric mixing rule
Neighbor list info ...
  update every 1 steps, delay 10 steps, check yes
  max neighbors/atom: 2000, page size: 100000
  master list distance cutoff = 5
  ghost atom cutoff = 5
  binsize = 2.5, bins = 32 32 28
  1 neighbor lists, perpetual/occasional/extra = 1 0 0
  (1) pair lj/cut, perpetual
      attributes: half, newton on
      pair build: half/bin/newton
      stencil: half/bin/3d
      bin: standard
Per MPI rank memory allocation (min/avg/max) = 23.04 | 23.04 | 23.04 Mbytes
   Step          Temp          E_pair         E_mol          TotEng         Press     
     20000   0.99271394     3.5970877      8.0627278      13.148837      3.1165259    
     30000   0.24082699    -2.2219721      6.4448965      4.5841529      0.0014186323 
Loop time of 162.295 on 1 procs for 10000 steps with 30100 atoms

Performance: 26618.247 tau/day, 61.616 timesteps/s
100.0% CPU use with 1 MPI tasks x 1 OpenMP threads

MPI task timing breakdown:
Section |  min time  |  avg time  |  max time  |%varavg| %total
---------------------------------------------------------------
Pair    | 142.41     | 142.41     | 142.41     |   0.0 | 87.75
Bond    | 3.3875     | 3.3875     | 3.3875     |   0.0 |  2.09
Neigh   | 12.765     | 12.765     | 12.765     |   0.0 |  7.87
Comm    | 0.1831     | 0.1831     | 0.1831     |   0.0 |  0.11
Output  | 0.00013409 | 0.00013409 | 0.00013409 |   0.0 |  0.00
Modify  | 2.7773     | 2.7773     | 2.7773     |   0.0 |  1.71
Other   |            | 0.7678     |            |       |  0.47

Nlocal:          30100 ave       30100 max       30100 min
Histogram: 1 0 0 0 0 0 0 0 0 0
Nghost:           2121 ave        2121 max        2121 min
Histogram: 1 0 0 0 0 0 0 0 0 0
Neighs:    2.04689e+06 ave 2.04689e+06 max 2.04689e+06 min
Histogram: 1 0 0 0 0 0 0 0 0 0

Total # of neighbors = 2046887
Ave neighs/atom = 68.00289
Ave special neighs/atom = 1.9136213
Neighbor list builds = 196
Dangerous builds = 0
unfix 3

fix 3 all nve
fix 4 all langevin 1 1 1.0 90428

thermo_style    custom step temp pe ke ebond
thermo_modify   flush yes
thermo          10000
timestep        0.005

dump 1 all custom 50000 file_trajectory.bin id type x y z xu yu zu vx vy vz

restart 100000 prod.restart2 prod.restart3
run 20000000
Generated 0 of 6 mixed pair_coeff terms from geometric mixing rule
Per MPI rank memory allocation (min/avg/max) = 26.98 | 26.98 | 26.98 Mbytes
   Step          Temp          PotEng         KinEng         E_bond    
     30000   0.24082699     4.2229244      0.36122848     6.4448965    
     40000   1.0033031      5.9864418      1.5049046      6.9056318    
     50000   0.9926283      6.0262192      1.488893       6.9002483    
     60000   1.0018812      6.0254707      1.5027719      6.9042179    
     70000   0.99605337     6.0478807      1.4940304      6.9042171    
     80000   0.9974253      6.063329       1.4960883      6.906173     
     90000   0.99843943     6.0671874      1.4976094      6.8999678    
    100000   1.0016778      6.0621664      1.5024668      6.8937734    
    110000   1.0121204      6.0713949      1.5181302      6.914597     
    120000   1.0001058      6.0524147      1.5001088      6.8971654    
    130000   1.0006149      6.0560927      1.5008724      6.9010684    
    140000   0.99304002     6.0661251      1.4895105      6.9073787    
    150000   1.0061309      6.0565151      1.5091463      6.9059725    
    160000   0.98903215     6.0858265      1.4834989      6.9097283    
    170000   1.0002271      6.0715036      1.5002908      6.9070691    
    180000   1.0014741      6.0942887      1.5021612      6.9103131    
    190000   0.99826551     6.0962462      1.4973485      6.9163508    
    200000   0.99854978     6.0932869      1.4977749      6.9111782    
    210000   1.0008372      6.0947835      1.5012059      6.9120825    
    220000   1.0066802      6.0893205      1.5099702      6.9035582    
    230000   0.99994895     6.0868967      1.4998736      6.9114808    
    240000   1.0003788      6.0867355      1.5005183      6.9074414    
    250000   1.0019656      6.0793547      1.5028985      6.9068079    
    260000   0.9965416      6.0902241      1.4947627      6.900648     
    270000   1.0014526      6.0942862      1.502129       6.9058581    
    280000   1.001675       6.0853531      1.5024626      6.9004372    
    290000   1.0046233      6.0786607      1.5068849      6.9031994    
    300000   1.0056877      6.0830526      1.5084814      6.9072181    
    310000   1.0076479      6.0735357      1.5114217      6.9006379    
    320000   1.0043626      6.0850481      1.5064939      6.9065354    
    330000   0.99816732     6.1004031      1.4972012      6.9116795    
    340000   0.99565174     6.0849454      1.493428       6.9065916    
    350000   1.0060848      6.0902971      1.5090771      6.9089116    
    360000   1.0036335      6.0929598      1.5054003      6.9010334    
    370000   0.99683219     6.1017682      1.4951986      6.9118365    
    380000   1.0047481      6.1011603      1.507072       6.9062795    
    390000   0.99809034     6.0936089      1.4970858      6.9008754    
    400000   0.99660351     6.0892148      1.4948556      6.9095919    
    410000   1.0002427      6.0830725      1.5003142      6.9049508    
    420000   0.99897208     6.0879084      1.4984083      6.9066051    
    430000   1.0032976      6.105809       1.5048964      6.9173728    
    440000   0.99457647     6.0752099      1.4918151      6.8958578    
    450000   0.99778695     6.1016301      1.4966307      6.9037486    
    460000   0.99851308     6.1022677      1.4977199      6.9054341    
    470000   1.0036115      6.110856       1.5053673      6.909828     
    480000   1.0019236      6.1024638      1.5028355      6.9107833    
    490000   0.99774614     6.0991987      1.4965695      6.9060755    
    500000   0.99754125     6.0983971      1.4962622      6.9100181    
    510000   0.99963666     6.0850819      1.4994052      6.9002888    
    520000   0.9986549      6.0943626      1.4979326      6.9047045    
    530000   1.0006231      6.1018573      1.5008848      6.9099682    
    540000   1.0006526      6.0892341      1.500929       6.8987421    
    550000   1.0058605      6.0856066      1.5087406      6.8998006    
    560000   1.0018312      6.0797344      1.5026969      6.8997047    
    570000   1.0062462      6.0946266      1.5093191      6.9098885    
    580000   1.006984       6.0974674      1.5104258      6.9008896    
    590000   1.0024287      6.0931933      1.5035931      6.9082286    
    600000   1.0063181      6.0916883      1.509427       6.9080259    
    610000   1.0029725      6.0935199      1.5044088      6.9078932    
    620000   0.9968279      6.0830863      1.4951922      6.9052614    
    630000   0.99535709     6.096269       1.492986       6.9096025    
    640000   1.0013469      6.1002424      1.5019705      6.9174087    
    650000   1.0001971      6.0786459      1.5002458      6.9081524    
    660000   1.0000771      6.0832024      1.5000658      6.9003211    
    670000   1.0061647      6.0751882      1.509197       6.9080174    
    680000   0.99949477     6.0655475      1.4991924      6.8909513    
    690000   0.9991956      6.0896564      1.4987436      6.9072723    
    700000   0.99538056     6.0752281      1.4930212      6.9059806    
    710000   0.99402474     6.0773575      1.4909876      6.9050033    
    720000   0.99747524     6.0834811      1.4961631      6.9084728    
    730000   0.99663869     6.0739186      1.4949084      6.9032635    
    740000   0.98930501     6.0717469      1.4839082      6.8998555    
    750000   0.99604107     6.0844769      1.494012       6.9143332    
    760000   1.0027539      6.0781985      1.5040808      6.9067453    
    770000   1.0008391      6.0745616      1.5012087      6.9029405    
    780000   0.99639674     6.080356       1.4945455      6.9039155    
    790000   1.0056985      6.086889       1.5084976      6.9084896    
    800000   1.0030382      6.0757125      1.5045073      6.9073432    
    810000   0.99528913     6.089842       1.4928841      6.910421     
    820000   1.0017645      6.0768805      1.5025968      6.903892     
    830000   0.9966703      6.0806916      1.4949558      6.9056768    
    840000   0.99099988     6.064287       1.4864504      6.9001334    
    850000   1.0082796      6.0770199      1.5123691      6.9030624    
    860000   1.0057715      6.0656222      1.5086072      6.9020675    
    870000   0.99649838     6.0877552      1.4946979      6.9194055    
    880000   0.99457688     6.0838159      1.4918157      6.9089769    
    890000   1.0083859      6.0808919      1.5125285      6.907801     
    900000   1.0036484      6.0670982      1.5054226      6.8932613    
    910000   1.0009362      6.0856745      1.5013545      6.9109465    
    920000   0.99398097     6.0895871      1.4909219      6.9128052    
    930000   0.99892963     6.0924009      1.4983447      6.9093701    
    940000   0.99511821     6.095313       1.4926277      6.9077458    
    950000   1.0083061      6.0920749      1.5124089      6.904027     
    960000   1.0021407      6.0902619      1.5031611      6.9068603    
    970000   1.0003216      6.0921693      1.5004325      6.9074567    
    980000   0.99878        6.0808607      1.4981202      6.900021     
    990000   0.99572502     6.0826786      1.4935379      6.9086892    
   1000000   1.0022589      6.1007244      1.5033385      6.9167826    
   1010000   0.99585708     6.0993388      1.493736       6.9136824    
   1020000   0.99308398     6.0789573      1.4895765      6.8983003    
   1030000   1.0023343      6.0801604      1.5034515      6.9036165    
   1040000   1.0047159      6.0819347      1.5070237      6.9062075    
   1050000   1.0000307      6.0732759      1.4999961      6.9037695    
   1060000   1.0091904      6.0803783      1.5137353      6.9020096    
   1070000   1.003043       6.0721708      1.5045144      6.9042322    
   1080000   0.99655737     6.0846554      1.4947864      6.9007702    
   1090000   0.99491645     6.0876854      1.4923251      6.9058982    
   1100000   1.0044869      6.0943244      1.5066803      6.9061742    
   1110000   1.0006042      6.0655655      1.5008564      6.896681     
   1120000   1.0052254      6.0715226      1.507788       6.9041364    
   1130000   1.0013306      6.0861229      1.5019459      6.9123576    
   1140000   1.0001358      6.0965626      1.5001538      6.90798      
   1150000   1.0073036      6.0736441      1.5109052      6.9018307    
   1160000   0.9955434      6.0797654      1.4932655      6.9065671    
   1170000   1.0027327      6.0792413      1.5040491      6.9035299    
   1180000   1.0022549      6.0837771      1.5033324      6.9114734    
   1190000   1.0006396      6.0745231      1.5009096      6.9059395    
   1200000   0.99983169     6.0831258      1.4996977      6.913465     
   1210000   1.0015444      6.0810244      1.5022667      6.9062311    
   1220000   0.99181918     6.0725762      1.4876793      6.8992195    
   1230000   0.99479486     6.0651624      1.4921427      6.9009961    
   1240000   0.99961792     6.0537282      1.4993771      6.897412     
   1250000   1.0050542      6.0722821      1.5075312      6.9035832    
   1260000   1.0055434      6.0681601      1.508265       6.90344      
   1270000   0.99481456     6.0686232      1.4921723      6.903143     
   1280000   1.0107916      6.0672397      1.516137       6.9059131    
   1290000   0.99992753     6.0837994      1.4998415      6.9124437    
   1300000   1.0020934      6.0631722      1.5030902      6.8972407    
   1310000   1.0110509      6.0892175      1.516526       6.9116539    
   1320000   1.006067       6.0735666      1.5090504      6.9040628    
   1330000   0.99854559     6.0787675      1.4977686      6.9116459    
   1340000   1.0083145      6.0577129      1.5124214      6.9022298    
   1350000   1.0044568      6.0783202      1.5066351      6.9085186    
   1360000   1.0066968      6.0785132      1.509995       6.9099745    
   1370000   0.9912495      6.081162       1.4868248      6.9072555    
   1380000   0.99978194     6.0776561      1.4996231      6.9026147    
   1390000   1.0044098      6.074294       1.5065647      6.9038321    
   1400000   0.99669548     6.0735199      1.4949936      6.9072023    
   1410000   0.99501208     6.0614658      1.4924685      6.9019812    
   1420000   0.99570591     6.0583747      1.4935092      6.9048181    
   1430000   0.99951435     6.0591404      1.4992217      6.9042105    
   1440000   1.0040519      6.0591864      1.5060278      6.9026349    
   1450000   1.0056627      6.0492905      1.5084439      6.891719     
   1460000   1.00679        6.076842       1.5101348      6.9073982    
   1470000   1.0024875      6.0764805      1.5036813      6.9119224    
   1480000   1.0095805      6.0671247      1.5143204      6.9026518    
   1490000   1.0003048      6.0788428      1.5004074      6.9094706    
   1500000   1.0055202      6.0829478      1.5082302      6.9122061    
   1510000   1.0037279      6.0695827      1.5055419      6.9048642    
   1520000   0.99774561     6.0705316      1.4965687      6.9079596    
   1530000   1.0027614      6.0613434      1.5040921      6.9007612    
   1540000   0.99980429     6.0739089      1.4996566      6.9093296    
   1550000   0.9987539      6.0725897      1.4980811      6.9084193    
   1560000   1.0013202      6.0649339      1.5019305      6.8955876    
   1570000   0.99843045     6.0935905      1.4975959      6.9189935    
   1580000   0.9992446      6.0753805      1.4988171      6.9048059    
   1590000   0.99617622     6.086427       1.4942147      6.9113414    
   1600000   0.99768625     6.0880995      1.4964797      6.9093008    
   1610000   0.99270702     6.0835934      1.4890111      6.9057948    
   1620000   0.99194245     6.0942203      1.4878642      6.9131293    
   1630000   1.005753       6.0850217      1.5085794      6.9072468    
   1640000   1.0057488      6.0880544      1.508573       6.9116311    
   1650000   1.0065045      6.0764633      1.5097066      6.9059332    
   1660000   0.99919132     6.0836332      1.4987372      6.9001748    
   1670000   1.0070606      6.0931587      1.5105407      6.907012     
   1680000   0.99903706     6.0859794      1.4985058      6.9091497    
   1690000   0.99321278     6.0859282      1.4897697      6.9094511    
   1700000   0.99997508     6.0833055      1.4999128      6.9080266    
   1710000   1.0056559      6.0729551      1.5084338      6.9070174    
   1720000   1.0012109      6.0799179      1.5017664      6.9050874    
   1730000   1.0094741      6.0926168      1.5141609      6.9115008    
   1740000   1.0044473      6.0808021      1.5066208      6.9035146    
   1750000   1.0022826      6.0969195      1.5033739      6.9108773    
   1760000   1.0074624      6.0743516      1.5111435      6.898853     
   1770000   0.99818868     6.0846435      1.4972333      6.9072253    
   1780000   1.0076753      6.0868943      1.5114627      6.913313     
   1790000   1.0025511      6.0806386      1.5037767      6.9110361    
   1800000   1.0001885      6.0738539      1.5002329      6.9046657    
   1810000   0.99379443     6.0632877      1.4906421      6.8998053    
   1820000   0.99813457     6.0693725      1.4971521      6.9039092    
   1830000   1.0061897      6.0703117      1.5092345      6.9041369    
   1840000   1.0035233      6.0799155      1.505235       6.9010282    
   1850000   1.0004559      6.0852898      1.5006339      6.9149063    
   1860000   0.99980436     6.0564072      1.4996567      6.8928525    
   1870000   0.99514187     6.0674427      1.4926632      6.9055385    
   1880000   0.99848042     6.0851228      1.4976709      6.908809     
   1890000   0.99265817     6.0703937      1.4889378      6.9066124    
   1900000   1.0047261      6.069424       1.5070391      6.9080138    
   1910000   1.0016889      6.0894508      1.5024835      6.9164168    
   1920000   0.99285051     6.0816154      1.4892263      6.9122986    
   1930000   1.007905       6.0751379      1.5118073      6.9087826    
   1940000   1.0035448      6.063153       1.5052673      6.9011766    
   1950000   0.99613872     6.0737604      1.4941584      6.9063501    
   1960000   0.99855881     6.0800761      1.4977885      6.9061671    
   1970000   1.0026126      6.0699889      1.5038689      6.9102243    
   1980000   0.99655744     6.0720159      1.4947865      6.9073596    
   1990000   0.99691881     6.0745127      1.4953285      6.9025596    
   2000000   0.9888161      6.0735079      1.4831749      6.9014283    
   2010000   0.99554413     6.0796841      1.4932666      6.9114385    
   2020000   0.99594675     6.0761659      1.4938705      6.9075871    
   2030000   0.99514614     6.092639       1.4926696      6.912313     
   2040000   1.0079904      6.0884016      1.5119353      6.9142047    
   2050000   1.0033953      6.0721454      1.5050429      6.9096021    
   2060000   1.0035607      6.0872744      1.5052911      6.9063178    
   2070000   1.0030732      6.0746822      1.5045599      6.9064956    
   2080000   1.0004956      6.0757407      1.5006935      6.9015432    
   2090000   1.0104731      6.0862449      1.5156593      6.9051733    
   2100000   0.99698731     6.0890941      1.4954313      6.9142618    
   2110000   0.99949616     6.0705102      1.4991944      6.9057649    
   2120000   0.99626872     6.0734465      1.4943534      6.9150679    
   2130000   1.0027502      6.062837       1.5040753      6.9096079    
   2140000   0.99773069     6.0741727      1.4965463      6.9068012    
   2150000   1.0009911      6.0724614      1.5014367      6.9108122    
   2160000   0.99810599     6.0644099      1.4971092      6.9079842    
   2170000   0.99818642     6.0762681      1.4972299      6.9054817    
   2180000   0.99911649     6.0713852      1.4986249      6.9056587    
   2190000   0.99874536     6.0689303      1.4980683      6.9042547    
   2200000   0.99741523     6.0812718      1.4960731      6.9055697    
   2210000   0.99993284     6.0787626      1.4998494      6.9049995    
   2220000   1.0045823      6.0686878      1.5068234      6.9083287    
   2230000   0.9966243      6.0731358      1.4948868      6.9036843    
   2240000   0.99797646     6.0696235      1.4969149      6.9077758    
   2250000   0.99961173     6.0650582      1.4993678      6.904034     
   2260000   0.99273756     6.073725       1.4890569      6.9064981    
   2270000   1.0031381      6.0812541      1.5046571      6.9188609    
   2280000   0.99347749     6.0696408      1.4901667      6.9144644    
   2290000   0.9999527      6.0670923      1.4998792      6.905475     
   2300000   0.9925904      6.0630695      1.4888361      6.9036883    
   2310000   1.0004134      6.0671718      1.5005702      6.9102569    
   2320000   0.99427968     6.0626458      1.49137        6.9081737    
   2330000   0.99779831     6.0557102      1.4966477      6.9045404    
   2340000   0.99731722     6.0724226      1.4959261      6.9099373    
   2350000   1.0047488      6.0603612      1.5070731      6.9058961    
   2360000   1.0060658      6.0661438      1.5090486      6.9048051    
   2370000   1.0128998      6.0583576      1.5192993      6.9000402    
   2380000   0.99497203     6.0557893      1.4924085      6.9000461    
   2390000   0.99480684     6.0667858      1.4921607      6.9069326    
   2400000   1.0037881      6.0792755      1.5056321      6.9094165    
   2410000   1.0023414      6.0716323      1.5034622      6.913487     
   2420000   1.0084153      6.0646078      1.5125727      6.9056008    
   2430000   1.0020827      6.0761361      1.5030741      6.9055319    
   2440000   1.0048756      6.0559303      1.5072633      6.8954543    
   2450000   0.99956935     6.0572311      1.4993042      6.9055698    
   2460000   0.99686739     6.0726867      1.4952514      6.9133054    
   2470000   1.0040912      6.0774586      1.5060867      6.9059555    
   2480000   0.9981851      6.0609838      1.4972279      6.9043777    
   2490000   1.0048995      6.0781807      1.5072991      6.9094531    
   2500000   1.0005236      6.0645368      1.5007355      6.9004249    
   2510000   0.99813667     6.0717651      1.4971553      6.9089329    
   2520000   1.0083952      6.0671807      1.5125425      6.9050869    
   2530000   0.99447275     6.067705       1.4916596      6.8995504    
   2540000   1.0055187      6.0761042      1.5082279      6.9064799    
   2550000   1.0024478      6.0701384      1.5036218      6.9080622    
   2560000   0.99619243     6.0818615      1.494239       6.9118515    
   2570000   0.99527453     6.0819704      1.4928622      6.9099957    
   2580000   1.002205       6.0729096      1.5032575      6.9105819    
   2590000   0.99779264     6.0628751      1.4966392      6.9032162    
   2600000   1.009589       6.0538386      1.5143332      6.899088     
   2610000   1.0051672      6.0643258      1.5077007      6.9059512    
   2620000   1.0018498      6.0612155      1.5027248      6.9008597    
   2630000   1.0032954      6.0595544      1.5048931      6.9075471    
   2640000   1.0049875      6.0662045      1.5074312      6.9045803    
   2650000   1.0070154      6.064552       1.5104728      6.9023688    
   2660000   0.99165921     6.0483217      1.4874394      6.9029274    
   2670000   0.99803441     6.0669479      1.4970019      6.9060924    
   2680000   0.99705697     6.0694518      1.4955358      6.9130721    
   2690000   0.99094783     6.065275       1.4863724      6.9045296    
   2700000   0.99730994     6.0737633      1.4959152      6.9067842    
   2710000   1.0007162      6.0662684      1.5010244      6.9013984    
   2720000   1.00051        6.0693437      1.5007151      6.9042438    
   2730000   0.99298886     6.0842248      1.4894338      6.9092592    
   2740000   1.0077464      6.0789561      1.5115694      6.9121556    
   2750000   1.0049747      6.0785013      1.5074119      6.907413     
   2760000   0.99880491     6.0786434      1.4981576      6.9077802    
   2770000   1.0066808      6.0674492      1.509971       6.9022919    
   2780000   1.0061962      6.0749384      1.5092441      6.9043157    
   2790000   0.99803285     6.0720046      1.4969995      6.9093927    
   2800000   0.99942492     6.0729112      1.4990876      6.9010046    
   2810000   0.99433217     6.085756       1.4914487      6.9101832    
   2820000   0.99110731     6.0895696      1.4866116      6.9102921    
   2830000   0.99924721     6.0796196      1.498821       6.9019734    
   2840000   0.99920458     6.0845472      1.4987571      6.9021094    
   2850000   1.0029626      6.0852682      1.504394       6.9098725    
   2860000   1.0008519      6.0798431      1.501228       6.9102199    
   2870000   0.99325268     6.0732856      1.4898295      6.9026086    
   2880000   0.99323328     6.0666727      1.4898004      6.8992217    
   2890000   0.99699363     6.0955518      1.4954408      6.9114609    
   2900000   1.0028408      6.0914797      1.5042112      6.9081701    
   2910000   0.99791465     6.1048397      1.4968223      6.9127329    
   2920000   1.0072484      6.0970103      1.5108224      6.9073496    
   2930000   0.9961654      6.0833709      1.4941985      6.9008907    
   2940000   1.0033509      6.0966618      1.5049764      6.9158347    
   2950000   0.98707198     6.0852559      1.4805588      6.9077719    
   2960000   1.0024416      6.0802508      1.5036124      6.9021901    
   2970000   0.99720979     6.0809395      1.495765       6.9099621    
   2980000   0.99608737     6.0807674      1.4940814      6.9060205    
   2990000   1.0122822      6.0778532      1.5183729      6.9043612    
   3000000   0.99003989     6.0862187      1.4850105      6.9057408    
   3010000   1.0009829      6.0697112      1.5014244      6.9040481    
   3020000   1.0029098      6.0740119      1.5043148      6.9041583    
   3030000   0.99352903     6.0756984      1.490244       6.9142026    
   3040000   1.0024868      6.0636691      1.5036802      6.9035561    
   3050000   1.0114632      6.0773934      1.5171444      6.9101605    
   3060000   0.99446383     6.0605565      1.4916462      6.9003135    
   3070000   0.99959167     6.0754863      1.4993377      6.904623     
   3080000   0.99138777     6.0854726      1.4870322      6.9155874    
   3090000   0.99976061     6.071547       1.4995911      6.912008     
   3100000   0.9964685      6.0629382      1.4946531      6.9053468    
   3110000   0.99845963     6.0493775      1.4976397      6.8996109    
   3120000   1.0039308      6.0670588      1.5058461      6.9070539    
   3130000   0.99949966     6.0783556      1.4991997      6.912469     
   3140000   1.0030184      6.0663729      1.5044776      6.9060955    
   3150000   1.0013203      6.063296       1.5019306      6.9058955    
   3160000   0.99104479     6.0817756      1.4865178      6.9112592    
   3170000   1.0016969      6.0554795      1.5024954      6.9062409    
   3180000   0.99742356     6.04048        1.4960856      6.8948866    
   3190000   1.0070175      6.0618309      1.510476       6.9066204    
   3200000   0.9916625      6.0581105      1.4874443      6.9031625    
   3210000   0.99848143     6.0530415      1.4976724      6.9040507    
   3220000   1.0067705      6.0669783      1.5101056      6.9079488    
   3230000   0.99968393     6.0542539      1.4994761      6.90306      
   3240000   1.0000921      6.0512603      1.5000884      6.9017072    
   3250000   1.0052916      6.0462102      1.5078873      6.8990536    
   3260000   1.0026256      6.0611846      1.5038885      6.9073387    
   3270000   1.0051084      6.0600034      1.5076125      6.9062251    
   3280000   1.0071364      6.0633604      1.5106544      6.8988097    
   3290000   0.99744293     6.0540223      1.4961147      6.9047586    
   3300000   1.0005684      6.0716027      1.5008027      6.907571     
   3310000   0.9986959      6.0645397      1.4979941      6.9036965    
   3320000   0.99400644     6.0678833      1.4909601      6.9089263    
   3330000   0.9997603      6.0421625      1.4995906      6.8947651    
   3340000   0.99939523     6.0690279      1.499043       6.9105104    
   3350000   0.99537321     6.0432188      1.4930102      6.8915321    
   3360000   0.99245382     6.0649624      1.4886313      6.9068052    
   3370000   0.99836949     6.0777782      1.4975045      6.9107182    
   3380000   1.0011987      6.0674867      1.5017482      6.8986893    
   3390000   1.0036153      6.0577113      1.505373       6.9035082    
   3400000   1.0025477      6.0724166      1.5037716      6.9106821    
   3410000   0.99280609     6.0652239      1.4891597      6.9026724    
   3420000   1.0013567      6.0770928      1.5019852      6.9036649    
   3430000   0.99562399     6.0754485      1.4933864      6.9098598    
   3440000   1.0010943      6.0668684      1.5015916      6.9082272    
   3450000   1.0069189      6.0650976      1.5103282      6.9020425    
   3460000   1.0023989      6.0741031      1.5035483      6.9136578    
   3470000   0.99268649     6.0527727      1.4889803      6.9004807    
   3480000   0.99880877     6.0756566      1.4981634      6.911659     
   3490000   0.99931583     6.0569643      1.4989239      6.9002544    
   3500000   0.99975317     6.0763901      1.4995799      6.9130525    
   3510000   1.0038348      6.0822031      1.5057022      6.9107611    
   3520000   0.99564568     6.0825487      1.4934189      6.9112016    
   3530000   1.0037581      6.0698043      1.5055872      6.9021378    
   3540000   1.0048769      6.0730586      1.5072653      6.9076039    
   3550000   0.99735562     6.0830546      1.4959837      6.9130672    
   3560000   1.0090943      6.0753671      1.5135912      6.9093601    
   3570000   0.99592314     6.0764781      1.4938351      6.9019359    
   3580000   1.0031431      6.0744387      1.5046646      6.8978556    
   3590000   0.99927817     6.0847179      1.4988675      6.902759     
   3600000   1.0042334      6.0866836      1.5063001      6.9058658    
   3610000   1.0015309      6.0812418      1.5022464      6.9154576    
   3620000   1.0014233      6.07354        1.5020851      6.9019109    
   3630000   1.0007636      6.0644633      1.5010956      6.9001911    
   3640000   0.99241621     6.0730924      1.4885749      6.9063547    
   3650000   1.0078006      6.0636379      1.5116507      6.9038913    
   3660000   1.0093451      6.0727971      1.5139674      6.90547      
   3670000   1.0016863      6.0934057      1.5024795      6.9122762    
   3680000   1.0000389      6.0669911      1.5000086      6.9053739    
   3690000   0.99620139     6.0773415      1.4942524      6.9080442    
   3700000   0.99709298     6.0645373      1.4955898      6.9002695    
   3710000   1.0027928      6.0843534      1.5041392      6.9026402    
   3720000   1.0113074      6.0764167      1.5169108      6.9084875    
   3730000   1.0006362      6.0744397      1.5009045      6.9117061    
   3740000   1.0053166      6.0608023      1.5079248      6.8984725    
   3750000   0.99861205     6.0738074      1.4978683      6.9080244    
   3760000   1.0064693      6.0707002      1.5096538      6.903386     
   3770000   1.0072908      6.0756155      1.5108861      6.9030805    
   3780000   0.99951961     6.068576       1.4992296      6.9051027    
   3790000   0.99980107     6.0809517      1.4996518      6.9038338    
   3800000   1.0007728      6.078551       1.5011093      6.9037282    
   3810000   0.99979947     6.0865203      1.4996494      6.9081021    
   3820000   0.99663903     6.0798247      1.4949089      6.909001     
   3830000   0.9968541      6.067962       1.4952315      6.9027129    
   3840000   0.99053044     6.0711273      1.4857463      6.9017735    
   3850000   0.99991156     6.077442       1.4998175      6.9073174    
   3860000   1.0044207      6.0853154      1.506581       6.9071246    
   3870000   0.99930113     6.0754476      1.4989019      6.9039485    
   3880000   1.0014953      6.0665477      1.5021931      6.898789     
   3890000   1.0090579      6.0652469      1.5135365      6.8912579    
   3900000   1.0061685      6.0699686      1.5092026      6.9066904    
   3910000   1.001711       6.0870948      1.5025166      6.9084514    
   3920000   0.99886599     6.0851617      1.4982492      6.912859     
   3930000   1.0040494      6.0781596      1.5060241      6.903715     
   3940000   0.99547561     6.0741746      1.4931638      6.9062692    
   3950000   0.99626979     6.0710447      1.494355       6.899131     
   3960000   0.99882993     6.0931709      1.4981951      6.9203193    
   3970000   0.99686731     6.0885995      1.4952513      6.9140915    
   3980000   1.0006638      6.0988976      1.5009458      6.9122241    
   3990000   0.99673723     6.0858997      1.4950562      6.9032733    
   4000000   0.99822851     6.0748145      1.497293       6.9030184    
   4010000   0.99638909     6.0811266      1.494534       6.9117317    
   4020000   1.0025945      6.0837191      1.5038418      6.9047464    
   4030000   0.99910787     6.085138       1.498612       6.9105847    
   4040000   1.0032761      6.0839035      1.5048642      6.9026469    
   4050000   0.99605684     6.0773721      1.4940356      6.9042461    
   4060000   1.0007484      6.0737773      1.5010727      6.9042126    
   4070000   0.99939557     6.0780344      1.4990436      6.9107368    
   4080000   1.0132653      6.0872594      1.5198475      6.9079952    
   4090000   0.99825032     6.0737151      1.4973257      6.9090449    
   4100000   1.0032394      6.0699757      1.5048091      6.9033795    
   4110000   0.99870899     6.0769736      1.4980137      6.902119     
   4120000   0.99504156     6.0827251      1.4925128      6.9120111    
   4130000   0.99601151     6.0801088      1.4939676      6.908691     
   4140000   1.0007124      6.0931438      1.5010187      6.909853     
   4150000   0.9930442      6.0877692      1.4895168      6.9019692    
   4160000   0.99018654     6.0844709      1.4852305      6.911335     
   4170000   1.0048031      6.0865177      1.5071546      6.8973945    
   4180000   0.99504546     6.0967487      1.4925186      6.9051811    
   4190000   1.0068013      6.097446       1.5101518      6.9128635    
   4200000   0.99446863     6.0944319      1.4916534      6.9071525    
   4210000   0.9880892      6.0897786      1.4820846      6.9060912    
   4220000   1.00237        6.0858942      1.5035051      6.9096075    
   4230000   0.99185031     6.0847289      1.487726       6.9103019    
   4240000   0.99606538     6.0837857      1.4940484      6.912897     
   4250000   0.99726297     6.0872335      1.4958448      6.9072586    
   4260000   1.0046455      6.0811923      1.5069183      6.9013062    
   4270000   1.0055666      6.0824413      1.5082997      6.9060827    
   4280000   0.99354952     6.0943136      1.4902748      6.9166409    
   4290000   0.99376353     6.0780571      1.4905958      6.9097484    
   4300000   1.0015975      6.0889047      1.5023463      6.9171089    
   4310000   1.0066772      6.07173        1.5099657      6.9074822    
   4320000   1.0132377      6.0751293      1.5198061      6.8999524    
   4330000   0.99244346     6.0821177      1.4886157      6.9019595    
   4340000   1.0016082      6.0876133      1.5023624      6.9076718    
   4350000   0.99746704     6.0822107      1.4961509      6.9091822    
   4360000   1.0026425      6.0722952      1.5039138      6.8970581    
   4370000   1.0052819      6.0813307      1.5078728      6.9068736    
   4380000   1.0005515      6.0716443      1.5007773      6.9021823    
   4390000   0.99932961     6.085866       1.4989446      6.9162863    
   4400000   1.0077516      6.0828208      1.5115771      6.9067562    
   4410000   1.0007291      6.0833229      1.5010437      6.9087574    
   4420000   1.011592       6.0867369      1.5173376      6.9103215    
   4430000   1.0105308      6.0852055      1.5157458      6.908694     
   4440000   1.0070597      6.0662302      1.5105394      6.896482     
   4450000   1.005639       6.0775006      1.5084083      6.9075839    
   4460000   0.98996976     6.0848529      1.4849053      6.9011551    
   4470000   0.99781372     6.0705973      1.4966709      6.9009025    
   4480000   1.004634       6.0847167      1.506901       6.9081459    
   4490000   1.0006329      6.0931474      1.5008995      6.9144181    
   4500000   1.011369       6.0817613      1.517003       6.9080107    
   4510000   1.0038228      6.0925302      1.5056841      6.9085654    
   4520000   0.99964387     6.0892333      1.499416       6.9081824    
   4530000   0.99719176     6.0892226      1.4957379      6.9146431    
   4540000   0.99156282     6.084989       1.4872948      6.9029644    
   4550000   1.00229        6.0812565      1.5033851      6.9044666    
   4560000   0.99331345     6.0853429      1.4899207      6.9057639    
   4570000   0.99315397     6.0982861      1.4896815      6.9127242    
   4580000   1.000474       6.0914892      1.5006612      6.9136681    
   4590000   0.99826181     6.0861491      1.497343       6.9118029    
   4600000   0.99938525     6.0879484      1.4990281      6.9087374    
   4610000   1.0014925      6.0835704      1.5021888      6.9095513    
   4620000   0.99703496     6.0779902      1.4955027      6.9025881    
   4630000   1.0028448      6.0779009      1.5042173      6.9039105    
   4640000   1.0019467      6.0936044      1.5028701      6.9122155    
   4650000   0.99611844     6.0876994      1.494128       6.9034245    
   4660000   0.99526003     6.0994699      1.4928405      6.9136976    
   4670000   0.99973492     6.0863717      1.4995526      6.9039596    
   4680000   1.0007482      6.0837498      1.5010724      6.912258     
   4690000   0.99686391     6.0826915      1.4952462      6.9071887    
   4700000   0.99743071     6.085184       1.4960964      6.899707     
   4710000   0.99914045     6.0858824      1.4986609      6.9103501    
   4720000   0.99549317     6.0763337      1.4931901      6.9033443    
   4730000   1.0015058      6.0735918      1.5022088      6.9067682    
   4740000   1.0125472      6.0679882      1.5187704      6.9027018    
   4750000   0.99816569     6.080232       1.4971988      6.9046896    
   4760000   1.0007201      6.0723268      1.5010303      6.9078957    
   4770000   1.0069866      6.0766965      1.5104298      6.9034495    
   4780000   1.0015097      6.0797354      1.5022147      6.9088439    
   4790000   0.99911879     6.0761827      1.4986284      6.9045235    
   4800000   0.99985145     6.0656284      1.4997273      6.9018631    
   4810000   0.99989313     6.0715263      1.4997899      6.9056805    
   4820000   0.99666681     6.0722618      1.4949506      6.9059521    
   4830000   1.0024413      6.0726393      1.5036119      6.903833     
   4840000   0.99967121     6.0739663      1.499457       6.8994953    
   4850000   0.99911682     6.0780316      1.4986254      6.9091484    
   4860000   0.99615776     6.0893203      1.494187       6.9104929    
   4870000   1.0023881      6.093968       1.5035322      6.9156013    
   4880000   0.99839124     6.0818256      1.4975371      6.9119521    
   4890000   0.99386712     6.0774387      1.4907512      6.9107673    
   4900000   0.99743639     6.0874236      1.4961049      6.9043285    
   4910000   1.0036722      6.0924673      1.5054583      6.9121457    
   4920000   1.0017902      6.0850613      1.5026354      6.9047169    
   4930000   0.99652202     6.096975       1.4947334      6.907936     
   4940000   0.99312166     6.0878601      1.489633       6.9065272    
   4950000   0.99743312     6.0801824      1.4961         6.9090152    
   4960000   1.0042338      6.0866725      1.5063006      6.9086597    
   4970000   0.98506559     6.0825635      1.4775493      6.904446     
   4980000   1.0061526      6.1019405      1.5091787      6.9177585    
   4990000   1.0022308      6.0925802      1.5032963      6.9168123    
   5000000   1.007413       6.0771129      1.5110694      6.9073085    
   5010000   1.0067096      6.0787673      1.5100143      6.9042185    
   5020000   1.0083587      6.0721684      1.5124878      6.9026451    
   5030000   0.99636711     6.0795229      1.494501       6.9078608    
   5040000   0.99234891     6.0701592      1.4884739      6.9155646    
   5050000   0.99929948     6.0671461      1.4988994      6.9025424    
   5060000   1.0014364      6.0725658      1.5021047      6.9105941    
   5070000   1.0037153      6.0558581      1.5055229      6.9084171    
   5080000   0.99566565     6.0663896      1.4934489      6.9030433    
   5090000   1.0048506      6.070437       1.5072258      6.9125276    
   5100000   0.99705741     6.0638785      1.4955364      6.9090381    
   5110000   0.99402781     6.0588397      1.4909922      6.9076591    
   5120000   0.99643394     6.0724179      1.4946013      6.9091479    
   5130000   0.99135979     6.0699484      1.4869903      6.9122492    
   5140000   0.99625779     6.0631638      1.494337       6.9080905    
   5150000   0.99663831     6.0389225      1.4949078      6.8933848    
   5160000   1.0019304      6.0660598      1.5028457      6.9021372    
   5170000   0.99953497     6.0503835      1.4992526      6.9072277    
   5180000   0.99289557     6.054187       1.4892939      6.8993393    
   5190000   0.99834102     6.0603371      1.4974618      6.9012935    
   5200000   1.0028454      6.0605457      1.5042182      6.8981607    
   5210000   0.99037276     6.0659009      1.4855098      6.9070147    
   5220000   0.99442048     6.063844       1.4915812      6.910733     
   5230000   1.0055798      6.074128       1.5083196      6.9146777    
   5240000   0.99852104     6.0477951      1.4977318      6.8964862    
   5250000   0.99887228     6.0566004      1.4982586      6.9004007    
   5260000   1.003476       6.0511915      1.505164       6.9044668    
   5270000   0.99738108     6.0406354      1.4960219      6.8982394    
   5280000   1.0006886      6.0551885      1.500983       6.904725     
   5290000   0.9955578      6.0547053      1.4932871      6.9058699    
   5300000   1.002466       6.0517237      1.5036491      6.9047478    
   5310000   0.99994579     6.0680711      1.4998689      6.9142861    
   5320000   1.0029952      6.0633058      1.5044428      6.9089678    
   5330000   0.99464763     6.0504552      1.4919219      6.9003879    
   5340000   1.0045357      6.0612871      1.5067535      6.9064003    
   5350000   0.99539283     6.0433212      1.4930396      6.9012979    
   5360000   0.99024737     6.0724791      1.4853217      6.9094173    
   5370000   0.99589378     6.0658207      1.493791       6.9103204    
   5380000   0.99692557     6.0482302      1.4953387      6.8975277    
   5390000   1.0064808      6.0475726      1.509671       6.8946619    
   5400000   0.9970657      6.0691991      1.4955489      6.9042995    
   5410000   0.99912827     6.0653396      1.4986426      6.9091204    
   5420000   0.9977936      6.060548       1.4966407      6.9014087    
   5430000   0.99705812     6.0685399      1.4955375      6.9110111    
   5440000   0.99912373     6.070362       1.4986358      6.9041342    
   5450000   0.9957639      6.0498676      1.4935962      6.8933786    
   5460000   1.0013992      6.0654448      1.5020489      6.9072054    
   5470000   1.00783        6.0604146      1.5116947      6.9047065    
   5480000   1.0004731      6.0717381      1.5006598      6.9072878    
   5490000   1.0087842      6.0600609      1.513126       6.9004018    
   5500000   0.99439978     6.0576819      1.4915501      6.8977013    
   5510000   1.0012446      6.0699442      1.501817       6.9114695    
   5520000   1.0026653      6.0814338      1.503948       6.9087027    
   5530000   0.9998873      6.07292        1.4997811      6.9025883    
   5540000   0.99440755     6.0630413      1.4915618      6.9002936    
   5550000   0.998346       6.0657774      1.4974692      6.9039905    
   5560000   1.0048331      6.0632375      1.5071996      6.9090644    
   5570000   1.0020682      6.0619668      1.5030524      6.9048236    
   5580000   0.99161376     6.0711542      1.4873712      6.9054649    
   5590000   0.99659863     6.0680364      1.4948483      6.909595     
   5600000   0.99976781     6.0596705      1.4996019      6.9053493    
   5610000   0.99922306     6.0723944      1.4987848      6.9084381    
   5620000   1.000038       6.0756856      1.5000072      6.9039052    
   5630000   0.99536815     6.0716376      1.4930026      6.9074371    
   5640000   0.99649513     6.0767086      1.494693       6.9114065    
   5650000   1.0034922      6.082589       1.5051883      6.905658     
   5660000   0.99850947     6.0695315      1.4977144      6.9117827    
   5670000   1.0022853      6.0700142      1.503378       6.903476     
   5680000   0.9937235      6.0686934      1.4905357      6.904394     
   5690000   0.99716358     6.0739547      1.4956957      6.9042935    
   5700000   1.0014915      6.0718627      1.5021874      6.9112328    
   5710000   1.0087722      6.0729993      1.513108       6.9081408    
   5720000   0.99514049     6.076545       1.4926611      6.9083958    
   5730000   1.004427       6.0682844      1.5065904      6.9073651    
   5740000   1.0019769      6.0745207      1.5029154      6.9031421    
   5750000   1.006403       6.0831888      1.5095543      6.9105426    
   5760000   1.0036537      6.0798837      1.5054306      6.9108105    
   5770000   1.0026629      6.0684915      1.5039444      6.9019978    
   5780000   0.99478082     6.0708187      1.4921217      6.9075419    
   5790000   0.99967986     6.0762036      1.49947        6.9117623    
   5800000   1.0074149      6.057003       1.5110721      6.8984928    
   5810000   0.99307006     6.0723306      1.4895556      6.9117481    
   5820000   1.0008008      6.0641376      1.5011513      6.9065892    
   5830000   0.99409952     6.0659711      1.4910997      6.9012065    
   5840000   1.0036253      6.0693172      1.5053879      6.910846     
   5850000   1.0008803      6.054255       1.5012705      6.9043228    
   5860000   0.99510105     6.0618891      1.492602       6.905136     
   5870000   0.99187583     6.0662152      1.4877643      6.9138968    
   5880000   1.0021703      6.05616        1.5032055      6.9059427    
   5890000   1.001769       6.046496       1.5026035      6.9028999    
   5900000   1.0031626      6.0641591      1.5046939      6.9001436    
   5910000   1.0013262      6.0743178      1.5019394      6.9024018    
   5920000   1.0022973      6.0741941      1.5033961      6.9096753    
   5930000   1.0020864      6.0701317      1.5030797      6.9094493    
   5940000   1.0002059      6.0650937      1.5002591      6.9143012    
   5950000   0.99780573     6.0572172      1.4966589      6.9081059    
   5960000   1.001029       6.0642175      1.5014936      6.9091972    
   5970000   0.9973851      6.0615803      1.496028       6.9085424    
   5980000   1.0035097      6.0600199      1.5052145      6.9018943    
   5990000   1.0078617      6.0694428      1.5117424      6.8988486    
   6000000   1.0024868      6.0645258      1.5036802      6.9043212    
   6010000   1.0074739      6.0660636      1.5111607      6.9048972    
   6020000   0.99486124     6.0740217      1.4922423      6.9124424    
   6030000   0.99628326     6.0641556      1.4943752      6.9023407    
   6040000   0.99958177     6.0815914      1.4993228      6.9101338    
   6050000   1.0033837      6.0834851      1.5050256      6.9030489    
   6060000   1.0016312      6.0749985      1.5023968      6.9077128    
   6070000   1.0053038      6.0784429      1.5079057      6.9106073    
   6080000   1.0039416      6.0785896      1.5058624      6.9057375    
   6090000   1.0007375      6.0737201      1.5010563      6.8974323    
   6100000   0.98943921     6.0770811      1.4841095      6.9052302    
   6110000   0.99309016     6.0702799      1.4895858      6.9012551    
   6120000   1.0031626      6.081827       1.5046939      6.9013109    
   6130000   1.0018773      6.0617503      1.502766       6.901984     
   6140000   0.99105529     6.0782219      1.4865335      6.9033529    
   6150000   0.99116417     6.076258       1.4866969      6.9018614    
   6160000   1.0071864      6.0840381      1.5107295      6.907123     
   6170000   0.99484076     6.0826873      1.4922116      6.9051861    
   6180000   1.0159272      6.0838541      1.5238401      6.9072141    
   6190000   1.0098799      6.0722105      1.5147695      6.8980115    
   6200000   1.0006446      6.0767524      1.500917       6.9052636    
   6210000   0.9987878      6.0801531      1.4981319      6.901422     
   6220000   0.99765702     6.0731543      1.4964358      6.8993189    
   6230000   0.99865956     6.0825808      1.4979396      6.9031674    
   6240000   1.0055258      6.0711576      1.5082386      6.9033865    
   6250000   0.99681265     6.0870376      1.4951693      6.9131958    
   6260000   0.99842391     6.0688861      1.4975861      6.9016713    
   6270000   1.0055067      6.0788925      1.50821        6.9148147    
   6280000   0.99759685     6.069678       1.4963456      6.9046828    
   6290000   0.99932811     6.0872098      1.4989424      6.9041305    
   6300000   1.0036932      6.0852839      1.5054898      6.908217     
   6310000   1.0082981      6.0759498      1.5123969      6.9040826    
   6320000   1.002963       6.0714486      1.5043946      6.8975812    
   6330000   0.99554489     6.0738402      1.4932677      6.9018269    
   6340000   1.000174       6.0764724      1.5002111      6.9076283    
   6350000   0.99166774     6.0830005      1.4874522      6.9030736    
   6360000   1.000312       6.0871131      1.5004181      6.9053816    
   6370000   0.99860056     6.0865819      1.4978511      6.908867     
   6380000   0.99937884     6.0803769      1.4990185      6.9094601    
   6390000   0.99986726     6.076551       1.4997511      6.8982356    
   6400000   0.99989824     6.08366        1.4997975      6.9122781    
   6410000   1.0021547      6.0823482      1.5031821      6.9056052    
   6420000   0.99948778     6.0846228      1.4991819      6.909711     
   6430000   1.0038378      6.0736688      1.5057067      6.9110576    
   6440000   0.99828402     6.0811195      1.4973763      6.9067196    
   6450000   1.0032601      6.0607857      1.5048401      6.899243     
   6460000   1.0075684      6.0672743      1.5113024      6.904447     
   6470000   0.99437802     6.0913897      1.4915175      6.9185342    
   6480000   1.0024242      6.0599051      1.5035863      6.8972489    
   6490000   1.0054492      6.0809224      1.5081236      6.9105731    
   6500000   1.0083803      6.0909637      1.5125202      6.9131585    
   6510000   0.99955581     6.0656388      1.4992839      6.9059703    
   6520000   0.99518714     6.0732875      1.4927311      6.9064997    
   6530000   0.99972419     6.0605955      1.4995365      6.9097048    
   6540000   0.99139433     6.0628071      1.4870421      6.9066845    
   6550000   1.0084586      6.0699446      1.5126377      6.8977347    
   6560000   0.99357041     6.0829901      1.4903061      6.9097763    
   6570000   0.99692854     6.0629757      1.4953431      6.9003622    
   6580000   0.99048892     6.0617252      1.485684       6.8984396    
   6590000   0.99648877     6.0619988      1.4946835      6.9039016    
   6600000   0.99565965     6.06634        1.4934399      6.9039594    
   6610000   0.98998276     6.0724712      1.4849248      6.9047298    
   6620000   0.99309084     6.0775978      1.4895868      6.9088864    
   6630000   0.99558769     6.0687278      1.4933319      6.906302     
   6640000   1.0037195      6.0708153      1.5055292      6.9018023    
   6650000   0.99427917     6.0650913      1.4913692      6.9033802    
   6660000   0.99317514     6.0752843      1.4897132      6.9124409    
   6670000   1.0009565      6.073459       1.5013848      6.9049199    
   6680000   1.0023069      6.0556883      1.5034104      6.9006317    
   6690000   0.9992666      6.0596716      1.4988501      6.9060081    
   6700000   1.0020686      6.0778384      1.503053       6.9160596    
   6710000   0.99352686     6.0702539      1.4902408      6.9076337    
   6720000   0.99689012     6.0851296      1.4952855      6.9077565    
   6730000   1.0026122      6.078584       1.5038684      6.9099727    
   6740000   1.0043774      6.0752497      1.506516       6.9037924    
   6750000   1.0049823      6.0814663      1.5074234      6.9148675    
   6760000   0.98954379     6.0584702      1.4842664      6.9018515    
   6770000   1.0038102      6.0647526      1.5056653      6.9065905    
   6780000   1.0038682      6.0662918      1.5057523      6.899081     
   6790000   1.0126429      6.0650813      1.5189139      6.8991396    
   6800000   0.99907001     6.0717398      1.4985552      6.9066014    
   6810000   0.99704631     6.0783727      1.4955198      6.9110098    
   6820000   0.99554727     6.0655823      1.4932713      6.9033458    
   6830000   1.0052331      6.0694729      1.5077996      6.8962255    
   6840000   0.99953232     6.0897473      1.4992487      6.9100229    
   6850000   0.99083994     6.0647803      1.4862105      6.9066549    
   6860000   1.006361       6.064123       1.5094913      6.906813     
   6870000   1.0021725      6.0611481      1.5032088      6.9060701    
   6880000   0.99835183     6.0618243      1.497478       6.899284     
   6890000   1.0020323      6.0569944      1.5029986      6.9003384    
   6900000   0.99987485     6.0849634      1.4997624      6.9099126    
   6910000   1.0043782      6.0954247      1.5065172      6.9107783    
   6920000   1.0041427      6.0768806      1.5061639      6.906069     
   6930000   1.007387       6.07832        1.5110303      6.9064829    
   6940000   1.0044422      6.0605396      1.5066133      6.9039799    
   6950000   0.99486663     6.0725802      1.4922504      6.9085004    
   6960000   0.99839578     6.0741316      1.4975439      6.9074764    
   6970000   0.99911854     6.0777407      1.498628       6.9066701    
   6980000   1.0044593      6.0685024      1.5066389      6.9083592    
   6990000   0.9996053      6.0637054      1.4993581      6.9065743    
   7000000   0.99839227     6.0580758      1.4975387      6.9100222    
   7010000   0.99801507     6.0705395      1.4969729      6.9079241    
   7020000   1.0073155      6.080846       1.510923       6.9148262    
   7030000   0.99457267     6.0679826      1.4918094      6.9045115    
   7040000   1.0070347      6.0721133      1.5105019      6.9067663    
   7050000   0.9959455      6.0868626      1.4938686      6.9092093    
   7060000   0.99772307     6.0779604      1.4965349      6.9049013    
   7070000   1.0003525      6.0869315      1.5004789      6.9130965    
   7080000   1.002359       6.0956606      1.5034885      6.90967      
   7090000   0.9950885      6.0806978      1.4925832      6.904443     
   7100000   1.0064474      6.0735708      1.5096209      6.8960473    
   7110000   1.0013547      6.075394       1.5019822      6.9050364    
   7120000   0.99283927     6.0854223      1.4892094      6.9072131    
   7130000   0.99702515     6.089794       1.495488       6.9117498    
   7140000   0.99817126     6.0838115      1.4972071      6.9061155    
   7150000   1.0062848      6.0717754      1.509377       6.9016236    
   7160000   0.99912651     6.0756069      1.49864        6.8978275    
   7170000   0.99650569     6.0797195      1.4947089      6.9106843    
   7180000   0.99853005     6.0634296      1.4977453      6.8994833    
   7190000   1.0065738      6.0732468      1.5098106      6.9041583    
   7200000   1.0128636      6.0815688      1.5192449      6.9026971    
   7210000   1.0003286      6.0727036      1.500443       6.9089838    
   7220000   0.99673652     6.0686234      1.4950551      6.9001795    
   7230000   0.99576913     6.0763341      1.4936041      6.9071514    
   7240000   1.0033234      6.0632669      1.5049351      6.9022116    
   7250000   1.0032138      6.0694238      1.5047707      6.9040876    
   7260000   0.99695601     6.0732809      1.4953843      6.9061731    
   7270000   1.0015817      6.0771485      1.5023227      6.8979157    
   7280000   1.0028221      6.0653834      1.5041832      6.9068091    
   7290000   1.0005864      6.0679564      1.5008298      6.9066211    
   7300000   0.99888946     6.0641989      1.4982844      6.9006886    
   7310000   0.99901387     6.0617744      1.498471       6.9094186    
   7320000   1.0080001      6.0518915      1.5119499      6.9004825    
   7330000   0.99513148     6.0776992      1.4926476      6.9136772    
   7340000   0.9970809      6.0730204      1.4955717      6.9074997    
   7350000   1.0028002      6.0727331      1.5041503      6.9020727    
   7360000   0.99322861     6.076615       1.4897934      6.906158     
   7370000   0.99478293     6.0774321      1.4921248      6.9125857    
   7380000   0.99500584     6.0801356      1.4924592      6.9097905    
   7390000   1.0038051      6.0756096      1.5056577      6.9075804    
   7400000   0.996533       6.0642641      1.4947498      6.9049291    
   7410000   0.99394555     6.0613699      1.4908688      6.905626     
   7420000   0.99972892     6.0599183      1.4995436      6.907756     
   7430000   0.99683869     6.066515       1.4952084      6.9114127    
   7440000   1.0022667      6.0570977      1.5033501      6.8945905    
   7450000   0.98661911     6.0656037      1.4798795      6.9061589    
   7460000   1.0004652      6.0517624      1.5006479      6.9035081    
   7470000   0.99920012     6.0567221      1.4987504      6.9083133    
   7480000   1.0013264      6.0641843      1.5019398      6.9114743    
   7490000   1.0031105      6.0593185      1.5046158      6.9020037    
   7500000   1.0005499      6.0476466      1.5007749      6.9028409    
   7510000   1.0056646      6.0448866      1.5084468      6.9025116    
   7520000   1.0039522      6.0448326      1.5058782      6.8946916    
   7530000   0.99999081     6.0572143      1.4999364      6.9028929    
   7540000   0.99753521     6.0661572      1.4962531      6.9094455    
   7550000   1.0102351      6.0655401      1.5153022      6.9069416    
   7560000   1.0027328      6.0696016      1.5040492      6.9075039    
   7570000   0.99191155     6.0905183      1.4878179      6.9144938    
   7580000   0.99819458     6.0787396      1.4972421      6.9077415    
   7590000   1.0037654      6.0481017      1.5055981      6.9001905    
   7600000   1.0077538      6.068512       1.5115805      6.9139383    
   7610000   1.0076902      6.0610834      1.511485       6.9018223    
   7620000   1.0009025      6.0623826      1.5013038      6.9049206    
   7630000   1.0033895      6.0715779      1.5050342      6.9132481    
   7640000   0.9954138      6.0708891      1.4930711      6.9051115    
   7650000   1.0026979      6.0627963      1.5039968      6.9017779    
   7660000   1.0012094      6.075366       1.5017642      6.9053367    
   7670000   1.0053365      6.0683796      1.5079547      6.906247     
   7680000   1.0019356      6.062196       1.5028535      6.9016204    
   7690000   1.0052394      6.064909       1.507809       6.9009881    
   7700000   1.0037763      6.0758025      1.5056144      6.9065765    
   7710000   0.9951236      6.0679319      1.4926358      6.9057207    
   7720000   0.993663       6.0535664      1.490445       6.8993328    
   7730000   0.99946974     6.0708718      1.4991548      6.9007049    
   7740000   1.0011471      6.071972       1.5016708      6.9107654    
   7750000   0.99946439     6.0689764      1.4991468      6.9016079    
   7760000   0.99117392     6.0575839      1.4867115      6.899013     
   7770000   1.0044074      6.066965       1.5065611      6.9081791    
   7780000   0.99152287     6.076297       1.4872349      6.9084099    
   7790000   0.99951739     6.0661736      1.4992263      6.9081206    
   7800000   1.0075154      6.0761612      1.5112229      6.9064236    
   7810000   0.99972462     6.0700902      1.4995371      6.904846     
   7820000   0.99748169     6.0822232      1.4961728      6.9103993    
   7830000   0.99972833     6.0741255      1.4995427      6.9102027    
   7840000   0.99065595     6.0792724      1.4859346      6.9117503    
   7850000   0.99829637     6.0821889      1.4973948      6.9077504    
   7860000   1.0020644      6.0790867      1.5030467      6.9090959    
   7870000   1.0020349      6.0599448      1.5030024      6.8988975    
   7880000   1.002922       6.0552629      1.504333       6.8990331    
   7890000   1.0003514      6.0643953      1.5004772      6.9059576    
   7900000   1.0003753      6.0800917      1.5005131      6.9113377    
   7910000   0.99570924     6.0665499      1.4935142      6.9015983    
   7920000   0.99591979     6.0722557      1.4938301      6.9060903    
   7930000   1.0015087      6.081422       1.5022131      6.9127486    
   7940000   1.0023829      6.0775064      1.5035244      6.9044235    
   7950000   1.0036791      6.0871666      1.5054686      6.9096306    
   7960000   1.0012217      6.0832785      1.5017827      6.9090508    
   7970000   1.0054122      6.0749218      1.5080682      6.9044107    
   7980000   0.99810372     6.0575577      1.4971058      6.9018566    
   7990000   1.001018       6.0667692      1.501477       6.9027956    
   8000000   0.99884953     6.0662728      1.4982245      6.9097499    
   8010000   1.0019182      6.0738767      1.5028274      6.9151932    
   8020000   1.0036891      6.0483402      1.5054836      6.9008105    
   8030000   0.99652151     6.0672003      1.4947326      6.9079201    
   8040000   1.0057883      6.0680141      1.5086323      6.906213     
   8050000   1.0025721      6.0759702      1.5038082      6.9090708    
   8060000   1.0102437      6.0703238      1.5153151      6.9020029    
   8070000   0.99688446     6.0792334      1.495277       6.9107444    
   8080000   1.007489       6.0644944      1.5111832      6.8994261    
   8090000   1.0018036      6.0713267      1.5026555      6.9018722    
   8100000   1.0000908      6.0618229      1.5000864      6.8989997    
   8110000   1.0104486      6.0730677      1.5156226      6.9061463    
   8120000   1.0019027      6.0552151      1.5028041      6.9005765    
   8130000   1.0023189      6.0605142      1.5034284      6.9032799    
   8140000   1.0045128      6.0561535      1.5067192      6.8962083    
   8150000   0.99558523     6.0555089      1.4933282      6.9059916    
   8160000   1.0045816      6.0773855      1.5068224      6.908289     
   8170000   1.0068103      6.0693129      1.5101653      6.9032094    
   8180000   1.004968       6.0657272      1.5074019      6.8982346    
   8190000   1.0066508      6.0758237      1.5099261      6.9069133    
   8200000   0.99563148     6.0682985      1.4933976      6.9062149    
   8210000   0.9974042      6.0734378      1.4960566      6.9076417    
   8220000   0.99999658     6.0815905      1.499945       6.9090421    
   8230000   0.99429286     6.0714703      1.4913897      6.9041036    
   8240000   1.0054116      6.0858199      1.5080673      6.9089994    
   8250000   1.0048001      6.0674865      1.50715        6.9032723    
   8260000   0.99723942     6.0994929      1.4958094      6.914354     
   8270000   1.0013679      6.0736155      1.502002       6.898258     
   8280000   1.0017884      6.0917639      1.5026327      6.9134522    
   8290000   0.997656       6.0752069      1.4964343      6.9099065    
   8300000   1.0029581      6.0615138      1.5043872      6.8934267    
   8310000   1.0008531      6.0714637      1.5012298      6.9087064    
   8320000   1.0053179      6.0792438      1.5079267      6.9100703    
   8330000   1.0049228      6.0660404      1.5073341      6.9069163    
   8340000   1.0040276      6.0769635      1.5059913      6.9127958    
   8350000   0.99031558     6.0878942      1.485424       6.9164169    
   8360000   1.0005235      6.0690426      1.5007354      6.9087217    
   8370000   0.99868641     6.0737301      1.4979798      6.9126954    
   8380000   1.0010518      6.0788109      1.5015279      6.9083826    
   8390000   1.0040203      6.0879223      1.5059805      6.917768     
   8400000   1.0077068      6.0733472      1.51151        6.9071041    
   8410000   1.0031855      6.0556287      1.5047282      6.9011604    
   8420000   1.0013436      6.0637501      1.5019655      6.9089154    
   8430000   0.99792569     6.0648648      1.4968388      6.9069214    
   8440000   1.0045657      6.0645431      1.5067985      6.9046012    
   8450000   1.0035738      6.0504006      1.5053108      6.9021125    
   8460000   1.002391       6.0655422      1.5035366      6.9115917    
   8470000   0.99994516     6.0840535      1.4998679      6.9141309    
   8480000   1.0001627      6.0690625      1.5001941      6.9092198    
   8490000   1.0058252      6.0629336      1.5086876      6.9078596    
   8500000   1.0066098      6.0606465      1.5098646      6.9057987    
   8510000   0.99844265     6.0524512      1.4976142      6.908766     
   8520000   0.99737503     6.054604       1.4960128      6.903899     
   8530000   1.0024048      6.0631684      1.5035573      6.9107698    
   8540000   0.99818418     6.059492       1.4972265      6.9011036    
   8550000   0.99551831     6.0722571      1.4932279      6.9123929    
   8560000   0.99758693     6.0640971      1.4963307      6.9060132    
   8570000   0.99441787     6.0682007      1.4915773      6.9087555    
   8580000   1.0059248      6.0627786      1.5088371      6.9066173    
   8590000   0.99462511     6.0694785      1.4918881      6.9114824    
   8600000   1.000639       6.0701886      1.5009086      6.9048329    
   8610000   1.0001191      6.0656142      1.5001288      6.9049735    
   8620000   0.99464299     6.0612165      1.4919149      6.9032403    
   8630000   0.99719838     6.0751668      1.4957479      6.9094746    
   8640000   0.99644962     6.0687104      1.4946248      6.908509     
   8650000   0.99678762     6.0634385      1.4951318      6.9028217    
   8660000   1.0011604      6.062384       1.5016908      6.9074736    
   8670000   0.99512755     6.0475403      1.4926417      6.9015184    
   8680000   0.99541301     6.0477529      1.4930699      6.9047716    
   8690000   1.0005052      6.0428071      1.5007079      6.9028087    
   8700000   0.99310262     6.0534407      1.4896044      6.9136022    
   8710000   0.9981202      6.0498324      1.4971306      6.908395     
   8720000   0.99669861     6.0509965      1.4949982      6.9076044    
   8730000   0.99448855     6.0607723      1.4916833      6.9104539    
   8740000   0.995371       6.070867       1.4930069      6.9093846    
   8750000   1.0036301      6.0636457      1.5053951      6.9113255    
   8760000   0.99592241     6.0538388      1.493834       6.9066856    
   8770000   0.99886619     6.0604103      1.4982495      6.9101726    
   8780000   0.99749126     6.0795876      1.4961872      6.9096651    
   8790000   0.99923559     6.0719763      1.4988036      6.9128026    
   8800000   1.0043719      6.064876       1.5065077      6.9073449    
   8810000   0.99437104     6.0784304      1.491507       6.9105367    
   8820000   0.99067057     6.0593959      1.4859565      6.9113929    
   8830000   0.9889253      6.0598548      1.4833387      6.9044388    
   8840000   1.0078529      6.0780676      1.5117291      6.9115939    
   8850000   1.005666       6.0656831      1.5084488      6.9043277    
   8860000   0.99937159     6.0627199      1.4990076      6.9019961    
   8870000   0.99824398     6.0647012      1.4973162      6.906335     
   8880000   0.99698549     6.0487611      1.4954286      6.8983219    
   8890000   0.99355316     6.0618644      1.4902802      6.9059061    
   8900000   1.0058784      6.0639098      1.5087674      6.9062952    
   8910000   0.99895274     6.0570401      1.4983793      6.8962474    
   8920000   1.0073201      6.0555766      1.5109299      6.8966643    
   8930000   1.0000758      6.0654686      1.5000638      6.9028866    
   8940000   0.99137514     6.0605562      1.4870133      6.9065571    
   8950000   0.99998636     6.0588824      1.4999297      6.9057588    
   8960000   0.99680505     6.0490835      1.4951579      6.9001311    
   8970000   1.0007028      6.0469393      1.5010043      6.8991509    
   8980000   0.99985712     6.0547452      1.4997359      6.9000193    
   8990000   0.99854176     6.0504056      1.4977629      6.8949775    
   9000000   1.0027318      6.0554341      1.5040478      6.9017689    
   9010000   1.0110936      6.0498695      1.51659        6.9030838    
   9020000   0.98897039     6.0528315      1.4834063      6.9045084    
   9030000   0.99919814     6.0640782      1.4987474      6.9115194    
   9040000   1.0049         6.0522882      1.5073         6.9001865    
   9050000   0.99669054     6.0652278      1.4949861      6.9135794    
   9060000   1.0080561      6.0524069      1.5120339      6.9012417    
   9070000   1.0021139      6.062623       1.5031209      6.9060807    
   9080000   0.9967233      6.0612917      1.4950353      6.9049196    
   9090000   0.99381668     6.0530122      1.4906755      6.8975232    
   9100000   0.99373031     6.0514921      1.4905459      6.8996015    
   9110000   1.0054159      6.0587101      1.5080737      6.910078     
   9120000   0.99638088     6.0760292      1.4945217      6.9191456    
   9130000   1.0017919      6.0647373      1.5026379      6.9090615    
   9140000   0.99505219     6.0656608      1.4925287      6.9036014    
   9150000   0.99114925     6.06758        1.4866745      6.9069783    
   9160000   1.0041578      6.0570341      1.5061867      6.9123641    
   9170000   0.99973327     6.0614597      1.4995501      6.9074806    
   9180000   0.99724095     6.0555886      1.4958117      6.9095762    
   9190000   0.99602418     6.0584832      1.4939866      6.9046126    
   9200000   0.99747342     6.0688448      1.4961604      6.9100351    
   9210000   1.0055748      6.0600432      1.508312       6.9030825    
   9220000   1.0041086      6.0650148      1.5061129      6.9103224    
   9230000   0.99427574     6.0668973      1.4913641      6.9079439    
   9240000   0.99165466     6.0620929      1.4874326      6.9073214    
   9250000   0.99887448     6.0547896      1.4982619      6.9031984    
   9260000   0.99655501     6.0533979      1.4947829      6.9046086    
   9270000   1.0023947      6.0543397      1.5035421      6.9007162    
   9280000   1.0072731      6.0590509      1.5108595      6.9067318    
   9290000   0.99634496     6.0601446      1.4944678      6.903147     
   9300000   1.007907       6.0484487      1.5118103      6.9042384    
   9310000   1.005138       6.0643315      1.5076569      6.9060383    
   9320000   0.9994134      6.0672737      1.4990703      6.9061424    
   9330000   1.0040484      6.0560075      1.5060226      6.9056094    
   9340000   0.99708077     6.0617514      1.4955715      6.9114051    
   9350000   1.010885       6.0606612      1.5162772      6.9107738    
   9360000   1.0008838      6.055563       1.5012759      6.9001394    
   9370000   1.0018333      6.0540841      1.5027         6.9084824    
   9380000   0.99486064     6.0629616      1.4922414      6.9077063    
   9390000   1.0064176      6.0612884      1.5095762      6.9035527    
   9400000   1.0051104      6.0733942      1.5076155      6.9097161    
   9410000   1.000121       6.0714407      1.5001316      6.9024486    
   9420000   1.0024572      6.0795764      1.5036359      6.9093058    
   9430000   1.0022219      6.0618377      1.5032829      6.9064213    
   9440000   1.0046534      6.0625633      1.5069301      6.9135418    
   9450000   0.99754741     6.0672888      1.4962714      6.9144027    
   9460000   1.0027206      6.0726321      1.504031       6.9191858    
   9470000   0.99915973     6.063667       1.4986898      6.9045369    
   9480000   0.99868919     6.0596166      1.497984       6.9012526    
   9490000   0.99803713     6.0650523      1.497006       6.903379     
   9500000   1.0058358      6.0555888      1.5087035      6.9017098    
   9510000   1.0020259      6.046322       1.5029889      6.9034592    
   9520000   1.0051513      6.0637783      1.5076768      6.9085031    
   9530000   1.0021845      6.0387081      1.5032268      6.8972767    
   9540000   0.99540269     6.0650419      1.4930544      6.9125646    
   9550000   1.0016862      6.0581992      1.5024794      6.9066304    
   9560000   0.99543996     6.0608732      1.4931103      6.9083331    
   9570000   0.99860951     6.0535108      1.4978645      6.8963814    
   9580000   1.0005108      6.063303       1.5007163      6.9031193    
   9590000   1.007049       6.060646       1.5105233      6.9016261    
   9600000   0.99949908     6.0607323      1.4991988      6.9094362    
   9610000   1.000499       6.0484841      1.5006986      6.8994546    
   9620000   0.9969743      6.0619326      1.4954118      6.9112627    
   9630000   0.98441872     6.0477318      1.476579       6.9021016    
   9640000   1.0022267      6.0537283      1.5032902      6.9087063    
   9650000   0.99911735     6.0711291      1.4986262      6.9137168    
   9660000   1.0030496      6.0728801      1.5045244      6.9106102    
   9670000   0.99629814     6.0533192      1.4943976      6.9055537    
   9680000   1.0044229      6.0711814      1.5065843      6.9122155    
   9690000   1.0029719      6.0578331      1.5044078      6.9011493    
   9700000   0.99845941     6.0692984      1.4976394      6.9132782    
   9710000   1.0023167      6.0591873      1.5034251      6.9003534    
   9720000   1.007269       6.071697       1.5108534      6.9060374    
   9730000   0.99529113     6.0583343      1.4928871      6.8963995    
   9740000   1.00798        6.0740435      1.5119197      6.9082021    
   9750000   0.99553408     6.0731365      1.4932515      6.9053042    
   9760000   1.0015445      6.0576588      1.5022669      6.9105694    
   9770000   0.99034221     6.0554587      1.485464       6.8994985    
   9780000   0.99471427     6.0584577      1.4920218      6.9008465    
   9790000   0.99885151     6.0691711      1.4982275      6.9039692    
   9800000   0.99508022     6.0707378      1.4925707      6.9126702    
   9810000   1.0000561      6.0812877      1.5000343      6.9125088    
   9820000   1.0004723      6.0755323      1.5006586      6.9019108    
   9830000   0.98985158     6.0688771      1.484728       6.907846     
   9840000   1.0062531      6.0772214      1.5093295      6.9071399    
   9850000   0.99300289     6.0679168      1.4894548      6.9028022    
   9860000   0.98904447     6.0523984      1.4835174      6.9014061    
   9870000   0.99773087     6.0824428      1.4965466      6.9108427    
   9880000   0.99292477     6.0780065      1.4893377      6.9053498    
   9890000   0.98799845     6.0816278      1.4819484      6.9171645    
   9900000   0.99693548     6.055733       1.4953535      6.8945738    
   9910000   1.0054465      6.0654723      1.5081197      6.9042688    
   9920000   1.0055107      6.0794097      1.508216       6.9184921    
   9930000   1.0073402      6.0760567      1.5109602      6.9043979    
   9940000   0.99955105     6.0581329      1.4992768      6.9052089    
   9950000   1.0025378      6.0785342      1.5037567      6.9099428    
   9960000   1.0057707      6.0730368      1.508606       6.9032747    
   9970000   1.0022472      6.0572114      1.5033209      6.9014735    
   9980000   0.99700962     6.0805269      1.4954647      6.908164     
   9990000   0.99955905     6.0702807      1.4992888      6.9018581    
  10000000   0.99375682     6.0642373      1.4905857      6.8943321    
  10010000   1.0052585      6.0750931      1.5078376      6.9082967    
  10020000   0.99700449     6.0667276      1.4954571      6.9047487    
  10030000   1.0005275      6.0804229      1.5007414      6.9127447    
  10040000   1.0043309      6.0790347      1.5064463      6.9078263    
  10050000   1.0010513      6.0710359      1.5015271      6.9137979    
  10060000   1.0029531      6.0787001      1.5043797      6.9109254    
  10070000   1.0022139      6.0644974      1.5032709      6.9051067    
  10080000   0.99480582     6.0730768      1.4921592      6.9042926    
  10090000   0.99558362     6.0715242      1.4933258      6.9071401    
  10100000   1.0037983      6.0567638      1.5056474      6.9084465    
  10110000   0.9942602      6.05788        1.4913407      6.8974515    
  10120000   0.99870674     6.0736356      1.4980103      6.9085157    
  10130000   0.99777376     6.0664232      1.4966109      6.9056739    
  10140000   0.99954544     6.0641847      1.4992684      6.9014948    
  10150000   1.0083173      6.0592006      1.5124257      6.9027091    
  10160000   1.0028607      6.0562642      1.5042411      6.8979775    
  10170000   1.0064145      6.0623332      1.5095716      6.9024962    
  10180000   0.99964702     6.0634738      1.4994207      6.9094538    
  10190000   1.0023786      6.0644531      1.5035179      6.9018699    
  10200000   1.0001599      6.0618493      1.50019        6.906468     
  10210000   1.0031689      6.068921       1.5047034      6.9138042    
  10220000   0.99594327     6.0549315      1.4938653      6.8973149    
  10230000   0.99851236     6.0695404      1.4977188      6.9062986    
  10240000   1.0024379      6.0475746      1.5036068      6.897495     
  10250000   0.99704617     6.0604853      1.4955196      6.9077505    
  10260000   1.0009583      6.063954       1.5013875      6.9028242    
  10270000   0.99837001     6.0620311      1.4975053      6.8982708    
  10280000   1.0020493      6.0696959      1.5030241      6.9199247    
  10290000   0.99505961     6.0486805      1.4925398      6.9074117    
  10300000   1.000089       6.0572359      1.5000837      6.9084079    
  10310000   0.99926842     6.0483649      1.4988528      6.899776     
  10320000   1.0069481      6.0633467      1.510372       6.9078352    
  10330000   0.99083612     6.0550126      1.4862048      6.8964361    
  10340000   1.0123908      6.0527324      1.5185357      6.903896     
  10350000   1.0051703      6.0677078      1.5077054      6.9050333    
  10360000   1.0060419      6.0510368      1.5090128      6.90372      
  10370000   0.99924983     6.0720276      1.4988249      6.9145095    
  10380000   1.0066217      6.0613104      1.5098825      6.9035383    
  10390000   0.99380778     6.0671489      1.4906621      6.9053885    
  10400000   0.997262       6.062029       1.4958433      6.9048457    
  10410000   1.0021933      6.0675226      1.50324        6.9030605    
  10420000   0.99646191     6.0675094      1.4946432      6.9009384    
  10430000   1.0054318      6.0726111      1.5080976      6.9096755    
  10440000   1.0010383      6.0652071      1.5015075      6.9023791    
  10450000   1.0044801      6.0723224      1.5066701      6.9069073    
  10460000   0.99770693     6.0747453      1.4965107      6.9110202    
  10470000   1.0031038      6.0606838      1.5046057      6.9041573    
  10480000   1.0029476      6.0569094      1.5043714      6.8979009    
  10490000   0.99796994     6.0630118      1.4969052      6.9052565    
  10500000   0.99566262     6.0433744      1.4934443      6.9029923    
  10510000   1.0042616      6.0612507      1.5063424      6.907205     
  10520000   0.99948611     6.0556712      1.4991794      6.8974978    
  10530000   1.0065044      6.0610677      1.5097064      6.9038915    
  10540000   0.99612474     6.0581686      1.4941375      6.8947108    
  10550000   1.0024265      6.0577197      1.5035898      6.9094248    
  10560000   0.99964141     6.0570255      1.4994123      6.9065218    
  10570000   0.99355164     6.0529161      1.4902779      6.9044976    
  10580000   1.0020235      6.0532141      1.5029853      6.9044064    
  10590000   0.99787646     6.0648779      1.496765       6.9098471    
  10600000   0.99813812     6.0569486      1.4971574      6.9046301    
  10610000   0.99082878     6.0639931      1.4861938      6.9067303    
  10620000   1.0017596      6.0591849      1.5025895      6.9027084    
  10630000   1.0048243      6.0657611      1.5071864      6.9096891    
  10640000   0.99546891     6.0595986      1.4931538      6.9047521    
  10650000   0.99621427     6.0619408      1.4942718      6.9097737    
  10660000   1.0078983      6.0480172      1.5117972      6.9030926    
  10670000   1.0059752      6.0544726      1.5089126      6.9082476    
  10680000   0.99303724     6.0506961      1.4895064      6.9048331    
  10690000   0.9913523      6.0523238      1.486979       6.9086881    
  10700000   1.0002143      6.0479549      1.5002716      6.9012214    
  10710000   0.99712151     6.0519533      1.4956326      6.8993304    
  10720000   0.99943466     6.0516018      1.4991022      6.9050724    
  10730000   1.0038905      6.0601135      1.5057857      6.9015884    
  10740000   1.00645        6.0505676      1.5096248      6.9051208    
  10750000   0.99876498     6.0595017      1.4980977      6.9065861    
  10760000   0.99165398     6.0749504      1.4874315      6.9052995    
  10770000   1.0066391      6.0735667      1.5099085      6.902257     
  10780000   0.99825765     6.085997       1.4973367      6.9135491    
  10790000   1.0028819      6.0706171      1.5042729      6.9049386    
  10800000   1.002896       6.0732853      1.5042941      6.9143959    
  10810000   0.9968192      6.0664524      1.4951791      6.9052647    
  10820000   0.9958617      6.0706802      1.4937429      6.9084942    
  10830000   1.0051217      6.0675253      1.5076325      6.9005608    
  10840000   0.99111288     6.0468839      1.4866199      6.8951365    
  10850000   0.99890207     6.0640183      1.4983033      6.909157     
  10860000   1.0065165      6.0558613      1.5097246      6.9025194    
  10870000   0.9954632      6.0638776      1.4931452      6.904688     
  10880000   0.99868371     6.0662496      1.4979758      6.9135685    
  10890000   0.99810066     6.0572283      1.4971012      6.9016769    
  10900000   1.0040562      6.0558105      1.5060343      6.9134179    
  10910000   1.0062694      6.0490752      1.5093539      6.9058959    
  10920000   0.99993004     6.0587254      1.4998452      6.9070093    
  10930000   0.9997062      6.0531705      1.4995095      6.9083366    
  10940000   0.99714329     6.0441489      1.4956652      6.9001286    
  10950000   0.99358755     6.0324749      1.4903318      6.8962105    
  10960000   0.99900121     6.0437788      1.498452       6.8978864    
  10970000   0.99499073     6.0738882      1.4924365      6.9138895    
  10980000   0.99115875     6.0710943      1.4866887      6.9066849    
  10990000   1.0084857      6.0745822      1.5126782      6.9114941    
  11000000   1.0088237      6.0689948      1.5131853      6.9025258    
  11010000   1.0001035      6.0670569      1.5001054      6.9056648    
  11020000   0.99535238     6.0744147      1.492979       6.9082906    
  11030000   0.99166185     6.079217       1.4874434      6.912646     
  11040000   1.0050947      6.0653478      1.507592       6.9062045    
  11050000   0.99623451     6.0541231      1.4943021      6.9051564    
  11060000   0.99250026     6.05383        1.4887009      6.9130319    
  11070000   0.99257612     6.0521875      1.4888147      6.9066308    
  11080000   1.0032255      6.0509728      1.5047882      6.9116753    
  11090000   1.0052679      6.0529629      1.5078517      6.901633     
  11100000   1.00256        6.055589       1.5037901      6.9013785    
  11110000   1.0056659      6.0643915      1.5084487      6.9073839    
  11120000   0.99676007     6.0669626      1.4950904      6.9049364    
  11130000   0.99899865     6.0665947      1.4984482      6.9075945    
  11140000   0.99953008     6.0613046      1.4992453      6.9082009    
  11150000   1.0002802      6.0521197      1.5003704      6.9073428    
  11160000   0.99903867     6.0562845      1.4985082      6.9008743    
  11170000   1.0079618      6.0538889      1.5118924      6.9017356    
  11180000   0.99322387     6.0584009      1.4897863      6.9060134    
  11190000   0.99568089     6.0533687      1.4934717      6.9078691    
  11200000   0.99819625     6.0557155      1.4972446      6.9071208    
  11210000   1.0017925      6.0500783      1.5026388      6.9015146    
  11220000   0.9985667      6.0509565      1.4978003      6.9001207    
  11230000   1.0005007      6.0632278      1.5007012      6.9028112    
  11240000   1.0004752      6.0620838      1.5006629      6.9067769    
  11250000   0.99519586     6.0558351      1.4927442      6.9041663    
  11260000   1.0083923      6.0625419      1.5125382      6.9034365    
  11270000   0.98839163     6.0634133      1.4825382      6.9030517    
  11280000   0.99710985     6.0691859      1.4956151      6.9038793    
  11290000   0.99963762     6.0649622      1.4994066      6.9090779    
  11300000   0.99753425     6.0497245      1.4962517      6.9037704    
  11310000   1.0012742      6.054815       1.5018614      6.9063888    
  11320000   0.99775087     6.0544683      1.4965766      6.9085963    
  11330000   1.00162        6.0558728      1.5023802      6.89964      
  11340000   0.99954226     6.0602162      1.4992636      6.8991888    
  11350000   0.99614019     6.0661352      1.4941606      6.9068928    
  11360000   0.99960556     6.0622692      1.4993585      6.8992641    
  11370000   0.99912814     6.0767402      1.4986424      6.9110579    
  11380000   0.9890186      6.0737332      1.4834786      6.9089099    
  11390000   0.99918498     6.0688585      1.4987277      6.9063162    
  11400000   1.003031       6.0698551      1.5044965      6.9055397    
  11410000   0.99980383     6.0703805      1.4996559      6.9094929    
  11420000   1.0048948      6.0676358      1.5072921      6.9056342    
  11430000   0.99259142     6.080887       1.4888377      6.91234      
  11440000   1.0023961      6.0787883      1.5035442      6.9072366    
  11450000   0.99971054     6.073018       1.499516       6.9080441    
  11460000   1.0024216      6.0587298      1.5035825      6.8962286    
  11470000   1.0042684      6.0713385      1.5063525      6.9039798    
  11480000   0.99809272     6.069299       1.4970893      6.9084628    
  11490000   0.99458698     6.0621569      1.4918309      6.9067972    
  11500000   1.0001011      6.0515002      1.5001017      6.9064195    
  11510000   1.0013256      6.0498814      1.5019385      6.9102666    
  11520000   0.99529952     6.0635214      1.4928997      6.9077337    
  11530000   0.99028511     6.0552527      1.4853783      6.9012925    
  11540000   0.99776249     6.0386411      1.496594       6.904176     
  11550000   1.002696       6.0604034      1.503994       6.9055355    
  11560000   0.99687375     6.0654965      1.4952609      6.907309     
  11570000   1.0030002      6.0702352      1.5044503      6.9041012    
  11580000   1.0028396      6.0750879      1.5042094      6.9135716    
  11590000   1.0040585      6.0506766      1.5060378      6.9064097    
  11600000   1.0059068      6.056018       1.5088101      6.904076     
  11610000   1.0068559      6.0671491      1.5102337      6.9093027    
  11620000   0.9972448      6.0437359      1.4958175      6.9037864    
  11630000   0.99872152     6.0569115      1.4980325      6.8992534    
  11640000   0.99878144     6.0566278      1.4981224      6.9003038    
  11650000   1.0002926      6.0571035      1.500389       6.8933283    
  11660000   0.99953696     6.0681836      1.4992556      6.9096368    
  11670000   1.0023433      6.0620319      1.503465       6.9084838    
  11680000   1.0000051      6.0594187      1.4999579      6.9053717    
  11690000   1.002206       6.0580326      1.503259       6.9049501    
  11700000   0.99967158     6.0741227      1.4994576      6.9075792    
  11710000   1.0062627      6.0770704      1.5093439      6.91243      
  11720000   1.0006534      6.0612586      1.5009302      6.9030866    
  11730000   1.0109211      6.0736167      1.5163313      6.9126766    
  11740000   1.0033163      6.077236       1.5049244      6.909387     
  11750000   1.0019009      6.0546759      1.5028015      6.9077001    
  11760000   1.0059592      6.0518146      1.5088887      6.9074341    
  11770000   1.0021962      6.0717147      1.5032443      6.9135511    
  11780000   1.0000488      6.0623576      1.5000233      6.9017351    
  11790000   0.99565477     6.0715799      1.4934325      6.9091203    
  11800000   0.99370387     6.0699159      1.4905063      6.9058976    
  11810000   1.0021531      6.0773688      1.5031798      6.912814     
  11820000   0.99953697     6.0584269      1.4992556      6.9045615    
  11830000   0.99855765     6.0610044      1.4977867      6.9069467    
  11840000   0.99576803     6.0618215      1.4936024      6.9026289    
  11850000   1.0041338      6.0626984      1.5061507      6.9066246    
  11860000   1.003029       6.0561953      1.5044935      6.9056377    
  11870000   0.99852117     6.0558938      1.497732       6.8997124    
  11880000   1.0013822      6.0716833      1.5020234      6.9100836    
  11890000   0.99973201     6.0754415      1.4995482      6.9131069    
  11900000   1.0021664      6.0750951      1.5031996      6.9082713    
  11910000   1.0065275      6.0755182      1.5097411      6.9159048    
  11920000   0.99484489     6.0765902      1.4922178      6.9086667    
  11930000   0.99068158     6.0658316      1.485973       6.8955962    
  11940000   0.99603547     6.0726213      1.4940036      6.9057915    
  11950000   0.99293544     6.0679434      1.4893537      6.9007519    
  11960000   1.0040809      6.0697308      1.5060714      6.9045301    
  11970000   0.99958625     6.0805664      1.4993296      6.9085268    
  11980000   1.001268       6.0801345      1.5018521      6.9075019    
  11990000   1.000967       6.0748283      1.5014007      6.9033613    
  12000000   1.0000203      6.0745128      1.4999806      6.9104639    
  12010000   0.99304059     6.0615489      1.4895114      6.902271     
  12020000   1.0037422      6.072783       1.5055633      6.9002776    
  12030000   0.99852984     6.0627823      1.497745       6.9057469    
  12040000   0.99879761     6.0795474      1.4981466      6.9166128    
  12050000   0.9960593      6.0753473      1.4940393      6.9046429    
  12060000   1.0058265      6.0710741      1.5086896      6.9015167    
  12070000   1.0031409      6.0773265      1.5046613      6.9025903    
  12080000   1.0056308      6.0634691      1.508396       6.9081945    
  12090000   0.9998472      6.0662283      1.499721       6.9058319    
  12100000   1.0021765      6.0738744      1.5032149      6.9126953    
  12110000   0.99920053     6.0707097      1.498751       6.9044857    
  12120000   0.98971486     6.0668437      1.484523       6.9035442    
  12130000   0.99630847     6.0571271      1.4944131      6.9020146    
  12140000   1.0115597      6.0635362      1.5172891      6.9043226    
  12150000   0.99949432     6.0539924      1.4991917      6.9002533    
  12160000   1.0013113      6.0732289      1.5019171      6.9126735    
  12170000   1.005388       6.0634553      1.5080319      6.9059313    
  12180000   1.0032348      6.0684808      1.5048023      6.906926     
  12190000   0.9999518      6.0758696      1.4998779      6.9082672    
  12200000   1.0003665      6.0740886      1.5005         6.9047994    
  12210000   0.99827609     6.0670846      1.4973644      6.9076581    
  12220000   1.0029575      6.0661046      1.5043863      6.904021     
  12230000   1.0024324      6.0659074      1.5035986      6.9010354    
  12240000   1.0038576      6.0797229      1.5057363      6.90966      
  12250000   0.9941416      6.0706208      1.4911629      6.9077593    
  12260000   1.0011633      6.0859649      1.501695       6.9118515    
  12270000   0.99971368     6.0614118      1.4995207      6.9019763    
  12280000   1.0050419      6.0781955      1.5075128      6.9093544    
  12290000   1.0010533      6.0722771      1.5015301      6.9110468    
  12300000   0.99326471     6.0615427      1.4898476      6.9037972    
  12310000   1.0022673      6.0502522      1.503351       6.8988745    
  12320000   0.99945232     6.0657212      1.4991287      6.9019596    
  12330000   1.0041092      6.0679953      1.5061137      6.9029787    
  12340000   0.99694514     6.0717669      1.495368       6.9077988    
  12350000   1.0011937      6.0800722      1.5017407      6.9085634    
  12360000   1.0007287      6.081159       1.5010431      6.9082039    
  12370000   0.99770175     6.079808       1.4965029      6.8978793    
  12380000   1.0016973      6.0859931      1.502496       6.9155968    
  12390000   1.0108338      6.0802282      1.5162003      6.9096066    
  12400000   1.0012121      6.0837444      1.5017683      6.9084373    
  12410000   0.99933066     6.0762411      1.4989462      6.9106179    
  12420000   1.0052545      6.077018       1.5078317      6.9098478    
  12430000   0.98639087     6.069784       1.4795372      6.9140835    
  12440000   1.0054828      6.0676678      1.5081741      6.9011549    
  12450000   0.99782933     6.0679472      1.4966943      6.9078651    
  12460000   0.99505982     6.065814       1.4925401      6.8996984    
  12470000   1.002713       6.0624371      1.5040195      6.9036138    
  12480000   1.0015395      6.0632405      1.5022594      6.9037092    
  12490000   1.0004515      6.0677969      1.5006274      6.9080989    
  12500000   1.0044646      6.0556408      1.5066469      6.8974657    
  12510000   1.0024583      6.0657442      1.5036376      6.9038259    
  12520000   0.9987769      6.0641839      1.4981156      6.8986761    
  12530000   0.99879178     6.0640345      1.4981379      6.90324      
  12540000   1.0006137      6.0610781      1.5008707      6.9014717    
  12550000   0.99676417     6.0655804      1.4950966      6.9073202    
  12560000   1.0065936      6.0757671      1.5098402      6.9138181    
  12570000   0.99715685     6.0634968      1.4956856      6.9002476    
  12580000   1.0056311      6.0616734      1.5083965      6.901586     
  12590000   0.9970637      6.0672642      1.4955459      6.9028613    
  12600000   1.0026295      6.0816917      1.5038943      6.9114195    
  12610000   1.0106608      6.0820656      1.5159409      6.9061651    
  12620000   0.9968741      6.0736487      1.4952615      6.9119221    
  12630000   1.003625       6.0931088      1.5053875      6.9131904    
  12640000   1.0020061      6.0873657      1.5029592      6.9113304    
  12650000   1.002045       6.0648166      1.5030176      6.9042997    
  12660000   0.99836744     6.0489164      1.4975014      6.8992336    
  12670000   1.0007595      6.0644625      1.5010894      6.9142721    
  12680000   1.0025001      6.0449463      1.5037002      6.9008359    
  12690000   1.0003236      6.075624       1.5004355      6.909469     
  12700000   1.000294       6.0682904      1.5003912      6.9079057    
  12710000   0.99115381     6.0538596      1.4866813      6.9048051    
  12720000   0.99851301     6.0609991      1.4977198      6.9079662    
  12730000   0.99211739     6.0657033      1.4881266      6.9074792    
  12740000   0.99334427     6.0592344      1.4899669      6.8998602    
  12750000   1.0007026      6.0571073      1.501004       6.8977063    
  12760000   1.0011985      6.0664168      1.5017478      6.9039202    
  12770000   1.0067763      6.0615383      1.5101142      6.9051612    
  12780000   1.0021023      6.0643273      1.5031035      6.9033365    
  12790000   1.0010727      6.0699085      1.5015591      6.9132396    
  12800000   1.0040507      6.0739426      1.5060261      6.9082874    
  12810000   1.0076364      6.0513492      1.5114043      6.8989035    
  12820000   1.0011869      6.0540692      1.5017304      6.905391     
  12830000   1.0078673      6.0606574      1.5117508      6.9054392    
  12840000   1.0046455      6.0613058      1.5069182      6.9159292    
  12850000   1.0110629      6.0575545      1.5165439      6.904591     
  12860000   0.99436569     6.0521942      1.491499       6.9061851    
  12870000   0.99862532     6.0557118      1.4978882      6.9071325    
  12880000   0.99492266     6.0540671      1.4923344      6.9080008    
  12890000   0.99855202     6.0609609      1.4977783      6.9116824    
  12900000   0.99865213     6.0615617      1.4979284      6.9060355    
  12910000   0.99742641     6.0771624      1.4960899      6.9123024    
  12920000   0.99958273     6.0645646      1.4993243      6.9074345    
  12930000   1.0037468      6.0675423      1.5055702      6.903406     
  12940000   1.0059205      6.0708228      1.5088306      6.906025     
  12950000   0.99984177     6.0497014      1.4997128      6.8961027    
  12960000   1.0014494      6.0660607      1.5021242      6.9066416    
  12970000   0.99952624     6.0635099      1.4992395      6.9063473    
  12980000   0.99783144     6.0664529      1.4966974      6.9036695    
  12990000   0.99852401     6.0621743      1.4977363      6.9154068    
  13000000   1.0037452      6.0443049      1.5055678      6.9050789    
  13010000   0.99398501     6.0483707      1.490928       6.9029529    
  13020000   0.9949676      6.053082       1.4924018      6.903575     
  13030000   1.004532       6.0626193      1.506748       6.9044846    
  13040000   1.0034833      6.0692706      1.5051749      6.9170714    
  13050000   0.99307686     6.0586715      1.4895658      6.9085464    
  13060000   1.0042498      6.0555239      1.5063246      6.907416     
  13070000   1.0035418      6.0538584      1.5052626      6.9057121    
  13080000   0.9939523      6.0679231      1.4908789      6.9134718    
  13090000   1.0005943      6.0655992      1.5008416      6.909867     
  13100000   1.0040395      6.0560528      1.5060092      6.90763      
  13110000   1.0028389      6.0576972      1.5042084      6.9026529    
  13120000   1.0018628      6.0649289      1.5027443      6.9101406    
  13130000   0.9947507      6.0586538      1.4920765      6.9015457    
  13140000   0.99570343     6.0597736      1.4935055      6.9073298    
  13150000   0.9968578      6.0489877      1.495237       6.9046076    
  13160000   0.99829191     6.0547066      1.4973881      6.9089194    
  13170000   0.99597013     6.0542159      1.4939056      6.9001501    
  13180000   1.0031421      6.0673743      1.5046632      6.9109437    
  13190000   1.0045008      6.0750087      1.5067012      6.9046791    
  13200000   1.0030007      6.0657212      1.5044511      6.9143547    
  13210000   0.99354946     6.0627835      1.4902747      6.9053877    
  13220000   0.99725971     6.0692605      1.4958399      6.9070389    
  13230000   0.99432346     6.06547        1.4914356      6.9127506    
  13240000   0.99397346     6.0386441      1.4909107      6.9037789    
  13250000   0.99830896     6.0551263      1.4974137      6.9018243    
  13260000   0.99452774     6.0584016      1.491742       6.9100215    
  13270000   1.0022389      6.0715835      1.5033084      6.909702     
  13280000   0.99238404     6.0533909      1.4885266      6.8976668    
  13290000   0.99983082     6.0692001      1.4996964      6.9092882    
  13300000   1.0084944      6.0505173      1.5126914      6.8994759    
  13310000   1.0024966      6.0523541      1.503695       6.9085953    
  13320000   1.0006622      6.054124       1.5009434      6.9077883    
  13330000   1.0023071      6.0493355      1.5034107      6.9017125    
  13340000   0.99838148     6.0511925      1.4975225      6.9063108    
  13350000   1.001991       6.0452617      1.5029365      6.9078134    
  13360000   1.0076193      6.0502943      1.5113788      6.899424     
  13370000   1.0019318      6.0493964      1.5028478      6.9086786    
  13380000   0.99707266     6.0741476      1.4955593      6.9106183    
  13390000   1.0064244      6.0567303      1.5095864      6.9029919    
  13400000   1.0062764      6.0626693      1.5093644      6.9076941    
  13410000   0.99686509     6.0477447      1.4952479      6.8998738    
  13420000   0.99922282     6.041426       1.4987844      6.9083784    
  13430000   1.0041151      6.0428497      1.5061227      6.9027112    
  13440000   1.0029932      6.0520281      1.5044398      6.9094881    
  13450000   1.0015376      6.0607878      1.5022565      6.9051679    
  13460000   1.0003027      6.0753249      1.5004042      6.9160873    
  13470000   0.99496937     6.0516698      1.4924045      6.899328     
  13480000   1.0069424      6.0702597      1.5103634      6.9145889    
  13490000   0.99897182     6.0755517      1.4984079      6.9088892    
  13500000   0.99639283     6.0596717      1.4945396      6.9048096    
  13510000   0.998318       6.0576565      1.4974272      6.9040085    
  13520000   1.0019886      6.0599263      1.502933       6.8993967    
  13530000   0.99657036     6.0566887      1.4948059      6.8957355    
  13540000   0.99478488     6.0693453      1.4921277      6.9025525    
  13550000   1.0015297      6.066093       1.5022446      6.9093893    
  13560000   0.99957619     6.0634107      1.4993145      6.9015829    
  13570000   1.0033154      6.0677822      1.504923       6.9114054    
  13580000   0.99535277     6.0514067      1.4929795      6.9085156    
  13590000   0.99544395     6.0671205      1.4931163      6.9086231    
  13600000   0.99305088     6.0572502      1.4895268      6.9039649    
  13610000   1.0085061      6.0606074      1.5127089      6.9030565    
  13620000   1.0044233      6.0570173      1.5065849      6.9024626    
  13630000   1.0051189      6.0590864      1.5076283      6.9032569    
  13640000   1.0033564      6.074283       1.5049847      6.9101958    
  13650000   0.99879551     6.0582272      1.4981435      6.9061698    
  13660000   1.003782       6.0441692      1.5056229      6.8975584    
  13670000   1.0098104      6.0524359      1.5146653      6.9037768    
  13680000   1.0004373      6.049895       1.5006061      6.9041165    
  13690000   1.004974       6.0716462      1.507411       6.9129208    
  13700000   1.0007318      6.0416504      1.5010478      6.9093049    
  13710000   1.0045146      6.0495867      1.5067219      6.9086952    
  13720000   0.9987181      6.0611071      1.4980274      6.9077442    
  13730000   1.0040076      6.0652782      1.5059614      6.9120404    
  13740000   1.0057654      6.0643497      1.5085979      6.9076296    
  13750000   0.99725605     6.0578566      1.4958344      6.9075903    
  13760000   1.0040523      6.0698222      1.5060285      6.9054353    
  13770000   0.99296755     6.0668325      1.4894018      6.9084484    
  13780000   0.98940995     6.0459263      1.4840656      6.8977225    
  13790000   0.99178123     6.0594967      1.4876224      6.909615     
  13800000   1.0010611      6.0618764      1.5015417      6.9094173    
  13810000   0.99402737     6.0651091      1.4909915      6.9020733    
  13820000   1.002273       6.0533266      1.5033595      6.9071983    
  13830000   1.0060972      6.0498321      1.5090957      6.902127     
  13840000   0.99221751     6.0614431      1.4882768      6.9062761    
  13850000   1.0012904      6.0511702      1.5018858      6.8991711    
  13860000   1.0072295      6.0566452      1.510794       6.9025994    
  13870000   1.0030656      6.070133       1.5045484      6.9127928    
  13880000   0.99878132     6.0624861      1.4981222      6.9117199    
  13890000   0.99237456     6.0462031      1.4885124      6.904587     
  13900000   1.0024723      6.0592608      1.5036585      6.9133882    
  13910000   0.99626539     6.0486798      1.4943484      6.9021176    
  13920000   0.99638141     6.0570818      1.4945225      6.9024442    
  13930000   0.99765971     6.0628844      1.4964398      6.9140618    
  13940000   0.99456049     6.0565249      1.4917912      6.9098084    
  13950000   1.0012673      6.0660432      1.5018511      6.9132267    
  13960000   0.99818007     6.0628301      1.4972204      6.9145626    
  13970000   1.0094135      6.0564538      1.51407        6.9072175    
  13980000   1.0032253      6.0470973      1.504788       6.9025148    
  13990000   1.0035778      6.055539       1.5053167      6.907858     
  14000000   0.99482343     6.047435       1.4921856      6.9072996    
  14010000   0.99779292     6.0312067      1.4966397      6.9041711    
  14020000   1.0038968      6.0447451      1.5057951      6.8994282    
  14030000   1.0039073      6.0633412      1.5058109      6.9110314    
  14040000   0.99956833     6.0534043      1.4993027      6.9031537    
  14050000   0.99976667     6.0624405      1.4996002      6.9097956    
  14060000   0.99501615     6.0449031      1.4924746      6.9033596    
  14070000   0.99869397     6.0579565      1.4979912      6.9059583    
  14080000   1.0026024      6.0679386      1.5038536      6.9178389    
  14090000   1.0007917      6.0634317      1.5011376      6.9086348    
  14100000   1.0049855      6.0593171      1.5074281      6.9115377    
  14110000   1.0029079      6.0432416      1.5043119      6.9018553    
  14120000   1.0031632      6.0593332      1.5046948      6.9025956    
  14130000   1.0086511      6.0508618      1.5129264      6.9084086    
  14140000   0.99525661     6.0290759      1.4928353      6.8946749    
  14150000   1.0029947      6.0540833      1.5044421      6.9135715    
  14160000   1.0004944      6.0434049      1.5006918      6.9035514    
  14170000   1.0109574      6.0548142      1.5163857      6.9119337    
  14180000   1.0089088      6.0355169      1.5133129      6.9016428    
  14190000   0.99405447     6.0468766      1.4910322      6.9069592    
  14200000   1.0021008      6.0449684      1.5031012      6.9111551    
  14210000   1.0075596      6.03734        1.5112892      6.9034071    
  14220000   0.99823122     6.0344016      1.4972971      6.9011432    
  14230000   1.0046746      6.0423063      1.5069619      6.9080529    
  14240000   0.99459823     6.0331351      1.4918478      6.9056153    
  14250000   1.0120668      6.0468545      1.5180497      6.903401     
  14260000   0.99874969     6.0537639      1.4980748      6.9087589    
  14270000   0.99450186     6.0555351      1.4917032      6.9117685    
  14280000   0.99287157     6.0315164      1.4892579      6.9005549    
  14290000   0.99562343     6.0383595      1.4933855      6.9031896    
  14300000   1.0072359      6.0306564      1.5108036      6.8949619    
  14310000   0.99309661     6.0412383      1.4895954      6.9066654    
  14320000   0.99924217     6.0570174      1.4988135      6.9081714    
  14330000   0.99541902     6.0432571      1.4930789      6.9102963    
  14340000   1.0022334      6.0495598      1.5033001      6.9121922    
  14350000   0.99717241     6.0389568      1.4957089      6.89179      
  14360000   0.99550959     6.0652134      1.4932148      6.9091605    
  14370000   1.0048721      6.0587852      1.5072581      6.9118494    
  14380000   1.0017759      6.0544808      1.5026139      6.9056917    
  14390000   0.99625765     6.0644221      1.4943368      6.9113558    
  14400000   1.0027214      6.0620809      1.5040322      6.9148533    
  14410000   1.0046096      6.0541388      1.5068643      6.8944567    
  14420000   1.0079199      6.0695286      1.5118296      6.9134666    
  14430000   1.0084486      6.0607059      1.5126226      6.9080491    
  14440000   1.0022396      6.0620861      1.5033094      6.9066418    
  14450000   0.99909462     6.0493208      1.4985921      6.9000761    
  14460000   1.0138749      6.0515711      1.5207618      6.8997183    
  14470000   1.0042248      6.0556027      1.5062871      6.9022114    
  14480000   1.0031831      6.0584892      1.5047246      6.911538     
  14490000   0.99805688     6.0613264      1.4970356      6.9075223    
  14500000   1.0119683      6.0480327      1.517902       6.9018407    
  14510000   1.0066728      6.0389559      1.509959       6.9014952    
  14520000   1.0030062      6.0474757      1.5044593      6.897947     
  14530000   0.99852368     6.0565844      1.4977358      6.9043584    
  14540000   1.0023023      6.0322025      1.5034036      6.9039369    
  14550000   0.99580566     6.048865       1.4936589      6.9038925    
  14560000   1.0006387      6.044564       1.5009082      6.893742     
  14570000   0.99404798     6.0563496      1.4910224      6.9023528    
  14580000   1.0022846      6.0561807      1.503377       6.90868      
  14590000   1.002812       6.0707159      1.5041681      6.9145239    
  14600000   0.99791547     6.0773433      1.4968235      6.9094403    
  14610000   0.99948277     6.0564571      1.4991743      6.9047139    
  14620000   0.9982243      6.0598053      1.4972867      6.9079877    
  14630000   1.005483       6.0550953      1.5081743      6.9060413    
  14640000   1.0066596      6.0484076      1.5099392      6.9084337    
  14650000   1.0008876      6.0314815      1.5012814      6.9033409    
  14660000   1.0073668      6.0443734      1.5110001      6.9047492    
  14670000   0.99546846     6.0376434      1.4931531      6.9045647    
  14680000   0.993733       6.0341962      1.49055        6.9092487    
  14690000   1.0012881      6.0425091      1.5018822      6.9031498    
  14700000   0.99592126     6.02011        1.4938323      6.8958917    
  14710000   1.0067301      6.0475078      1.510045       6.9146578    
  14720000   0.99925081     6.0463391      1.4988264      6.9056065    
  14730000   1.0084676      6.0429885      1.5126511      6.9089203    
  14740000   0.99729149     6.0412731      1.4958875      6.9036747    
  14750000   0.99801752     6.0482124      1.4969765      6.9083675    
  14760000   0.99619452     6.0308914      1.4942421      6.9008058    
  14770000   0.99885815     6.0431752      1.4982375      6.9051954    
  14780000   1.002056       6.0368621      1.5030341      6.9062227    
  14790000   0.99664635     6.0366788      1.4949199      6.9022361    
  14800000   0.9881909      6.0442054      1.4822371      6.9128841    
  14810000   1.0058879      6.0361404      1.5087817      6.8992822    
  14820000   0.99313103     6.0579255      1.4896471      6.9153171    
  14830000   1.0055309      6.0443463      1.5082463      6.9080615    
  14840000   0.99782567     6.040131       1.4966888      6.9089773    
  14850000   0.99919295     6.0405467      1.4987396      6.9154212    
  14860000   1.0097464      6.0183742      1.5145693      6.8994785    
  14870000   1.0084933      6.0547407      1.5126897      6.9071223    
  14880000   0.99288616     6.040235       1.4892798      6.9054906    
  14890000   1.0025694      6.0573147      1.5038042      6.9100089    
  14900000   0.99490123     6.0406089      1.4923023      6.9036431    
  14910000   1.0045219      6.0343788      1.5067327      6.89645      
  14920000   0.99867271     6.0452451      1.4979593      6.9064465    
  14930000   0.99892862     6.0537897      1.4983431      6.9102758    
  14940000   1.0010417      6.035342       1.5015127      6.9015114    
  14950000   1.009063       6.062442       1.5135443      6.9102963    
  14960000   1.0024645      6.0534018      1.5036469      6.9111235    
  14970000   1.0068971      6.0486522      1.5102954      6.9063363    
  14980000   1.007137       6.0551141      1.5106554      6.908593     
  14990000   0.99855584     6.0472255      1.497784       6.9088317    
  15000000   1.0111574      6.0439087      1.5166857      6.9039185    
  15010000   1.0042614      6.0534858      1.506342       6.9113275    
  15020000   0.99677745     6.036207       1.4951165      6.9005311    
  15030000   1.0008532      6.0357763      1.5012299      6.8980622    
  15040000   1.0006932      6.0374825      1.50099        6.9001455    
  15050000   0.99545185     6.0383678      1.4931282      6.8978766    
  15060000   0.99723155     6.0398021      1.4957976      6.9051062    
  15070000   0.99103225     6.0379217      1.486499       6.8987046    
  15080000   1.0026102      6.0359034      1.5038653      6.9049165    
  15090000   0.99251497     6.0302032      1.488723       6.9026181    
  15100000   1.0023311      6.0360627      1.5034467      6.9056937    
  15110000   0.99715659     6.049787       1.4956852      6.9053341    
  15120000   1.0003382      6.0323735      1.5004575      6.9100409    
  15130000   1.0021432      6.0391334      1.5031648      6.9117696    
  15140000   1.0097518      6.0213239      1.5145773      6.8920811    
  15150000   1.0055965      6.0279262      1.5083447      6.904714     
  15160000   1.0019378      6.0206052      1.5028568      6.9013134    
  15170000   1.0017742      6.0280206      1.5026113      6.9088773    
  15180000   0.98909861     6.0177108      1.4835986      6.8989557    
  15190000   1.0065911      6.0310967      1.5098364      6.9041261    
  15200000   1.008435       6.031343       1.5126022      6.9076231    
  15210000   0.99953505     6.0321669      1.4992528      6.9011704    
  15220000   1.0033332      6.0418096      1.5049497      6.9109389    
  15230000   0.99590584     6.0479172      1.4938091      6.9087034    
  15240000   0.99433557     6.0259593      1.4914538      6.8916712    
  15250000   0.99587124     6.051527       1.4937572      6.9055885    
  15260000   0.9983662      6.0345711      1.4974996      6.9107058    
  15270000   1.0003483      6.040682       1.5004725      6.9106347    
  15280000   1.0054969      6.0377679      1.5081952      6.9043596    
  15290000   0.99958363     6.0276035      1.4993256      6.8981285    
  15300000   1.0033688      6.0255947      1.5050031      6.9051635    
  15310000   0.99895096     6.0210889      1.4983767      6.9052587    
  15320000   0.99839389     6.0353722      1.4975411      6.9038133    
  15330000   0.99723387     6.0358077      1.4958011      6.9039826    
  15340000   0.99778965     6.0256471      1.4966348      6.8973078    
  15350000   0.99724107     6.0343838      1.4958119      6.9125063    
  15360000   0.9950959      6.0218677      1.4925943      6.9059935    
  15370000   1.006678       6.0163218      1.5099669      6.9021463    
  15380000   0.99041562     6.0273144      1.4855741      6.901059     
  15390000   1.0070244      6.0386649      1.5104864      6.9023771    
  15400000   1.0052452      6.0372133      1.5078177      6.9105362    
  15410000   0.99591162     6.0308818      1.4938178      6.9033673    
  15420000   0.99993071     6.0269256      1.4998462      6.9029331    
  15430000   1.0015766      6.020549       1.5023151      6.8959009    
  15440000   1.0014013      6.0314267      1.502052       6.9013325    
  15450000   1.0034704      6.0408597      1.5051555      6.907354     
  15460000   1.0019415      6.0251461      1.5028623      6.9004916    
  15470000   0.9994402      6.0399131      1.4991105      6.9057324    
  15480000   0.9958042      6.056719       1.4936567      6.9107754    
  15490000   0.99848519     6.0378386      1.497678       6.9063875    
  15500000   0.99906716     6.0384181      1.498551       6.9087194    
  15510000   1.0142647      6.0436898      1.5213465      6.9064874    
  15520000   1.0005648      6.0321907      1.5007973      6.9036677    
  15530000   1.0011584      6.0337936      1.5016877      6.9063836    
  15540000   0.99824586     6.0242136      1.497319       6.9041753    
  15550000   1.0136834      6.0407924      1.5204745      6.9098091    
  15560000   1.0038508      6.0338496      1.5057261      6.9053225    
  15570000   0.99335817     6.0468185      1.4899878      6.9103997    
  15580000   1.0119706      6.040655       1.5179054      6.9105373    
  15590000   0.99956316     6.0350706      1.4992949      6.9069252    
  15600000   0.99877061     6.0416553      1.4981061      6.9055038    
  15610000   1.0079378      6.0413425      1.5118565      6.9098354    
  15620000   1.0006546      6.0397328      1.5009321      6.9059599    
  15630000   1.0046469      6.0483152      1.5069204      6.9121241    
  15640000   0.99794508     6.0429712      1.4968679      6.9036752    
  15650000   0.99436347     6.0391611      1.4914956      6.9024736    
  15660000   1.0020516      6.0580654      1.5030274      6.9150274    
  15670000   1.0003821      6.0494081      1.5005233      6.9042654    
  15680000   0.99240773     6.0304668      1.4885621      6.8970911    
  15690000   1.00607        6.0488669      1.5090548      6.9061289    
  15700000   1.0033948      6.0352598      1.5050423      6.9021289    
  15710000   0.99632912     6.0422269      1.494444       6.9076525    
  15720000   0.99736205     6.0358056      1.4959934      6.9022836    
  15730000   1.0017637      6.0419947      1.5025957      6.9082162    
  15740000   1.0075148      6.0465358      1.5112219      6.9037774    
  15750000   0.99900087     6.0330588      1.4984515      6.9076868    
  15760000   0.99247573     6.0253113      1.4886641      6.9025454    
  15770000   1.0011959      6.0412824      1.501744       6.9057476    
  15780000   0.99471816     6.0353455      1.4920277      6.9047444    
  15790000   1.0012136      6.0428217      1.5017704      6.9011078    
  15800000   0.99472703     6.0389518      1.492041       6.9013485    
  15810000   0.9962344      6.0529803      1.4943019      6.9124975    
  15820000   1.0054737      6.0186193      1.5081604      6.8952532    
  15830000   1.0066034      6.0370777      1.5098549      6.9052956    
  15840000   0.9987524      6.0426855      1.4980788      6.9073068    
  15850000   0.99908447     6.0388467      1.4985769      6.9061689    
  15860000   1.0014426      6.0355577      1.502114       6.9101734    
  15870000   0.99899718     6.037416       1.498446       6.9076471    
  15880000   0.99867242     6.0242195      1.4979589      6.9052578    
  15890000   1.0040611      6.0353113      1.5060417      6.9027179    
  15900000   1.0032311      6.0406473      1.5047967      6.9059838    
  15910000   0.99815803     6.041752       1.4971873      6.9135604    
  15920000   0.99517046     6.031733       1.4927061      6.9000956    
  15930000   0.99641251     6.0526978      1.4945691      6.9119222    
  15940000   1.0083943      6.043236       1.5125412      6.904198     
  15950000   0.99999532     6.0500866      1.4999432      6.9040817    
  15960000   0.99071184     6.0284095      1.4860184      6.9009729    
  15970000   1.0021631      6.0369183      1.5031947      6.9052912    
  15980000   0.99431645     6.0388038      1.4914251      6.9045437    
  15990000   0.9928521      6.0307425      1.4892287      6.9051445    
  16000000   0.9986432      6.014031       1.497915       6.9024453    
  16010000   1.0054497      6.0281751      1.5081244      6.9018453    
  16020000   0.99486331     6.0233159      1.4922454      6.9097421    
  16030000   0.99471211     6.0318058      1.4920186      6.9042436    
  16040000   1.0023257      6.0341806      1.5034386      6.9060316    
  16050000   0.99234605     6.0546037      1.4884696      6.9091767    
  16060000   1.0008176      6.0323379      1.5011765      6.9007842    
  16070000   1.0010909      6.0339533      1.5015865      6.9051323    
  16080000   0.99772724     6.0378088      1.4965411      6.9097691    
  16090000   1.0051071      6.0344671      1.5076105      6.9012636    
  16100000   0.99700071     6.0246307      1.4954514      6.8959762    
  16110000   0.99519158     6.0309722      1.4927378      6.9016548    
  16120000   1.0013706      6.0399421      1.5020059      6.9036624    
  16130000   0.99738774     6.0394487      1.4960319      6.906648     
  16140000   1.0013807      6.0407335      1.5020211      6.906058     
  16150000   1.009065       6.0365227      1.5135472      6.9027261    
  16160000   1.0079389      6.0322846      1.5118582      6.9033836    
  16170000   0.99572474     6.0357504      1.4935375      6.9062087    
  16180000   1.0047689      6.0290018      1.5071033      6.9056528    
  16190000   1.0002468      6.0456489      1.5003203      6.9107432    
  16200000   1.0047585      6.02941        1.5070877      6.8991432    
  16210000   0.9977603      6.0309773      1.4965907      6.905267     
  16220000   0.99929336     6.0304748      1.4988902      6.9080206    
  16230000   1.0051184      6.036607       1.5076275      6.9077328    
  16240000   0.99867801     6.037561       1.4979673      6.9040598    
  16250000   0.99652368     6.041085       1.4947359      6.9043498    
  16260000   1.0047949      6.0407587      1.5071423      6.900803     
  16270000   1.00395        6.0486885      1.5058749      6.9083588    
  16280000   0.99670034     6.0410207      1.4950008      6.908679     
  16290000   0.99501571     6.0508858      1.492474       6.9146024    
  16300000   1.0014278      6.0443745      1.5020918      6.9033408    
  16310000   0.99771013     6.0441731      1.4965155      6.9115064    
  16320000   1.0007264      6.0252242      1.5010397      6.8984455    
  16330000   0.99867731     6.0378074      1.4979662      6.9052144    
  16340000   1.0016352      6.0332586      1.5024029      6.9025952    
  16350000   1.0031403      6.0272075      1.5046605      6.9055719    
  16360000   1.0045793      6.0372323      1.5068189      6.9115922    
  16370000   1.0036722      6.0200654      1.5054582      6.8967624    
  16380000   1.0006387      6.0318224      1.5009082      6.9128376    
  16390000   0.99788624     6.0356436      1.4967796      6.9008226    
  16400000   0.99899329     6.0289983      1.4984401      6.8984552    
  16410000   1.0024119      6.0336598      1.5035678      6.9047371    
  16420000   1.0040393      6.0369489      1.5060089      6.9059655    
  16430000   0.9965594      6.0397627      1.4947894      6.9050287    
  16440000   1.0038611      6.0349824      1.5057416      6.9032591    
  16450000   0.99549641     6.0451867      1.493195       6.9092662    
  16460000   1.0007362      6.026445       1.5010545      6.9027535    
  16470000   0.99802879     6.0320854      1.4969934      6.9051356    
  16480000   1.0056364      6.0483587      1.5084045      6.9127383    
  16490000   0.99490986     6.0340158      1.4923152      6.9117705    
  16500000   1.0013062      6.0230535      1.5019094      6.9098227    
  16510000   1.0020643      6.0386959      1.5030465      6.9138826    
  16520000   1.0041478      6.0310872      1.5061717      6.8996936    
  16530000   0.99682819     6.0499597      1.4951926      6.9079252    
  16540000   0.99280443     6.0423577      1.4891572      6.9069608    
  16550000   1.0041715      6.0467776      1.5062073      6.9107219    
  16560000   1.0068538      6.0289745      1.5102305      6.9091746    
  16570000   1.0070755      6.0285707      1.5105631      6.901004     
  16580000   0.99890155     6.0305751      1.4983025      6.9027923    
  16590000   1.0001056      6.0331779      1.5001086      6.9013662    
  16600000   1.0009685      6.0343337      1.5014028      6.8993236    
  16610000   0.99839811     6.0429376      1.4975474      6.9059705    
  16620000   0.99383262     6.0326895      1.4906994      6.8961386    
  16630000   1.0034932      6.045781       1.5051898      6.9099176    
  16640000   1.0016771      6.0319279      1.5024657      6.9035023    
  16650000   0.99902269     6.0365487      1.4984843      6.9085494    
  16660000   1.0034209      6.0332504      1.5050814      6.8997235    
  16670000   1.0012296      6.0316379      1.5017945      6.9042945    
  16680000   1.0041841      6.0301696      1.5062261      6.904123     
  16690000   0.99109472     6.031385       1.4865927      6.9017465    
  16700000   1.0064907      6.0258853      1.5096859      6.8981962    
  16710000   0.99694606     6.0284627      1.4953694      6.9031488    
  16720000   0.99730163     6.026846       1.4959027      6.9039753    
  16730000   0.99939602     6.0131954      1.4990442      6.9053506    
  16740000   1.0023946      6.025248       1.5035419      6.9075521    
  16750000   1.0060858      6.0315375      1.5090786      6.9067076    
  16760000   1.0025948      6.0116753      1.5038423      6.8945794    
  16770000   0.99252489     6.0300153      1.4887379      6.9006984    
  16780000   1.0013543      6.0239907      1.5019815      6.8972874    
  16790000   0.99828169     6.0333838      1.4973728      6.9085932    
  16800000   0.99132993     6.0154041      1.4869455      6.8997509    
  16810000   1.0049794      6.0191457      1.507419       6.9088633    
  16820000   0.99971496     6.0139995      1.4995226      6.8938692    
  16830000   0.99977404     6.0312862      1.4996112      6.9092347    
  16840000   1.0047594      6.028138       1.507089       6.9133951    
  16850000   0.99834473     6.0218065      1.4974673      6.8936082    
  16860000   1.0065225      6.0314296      1.5097335      6.9024263    
  16870000   0.99834152     6.0359921      1.4974625      6.9086634    
  16880000   1.0004754      6.0307467      1.5006632      6.8992956    
  16890000   1.0040988      6.0306132      1.5060981      6.9001103    
  16900000   0.99707158     6.0179916      1.4955577      6.898073     
  16910000   0.99855798     6.0373986      1.4977872      6.9067336    
  16920000   0.99970617     6.0281119      1.4995094      6.908161     
  16930000   1.0005977      6.0354075      1.5008467      6.9110447    
  16940000   1.0022805      6.0349095      1.5033708      6.9079679    
  16950000   1.0004498      6.0155301      1.5006248      6.9034276    
  16960000   0.99294869     6.0415694      1.4893736      6.9183445    
  16970000   0.9936964      6.0241666      1.4904951      6.8959302    
  16980000   0.99902125     6.0245142      1.4984821      6.9027302    
  16990000   0.99770956     6.0310511      1.4965146      6.9047658    
  17000000   1.0036696      6.0324763      1.5054543      6.9021233    
  17010000   1.0013847      6.0396399      1.5020271      6.9086322    
  17020000   1.0053103      6.0365229      1.5079154      6.9032717    
  17030000   1.0040765      6.0374458      1.5060647      6.9069724    
  17040000   0.99855878     6.0471061      1.4977884      6.9059952    
  17050000   1.0039041      6.0487436      1.5058061      6.9026251    
  17060000   0.9911674      6.0411265      1.4867017      6.9030071    
  17070000   1.0056391      6.0464905      1.5084085      6.9085154    
  17080000   1.0034042      6.0525085      1.5050563      6.9112967    
  17090000   1.0070304      6.0269199      1.5104954      6.9056905    
  17100000   1.0062042      6.0514779      1.5092561      6.9116557    
  17110000   0.99718359     6.0295292      1.4957257      6.8981506    
  17120000   0.997801       6.0316579      1.4966518      6.9020807    
  17130000   0.99626589     6.0360331      1.4943492      6.9018335    
  17140000   1.0046403      6.0309929      1.5069105      6.9006475    
  17150000   1.0119243      6.0388705      1.5178361      6.9024312    
  17160000   0.99992172     6.036174       1.4998327      6.9028085    
  17170000   1.0085663      6.0439819      1.5127991      6.9083065    
  17180000   1.0084319      6.0280513      1.5125975      6.9036387    
  17190000   0.99628283     6.0405444      1.4943746      6.9112744    
  17200000   0.99497751     6.0438773      1.4924167      6.9100879    
  17210000   1.0050867      6.0376143      1.5075799      6.9024819    
  17220000   0.99699758     6.029606       1.4954467      6.9030897    
  17230000   1.0015319      6.0381279      1.5022479      6.9104353    
  17240000   1.0012251      6.0338594      1.5017877      6.9038321    
  17250000   1.0056465      6.0546547      1.5084196      6.9157074    
  17260000   0.99098322     6.0446301      1.4864254      6.9060647    
  17270000   1.0038038      6.0415005      1.5056557      6.9100154    
  17280000   1.0091323      6.0462741      1.5136482      6.9056807    
  17290000   1.0030033      6.0439924      1.504455       6.9091001    
  17300000   1.0027548      6.0678362      1.5040822      6.9156835    
  17310000   0.99184103     6.0558962      1.4877121      6.9093724    
  17320000   0.99281165     6.0439267      1.489168       6.9037747    
  17330000   1.0055665      6.0449822      1.5082997      6.9036397    
  17340000   0.9935531      6.0507008      1.4902801      6.9050919    
  17350000   0.99861504     6.047182       1.4978728      6.9077665    
  17360000   1.0011143      6.0391983      1.5016216      6.8982964    
  17370000   0.99255298     6.0444308      1.48878        6.906592     
  17380000   1.0035274      6.030051       1.5052412      6.8981171    
  17390000   1.0027182      6.0629326      1.5040273      6.914826     
  17400000   1.002984       6.0374849      1.5044261      6.9084786    
  17410000   0.99296676     6.043303       1.4894007      6.8979793    
  17420000   1.0000804      6.0340821      1.5000708      6.8974124    
  17430000   0.99474835     6.0323926      1.492073       6.8987077    
  17440000   0.99176699     6.0283376      1.4876011      6.9027786    
  17450000   0.99947119     6.0390613      1.499157       6.9028068    
  17460000   0.99763051     6.0308711      1.4963961      6.90022      
  17470000   1.006945       6.0474904      1.5103673      6.9076122    
  17480000   0.99633674     6.0469381      1.4944555      6.906683     
  17490000   0.99712784     6.0465887      1.4956421      6.9095728    
  17500000   1.0037105      6.0256666      1.5055157      6.8978375    
  17510000   0.99925985     6.0348423      1.49884        6.9048561    
  17520000   1.0050563      6.0483519      1.5075343      6.9043707    
  17530000   1.0049952      6.0498363      1.5074427      6.9065852    
  17540000   0.99232258     6.0591367      1.4884344      6.9091667    
  17550000   0.99671044     6.0459095      1.495016       6.9050256    
  17560000   1.0003303      6.0383551      1.5004457      6.8980932    
  17570000   0.9960846      6.0407302      1.4940773      6.9014827    
  17580000   1.0036753      6.0348136      1.5054629      6.9013108    
  17590000   0.99879323     6.0453468      1.4981401      6.9069358    
  17600000   0.99877881     6.0413082      1.4981184      6.9028287    
  17610000   0.99810051     6.045761       1.497101       6.907278     
  17620000   0.99699125     6.0488114      1.4954372      6.9090172    
  17630000   0.99256039     6.039246       1.4887911      6.9041286    
  17640000   0.99829471     6.0535436      1.4973923      6.9118476    
  17650000   1.0076693      6.0380903      1.5114537      6.9006452    
  17660000   1.0013134      6.0407825      1.5019201      6.9016331    
  17670000   0.99776707     6.0397314      1.4966009      6.9081787    
  17680000   0.99363746     6.0432101      1.4904067      6.9122548    
  17690000   1.0023031      6.0395613      1.5034047      6.9023222    
  17700000   1.0019578      6.0245809      1.5028868      6.9000952    
  17710000   1.0010009      6.03929        1.5014514      6.9069231    
  17720000   0.99779461     6.0430335      1.4966422      6.9104135    
  17730000   1.0084896      6.0405374      1.5126842      6.905833     
  17740000   0.99720338     6.0270422      1.4957554      6.8967029    
  17750000   0.9918328      6.0274824      1.4876998      6.9072884    
  17760000   0.99831777     6.0422144      1.4974269      6.9033127    
  17770000   1.000302       6.0367575      1.5004031      6.909038     
  17780000   0.99790943     6.0470531      1.4968144      6.9056341    
  17790000   0.99794479     6.0346125      1.4968675      6.9035439    
  17800000   0.99978601     6.0407702      1.4996292      6.9091028    
  17810000   1.001428       6.0380125      1.5020921      6.904354     
  17820000   0.9983983      6.0261413      1.4975477      6.8982383    
  17830000   0.99465131     6.0451432      1.4919274      6.9078482    
  17840000   1.0027935      6.0392546      1.5041403      6.9094074    
  17850000   1.0001016      6.0194222      1.5001025      6.8946217    
  17860000   0.99658539     6.0301188      1.4948284      6.9085273    
  17870000   1.0040712      6.0386854      1.5060568      6.9107886    
  17880000   1.0019887      6.0252369      1.5029331      6.8989675    
  17890000   0.99880817     6.0334142      1.4981625      6.9041928    
  17900000   1.0028279      6.0276287      1.5041919      6.9032963    
  17910000   1.004749       6.0385491      1.5070735      6.9031892    
  17920000   0.99244486     6.0370965      1.4886178      6.9026328    
  17930000   1.0004008      6.0468098      1.5005513      6.9100129    
  17940000   0.99797501     6.0353173      1.4969128      6.8991764    
  17950000   1.0007619      6.0321611      1.501093       6.8958352    
  17960000   1.0010587      6.0371823      1.5015382      6.9012239    
  17970000   0.99965035     6.0460985      1.4994257      6.9072305    
  17980000   1.0045225      6.0335892      1.5067337      6.901864     
  17990000   1.0011875      6.037642       1.5017314      6.9031318    
  18000000   0.99383866     6.0564081      1.4907085      6.910941     
  18010000   1.0071147      6.0632676      1.5106219      6.9119714    
  18020000   1.0073986      6.0436422      1.5110477      6.9070052    
  18030000   0.99968985     6.0333861      1.499485       6.8999329    
  18040000   1.0066422      6.0446765      1.5099131      6.9067943    
  18050000   0.99528245     6.0523683      1.4928741      6.9087435    
  18060000   0.99849099     6.0350514      1.4976867      6.9008203    
  18070000   1.0003701      6.0438058      1.5005053      6.9048567    
  18080000   0.99947504     6.0406461      1.4991628      6.9048262    
  18090000   0.9960245      6.0337324      1.4939871      6.9012338    
  18100000   1.0035478      6.0436083      1.5052716      6.9134355    
  18110000   0.9995306      6.0416917      1.4992461      6.9019368    
  18120000   0.99217115     6.0315172      1.4882073      6.9046654    
  18130000   0.9981782      6.0455262      1.4972176      6.9150759    
  18140000   0.99922238     6.0384566      1.4987838      6.9024015    
  18150000   0.9958776      6.0367649      1.4937668      6.9054294    
  18160000   1.0104214      6.0286891      1.5155817      6.9033895    
  18170000   1.0099156      6.0416474      1.5148231      6.9056266    
  18180000   0.99866124     6.0394011      1.4979421      6.9013618    
  18190000   1.0060183      6.0317398      1.5089773      6.8981044    
  18200000   0.99827943     6.050953       1.4973694      6.908011     
  18210000   1.0033558      6.050576       1.5049837      6.9076416    
  18220000   1.0023973      6.0567466      1.5035461      6.9103592    
  18230000   0.99146665     6.043897       1.4871506      6.9021206    
  18240000   1.0011225      6.0595877      1.5016339      6.9077095    
  18250000   0.99892733     6.0514962      1.4983412      6.9048177    
  18260000   1.0110466      6.0574898      1.5165194      6.9099492    
  18270000   0.99721136     6.0521275      1.4957674      6.9022306    
  18280000   0.99862495     6.0489814      1.4978877      6.9082247    
  18290000   0.99283335     6.0323231      1.4892005      6.894716     
  18300000   0.99487142     6.0544136      1.4922575      6.9009887    
  18310000   1.0007565      6.043576       1.5010848      6.9015045    
  18320000   0.9970116      6.0427371      1.4954677      6.9003007    
  18330000   0.99398811     6.0477367      1.4909326      6.903167     
  18340000   1.0038929      6.0198612      1.5057893      6.8969042    
  18350000   1.0026944      6.0410251      1.5039917      6.9046085    
  18360000   0.99834903     6.0530672      1.4974738      6.9072775    
  18370000   1.0004054      6.0609291      1.5005582      6.9104283    
  18380000   0.99366973     6.0396118      1.4904551      6.9048087    
  18390000   0.99654346     6.0384952      1.4947655      6.9019223    
  18400000   1.0001508      6.0493348      1.5001763      6.9060298    
  18410000   0.99509494     6.0343096      1.4925928      6.9021793    
  18420000   0.99733069     6.0412588      1.4959463      6.9064288    
  18430000   0.99187256     6.0452255      1.4877594      6.9051214    
  18440000   0.99624863     6.0422002      1.4943233      6.9033204    
  18450000   1.0025372      6.0425694      1.5037559      6.9065977    
  18460000   0.99755462     6.0424861      1.4962822      6.900729     
  18470000   0.99810463     6.0353647      1.4971072      6.9023401    
  18480000   0.99965579     6.0202269      1.4994339      6.8937391    
  18490000   1.0100873      6.0450448      1.5150807      6.906913     
  18500000   0.99438778     6.0454119      1.4915321      6.9086695    
  18510000   0.99499624     6.0372397      1.4924448      6.9028221    
  18520000   0.99896163     6.0370877      1.4983927      6.8994475    
  18530000   0.99194705     6.0482011      1.4878711      6.9096215    
  18540000   1.0039898      6.0484413      1.5059347      6.9114642    
  18550000   1.0029258      6.0562221      1.5043387      6.911092     
  18560000   1.0043043      6.0485782      1.5064064      6.9085716    
  18570000   1.0011392      6.0495705      1.5016589      6.9054197    
  18580000   1.0039147      6.0441251      1.505822       6.9044652    
  18590000   1.0030175      6.0406512      1.5044763      6.9046048    
  18600000   0.99170711     6.0340998      1.4875112      6.8998572    
  18610000   1.0042087      6.039066       1.5062629      6.9050607    
  18620000   1.0058253      6.0496044      1.5086878      6.9173091    
  18630000   0.99355073     6.0396072      1.4902766      6.9120951    
  18640000   1.0054632      6.0388487      1.5081448      6.9063954    
  18650000   0.99837238     6.0323291      1.4975088      6.9011704    
  18660000   0.99634674     6.0375387      1.4944705      6.9067036    
  18670000   0.990854       6.0358122      1.4862316      6.8993866    
  18680000   1.0021533      6.0284574      1.50318        6.9006354    
  18690000   1.0023127      6.060307       1.503419       6.912049     
  18700000   1.0100339      6.0437838      1.5150006      6.9095234    
  18710000   1.0011306      6.0490077      1.501646       6.9071873    
  18720000   0.98846306     6.0425534      1.4826453      6.9064998    
  18730000   0.99555109     6.0530938      1.493277       6.9049952    
  18740000   0.99903367     6.0441917      1.4985007      6.9009196    
  18750000   0.99608538     6.0541684      1.4940784      6.9108717    
  18760000   1.0034356      6.0532761      1.5051034      6.9099824    
  18770000   1.0083971      6.0443997      1.5125454      6.9017781    
  18780000   0.99945352     6.041929       1.4991305      6.9016452    
  18790000   1.0044709      6.0324385      1.5066563      6.900852     
  18800000   0.99612069     6.0372943      1.4941314      6.9032648    
  18810000   0.994605       6.0451684      1.4918579      6.9047076    
  18820000   1.002772       6.0415666      1.5041081      6.907817     
  18830000   0.99971832     6.045878       1.4995277      6.90331      
  18840000   0.99766482     6.0349801      1.4964475      6.909883     
  18850000   0.99829751     6.0391644      1.4973965      6.9065881    
  18860000   0.98847598     6.0450606      1.4826647      6.9083991    
  18870000   1.0048586      6.0376137      1.5072379      6.8986016    
  18880000   1.0074424      6.042334       1.5111133      6.902828     
  18890000   0.99520193     6.0524132      1.4927533      6.9160391    
  18900000   0.99827358     6.0484459      1.4973606      6.9068128    
  18910000   0.99795827     6.0445488      1.4968877      6.9075402    
  18920000   0.99612062     6.0317272      1.4941313      6.8967069    
  18930000   0.99917079     6.0317092      1.4987064      6.9015944    
  18940000   1.0009671      6.0438664      1.5014007      6.9061682    
  18950000   1.0016808      6.034941       1.5024712      6.9032134    
  18960000   1.0036118      6.0265106      1.5053677      6.8983083    
  18970000   1.0058176      6.0301121      1.5086762      6.9077722    
  18980000   0.99747349     6.0256729      1.4961605      6.9018874    
  18990000   1.0082304      6.0316963      1.5122954      6.8993579    
  19000000   0.9947393      6.0408524      1.4920594      6.8986939    
  19010000   1.0004243      6.0362339      1.5005866      6.9069524    
  19020000   1.0101851      6.0402399      1.5152273      6.9054621    
  19030000   0.99894753     6.0449728      1.4983715      6.9140259    
  19040000   1.0046994      6.0304862      1.506999       6.9037112    
  19050000   1.0001339      6.0327559      1.500151       6.905555     
  19060000   0.99201402     6.0334756      1.4879716      6.9054255    
  19070000   1.0030969      6.0496543      1.5045954      6.9109958    
  19080000   1.000661       6.0398532      1.5009416      6.9027965    
  19090000   0.99849593     6.0294915      1.4976941      6.9005326    
  19100000   0.99626021     6.0413268      1.4943407      6.9025558    
  19110000   1.0049003      6.0366186      1.5073003      6.9046717    
  19120000   0.99890077     6.0311612      1.4983014      6.9079811    
  19130000   0.9887297      6.0374416      1.4830453      6.9049864    
  19140000   0.99950162     6.0374465      1.4992026      6.9073007    
  19150000   0.99536177     6.0554252      1.492993       6.9082246    
  19160000   1.0078109      6.0625971      1.5116661      6.915109     
  19170000   1.0003364      6.0523948      1.5004548      6.9036798    
  19180000   0.99391463     6.0573079      1.4908224      6.9130893    
  19190000   1.0014637      6.0425461      1.5021457      6.9044954    
  19200000   0.99160412     6.0326676      1.4873568      6.903598     
  19210000   0.99957392     6.0424466      1.4993111      6.9118819    
  19220000   1.0091793      6.0278284      1.5137186      6.9064627    
  19230000   0.99691377     6.0385636      1.495321       6.9034476    
  19240000   0.99049812     6.0235494      1.4856978      6.8974627    
  19250000   0.99816755     6.0384415      1.4972016      6.9057115    
  19260000   1.0035127      6.0388592      1.505219       6.9102672    
  19270000   0.99897656     6.0204816      1.4984151      6.900842     
  19280000   0.99929978     6.0305892      1.4988999      6.9031802    
  19290000   0.99800822     6.0260807      1.4969626      6.8997783    
  19300000   0.9964789      6.0368731      1.4946687      6.9057925    
  19310000   0.99685166     6.0403326      1.4952278      6.9096116    
  19320000   1.002961       6.0487094      1.5043916      6.9123354    
  19330000   0.99562498     6.0282271      1.4933879      6.9049323    
  19340000   0.99495695     6.0195445      1.4923858      6.9028885    
  19350000   0.99207383     6.0209139      1.4880613      6.8999279    
  19360000   1.0100309      6.0233414      1.514996       6.9001005    
  19370000   0.99742436     6.0327548      1.4960868      6.912153     
  19380000   0.99329844     6.0298243      1.4898982      6.898427     
  19390000   1.0087139      6.0351505      1.5130205      6.9005084    
  19400000   0.99928841     6.0300003      1.4988828      6.8988965    
  19410000   0.99444664     6.0406748      1.4916204      6.9066066    
  19420000   1.0030186      6.0395745      1.5044779      6.9128412    
  19430000   1.0126987      6.0305881      1.5189976      6.9037448    
  19440000   0.99989303     6.0136222      1.4997897      6.8947493    
  19450000   1.0001978      6.021529       1.5002469      6.8990072    
  19460000   1.0032316      6.0187925      1.5047974      6.9012554    
  19470000   1.0053092      6.0393216      1.5079137      6.916612     
  19480000   1.0069195      6.011364       1.510329       6.9032521    
  19490000   0.99917555     6.0237568      1.4987135      6.9042349    
  19500000   1.0023113      6.0318329      1.5034171      6.9095021    
  19510000   1.0043641      6.0224826      1.5064962      6.905195     
  19520000   0.99740616     6.0136433      1.4960595      6.9020337    
  19530000   1.0002116      6.0212943      1.5002676      6.8968455    
  19540000   0.99471798     6.0265792      1.4920274      6.9060425    
  19550000   1.0046904      6.0332943      1.5069855      6.9105812    
  19560000   1.0020441      6.0236798      1.5030162      6.9093408    
  19570000   0.99586711     6.0173114      1.493751       6.9017473    
  19580000   0.98902382     6.0177557      1.4834864      6.9049931    
  19590000   0.99262249     6.022856       1.4888843      6.9101462    
  19600000   1.0012677      6.0266738      1.5018517      6.90653      
  19610000   0.99616054     6.0371701      1.4941912      6.913158     
  19620000   1.0042912      6.0312519      1.5063868      6.9014237    
  19630000   1.0066149      6.0377405      1.5098721      6.9063722    
  19640000   0.99853265     6.0284493      1.4977492      6.906095     
  19650000   1.0026394      6.0266942      1.5039091      6.9068395    
  19660000   1.0011631      6.0296857      1.5016947      6.9059576    
  19670000   1.0024433      6.0346789      1.503615       6.9017111    
  19680000   0.99750383     6.0364502      1.496206       6.9037621    
  19690000   0.9951236      6.0408821      1.4926358      6.9065683    
  19700000   0.99694296     6.0486322      1.4953648      6.9116984    
  19710000   1.001026       6.0474297      1.5014891      6.9133607    
  19720000   1.0025282      6.0222007      1.5037423      6.8995571    
  19730000   1.0028132      6.0339739      1.5041699      6.908001     
  19740000   1.0016079      6.0236258      1.5023619      6.898378     
  19750000   1.001199       6.0226104      1.5017486      6.9072348    
  19760000   0.99712597     6.0190125      1.4956393      6.9023361    
  19770000   1.0036214      6.0177753      1.5053821      6.9011135    
  19780000   1.0032733      6.0144198      1.5048599      6.9047925    
  19790000   0.99735602     6.0225999      1.4959843      6.905954     
  19800000   0.99729219     6.0494336      1.4958886      6.9150821    
  19810000   0.98917383     6.0211309      1.4837115      6.898978     
  19820000   1.0034469      6.0336454      1.5051204      6.9058999    
  19830000   0.99893596     6.0341893      1.4983542      6.903722     
  19840000   1.0043512      6.0324165      1.5064767      6.899585     
  19850000   0.99317996     6.0318041      1.4897204      6.9057966    
  19860000   1.0002146      6.0424079      1.500272       6.9116469    
  19870000   1.0068913      6.0527763      1.5102868      6.9103749    
  19880000   0.99794397     6.0399998      1.4968662      6.9085209    
  19890000   0.99672079     6.049319       1.4950315      6.9146875    
  19900000   0.99859428     6.0548936      1.4978417      6.9055937    
  19910000   0.99783933     6.0361916      1.4967093      6.9029232    
  19920000   0.98866306     6.0392053      1.4829453      6.900217     
  19930000   1.0021991      6.045273       1.5032486      6.9048159    
  19940000   1.0025362      6.044542       1.5037543      6.9074481    
  19950000   0.99650383     6.0534063      1.4947061      6.9175594    
  19960000   1.0025914      6.0401065      1.5038371      6.9044438    
  19970000   0.9994534      6.0348647      1.4991303      6.9039793    
  19980000   1.0060838      6.0402908      1.5090755      6.9051745    
  19990000   0.99777506     6.0309251      1.4966129      6.8974979    
  20000000   0.99463537     6.0362527      1.4919035      6.902783     
  20010000   0.99585253     6.0335346      1.4937292      6.9033743    
  20020000   1.0028421      6.0529336      1.5042131      6.9052702    
  20030000   1.0018121      6.051611       1.5026682      6.9089631    
Loop time of 219463 on 1 procs for 20000000 steps with 30100 atoms

Performance: 39368.844 tau/day, 91.132 timesteps/s
100.0% CPU use with 1 MPI tasks x 1 OpenMP threads

MPI task timing breakdown:
Section |  min time  |  avg time  |  max time  |%varavg| %total
---------------------------------------------------------------
Pair    | 1.4393e+05 | 1.4393e+05 | 1.4393e+05 |   0.0 | 65.58
Bond    | 7482.9     | 7482.9     | 7482.9     |   0.0 |  3.41
Neigh   | 38957      | 38957      | 38957      |   0.0 | 17.75
Comm    | 720.64     | 720.64     | 720.64     |   0.0 |  0.33
Output  | 2.2637     | 2.2637     | 2.2637     |   0.0 |  0.00
Modify  | 27161      | 27161      | 27161      |   0.0 | 12.38
Other   |            | 1208       |            |       |  0.55

Nlocal:          30100 ave       30100 max       30100 min
Histogram: 1 0 0 0 0 0 0 0 0 0
Nghost:           2919 ave        2919 max        2919 min
Histogram: 1 0 0 0 0 0 0 0 0 0
Neighs:         974207 ave      974207 max      974207 min
Histogram: 1 0 0 0 0 0 0 0 0 0

Total # of neighbors = 974207
Ave neighs/atom = 32.365681
Ave special neighs/atom = 1.9136213
Neighbor list builds = 889560
Dangerous builds = 0

write_data data*.xyz
System init for write_data ...
Generated 0 of 6 mixed pair_coeff terms from geometric mixing rule
WARNING: Not all mixed pair coeffs generated from mixing. Use write_data with 'pair ij' option to store all pair coeffs. (src/write_data.cpp:309)
write_restart 	restart.polymer_ring
System init for write_restart ...
Generated 0 of 6 mixed pair_coeff terms from geometric mixing rule

print "ALL done"
ALL done
Total wall time: 61:00:25
