
pair_style      lj/cut 4.0
pair_modify     shift yes
read_restart    prod.restart1
Reading restart file ...
  restart file = 23 Jun 2022, LAMMPS = 23 Jun 2022
  restoring atom style bond from restart
  orthogonal box = (-40 -40 -35) to (40 40 35)
  1 by 1 by 1 MPI processor grid
  restoring pair style lj/cut from restart
  restoring bond style fene from restart
  30000 atoms
  28800 bonds
Finding 1-2 1-3 1-4 neighbors ...
  special bond factors lj:    0        1        1       
  special bond factors coul:  0        1        1       
     2 = max # of 1-2 neighbors
     6 = max # of special neighbors
  special bonds CPU = 0.005 seconds
  read_restart CPU = 0.013 seconds

bond_style      fene
special_bonds   fene
bond_coeff      1 10.0 2.0 1.0 1.0

group polymerA type 1
15000 atoms in group polymerA
group polymerB type 2
15000 atoms in group polymerB
group receptorC type 3
0 atoms in group receptorC
group receptorD type 4
0 atoms in group receptorD
group polymer union polymerA polymerB
30000 atoms in group polymer
group ligand union receptorC receptorD
0 atoms in group ligand

# Polymer-Polymer
pair_coeff 1 1 0.5 1.0 2.5      # A-A
pair_coeff 2 2 0.5 1.0 2.5      # B-B
pair_coeff 1 2 0.25 1.0 2.5     # A-B

# Polymer-Receptor
pair_coeff 1 3 50.0 1.0 4.0     # A-C
pair_coeff 1 4 50.0 1.0 1.1225  # A-D
pair_coeff 2 3 50.0 1.0 1.1225  # B-C
pair_coeff 2 4 50.0 1.0 4.0     # B-D

# Receptor-Receptor
pair_coeff 3 3 1.0 1.0 1.1225
pair_coeff 4 4 1.0 1.0 1.1225
pair_coeff 3 4 1.0 1.0 1.1225

neighbor        1.0 bin

region upper_box block -40 40 -40 40 32.2 34.8
create_atoms 3 random 204 998273 upper_box   # receptor C
Created 204 atoms
  using lattice units in orthogonal box = (-40 -40 -35) to (40 40 35)
  create_atoms CPU = 0.000 seconds
create_atoms 4 random 204 123456 upper_box   # receptor D
Created 204 atoms
  using lattice units in orthogonal box = (-40 -40 -35) to (40 40 35)
  create_atoms CPU = 0.000 seconds

group receptorC type 3
204 atoms in group receptorC
group receptorD type 4
204 atoms in group receptorD
group ligand union receptorC receptorD
408 atoms in group ligand

fix wall_poly polymer wall/lj126 zlo -32 1.0 1.0 1.1225 zhi 32 1.0 1.0 1.1225

fix wall_lig ligand wall/lj126 zlo 32 1.0 1.0 1.1225 zhi 35 1.0 1.0 1.1225

#minimize 1.0e-4 1.0e-6 100 1000

fix 3 all nve/limit 0.01
run 10000
Generated 0 of 6 mixed pair_coeff terms from geometric mixing rule
Neighbor list info ...
  update every 1 steps, delay 10 steps, check yes
  max neighbors/atom: 2000, page size: 100000
  master list distance cutoff = 5
  ghost atom cutoff = 5
  binsize = 2.5, bins = 32 32 28
  1 neighbor lists, perpetual/occasional/extra = 1 0 0
  (1) pair lj/cut, perpetual
      attributes: half, newton on
      pair build: half/bin/newton
      stencil: half/bin/3d
      bin: standard
Per MPI rank memory allocation (min/avg/max) = 23.05 | 23.05 | 23.05 Mbytes
   Step          Temp          E_pair         E_mol          TotEng         Press     
     20000   0.98265849     5715.4907      7.9810611      5724.9457      1553.901     
     30000   0.24396309    -2.0829709      6.3798273      4.662789      -0.013145227  
Loop time of 144.788 on 1 procs for 10000 steps with 30408 atoms

Performance: 29836.634 tau/day, 69.066 timesteps/s
100.0% CPU use with 1 MPI tasks x 1 OpenMP threads

MPI task timing breakdown:
Section |  min time  |  avg time  |  max time  |%varavg| %total
---------------------------------------------------------------
Pair    | 126.57     | 126.57     | 126.57     |   0.0 | 87.42
Bond    | 3.3141     | 3.3141     | 3.3141     |   0.0 |  2.29
Neigh   | 10.929     | 10.929     | 10.929     |   0.0 |  7.55
Comm    | 0.30783    | 0.30783    | 0.30783    |   0.0 |  0.21
Output  | 0.00011449 | 0.00011449 | 0.00011449 |   0.0 |  0.00
Modify  | 2.8015     | 2.8015     | 2.8015     |   0.0 |  1.93
Other   |            | 0.867      |            |       |  0.60

Nlocal:          30408 ave       30408 max       30408 min
Histogram: 1 0 0 0 0 0 0 0 0 0
Nghost:           7084 ave        7084 max        7084 min
Histogram: 1 0 0 0 0 0 0 0 0 0
Neighs:    1.77558e+06 ave 1.77558e+06 max 1.77558e+06 min
Histogram: 1 0 0 0 0 0 0 0 0 0

Total # of neighbors = 1775579
Ave neighs/atom = 58.391838
Ave special neighs/atom = 1.8942384
Neighbor list builds = 199
Dangerous builds = 0
unfix 3

fix 3 all nve
fix 4 all langevin 1 1 1.0 90428

thermo_style    custom step temp pe ke ebond
thermo_modify   flush yes
thermo          10000
timestep        0.005

dump 1 all custom 50000 file_trajectory.bin id type x y z xu yu zu vx vy vz

restart 100000 prod.restart2 prod.restart3
run 20000000
Generated 0 of 6 mixed pair_coeff terms from geometric mixing rule
Per MPI rank memory allocation (min/avg/max) = 27.1 | 27.1 | 27.1 Mbytes
   Step          Temp          PotEng         KinEng         E_bond    
     30000   0.24396309     4.2968564      0.36593259     6.3798273    
     40000   0.99836843     5.9839655      1.4975034      6.8352724    
     50000   0.99488718     5.9941942      1.4922817      6.8345362    
     60000   0.99434602     5.9875351      1.49147        6.830551     
     70000   0.98843441     6.0067248      1.4826029      6.8412689    
     80000   1.0006153      5.984492       1.5008736      6.8326711    
     90000   0.99386048     5.98625        1.4907417      6.8358963    
    100000   0.99867125     5.9813948      1.4979576      6.8365322    
    110000   0.99356023     5.9691515      1.4902913      6.8345525    
    120000   0.99412244     5.96659        1.4911346      6.8381219    
    130000   1.003509       5.9561261      1.505214       6.8316941    
    140000   0.99033049     5.9432062      1.4854469      6.8280304    
    150000   0.99365267     5.9602406      1.49043        6.8456024    
    160000   1.0075195      5.9517975      1.5112296      6.8378945    
    170000   0.99554119     5.9452457      1.4932627      6.8440635    
    180000   0.99448763     5.9296647      1.4916824      6.8338216    
    190000   0.99536        5.9404731      1.4929909      6.8366419    
    200000   1.0029137      5.9364867      1.5043211      6.8363742    
    210000   1.0074437      5.9357478      1.5111159      6.8413306    
    220000   1.0073248      5.9314807      1.5109375      6.8405491    
    230000   1.0040645      5.931249       1.5060472      6.8290232    
    240000   1.0068775      5.9273441      1.5102666      6.8362367    
    250000   1.0043873      5.9341472      1.5065313      6.8357757    
    260000   1.0088575      5.9187519      1.5132365      6.8340419    
    270000   0.99720094     5.9123311      1.4957522      6.8351282    
    280000   0.99641146     5.92463        1.494568       6.8410354    
    290000   0.99841636     5.9142654      1.4975753      6.832071     
    300000   1.0077216      5.9245422      1.5115327      6.8383366    
    310000   0.99776255     5.9259766      1.4965946      6.8379306    
    320000   1.0054882      5.93283        1.5081827      6.8390024    
    330000   1.0015901      5.9211206      1.5023358      6.8324453    
    340000   0.99641084     5.9062018      1.4945671      6.8288326    
    350000   1.0016196      5.9179369      1.50238        6.8356772    
    360000   1.0018381      5.9231171      1.5027078      6.8333258    
    370000   1.0045733      5.9188289      1.5068104      6.8401878    
    380000   1.0035692      5.9142129      1.5053042      6.8350837    
    390000   0.99722998     5.9263206      1.4957958      6.8411789    
    400000   1.0043354      5.9143655      1.5064535      6.8389571    
    410000   0.98983092     5.9081591      1.4846976      6.8398625    
    420000   0.99771945     5.911911       1.49653        6.842826     
    430000   1.0000547      5.923022       1.5000327      6.8387882    
    440000   1.0011785      5.9133797      1.5017183      6.8370319    
    450000   1.0035796      5.9234316      1.5053199      6.8381221    
    460000   1.0015176      5.9129054      1.502227       6.8383765    
    470000   1.0001483      5.908406       1.5001731      6.8343213    
    480000   1.0099298      5.9037642      1.5148448      6.8392487    
    490000   1.0073732      5.9029256      1.5110102      6.8376796    
    500000   1.0061901      5.9082698      1.5092355      6.8331332    
    510000   1.0008928      5.9127369      1.5012898      6.8400428    
    520000   0.99800232     5.9052777      1.4969543      6.8405752    
    530000   1.0056161      5.9065023      1.5083745      6.8368702    
    540000   1.0097014      5.9146712      1.5145022      6.8422161    
    550000   0.99302733     5.9145051      1.489492       6.8365847    
    560000   1.0038416      5.9133912      1.5057129      6.8418611    
    570000   1.0029214      5.9161448      1.5043327      6.8434797    
    580000   1.0003536      5.9131555      1.500481       6.8419482    
    590000   0.99157276     5.8851538      1.4873102      6.8316328    
    600000   1.0022505      5.9175729      1.5033264      6.8366133    
    610000   1.0025554      5.9042068      1.5037837      6.8326091    
    620000   0.99912539     5.9175908      1.4986388      6.8389146    
    630000   1.0004235      5.911972       1.5005859      6.8283697    
    640000   0.99953039     5.9089678      1.4992463      6.8377504    
    650000   1.000715       5.902868       1.5010231      6.8308922    
    660000   0.99929755     5.9024682      1.498897       6.8309734    
    670000   1.0001408      5.9253733      1.5001619      6.8475913    
    680000   1.0081233      5.901548       1.5121352      6.8359187    
    690000   0.99177466     5.9132413      1.4876131      6.8389592    
    700000   1.0055693      5.9046272      1.5083044      6.8342141    
    710000   1.0067375      5.905562       1.5100566      6.8340835    
    720000   1.0022578      5.9221303      1.5033372      6.8378859    
    730000   1.005294       5.9206654      1.5078914      6.833083     
    740000   1.0038557      5.8941842      1.505734       6.8229287    
    750000   0.9914359      5.9031446      1.4871049      6.8317132    
    760000   0.99986196     5.8974582      1.4997436      6.8327045    
    770000   0.99564235     5.9000015      1.4934144      6.8238082    
    780000   0.99396426     5.9081592      1.4908974      6.8355533    
    790000   1.0102189      5.9020045      1.5152785      6.831317     
    800000   1.0060643      5.9037391      1.5090469      6.8353021    
    810000   0.99967044     5.9194014      1.4994563      6.8448234    
    820000   1.0022641      5.9108091      1.5033466      6.8342322    
    830000   1.0020464      5.8906237      1.5030202      6.8342555    
    840000   1.0018532      5.9194532      1.5027304      6.8436264    
    850000   1.0034163      5.9110581      1.5050749      6.8397455    
    860000   1.0115697      5.8951187      1.5173046      6.8408976    
    870000   1.000222       5.8940946      1.5002837      6.8329847    
    880000   0.99564633     5.8809097      1.4934204      6.832766     
    890000   1.0030045      5.8815429      1.5044573      6.8302984    
    900000   0.99923783     5.8867156      1.4988075      6.8365715    
    910000   1.000704       5.8986046      1.5010067      6.8415138    
    920000   1.0029836      5.88414        1.5044259      6.8247736    
    930000   0.99669971     5.8793955      1.4950004      6.8328967    
    940000   0.99640501     5.8994102      1.4945584      6.8401899    
    950000   1.0010727      5.8947275      1.5015597      6.8344352    
    960000   1.0054504      5.9097998      1.508126       6.8365188    
    970000   1.0067177      5.9042592      1.5100269      6.8421979    
    980000   1.0030146      5.8864589      1.5044724      6.8392349    
    990000   1.0056895      5.8822         1.5084847      6.8309219    
   1000000   1.0011796      5.9118353      1.50172        6.8411858    
   1010000   0.99717198     5.9003083      1.4957088      6.8269411    
   1020000   1.004261       5.9071828      1.506342       6.8377524    
   1030000   0.99767086     5.8976917      1.4964571      6.8316088    
   1040000   1.0015837      5.8861478      1.5023261      6.8257429    
   1050000   0.9986418      5.8792354      1.4979134      6.8315174    
   1060000   1.0057753      5.8835138      1.5086134      6.8280042    
   1070000   1.0070966      5.8907977      1.5105952      6.8343312    
   1080000   0.99153591     5.880005       1.4872549      6.8288235    
   1090000   0.99302911     5.8934493      1.4894947      6.8384488    
   1100000   1.0003784      5.8881147      1.5005183      6.840496     
   1110000   1.00368        5.875558       1.5054705      6.8375585    
   1120000   0.9959052      5.8783749      1.4938087      6.8373206    
   1130000   0.98926263     5.8764236      1.4838451      6.8407128    
   1140000   0.99972409     5.8810639      1.4995368      6.832775     
   1150000   1.0116825      5.8754309      1.5174738      6.8307785    
   1160000   0.99505525     5.8759001      1.4925338      6.8401981    
   1170000   1.0061383      5.8824236      1.5091578      6.8306751    
   1180000   0.99618624     5.8824634      1.4942302      6.8276309    
   1190000   0.99735631     5.8808637      1.4959853      6.8292793    
   1200000   0.99684973     5.8774542      1.4952254      6.8332002    
   1210000   1.000707       5.8653021      1.5010112      6.8286186    
   1220000   1.0004078      5.8738952      1.5005623      6.8290548    
   1230000   1.0044483      5.8728325      1.5066228      6.8313916    
   1240000   0.99913942     5.8735249      1.4986599      6.8356749    
   1250000   0.99950344     5.8788139      1.4992059      6.8349528    
   1260000   0.9939513      5.8826462      1.4908779      6.834658     
   1270000   1.0016262      5.8871966      1.50239        6.836165     
   1280000   0.99676628     5.8844408      1.4951003      6.8356169    
   1290000   0.99874056     5.8685328      1.4980616      6.8307211    
   1300000   0.99865501     5.8979         1.4979333      6.8389873    
   1310000   0.99653142     5.8878701      1.494748       6.8437815    
   1320000   0.99852491     5.8907104      1.4977381      6.8368943    
   1330000   1.0032362      5.8788444      1.5048048      6.8376595    
   1340000   1.004025       5.8561137      1.505988       6.8270927    
   1350000   0.99338206     5.8735679      1.4900241      6.8336996    
   1360000   0.99146359     5.8969167      1.4871465      6.8344721    
   1370000   1.0028097      5.8962663      1.504165       6.8347991    
   1380000   1.0056686      5.8747583      1.5084533      6.8337892    
   1390000   1.0011111      5.8773624      1.5016173      6.8324628    
   1400000   0.9985003      5.8857024      1.4977012      6.83348      
   1410000   1.0028986      5.8737393      1.5042984      6.8355914    
   1420000   0.99353254     5.8832631      1.4902498      6.8439746    
   1430000   1.0000873      5.8692454      1.5000816      6.8305282    
   1440000   0.99628369     5.8742939      1.4943764      6.8391815    
   1450000   1.0052285      5.8642176      1.5077932      6.8308355    
   1460000   1.0057843      5.8887838      1.5086269      6.843554     
   1470000   0.99406754     5.8770285      1.4910523      6.8383255    
   1480000   1.0079597      5.875915       1.5118898      6.8337553    
   1490000   0.9998968      5.8784458      1.4997959      6.8358818    
   1500000   0.99797997     5.8565125      1.4969207      6.829186     
   1510000   0.99966313     5.8566333      1.4994454      6.8334415    
   1520000   0.99867944     5.869207       1.4979699      6.8359824    
   1530000   1.0031768      5.8723861      1.5047157      6.8338647    
   1540000   1.0020211      5.8745276      1.5029823      6.8421123    
   1550000   1.0000798      5.8666111      1.5000703      6.8378548    
   1560000   0.99689495     5.8739014      1.4952933      6.8323758    
   1570000   1.0017437      5.8665105      1.5025661      6.8376225    
   1580000   1.0023673      5.8765219      1.5035015      6.8375594    
   1590000   1.0028101      5.8678489      1.5041657      6.83201      
   1600000   0.99616283     5.8683458      1.4941951      6.833674     
   1610000   0.99634565     5.8615226      1.4944693      6.8319594    
   1620000   0.99415582     5.8664264      1.4911847      6.8356586    
   1630000   0.99876359     5.8649619      1.4980961      6.8374972    
   1640000   0.99909645     5.8620214      1.4985954      6.8336403    
   1650000   0.9985675      5.8637479      1.497802       6.8327592    
   1660000   1.0019973      5.8745035      1.5029465      6.8425794    
   1670000   1.006966       5.8594362      1.5103994      6.8245125    
   1680000   0.9982198      5.8852137      1.4972805      6.8368272    
   1690000   0.99704796     5.8667355      1.4955227      6.833169     
   1700000   0.99432132     5.8846341      1.4914329      6.8353204    
   1710000   1.0080954      5.88525        1.5120933      6.8354561    
   1720000   0.99115457     5.8859449      1.486683       6.8388367    
   1730000   0.99974643     5.8792189      1.4995703      6.8384591    
   1740000   1.0011706      5.8908959      1.5017065      6.8438943    
   1750000   0.99703943     5.8935478      1.49551        6.8435133    
   1760000   0.9992626      5.8871077      1.4988446      6.8447075    
   1770000   1.002727       5.8702771      1.504041       6.8294932    
   1780000   0.99791199     5.8771038      1.4968188      6.8366412    
   1790000   0.99914549     5.8815485      1.4986689      6.8405777    
   1800000   1.0049171      5.8837783      1.5073261      6.8350741    
   1810000   1.000334       5.8836025      1.5004516      6.8364451    
   1820000   0.99573283     5.8984322      1.4935501      6.8436713    
   1830000   0.99562089     5.8771376      1.4933822      6.8291534    
   1840000   1.0113555      5.8953709      1.5169834      6.8480776    
   1850000   0.99899911     5.8788227      1.4984494      6.8402095    
   1860000   1.0088886      5.8908779      1.5132831      6.8312261    
   1870000   0.99964194     5.8719771      1.4994136      6.8323833    
   1880000   1.0018364      5.8850359      1.5027052      6.841524     
   1890000   1.008257       5.8654054      1.5123358      6.825128     
   1900000   0.99901126     5.8768327      1.4984676      6.8355727    
   1910000   1.0018854      5.8421349      1.5027787      6.8235127    
   1920000   1.0010799      5.8756872      1.5015705      6.8367194    
   1930000   0.99087825     5.8728101      1.4862685      6.8380333    
   1940000   1.0082678      5.884971       1.5123519      6.8276077    
   1950000   0.9996306      5.8743216      1.4993966      6.8349203    
   1960000   0.99744242     5.8777578      1.4961144      6.8444537    
   1970000   0.99895528     5.871229       1.4983836      6.835948     
   1980000   0.99856659     5.8933841      1.4978006      6.848874     
   1990000   1.0092638      5.886356       1.5138459      6.8428456    
   2000000   0.99479427     5.8633606      1.4921423      6.8299458    
   2010000   0.99128309     5.8726774      1.4868757      6.8390808    
   2020000   0.99786816     5.8813303      1.496753       6.8345884    
   2030000   1.0018789      5.8801923      1.5027689      6.8379016    
   2040000   1.0028808      5.8725361      1.5042717      6.8330024    
   2050000   1.0010581      5.8678111      1.5015378      6.8273458    
   2060000   1.0050585      5.8755809      1.5075382      6.8362501    
   2070000   0.9992807      5.871966       1.4988718      6.8310549    
   2080000   0.99828872     5.8877983      1.4973838      6.8403239    
   2090000   1.002509       5.8755849      1.5037141      6.8337546    
   2100000   0.99482334     5.8561084      1.4921859      6.8257734    
   2110000   1.0068414      5.8653934      1.5102124      6.8418835    
   2120000   0.99511771     5.8656243      1.4926275      6.8330635    
   2130000   0.99561128     5.868066       1.4933678      6.8378862    
   2140000   0.99117901     5.8512109      1.4867196      6.8294402    
   2150000   1.0016452      5.8705814      1.5024183      6.8432807    
   2160000   1.0050045      5.8814957      1.5074571      6.8396567    
   2170000   1.0023486      5.869404       1.5034735      6.8384787    
   2180000   1.0061728      5.8643542      1.5092095      6.8376616    
   2190000   1.0006144      5.8845122      1.5008723      6.8459226    
   2200000   0.99912837     5.8738227      1.4986433      6.8326133    
   2210000   1.005405       5.870149       1.5080579      6.8308706    
   2220000   1.0000046      5.8695534      1.4999576      6.8315165    
   2230000   0.99497847     5.878047       1.4924186      6.8358564    
   2240000   0.99945376     5.8621684      1.4991313      6.8367788    
   2250000   1.0091755      5.9006854      1.5137135      6.8467366    
   2260000   0.99555122     5.8781767      1.4932777      6.8391412    
   2270000   1.0041435      5.8685228      1.5061657      6.8435272    
   2280000   1.006001       5.8626177      1.5089518      6.8350786    
   2290000   0.99581213     5.8554565      1.4936691      6.8272461    
   2300000   0.9917529      5.8634884      1.4875804      6.8390592    
   2310000   0.99977584     5.8555503      1.4996144      6.8294613    
   2320000   0.99645493     5.8551454      1.4946332      6.8313306    
   2330000   1.0004226      5.8639306      1.5005845      6.8351485    
   2340000   1.0016537      5.8659452      1.5024311      6.8320775    
   2350000   1.0020102      5.8578551      1.5029659      6.8314099    
   2360000   0.9990818      5.8829738      1.4985734      6.8408008    
   2370000   1.0037965      5.8636114      1.5056452      6.8344014    
   2380000   1.0037915      5.8711618      1.5056378      6.837383     
   2390000   0.99779059     5.8632023      1.4966367      6.8310946    
   2400000   1.0057991      5.8871446      1.5086491      6.8460344    
   2410000   0.99893996     5.8687117      1.4983607      6.8340671    
   2420000   1.0068931      5.8827604      1.5102899      6.8377948    
   2430000   1.0070388      5.8787819      1.5105086      6.8384975    
   2440000   0.99552955     5.8734345      1.4932452      6.8308934    
   2450000   0.99879953     5.877419       1.49815        6.836475     
   2460000   1.0005633      5.8797552      1.5007956      6.8345269    
   2470000   1.0042702      5.8828163      1.5063557      6.8377166    
   2480000   1.0054017      5.8698448      1.5080529      6.8391869    
   2490000   0.99557262     5.869896       1.4933098      6.835533     
   2500000   1.0054595      5.8488442      1.5081397      6.8315362    
   2510000   0.99989782     5.8702532      1.4997974      6.8467082    
   2520000   0.9972075      5.8755927      1.4957621      6.8352254    
   2530000   1.0077462      5.8649521      1.5115695      6.8283422    
   2540000   0.99971153     5.8528137      1.499518       6.8421611    
   2550000   0.9950485      5.8568837      1.4925237      6.8348376    
   2560000   1.0028338      5.8570995      1.5042012      6.8371793    
   2570000   1.006444       5.8690868      1.5096164      6.8391632    
   2580000   0.99910368     5.8739671      1.4986062      6.8390056    
   2590000   0.99842231     5.8656308      1.4975842      6.8336148    
   2600000   0.99687883     5.8682568      1.4952691      6.831079     
   2610000   0.99602307     5.8592456      1.4939855      6.8222778    
   2620000   0.99226853     5.8712775      1.4883538      6.8370991    
   2630000   0.99850881     5.8611831      1.497714       6.8337347    
   2640000   0.99898192     5.8708969      1.4984236      6.8392558    
   2650000   1.0038923      5.8635818      1.505789       6.8292891    
   2660000   0.9969804      5.8825876      1.4954214      6.8390814    
   2670000   1.0021045      5.8661411      1.5031073      6.8363714    
   2680000   0.99759924     5.8762638      1.4963497      6.8344162    
   2690000   0.99436483     5.8785071      1.4914982      6.8304925    
   2700000   0.99837641     5.8819892      1.4975154      6.8305686    
   2710000   0.99958362     5.8899658      1.4993261      6.8367059    
   2720000   0.9971653      5.8844424      1.4956988      6.8391066    
   2730000   0.99563478     5.8658933      1.493403       6.8334749    
   2740000   1.0022462      5.8736719      1.5033199      6.8361634    
   2750000   1.0059959      5.8661216      1.5089443      6.8297066    
   2760000   0.99607751     5.8669151      1.4940671      6.8348429    
   2770000   0.99314239     5.87796        1.4896646      6.841528     
   2780000   1.0013887      5.8622696      1.5020336      6.8254073    
   2790000   0.99715838     5.8679645      1.4956884      6.832528     
   2800000   1.0005574      5.8661739      1.5007867      6.8360491    
   2810000   0.99900211     5.8699318      1.4984539      6.8329435    
   2820000   1.0003398      5.8694444      1.5004603      6.8268841    
   2830000   0.99807715     5.871931       1.4970665      6.8377167    
   2840000   1.0006636      5.8766499      1.5009461      6.8305705    
   2850000   0.99647925     5.8694087      1.4946697      6.8380751    
   2860000   1.0089084      5.8681383      1.5133128      6.8363898    
   2870000   1.0081933      5.8705438      1.5122402      6.8390792    
   2880000   0.99407573     5.8550201      1.4910646      6.8251242    
   2890000   1.0029781      5.8661902      1.5044177      6.831388     
   2900000   0.99663229     5.8733726      1.4948993      6.8330106    
   2910000   1.0068654      5.8824439      1.5102484      6.8392899    
   2920000   0.99612529     5.8623129      1.4941388      6.8382661    
   2930000   0.99234786     5.8709218      1.4884728      6.8408926    
   2940000   0.99606607     5.8598943      1.49405        6.8241926    
   2950000   0.9940198      5.8732206      1.4909807      6.8328857    
   2960000   0.99130028     5.8780104      1.4869015      6.8470095    
   2970000   1.0031037      5.8652972      1.504606       6.8289046    
   2980000   1.0006301      5.8779898      1.5008957      6.8426475    
   2990000   0.99767595     5.855242       1.4964647      6.8330013    
   3000000   0.99583006     5.8600821      1.493696       6.8333302    
   3010000   1.0030317      5.8625512      1.5044981      6.8337812    
   3020000   0.99784953     5.8568457      1.4967251      6.8340656    
   3030000   1.0052793      5.8736037      1.5078694      6.8386364    
   3040000   1.004364       5.878401       1.5064965      6.8398922    
   3050000   1.0106104      5.8809203      1.5158658      6.838297     
   3060000   1.0013392      5.8580134      1.5019594      6.8328828    
   3070000   1.0023393      5.8608251      1.5034596      6.8322889    
   3080000   0.99727066     5.8723922      1.4958568      6.8342069    
   3090000   1.0040459      5.8656491      1.5060193      6.8393518    
   3100000   1.0063499      5.8602553      1.5094752      6.8269731    
   3110000   1.0034393      5.869301       1.5051095      6.8359801    
   3120000   0.99884833     5.8519565      1.4982232      6.8253202    
   3130000   1.0087611      5.8744519      1.5130918      6.8399013    
   3140000   1.0007535      5.869453       1.5010809      6.8340699    
   3150000   0.99960679     5.8654374      1.4993609      6.8379562    
   3160000   0.99925345     5.8682121      1.4988309      6.8362414    
   3170000   1.0111161      5.8746735      1.5166243      6.8385196    
   3180000   1.0076471      5.8626526      1.5114209      6.8307304    
   3190000   1.009832       5.8823045      1.5146982      6.8389601    
   3200000   1.0038003      5.8661493      1.5056509      6.8354231    
   3210000   1.0073975      5.8693804      1.5110466      6.8340662    
   3220000   1.0027444      5.8642222      1.5040672      6.8342932    
   3230000   1.0052304      5.8624845      1.507796       6.833175     
   3240000   1.0061852      5.8611705      1.5092282      6.8255094    
   3250000   0.99482451     5.8547854      1.4921877      6.8360739    
   3260000   0.99475405     5.8626306      1.492082       6.831255     
   3270000   1.0011483      5.8611039      1.5016731      6.8369993    
   3280000   1.0051159      5.8489936      1.5076243      6.8282588    
   3290000   0.99537652     5.8592456      1.4930157      6.8364817    
   3300000   1.001179       5.8559778      1.5017191      6.8303121    
   3310000   0.99460547     5.8751041      1.4918591      6.8336049    
   3320000   1.0005988      5.8872813      1.5008488      6.8386669    
   3330000   1.0005751      5.8750803      1.5008134      6.840925     
   3340000   0.99709043     5.8728077      1.4955865      6.8325775    
   3350000   0.99601038     5.8757638      1.4939664      6.836828     
   3360000   0.99329687     5.8653029      1.4898963      6.8336385    
   3370000   1.0020382      5.8954767      1.5030079      6.8420479    
   3380000   1.0027249      5.8829223      1.5040379      6.8350162    
   3390000   0.99777756     5.880841       1.4966171      6.8371023    
   3400000   0.99591689     5.8667129      1.4938262      6.828945     
   3410000   1.0052549      5.8685914      1.5078328      6.8305373    
   3420000   1.0061383      5.8655201      1.5091577      6.8341927    
   3430000   0.99794534     5.8658935      1.4968688      6.8337568    
   3440000   1.000187       5.8694447      1.5002312      6.8385922    
   3450000   1.0066424      5.8569865      1.5099139      6.8359691    
   3460000   0.99758083     5.8735351      1.496322       6.8354494    
   3470000   0.99940471     5.8521307      1.4990578      6.8314843    
   3480000   1.0108439      5.848556       1.516216       6.8321522    
   3490000   1.0036036      5.8599979      1.5053559      6.8350785    
   3500000   0.9956714      5.8675497      1.493458       6.8358057    
   3510000   0.99514801     5.8517775      1.4926729      6.8348858    
   3520000   1.000761       5.851701       1.5010921      6.8265634    
   3530000   1.0049403      5.8674916      1.5073608      6.8404507    
   3540000   0.99350405     5.8672945      1.4902071      6.8402036    
   3550000   0.99748362     5.8487608      1.4961762      6.8353059    
   3560000   0.99877125     5.8484792      1.4981076      6.8268748    
   3570000   1.0034318      5.8627808      1.5050982      6.8410264    
   3580000   1.0027867      5.8601369      1.5041306      6.8382104    
   3590000   0.99430083     5.8726803      1.4914022      6.8407024    
   3600000   1.0056742      5.8425766      1.5084617      6.8335761    
   3610000   0.99439574     5.8605131      1.4915446      6.8340256    
   3620000   0.99926733     5.8543126      1.4988517      6.8378521    
   3630000   1.0080475      5.858709       1.5120214      6.8382173    
   3640000   0.99830544     5.8590859      1.4974089      6.8378317    
   3650000   0.99335571     5.8616443      1.4899846      6.8390616    
   3660000   1.0003558      5.8575805      1.5004844      6.8356192    
   3670000   1.0013728      5.8565633      1.5020099      6.8260482    
   3680000   1.0043298      5.860695       1.5064452      6.8360025    
   3690000   1.0027648      5.8557653      1.5040977      6.8429484    
   3700000   0.9977043      5.8555092      1.4965072      6.8430836    
   3710000   0.99950034     5.8552196      1.4992012      6.8284677    
   3720000   0.99793594     5.8540385      1.4968547      6.8398108    
   3730000   1.0041897      5.8669239      1.506235       6.8367082    
   3740000   1.0029335      5.8668977      1.5043507      6.84048      
   3750000   0.99712873     5.8509547      1.4956439      6.8337058    
   3760000   1.0003207      5.8489993      1.5004317      6.8326265    
   3770000   0.99510249     5.8508372      1.4926046      6.8292458    
   3780000   1.0017142      5.8465334      1.5025219      6.832615     
   3790000   0.99803963     5.8582012      1.4970102      6.8371599    
   3800000   1.0005492      5.8557791      1.5007745      6.8354209    
   3810000   0.998457       5.8632082      1.4976362      6.8373379    
   3820000   1.0005961      5.8450671      1.5008448      6.8271511    
   3830000   0.99984846     5.8548017      1.4997234      6.8367588    
   3840000   1.0038922      5.8642443      1.5057888      6.8368634    
   3850000   0.998154       5.8626447      1.4971818      6.8427122    
   3860000   1.0004003      5.8630247      1.5005511      6.8398719    
   3870000   1.0087726      5.8529342      1.5131092      6.8313932    
   3880000   1.0018623      5.8636519      1.5027441      6.829695     
   3890000   1.0019129      5.8710421      1.50282        6.8417662    
   3900000   0.99346466     5.8658457      1.490148       6.8387933    
   3910000   1.0019881      5.8560494      1.5029328      6.8339624    
   3920000   1.0059694      5.8540729      1.5089045      6.8371018    
   3930000   0.99769623     5.8569849      1.4964951      6.8416587    
   3940000   1.004541       5.8452143      1.506762       6.8380273    
   3950000   0.99914767     5.8473461      1.4986722      6.835295     
   3960000   0.99944458     5.8612878      1.4991176      6.8374552    
   3970000   1.0013065      5.8537094      1.5019104      6.8316793    
   3980000   1.0006349      5.8761546      1.500903       6.8389941    
   3990000   1.0064631      5.8682337      1.509645       6.8364801    
   4000000   1.0043587      5.8691045      1.5064886      6.8380176    
   4010000   1.0016622      5.864074       1.5024438      6.8329557    
   4020000   0.9994165      5.8694581      1.4990754      6.8367807    
   4030000   0.9994137      5.8666286      1.4990713      6.8370265    
   4040000   1.0041817      5.8711624      1.506223       6.8288789    
   4050000   1.0023313      5.8792357      1.5034475      6.8335763    
   4060000   1.0026096      5.8651682      1.503865       6.8338888    
   4070000   0.99990459     5.8667522      1.4998076      6.8301576    
   4080000   0.99970641     5.8730944      1.4995103      6.8338958    
   4090000   1.0008428      5.8607364      1.5012148      6.8305234    
   4100000   1.0029515      5.8617387      1.5043777      6.8417936    
   4110000   0.99968377     5.8526082      1.4994763      6.8299683    
   4120000   1.0023508      5.8667465      1.5034767      6.8351598    
   4130000   1.0023613      5.8481331      1.5034924      6.8272443    
   4140000   1.0059304      5.8432504      1.5088459      6.8329186    
   4150000   1.0025613      5.8568551      1.5037925      6.8297104    
   4160000   0.99986783     5.8541875      1.4997524      6.8326424    
   4170000   1.002407       5.8644478      1.503561       6.8387611    
   4180000   0.99392172     5.8625463      1.4908336      6.8329376    
   4190000   1.001631       5.8713455      1.5023971      6.8388469    
   4200000   0.99462972     5.84622        1.4918955      6.8293096    
   4210000   1.0026469      5.8656938      1.5039209      6.8409366    
   4220000   0.99807361     5.851249       1.4970612      6.833124     
   4230000   0.9971695      5.856493       1.4957051      6.8292468    
   4240000   0.98974788     5.859128       1.484573       6.838782     
   4250000   1.002823       5.8685744      1.504185       6.8392012    
   4260000   1.0068343      5.8575484      1.5102017      6.8413651    
   4270000   0.99840189     5.8615015      1.4975536      6.838486     
   4280000   0.99963967     5.8653286      1.4994102      6.8334797    
   4290000   0.99914474     5.8742164      1.4986678      6.8452377    
   4300000   0.99492221     5.864872       1.4923342      6.8335547    
   4310000   0.99680255     5.8713412      1.4951547      6.8327619    
   4320000   1.0002487      5.8512023      1.5003238      6.8333599    
   4330000   1.0016025      5.8702003      1.5023544      6.843972     
   4340000   0.99761658     5.8466328      1.4963757      6.8321977    
   4350000   1.0017201      5.8584601      1.5025307      6.8395686    
   4360000   1.0002508      5.8538872      1.5003269      6.832833     
   4370000   1.0041892      5.8475328      1.5062343      6.8302096    
   4380000   0.99856621     5.8397494      1.4978001      6.8321965    
   4390000   1.0010566      5.8455885      1.5015355      6.8345465    
   4400000   1.0011894      5.8593978      1.5017348      6.8405212    
   4410000   0.99361081     5.8409155      1.4903672      6.8316251    
   4420000   0.99177663     5.8311508      1.487616       6.8346438    
   4430000   0.99311241     5.8534348      1.4896196      6.8381112    
   4440000   0.99926639     5.850171       1.4988503      6.8378993    
   4450000   0.99885569     5.8351319      1.4982343      6.8316312    
   4460000   0.99904494     5.8415909      1.4985181      6.8337903    
   4470000   0.99986494     5.84406        1.4997481      6.8415334    
   4480000   0.9924861      5.84931        1.4886802      6.8338634    
   4490000   0.99976415     5.8433494      1.4995969      6.8324825    
   4500000   0.9943949      5.8529842      1.4915433      6.8443467    
   4510000   1.0033414      5.8405303      1.5049626      6.8375995    
   4520000   0.98755648     5.8387691      1.481286       6.8395553    
   4530000   1.0053938      5.8515806      1.5080411      6.8345514    
   4540000   0.99767515     5.8543729      1.4964635      6.8410268    
   4550000   1.0028286      5.8563764      1.5041934      6.8441012    
   4560000   1.0000229      5.8464296      1.499985       6.837341     
   4570000   1.0068476      5.8402426      1.5102218      6.8416755    
   4580000   0.99431285     5.8384154      1.4914202      6.8296411    
   4590000   1.0002272      5.8390633      1.5002915      6.8295224    
   4600000   0.99810498     5.8363896      1.4971082      6.8285747    
   4610000   0.9938457      5.8648619      1.4907195      6.8405062    
   4620000   1.0036797      5.8422586      1.5054701      6.8265388    
   4630000   1.0086757      5.8386828      1.5129638      6.8306314    
   4640000   0.99623912     5.8518069      1.4943095      6.8337393    
   4650000   0.99670627     5.8495352      1.4950102      6.8368172    
   4660000   1.0078621      5.8481472      1.5117434      6.8368801    
   4670000   1.0063893      5.858501       1.5095343      6.8385489    
   4680000   0.99127179     5.8456974      1.4868588      6.8375808    
   4690000   0.99419068     5.8413484      1.491237       6.8360662    
   4700000   1.0021358      5.8471488      1.5031543      6.8320876    
   4710000   0.99888163     5.8373012      1.4982732      6.828384     
   4720000   0.99802671     5.8481233      1.4969908      6.8385833    
   4730000   0.99559805     5.8473839      1.493348       6.8352368    
   4740000   0.99786886     5.8570371      1.4967541      6.8365882    
   4750000   1.0008187      5.8518405      1.5011787      6.8421999    
   4760000   1.0012495      5.8325361      1.5018249      6.8329777    
   4770000   1.004755       5.8478726      1.5070829      6.8313871    
   4780000   1.0011425      5.8600881      1.5016644      6.8421724    
   4790000   0.99510998     5.8500776      1.4926159      6.834269     
   4800000   0.99894777     5.86433        1.4983724      6.8351756    
   4810000   0.99757241     5.8637189      1.4963094      6.8424154    
   4820000   1.0045064      5.8450159      1.50671        6.8362395    
   4830000   1.0004106      5.8469969      1.5005665      6.8323334    
   4840000   1.0021489      5.8511458      1.503174       6.8323367    
   4850000   1.0004539      5.849461       1.5006314      6.8318191    
   4860000   1.0001712      5.8367579      1.5002075      6.8279403    
   4870000   0.99629672     5.8463454      1.4943959      6.8367803    
   4880000   0.99848366     5.8533851      1.4976762      6.8337546    
   4890000   1.0054299      5.846165       1.5080953      6.8290873    
   4900000   0.99503468     5.8544272      1.4925029      6.8359835    
   4910000   0.99919559     5.8470538      1.4987441      6.8315023    
   4920000   0.99580283     5.8557232      1.4936551      6.8331105    
   4930000   0.99776265     5.852145       1.4965948      6.8285533    
   4940000   0.99752724     5.8440299      1.4962416      6.8377628    
   4950000   0.99673603     5.8393744      1.4950549      6.8385983    
   4960000   1.0013399      5.8417043      1.5019605      6.8366476    
   4970000   0.99813157     5.8639859      1.4971481      6.8464129    
   4980000   1.0015193      5.8542997      1.5022295      6.839977     
   4990000   0.99760074     5.8346013      1.4963519      6.8308423    
   5000000   0.99660862     5.8454013      1.4948638      6.8344488    
   5010000   0.99662966     5.8545563      1.4948953      6.8345949    
   5020000   0.99773634     5.8340964      1.4965553      6.8302503    
   5030000   0.99756778     5.8485256      1.4963025      6.8394088    
   5040000   1.0093156      5.8357709      1.5139236      6.8349324    
   5050000   1.0119207      5.8323717      1.5178311      6.8378421    
   5060000   1.0007504      5.8277292      1.5010762      6.8367388    
   5070000   1.0000642      5.8376321      1.5000469      6.8394109    
   5080000   0.99543992     5.842557       1.4931108      6.837544     
   5090000   0.98767295     5.8272807      1.4814607      6.8305973    
   5100000   1.0008525      5.851772       1.5012293      6.8360824    
   5110000   1.0004581      5.8521669      1.5006377      6.8359839    
   5120000   0.99919209     5.8527842      1.4987388      6.8397168    
   5130000   0.99903556     5.8424694      1.4985041      6.8351384    
   5140000   1.0014909      5.853969       1.5021869      6.8378909    
   5150000   0.99953518     5.8359292      1.4992535      6.8318957    
   5160000   0.99670644     5.8453817      1.4950105      6.8392989    
   5170000   0.99356173     5.8391169      1.4902936      6.838144     
   5180000   0.99621513     5.8481142      1.4942735      6.8374385    
   5190000   0.99796847     5.8442789      1.4969035      6.8355173    
   5200000   1.0030427      5.8622472      1.5045146      6.8340384    
   5210000   0.99838344     5.8403358      1.4975259      6.8392404    
   5220000   1.0021947      5.8437868      1.5032426      6.8310428    
   5230000   0.99706714     5.8546451      1.4955515      6.8326209    
   5240000   1.0062151      5.8602832      1.509273       6.8339553    
   5250000   0.99356787     5.8542992      1.4903028      6.8317309    
   5260000   1.0033225      5.8525508      1.5049342      6.8427297    
   5270000   1.001633       5.8672605      1.5024001      6.8404059    
   5280000   1.0021448      5.8644524      1.5031678      6.8386812    
   5290000   0.99941747     5.8583451      1.4990769      6.8340492    
   5300000   0.9921994      5.8446613      1.4882502      6.8359449    
   5310000   0.99646825     5.8359235      1.4946532      6.8376259    
   5320000   1.0073939      5.844023       1.5110412      6.840416     
   5330000   0.99165957     5.8567781      1.4874404      6.8415683    
   5340000   0.99095831     5.8428734      1.4863886      6.8343394    
   5350000   1.0022761      5.8410982      1.5033647      6.840516     
   5360000   1.0007741      5.8264664      1.5011118      6.820375     
   5370000   1.0001846      5.8434709      1.5002276      6.8395323    
   5380000   0.99480142     5.8306379      1.4921531      6.8316825    
   5390000   0.99876502     5.8552662      1.4980983      6.8360769    
   5400000   0.99382491     5.8506476      1.4906883      6.8442995    
   5410000   1.0010507      5.8359202      1.5015266      6.8355941    
   5420000   1.0014629      5.848754       1.5021449      6.8349603    
   5430000   1.0029418      5.8512927      1.5043632      6.8299398    
   5440000   0.99636295     5.8566573      1.4944953      6.8362693    
   5450000   0.99932348     5.8523501      1.4989359      6.834606     
   5460000   1.0096575      5.8516532      1.5144364      6.8348462    
   5470000   1.006649       5.8504345      1.5099238      6.8334499    
   5480000   0.99579616     5.853962       1.4936451      6.834191     
   5490000   1.0057447      5.8466989      1.5085674      6.8384056    
   5500000   1.0055584      5.8412775      1.5082881      6.8309286    
   5510000   1.0046506      5.839848       1.5069263      6.8294627    
   5520000   0.99274811     5.8637227      1.4890732      6.8381275    
   5530000   0.99709677     5.8554625      1.495596       6.8318544    
   5540000   1.0045298      5.8434385      1.5067452      6.8244171    
   5550000   1.0011877      5.8285702      1.5017321      6.8318404    
   5560000   1.0049272      5.8393877      1.5073413      6.8301417    
   5570000   0.99521525     5.8378147      1.4927738      6.8375363    
   5580000   0.99747337     5.8365277      1.4961609      6.8341616    
   5590000   0.99923196     5.837331       1.4987987      6.8292339    
   5600000   1.0065656      5.8345624      1.5097987      6.8335817    
   5610000   1.0074603      5.8507166      1.5111407      6.8334518    
   5620000   1.0021983      5.8458008      1.503248       6.8302731    
   5630000   0.9999145      5.8309517      1.4998224      6.8299093    
   5640000   1.0041039      5.8347384      1.5061063      6.8325305    
   5650000   0.99566477     5.8340562      1.493448       6.8397613    
   5660000   0.99507702     5.8442391      1.4925664      6.8339569    
   5670000   0.99894582     5.8504565      1.4983695      6.8385971    
   5680000   1.0011458      5.8365691      1.5016693      6.8382948    
   5690000   0.99471098     5.8395453      1.4920174      6.8366281    
   5700000   0.99501948     5.8610555      1.4924801      6.8432132    
   5710000   0.99962189     5.8266635      1.4993835      6.8291222    
   5720000   1.0062747      5.8453452      1.5093624      6.8387487    
   5730000   0.98784153     5.8439289      1.4817136      6.836881     
   5740000   0.9998962      5.8382458      1.499795       6.8302837    
   5750000   0.99461936     5.8438137      1.49188        6.8322619    
   5760000   0.99589439     5.8637122      1.4937925      6.8422975    
   5770000   1.0001146      5.8395482      1.5001226      6.8318019    
   5780000   0.99760346     5.8439491      1.496356       6.8333461    
   5790000   0.9994089      5.8501508      1.499064       6.8357214    
   5800000   1.0035369      5.841232       1.5052558      6.8388566    
   5810000   0.99793625     5.833593       1.4968551      6.8311988    
   5820000   1.001893       5.8165529      1.5027901      6.8238185    
   5830000   1.0003338      5.8455555      1.5004514      6.8360456    
   5840000   1.0010891      5.8260604      1.5015842      6.8325076    
   5850000   1.0023349      5.8260954      1.5034529      6.8279847    
   5860000   1.0060333      5.8395283      1.5090003      6.8377629    
   5870000   0.99974911     5.8378341      1.4995744      6.8348088    
   5880000   0.99948351     5.8486919      1.499176       6.8427793    
   5890000   1.0032382      5.8370443      1.5048078      6.8345835    
   5900000   0.99969306     5.8175493      1.4994903      6.830558     
   5910000   1.0045235      5.8521386      1.5067357      6.8458033    
   5920000   1.0004452      5.8426234      1.5006184      6.8381741    
   5930000   0.99821        5.8260782      1.4972658      6.8317475    
   5940000   1.0009325      5.8319763      1.5013494      6.8356044    
   5950000   1.0016996      5.8327603      1.5025         6.8297697    
   5960000   1.0012404      5.8488783      1.5018112      6.8389133    
   5970000   0.99214092     5.8358447      1.4881624      6.830234     
   5980000   0.99871766     5.8402125      1.4980272      6.8407606    
   5990000   1.0010796      5.8422263      1.50157        6.8359799    
   6000000   1.0014303      5.8448495      1.502096       6.8361671    
   6010000   0.99923632     5.8428698      1.4988052      6.8349219    
   6020000   0.99268158     5.8359308      1.4889734      6.8232158    
   6030000   0.9965281      5.8488877      1.494743       6.8433598    
   6040000   0.99755621     5.8588492      1.4962851      6.8401154    
   6050000   0.99817178     5.832666       1.4972084      6.8258616    
   6060000   1.0021197      5.8545843      1.5031301      6.8403524    
   6070000   0.99730852     5.8494758      1.4959136      6.8361272    
   6080000   1.0004979      5.8331355      1.5006975      6.8305522    
   6090000   0.98918758     5.8479717      1.4837326      6.8284982    
   6100000   1.007843       5.8511218      1.5117148      6.8402962    
   6110000   0.99321206     5.8570314      1.4897691      6.8361355    
   6120000   0.99542472     5.8471631      1.493088       6.8340455    
   6130000   1.0041812      5.8547456      1.5062223      6.8420721    
   6140000   0.99532023     5.8619196      1.4929312      6.8380935    
   6150000   0.99128904     5.8406865      1.4868847      6.8310144    
   6160000   0.99855771     5.8511103      1.4977873      6.8301564    
   6170000   1.0061216      5.8407784      1.5091328      6.8276483    
   6180000   1.000519       5.8461536      1.5007292      6.8325857    
   6190000   0.99867437     5.8353993      1.4979623      6.8308491    
   6200000   1.0071661      5.838093       1.5106995      6.8337743    
   6210000   1.002306       5.8431781      1.5034095      6.8396421    
   6220000   1.0042611      5.8405929      1.5063422      6.8343398    
   6230000   1.0047866      5.8403261      1.5071304      6.8400115    
   6240000   0.99997759     5.8481954      1.4999171      6.832765     
   6250000   1.0036612      5.8565173      1.5054423      6.8359644    
   6260000   1.0041489      5.8395913      1.5061738      6.8312539    
   6270000   1.002376       5.8371164      1.5035145      6.8414729    
   6280000   1.0008038      5.8459517      1.5011563      6.8348416    
   6290000   0.99662355     5.8335521      1.4948862      6.8363866    
   6300000   0.99354679     5.8561439      1.4902712      6.8366974    
   6310000   0.99748        5.8667245      1.4961708      6.8401456    
   6320000   1.0006804      5.8539335      1.5009712      6.8348198    
   6330000   1.0018002      5.8520302      1.5026509      6.8300923    
   6340000   1.0049135      5.8499429      1.5073207      6.830561     
   6350000   0.98995841     5.8517725      1.4848888      6.833719     
   6360000   0.99645314     5.8384903      1.4946306      6.8357822    
   6370000   1.0018761      5.8560857      1.5027647      6.8393538    
   6380000   1.0131915      5.8512516      1.5197372      6.8378251    
   6390000   0.99975531     5.8516859      1.4995837      6.8377692    
   6400000   1.0001565      5.8440002      1.5001854      6.8338796    
   6410000   1.0089644      5.8444081      1.5133968      6.828117     
   6420000   0.9987473      5.8637202      1.4980717      6.8366301    
   6430000   1.0003803      5.856848       1.5005211      6.8371175    
   6440000   1.0012011      5.86162        1.5017522      6.8312831    
   6450000   1.000383       5.8707579      1.5005251      6.8420095    
   6460000   1.007342       5.8666612      1.5109634      6.8389527    
   6470000   1.000605       5.8701015      1.5008582      6.8437414    
   6480000   1.0002029      5.8612069      1.5002551      6.8360875    
   6490000   0.99876501     5.8457965      1.4980982      6.8320546    
   6500000   0.99784557     5.8361843      1.4967191      6.8244943    
   6510000   1.0030283      5.8518673      1.504493       6.8340773    
   6520000   0.99667107     5.8559471      1.4949574      6.8329583    
   6530000   1.0058499      5.8649427      1.5087252      6.8363051    
   6540000   0.99162291     5.8609118      1.4873855      6.8355947    
   6550000   0.99647832     5.8631004      1.4946683      6.8424507    
   6560000   1.0014272      5.8660732      1.5020914      6.8382888    
   6570000   0.9983044      5.8763091      1.4974074      6.8402276    
   6580000   0.99892895     5.8623282      1.4983441      6.8376739    
   6590000   1.0041421      5.8422304      1.5061637      6.8309731    
   6600000   0.99815504     5.8494779      1.4971833      6.83068      
   6610000   1.0072917      5.8401786      1.5108878      6.8401785    
   6620000   0.99917776     5.8538347      1.4987173      6.8328571    
   6630000   0.99196779     5.858448       1.4879028      6.8304584    
   6640000   1.0081112      5.8365674      1.512117       6.8290933    
   6650000   1.0010885      5.8512207      1.5015834      6.8349873    
   6660000   0.99341093     5.8568145      1.4900674      6.8317456    
   6670000   1.0000275      5.8493573      1.4999919      6.832939     
   6680000   0.99342848     5.8495505      1.4900937      6.8298804    
   6690000   1.0063986      5.8524367      1.5095483      6.8320348    
   6700000   1.0035038      5.8490153      1.5052063      6.8397012    
   6710000   1.0043412      5.8516891      1.5064622      6.8425888    
   6720000   0.99882637     5.8346826      1.4981903      6.8313758    
   6730000   1.0034451      5.8604825      1.5051181      6.8417512    
   6740000   0.99979228     5.8281804      1.4996391      6.8299471    
   6750000   1.0005547      5.8485347      1.5007828      6.8366566    
   6760000   0.99822672     5.8367356      1.4972908      6.8452236    
   6770000   0.99550259     5.8385429      1.4932048      6.8363064    
   6780000   0.99757551     5.8477535      1.4963141      6.8408476    
   6790000   0.9976055      5.8532833      1.496359       6.8389371    
   6800000   0.99799193     5.8516165      1.4969387      6.8442365    
   6810000   0.99561665     5.8491061      1.4933759      6.8360147    
   6820000   1.0004201      5.8394461      1.5005809      6.8345991    
   6830000   0.99386509     5.8442994      1.4907486      6.8366536    
   6840000   1.0021244      5.8298713      1.5031371      6.8314389    
   6850000   1.0062518      5.8480991      1.509328       6.8303339    
   6860000   0.99620771     5.8635423      1.4942624      6.833245     
   6870000   0.99380141     5.8532153      1.4906531      6.8333434    
   6880000   0.99198559     5.8600239      1.4879295      6.8463436    
   6890000   0.99445009     5.8651651      1.4916261      6.8350003    
   6900000   1.0166724      5.8647188      1.5249585      6.8428977    
   6910000   1.0044185      5.8485059      1.5065782      6.828932     
   6920000   0.99912373     5.8547237      1.4986363      6.8339981    
   6930000   0.99833696     5.8675372      1.4974562      6.839071     
   6940000   0.99875425     5.8507553      1.4980821      6.8354576    
   6950000   1.0035471      5.8592065      1.5052712      6.8393806    
   6960000   0.99610447     5.8637166      1.4941076      6.8390776    
   6970000   1.0010881      5.8487569      1.5015827      6.8382361    
   6980000   0.99601539     5.8517336      1.493974       6.8300767    
   6990000   0.99094531     5.8418277      1.4863691      6.8299003    
   7000000   1.0053363      5.8508816      1.5079549      6.8329908    
   7010000   0.99279293     5.8496641      1.4891404      6.8395293    
   7020000   0.99326578     5.8335989      1.4898497      6.8321786    
   7030000   0.99891519     5.8461388      1.4983235      6.8258528    
   7040000   1.0041449      5.8502802      1.5061679      6.8336284    
   7050000   0.99828481     5.849651       1.497378       6.8320531    
   7060000   1.0017434      5.8511572      1.5025657      6.8319409    
   7070000   0.99754907     5.8472079      1.4962744      6.8390915    
   7080000   1.0032755      5.8431424      1.5048638      6.8345018    
   7090000   0.99637377     5.849723       1.4945115      6.8395391    
   7100000   1.0064436      5.8527255      1.5096157      6.8417558    
   7110000   0.99943005     5.8445476      1.4990958      6.835128     
   7120000   0.99333761     5.8474868      1.4899574      6.8343504    
   7130000   0.99714416     5.833908       1.4956671      6.8376263    
   7140000   0.99885486     5.8304839      1.498233       6.8377307    
   7150000   0.99576775     5.8292108      1.4936025      6.8301865    
   7160000   1.0029888      5.8613985      1.5044337      6.8380241    
   7170000   1.0046965      5.8547001      1.5069952      6.8435584    
   7180000   0.99665186     5.85654        1.4949286      6.837855     
   7190000   1.0071014      5.8331903      1.5106025      6.8320045    
   7200000   1.0003306      5.8397438      1.5004465      6.8292256    
   7210000   1.0049051      5.8596906      1.5073081      6.8366835    
   7220000   0.99443183     5.8371469      1.4915987      6.8290968    
   7230000   1.002646       5.8384323      1.5039196      6.8303705    
   7240000   1.0016945      5.8327177      1.5024924      6.8306963    
   7250000   0.99820283     5.845178       1.497255       6.8431864    
   7260000   1.0061793      5.8552183      1.5092193      6.8402328    
   7270000   0.99893301     5.8279807      1.4983502      6.8312431    
   7280000   0.99011388     5.8333545      1.485122       6.8288695    
   7290000   1.0016103      5.847922       1.502366       6.8287611    
   7300000   0.99487335     5.8533892      1.492261       6.8353288    
   7310000   0.99537529     5.8463429      1.4930138      6.8324707    
   7320000   1.0031344      5.8442567      1.5046521      6.8257235    
   7330000   1.0020459      5.8516908      1.5030194      6.837924     
   7340000   1.0031213      5.8455823      1.5046325      6.834459     
   7350000   0.99592947     5.8443542      1.4938451      6.8368975    
   7360000   1.0007304      5.8455494      1.5010462      6.8300182    
   7370000   1.0038925      5.8489629      1.5057893      6.8332795    
   7380000   0.99379539     5.8366147      1.4906441      6.8272156    
   7390000   0.9947179      5.8477476      1.4920278      6.8352733    
   7400000   1.0072786      5.8493435      1.5108683      6.8288287    
   7410000   0.99409555     5.8501895      1.4910943      6.8371403    
   7420000   0.99410188     5.8660263      1.4911038      6.8401187    
   7430000   1.0010298      5.8442639      1.5014953      6.8222029    
   7440000   0.99733637     5.84676        1.4959554      6.8380781    
   7450000   1.0016184      5.844111       1.5023783      6.8323951    
   7460000   1.0034062      5.8408486      1.5050598      6.8304667    
   7470000   1.0022692      5.8481433      1.5033543      6.8362385    
   7480000   0.99603606     5.8420659      1.494005       6.8344942    
   7490000   0.99358166     5.8477758      1.4903235      6.8291691    
   7500000   1.0025363      5.8331699      1.503755       6.8256783    
   7510000   0.99793883     5.8483362      1.496859       6.8325065    
   7520000   1.0023155      5.8503315      1.5034238      6.8370993    
   7530000   1.0033655      5.8581147      1.5049988      6.8336748    
   7540000   0.99792109     5.8495707      1.4968324      6.8338102    
   7550000   0.9974626      5.8322361      1.4961447      6.8276279    
   7560000   0.98916512     5.8612381      1.4836989      6.8459363    
   7570000   1.0086799      5.8330054      1.5129702      6.8270659    
   7580000   0.99836534     5.8499961      1.4974988      6.8384518    
   7590000   0.99894917     5.8482329      1.4983745      6.8329051    
   7600000   1.0012301      5.8642791      1.5017958      6.8411291    
   7610000   1.0038691      5.8518857      1.5057541      6.8335798    
   7620000   1.0034369      5.8549183      1.5051058      6.8342742    
   7630000   1.0051905      5.862716       1.5077362      6.8376893    
   7640000   0.99910103     5.8600786      1.4986023      6.8358467    
   7650000   1.0074502      5.8465721      1.5111256      6.8331281    
   7660000   1.0013243      5.8573659      1.501937       6.8389799    
   7670000   0.99194019     5.8407785      1.4878614      6.8322418    
   7680000   0.99911507     5.8456813      1.4986233      6.8358072    
   7690000   1.0008894      5.8491099      1.5012848      6.8341504    
   7700000   1.001623       5.8686361      1.5023851      6.8448263    
   7710000   0.99112373     5.8660142      1.4866367      6.8399143    
   7720000   0.99747853     5.8549459      1.4961686      6.838037     
   7730000   0.99138329     5.8494275      1.487026       6.8333115    
   7740000   1.0031947      5.851402       1.5047425      6.8348301    
   7750000   1.0044624      5.8551309      1.5066441      6.8377307    
   7760000   0.99997761     5.8636486      1.4999171      6.8428042    
   7770000   1.0145909      5.8422177      1.5218363      6.8288941    
   7780000   0.99684238     5.8427388      1.4952144      6.8325968    
   7790000   0.99862394     5.8480393      1.4978866      6.8332809    
   7800000   0.9986231      5.8565934      1.4978854      6.8307651    
   7810000   1.0077065      5.8346366      1.51151        6.8373195    
   7820000   0.99945115     5.8491613      1.4991274      6.8395051    
   7830000   1.0069861      5.8352995      1.5104294      6.8395035    
   7840000   1.0047766      5.8385432      1.5071154      6.837215     
   7850000   0.99618485     5.8208854      1.4942281      6.8332409    
   7860000   0.99947458     5.8292835      1.4991626      6.8346506    
   7870000   0.99460212     5.8433148      1.4918541      6.8402933    
   7880000   1.0054154      5.8318126      1.5080735      6.8290882    
   7890000   1.0041178      5.8456115      1.5061272      6.8380794    
   7900000   1.0022544      5.8318832      1.5033322      6.8295624    
   7910000   0.99336173     5.8398019      1.4899936      6.8304492    
   7920000   1.0044303      5.8461924      1.5065959      6.839291     
   7930000   0.99522897     5.8311639      1.4927944      6.8362881    
   7940000   1.0068149      5.8526086      1.5101726      6.8368562    
   7950000   1.0012106      5.8436792      1.5017666      6.837962     
   7960000   1.0041406      5.8281535      1.5061614      6.8337257    
   7970000   1.0011139      5.8559301      1.5016215      6.8407329    
   7980000   0.99378436     5.8394411      1.4906275      6.8257742    
   7990000   0.99832236     5.8442943      1.4974343      6.8340329    
   8000000   1.0044177      5.8437988      1.506577       6.8340032    
   8010000   0.99928395     5.8425502      1.4988766      6.8339278    
   8020000   1.0023092      5.8412217      1.5034144      6.8336416    
   8030000   0.99836558     5.8495824      1.4974991      6.8362733    
   8040000   1.0003319      5.8548299      1.5004484      6.8341419    
   8050000   1.0065561      5.8442563      1.5097845      6.8395586    
   8060000   1.0041704      5.8501734      1.5062061      6.8409065    
   8070000   1.0055809      5.8357108      1.5083217      6.8299466    
   8080000   1.0055467      5.8407439      1.5082704      6.8338879    
   8090000   0.99970004     5.8583424      1.4995008      6.8350826    
   8100000   1.000551       5.8432788      1.5007771      6.8362661    
   8110000   0.99820407     5.8421851      1.4972569      6.8334998    
   8120000   1.0005291      5.8373711      1.5007443      6.8309729    
   8130000   1.0031483      5.8564585      1.5046729      6.8370475    
   8140000   1.0049092      5.8446026      1.5073143      6.8364583    
   8150000   1.0081661      5.842778       1.5121995      6.8387435    
   8160000   1.0053082      5.8489669      1.5079127      6.8417756    
   8170000   1.0022108      5.8386072      1.5032668      6.8363214    
   8180000   0.99857565     5.8371309      1.4978142      6.8308308    
   8190000   0.99544552     5.8281055      1.4931192      6.8254101    
   8200000   0.9982313      5.8478008      1.4972977      6.8383323    
   8210000   0.99999129     5.8437773      1.4999376      6.8398406    
   8220000   1.0033431      5.841072       1.5049651      6.8320828    
   8230000   1.0044147      5.8405136      1.5065724      6.8264521    
   8240000   0.99703107     5.8548263      1.4954974      6.834728     
   8250000   0.99511839     5.8470928      1.4926285      6.8330533    
   8260000   0.9991713      5.8566488      1.4987077      6.8379866    
   8270000   1.0067304      5.851734       1.510046       6.8323317    
   8280000   0.99608546     5.8520572      1.4940791      6.8362743    
   8290000   1.0025134      5.8324606      1.5037207      6.8302842    
   8300000   0.99853157     5.8543282      1.4977481      6.8356799    
   8310000   1.0018723      5.8503977      1.502759       6.8404662    
   8320000   1.0028424      5.8416728      1.5042141      6.8421738    
   8330000   1.0011915      5.8409729      1.5017379      6.8265278    
   8340000   0.99909877     5.8560441      1.4985989      6.843931     
   8350000   1.0046797      5.8533426      1.50697        6.8314244    
   8360000   0.99773208     5.8524461      1.4965489      6.8376605    
   8370000   1.0026806      5.8438756      1.5039715      6.8306044    
   8380000   1.0033995      5.8555775      1.5050498      6.8423542    
   8390000   1.0007447      5.8408898      1.5010677      6.8355275    
   8400000   0.99411978     5.8475807      1.4911306      6.8386745    
   8410000   1.0057353      5.8471772      1.5085534      6.8406241    
   8420000   1.0027619      5.844083       1.5040934      6.8314433    
   8430000   0.9958222      5.8455287      1.4936842      6.8286701    
   8440000   0.9999508      5.8428738      1.4998769      6.8348431    
   8450000   1.0042466      5.839925       1.5063204      6.826259     
   8460000   1.0021662      5.8476692      1.5031998      6.835857     
   8470000   0.99434702     5.837949       1.4914715      6.8334253    
   8480000   0.98918863     5.8445392      1.4837341      6.8384188    
   8490000   0.99507238     5.8454105      1.4925595      6.8338896    
   8500000   1.0041035      5.8439351      1.5061057      6.8291424    
   8510000   1.0000347      5.8535906      1.5000027      6.8316282    
   8520000   0.99880293     5.8470848      1.4981551      6.8326733    
   8530000   0.99732248     5.8417285      1.4959345      6.8390706    
   8540000   1.0004546      5.8403287      1.5006326      6.8351514    
   8550000   0.99664001     5.838444       1.4949108      6.8321447    
   8560000   1.0083928      5.8509554      1.5125394      6.8393097    
   8570000   0.99674973     5.8436258      1.4950754      6.8337766    
   8580000   0.99949642     5.8369091      1.4991953      6.827193     
   8590000   0.9911129      5.8456538      1.4866205      6.8387272    
   8600000   1.0051337      5.8433848      1.507651       6.8368198    
   8610000   0.99701889     5.8482692      1.4954791      6.8387895    
   8620000   0.99764849     5.8366802      1.4964235      6.8373215    
   8630000   0.9992085      5.8403959      1.4987635      6.8311431    
   8640000   1.0032829      5.8348091      1.5048749      6.8350031    
   8650000   1.0028794      5.8572616      1.5042696      6.8405461    
   8660000   0.99469928     5.8541384      1.4919998      6.8341579    
   8670000   1.0021587      5.8305332      1.5031886      6.8260099    
   8680000   0.99467148     5.8366313      1.4919582      6.8323319    
   8690000   1.0004638      5.8534722      1.5006464      6.8357807    
   8700000   0.99945837     5.8511931      1.4991383      6.8353902    
   8710000   0.99889654     5.8505105      1.4982955      6.8417207    
   8720000   1.0038099      5.8490916      1.5056654      6.843446     
   8730000   0.99374541     5.8459205      1.4905691      6.8375965    
   8740000   1.0027793      5.838084       1.5041196      6.8353792    
   8750000   1.0004762      5.8404194      1.5006649      6.8276934    
   8760000   0.99476885     5.8333628      1.4921042      6.8312624    
   8770000   1.0038299      5.8522021      1.5056953      6.8357207    
   8780000   0.99641016     5.8502847      1.4945661      6.8365345    
   8790000   0.9965183      5.8491304      1.4947283      6.8398241    
   8800000   1.0011192      5.8524526      1.5016294      6.8369353    
   8810000   1.001012       5.8663028      1.5014686      6.8404783    
   8820000   1.0067909      5.8612108      1.5101367      6.8327091    
   8830000   1.0036565      5.8331186      1.5054353      6.8270673    
   8840000   0.99846381     5.8525654      1.4976465      6.8280535    
   8850000   0.9979225      5.8422432      1.4968345      6.8354734    
   8860000   0.99934973     5.8624682      1.4989753      6.8414332    
   8870000   0.99725461     5.8426963      1.4958327      6.8324585    
   8880000   0.99717542     5.8541755      1.4957139      6.8413019    
   8890000   1.002675       5.8487988      1.503963       6.842809     
   8900000   1.0020076      5.861922       1.5029619      6.8386371    
   8910000   0.99743937     5.8564294      1.4961099      6.840747     
   8920000   1.0037396      5.8597927      1.5055599      6.8465036    
   8930000   0.99509517     5.8531845      1.4925937      6.8412198    
   8940000   0.99338467     5.8423243      1.490028       6.8295035    
   8950000   1.0007744      5.8538464      1.5011123      6.8371678    
   8960000   0.99535021     5.8553985      1.4929762      6.8391554    
   8970000   1.0024106      5.835912       1.5035664      6.8288628    
   8980000   0.99452453     5.8473175      1.4917377      6.8387122    
   8990000   1.0009798      5.8547093      1.5014204      6.8375618    
   9000000   1.0075121      5.8559015      1.5112184      6.8417533    
   9010000   1.002205       5.8548328      1.503258       6.8380323    
   9020000   0.99951348     5.8508779      1.4992209      6.8347691    
   9030000   1.0054135      5.8441186      1.5080706      6.836621     
   9040000   1.0087327      5.8413142      1.5130493      6.8365907    
   9050000   1.0003949      5.8318713      1.5005429      6.831637     
   9060000   1.0007535      5.8557725      1.5010809      6.8292432    
   9070000   1.0007449      5.8361822      1.501068       6.8270569    
   9080000   1.0050733      5.8444629      1.5075604      6.8323608    
   9090000   1.0066808      5.8511047      1.5099715      6.8392991    
   9100000   1.0023298      5.8378009      1.5034453      6.8352018    
   9110000   0.99426068     5.8470505      1.491342       6.8379355    
   9120000   1.0024323      5.840828       1.503599       6.8285127    
   9130000   0.99356037     5.8564156      1.4902915      6.8390906    
   9140000   0.99775339     5.826042       1.4965809      6.8344927    
   9150000   1.006596       5.8392412      1.5098444      6.838866     
   9160000   1.0094125      5.8426422      1.514069       6.8336281    
   9170000   1.0071659      5.8401884      1.5106991      6.8360869    
   9180000   0.99788609     5.8464578      1.4967799      6.8385452    
   9190000   0.99465446     5.8330495      1.4919326      6.8367354    
   9200000   1.0063842      5.8358839      1.5095267      6.8410772    
   9210000   1.0033066      5.8303954      1.5049103      6.827495     
   9220000   0.99705335     5.8355147      1.4955308      6.8349466    
   9230000   1.0051473      5.8505813      1.5076714      6.8400681    
   9240000   1.0031754      5.8374686      1.5047136      6.829738     
   9250000   0.99529144     5.8379777      1.4928881      6.8272127    
   9260000   0.99803451     5.8430931      1.4970025      6.8365544    
   9270000   0.99967961     5.8373044      1.4994701      6.8264683    
   9280000   0.99255755     5.8416696      1.4887874      6.8379996    
   9290000   0.99702661     5.8490137      1.4954907      6.8402269    
   9300000   1.0045287      5.8198943      1.5067435      6.825825     
   9310000   0.99820032     5.849992       1.4972512      6.8378616    
   9320000   1.001393       5.8457838      1.50204        6.8259667    
   9330000   1.0094571      5.8522192      1.5141358      6.8405603    
   9340000   0.99998459     5.8416393      1.4999276      6.839539     
   9350000   0.99158201     5.8395254      1.4873241      6.8309214    
   9360000   1.0061465      5.8393758      1.5091702      6.8377702    
   9370000   0.99806201     5.8305         1.4970438      6.8303307    
   9380000   1.0003185      5.836057       1.5004283      6.8355704    
   9390000   1.0029455      5.8452168      1.5043688      6.837336     
   9400000   1.0045518      5.8362534      1.5067781      6.8323293    
   9410000   1.0029592      5.8450998      1.5043893      6.8255627    
   9420000   1.0002123      5.8436177      1.5002691      6.8341744    
   9430000   0.99505728     5.8384127      1.4925368      6.8372388    
   9440000   1.0065622      5.8232405      1.5097937      6.829449     
   9450000   1.0010225      5.827638       1.5014843      6.8334572    
   9460000   0.99462874     5.8325363      1.491894       6.8397804    
   9470000   1.0032467      5.8226026      1.5048206      6.8391459    
   9480000   1.0025894      5.8488804      1.5038346      6.8361394    
   9490000   1.004537       5.8447781      1.506756       6.8433741    
   9500000   1.0002723      5.8309633      1.5003591      6.8284148    
   9510000   1.000515       5.8359582      1.5007231      6.8404159    
   9520000   0.99927996     5.830819       1.4988706      6.8379323    
   9530000   0.99606035     5.8360698      1.4940414      6.8330391    
   9540000   0.99999898     5.8357074      1.4999491      6.8374025    
   9550000   1.0007789      5.8410376      1.5011191      6.8405407    
   9560000   0.99448226     5.8263509      1.4916743      6.8317528    
   9570000   1.0060625      5.836825       1.5090441      6.8362223    
   9580000   1.0079433      5.8440305      1.5118652      6.8478548    
   9590000   0.99420549     5.8243786      1.4912592      6.8402199    
   9600000   0.99867992     5.8107625      1.4979706      6.8329831    
   9610000   0.99951687     5.8310151      1.499226       6.8379085    
   9620000   1.0007341      5.8348819      1.5010517      6.8377868    
   9630000   1.0042229      5.8183745      1.5062847      6.830238     
   9640000   0.99183226     5.828345       1.4876995      6.8329409    
   9650000   1.005321       5.814831       1.5079318      6.8253902    
   9660000   1.0038297      5.8347133      1.505695       6.8457364    
   9670000   1.0040668      5.8246278      1.5060507      6.8351316    
   9680000   0.98920167     5.818005       1.4837537      6.8239911    
   9690000   0.99445383     5.8419678      1.4916317      6.8398819    
   9700000   0.99853112     5.8313552      1.4977474      6.8292816    
   9710000   1.0034845      5.8318122      1.5051772      6.830129     
   9720000   1.0014913      5.8471468      1.5021875      6.8405244    
   9730000   0.99619051     5.8485429      1.4942366      6.8395121    
   9740000   1.0002393      5.8255574      1.5003096      6.8353273    
   9750000   1.0047756      5.8387627      1.5071139      6.8371386    
   9760000   1.0046592      5.8227479      1.5069393      6.8347913    
   9770000   1.0078712      5.833729       1.5117571      6.8355615    
   9780000   0.99365454     5.8404862      1.4904328      6.8374777    
   9790000   1.0045109      5.8340486      1.5067168      6.8357532    
   9800000   0.99377377     5.8228364      1.4906116      6.8293133    
   9810000   1.0016749      5.8287781      1.5024629      6.8289041    
   9820000   0.99730689     5.8349554      1.4959111      6.8385819    
   9830000   1.0002793      5.8198968      1.5003696      6.8362396    
   9840000   0.99957282     5.812577       1.4993099      6.8317278    
   9850000   1.0005819      5.8408358      1.5008234      6.8404832    
   9860000   1.0026397      5.8324966      1.5039101      6.841612     
   9870000   0.99768511     5.8386512      1.4964784      6.8421493    
   9880000   1.0074843      5.8247322      1.5111767      6.838099     
   9890000   0.99944083     5.8181403      1.4991119      6.8302778    
   9900000   0.994132       5.8432035      1.491149       6.8369263    
   9910000   1.0020106      5.8247566      1.5029665      6.8359809    
   9920000   0.99871875     5.8210605      1.4980289      6.8363515    
   9930000   0.99266185     5.8291291      1.4889438      6.83352      
   9940000   0.99854918     5.832721       1.4977745      6.8405007    
   9950000   0.99783658     5.8444315      1.4967056      6.8411768    
   9960000   1.0052643      5.8342946      1.5078469      6.8336954    
   9970000   0.99763884     5.8318666      1.496409       6.8313758    
   9980000   0.99216594     5.8210076      1.4882         6.8289706    
   9990000   0.99779067     5.8292309      1.4966368      6.8333642    
  10000000   0.99671078     5.816127       1.495017       6.827448     
  10010000   0.99905132     5.8253936      1.4985277      6.8276136    
  10020000   0.99724991     5.845209       1.4958257      6.8373761    
  10030000   0.9986128      5.863252       1.4978699      6.8460433    
  10040000   1.0080674      5.8170425      1.5120514      6.8275465    
  10050000   0.99956517     5.8228296      1.4992985      6.8333564    
  10060000   1.0046448      5.8328905      1.5069177      6.8350422    
  10070000   1.0086929      5.8190718      1.5129896      6.8334088    
  10080000   0.99335584     5.8381341      1.4899848      6.8387236    
  10090000   1.0054146      5.8284989      1.5080723      6.8349747    
  10100000   0.99551497     5.8342416      1.4932234      6.8304059    
  10110000   1.0012025      5.8410084      1.5017544      6.8375029    
  10120000   1.0038653      5.825473       1.5057484      6.829745     
  10130000   1.0012285      5.8402253      1.5017934      6.8368572    
  10140000   1.0005668      5.8345983      1.5008008      6.8346272    
  10150000   1.0007608      5.8332829      1.5010918      6.8388174    
  10160000   0.99541452     5.8109368      1.4930727      6.8247316    
  10170000   1.0042203      5.8289374      1.5062809      6.8332288    
  10180000   0.98582309     5.8387932      1.478686       6.8368364    
  10190000   0.99488098     5.8320942      1.4922724      6.8303803    
  10200000   0.99503157     5.8329849      1.4924983      6.8279282    
  10210000   1.0081183      5.8269476      1.5121277      6.8339376    
  10220000   0.99718614     5.8308189      1.49573        6.8379954    
  10230000   0.99713763     5.8371611      1.4956573      6.8390146    
  10240000   1.0006466      5.839404       1.5009205      6.8415915    
  10250000   1.0037046      5.8363397      1.5055074      6.8382035    
  10260000   1.0145455      5.8384852      1.5217681      6.8345251    
  10270000   0.99657646     5.8400947      1.4948155      6.8327233    
  10280000   0.99838928     5.8230439      1.4975347      6.8299452    
  10290000   0.99630016     5.8295069      1.4944011      6.8370477    
  10300000   0.99134794     5.830121       1.486973       6.8388095    
  10310000   1.0012371      5.8273185      1.5018062      6.841859     
  10320000   0.99621595     5.8113994      1.4942748      6.8375712    
  10330000   1.0034332      5.8194908      1.5051003      6.8341026    
  10340000   1.0104841      5.8276952      1.5156763      6.8346577    
  10350000   0.99235628     5.838579       1.4884855      6.8329464    
  10360000   0.99481183     5.8327679      1.4921687      6.827991     
  10370000   1.0016714      5.8335734      1.5024576      6.830984     
  10380000   0.99411881     5.8361488      1.4911292      6.83047      
  10390000   0.99711873     5.8550189      1.4956289      6.8402218    
  10400000   1.0019869      5.8445552      1.5029309      6.8395807    
  10410000   0.99824266     5.8449577      1.4973147      6.8358277    
  10420000   1.0035526      5.8622171      1.5052793      6.8442295    
  10430000   0.99812364     5.8386215      1.4971362      6.8306703    
  10440000   0.99930336     5.8349547      1.4989057      6.8301412    
  10450000   0.99206879     5.8307118      1.4880542      6.8282751    
  10460000   1.0017947      5.8275518      1.5026426      6.8308656    
  10470000   1.0000347      5.8302981      1.5000027      6.8292766    
  10480000   0.9951387      5.8397139      1.492659       6.8440771    
  10490000   1.0105477      5.8503585      1.5157717      6.8422908    
  10500000   0.99875721     5.8436768      1.4980865      6.8376709    
  10510000   0.99495759     5.8218027      1.4923873      6.8317044    
  10520000   0.99986725     5.826571       1.4997515      6.8315051    
  10530000   0.99696766     5.8378253      1.4954023      6.8391088    
  10540000   0.99852175     5.8184295      1.4977334      6.8313396    
  10550000   1.0042021      5.8052966      1.5062537      6.826093     
  10560000   0.99913361     5.8222651      1.4986511      6.839957     
  10570000   1.0028378      5.8220027      1.5042072      6.8395415    
  10580000   1.0000684      5.8336299      1.5000533      6.8380754    
  10590000   0.99593663     5.8294561      1.4938558      6.8441835    
  10600000   1.0025489      5.8236114      1.5037739      6.8331832    
  10610000   0.99782217     5.8226134      1.496684       6.8317562    
  10620000   0.99421648     5.8306337      1.4912757      6.8398099    
  10630000   1.0051614      5.8321279      1.5076925      6.8387064    
  10640000   0.99444865     5.8192726      1.4916239      6.8386203    
  10650000   1.0059911      5.8164034      1.5089371      6.8379347    
  10660000   1.0061007      5.8144234      1.5091014      6.8305309    
  10670000   0.99837926     5.8435221      1.4975196      6.844677     
  10680000   0.99989371     5.8213008      1.4997912      6.8352741    
  10690000   0.99781812     5.8265225      1.496678       6.836411     
  10700000   0.99592186     5.8301954      1.4938337      6.8310636    
  10710000   0.98856804     5.8179757      1.4828033      6.83127      
  10720000   1.0054367      5.8588306      1.5081055      6.8407232    
  10730000   1.0052946      5.8399267      1.5078922      6.8386931    
  10740000   1.0006555      5.8283825      1.5009338      6.8356451    
  10750000   0.99815494     5.8341627      1.4971832      6.8370187    
  10760000   0.99458683     5.8249236      1.4918312      6.8346765    
  10770000   1.0063581      5.82792        1.5094875      6.8338359    
  10780000   1.0048503      5.8451463      1.5072259      6.8313668    
  10790000   0.9999066      5.8368294      1.4998106      6.8381962    
  10800000   1.000455       5.8401254      1.5006332      6.8408403    
  10810000   1.0021265      5.8411925      1.5031403      6.8344133    
  10820000   0.99380855     5.83895        1.4906638      6.8375591    
  10830000   0.99508081     5.8341724      1.4925721      6.8318116    
  10840000   1.0057721      5.839053       1.5086086      6.8396685    
  10850000   1.0050646      5.833448       1.5075473      6.8329258    
  10860000   1.0068959      5.8328314      1.5102942      6.8373825    
  10870000   0.99354089     5.8261104      1.4902623      6.8356054    
  10880000   1.0031291      5.8340941      1.5046442      6.8373034    
  10890000   1.0024035      5.8271874      1.5035558      6.8312611    
  10900000   0.99787058     5.8369553      1.4967566      6.8371303    
  10910000   1.0028263      5.8435905      1.50419        6.8375519    
  10920000   0.99811763     5.8287247      1.4971272      6.8327746    
  10930000   1.0037677      5.8227172      1.505602       6.8309042    
  10940000   0.99199313     5.8373677      1.4879408      6.8358337    
  10950000   0.98805986     5.8357202      1.482041       6.8331416    
  10960000   0.99848933     5.8468275      1.4976847      6.8286554    
  10970000   0.99486624     5.8303593      1.4922503      6.8262628    
  10980000   0.99318056     5.8479177      1.4897218      6.8430225    
  10990000   0.99581878     5.8451589      1.493679       6.8362115    
  11000000   0.99248298     5.8321857      1.4886755      6.834334     
  11010000   0.99732247     5.8415496      1.4959345      6.8359962    
  11020000   0.99716683     5.8433386      1.4957011      6.8347317    
  11030000   0.99583234     5.8300121      1.4936994      6.8355489    
  11040000   1.0080173      5.8250508      1.5119762      6.8274983    
  11050000   0.999581       5.8272738      1.4993222      6.8278264    
  11060000   1.0039107      5.8250056      1.5058166      6.8211297    
  11070000   1.0123943      5.8365675      1.5185415      6.8321736    
  11080000   1.0006824      5.8442493      1.5009742      6.8375204    
  11090000   0.98731427     5.8330094      1.4809227      6.835622     
  11100000   0.99868488     5.8341439      1.497978       6.8317252    
  11110000   0.99029216     5.8330457      1.4853894      6.834141     
  11120000   1.0006417      5.843443       1.5009132      6.8382355    
  11130000   1.0034772      5.8443852      1.5051663      6.8387475    
  11140000   1.0018323      5.826905       1.5026991      6.8313365    
  11150000   1.0049533      5.837256       1.5073803      6.8333669    
  11160000   0.99776619     5.8372429      1.4966001      6.8385476    
  11170000   1.0026994      5.8312875      1.5039996      6.8362049    
  11180000   1.000395       5.8246195      1.5005432      6.8347517    
  11190000   0.99997958     5.8325612      1.49992        6.8396055    
  11200000   1.0030001      5.8511597      1.5044506      6.8408265    
  11210000   0.99830905     5.838168       1.4974143      6.8374544    
  11220000   1.0082325      5.8388972      1.512299       6.8409451    
  11230000   1.0001115      5.8384872      1.5001179      6.8378289    
  11240000   0.99417571     5.8286772      1.4912145      6.8268191    
  11250000   0.99911959     5.8462156      1.4986301      6.8434545    
  11260000   0.99821963     5.833564       1.4972802      6.8400272    
  11270000   1.0077784      5.8167629      1.5116179      6.8350488    
  11280000   0.99957937     5.8234328      1.4993197      6.8285944    
  11290000   1.0008511      5.8244244      1.5012273      6.8276469    
  11300000   0.99575456     5.8489525      1.4935827      6.842948     
  11310000   0.99332424     5.8281247      1.4899374      6.8344132    
  11320000   1.0057427      5.8297236      1.5085644      6.8328222    
  11330000   1.0044776      5.820843       1.5066668      6.8319282    
  11340000   1.0050037      5.8361938      1.507456       6.8356235    
  11350000   1.0003024      5.8153182      1.5004043      6.8230813    
  11360000   1.0046343      5.8290516      1.5069018      6.8304601    
  11370000   0.99855831     5.8355497      1.4977882      6.8377457    
  11380000   0.99697633     5.8378734      1.4954153      6.8314234    
  11390000   1.0035158      5.8255664      1.5052241      6.8360754    
  11400000   1.0036457      5.8360653      1.505419       6.8380638    
  11410000   0.99559855     5.8361273      1.4933487      6.8374849    
  11420000   0.99399554     5.8264864      1.4909443      6.8349192    
  11430000   0.99837394     5.825231       1.4975117      6.8306625    
  11440000   0.99543644     5.8182616      1.4931056      6.8348202    
  11450000   0.99968783     5.8406748      1.4994824      6.8387082    
  11460000   0.99985167     5.8199103      1.4997282      6.8352089    
  11470000   1.0006724      5.8185598      1.5009592      6.8388395    
  11480000   0.99613934     5.8237716      1.4941599      6.8410292    
  11490000   0.99695653     5.8234205      1.4953856      6.8277172    
  11500000   1.0025712      5.8284067      1.5038074      6.8315295    
  11510000   1.0028832      5.8213671      1.5042754      6.8331098    
  11520000   0.99517632     5.8283081      1.4927154      6.8397987    
  11530000   1.0007871      5.8126163      1.5011313      6.8285146    
  11540000   0.99480653     5.8124576      1.4921607      6.8337204    
  11550000   1.0020315      5.8348898      1.5029978      6.8360757    
  11560000   0.99915069     5.8259561      1.4986768      6.8335729    
  11570000   0.9975756      5.8349676      1.4963142      6.8359603    
  11580000   0.99900563     5.8287816      1.4984592      6.8323612    
  11590000   1.0045482      5.8343485      1.5067727      6.836764     
  11600000   1.0076713      5.8404444      1.5114572      6.8362441    
  11610000   1.0012898      5.8318666      1.5018853      6.8364877    
  11620000   0.99414953     5.8281092      1.4911753      6.829689     
  11630000   1.0013362      5.8274838      1.5019549      6.8347395    
  11640000   0.99967374     5.8397009      1.4994613      6.8407243    
  11650000   1.0081923      5.8175794      1.5122388      6.8322239    
  11660000   1.0061908      5.8408408      1.5092365      6.8394492    
  11670000   1.0030957      5.8350942      1.5045941      6.8403313    
  11680000   0.99667696     5.8281966      1.4949663      6.8298599    
  11690000   1.0006861      5.8273127      1.5009798      6.832246     
  11700000   1.0056088      5.8403561      1.5083636      6.8347863    
  11710000   1.003157       5.8280807      1.504686       6.8339945    
  11720000   0.99554358     5.8293282      1.4932663      6.8303914    
  11730000   0.99815534     5.8512882      1.4971838      6.8427253    
  11740000   0.99968748     5.8436261      1.4994819      6.8406727    
  11750000   1.001654       5.835095       1.5024316      6.8407175    
  11760000   0.99240008     5.8286059      1.4885512      6.8333691    
  11770000   0.99887469     5.8216406      1.4982628      6.8329529    
  11780000   1.0048608      5.8231         1.5072417      6.8341747    
  11790000   0.99788905     5.8157005      1.4967844      6.8318721    
  11800000   1.0039894      5.8219084      1.5059346      6.8308903    
  11810000   1.0002409      5.8122368      1.500312       6.8288798    
  11820000   0.99853531     5.8373706      1.4977537      6.8426202    
  11830000   0.99916481     5.8162941      1.4986979      6.8332597    
  11840000   1.0040685      5.8224734      1.5060532      6.8330222    
  11850000   0.99967232     5.8169314      1.4994592      6.8294988    
  11860000   1.0060213      5.8148481      1.5089824      6.8308883    
  11870000   0.99005796     5.837916       1.4850381      6.8430108    
  11880000   1.0049743      5.8253822      1.5074119      6.829592     
  11890000   1.0066254      5.8214077      1.5098884      6.8385873    
  11900000   1.004111       5.8170375      1.5061169      6.8350725    
  11910000   0.99835541     5.8146178      1.4974839      6.8257281    
  11920000   1.0102393      5.8179383      1.5153091      6.8404375    
  11930000   0.99805277     5.8207675      1.4970299      6.8380479    
  11940000   0.99953013     5.8303246      1.4992459      6.8373999    
  11950000   0.98950057     5.8059123      1.484202       6.8345481    
  11960000   0.99676261     5.8063517      1.4950947      6.8293848    
  11970000   1.006064       5.8192288      1.5090464      6.8386524    
  11980000   1.0009297      5.824004       1.5013452      6.8338535    
  11990000   0.99891957     5.8314796      1.4983301      6.8353954    
  12000000   0.9945399      5.8289637      1.4917608      6.8385566    
  12010000   1.0076209      5.8260007      1.5113817      6.8453501    
  12020000   1.0001305      5.8232151      1.5001464      6.8284983    
  12030000   0.99483058     5.8195464      1.4921968      6.8338974    
  12040000   1.0057845      5.8264213      1.5086271      6.8384401    
  12050000   0.99008655     5.8196437      1.485081       6.8327074    
  12060000   0.99711082     5.8105006      1.495617       6.8267744    
  12070000   1.0038373      5.8185052      1.5057064      6.8354287    
  12080000   0.99822953     5.8074316      1.4972951      6.8315132    
  12090000   0.99379358     5.8221299      1.4906414      6.833112     
  12100000   0.99984033     5.8238431      1.4997112      6.8275404    
  12110000   0.9958007      5.8135598      1.4936519      6.8272635    
  12120000   0.99384129     5.8354179      1.4907129      6.8405065    
  12130000   1.0029415      5.8164705      1.5043628      6.8299777    
  12140000   1.001906       5.8137301      1.5028095      6.824808     
  12150000   0.9949805      5.8112002      1.4924217      6.8318641    
  12160000   0.99071869     5.7966881      1.4860292      6.8321485    
  12170000   1.0049311      5.8211316      1.5073471      6.831045     
  12180000   0.99845328     5.8135417      1.4976307      6.8352336    
  12190000   0.99573024     5.8100948      1.4935462      6.8310511    
  12200000   0.998017       5.8206516      1.4969763      6.8325042    
  12210000   1.0046552      5.8083991      1.5069332      6.834169     
  12220000   1.0008423      5.8170389      1.501214       6.831336     
  12230000   1.0034806      5.8007684      1.5051714      6.8304438    
  12240000   1.0000696      5.8221764      1.500055       6.8356127    
  12250000   1.0007959      5.8194544      1.5011444      6.8319164    
  12260000   1.0026354      5.8339711      1.5039036      6.8422052    
  12270000   0.9997784      5.819424       1.4996183      6.8255827    
  12280000   1.0011411      5.8334124      1.5016623      6.833044     
  12290000   1.0034288      5.8335648      1.5050937      6.8363356    
  12300000   1.0066135      5.8232045      1.5098706      6.8376833    
  12310000   0.9948041      5.8374658      1.4921571      6.8434329    
  12320000   0.99909626     5.813046       1.4985951      6.8316381    
  12330000   0.99876713     5.8180924      1.4981014      6.8315676    
  12340000   0.99173042     5.8173759      1.4875467      6.8352005    
  12350000   0.99203564     5.8227622      1.4880045      6.83721      
  12360000   0.9988845      5.8266402      1.4982775      6.8380336    
  12370000   0.99819571     5.8184164      1.4972443      6.8350104    
  12380000   1.0137732      5.8083694      1.5206098      6.8285756    
  12390000   0.99577019     5.8264865      1.4936062      6.842373     
  12400000   0.99930736     5.8107712      1.4989117      6.8321096    
  12410000   0.99456287     5.8095041      1.4917952      6.8308711    
  12420000   1.0009302      5.8124585      1.5013459      6.8346032    
  12430000   0.99375618     5.8140222      1.4905852      6.8298335    
  12440000   0.99294256     5.8127478      1.4893649      6.8377645    
  12450000   1.0070505      5.7978224      1.5105261      6.8344204    
  12460000   1.002851       5.7989084      1.504227       6.8363219    
  12470000   1.0022627      5.8011878      1.5033446      6.8307334    
  12480000   0.99629443     5.8147657      1.4943925      6.8341068    
  12490000   1.0005749      5.8121493      1.500813       6.838624     
  12500000   0.99405274     5.8255688      1.4910301      6.8411964    
  12510000   1.0003234      5.8105792      1.5004358      6.8381562    
  12520000   1.0063207      5.8076522      1.5094314      6.8339837    
  12530000   1.0004603      5.8097503      1.5006411      6.8368173    
  12540000   0.99592591     5.8155307      1.4938397      6.8308907    
  12550000   1.0019294      5.8220165      1.5028446      6.8385814    
  12560000   1.005182       5.8061855      1.5077234      6.8304162    
  12570000   1.002159       5.8301623      1.5031891      6.8395194    
  12580000   0.9990643      5.8145843      1.4985472      6.8352961    
  12590000   1.0025618      5.8205811      1.5037933      6.833376     
  12600000   1.0000432      5.8029156      1.5000154      6.834247     
  12610000   1.0098065      5.8146456      1.51466        6.8331915    
  12620000   1.0049257      5.8016092      1.507339       6.8322869    
  12630000   0.99369876     5.8087484      1.4904991      6.8368589    
  12640000   0.99762594     5.8008623      1.4963897      6.8309445    
  12650000   1.0017508      5.8184965      1.5025768      6.839592     
  12660000   0.98754613     5.8071836      1.4812705      6.8315157    
  12670000   0.99297813     5.8220047      1.4894182      6.8386333    
  12680000   0.996821       5.8165858      1.4951823      6.8353162    
  12690000   0.99168479     5.8209599      1.4874783      6.8327113    
  12700000   0.99931919     5.8192321      1.4989295      6.8331991    
  12710000   0.99247923     5.7912565      1.4886699      6.829941     
  12720000   1.0095344      5.8207443      1.5142517      6.8360625    
  12730000   1.0028318      5.8127627      1.5041982      6.8294865    
  12740000   0.99795518     5.8086497      1.4968835      6.8326323    
  12750000   0.99510074     5.8278422      1.492602       6.8398103    
  12760000   1.0013341      5.8124782      1.5019517      6.8323328    
  12770000   1.0046458      5.8094428      1.5069192      6.8305108    
  12780000   1.0095432      5.8182102      1.5142649      6.8413119    
  12790000   1.0075046      5.8239922      1.5112072      6.8386111    
  12800000   0.9974002      5.8131777      1.4960511      6.8331564    
  12810000   0.99049552     5.8145658      1.4856944      6.8311263    
  12820000   0.99439891     5.8128424      1.4915493      6.833108     
  12830000   0.9984074      5.8110314      1.4975618      6.8325639    
  12840000   0.99578355     5.8039371      1.4936262      6.8272759    
  12850000   0.99924854     5.8128486      1.4988235      6.8291243    
  12860000   0.99763775     5.8188165      1.4964074      6.8298574    
  12870000   1.0051786      5.8164455      1.5077184      6.8337242    
  12880000   0.99744039     5.8088769      1.4961114      6.839253     
  12890000   1.0041941      5.8119249      1.5062416      6.834911     
  12900000   1.002154       5.8098791      1.5031815      6.8297443    
  12910000   1.0014402      5.8145697      1.5021109      6.8342202    
  12920000   0.99674039     5.8123863      1.4950614      6.8386405    
  12930000   1.0007852      5.8338213      1.5011285      6.8448648    
  12940000   1.0061705      5.8199967      1.5092061      6.8332002    
  12950000   0.99142678     5.8274014      1.4870913      6.8385007    
  12960000   1.0039546      5.8282566      1.5058824      6.8381471    
  12970000   0.99734348     5.8122118      1.495966       6.8250811    
  12980000   0.99865901     5.8285445      1.4979393      6.8375406    
  12990000   1.0052624      5.8202336      1.507844       6.8348653    
  13000000   0.99196666     5.8216835      1.4879011      6.8296963    
  13010000   1.0031787      5.8167673      1.5047185      6.8276229    
  13020000   1.0036767      5.8236422      1.5054655      6.8379603    
  13030000   1.0041847      5.8187055      1.5062276      6.8348372    
  13040000   0.99737076     5.8070191      1.4960069      6.8366494    
  13050000   0.99629436     5.8114992      1.4943924      6.8362491    
  13060000   0.99967014     5.8109498      1.4994559      6.8480041    
  13070000   1.002956       5.8249633      1.5043846      6.8381405    
  13080000   1.0011852      5.8159589      1.5017284      6.8310511    
  13090000   0.99588002     5.8092902      1.4937709      6.8357545    
  13100000   0.99616339     5.8250572      1.4941959      6.831514     
  13110000   0.99785249     5.8009917      1.4967295      6.8299155    
  13120000   0.99833006     5.8194826      1.4974458      6.831065     
  13130000   0.99957589     5.8217143      1.4993145      6.834673     
  13140000   0.99600032     5.8180185      1.4939513      6.8351882    
  13150000   0.98929447     5.8100301      1.4838929      6.8338004    
  13160000   1.0011333      5.8183892      1.5016506      6.8311933    
  13170000   1.0011546      5.829923       1.5016825      6.8385622    
  13180000   1.0057428      5.8126437      1.5085647      6.8357324    
  13190000   1.0037371      5.8107042      1.5055562      6.8313528    
  13200000   0.99878132     5.8153874      1.4981227      6.8337515    
  13210000   1.0030199      5.8307313      1.5044803      6.8377315    
  13220000   1.0093326      5.8133416      1.5139491      6.8314905    
  13230000   1.0017312      5.806724       1.5025474      6.8361684    
  13240000   0.99767999     5.8098353      1.4964708      6.830032     
  13250000   1.0097002      5.7992855      1.5145004      6.8370186    
  13260000   0.99405955     5.7984472      1.4910403      6.8336912    
  13270000   1.0049979      5.807242       1.5074473      6.8328104    
  13280000   1.0042113      5.8026331      1.5062674      6.8415559    
  13290000   1.0043528      5.8035439      1.5064797      6.8308539    
  13300000   0.99601262     5.7979064      1.4939698      6.8306836    
  13310000   1.0017327      5.7804056      1.5025497      6.8239264    
  13320000   0.99699676     5.8220589      1.495446       6.8441151    
  13330000   1.002394       5.804984       1.5035415      6.8310334    
  13340000   1.0052154      5.8058198      1.5077735      6.8239466    
  13350000   0.99885899     5.8027045      1.4982392      6.8302595    
  13360000   1.0114918      5.810133       1.5171878      6.8288417    
  13370000   0.99974809     5.8222983      1.4995728      6.8334074    
  13380000   1.0051435      5.8255408      1.5076657      6.8325224    
  13390000   0.99713373     5.8302572      1.4956514      6.8416934    
  13400000   1.0047316      5.8298667      1.5070478      6.8351185    
  13410000   1.008832       5.8211123      1.5131982      6.8335289    
  13420000   0.99898492     5.8216439      1.4984281      6.8362414    
  13430000   1.0036509      5.8292602      1.5054268      6.8333969    
  13440000   1.0015478      5.8263295      1.5022723      6.8324772    
  13450000   1.0009647      5.8224524      1.5013977      6.8300998    
  13460000   1.0003809      5.8286538      1.500522       6.8319664    
  13470000   1.0066784      5.8352452      1.5099679      6.8366634    
  13480000   0.99674522     5.8280526      1.4950687      6.8403635    
  13490000   1.0016067      5.8312529      1.5023607      6.8388402    
  13500000   1.0045573      5.821846       1.5067863      6.832402     
  13510000   0.99709048     5.8367999      1.4955865      6.8402731    
  13520000   0.99161185     5.8146375      1.4873689      6.8327242    
  13530000   1.0076228      5.8148264      1.5113845      6.8286869    
  13540000   0.99915564     5.8178374      1.4986842      6.8281397    
  13550000   1.0016123      5.8150494      1.502369       6.8316226    
  13560000   1.003718       5.8214203      1.5055274      6.8368626    
  13570000   0.99713067     5.8275711      1.4956468      6.8329779    
  13580000   0.988888       5.8244083      1.4832832      6.8369192    
  13590000   1.0013384      5.8093205      1.5019582      6.8303501    
  13600000   0.99920991     5.822264       1.4987656      6.832573     
  13610000   0.99843682     5.8210409      1.497606       6.832299     
  13620000   0.99836206     5.8238059      1.4974938      6.8380999    
  13630000   0.99467582     5.8281303      1.4919647      6.8365383    
  13640000   1.0031682      5.8274921      1.5047028      6.8324838    
  13650000   1.0008908      5.8161728      1.5012868      6.8331794    
  13660000   1.0021757      5.7870012      1.5032141      6.8237358    
  13670000   1.0051644      5.8017449      1.5076971      6.8290312    
  13680000   0.99273704     5.796763       1.4890566      6.8323385    
  13690000   0.99862393     5.7920809      1.4978866      6.8263058    
  13700000   1.0031256      5.8189696      1.5046389      6.8357326    
  13710000   0.99766786     5.8135505      1.4964526      6.8317404    
  13720000   1.0020285      5.7970381      1.5029933      6.829896     
  13730000   1.0058945      5.8163949      1.5087922      6.8359161    
  13740000   1.0015269      5.801098       1.5022409      6.8305576    
  13750000   0.99313273     5.8100203      1.4896501      6.8322575    
  13760000   1.0071379      5.8180928      1.5106571      6.8382203    
  13770000   0.99556563     5.8180965      1.4932993      6.8372676    
  13780000   0.99674672     5.8283643      1.4950709      6.8353283    
  13790000   0.99748756     5.8015577      1.4961821      6.8308767    
  13800000   1.0035594      5.8096656      1.5052896      6.841331     
  13810000   0.99202064     5.8017729      1.487982       6.8258466    
  13820000   1.0012413      5.8235762      1.5018126      6.8302543    
  13830000   1.0026931      5.8309646      1.5039903      6.8430042    
  13840000   1.0033884      5.8317907      1.5050332      6.8369774    
  13850000   0.99751455     5.8354063      1.4962226      6.8410284    
  13860000   0.99426347     5.8121133      1.4913462      6.8331521    
  13870000   0.99677239     5.8268805      1.4951094      6.8336287    
  13880000   0.99681879     5.8268957      1.495179       6.8428684    
  13890000   0.99419504     5.812385       1.4912435      6.8345888    
  13900000   1.0029268      5.8211633      1.5043407      6.8362928    
  13910000   0.99675067     5.8069033      1.4950768      6.8359452    
  13920000   1.0006998      5.8122346      1.5010004      6.8351012    
  13930000   1.0002525      5.8114139      1.5003295      6.8406101    
  13940000   1.0057018      5.8105549      1.5085031      6.8353033    
  13950000   0.99920697     5.797446       1.4987612      6.8262998    
  13960000   1.0004184      5.8085108      1.5005783      6.8347249    
  13970000   1.0004573      5.8226266      1.5006366      6.8481211    
  13980000   1.0012108      5.7955622      1.5017668      6.8245174    
  13990000   0.99914298     5.8060308      1.4986652      6.8289774    
  14000000   0.99979099     5.8090115      1.4996372      6.8378736    
  14010000   1.0051004      5.7905045      1.507601       6.8331751    
  14020000   1.0017128      5.8102199      1.5025198      6.8419153    
  14030000   1.0041093      5.7846993      1.5061144      6.8297278    
  14040000   0.99971159     5.7975843      1.4995181      6.831792     
  14050000   0.99866269     5.7982588      1.4979448      6.8306561    
  14060000   0.99837676     5.8034528      1.4975159      6.8318491    
  14070000   0.99944137     5.8111163      1.4991128      6.839974     
  14080000   0.9968081      5.7914463      1.495163       6.8312621    
  14090000   0.99506404     5.7972891      1.492547       6.8311661    
  14100000   1.0099021      5.8097193      1.5148034      6.8312569    
  14110000   1.0027027      5.8176652      1.5040047      6.842116     
  14120000   1.0046996      5.8075518      1.5069998      6.832688     
  14130000   1.0014187      5.7964332      1.5020786      6.8299988    
  14140000   0.99610925     5.817299       1.4941147      6.8389811    
  14150000   0.9965348      5.8215288      1.494753       6.8404955    
  14160000   0.99563385     5.8197441      1.4934017      6.8335402    
  14170000   1.0036441      5.8282561      1.5054166      6.835047     
  14180000   1.0005117      5.8184771      1.5007183      6.834041     
  14190000   1.0001717      5.8082228      1.5002082      6.8295105    
  14200000   1.0004001      5.8128652      1.5005507      6.8385253    
  14210000   0.99765467     5.8215082      1.4964328      6.8379219    
  14220000   0.99590596     5.8270969      1.4938098      6.8436012    
  14230000   1.0086531      5.8215034      1.5129298      6.840066     
  14240000   0.99741794     5.8184276      1.4960777      6.8328837    
  14250000   1.0034404      5.8070394      1.5051112      6.8340088    
  14260000   1.0012211      5.8094222      1.5017823      6.8388323    
  14270000   0.99875353     5.7886632      1.498081       6.8310849    
  14280000   0.99235991     5.7932753      1.4884909      6.830109     
  14290000   1.0034339      5.7897946      1.5051014      6.8364555    
  14300000   0.99680947     5.8134733      1.495165       6.8423358    
  14310000   1.0009705      5.8086606      1.5014064      6.830415     
  14320000   0.99927402     5.8025573      1.4988617      6.8333787    
  14330000   0.99692815     5.8054324      1.495343       6.8298488    
  14340000   1.001835       5.8051961      1.5027031      6.8369067    
  14350000   0.99896426     5.8017146      1.4983971      6.8324374    
  14360000   0.99777167     5.8049082      1.4966083      6.828845     
  14370000   0.9925622      5.8080504      1.4887943      6.8341726    
  14380000   1.0002727      5.8080993      1.5003597      6.8294712    
  14390000   1.0059138      5.8167099      1.5088211      6.8452248    
  14400000   0.99694889     5.7959786      1.4953742      6.8354385    
  14410000   0.99272954     5.7914798      1.4890453      6.8341581    
  14420000   1.0041993      5.7959818      1.5062494      6.8328602    
  14430000   0.99397339     5.8119699      1.4909111      6.8366754    
  14440000   0.99944626     5.7911899      1.4991201      6.8262886    
  14450000   1.0108185      5.8065611      1.5161778      6.8287974    
  14460000   1.0045357      5.8123461      1.506754       6.8356413    
  14470000   1.0103703      5.8118994      1.5155056      6.8355489    
  14480000   1.0091752      5.8055291      1.5137131      6.8320485    
  14490000   1.008112       5.8035722      1.5121183      6.8367306    
  14500000   1.0078109      5.7948447      1.5116666      6.8301306    
  14510000   1.0057245      5.8035906      1.5085372      6.8356981    
  14520000   1.0057281      5.7930163      1.5085426      6.832394     
  14530000   0.99444856     5.7889381      1.4916238      6.8339809    
  14540000   1.0024702      5.7824966      1.5036559      6.8240334    
  14550000   0.99486436     5.7922586      1.4922475      6.8307688    
  14560000   0.99896543     5.7896916      1.4983989      6.8303855    
  14570000   0.99754729     5.7984259      1.4962717      6.8311084    
  14580000   0.99250462     5.7876079      1.488708       6.8323302    
  14590000   1.001235       5.792967       1.5018031      6.8349017    
  14600000   0.99988287     5.8048265      1.499775       6.8358805    
  14610000   1.0044488      5.8249175      1.5066237      6.8414422    
  14620000   1.0040015      5.7927556      1.5059527      6.8297217    
  14630000   1.0027537      5.8084713      1.504081       6.8375538    
  14640000   1.0069223      5.8149623      1.5103338      6.838363     
  14650000   1.0047615      5.8056895      1.5070926      6.8341385    
  14660000   1.0050434      5.8054737      1.5075156      6.8444847    
  14670000   1.0032487      5.7888828      1.5048235      6.831686     
  14680000   1.0003636      5.7920326      1.500496       6.8315892    
  14690000   0.99832763     5.7948205      1.4974422      6.8395162    
  14700000   1.0056337      5.796699       1.508401       6.8352342    
  14710000   0.9930689      5.7976953      1.4895544      6.8404568    
  14720000   1.0069731      5.7927297      1.51041        6.8292228    
  14730000   0.99938526     5.7941581      1.4990286      6.836226     
  14740000   0.99143192     5.8017799      1.487099       6.8336149    
  14750000   0.99698543     5.8007532      1.495429       6.8291386    
  14760000   1.0014648      5.8062519      1.5021478      6.8375276    
  14770000   0.99599531     5.7963066      1.4939438      6.827353     
  14780000   0.99991004     5.7949121      1.4998157      6.8292511    
  14790000   0.99110241     5.8018132      1.4866047      6.8337229    
  14800000   0.9881988      5.7906905      1.4822495      6.8236675    
  14810000   1.0020531      5.8127142      1.5030302      6.8296378    
  14820000   0.99553094     5.795268       1.4932473      6.8314104    
  14830000   1.0058883      5.7891955      1.5087829      6.8316814    
  14840000   0.99525877     5.8054463      1.4928391      6.8311527    
  14850000   0.99682299     5.8038926      1.4951853      6.8326461    
  14860000   1.0034227      5.778474       1.5050846      6.8293574    
  14870000   1.0049442      5.7901912      1.5073667      6.8347471    
  14880000   1.0033101      5.796996       1.5049157      6.8343201    
  14890000   1.004515       5.8041392      1.5067229      6.8345307    
  14900000   1.0069657      5.8059975      1.5103989      6.8275503    
  14910000   1.0058348      5.8021822      1.5087025      6.8361762    
  14920000   1.0058626      5.7998101      1.5087443      6.8376233    
  14930000   0.999479       5.7911458      1.4991692      6.8285282    
  14940000   0.99320475     5.788144       1.4897581      6.8288014    
  14950000   0.99976432     5.8086118      1.4995972      6.8363773    
  14960000   0.99968458     5.7928602      1.4994776      6.8287759    
  14970000   1.0058215      5.7889769      1.5086826      6.8327474    
  14980000   0.99451072     5.7918222      1.491717       6.8329041    
  14990000   0.9964213      5.8052235      1.4945828      6.8411451    
  15000000   0.99959295     5.7885228      1.4993401      6.832469     
  15010000   1.0096078      5.7805545      1.5143619      6.8283275    
  15020000   0.99838122     5.7872113      1.4975226      6.8304243    
  15030000   1.0058528      5.7879433      1.5087295      6.8349134    
  15040000   1.0029551      5.7884418      1.5043832      6.8325754    
  15050000   1.0046542      5.7954325      1.5069317      6.8311063    
  15060000   0.99854705     5.7974014      1.4977713      6.8296731    
  15070000   0.99995791     5.7986235      1.4998875      6.8343996    
  15080000   0.9990125      5.7925504      1.4984695      6.8302263    
  15090000   0.99906212     5.808672       1.4985439      6.8435306    
  15100000   1.0035238      5.7947974      1.5052361      6.8335666    
  15110000   1.0030518      5.8026937      1.5045282      6.8368888    
  15120000   0.99555788     5.7912541      1.4932877      6.8309222    
  15130000   1.0011647      5.8084538      1.5016976      6.8391812    
  15140000   1.0017682      5.7900991      1.5026028      6.8350403    
  15150000   1.0060149      5.8087887      1.5089727      6.8397319    
  15160000   0.99816306     5.7898811      1.4971953      6.8309302    
  15170000   1.0026544      5.780462       1.5039321      6.8260001    
  15180000   1.0019355      5.7746043      1.5028539      6.8294771    
  15190000   0.99462452     5.7896116      1.4918877      6.831171     
  15200000   1.0043853      5.7901714      1.5065284      6.8282365    
  15210000   1.0016555      5.7952856      1.5024338      6.8345556    
  15220000   0.99874264     5.7890213      1.4980647      6.8343263    
  15230000   1.0102837      5.7827892      1.5153757      6.8340858    
  15240000   1.0027403      5.7768448      1.5040609      6.8377562    
  15250000   0.99791699     5.7773318      1.4968263      6.8371126    
  15260000   0.99714197     5.7860108      1.4956638      6.8335632    
  15270000   0.99703152     5.799966       1.4954981      6.8356902    
  15280000   1.0032508      5.7812305      1.5048267      6.8256103    
  15290000   1.0002602      5.7941804      1.5003409      6.8393158    
  15300000   1.0074965      5.7791638      1.511195       6.8291131    
  15310000   0.99665331     5.7820267      1.4949308      6.8269175    
  15320000   0.99069117     5.7782901      1.4859879      6.8336039    
  15330000   0.99482631     5.7854062      1.4921904      6.8338325    
  15340000   0.99371848     5.7614164      1.4905287      6.8301399    
  15350000   1.0005309      5.7773739      1.500747       6.8270384    
  15360000   1.0084213      5.7731534      1.5125821      6.8324726    
  15370000   0.99681789     5.7746766      1.4951777      6.8342793    
  15380000   0.99802599     5.7813596      1.4969897      6.8327127    
  15390000   1.0039668      5.7872664      1.5059006      6.8333625    
  15400000   1.0036216      5.8069391      1.5053829      6.8446779    
  15410000   1.0025676      5.7831362      1.503802       6.8412574    
  15420000   1.0026669      5.7845177      1.5039509      6.8320597    
  15430000   0.99836036     5.7778199      1.4974913      6.8276142    
  15440000   0.99878484     5.7788722      1.498128       6.8278251    
  15450000   1.0019277      5.7754448      1.5028422      6.8215344    
  15460000   1.0022511      5.805635       1.5033273      6.8389629    
  15470000   0.98562943     5.7885467      1.4783955      6.8370505    
  15480000   0.99056947     5.7893746      1.4858053      6.830203     
  15490000   0.99390125     5.7989891      1.4908029      6.8304238    
  15500000   1.0045343      5.7972441      1.5067518      6.8358817    
  15510000   0.99947318     5.7940953      1.4991605      6.8308766    
  15520000   1.0023089      5.7850577      1.5034139      6.8359909    
  15530000   1.0007404      5.7850815      1.5010613      6.8355313    
  15540000   0.99636958     5.7854626      1.4945052      6.8295787    
  15550000   1.0075407      5.8088499      1.5112614      6.8338131    
  15560000   1.0005261      5.8007958      1.5007399      6.8321789    
  15570000   0.99860462     5.790733       1.4978577      6.8404812    
  15580000   1.0016742      5.7930926      1.5024618      6.833036     
  15590000   1.0081026      5.8046484      1.5121041      6.8424298    
  15600000   1.0018371      5.7938942      1.5027063      6.8346341    
  15610000   1.005298       5.7933463      1.5078974      6.8327829    
  15620000   1.0035274      5.7916446      1.5052416      6.8363022    
  15630000   1.004222       5.7878916      1.5062835      6.8312283    
  15640000   1.0102416      5.776373       1.5153125      6.8308904    
  15650000   0.99330899     5.7848111      1.4899145      6.836285     
  15660000   1.0029176      5.8022664      1.5043269      6.8310113    
  15670000   1.004944       5.7892524      1.5073665      6.8303698    
  15680000   1.0027502      5.7849353      1.5040758      6.8327673    
  15690000   0.99666687     5.7818819      1.4949511      6.8355816    
  15700000   0.9986         5.7872076      1.4978507      6.8355701    
  15710000   1.0004154      5.760011       1.5005738      6.825587     
  15720000   1.001499       5.7772436      1.5021991      6.8313481    
  15730000   0.99744154     5.7817185      1.4961131      6.840112     
  15740000   0.99675132     5.7773071      1.4950778      6.8360696    
  15750000   0.99942139     5.7759069      1.4990828      6.8331932    
  15760000   0.99922182     5.7840084      1.4987834      6.8389093    
  15770000   0.99477638     5.7816919      1.4921155      6.8306547    
  15780000   1.0034685      5.7733125      1.5051533      6.8333856    
  15790000   0.99056114     5.7737557      1.4857929      6.8339745    
  15800000   0.99792508     5.778156       1.4968384      6.8362982    
  15810000   0.99922485     5.7739243      1.498788       6.835196     
  15820000   0.9971654      5.7895217      1.4956989      6.8394406    
  15830000   1.0002702      5.7873577      1.5003559      6.8357619    
  15840000   1.005995       5.7902256      1.5089428      6.8318496    
  15850000   1.0025202      5.7966161      1.5037308      6.8344214    
  15860000   1.0078616      5.7888214      1.5117427      6.8305524    
  15870000   0.99988027     5.7850375      1.4997711      6.8340836    
  15880000   0.99852248     5.7647691      1.4977345      6.8315673    
  15890000   0.99818083     5.7760805      1.497222       6.8304283    
  15900000   0.99734277     5.7757024      1.495965       6.8355797    
  15910000   1.0023213      5.7923142      1.5034325      6.8414134    
  15920000   1.0020699      5.7859895      1.5030554      6.8391448    
  15930000   1.0039221      5.7828363      1.5058336      6.8384474    
  15940000   1.0017028      5.7736189      1.5025048      6.8335292    
  15950000   1.0008182      5.7540904      1.501178       6.8294603    
  15960000   0.99330213     5.7700606      1.4899042      6.8346057    
  15970000   0.99550962     5.7690647      1.4932153      6.8273172    
  15980000   1.0081857      5.7797506      1.5122288      6.8368368    
  15990000   1.0044822      5.7668766      1.5066737      6.8348792    
  16000000   0.99782436     5.775111       1.4966873      6.8382643    
  16010000   0.99775715     5.7732328      1.4965865      6.8294231    
  16020000   1.0007194      5.7679442      1.5010297      6.8342514    
  16030000   0.99852507     5.7667909      1.4977384      6.8304387    
  16040000   1.0130016      5.7798603      1.5194524      6.8374279    
  16050000   1.0031275      5.7654701      1.5046418      6.8347652    
  16060000   1.0034107      5.7843147      1.5050666      6.8401398    
  16070000   0.98900724     5.7993237      1.4834621      6.8383267    
  16080000   0.99657565     5.7750013      1.4948143      6.8355081    
  16090000   1.0026818      5.7651296      1.5039732      6.8340723    
  16100000   1.0069991      5.7795264      1.510449       6.8332256    
  16110000   1.0006928      5.7649804      1.5009898      6.8343069    
  16120000   0.99405074     5.7824113      1.4910271      6.8351054    
  16130000   0.9943293      5.7747708      1.4914449      6.8303189    
  16140000   1.0090923      5.7678183      1.5135886      6.8299632    
  16150000   0.99561052     5.7899869      1.4933667      6.8404089    
  16160000   1.0035856      5.7975025      1.5053289      6.8382267    
  16170000   1.004707       5.7697769      1.5070109      6.8330883    
  16180000   0.99991117     5.7693177      1.4998174      6.8314083    
  16190000   1.0039369      5.792968       1.5058558      6.8446796    
  16200000   1.0059083      5.7756557      1.5088128      6.8327662    
  16210000   0.99922401     5.7708116      1.4987867      6.8291267    
  16220000   0.99693329     5.7817157      1.4953508      6.8372271    
  16230000   1.0000862      5.7776061      1.50008        6.834499     
  16240000   1.0052246      5.7859867      1.5077873      6.8360624    
  16250000   0.9935222      5.7843606      1.4902343      6.8313788    
  16260000   0.99769563     5.774045       1.4964942      6.8334877    
  16270000   0.99973867     5.7756998      1.4995587      6.8333939    
  16280000   1.0002666      5.7810954      1.5003506      6.839989     
  16290000   1.0063943      5.7664647      1.5095418      6.8302057    
  16300000   0.98926556     5.7798575      1.4838495      6.8320001    
  16310000   1.0044417      5.7775438      1.5066129      6.8285195    
  16320000   0.99591493     5.7799138      1.4938233      6.8365752    
  16330000   1.0075419      5.783162       1.5112632      6.831155     
  16340000   1.0038993      5.7888913      1.5057994      6.8321403    
  16350000   1.0025036      5.788874       1.503706       6.833097     
  16360000   1.0012234      5.7678669      1.5017857      6.8306707    
  16370000   1.0018209      5.7742988      1.5026819      6.8269357    
  16380000   0.99471956     5.7827711      1.4920303      6.8366917    
  16390000   1.000468       5.7883528      1.5006526      6.8411334    
  16400000   1.0069569      5.7798894      1.5103856      6.8365433    
  16410000   1.0122444      5.7804841      1.5183167      6.8356621    
  16420000   1.0019686      5.7774744      1.5029035      6.8352651    
  16430000   1.001869       5.7682381      1.5027541      6.8289443    
  16440000   0.99710759     5.7726718      1.4956122      6.8332894    
  16450000   1.0002017      5.7591689      1.5002532      6.8188059    
  16460000   1.0002715      5.7743921      1.5003579      6.8291618    
  16470000   1.0030791      5.7605829      1.5045692      6.8300988    
  16480000   1.0039815      5.7622424      1.5059228      6.826889     
  16490000   0.99735388     5.7652567      1.4959816      6.8298211    
  16500000   0.99593352     5.7744002      1.4938512      6.8275991    
  16510000   0.999176       5.755336       1.4987147      6.8308628    
  16520000   1.000391       5.7627963      1.5005372      6.833526     
  16530000   0.99703266     5.7621234      1.4954998      6.8292783    
  16540000   0.99841257     5.7762858      1.4975696      6.8333028    
  16550000   0.99685576     5.7710221      1.4952345      6.8327824    
  16560000   0.99944885     5.7702151      1.499124       6.8314488    
  16570000   0.99805786     5.785001       1.4970376      6.8322592    
  16580000   1.0058198      5.7948243      1.50868        6.8433578    
  16590000   0.99526001     5.7837079      1.4928409      6.8353462    
  16600000   0.99899321     5.7732268      1.4984405      6.8371805    
  16610000   1.0066211      5.7583483      1.509882       6.8182889    
  16620000   0.99773148     5.7727918      1.496548       6.8309966    
  16630000   1.0024698      5.7630807      1.5036553      6.8293206    
  16640000   0.9945789      5.7596515      1.4918193      6.826473     
  16650000   0.99063701     5.7707862      1.4859067      6.8319935    
  16660000   1.001534       5.7595852      1.5022516      6.8260088    
  16670000   0.99970842     5.7563607      1.4995133      6.8306259    
  16680000   1.0126446      5.7693731      1.518917       6.8360742    
  16690000   0.99654503     5.7623049      1.4947684      6.8348501    
  16700000   1.0072952      5.7697165      1.5108932      6.8220977    
  16710000   0.99874132     5.7724491      1.4980627      6.8362081    
  16720000   1.0033566      5.7754367      1.5049854      6.8309954    
  16730000   0.99840188     5.7647672      1.4975536      6.829354     
  16740000   0.99577641     5.7668138      1.4936155      6.8245429    
  16750000   1.0010285      5.7733136      1.5014933      6.8381914    
  16760000   1.0039984      5.7664161      1.5059481      6.8312786    
  16770000   0.99902089     5.7765202      1.4984821      6.8388804    
  16780000   1.0138091      5.7631948      1.5206636      6.8309565    
  16790000   0.99860624     5.7705222      1.4978601      6.838566     
  16800000   1.0002075      5.7737586      1.5002619      6.8348705    
  16810000   1.0085443      5.7785784      1.5127667      6.8292977    
  16820000   0.99878293     5.7675213      1.4981251      6.8311249    
  16830000   1.0009303      5.7800934      1.5013461      6.8363213    
  16840000   1.0000288      5.7895761      1.4999938      6.8336235    
  16850000   0.99800796     5.7863712      1.4969627      6.8350525    
  16860000   0.99941854     5.7683014      1.4990785      6.8433453    
  16870000   1.0012116      5.7837588      1.5017679      6.8282512    
  16880000   1.0019754      5.784474       1.5029136      6.8282561    
  16890000   1.006052       5.7860373      1.5090283      6.8361573    
  16900000   1.0012985      5.7744311      1.5018984      6.8207341    
  16910000   1.0037247      5.7853982      1.5055376      6.8338855    
  16920000   1.0028864      5.7765407      1.5042801      6.8345055    
  16930000   1.0041801      5.7790152      1.5062206      6.830916     
  16940000   0.99669802     5.777546       1.4949979      6.8258894    
  16950000   1.0013914      5.7971573      1.5020377      6.8360211    
  16960000   1.0047331      5.7798174      1.50705        6.8269686    
  16970000   0.9978713      5.782633       1.4967577      6.8315076    
  16980000   0.99627018     5.7696616      1.4943561      6.8255319    
  16990000   0.99661372     5.7830629      1.4948714      6.835089     
  17000000   0.99823283     5.7801924      1.4973         6.8351451    
  17010000   1.0000049      5.77801        1.499958       6.8315319    
  17020000   0.99339483     5.7973678      1.4900432      6.831733     
  17030000   0.99402549     5.7910345      1.4909892      6.8298061    
  17040000   1.0077029      5.7691837      1.5115046      6.8333066    
  17050000   0.99878454     5.7741175      1.4981275      6.833446     
  17060000   1.0016864      5.7760264      1.5024801      6.8284243    
  17070000   0.99255425     5.7744053      1.4887824      6.8273593    
  17080000   0.99350474     5.7561178      1.4902081      6.8273861    
  17090000   0.99555303     5.7899862      1.4932804      6.8419062    
  17100000   1.0002649      5.7639325      1.500348       6.837417     
  17110000   1.0002712      5.7528711      1.5003574      6.8215493    
  17120000   0.99545516     5.7597205      1.4931336      6.8280791    
  17130000   1.0013311      5.7730123      1.5019473      6.8343134    
  17140000   0.99777776     5.7631275      1.4966174      6.8363124    
  17150000   0.99458596     5.7636655      1.4918299      6.8326763    
  17160000   1.0033883      5.7547909      1.5050329      6.8306654    
  17170000   0.99470548     5.7704601      1.4920092      6.8366825    
  17180000   0.99933704     5.7761529      1.4989563      6.8425897    
  17190000   1.001256       5.7722967      1.5018347      6.8282718    
  17200000   0.99344356     5.7684994      1.4901163      6.8327823    
  17210000   0.99467656     5.7500988      1.4919658      6.8391583    
  17220000   0.99808721     5.7614364      1.4970816      6.8359541    
  17230000   1.0056769      5.76453        1.5084658      6.8306834    
  17240000   1.0025331      5.7466669      1.5037501      6.8218521    
  17250000   1.000619       5.7664631      1.5008791      6.8404698    
  17260000   1.0023157      5.7677241      1.5034241      6.838819     
  17270000   1.0031695      5.7538031      1.5047048      6.824102     
  17280000   0.99345716     5.7536406      1.4901367      6.8341558    
  17290000   0.99850586     5.7662198      1.4977095      6.8334168    
  17300000   0.99604414     5.7677323      1.4940171      6.8350983    
  17310000   0.99663399     5.7667254      1.4949018      6.8303266    
  17320000   1.0029852      5.7761458      1.5044283      6.8388314    
  17330000   1.0052062      5.7615389      1.5077597      6.8318035    
  17340000   1.0012765      5.7703429      1.5018654      6.8381562    
  17350000   0.99866417     5.7651723      1.497947       6.8352462    
  17360000   1.0038762      5.7576181      1.5057649      6.8240158    
  17370000   0.99994485     5.7613704      1.499868       6.8317484    
  17380000   1.0073981      5.7604234      1.5110475      6.8302717    
  17390000   1.006122       5.7547335      1.5091334      6.8308683    
  17400000   1.0055128      5.7604735      1.5082196      6.8238413    
  17410000   0.99472196     5.7721522      1.4920339      6.8408998    
  17420000   0.99343053     5.7520359      1.4900968      6.8318176    
  17430000   0.99581142     5.7623068      1.493668       6.8348462    
  17440000   0.99739118     5.7607595      1.4960376      6.8276819    
  17450000   0.99247789     5.7700573      1.4886679      6.8382615    
  17460000   0.99608983     5.7623559      1.4940856      6.8318336    
  17470000   1.0079148      5.7484016      1.5118224      6.8293323    
  17480000   1.0026881      5.7573165      1.5039827      6.8276095    
  17490000   0.99715252     5.7571971      1.4956796      6.8330307    
  17500000   1.0052533      5.7418622      1.5078304      6.8246686    
  17510000   1.0038386      5.7394004      1.5057084      6.8225941    
  17520000   1.0019755      5.7658223      1.5029138      6.833895     
  17530000   1.0046235      5.763415       1.5068857      6.8297647    
  17540000   0.99411345     5.7623083      1.4911211      6.8351206    
  17550000   0.99156256     5.7530748      1.4872949      6.8311       
  17560000   0.99615103     5.7534308      1.4941774      6.8328705    
  17570000   0.99844774     5.7606238      1.4976224      6.8292216    
  17580000   0.99370143     5.7724759      1.4905031      6.840215     
  17590000   1.0022619      5.7611134      1.5033435      6.8343937    
  17600000   1.0002859      5.7587126      1.5003795      6.8312006    
  17610000   0.99939934     5.7712604      1.4990497      6.8392892    
  17620000   0.99792375     5.7736677      1.4968364      6.8316379    
  17630000   0.99192377     5.7567085      1.4878367      6.8319142    
  17640000   0.99676084     5.7822957      1.4950921      6.8433109    
  17650000   1.0073389      5.7639895      1.5109587      6.8325048    
  17660000   1.0092651      5.7774918      1.5138479      6.8371312    
  17670000   1.0061704      5.7659753      1.5092059      6.8350716    
  17680000   1.0016434      5.7778552      1.5024156      6.8415913    
  17690000   0.9989219      5.7873367      1.4983336      6.8378404    
  17700000   0.99051949     5.7628598      1.4857304      6.8309883    
  17710000   1.0022309      5.7740902      1.5032969      6.8355069    
  17720000   1.0086915      5.7667429      1.5129876      6.8398167    
  17730000   0.99948692     5.7730111      1.4991811      6.8386464    
  17740000   0.99689532     5.757221       1.4952938      6.8311478    
  17750000   1.0024855      5.7478589      1.5036788      6.8291306    
  17760000   0.99196396     5.7535158      1.487897       6.8250432    
  17770000   1.0045969      5.7708574      1.5068458      6.8295611    
  17780000   0.99917824     5.7689778      1.4987181      6.8335093    
  17790000   0.99797168     5.7610373      1.4969083      6.8265418    
  17800000   0.99696142     5.7749608      1.4953929      6.8342746    
  17810000   1.0003476      5.7679605      1.5004721      6.8325227    
  17820000   0.99826335     5.7605407      1.4973458      6.8297355    
  17830000   0.99634291     5.7545531      1.4944652      6.8250812    
  17840000   0.99427743     5.7547816      1.4913671      6.8273452    
  17850000   1.0039708      5.7671837      1.5059067      6.8327908    
  17860000   0.99824603     5.7605885      1.4973198      6.8281232    
  17870000   0.99899447     5.7694247      1.4984424      6.8309535    
  17880000   0.99526928     5.7602814      1.4928548      6.825183     
  17890000   1.0009435      5.7591453      1.5013658      6.8348635    
  17900000   1.0053298      5.7830448      1.5079452      6.8385067    
  17910000   1.0004991      5.7653019      1.5006993      6.8254931    
  17920000   1.0001255      5.7668709      1.5001389      6.8337221    
  17930000   1.0037809      5.7532123      1.5056219      6.8226346    
  17940000   1.0083943      5.7658892      1.5125417      6.8392478    
  17950000   0.99591073     5.7724551      1.493817       6.8327278    
  17960000   0.99993867     5.7519658      1.4998587      6.833551     
  17970000   0.99588802     5.7662879      1.4937829      6.8329696    
  17980000   1.0015467      5.7573794      1.5022706      6.8293817    
  17990000   1.0078944      5.749393       1.5117919      6.8251502    
  18000000   1.0044745      5.7556131      1.5066622      6.8242552    
  18010000   1.0057241      5.7647842      1.5085366      6.8299515    
  18020000   1.0017555      5.7612335      1.5025839      6.8343016    
  18030000   1.0034139      5.7676405      1.5050714      6.8278168    
  18040000   1.0025533      5.7542782      1.5037804      6.8341928    
  18050000   1.0084205      5.7599358      1.512581       6.8294947    
  18060000   1.0043076      5.75241        1.5064119      6.8292752    
  18070000   1.0007686      5.7495041      1.5011035      6.8296726    
  18080000   1.0006128      5.7603372      1.5008698      6.8269495    
  18090000   0.99979544     5.7637014      1.4996438      6.8373343    
  18100000   1.0016583      5.7731423      1.502438       6.8310921    
  18110000   0.99920026     5.7577595      1.4987511      6.8302355    
  18120000   0.99912438     5.7614374      1.4986373      6.8432766    
  18130000   0.99115029     5.7559375      1.4866765      6.8271196    
  18140000   1.0010029      5.7621619      1.5014549      6.8364071    
  18150000   0.9996587      5.7697738      1.4994387      6.8333953    
  18160000   0.99917149     5.760978       1.4987079      6.8336134    
  18170000   0.99797339     5.7584349      1.4969109      6.8325654    
  18180000   0.99197229     5.7607193      1.4879095      6.8324334    
  18190000   0.99722544     5.7625427      1.495789       6.8326622    
  18200000   0.99398152     5.7612547      1.4909232      6.8312606    
  18210000   1.0007832      5.7493498      1.5011254      6.8307653    
  18220000   0.99768241     5.7411866      1.4964744      6.8260955    
  18230000   0.99275007     5.7699739      1.4890761      6.8309916    
  18240000   1.0035994      5.7638137      1.5053496      6.832528     
  18250000   0.99933202     5.7664563      1.4989487      6.8349651    
  18260000   0.9978867      5.7728343      1.4967808      6.833582     
  18270000   0.99710971     5.772667       1.4956154      6.8402995    
  18280000   1.0003611      5.7669571      1.5004922      6.8306848    
  18290000   0.99618509     5.7652683      1.4942285      6.8273414    
  18300000   0.99740145     5.7637589      1.496053       6.8365591    
  18310000   0.99349959     5.782085       1.4902004      6.8337662    
  18320000   0.99214347     5.7677196      1.4881663      6.833232     
  18330000   1.0047039      5.7852289      1.5070062      6.8343295    
  18340000   0.9943297      5.770375       1.4914455      6.841039     
  18350000   1.0023147      5.7710322      1.5034225      6.8351757    
  18360000   0.99788675     5.7700756      1.4967809      6.8394607    
  18370000   0.99478485     5.7615594      1.4921282      6.8332221    
  18380000   1.0036165      5.7720471      1.5053753      6.8284628    
  18390000   1.0008171      5.7757335      1.5011763      6.8311189    
  18400000   1.0001228      5.7771227      1.5001349      6.8317098    
  18410000   1.0036241      5.7663612      1.5053867      6.8331386    
  18420000   1.0043136      5.7761239      1.5064209      6.8337361    
  18430000   0.99890543     5.771137       1.4983089      6.826044     
  18440000   0.99483001     5.7661613      1.4921959      6.8322542    
  18450000   1.0089047      5.7745273      1.5133073      6.8324571    
  18460000   0.99684696     5.7646071      1.4952213      6.8309929    
  18470000   0.99470761     5.7674896      1.4920123      6.8370226    
  18480000   1.0008426      5.7576156      1.5012145      6.8379152    
  18490000   0.99692717     5.7815974      1.4953416      6.8391353    
  18500000   0.99961875     5.7602113      1.4993788      6.8270874    
  18510000   1.0040208      5.7818331      1.5059817      6.8318314    
  18520000   1.0029586      5.7671631      1.5043885      6.8310215    
  18530000   0.99501766     5.779703       1.4924774      6.8340563    
  18540000   1.004292       5.7704871      1.5063885      6.8275834    
  18550000   1.0001294      5.7653453      1.5001448      6.8310184    
  18560000   1.0009119      5.7876033      1.5013184      6.8384668    
  18570000   0.99003926     5.7719413      1.4850101      6.8286023    
  18580000   1.0002636      5.780513       1.5003461      6.8398474    
  18590000   1.0008531      5.7635774      1.5012303      6.8311307    
  18600000   1.0008036      5.7710385      1.5011561      6.8386795    
  18610000   0.99526311     5.7676237      1.4928456      6.8401016    
  18620000   1.0003539      5.7811873      1.5004814      6.8338421    
  18630000   0.99822387     5.7791556      1.4972866      6.8344809    
  18640000   0.99818023     5.7720816      1.4972211      6.83536      
  18650000   1.0045011      5.760654       1.506702       6.8223335    
  18660000   0.99903643     5.7734552      1.4985054      6.831577     
  18670000   1.0032282      5.7653696      1.5047928      6.8282735    
  18680000   0.99285261     5.7680902      1.4892299      6.8308777    
  18690000   0.99549408     5.7673819      1.493192       6.8226468    
  18700000   1.0065361      5.7594609      1.5097546      6.8328115    
  18710000   1.0040435      5.7555981      1.5060157      6.8328304    
  18720000   1.0040117      5.744173       1.5059681      6.8247311    
  18730000   1.0104164      5.7733036      1.5155747      6.8337946    
  18740000   0.99290918     5.7768115      1.4893148      6.8396141    
  18750000   1.0107653      5.7491093      1.5160981      6.8265595    
  18760000   0.99858522     5.7631923      1.4978286      6.8299888    
  18770000   0.99704449     5.7587017      1.4955176      6.8333904    
  18780000   1.0074267      5.7682873      1.5110904      6.8400502    
  18790000   0.99977237     5.7695236      1.4996092      6.8328969    
  18800000   1.0004255      5.7696717      1.500589       6.8315157    
  18810000   0.99610198     5.7537815      1.4941038      6.8244974    
  18820000   1.0001938      5.7634625      1.5002413      6.8301372    
  18830000   1.0016276      5.7638133      1.502392       6.8301424    
  18840000   1.0023002      5.7775109      1.5034009      6.8351449    
  18850000   0.99197749     5.7556058      1.4879173      6.8256769    
  18860000   1.0041147      5.7625734      1.5061226      6.836532     
  18870000   0.99843847     5.7620572      1.4976084      6.8341063    
  18880000   0.99333383     5.7658078      1.4899517      6.8343163    
  18890000   1.0031232      5.7672325      1.5046353      6.8296894    
  18900000   0.9896095      5.7507907      1.4843654      6.8342946    
  18910000   0.99941131     5.7672621      1.4990677      6.826136     
  18920000   1.0030997      5.7635792      1.5046         6.8238196    
  18930000   0.99199723     5.7634442      1.4879469      6.8278363    
  18940000   1.0007956      5.7461121      1.5011441      6.8278723    
  18950000   1.001861       5.7646302      1.5027421      6.83785      
  18960000   1.0012146      5.7621949      1.5017725      6.8376987    
  18970000   1.0056381      5.7529367      1.5084075      6.8272909    
  18980000   0.99624627     5.7614385      1.4943203      6.8316032    
  18990000   0.9964551      5.759959       1.4946335      6.8340456    
  19000000   1.0043587      5.7807132      1.5064885      6.8423512    
  19010000   1.0030954      5.7702927      1.5045936      6.8326976    
  19020000   1.0028932      5.7595617      1.5042903      6.8303733    
  19030000   1.0011428      5.7551304      1.5016649      6.8359884    
  19040000   1.0006109      5.7503726      1.500867       6.8320412    
  19050000   0.99966737     5.7679987      1.4994517      6.8302357    
  19060000   0.99998856     5.7719346      1.4999335      6.8324915    
  19070000   1.0014632      5.7638383      1.5021454      6.8380333    
  19080000   1.000583       5.7768786      1.5008251      6.8375641    
  19090000   1.0016546      5.7543861      1.5024325      6.837006     
  19100000   1.0042849      5.7589628      1.5063779      6.8345361    
  19110000   1.0020608      5.7642692      1.5030417      6.836366     
  19120000   1.0077054      5.7658158      1.5115084      6.838627     
  19130000   0.99723172     5.7768855      1.4957984      6.8350169    
  19140000   0.99758149     5.7684486      1.496323       6.8364654    
  19150000   0.99958757     5.7695513      1.499332       6.8383269    
  19160000   1.0028994      5.7601408      1.5042996      6.8312624    
  19170000   0.99778772     5.7649967      1.4966324      6.8351545    
  19180000   1.0051754      5.7775556      1.5077135      6.8357593    
  19190000   0.99389325     5.7857068      1.4907908      6.8381044    
  19200000   1.0010385      5.774835       1.5015084      6.8416996    
  19210000   1.0006701      5.7665232      1.5009557      6.8306611    
  19220000   0.99611322     5.7732315      1.4941207      6.8323095    
  19230000   0.99762278     5.7788092      1.496385       6.8380955    
  19240000   0.99909853     5.7717646      1.4985985      6.8281025    
  19250000   1.0078709      5.7651051      1.5117567      6.8315375    
  19260000   1.0050001      5.7815081      1.5074506      6.8321905    
  19270000   1.0036242      5.769305       1.5053868      6.8342952    
  19280000   1.0001588      5.7752774      1.5001889      6.8341665    
  19290000   1.0068064      5.7670151      1.51016        6.8332653    
  19300000   1.0035456      5.7693455      1.5052689      6.8308255    
  19310000   1.0004476      5.7727488      1.500622       6.830717     
  19320000   1.0040701      5.7724406      1.5060557      6.8326023    
  19330000   1.0015035      5.7888516      1.5022059      6.8374469    
  19340000   1.0060936      5.7747456      1.5090907      6.8332552    
  19350000   0.99749563     5.7513827      1.4961942      6.826414     
  19360000   0.99736768     5.7612475      1.4960023      6.8301034    
  19370000   1.0048107      5.7592475      1.5071665      6.8262973    
  19380000   1.0008765      5.7624712      1.5012654      6.827702     
  19390000   1.0061621      5.7700434      1.5091935      6.8303075    
  19400000   0.99867572     5.7616245      1.4979643      6.8358717    
  19410000   1.0006108      5.7619206      1.5008669      6.8340309    
  19420000   0.99967891     5.7669687      1.499469       6.8393839    
  19430000   1.0002123      5.7590943      1.5002691      6.8386738    
  19440000   1.0012103      5.757306       1.5017661      6.8349828    
  19450000   1.0016343      5.7586963      1.502402       6.8326944    
  19460000   0.99381016     5.7760671      1.4906662      6.8391051    
  19470000   1.0077648      5.7759056      1.5115975      6.8347903    
  19480000   1.010447       5.766847       1.5156207      6.8387287    
  19490000   1.0105882      5.7661825      1.5158324      6.8274124    
  19500000   1.0032079      5.7745463      1.5047623      6.8373115    
  19510000   0.99866081     5.7678516      1.497942       6.8292589    
  19520000   0.99917724     5.7457425      1.4987166      6.8248792    
  19530000   1.0035072      5.7668214      1.5052113      6.8362156    
  19540000   1.0020897      5.7501213      1.5030852      6.8207903    
  19550000   1.0089482      5.7622972      1.5133725      6.8359385    
  19560000   1.0086071      5.7595985      1.5128608      6.8289317    
  19570000   1.0059258      5.7719657      1.5088391      6.8330009    
  19580000   0.99337947     5.7590703      1.4900202      6.827768     
  19590000   0.99787634     5.762986       1.4967653      6.8385642    
  19600000   1.0090208      5.7725258      1.5134814      6.8340064    
  19610000   1.0015367      5.7795536      1.5022556      6.8329212    
  19620000   0.99895422     5.7621808      1.498382       6.8325228    
  19630000   1.0050399      5.7567089      1.5075103      6.8316449    
  19640000   1.0020435      5.7719229      1.5030159      6.8370245    
  19650000   0.99522278     5.7715195      1.4927851      6.8346856    
  19660000   0.99491487     5.765897       1.4923232      6.8324711    
  19670000   0.99757192     5.7691105      1.4963087      6.8299861    
  19680000   0.99740538     5.7705261      1.4960589      6.8343351    
  19690000   0.99897721     5.7773593      1.4984165      6.8275399    
  19700000   0.99968149     5.7654848      1.4994729      6.8290683    
  19710000   0.99934987     5.7654965      1.4989755      6.8273317    
  19720000   1.0020013      5.7626524      1.5029525      6.8306245    
  19730000   0.99798234     5.7596711      1.4969243      6.8265153    
  19740000   0.9956362      5.7723714      1.4934052      6.8347076    
  19750000   0.99737295     5.7676864      1.4960102      6.8309865    
  19760000   0.99197432     5.7746472      1.4879125      6.8394008    
  19770000   1.002101       5.7678321      1.503102       6.8376911    
  19780000   1.0072046      5.763785       1.5107571      6.8348313    
  19790000   0.99341643     5.7695568      1.4900756      6.8366179    
  19800000   0.9903328      5.763          1.4854504      6.8312477    
  19810000   1.0068452      5.7727021      1.5102181      6.8295928    
  19820000   0.99835971     5.7590438      1.4974903      6.829979     
  19830000   1.002962       5.7772349      1.5043935      6.8355076    
  19840000   0.99485932     5.7593635      1.4922399      6.8298838    
  19850000   0.99895055     5.7679241      1.4983765      6.840709     
  19860000   1.0044874      5.7491535      1.5066816      6.8305191    
  19870000   1.0011118      5.7530655      1.5016183      6.8319768    
  19880000   1.0030803      5.7497465      1.5045709      6.8325378    
  19890000   1.0066835      5.7488536      1.5099756      6.8275454    
  19900000   0.98809434     5.7578114      1.4820928      6.8323918    
  19910000   1.0050808      5.7500883      1.5075716      6.8301352    
  19920000   1.0034304      5.7716398      1.505096       6.8361451    
  19930000   0.99301087     5.7657379      1.4894673      6.8340173    
  19940000   0.99991343     5.7631654      1.4998208      6.833983     
  19950000   1.0023167      5.7721408      1.5034256      6.8320397    
  19960000   0.99509308     5.7693624      1.4925905      6.837696     
  19970000   0.99549591     5.7446335      1.4931948      6.8265661    
  19980000   0.99931444     5.7655371      1.4989224      6.8355144    
  19990000   1.0049671      5.7625263      1.5074011      6.833358     
  20000000   0.99577916     5.7605048      1.4936196      6.8334433    
  20010000   1.0043516      5.7617695      1.5064778      6.8303825    
  20020000   1.0083818      5.7630525      1.5125229      6.8334974    
  20030000   0.99867496     5.7594616      1.4979632      6.8320324    
Loop time of 296774 on 1 procs for 20000000 steps with 30408 atoms

Performance: 29113.111 tau/day, 67.391 timesteps/s
99.9% CPU use with 1 MPI tasks x 1 OpenMP threads

MPI task timing breakdown:
Section |  min time  |  avg time  |  max time  |%varavg| %total
---------------------------------------------------------------
Pair    | 1.963e+05  | 1.963e+05  | 1.963e+05  |   0.0 | 66.15
Bond    | 12129      | 12129      | 12129      |   0.0 |  4.09
Neigh   | 48454      | 48454      | 48454      |   0.0 | 16.33
Comm    | 1266.5     | 1266.5     | 1266.5     |   0.0 |  0.43
Output  | 3.1278     | 3.1278     | 3.1278     |   0.0 |  0.00
Modify  | 36819      | 36819      | 36819      |   0.0 | 12.41
Other   |            | 1800       |            |       |  0.61

Nlocal:          30408 ave       30408 max       30408 min
Histogram: 1 0 0 0 0 0 0 0 0 0
Nghost:          10096 ave       10096 max       10096 min
Histogram: 1 0 0 0 0 0 0 0 0 0
Neighs:    1.02581e+06 ave 1.02581e+06 max 1.02581e+06 min
Histogram: 1 0 0 0 0 0 0 0 0 0

Total # of neighbors = 1025811
Ave neighs/atom = 33.734905
Ave special neighs/atom = 1.8942384
Neighbor list builds = 889316
Dangerous builds = 0

write_data data*.xyz
System init for write_data ...
Generated 0 of 6 mixed pair_coeff terms from geometric mixing rule
WARNING: Not all mixed pair coeffs generated from mixing. Use write_data with 'pair ij' option to store all pair coeffs. (src/write_data.cpp:309)
write_restart 	restart.polymer_ring
System init for write_restart ...
Generated 0 of 6 mixed pair_coeff terms from geometric mixing rule

print "ALL done"
ALL done
Total wall time: 82:28:38
